frequency_hz,amplitude
0.0,0.0011018727974031453
0.08333333333333333,0.0013020303395342896
0.16666666666666666,0.001375626385735594
0.25,0.0014472739816167206
0.3333333333333333,0.001329076719539967
0.41666666666666663,0.001561241511821061
0.5,0.0016259179321146762
0.5833333333333333,0.0022701331430213722
0.6666666666666666,0.003386658519334358
0.75,0.0024697840876665386
0.8333333333333333,0.0017729667464700819
0.9166666666666666,0.00037196030105979635
1.0,0.001260700062776005
1.0833333333333333,0.0016465924190070742
1.1666666666666665,0.0004715144282870807
1.25,0.0008369183195924782
1.3333333333333333,0.0015150743752627108
1.4166666666666665,0.0020141345271299208
1.5,0.0005804910383014137
1.5833333333333333,0.0014506393967314041
1.6666666666666665,0.0006613672684956781
1.75,0.00035237327498156585
1.8333333333333333,0.0010848556976699745
1.9166666666666665,0.001549274892223361
2.0,0.0008343677345961972
2.083333333333333,0.0002365101411821878
2.1666666666666665,0.0011971357902421736
2.25,0.0020871371174144174
2.333333333333333,0.0002633000129672725
2.4166666666666665,0.0014779771589283643
2.5,0.0013547625795535053
2.583333333333333,0.0013494266414372832
2.6666666666666665,0.0014729843610156708
2.75,0.0018059318418783155
2.833333333333333,0.0016512215162266938
2.9166666666666665,0.0005795014217829968
3.0,0.0007854317581661302
3.083333333333333,0.0022878317495414616
3.1666666666666665,0.0015642620356945069
3.25,0.00046552065909297164
3.333333333333333,0.0008745975214818058
3.4166666666666665,0.0010208842534370427
3.5,0.0016030942488956615
3.583333333333333,0.00283750381076349
3.6666666666666665,0.0031724217294049127
3.75,0.002126086870159129
3.833333333333333,0.0007443054687659311
3.9166666666666665,0.00110816647278827
4.0,0.0011230522222237444
4.083333333333333,0.001708861557734794
4.166666666666666,0.0017644115589544413
4.25,0.001252107322371955
4.333333333333333,0.001378924371905599
4.416666666666666,0.0008948107058977674
4.5,0.0007237899935412105
4.583333333333333,0.0011012413303702257
4.666666666666666,0.0008986244326663652
4.75,0.0017369465925656242
4.833333333333333,0.0005072708391182913
4.916666666666666,0.0017660194276625937
5.0,0.0009643249771078488
5.083333333333333,0.0008084594289431246
5.166666666666666,0.0005010506151548977
5.25,0.0010304032062364475
5.333333333333333,0.0014658226160691329
5.416666666666666,0.0008845494338356265
5.5,0.002209436642378086
5.583333333333333,0.0015416905636500844
5.666666666666666,0.0029204581781387007
5.75,0.003135913386355382
5.833333333333333,0.0014041334535523835
5.916666666666666,0.00031833228459545896
6.0,0.001743172279904336
6.083333333333333,0.0018387543623706983
6.166666666666666,0.00037952230443155226
6.25,0.0018696022766959291
6.333333333333333,0.0028182377932338843
6.416666666666666,0.0012109191954759236
6.5,0.0011603910366840837
6.583333333333333,0.0006014189674586379
6.666666666666666,0.0019864836486509514
6.75,0.0020165758275354946
6.833333333333333,0.001272255952918564
6.916666666666666,0.0006141663894560314
7.0,0.0016802815080634464
7.083333333333333,0.0026338047858814185
7.166666666666666,0.003309480778302892
7.25,0.0026240893570970663
7.333333333333333,0.0018678728378708532
7.416666666666666,0.002651519885967222
7.5,0.0018655624704374363
7.583333333333333,0.0012929274660442287
7.666666666666666,0.0015745392004259597
7.75,0.001993304223541177
7.833333333333333,0.00245398015247841
7.916666666666666,0.0021845635022131726
8.0,0.0014435547372556065
8.083333333333332,0.0009738181810126062
8.166666666666666,0.0006440249866121486
8.25,0.0016667650467887235
8.333333333333332,0.0013546612831001773
8.416666666666666,0.0010145487484512301
8.5,7.790212686448994e-05
8.583333333333332,0.0008828568457914124
8.666666666666666,0.0009744704245971561
8.75,0.0019588312660144187
8.833333333333332,0.002691777259585584
8.916666666666666,0.0016676555702553276
9.0,0.0008798211732500429
9.083333333333332,0.001500464809086768
9.166666666666666,0.00033436159850722927
9.25,0.0011610636191332453
9.333333333333332,0.0012148794843261045
9.416666666666666,0.004262837661915001
9.5,0.0026942468871076187
9.583333333333332,0.0015674807604637063
9.666666666666666,0.0015316539006851894
9.75,0.001724033352124035
9.833333333333332,0.001791706025272574
9.916666666666666,0.002319976113562869
10.0,0.0019139039934496303
10.083333333333332,0.0015516681999349238
10.166666666666666,0.001175013952340577
10.25,0.0001360630114062528
10.333333333333332,0.0001594449610142535
10.416666666666666,0.0011171637544212262
10.5,0.00015486755713591902
10.583333333333332,0.0013843205403287514
10.666666666666666,0.0014652664964377477
10.75,0.0014591552816301363
10.833333333333332,0.0012763928419717646
10.916666666666666,0.0019083186489490189
11.0,0.0017345183803780502
11.083333333333332,0.0009095104123835729
11.166666666666666,0.0009245051841249675
11.25,0.001288479131901378
11.333333333333332,0.0011171061134373278
11.416666666666666,0.0013813252415400482
11.5,0.0012749619540507158
11.583333333333332,0.0007545864622484576
11.666666666666666,0.0020877158277620364
11.75,0.0031052643366637806
11.833333333333332,0.002224119609929258
11.916666666666666,0.0007613981475350256
12.0,0.001140716732129427
12.083333333333332,0.0008883111158694884
12.166666666666666,0.0019572452264828145
12.25,0.002994206509821704
12.333333333333332,0.002691494917246365
12.416666666666666,0.001529202624105474
12.5,0.0004350534616472356
12.583333333333332,0.0019467879658590845
12.666666666666666,0.0021060539988270737
12.75,0.002093114782133407
12.833333333333332,0.003143770949585116
12.916666666666666,0.0032973546435784663
13.0,0.001738882911042919
13.083333333333332,0.00028876920188249507
13.166666666666666,0.002338452947697631
13.25,0.002135850504661912
13.333333333333332,0.0006072163454005381
13.416666666666666,0.0018731344491522337
13.5,0.001995835509082522
13.583333333333332,0.0015642057709273451
13.666666666666666,0.0006648701236175953
13.75,0.0005534756317020031
13.833333333333332,0.0015139697717784987
13.916666666666666,0.0006710896869536656
14.0,0.00031190816573075465
14.083333333333332,0.0015247162313182104
14.166666666666666,0.0016742939340591103
14.25,0.0009892336355173737
14.333333333333332,0.0022765503727910524
14.416666666666666,0.0010135717903852009
14.5,0.0013259567934294635
14.583333333333332,0.0005726431376082907
14.666666666666666,0.002239121020625865
14.75,0.002303270457516053
14.833333333333332,0.0016475763775400244
14.916666666666666,0.0013409508467556092
15.0,0.002319658122101683
15.083333333333332,0.00129755468084941
15.166666666666666,0.0016528196807046654
15.25,0.0015500468705507131
15.333333333333332,0.0013015967816061775
15.416666666666666,0.0010858162704066301
15.5,0.0003969696789993616
15.583333333333332,0.0022172793630333624
15.666666666666666,0.0025428316298061623
15.75,0.0015690820331845455
15.833333333333332,0.0008850432209860273
15.916666666666666,0.0013942184720926272
16.0,0.0013153143121676478
16.083333333333332,0.0014244066236189083
16.166666666666664,0.0019085596445997733
16.25,0.002100817258701442
16.333333333333332,0.002135833163147977
16.416666666666664,0.0004231411694909102
16.5,0.00114885379204596
16.583333333333332,0.0021963012990949475
16.666666666666664,0.00023893150244213036
16.75,0.0022709688803233194
16.833333333333332,0.001785980348161646
16.916666666666664,0.001368709710948464
17.0,0.0007561408720140376
17.083333333333332,0.0005906619838158588
17.166666666666664,0.0008932808458279948
17.25,0.001399524713574405
17.333333333333332,0.0009989660901214724
17.416666666666664,0.0008959444234984856
17.5,0.0013472007432989816
17.583333333333332,0.0012357602809096393
17.666666666666664,0.0008487729394474462
17.75,0.0014815322002147751
17.833333333333332,0.001639661223295044
17.916666666666664,0.0017933909841732138
18.0,0.0021093426597625555
18.083333333333332,0.0015426679069261548
18.166666666666664,0.0006429641018975681
18.25,0.0005528200414367764
18.333333333333332,0.00010798074146768152
18.416666666666664,0.0013156114053798772
18.5,0.001873347575753194
18.583333333333332,0.0011521060957551902
18.666666666666664,0.0002490776198318044
18.75,0.0002530832149327783
18.833333333333332,0.001856474512418345
18.916666666666664,0.0026760819676474408
19.0,0.001328440539545331
19.083333333333332,0.00019212791480252895
19.166666666666664,0.0011109076946434224
19.25,0.0007641310317751421
19.333333333333332,0.0015635093169988129
19.416666666666664,0.000987555164478784
19.5,0.0010403237572658046
19.583333333333332,0.0017963344594946068
19.666666666666664,0.0032131976416423084
19.75,0.0017373985305587597
19.833333333333332,0.0014287961415664803
19.916666666666664,0.0029922635552730044
20.0,0.0036675470966173935
20.083333333333332,0.0031902381493798693
20.166666666666664,0.0007219274746252284
20.25,0.002463948897815625
20.333333333333332,0.0017188431637253146
20.416666666666664,0.0008519612962277241
20.5,0.001460424597474979
20.583333333333332,0.0011580077493051795
20.666666666666664,0.001120984112977364
20.75,0.00048355076959401933
20.833333333333332,0.001532206598361407
20.916666666666664,0.001474240411857848
21.0,0.0014377974078052577
21.083333333333332,0.002205845833829755
21.166666666666664,0.0023987335912825174
21.25,0.0012483740803657629
21.333333333333332,0.00048019288308199696
21.416666666666664,0.0005681112236426931
21.5,0.0015192105683301527
21.583333333333332,0.002178233027968713
21.666666666666664,0.00030842840351715965
21.75,0.0007368068822189725
21.833333333333332,0.0011898403700012841
21.916666666666664,0.0023492687835881963
22.0,0.002680440976881183
22.083333333333332,0.0015582415109061938
22.166666666666664,0.0006420951747282466
22.25,0.0015951824383354128
22.333333333333332,0.0027744881684782846
22.416666666666664,0.0012971821854292703
22.5,0.0011158148967888924
22.583333333333332,0.0011481019148978657
22.666666666666664,0.0021491323697816127
22.75,0.003158468901387428
22.833333333333332,0.0031423487333400234
22.916666666666664,0.0011882513863591439
23.0,0.0008634254734575402
23.083333333333332,0.0010164950930933595
23.166666666666664,0.0003876648573094896
23.25,0.0005767271631556134
23.333333333333332,0.0007167273945705482
23.416666666666664,0.00094170479284951
23.5,0.0016244216813068794
23.583333333333332,0.0014044094816277842
23.666666666666664,0.001235093896272778
23.75,0.0008515752343594531
23.833333333333332,0.0013251067806085085
23.916666666666664,0.0014388472792829237
24.0,0.002267408455782835
24.083333333333332,0.0020498412589580687
24.166666666666664,0.00240000769259801
24.25,0.001487044174838951
24.333333333333332,0.0003743401682727942
24.416666666666664,0.001088765204160812
24.5,0.002310209167049567
24.583333333333332,0.0019606589017924707
24.666666666666664,0.004630843148733658
24.75,0.0033923250057687647
24.833333333333332,0.001194147387713309
24.916666666666664,0.001917872114594754
25.0,0.0016833336821851352
25.083333333333332,0.001030511061537437
25.166666666666664,0.0005436750285373104
25.25,0.000849948833224765
25.333333333333332,0.0017204908892604685
25.416666666666664,0.0010878947271054122
25.5,0.0008579955349265549
25.583333333333332,0.0016850508476728588
25.666666666666664,0.0022251693916398533
25.75,0.001855480130553087
25.833333333333332,0.001671487256949373
25.916666666666664,0.0027818680364025843
26.0,0.0019365403639538831
26.083333333333332,0.0013005202769015463
26.166666666666664,0.0019838717482742294
26.25,0.0018575201763389399
26.333333333333332,0.0009241512783828658
26.416666666666664,0.0024315239054947648
26.5,0.0012852939081429964
26.583333333333332,0.0005804393119671862
26.666666666666664,0.0015653555451891018
26.75,0.002700520742817286
26.833333333333332,0.0015349967636654805
26.916666666666664,0.0009707638047160549
27.0,0.0015832048372845823
27.083333333333332,0.0017791603476828373
27.166666666666664,0.002192204405971683
27.25,0.0023806479781553237
27.333333333333332,0.0005196458972229217
27.416666666666664,0.0006438035195677851
27.5,0.001236936214844096
27.583333333333332,0.0009683193647022531
27.666666666666664,0.0007649543337923485
27.75,0.0012686890819993482
27.833333333333332,0.0018795123754941985
27.916666666666664,0.002193644434113428
28.0,0.0007917507934324577
28.083333333333332,0.0013443390450843602
28.166666666666664,0.0018182942534628935
28.25,0.0017486821676360887
28.333333333333332,0.0013257277458282857
28.416666666666664,0.0012762984099619025
28.5,0.0008350350413026515
28.583333333333332,0.0013486611655291933
28.666666666666664,0.001966687753141578
28.75,0.002464199541959273
28.833333333333332,0.0010563393916855396
28.916666666666664,0.0005287259586082416
29.0,0.0013251503466750814
29.083333333333332,0.001337498882442396
29.166666666666664,0.001174330652196327
29.25,0.0023721395817618255
29.333333333333332,0.0018837726854715453
29.416666666666664,0.001865170791391358
29.5,0.0011379232343641042
29.583333333333332,0.0006553961786058192
29.666666666666664,0.0014685492877818617
29.75,0.0005153487341595668
29.833333333333332,0.001985088083451085
29.916666666666664,0.0010133081459833709
30.0,0.0006142112595579839
30.083333333333332,0.0016352029775762748
30.166666666666664,0.0005799245786092382
30.25,0.0015551814623841287
30.333333333333332,0.0018000023231550578
30.416666666666664,0.0013783550933797926
30.5,0.0008107054429587795
30.583333333333332,0.0010034678438627194
30.666666666666664,0.0016244902921400115
30.75,0.0010673873378122876
30.833333333333332,0.0015473623545362854
30.916666666666664,0.0023527511551208065
31.0,0.0018435095598347763
31.083333333333332,0.001045316472870171
31.166666666666664,0.0014729019329857206
31.25,0.0012615512395374078
31.333333333333332,0.00031697493128346
31.416666666666664,0.0007554951563138452
31.5,0.00135960693975937
31.583333333333332,0.0011036125742996217
31.666666666666664,0.0016539865512882551
31.75,0.0025704396972735036
31.833333333333332,0.00153280488643859
31.916666666666664,0.0018646299252055615
32.0,0.0007477017541573117
32.08333333333333,0.0012242879557588123
32.166666666666664,0.0011529507560435902
32.25,0.0015658247878056922
32.33333333333333,0.0017367632761273039
32.416666666666664,0.0009152372205556087
32.5,0.00029062526901809505
32.58333333333333,0.0005133529175157315
32.666666666666664,0.000960447220434134
32.75,0.0008589205789400648
32.83333333333333,0.0009837567180102239
32.916666666666664,0.0011774190711089751
33.0,0.0008704092014978869
33.08333333333333,0.0014998283948103573
33.166666666666664,0.0011214305762389145
33.25,0.0017053346845378836
33.33333333333333,0.002182750698889773
33.416666666666664,0.0022030373131007577
33.5,0.0014136845963843947
33.58333333333333,0.0013740310849035425
33.666666666666664,0.0008615093500166745
33.75,0.0008050364206870576
33.83333333333333,0.0008087030778926302
33.916666666666664,0.002149285322316972
34.0,0.0024140079648002242
34.08333333333333,0.0011823667983286966
34.166666666666664,0.0005581830461178327
34.25,0.00024491587704123863
34.33333333333333,0.0006228305025708089
34.416666666666664,0.0008367334157746319
34.5,0.001607486660431204
34.58333333333333,0.0016101106858832696
34.666666666666664,0.0016143465896746923
34.75,0.0018744170086784822
34.83333333333333,0.0020085969295475896
34.916666666666664,0.0024796374831666653
35.0,0.0027332290494753984
35.08333333333333,0.001930408824461434
35.166666666666664,0.0014323216437216247
35.25,0.0016123059070224533
35.33333333333333,0.001610241513061721
35.416666666666664,0.0010271989403047384
35.5,0.000839547330535765
35.58333333333333,0.0022140087287295675
35.666666666666664,0.002321168395386568
35.75,0.000689810347554981
35.83333333333333,0.0014505843262489092
35.916666666666664,0.0020456785026819885
36.0,0.0019323085583118917
36.08333333333333,0.0012342585589957113
36.166666666666664,0.0016245275674199183
36.25,0.0013933238023189228
36.33333333333333,0.0015181552732086603
36.416666666666664,0.0004561950814390657
36.5,0.0009653759306082765
36.58333333333333,0.0008091340998129789
36.666666666666664,0.0014975284550387553
36.75,0.0019931463811081614
36.83333333333333,0.0009405609147239833
36.916666666666664,0.0009203549702474669
37.0,0.0007655884486186448
37.08333333333333,0.001633417754891349
37.166666666666664,0.0021435414608277606
37.25,0.0010907521075272145
37.33333333333333,0.0013233613767261719
37.416666666666664,0.0016342370802492124
37.5,0.0012264016860417642
37.58333333333333,0.0001604686786973763
37.666666666666664,0.0010615282797576161
37.75,0.000791869674374968
37.83333333333333,0.0017354961902955723
37.916666666666664,0.002302245240420486
38.0,0.00028611490668428437
38.08333333333333,0.0007129557566454293
38.166666666666664,0.0007103860558283257
38.25,0.0006519434025104858
38.33333333333333,0.0006336817940921754
38.416666666666664,0.0016537293181110317
38.5,0.001569134469182669
38.58333333333333,0.0009108704404872681
38.666666666666664,0.000490229990393087
38.75,0.000513977604114578
38.83333333333333,0.0003940732511780184
38.916666666666664,0.0003866928520741503
39.0,0.001462433886003683
39.08333333333333,0.0015060859293257167
39.166666666666664,7.23755353615892e-05
39.25,0.0014554925490817894
39.33333333333333,0.0010116202030089581
39.416666666666664,0.0004712145657375566
39.5,0.0009652395410504268
39.58333333333333,0.0007637555222064888
39.666666666666664,0.0009894962583177256
39.75,0.0006551855574822089
39.83333333333333,0.0006179005260600924
39.916666666666664,0.0009135766498257374
40.0,0.001406150852732832
40.08333333333333,0.0009390629414328018
40.166666666666664,0.0013932737346121847
40.25,0.001335493791849599
40.33333333333333,0.0015641533258518789
40.416666666666664,0.0019338672082392554
40.5,0.0018588981963211365
40.58333333333333,0.002411613567365982
40.666666666666664,0.0019303822795135126
40.75,0.0008623204385201007
40.83333333333333,0.00025967695070123353
40.916666666666664,0.0009786012305431585
41.0,0.0013069060067650725
41.08333333333333,0.0011379601925226809
41.166666666666664,0.0008775740089581282
41.25,0.00024365615973740432
41.33333333333333,0.0011596596431956195
41.416666666666664,0.0006179564506143517
41.5,0.0006182751273439224
41.58333333333333,0.00044447402837041603
41.666666666666664,0.000783343722546746
41.75,0.0014906644824408323
41.83333333333333,0.0020892113699102627
41.916666666666664,0.0006604177385391573
42.0,0.0005110074424272083
42.08333333333333,0.0008248524734842623
42.166666666666664,0.0010886351306020397
42.25,0.0013626161889560052
42.33333333333333,0.0016303699758662938
42.416666666666664,0.0006784380301853343
42.5,0.0010943559979020704
42.58333333333333,0.0010997273277849624
42.666666666666664,0.0005513129352864615
42.75,0.0008815126055643048
42.83333333333333,0.0008749660951051124
42.916666666666664,0.001521491504034239
43.0,0.0013117583826618851
43.08333333333333,0.0002266878597434078
43.166666666666664,0.00030627393212775495
43.25,0.0012712389332714695
43.33333333333333,0.002635013194958719
43.416666666666664,0.0019474403780309038
43.5,0.00015443536274752117
43.58333333333333,0.001275166548348538
43.666666666666664,0.0015284472022047677
43.75,0.0020306147075988008
43.83333333333333,0.001982472959971475
43.916666666666664,0.0017300801825514973
44.0,0.001050470626189083
44.08333333333333,0.0003632235165161334
44.166666666666664,0.0002999771364989759
44.25,0.0014101622295032614
44.33333333333333,0.001479948908023132
44.416666666666664,0.0012127693194407207
44.5,0.0004122650779223291
44.58333333333333,0.0009820358544610625
44.666666666666664,0.0016141612412804115
44.75,0.001533088262637875
44.83333333333333,0.0013870275086544923
44.916666666666664,9.290828409135505e-05
45.0,0.0008617670010098714
45.08333333333333,0.001317944939638893
45.166666666666664,0.0012221386649034812
45.25,0.001023850995159673
45.33333333333333,0.0007864681391353207
45.416666666666664,6.81124087081205e-05
45.5,0.0008590578014333501
45.58333333333333,0.0006665954911325688
45.666666666666664,0.0010059366727400258
45.75,0.0018798590611174895
45.83333333333333,0.0014030585821599565
45.916666666666664,0.000515390401428271
46.0,0.0003372148807216411
46.08333333333333,0.0002182713023135293
46.166666666666664,0.000216475046830299
46.25,0.0007502916983327534
46.33333333333333,0.0008939446591279028
46.416666666666664,0.0013947944211769004
46.5,0.0013991545810541697
46.58333333333333,0.0023092158444788595
46.666666666666664,0.0015732446951216888
46.75,0.00029812710928961444
46.83333333333333,0.0004156892289133317
46.916666666666664,0.001485866290527403
47.0,0.002018602288134881
47.08333333333333,0.0023279007503208614
47.166666666666664,0.002794888107301239
47.25,0.0018006240849301736
47.33333333333333,0.0009827924992936814
47.416666666666664,0.0011383239000227225
47.5,0.0013467711312013502
47.58333333333333,0.0006799334157454209
47.666666666666664,0.0010892805087453028
47.75,0.0019291451728069015
47.83333333333333,0.001139596881298016
47.916666666666664,0.0014044602862214044
48.0,0.001025194700502716
48.08333333333333,0.001106151730352681
48.166666666666664,0.0009589968415971152
48.25,0.0005369555541428838
48.33333333333333,0.0007385486692044451
48.416666666666664,0.0019864004606278706
48.5,0.002167425689906342
48.58333333333333,0.0018305398910380267
48.666666666666664,0.0018629391909538624
48.75,0.0010982706426718807
48.83333333333333,0.0011513009520837344
48.916666666666664,0.001390062865503413
49.0,0.002431338546153298
49.08333333333333,0.0013001389425018862
49.166666666666664,0.0006399090084347586
49.25,0.0008675715108705902
49.33333333333333,0.0011181203743552276
49.416666666666664,0.0009351981163352587
49.5,0.0022286559477875337
49.58333333333333,0.003054922266251993
49.666666666666664,0.0021331861408758197
49.75,0.0017522186452654676
49.83333333333333,0.0021709253831384482
49.916666666666664,0.0007903099929650562
50.0,8.277284673355709e-05
50.08333333333333,0.0001745692128746139
50.166666666666664,0.0005088253321959595
50.25,0.0008463697490054018
50.33333333333333,0.0014901809204484913
50.416666666666664,0.0009895659499052337
50.5,0.0008210639857211104
50.58333333333333,0.0010066026289994611
50.666666666666664,0.0010572504937745692
50.75,0.002246552241729028
50.83333333333333,0.006767791132620493
50.916666666666664,0.006504971747778363
51.0,0.0015397545054412914
51.08333333333333,0.00044950218816280007
51.166666666666664,0.0015381001940494568
51.25,0.0021018549316474027
51.33333333333333,0.0012355684599850542
51.416666666666664,0.0002363695950910628
51.5,0.0014569023712398418
51.58333333333333,0.002264596417095379
51.666666666666664,0.002087040305106542
51.75,0.001931620946030742
51.83333333333333,0.0014730088023640856
51.916666666666664,0.0016904688755512562
52.0,0.0011988003118335328
52.08333333333333,0.0008002755150470069
52.166666666666664,0.0005788339215670293
52.25,0.0004188046482705298
52.33333333333333,0.0007803423575565941
52.416666666666664,0.0007263639461076196
52.5,0.00038178771336440007
52.58333333333333,0.0003128267829865288
52.666666666666664,0.00013739987969802535
52.75,0.0008302450337931981
52.83333333333333,0.0007154127291388546
52.916666666666664,0.000434458643529313
53.0,0.0023760379338822355
53.08333333333333,0.003196953714249003
53.166666666666664,0.002366559327041611
53.25,0.0011907627754099257
53.33333333333333,0.0008671182835905127
53.416666666666664,0.0013877448189191465
53.5,0.001070218610276319
53.58333333333333,0.0015129716211355591
53.666666666666664,0.0008143762748509746
53.75,0.0014983710734563164
53.83333333333333,0.0010683699334099925
53.916666666666664,0.00016852728724620064
54.0,0.0007172979074639046
54.08333333333333,0.001924366007611763
54.166666666666664,0.0020652686398017345
54.25,0.002747474235970713
54.33333333333333,0.0017173625394529832
54.416666666666664,0.002112157779369566
54.5,0.002485941198543266
54.58333333333333,0.0026342752135578183
54.666666666666664,0.0013361322651388855
54.75,0.0018205229830680714
54.83333333333333,0.0024948304939005433
54.916666666666664,0.0015767134336213161
55.0,0.0020752493033458328
55.08333333333333,0.0022827813721536844
55.166666666666664,0.0020852717523262934
55.25,0.0017307586096686925
55.33333333333333,0.0007498147510867046
55.416666666666664,0.00021109160886587382
55.5,0.000480021428297892
55.58333333333333,0.00048176734071425344
55.666666666666664,0.0013522497852698496
55.75,0.001495544080476249
55.83333333333333,0.001890248571047825
55.916666666666664,0.002739809287111121
56.0,0.0013106157640797264
56.08333333333333,0.0010687889239179157
56.166666666666664,0.0011184931792875392
56.25,0.0014425160916364493
56.33333333333333,0.0014991392754083797
56.416666666666664,0.0008447366348606556
56.5,0.0005422393302568006
56.58333333333333,0.002094172878825252
56.666666666666664,0.002636666666851318
56.75,0.0016843630345277783
56.83333333333333,0.0010485946215299483
56.916666666666664,0.00035326246800511694
57.0,0.0006673764487100658
57.08333333333333,0.0008521386454402377
57.166666666666664,0.0017113104500880044
57.25,0.0015925094958297607
57.33333333333333,0.0016803093326206717
57.416666666666664,0.001631260054172856
57.5,0.0008659981363337025
57.58333333333333,0.0009436026098673277
57.666666666666664,0.000771773913237487
57.75,0.00093721978769235
57.83333333333333,0.00027049707269931957
57.916666666666664,0.0005802313643686887
58.0,0.0004920714937973774
58.08333333333333,0.0007705506537878155
58.166666666666664,0.00045605498237605405
58.25,0.0011171899820784203
58.33333333333333,0.0020299626335046534
58.416666666666664,0.0026174403365700253
58.5,0.002222857036281266
58.58333333333333,0.0011604035068229434
58.666666666666664,0.0013051686614722804
58.75,0.0004489065232560847
58.83333333333333,0.0012026674756267339
58.916666666666664,0.0010416214268244221
59.0,4.5237077847433646e-05
59.08333333333333,0.0009999011125702809
59.166666666666664,0.0015456339187136653
59.25,0.0007017381173693027
59.33333333333333,0.0012260828373804567
59.416666666666664,0.0014521989119395957
59.5,0.0008934651870703655
59.58333333333333,0.0007567994234829663
59.666666666666664,0.00101188573969811
59.75,0.0017336197172643127
59.83333333333333,0.001577096066885094
59.916666666666664,0.0016755000254266813
60.0,0.001862838260080059
60.08333333333333,0.0017744422985246254
60.166666666666664,0.0008408171982419326
60.25,0.0015001533089595035
60.33333333333333,0.0023210184486294073
60.416666666666664,0.002359348113729853
60.5,0.00011154010279489097
60.58333333333333,0.002032271053953321
60.666666666666664,0.0021600080859646375
60.75,0.0014348474272644182
60.83333333333333,0.0010650261931213518
60.916666666666664,0.0012225922369245535
61.0,0.0018913971828384182
61.08333333333333,0.0014715517995885078
61.166666666666664,0.0014018788458824572
61.25,0.0010419695405800033
61.33333333333333,0.0008245564577246195
61.416666666666664,0.0010822694886573022
61.5,0.0014730666449323047
61.58333333333333,0.0024225456144033805
61.666666666666664,0.0018240775889496231
61.75,0.0016395005762921142
61.83333333333333,0.0010802587790482124
61.916666666666664,0.000591742379372453
62.0,0.0008974628143336628
62.08333333333333,0.0014401001099955551
62.166666666666664,0.0005074709424900042
62.25,0.0029346601318591637
62.33333333333333,0.0034044122348020154
62.416666666666664,0.0029354556977228548
62.5,0.0020976596464709193
62.58333333333333,0.0014163593630379797
62.666666666666664,0.0005492344739424687
62.75,0.000737757695474607
62.83333333333333,0.000795619311705696
62.916666666666664,0.00045401312472549433
63.0,0.0008583028659208846
63.08333333333333,0.0015374277159399684
63.166666666666664,0.0012711640166234476
63.25,0.00047494925128194865
63.33333333333333,0.0005842449499213408
63.416666666666664,0.00134192806735205
63.5,0.0005232317236715694
63.58333333333333,0.001549726245108443
63.666666666666664,0.0014101219658103836
63.75,0.0015265153011752217
63.83333333333333,0.0005130044233329587
63.916666666666664,0.00015045316965555592
64.0,0.0007756195909406478
64.08333333333333,0.00018155157331741794
64.16666666666666,0.00029717748209209495
64.25,0.0005315176546695698
64.33333333333333,0.0005315183712978981
64.41666666666666,0.0010216386664576337
64.5,0.0015531706602125125
64.58333333333333,0.0014951722659287327
64.66666666666666,0.0005275135032052968
64.75,0.0014517489964216825
64.83333333333333,0.0013430995962075167
64.91666666666666,0.0015330052396469054
65.0,0.0025475539694134663
65.08333333333333,0.0021660492702830973
65.16666666666666,0.0020375150511666297
65.25,0.00040249908306409327
65.33333333333333,0.0015284628378997626
65.41666666666666,0.0009422275287037046
65.5,0.0004222389302676422
65.58333333333333,0.0017490900908131157
65.66666666666666,0.002342923829972018
65.75,0.0020403752404936637
65.83333333333333,0.0018180055404780795
65.91666666666666,0.0015146539039146544
66.0,0.001126948759766239
66.08333333333333,0.0013533352394724048
66.16666666666666,0.0009311126472722403
66.25,0.0006832642269427653
66.33333333333333,0.0005261772465562348
66.41666666666666,0.0009363345885103829
66.5,0.0018526990318178784
66.58333333333333,0.0019522204355069456
66.66666666666666,0.0018407172261543077
66.75,0.0018019703104466159
66.83333333333333,0.0016042732390516093
66.91666666666666,0.0007099616068902745
67.0,0.0008725488744341468
67.08333333333333,0.0005120406760284415
67.16666666666666,0.0005318456682616868
67.25,0.0019322289256369267
67.33333333333333,0.0016452252659685527
67.41666666666666,0.0015808159395359475
67.5,0.0018748168794977262
67.58333333333333,0.000379928169690427
67.66666666666666,0.0013196340940613133
67.75,0.0016503047460652098
67.83333333333333,0.002772407871654362
67.91666666666666,0.0021566724249860733
68.0,0.001108220441800949
68.08333333333333,0.001128297549448867
68.16666666666666,0.0016586044463466002
68.25,0.0019135481419902795
68.33333333333333,0.0013683903588332462
68.41666666666666,0.002118451975556178
68.5,0.001958421064595157
68.58333333333333,0.0006617325640469567
68.66666666666666,0.0008303909648871784
68.75,0.0009050037706274274
68.83333333333333,0.0013615678400405427
68.91666666666666,0.0011459448509153376
69.0,0.0008285418751808948
69.08333333333333,0.0011128064678461956
69.16666666666666,0.0009293651631023682
69.25,0.0014083231762040257
69.33333333333333,0.001111496894395383
69.41666666666666,0.000610052473505053
69.5,0.0003998407855152612
69.58333333333333,0.00018009898224920787
69.66666666666666,0.0008139011656905341
69.75,0.0013343416597414318
69.83333333333333,0.0011086470760259836
69.91666666666666,0.0015786190557740372
70.0,0.0005375653666147097
70.08333333333333,0.001053778894523538
70.16666666666666,0.0011401700182103744
70.25,0.0007193564741827125
70.33333333333333,0.0006154674251085523
70.41666666666666,0.0012730359298122145
70.5,0.0006620146529565904
70.58333333333333,0.0009764247870536916
70.66666666666666,0.0013110145076581474
70.75,0.000981851758761285
70.83333333333333,0.0017385327149536842
70.91666666666666,0.001649477179093459
71.0,0.0009387614572723041
71.08333333333333,0.0008812295325510615
71.16666666666666,0.0014900364439265964
71.25,0.002571060813003039
71.33333333333333,0.002147312803620701
71.41666666666666,0.0013266753475710748
71.5,0.001269187025732997
71.58333333333333,0.0008406888931195983
71.66666666666666,0.0012949204215003222
71.75,0.0005570244752570116
71.83333333333333,0.001383814277715441
71.91666666666666,0.0017352854660989357
72.0,0.00011381901112818345
72.08333333333333,0.0010957236393504693
72.16666666666666,0.0021557243869533994
72.25,0.0037505954017469628
72.33333333333333,0.0028451781211360984
72.41666666666666,0.0011433271104438418
72.5,0.0016917215559741866
72.58333333333333,0.00027468327598377746
72.66666666666666,0.0025981914340144937
72.75,0.0012330112192596632
72.83333333333333,0.0011368912266167602
72.91666666666666,0.0014768975686430404
73.0,0.002114633464450191
73.08333333333333,0.002267513444579496
73.16666666666666,0.0019524573817003082
73.25,0.0013337776015134918
73.33333333333333,0.0010199885746611979
73.41666666666666,0.002036152272423161
73.5,0.0008611521668270607
73.58333333333333,0.0010232562823037467
73.66666666666666,0.001665850687547714
73.75,0.0014459330744784138
73.83333333333333,0.0005850096542531452
73.91666666666666,0.0018000034242517218
74.0,0.0017738525212491485
74.08333333333333,0.0013626644676492698
74.16666666666666,0.00034277736537746407
74.25,0.001288684073070649
74.33333333333333,0.0006490352361707805
74.41666666666666,0.0005954953307110862
74.5,0.00043925300526486674
74.58333333333333,0.0008227944092534685
74.66666666666666,0.0010267775182014815
74.75,0.0017356925618278024
74.83333333333333,0.00246009626888806
74.91666666666666,0.0019602665818186193
75.0,0.0011721552916909399
75.08333333333333,0.0011234315261482864
75.16666666666666,0.0009381602552475191
75.25,0.001506831831270616
75.33333333333333,0.002096214180204168
75.41666666666666,0.009746816855092214
75.5,0.012678446802470695
75.58333333333333,0.004543669314977901
75.66666666666666,0.002446834177840427
75.75,0.0009878807052923504
75.83333333333333,0.0006736967972499795
75.91666666666666,0.0005081294270366143
76.0,0.0013481473660649354
76.08333333333333,0.0020719782451358395
76.16666666666666,0.001613805122356518
76.25,0.0009254611375301477
76.33333333333333,0.0004317389243279081
76.41666666666666,0.0009056719234572056
76.5,0.001592657358631198
76.58333333333333,0.0014448225539425083
76.66666666666666,0.0008048358709844456
76.75,0.0009018091965826426
76.83333333333333,0.0012265750723808328
76.91666666666666,0.0004242127249607439
77.0,0.0008894540518883712
77.08333333333333,0.0010546847898628628
77.16666666666666,0.0008374548167678982
77.25,0.0014734684644597395
77.33333333333333,0.0010368715116410427
77.41666666666666,0.0002848822859721562
77.5,0.0009844495745173969
77.58333333333333,0.001419690134041601
77.66666666666666,0.0007912689205505695
77.75,0.00026492840349534493
77.83333333333333,0.000873175149740131
77.91666666666666,0.0005737631135112813
78.0,0.0007860796816411762
78.08333333333333,0.000462297420430583
78.16666666666666,0.0006754184677305387
78.25,0.0013311400629861664
78.33333333333333,0.0012120600449976445
78.41666666666666,0.0005647740441141466
78.5,0.0007113582261386263
78.58333333333333,0.002006990358368649
78.66666666666666,0.0019315730489233652
78.75,0.000765688363770557
78.83333333333333,0.0007964705091196092
78.91666666666666,0.0017282979391876293
79.0,0.0008009775733314097
79.08333333333333,0.0015265900721631587
79.16666666666666,0.0019162649045865814
79.25,0.00035189643402294663
79.33333333333333,0.0014078536110942483
79.41666666666666,0.0018456828750102005
79.5,0.0012138048557301555
79.58333333333333,0.0014945606325253431
79.66666666666666,0.0011857992496954318
79.75,0.0007911770585270321
79.83333333333333,0.00093176377560312
79.91666666666666,0.002578688919016478
80.0,0.0038325111179681286
80.08333333333333,0.002577784356294478
80.16666666666666,0.00048538731427093614
80.25,0.0007680446136368833
80.33333333333333,0.00024068680064149553
80.41666666666666,0.000571308323071553
80.5,0.0002698301032194393
80.58333333333333,0.0022299480149233315
80.66666666666666,0.001834437650412628
80.75,0.0017291058914594845
80.83333333333333,0.002871879468415929
80.91666666666666,0.002153037688056851
81.0,0.0005269119861773383
81.08333333333333,0.000569989768343084
81.16666666666666,0.0006115335816343897
81.25,0.0009249921994709307
81.33333333333333,0.0011971580114295906
81.41666666666666,0.0011068203988665176
81.5,0.0005664583041775395
81.58333333333333,0.0017937738286260582
81.66666666666666,0.0023937097537932474
81.75,0.0015666359821983776
81.83333333333333,0.001771070450387118
81.91666666666666,0.0015146334494083675
82.0,0.0011081418808011876
82.08333333333333,0.0013744187650511534
82.16666666666666,0.0025758483645568777
82.25,0.0019592510074869975
82.33333333333333,0.0009404835557863928
82.41666666666666,0.0010011616510084576
82.5,0.0013892420287195013
82.58333333333333,0.0006971222146922028
82.66666666666666,0.0009576075436895308
82.75,0.0013893836531064677
82.83333333333333,0.000579134359539366
82.91666666666666,0.001594648776506002
83.0,0.0016066911490645204
83.08333333333333,0.0006255255268501836
83.16666666666666,0.0005146099973389781
83.25,0.00038273546525546636
83.33333333333333,0.0008912226421849894
83.41666666666666,0.00048567187965118053
83.5,0.0001955873491163163
83.58333333333333,0.0008041501033098139
83.66666666666666,0.00013824012207969597
83.75,0.0006680154247660233
83.83333333333333,0.0002882366431372837
83.91666666666666,0.0006127062561586955
84.0,6.122506984275321e-05
84.08333333333333,0.000686767253876828
84.16666666666666,0.0007835803785801001
84.25,0.001372679536059154
84.33333333333333,0.0016212388801137045
84.41666666666666,0.0006585093986294208
84.5,0.000485043185695801
84.58333333333333,0.001228408376988402
84.66666666666666,0.0015922541664994694
84.75,0.0014099815962162322
84.83333333333333,0.0016916890971109956
84.91666666666666,0.0006243376219193175
85.0,0.0009322008134206739
85.08333333333333,0.0012520744567741135
85.16666666666666,0.0017115839299740921
85.25,0.0018894474764597322
85.33333333333333,0.0017755329079063096
85.41666666666666,0.001463963071574983
85.5,0.0018171588610606225
85.58333333333333,0.001120646846972722
85.66666666666666,0.0006254777107527754
85.75,0.0012001168495657892
85.83333333333333,0.0012966591185790566
85.91666666666666,0.0019739772680676926
86.0,0.0012038268613907557
86.08333333333333,0.0016504551192087478
86.16666666666666,0.001435722784322642
86.25,0.0005790505293198155
86.33333333333333,0.0014333882023072372
86.41666666666666,0.001115719747224815
86.5,0.0011020343400470504
86.58333333333333,0.0017937486012851549
86.66666666666666,0.0009621131873230054
86.75,0.0006503611431522084
86.83333333333333,0.0005489065594288686
86.91666666666666,0.0015390470308563609
87.0,0.0018410740111672944
87.08333333333333,0.0015313783875578982
87.16666666666666,0.0013883930815168104
87.25,0.0012038208196836321
87.33333333333333,0.0010896592893138337
87.41666666666666,0.0012001401987524118
87.5,0.001755963009576899
87.58333333333333,0.0015897735248711405
87.66666666666666,0.0009931469040370946
87.75,0.0008944860952092949
87.83333333333333,0.0005184794793701213
87.91666666666666,0.0009311703013539076
88.0,0.0006910991790900861
88.08333333333333,0.0012156855247990362
88.16666666666666,0.0013007532916487928
88.25,0.0004955663619223153
88.33333333333333,0.00014639719821896293
88.41666666666666,0.0007304061794624334
88.5,0.0007965622623037116
88.58333333333333,0.000578461025890152
88.66666666666666,0.0004935991963492925
88.75,0.000250077342482581
88.83333333333333,0.00011211100799517937
88.91666666666666,0.00038301951056255134
89.0,0.0008031851129071474
89.08333333333333,0.0008304684587063574
89.16666666666666,0.0004180762280986568
89.25,0.0006283613791941621
89.33333333333333,0.0009235184849697531
89.41666666666666,0.0012357112355369081
89.5,0.0017176333821767866
89.58333333333333,0.0013851652878253211
89.66666666666666,0.000435437022950857
89.75,0.0006308102925609188
89.83333333333333,0.0019287969771907638
89.91666666666666,0.0027211052813483163
90.0,0.0018199941518635728
90.08333333333333,0.0008273272988802874
90.16666666666666,0.0013322903569797737
90.25,0.0010933506199992504
90.33333333333333,0.0011136764983466357
90.41666666666666,0.00028049599575723433
90.5,0.0012399634621549302
90.58333333333333,0.0017987518847975758
90.66666666666666,0.001424729734026138
90.75,0.0014904587156745188
90.83333333333333,0.0013915963964171389
90.91666666666666,0.001751710522689076
91.0,0.0016469915114767939
91.08333333333333,0.00041394719571182463
91.16666666666666,0.0012359154774651954
91.25,0.0008380709587069204
91.33333333333333,0.0006246538715375103
91.41666666666666,0.0013980778641578275
91.5,0.0018340837722290195
91.58333333333333,0.0014321411867467652
91.66666666666666,0.0011670803374003976
91.75,0.001762750368883022
91.83333333333333,0.0022337371705995193
91.91666666666666,0.0011457765017078294
92.0,0.00035858642425348503
92.08333333333333,0.0009210864135982053
92.16666666666666,0.0005497508330446667
92.25,0.0003665062889054313
92.33333333333333,0.001306375184029022
92.41666666666666,0.001215357766345563
92.5,0.0008400261079038447
92.58333333333333,0.0009447703902644829
92.66666666666666,0.0010487192342685857
92.75,0.0008592683025316381
92.83333333333333,0.00033812757341680126
92.91666666666666,0.0007291612314668676
93.0,0.0010677142339820813
93.08333333333333,0.0014886583375866265
93.16666666666666,0.0022844847442515344
93.25,0.001931419443759612
93.33333333333333,0.0012463244098320405
93.41666666666666,0.0015414011145873363
93.5,0.0016283875341725788
93.58333333333333,0.001045377367019637
93.66666666666666,0.001056641169028257
93.75,0.0006447704048507745
93.83333333333333,0.0009760792946971973
93.91666666666666,0.001517789015454927
94.0,0.0005145293433489881
94.08333333333333,0.0006957780651558089
94.16666666666666,0.0009393660976562042
94.25,0.0009515882839219169
94.33333333333333,0.0009470609056621828
94.41666666666666,0.0007521643213413135
94.5,0.0008345060889481451
94.58333333333333,0.000778756093427574
94.66666666666666,0.0009218014056124899
94.75,0.0010547903740076225
94.83333333333333,0.001510332300508337
94.91666666666666,0.0018920185897820367
95.0,0.002392569270384664
95.08333333333333,0.002285931767468851
95.16666666666666,0.001792800406568059
95.25,0.0008067015228922493
95.33333333333333,0.002049881995640607
95.41666666666666,0.0015679364336916187
95.5,0.0015163528541280917
95.58333333333333,0.0013192676513564293
95.66666666666666,0.0004962705477274141
95.75,0.0010593805426259097
95.83333333333333,0.0005405975333459356
95.91666666666666,0.0003445745832064351
96.0,0.0005583369203756415
96.08333333333333,0.0003324193666118542
96.16666666666666,0.001472089876502955
96.25,0.0005161923799502675
96.33333333333333,0.0006730083151588116
96.41666666666666,0.0004313464486462192
96.5,0.0008682170399232902
96.58333333333333,0.00193957173564681
96.66666666666666,0.0015798634169195546
96.75,0.0003527606837020963
96.83333333333333,0.0009047520922650732
96.91666666666666,0.0009524207856928413
97.0,0.0014777368676468538
97.08333333333333,1.3244644914285075e-05
97.16666666666666,0.0009412499400689117
97.25,0.0007953962357539362
97.33333333333333,0.0013030728197513603
97.41666666666666,0.0015926744384647529
97.5,0.0014043457270580065
97.58333333333333,0.000619278947302328
97.66666666666666,0.0013086336108670937
97.75,0.0010216515145571163
97.83333333333333,0.0016860575112964014
97.91666666666666,0.0023521015656329212
98.0,0.0020289765063764243
98.08333333333333,0.0012422786095776929
98.16666666666666,0.0003463466779828711
98.25,0.0003047980125504603
98.33333333333333,0.0005179872062575761
98.41666666666666,0.0014008941171855785
98.5,0.0009333278100365974
98.58333333333333,7.865882057264852e-05
98.66666666666666,0.0003137029322946191
98.75,0.0002612838797418803
98.83333333333333,0.0005911828411438126
98.91666666666666,0.0004786237964016453
99.0,0.0014946067819517136
99.08333333333333,0.0014247470064380917
99.16666666666666,0.0011362564684223228
99.25,0.0007530793004416115
99.33333333333333,0.0009547470548492837
99.41666666666666,0.0011716983108708706
99.5,0.00044895037834141613
99.58333333333333,0.000675704290324579
99.66666666666666,0.0013574679077470613
99.75,0.0025431328502854484
99.83333333333333,0.0024673552290340075
99.91666666666666,0.00207835384832977
100.0,0.0017300538109855004
100.08333333333333,0.005305932072293822
100.16666666666666,0.00420213503611986
100.25,0.0002839200697316817
100.33333333333333,0.0011891683875788392
100.41666666666666,0.0002904687502956936
100.5,0.0006012471048860336
100.58333333333333,0.0002598676515347206
100.66666666666666,0.0010654197202109614
100.75,0.001958994949285392
100.83333333333333,0.0011906051493833743
100.91666666666666,0.0007008218868893208
101.0,0.0011969384952635878
101.08333333333333,0.0014497595877058114
101.16666666666666,0.0008328487752172593
101.25,0.0005195545094636218
101.33333333333333,0.0012901360744620508
101.41666666666666,0.0007875417422914785
101.5,0.0011876226077792021
101.58333333333333,0.0006119007030536543
101.66666666666666,0.0010728926302468118
101.75,0.0025049077385150176
101.83333333333333,0.0023921536223845802
101.91666666666666,0.0017860784492761549
102.0,0.0018678250596288316
102.08333333333333,0.0022228762200354256
102.16666666666666,0.002311979868496119
102.25,0.001837677392138888
102.33333333333333,0.0015514686533189442
102.41666666666666,0.0013784063525094025
102.5,0.0005691142455584934
102.58333333333333,0.0008729680562487495
102.66666666666666,0.0010078538606601538
102.75,0.0006211483726625288
102.83333333333333,0.0011950861885833275
102.91666666666666,0.0013081973704421332
103.0,0.0019621076345098234
103.08333333333333,0.0014549532802826067
103.16666666666666,0.0003802658521798012
103.25,0.0007964567730449757
103.33333333333333,0.0003970753788410935
103.41666666666666,0.00036911070097184266
103.5,0.0005018209392165875
103.58333333333333,0.00042781519416534657
103.66666666666666,0.0006667333277643002
103.75,0.0006793569954080395
103.83333333333333,0.001046026094846569
103.91666666666666,0.0013214536864966592
104.0,0.0015469993428625503
104.08333333333333,0.0016681571105367505
104.16666666666666,0.0006352211683257623
104.25,0.0013546889015052007
104.33333333333333,0.001290138961676325
104.41666666666666,0.0005301956806497356
104.5,0.0005578050585520419
104.58333333333333,0.0007323564500123868
104.66666666666666,0.001158076349239203
104.75,0.0007822691524895732
104.83333333333333,0.0003588827715910715
104.91666666666666,0.001505899652568412
105.0,0.0019055709129782979
105.08333333333333,0.0009851731993754023
105.16666666666666,0.0013295809681698955
105.25,0.0013347744837955027
105.33333333333333,0.00040356000363243465
105.41666666666666,0.0009401629095657672
105.5,0.0009225371352642594
105.58333333333333,0.0007233743359533485
105.66666666666666,0.0009191650432291711
105.75,0.0014862079025222787
105.83333333333333,0.0022286240184718185
105.91666666666666,0.0017776930869540459
106.0,0.00019401776582469763
106.08333333333333,0.001476107094526473
106.16666666666666,0.002710357560621941
106.25,0.003502871860210557
106.33333333333333,0.002366028276326437
106.41666666666666,0.0010435077532216527
106.5,0.0009475018189759448
106.58333333333333,0.0003264053518791388
106.66666666666666,0.0007065376083193001
106.75,0.0007803104574346281
106.83333333333333,0.0010157368931279242
106.91666666666666,0.00039075011265024047
107.0,0.0015813522065225793
107.08333333333333,0.0022180397690502187
107.16666666666666,0.0010523249628097344
107.25,0.0006953293854847748
107.33333333333333,0.0017566887977189046
107.41666666666666,0.0026143084004702027
107.5,0.0015044858483851586
107.58333333333333,0.0013512512098329628
107.66666666666666,0.0014568494760398686
107.75,0.001408926236583121
107.83333333333333,0.00026352777125201
107.91666666666666,0.0010928746717985623
108.0,0.00038320925551161596
108.08333333333333,0.00033480605871703654
108.16666666666666,0.0007494348714727833
108.25,0.0009935846559397646
108.33333333333333,0.0004937650795015478
108.41666666666666,0.0009846784921289798
108.5,0.0005594249550792189
108.58333333333333,0.0012358917950958156
108.66666666666666,0.001676503183476612
108.75,0.0004311094197664165
108.83333333333333,0.0006986207535765482
108.91666666666666,0.0007762663471553789
109.0,0.0020948460760614857
109.08333333333333,0.0010504390621695892
109.16666666666666,0.00045617847753037
109.25,0.0010722965377451647
109.33333333333333,0.0010712578032019927
109.41666666666666,0.0009992581763812762
109.5,0.0011307221449761607
109.58333333333333,0.0018076349293372506
109.66666666666666,0.0007581532446675571
109.75,0.0006259362672160062
109.83333333333333,0.0012851895941769235
109.91666666666666,0.0006327100830232442
110.0,0.001164705296543123
110.08333333333333,0.0016473507676043212
110.16666666666666,0.0010248787653403596
110.25,0.000648998652345414
110.33333333333333,0.0010554101090707844
110.41666666666666,0.0015759915800998003
110.5,0.0002933143104386592
110.58333333333333,0.0015347017668273656
110.66666666666666,0.0010866264952933786
110.75,0.0016898189434059769
110.83333333333333,0.0009826534560005871
110.91666666666666,0.00045598921713781095
111.0,0.0004427914617607222
111.08333333333333,0.0014516343264411062
111.16666666666666,0.0013394344912951229
111.25,0.0003472174593010241
111.33333333333333,0.0017375577051660601
111.41666666666666,0.00170241189462313
111.5,0.00035970278959086756
111.58333333333333,0.0008346091828237493
111.66666666666666,0.0011107143279314336
111.75,0.0011918158782973458
111.83333333333333,0.000905913656772671
111.91666666666666,0.0006833599952698397
112.0,0.00025336299496883066
112.08333333333333,0.001162516935281513
112.16666666666666,0.0016045429765381607
112.25,6.195021429291885e-05
112.33333333333333,0.0006007961835869102
112.41666666666666,0.0007445293111714193
112.5,0.0009079930072384861
112.58333333333333,0.0010196497280695381
112.66666666666666,0.0009044286087664536
112.75,0.0006282679141994066
112.83333333333333,0.0020852042101015085
112.91666666666666,0.0016423850044268583
113.0,0.001371504649445287
113.08333333333333,0.0011785126624846152
113.16666666666666,0.0018963247801233158
113.25,0.0032539287829841104
113.33333333333333,0.003014561439062975
113.41666666666666,0.0019957097805663555
113.5,0.0009844930045758145
113.58333333333333,0.0003428251917132085
113.66666666666666,0.0010021334157663407
113.75,0.0011616552730597488
113.83333333333333,0.0007483237200332307
113.91666666666666,0.0013426004008181532
114.0,0.00038489064087911614
114.08333333333333,0.0009579954042876506
114.16666666666666,0.0006449032997787315
114.25,0.0003678204899593223
114.33333333333333,0.0004702486367870995
114.41666666666666,0.0006546614106047384
114.5,0.0006218914493801595
114.58333333333333,0.0011479988510905146
114.66666666666666,0.0011034344899922667
114.75,0.0016280384697909586
114.83333333333333,0.0010378823644432444
114.91666666666666,0.0012585648659237418
115.0,0.00020469591217048565
115.08333333333333,0.0007724873402598196
115.16666666666666,0.00012454991501601617
115.25,0.0013914634952532782
115.33333333333333,0.0011354581375622394
115.41666666666666,0.0006909467666946903
115.5,0.001133165324100163
115.58333333333333,0.0018226310843711415
115.66666666666666,0.0015625071697951873
115.75,0.000621142852322606
115.83333333333333,0.0005184132263812713
115.91666666666666,0.0009685951185209928
116.0,0.0003524247155351373
116.08333333333333,0.0005946144230598859
116.16666666666666,0.0007938755068905875
116.25,0.0004212566023928419
116.33333333333333,0.0006324533012515305
116.41666666666666,0.0011290508165445615
116.5,0.0008016179252233887
116.58333333333333,0.0008397426046930139
116.66666666666666,0.0005819677067698521
116.75,0.0008347510829613894
116.83333333333333,0.0015441236391593592
116.91666666666666,0.001933105472449929
117.0,0.0005008389425654163
117.08333333333333,0.0022792641431224163
117.16666666666666,0.002448257005745805
117.25,0.0009397157116598487
117.33333333333333,0.0011479841603813166
117.41666666666666,0.0015938844707521053
117.5,0.0007309016408212102
117.58333333333333,0.0011885839042823938
117.66666666666666,0.0011424231515654083
117.75,0.0021111167184007756
117.83333333333333,0.002372443339954414
117.91666666666666,0.0013014306853996718
118.0,0.0013208164463516955
118.08333333333333,0.0018117734783062332
118.16666666666666,0.001392642654127906
118.25,0.0011431061431790076
118.33333333333333,0.001680072882310519
118.41666666666666,0.0016191744402592398
118.5,0.0011416054902399343
118.58333333333333,0.0015077610001307644
118.66666666666666,0.0014970723231549255
118.75,0.0008826491789078341
118.83333333333333,0.0014479650415999052
118.91666666666666,0.0029352321574202087
119.0,0.0028958583557594135
119.08333333333333,0.0020011893150532643
119.16666666666666,0.002319227503435283
119.25,0.0023464592874627606
119.33333333333333,0.0011589777307527312
119.41666666666666,0.000822863166414764
119.5,0.0005916494069041553
119.58333333333333,0.001233325276626195
119.66666666666666,0.0005712364383827077
119.75,0.0019654351757256963
119.83333333333333,0.0017668813623069111
119.91666666666666,0.0010274743589735048
120.0,0.0018658843567119332
120.08333333333333,0.0004613405729172697
120.16666666666666,0.002579384635649526
120.25,0.0019073113853495468
120.33333333333333,0.0006771578108885918
120.41666666666666,0.0008742615216722546
120.5,0.0015167188493618272
120.58333333333333,0.0006496045248404308
120.66666666666666,0.000753422535814896
120.75,0.0012488122179165893
120.83333333333333,0.0011260487438990775
120.91666666666666,0.0008475125154691997
121.0,8.964981997183142e-05
121.08333333333333,0.0017809822049237034
121.16666666666666,0.002469761800159514
121.25,0.0013764287291583093
121.33333333333333,0.00119406330821006
121.41666666666666,0.0018505836695629802
121.5,0.001216978959130355
121.58333333333333,0.001715235457295359
121.66666666666666,0.0016917843093015956
121.75,0.00029739301572409804
121.83333333333333,0.0005969966576053512
121.91666666666666,0.001221357802171056
122.0,0.0016044129037332386
122.08333333333333,0.0008160588389304251
122.16666666666666,0.00025746980499208376
122.25,0.00041723224048469983
122.33333333333333,0.0006577757924320165
122.41666666666666,0.0009573953446824734
122.5,0.0014181417517924021
122.58333333333333,0.0006073654459108028
122.66666666666666,0.00013749634593103534
122.75,0.0011032064974012075
122.83333333333333,0.0003980567332564562
122.91666666666666,0.001448549785410732
123.0,0.0013559984158080054
123.08333333333333,0.0005908278989362176
123.16666666666666,0.0021711499478866197
123.25,0.0021887172196874615
123.33333333333333,0.0024773996093345645
123.41666666666666,0.002147198379358966
123.5,0.0009848864953943505
123.58333333333333,0.0005712743948716626
123.66666666666666,0.0012688397774167379
123.75,0.0007305004554013096
123.83333333333333,0.0010048170659190854
123.91666666666666,0.00021774018426343541
124.0,0.0005261529128676803
124.08333333333333,0.0012261076788710361
124.16666666666666,0.0009453932096024533
124.25,0.0009853069350980559
124.33333333333333,0.0014173455116763105
124.41666666666666,0.000805229527274116
124.5,0.0006066993457819314
124.58333333333333,0.0007651919873998571
124.66666666666666,0.0006687379143413185
124.75,0.0006060222270458782
124.83333333333333,0.001240850093112701
124.91666666666666,0.0017741903742479993
125.0,0.002393272157406606
125.08333333333333,0.0007654097883518343
125.16666666666666,0.0014362723636832152
125.25,0.002252403814287637
125.33333333333333,0.002336975767862763
125.41666666666666,0.0013480180295842715
125.5,0.0008553413669748684
125.58333333333333,0.0018873185861513731
125.66666666666666,0.0018375201335408978
125.75,0.001047529572622836
125.83333333333333,0.0012529021340989734
125.91666666666666,0.001335952526423048
126.0,0.000843602616581925
126.08333333333333,0.0002853647772673888
126.16666666666666,0.00023376340046851892
126.25,0.00026675247621041126
126.33333333333333,0.0004250952842966349
126.41666666666666,0.0003795244505005644
126.5,0.001602264462397012
126.58333333333333,0.0008008197828249431
126.66666666666666,0.0005109929344643767
126.75,0.0007940895267545026
126.83333333333333,0.0009506205203728211
126.91666666666666,0.0005207318796092535
127.0,0.002179930412027887
127.08333333333333,0.0030979961614947442
127.16666666666666,0.0027303859048053566
127.25,0.0016930107878512597
127.33333333333333,0.0002815187987062744
127.41666666666666,0.0004850719925981746
127.5,0.0004797395742133599
127.58333333333333,0.0002652758334150721
127.66666666666666,0.00043603855265767573
127.75,0.0007395603505914702
127.83333333333333,0.0015615153226890817
127.91666666666666,0.000585102388363507
128.0,0.0010880427905456352
128.08333333333331,0.0015418614331319507
128.16666666666666,0.00027417697342876137
128.25,0.0016203426135863097
128.33333333333331,0.0012801278443319857
128.41666666666666,0.0019301071301018055
128.5,0.0021250424954104234
128.58333333333331,0.001734316668185222
128.66666666666666,0.0013913505846511257
128.75,0.002018463427066259
128.83333333333331,0.0016988844204533554
128.91666666666666,0.0024876435667090546
129.0,0.0019402880375210274
129.08333333333331,0.0015209489982462208
129.16666666666666,0.000641917654927494
129.25,0.001491906862768199
129.33333333333331,0.001660389272069849
129.41666666666666,0.0015548836579017103
129.5,0.0010691350315058749
129.58333333333331,0.0006664576805796533
129.66666666666666,0.0003484263622796708
129.75,0.000700413253692192
129.83333333333331,0.0006863127701095414
129.91666666666666,0.0006029573712592253
130.0,0.0010811078488980217
130.08333333333331,0.002489705959700302
130.16666666666666,0.0020612334877638657
130.25,0.001959660362546136
130.33333333333331,0.0018328324321962366
130.41666666666666,0.0015923825443781138
130.5,0.0010934740684641518
130.58333333333331,0.00103549455408881
130.66666666666666,0.0008503448685049217
130.75,0.0005964400654640907
130.83333333333331,0.00018663969931769593
130.91666666666666,0.0003739401182926732
131.0,0.0007491209802571411
131.08333333333331,0.0006879721344512436
131.16666666666666,0.0005644814651696597
131.25,0.0010806506117015488
131.33333333333331,0.001943460680912234
131.41666666666666,0.0009903322295308026
131.5,0.0009076732935475885
131.58333333333331,0.001371568586741207
131.66666666666666,0.0011412385371293002
131.75,0.0011913263609545333
131.83333333333331,0.0018118213923315354
131.91666666666666,0.0017077818286772165
132.0,0.0018548444855264737
132.08333333333331,0.0016622036472085859
132.16666666666666,0.00162912741015876
132.25,0.001344664049887019
132.33333333333331,0.0006085326082547529
132.41666666666666,0.0013052915170765126
132.5,0.0010768291144494797
132.58333333333331,0.001243298362609847
132.66666666666666,0.0007072761590832297
132.75,0.000479237320646425
132.83333333333331,0.0010154697511848402
132.91666666666666,0.001060577288193996
133.0,0.0012490583047327847
133.08333333333331,0.0005112547754233841
133.16666666666666,0.0005756773699908288
133.25,0.001449456077696702
133.33333333333331,0.0015599282878271399
133.41666666666666,0.001286322899303319
133.5,0.002354285490485885
133.58333333333331,0.0021957299866655427
133.66666666666666,0.0017644894287608315
133.75,0.0009007988284843874
133.83333333333331,0.0010049217069868276
133.91666666666666,0.0010705071755309236
134.0,0.0008839210291394249
134.08333333333331,0.0016322693717053228
134.16666666666666,0.0021984923193693953
134.25,0.0011045525399014167
134.33333333333331,0.0006723764689003877
134.41666666666666,0.000918986880269738
134.5,0.0010921618550885472
134.58333333333331,0.0010517993685066388
134.66666666666666,0.0011690228397713467
134.75,0.000816518361621904
134.83333333333331,0.0013385985002979859
134.91666666666666,0.0015025031462231192
135.0,0.0018987994092723576
135.08333333333331,0.0013430350732404222
135.16666666666666,0.0009536075393408442
135.25,0.0007224078162097343
135.33333333333331,0.001077942102893671
135.41666666666666,0.0015037402608477596
135.5,0.002219351147075064
135.58333333333331,0.001637654537650088
135.66666666666666,0.0010878122329082219
135.75,0.0016364189079742014
135.83333333333331,0.0015951665141098923
135.91666666666666,0.000990541524627753
136.0,0.0009198757194592759
136.08333333333331,0.0014994422926572885
136.16666666666666,0.0014960521877947668
136.25,0.0007443965287575175
136.33333333333331,0.0003740413518029974
136.41666666666666,0.0002976978106866921
136.5,0.0009827405258390088
136.58333333333331,0.0009314841916884695
136.66666666666666,0.0008083504430909672
136.75,0.00027368967746454516
136.83333333333331,0.00026730938529116076
136.91666666666666,0.0011816315700699245
137.0,0.0015931884352835169
137.08333333333331,0.0009766852675803701
137.16666666666666,0.0002656975948273027
137.25,0.0006781183514921257
137.33333333333331,0.0007294007966241683
137.41666666666666,0.0011653588966341363
137.5,0.001271074980508116
137.58333333333331,0.0015211044765472829
137.66666666666666,0.0012871002306395465
137.75,0.0014651832280406923
137.83333333333331,0.0013243308164293467
137.91666666666666,0.00043394859300861273
138.0,0.001320985688814127
138.08333333333331,0.001600440102291709
138.16666666666666,0.0008646794728144569
138.25,0.00047704578186570494
138.33333333333331,0.0006893703188398253
138.41666666666666,0.0010603354725996844
138.5,0.0006893675909673551
138.58333333333331,0.0014564404673003575
138.66666666666666,0.0022122976152535397
138.75,0.0013692447676969361
138.83333333333331,0.0011131348936703376
138.91666666666666,0.0010257083485686097
139.0,0.0008877923586475088
139.08333333333331,0.0011513298678406403
139.16666666666666,0.0009569449063714455
139.25,5.405651928773646e-05
139.33333333333331,0.0009003128534422764
139.41666666666666,0.0013538160961865395
139.5,0.001262176436174309
139.58333333333331,0.0004408287132893646
139.66666666666666,0.0015871486340494098
139.75,0.0012203629073988156
139.83333333333331,0.0007350069538128458
139.91666666666666,0.0025367546817909605
140.0,0.0026305578989887727
140.08333333333331,0.001004157466501275
140.16666666666666,0.002400784201620403
140.25,0.0012356377336201817
140.33333333333331,0.0008622301625301199
140.41666666666666,0.001123967476416614
140.5,0.001137945586327068
140.58333333333331,0.001343530421398833
140.66666666666666,0.0017015965898953256
140.75,0.0011917722358072795
140.83333333333331,0.0009109900808084086
140.91666666666666,0.00028078946471047197
141.0,0.0005888761525966132
141.08333333333331,0.0008053168524264693
141.16666666666666,0.0015773890906762317
141.25,0.0014494872518791256
141.33333333333331,0.002441321944634565
141.41666666666666,0.0015508117017822337
141.5,0.0007336605552525147
141.58333333333331,0.0011656908412838467
141.66666666666666,0.0007737090883022008
141.75,0.0011763396963818007
141.83333333333331,0.0006978557214120586
141.91666666666666,0.001974716134626659
142.0,0.0010030364426979195
142.08333333333331,0.0012763100649286392
142.16666666666666,0.0020977000872948836
142.25,0.0019412352598891735
142.33333333333331,0.0016318822086791105
142.41666666666666,0.0015637329534687976
142.5,0.0019584947035427803
142.58333333333331,0.0014804882503735033
142.66666666666666,0.0002471910920681674
142.75,0.0010391027246973014
142.83333333333331,0.0018234336272697305
142.91666666666666,0.0016808793077061005
143.0,0.0016771174473279278
143.08333333333331,0.0008940509951917476
143.16666666666666,0.0014036941460939699
143.25,0.0017082337214525416
143.33333333333331,0.0014214082782698506
143.41666666666666,0.0012403382955816075
143.5,0.00105535852256132
143.58333333333331,0.001181995197916926
143.66666666666666,0.0021509104797029764
143.75,0.0016432851936267192
143.83333333333331,0.0011472421620345428
143.91666666666666,0.0011982868811804737
144.0,0.00046332111390778207
144.08333333333331,0.0012437738384628858
144.16666666666666,0.001367389631845772
144.25,0.001096913332740307
144.33333333333331,0.0006151084895445156
144.41666666666666,0.0007365072282252934
144.5,0.0018046184092209627
144.58333333333331,0.0030012842399906696
144.66666666666666,0.0027622581921871903
144.75,0.0015586917438405725
144.83333333333331,0.0009488695705402151
144.91666666666666,0.0006597507751805703
145.0,0.00024995137995679286
145.08333333333331,0.0007059638701678198
145.16666666666666,0.0004474264121660303
145.25,0.001971765705179545
145.33333333333331,0.0011468753140464595
145.41666666666666,0.00020803353557984894
145.5,0.0010321666674582592
145.58333333333331,0.0012856224739779354
145.66666666666666,0.00036878035640946935
145.75,0.001976921553946627
145.83333333333331,0.002512046007506994
145.91666666666666,0.0015026899280473794
146.0,0.0006073841842325474
146.08333333333331,0.001183577886788935
146.16666666666666,0.0014829276955842334
146.25,0.00023895776512506016
146.33333333333331,0.0018321309941995779
146.41666666666666,0.0024291768432293396
146.5,0.0025643184770364168
146.58333333333331,0.00215279494036292
146.66666666666666,0.0009360199383194962
146.75,0.0008548107371352685
146.83333333333331,0.000714747057829039
146.91666666666666,0.0004633907336029774
147.0,0.0005333576340808739
147.08333333333331,0.0007955222087611365
147.16666666666666,0.001920662056717461
147.25,0.0011167957702732077
147.33333333333331,0.0007969040762413701
147.41666666666666,0.001194656804438005
147.5,0.0008351376051605276
147.58333333333331,0.0016534214830321466
147.66666666666666,0.0029091899229229494
147.75,0.002509307259650698
147.83333333333331,0.0012239202413482468
147.91666666666666,0.00023965551499529925
148.0,0.00041324435562479096
148.08333333333331,0.0017642150228863352
148.16666666666666,0.0024507618331122997
148.25,0.0014975947487653922
148.33333333333331,0.0011391997018468261
148.41666666666666,0.0016007707162398305
148.5,0.0016933623958544938
148.58333333333331,0.001673565852739262
148.66666666666666,0.0016175995037781342
148.75,0.0013926517988536653
148.83333333333331,0.0025983495127718335
148.91666666666666,0.0028581323230881584
149.0,0.0021351364479579816
149.08333333333331,0.0007633725420449911
149.16666666666666,0.00021850677389893984
149.25,0.0005997424928178191
149.33333333333331,0.0018254884074320442
149.41666666666666,0.001961872532118244
149.5,0.0012443346697190453
149.58333333333331,8.409014998264272e-05
149.66666666666666,0.001343578797655153
149.75,0.0017497558160678123
149.83333333333331,0.0009399262617716367
149.91666666666666,0.0013784221031507495
150.0,0.0016362166247102818
150.08333333333331,0.00035742131991372135
150.16666666666666,0.0009268122595098612
150.25,0.0009898752959533492
150.33333333333331,0.0007467662607956594
150.41666666666666,0.0016055282768506452
150.5,0.0018910427134426122
150.58333333333331,0.0008033005872510086
150.66666666666666,0.0009180160732991082
150.75,0.001999069178113381
150.83333333333331,0.0027035659367438455
150.91666666666666,0.005779539110846657
151.0,0.005871376401436797
151.08333333333331,0.001986813884107731
151.16666666666666,0.0015236442604928209
151.25,0.0008039902615348924
151.33333333333331,0.0008427610381371547
151.41666666666666,0.0004208509274837971
151.5,0.0013876111227288381
151.58333333333331,0.0020851767161355022
151.66666666666666,0.0010381253811162427
151.75,0.0004100586844478721
151.83333333333331,0.0009135856466779428
151.91666666666666,0.0017914664104331875
152.0,0.0005016690340450695
152.08333333333331,0.0012423219144799774
152.16666666666666,0.0014410951141842873
152.25,0.0009535030535961932
152.33333333333331,0.00025262442453945644
152.41666666666666,0.0005899885027032946
152.5,0.001366987411371545
152.58333333333331,0.000826108139137024
152.66666666666666,0.0006521226917273768
152.75,0.0011119411066834355
152.83333333333331,0.00037888143574344964
152.91666666666666,0.0007393961409191577
153.0,0.0006136575981661971
153.08333333333331,0.00026395195711188997
153.16666666666666,0.0010017219084895708
153.25,0.00070669882674056
153.33333333333331,0.0007967784610356173
153.41666666666666,0.0010836415468557044
153.5,0.0003825083184500529
153.58333333333331,0.00014627677930771337
153.66666666666666,0.0009815338065762892
153.75,0.0013573777853959396
153.83333333333331,0.0010831255806573667
153.91666666666666,0.0011847598257063935
154.0,0.0012857964260740216
154.08333333333331,0.0013292625771701555
154.16666666666666,0.0012026534590449565
154.25,0.0010104920126347728
154.33333333333331,0.00047422963044179106
154.41666666666666,0.0002577278025376123
154.5,0.0005891214782397176
154.58333333333331,0.0018729771361804554
154.66666666666666,0.001724300400541926
154.75,0.0019439237812434334
154.83333333333331,0.0016919805944651796
154.91666666666666,0.0012495061034286995
155.0,0.0020768307775673664
155.08333333333331,0.0017107005244712081
155.16666666666666,0.0015419948560265087
155.25,0.0015409319945926445
155.33333333333331,0.0005356781174964455
155.41666666666666,0.0006584961960262115
155.5,0.0010268120228744597
155.58333333333331,0.0013529842490394113
155.66666666666666,0.0008686189410049508
155.75,0.0005863560288994882
155.83333333333331,0.0001835533990955213
155.91666666666666,0.001866398206722189
156.0,0.00227419418485718
156.08333333333331,0.0010507054395039945
156.16666666666666,0.0010553941758070589
156.25,0.001040893541823509
156.33333333333331,0.0007554522259413471
156.41666666666666,0.0006806388238736157
156.5,0.0013904000836742077
156.58333333333331,0.0017213690921482937
156.66666666666666,0.0011441999028818266
156.75,0.00040960813121031795
156.83333333333331,0.0014101793433167133
156.91666666666666,0.0014278872705062147
157.0,0.0012066921536150596
157.08333333333331,0.0015033814135512551
157.16666666666666,0.0005039314932655626
157.25,0.0005074390382835097
157.33333333333331,0.0008355951378115182
157.41666666666666,0.0016938125241740896
157.5,0.0016481323183073406
157.58333333333331,0.001022300533644051
157.66666666666666,0.00025707627940034326
157.75,0.0011498616314071512
157.83333333333331,0.0006911377569304631
157.91666666666666,0.00045683585454309796
158.0,0.0008976773976827245
158.08333333333331,0.0015311708472465488
158.16666666666666,0.0005445239378947347
158.25,0.0001321241292433707
158.33333333333331,0.0012223856976226505
158.41666666666666,0.0014353705789925087
158.5,0.0002930531099139456
158.58333333333331,0.0006902357855401733
158.66666666666666,0.0016332598844864112
158.75,0.001135073917241873
158.83333333333331,0.0011638122592175439
158.91666666666666,0.0014173466874054278
159.0,0.0006275232527820809
159.08333333333331,0.0005420716732528731
159.16666666666666,0.0013887039726549358
159.25,0.001095055667574167
159.33333333333331,0.0005516482900871031
159.41666666666666,0.001090278445397282
159.5,6.436868955416703e-05
159.58333333333331,0.002065230633237401
159.66666666666666,0.0026629240442386636
159.75,0.0016335845500889885
159.83333333333331,0.0014042040808962275
159.91666666666666,0.0025686858277870223
160.0,0.0027781674753227523
160.08333333333331,0.0016774263712114922
160.16666666666666,0.00212911466696448
160.25,0.002391442251526588
160.33333333333331,0.001905229929226483
160.41666666666666,0.0005345478238938323
160.5,0.0008643194422330349
160.58333333333331,0.000910256859855864
160.66666666666666,0.0011755398929604837
160.75,0.0021955479327647504
160.83333333333331,0.00269528290254894
160.91666666666666,0.0015168900818750706
161.0,0.000995393879567807
161.08333333333331,0.0013939467225101891
161.16666666666666,0.0013164771886243411
161.25,0.0006376682671410287
161.33333333333331,0.0004509208463248744
161.41666666666666,0.00023120973434649397
161.5,0.000949048441473409
161.58333333333331,0.0009478034773012927
161.66666666666666,0.0007270411759279333
161.75,0.0004411703493198494
161.83333333333331,0.0007652237376865173
161.91666666666666,0.0010433851286591664
162.0,0.0009480462752047477
162.08333333333331,0.0015028383722893056
162.16666666666666,0.0017485750669169727
162.25,0.0013068622070848978
162.33333333333331,0.000593963511953093
162.41666666666666,0.00042795527313539645
162.5,0.0008412605112782368
162.58333333333331,0.000620956957801539
162.66666666666666,0.002039566878822382
162.75,0.0032784156039127174
162.83333333333331,0.002846720653731393
162.91666666666666,0.0016502230557365923
163.0,0.0007814114418744767
163.08333333333331,0.00043097731002313057
163.16666666666666,0.00043499874989414675
163.25,0.00035394107363537143
163.33333333333331,0.000771597770350036
163.41666666666666,0.0021521185579372053
163.5,0.0014374272213898169
163.58333333333331,0.0004164151749827184
163.66666666666666,0.0008584682004955486
163.75,0.0007672359047663939
163.83333333333331,0.000671894072721134
163.91666666666666,0.0011100352056911346
164.0,0.0015198790375590676
164.08333333333331,0.001455317864540729
164.16666666666666,0.0008775148429564554
164.25,0.0015117999271980695
164.33333333333331,0.0009876258361351668
164.41666666666666,0.000648370799950312
164.5,0.0009448908191166443
164.58333333333331,0.0005688788996841768
164.66666666666666,0.0006774016738979685
164.75,0.0007922090413451981
164.83333333333331,0.0011359492235125646
164.91666666666666,0.002246594091055575
165.0,0.0016501426539966878
165.08333333333331,0.0006258147095542837
165.16666666666666,0.0016306646291589177
165.25,0.0014374158681363628
165.33333333333331,0.0015950621501295374
165.41666666666666,0.0018653332476693569
165.5,0.0016609257338573824
165.58333333333331,0.0010374041650998856
165.66666666666666,0.0014221898021349602
165.75,0.0008993884775045784
165.83333333333331,0.0008456333596702782
165.91666666666666,3.988654839828917e-05
166.0,0.0017014669058760365
166.08333333333331,0.0016396222127710695
166.16666666666666,0.0013231331429336094
166.25,0.0019403436549165034
166.33333333333331,0.0019453212801578592
166.41666666666666,0.001092161592515712
166.5,0.0009406556533730091
166.58333333333331,0.0001829725916970745
166.66666666666666,0.0015023949847803714
166.75,0.0012195389189518584
166.83333333333331,0.000844638361268656
166.91666666666666,0.001103314224440729
167.0,0.000962643055605111
167.08333333333331,0.0011987963132267813
167.16666666666666,0.0011245591831640749
167.25,0.0010084045738243494
167.33333333333331,0.0005256362158146225
167.41666666666666,0.0006709900220450852
167.5,0.0007903486232604765
167.58333333333331,0.0016725490802339028
167.66666666666666,0.0008178844109978553
167.75,0.0010931834547943436
167.83333333333331,0.0008575381006362521
167.91666666666666,0.0008574202980262458
168.0,0.0007414659083376045
168.08333333333331,0.0007303075945959929
168.16666666666666,0.0007718841744974871
168.25,0.0015229363928195329
168.33333333333331,0.0006431046519854101
168.41666666666666,0.0011025567241101197
168.5,0.0007662823998739766
168.58333333333331,0.0008353252114132369
168.66666666666666,0.0006205424959295868
168.75,0.0007261933098070711
168.83333333333331,0.0004658973296247536
168.91666666666666,0.0005777328490047741
169.0,0.000831311020567253
169.08333333333331,0.0015771385765815434
169.16666666666666,0.0012793777358173046
169.25,0.0006040181122651554
169.33333333333331,0.0009678310819223325
169.41666666666666,0.00036281418960801347
169.5,0.0007948774578108547
169.58333333333331,0.0009669858268282488
169.66666666666666,0.0008439440975329326
169.75,0.0011002717610294858
169.83333333333331,0.0005737033926716171
169.91666666666666,0.0013652513075719393
170.0,0.0007557890149980806
170.08333333333331,0.0008877575832165322
170.16666666666666,0.0008574495984954894
170.25,0.0003560931303821312
170.33333333333331,0.0018509487810058828
170.41666666666666,0.0015689914180109414
170.5,0.001287566577463842
170.58333333333331,0.0017269058931602863
170.66666666666666,0.001281405137578954
170.75,0.0013509062619367852
170.83333333333331,0.0020608751370057403
170.91666666666666,0.0019252641932974146
171.0,0.001382417356914358
171.08333333333331,0.0019679244412008066
171.16666666666666,0.0009491453226117012
171.25,0.001810396666728011
171.33333333333331,0.0019322408765181406
171.41666666666666,0.0010767188489008118
171.5,0.0005121090308006437
171.58333333333331,0.00026195737932118427
171.66666666666666,0.0007252376692344632
171.75,0.0005026922729626849
171.83333333333331,0.0014350641046626017
171.91666666666666,0.0018404208411852542
172.0,0.0006833137416292567
172.08333333333331,0.00040456234000926366
172.16666666666666,0.0013454194603530617
172.25,0.0010101253649632276
172.33333333333331,0.0012252237397404344
172.41666666666666,0.00043262701619630655
172.5,0.0004121201420057552
172.58333333333331,0.0006092737238859986
172.66666666666666,0.00074560536256524
172.75,0.0010203771394363117
172.83333333333331,0.0015719401105323662
172.91666666666666,0.0013739666600566564
173.0,0.0015005982382443857
173.08333333333331,0.001408740651905295
173.16666666666666,0.002233541814350376
173.25,0.0018194499872640653
173.33333333333331,0.0012704786006954
173.41666666666666,0.0006425564111044656
173.5,0.0013865471518576097
173.58333333333331,0.0012051820201940894
173.66666666666666,0.00021766886117436076
173.75,0.00017178469102277318
173.83333333333331,0.0017136487269653565
173.91666666666666,0.0028653662704831895
174.0,0.003023591461616916
174.08333333333331,0.0020710879690174423
174.16666666666666,0.0013997776824816869
174.25,0.000549777651263669
174.33333333333331,0.0015364860214508677
174.41666666666666,0.0017227885304976602
174.5,0.0006997499821232734
174.58333333333331,0.000652982943406619
174.66666666666666,0.00041438185018558466
174.75,0.0006738704216453917
174.83333333333331,0.0013813836968596506
174.91666666666666,0.001930640028073143
175.0,0.001606119033480041
175.08333333333331,0.0016907059232043507
175.16666666666666,0.000957975022742127
175.25,0.0011982297200948907
175.33333333333331,0.0019134159760428547
175.41666666666666,0.0009671801443616207
175.5,0.0008193496292840899
175.58333333333331,0.0017047333710722397
175.66666666666666,0.0007745453039825396
175.75,0.0012224276404750342
175.83333333333331,0.001192492179897318
175.91666666666666,0.0007455048694006832
176.0,0.0003319557256985358
176.08333333333331,0.0014524488170212272
176.16666666666666,0.0012291009149718675
176.25,0.0015607752217906496
176.33333333333331,0.001081140474613157
176.41666666666666,0.0016012791766879498
176.5,0.0021916700992946152
176.58333333333331,0.0012249340778309186
176.66666666666666,0.0008397337334059323
176.75,0.0009388896961867796
176.83333333333331,0.0006391597143892816
176.91666666666666,0.00023122348372548536
177.0,0.0005717469049750008
177.08333333333331,0.0007615347688168622
177.16666666666666,0.0011752446927682418
177.25,0.001311540417539922
177.33333333333331,0.0003413122829727623
177.41666666666666,0.0013738897583275144
177.5,0.001175628743702517
177.58333333333331,0.0018537406707713133
177.66666666666666,0.0025339421528280735
177.75,0.0013012037547348839
177.83333333333331,0.0006349688598666205
177.91666666666666,0.0008622750585910947
178.0,0.0009190944156820121
178.08333333333331,0.0027787565410899266
178.16666666666666,0.002038624239023414
178.25,0.00024785682742618027
178.33333333333331,0.001756553760177054
178.41666666666666,0.002930706703383125
178.5,0.0020018236686215104
178.58333333333331,0.000746692035713499
178.66666666666666,0.002454236206755845
178.75,0.002052103300918958
178.83333333333331,0.0010819754555719506
178.91666666666666,0.0008608370934413161
179.0,0.000657458028211123
179.08333333333331,0.0005128137965747405
179.16666666666666,0.0014900910704409359
179.25,0.0014242174344304653
179.33333333333331,0.0009701178580246043
179.41666666666666,0.0011056504260313202
179.5,0.0017589432915650516
179.58333333333331,0.0010387133925743289
179.66666666666666,0.0011117454369539636
179.75,0.001948132392858271
179.83333333333331,0.0010450775850955997
179.91666666666666,0.00039617627138018914
180.0,0.0005227096700395337
180.08333333333331,0.0014235411736125173
180.16666666666666,0.0014355823143797064
180.25,0.0010319801798983573
180.33333333333331,0.00034941547312578703
180.41666666666666,0.0008380130217120901
180.5,0.0004212415825350516
180.58333333333331,0.001405137553593005
180.66666666666666,0.0014239445508176364
180.75,0.00023793653734520865
180.83333333333331,0.0007807155763213822
180.91666666666666,0.0013176614294498738
181.0,0.0008865256958913349
181.08333333333331,0.0009511892462699846
181.16666666666666,0.0009031001962781936
181.25,0.00023180734669329454
181.33333333333331,0.00027546807517021994
181.41666666666666,0.0004270739156658264
181.5,0.001528195330708975
181.58333333333331,0.00122046626787246
181.66666666666666,0.0007245068744058766
181.75,0.0004963148407959149
181.83333333333331,0.00042390397042123984
181.91666666666666,0.0006861247588406222
182.0,0.001264871786686386
182.08333333333331,0.0015802965063833304
182.16666666666666,0.0013920452222368886
182.25,0.0008639214048123803
182.33333333333331,0.001327335396673979
182.41666666666666,0.0019423169268558112
182.5,0.0012757390571467983
182.58333333333331,0.0009685485797347571
182.66666666666666,0.0010067996418118383
182.75,0.0001408167179483621
182.83333333333331,0.0004674993198925258
182.91666666666666,0.0008666445140889218
183.0,0.0006799824111605434
183.08333333333331,0.0005872112793800873
183.16666666666666,0.0004607404350342629
183.25,0.001292409300343279
183.33333333333331,0.0010529970012437579
183.41666666666666,0.0006097519328777069
183.5,0.0002903718209321157
183.58333333333331,0.0009897643157617954
183.66666666666666,0.0012190118967819825
183.75,0.001894988900284996
183.83333333333331,0.002462492338371845
183.91666666666666,0.0018532859260516259
184.0,0.0010557914430847745
184.08333333333331,0.0007051492792992552
184.16666666666666,0.0006283995885170927
184.25,0.0006362611422050452
184.33333333333331,0.0007096660082566853
184.41666666666666,0.00038527079174917355
184.5,0.0010227434377408952
184.58333333333331,0.0004345358578936034
184.66666666666666,0.0008620785543946462
184.75,0.0014056024676860712
184.83333333333331,0.001476339164971744
184.91666666666666,0.0016625547165201664
185.0,0.002407966586744495
185.08333333333331,0.0013341139994100712
185.16666666666666,0.0011322667405201767
185.25,0.0022688073114267545
185.33333333333331,0.0020878443709209374
185.41666666666666,0.0012234565771247598
185.5,0.0005830947829829537
185.58333333333331,0.0010559753771867716
185.66666666666666,0.0013058483762966918
185.75,0.0003456761302604314
185.83333333333331,0.0007614770351826052
185.91666666666666,0.0008072873485317396
186.0,0.0008779826840926425
186.08333333333331,0.0010272699487347894
186.16666666666666,0.0003472772766199745
186.25,0.0002737797543677785
186.33333333333331,0.0002890491149543842
186.41666666666666,0.0004720723205327426
186.5,0.0008800887136271103
186.58333333333331,0.00048169450497145556
186.66666666666666,0.0004261684664463277
186.75,0.00124837828713843
186.83333333333331,0.0017340907301223022
186.91666666666666,0.0016462691935149893
187.0,0.0019738265439866154
187.08333333333331,0.0028331137117888804
187.16666666666666,0.0024148236765207136
187.25,0.00018959004436008343
187.33333333333331,0.0011122375062510895
187.41666666666666,0.0005822691240436498
187.5,0.0001675807307086905
187.58333333333331,0.0006122671681771316
187.66666666666666,4.779037726709465e-05
187.75,0.0006851569058413478
187.83333333333331,0.0014248631126826134
187.91666666666666,0.0009813920727564495
188.0,0.0004937068882972309
188.08333333333331,0.0008927554578832695
188.16666666666666,0.0008869471059530437
188.25,0.0006206409001825809
188.33333333333331,0.0008777342392655655
188.41666666666666,0.0010587703664306813
188.5,0.000549707628104876
188.58333333333331,0.00040117777812196564
188.66666666666666,0.0005063241461326425
188.75,0.000439861309069269
188.83333333333331,0.0002236219770339619
188.91666666666666,0.001414774690501416
189.0,0.002304490658483998
189.08333333333331,0.002508626545092425
189.16666666666666,0.002149910204889265
189.25,0.0012438805063864466
189.33333333333331,0.0009530909280076562
189.41666666666666,0.0013738173063830151
189.5,0.0022349178664781847
189.58333333333331,0.0015758857160387614
189.66666666666666,0.0006433267900847561
189.75,0.0020554316670045258
189.83333333333331,0.0026116145827618877
189.91666666666666,0.0012073374393767912
190.0,0.0007626400838471482
190.08333333333331,0.0007803951910589077
190.16666666666666,0.00035494539932943867
190.25,0.001235908375129782
190.33333333333331,0.0014284051740408152
190.41666666666666,0.0015693464489513022
190.5,0.0011100685044173138
190.58333333333331,0.0012068908844197132
190.66666666666666,0.0012015933842828101
190.75,0.0008379119663828191
190.83333333333331,0.0004597454235282381
190.91666666666666,0.0003991390045812099
191.0,0.000760626726964619
191.08333333333331,0.0012656631023769682
191.16666666666666,0.0015145569126831574
191.25,0.0010539615772492117
191.33333333333331,0.00045645941600296525
191.41666666666666,0.00047086293781485215
191.5,0.0005446349055099825
191.58333333333331,0.0010850463232869154
191.66666666666666,0.0015748939383118277
191.75,0.001139770924479817
191.83333333333331,0.0002867272034557031
191.91666666666666,0.001600789479750039
192.0,0.002010051408073349
192.08333333333331,0.0010776978319819615
192.16666666666666,0.0014134997074011846
192.25,0.0013570332935963437
192.33333333333331,0.00101109058942045
192.41666666666666,0.0009783390989835546
192.5,0.0004154292911376953
192.58333333333331,0.00038755497355487384
192.66666666666666,0.0009729857281273431
192.75,0.0016378058309631934
192.83333333333331,0.0007884858827491761
192.91666666666666,0.0006201813454298488
193.0,0.0006788559269971263
193.08333333333331,0.0010534378422954512
193.16666666666666,0.0008599957364523144
193.25,0.0008715701801145937
193.33333333333331,0.0005286442434351764
193.41666666666666,0.0015052368871162642
193.5,0.0016531281803955295
193.58333333333331,0.000488999449305079
193.66666666666666,0.001344092157089478
193.75,0.0008873937171614243
193.83333333333331,0.0008149186472663258
193.91666666666666,0.00023564706190985727
194.0,0.001156221555116113
194.08333333333331,0.0016118084710202397
194.16666666666666,0.0013495279065851183
194.25,0.0012825289099578756
194.33333333333331,0.0016929697475543601
194.41666666666666,0.000988039173486398
194.5,0.0006700204806272732
194.58333333333331,0.0004388288937728976
194.66666666666666,0.0009254827676592411
194.75,0.0004975918354258048
194.83333333333331,0.00015178147953073243
194.91666666666666,0.0011520404922926145
195.0,0.0008730976895200401
195.08333333333331,0.0009092527327594768
195.16666666666666,0.0007317081619455144
195.25,0.0008640480041992711
195.33333333333331,0.0018386951734891753
195.41666666666666,0.002063872898789534
195.5,0.0015955404765656297
195.58333333333331,0.000505142730997597
195.66666666666666,0.0004608146362306183
195.75,0.0003270952468768336
195.83333333333331,0.0003090951333283617
195.91666666666666,0.0002992250367057688
196.0,0.0005999163608325982
196.08333333333331,0.00046877719599991804
196.16666666666666,0.0010602180467227118
196.25,0.0007398404740791521
196.33333333333331,0.000696121161985607
196.41666666666666,0.0008200393998083895
196.5,0.000563950039216223
196.58333333333331,0.0012246255486788441
196.66666666666666,0.001433443506792571
196.75,0.0013285265711332176
196.83333333333331,0.0004703506775008577
196.91666666666666,0.0009045895913162988
197.0,0.0007355755287850365
197.08333333333331,0.001067430812118567
197.16666666666666,0.0016124361762165282
197.25,0.000353412254083049
197.33333333333331,0.00030492274607692654
197.41666666666666,0.0019303274455103453
197.5,0.0024821371770529467
197.58333333333331,0.001783311987455264
197.66666666666666,0.001267730576356121
197.75,0.0006995398829956145
197.83333333333331,0.0005826776734833566
197.91666666666666,0.001585543210348242
198.0,0.0007507458124876698
198.08333333333331,0.0012446782892862511
198.16666666666666,0.001960953458345317
198.25,0.0016121759499061875
198.33333333333331,0.0012605190565076086
198.41666666666666,0.0009048798247853629
198.5,0.00044157310105843686
198.58333333333331,0.0011415065390662454
198.66666666666666,0.001593189972742031
198.75,0.0016866929762372844
198.83333333333331,0.0015939894062831919
198.91666666666666,0.000926955954897217
199.0,0.0013750619457126745
199.08333333333331,0.0006626446782448053
199.16666666666666,0.0012207226605974635
199.25,0.000618562886012208
199.33333333333331,0.0017956438076571792
199.41666666666666,0.0018681008243016434
199.5,0.0011172736452689177
199.58333333333331,0.0010490220893537236
199.66666666666666,0.0013948845564478634
199.75,0.0011688719132417473
199.83333333333331,0.0010627996347075195
199.91666666666666,0.0005952380698825766
200.0,0.0011802908921928182
200.08333333333331,0.0019090837080912703
200.16666666666666,0.0028342290703563386
200.25,0.0026695289507736807
200.33333333333331,0.0021541297658613737
200.41666666666666,0.001972036923025468
200.5,0.0009039849125248382
200.58333333333331,0.0004065388042715669
200.66666666666666,0.0004816763391650978
200.75,0.0004343616433398564
200.83333333333331,0.000513982085160407
200.91666666666666,0.0002565552520153704
201.0,0.0012327363915004923
201.08333333333331,0.000844820717818282
201.16666666666666,0.0008485910035173367
201.25,5.2738856250429435e-05
201.33333333333331,0.0003322650246580419
201.41666666666666,0.0014589219789979718
201.5,0.0015263365137131223
201.58333333333331,0.0009887328036609435
201.66666666666666,0.0009949313867909058
201.75,0.0008597637942931893
201.83333333333331,0.0008624068796729484
201.91666666666666,0.0011668802027061831
202.0,0.0014735976781760775
202.08333333333331,0.0005981450386986261
202.16666666666666,0.0016000063980497684
202.25,0.0017579730604783202
202.33333333333331,0.0018789969533674312
202.41666666666666,0.0014183116536724313
202.5,0.0007784139207140023
202.58333333333331,0.0010721870837487914
202.66666666666666,0.0013391977766137174
202.75,0.0002960505814735189
202.83333333333331,0.0007674825942960773
202.91666666666666,0.0007538919290105751
203.0,0.0015558640527577544
203.08333333333331,0.0015391833067033146
203.16666666666666,0.0008418356920281333
203.25,0.0007381888786882339
203.33333333333331,0.0011277785758174732
203.41666666666666,0.0007377884756556289
203.5,0.0007535978992350434
203.58333333333331,0.0017576966482541353
203.66666666666666,0.0021942465345089336
203.75,0.0008186952377555129
203.83333333333331,0.0008685001728686126
203.91666666666666,0.0009406315327335934
204.0,0.0005007833339172245
204.08333333333331,0.0005055659216577837
204.16666666666666,0.0009562311307449508
204.25,0.00134926646394877
204.33333333333331,0.0006894514194554564
204.41666666666666,0.0007920651712027786
204.5,0.0012860779366773542
204.58333333333331,0.0016680203448049358
204.66666666666666,0.0020137837565821427
204.75,0.0011518029117814476
204.83333333333331,0.0001731165459483938
204.91666666666666,0.0011081551936048472
205.0,0.0014305209371385497
205.08333333333331,9.913328278351575e-05
205.16666666666666,0.0013868498632310274
205.25,0.0020148404520617127
205.33333333333331,0.001033754512801271
205.41666666666666,0.001187231876815099
205.5,0.0019098631707888446
205.58333333333331,0.0006026143989180993
205.66666666666666,0.0015867871103857495
205.75,0.0021192939249116438
205.83333333333331,0.00071973876625674
205.91666666666666,0.0012067543527946362
206.0,0.0008305446728823999
206.08333333333331,0.0004871554866534749
206.16666666666666,0.0010931517627227976
206.25,0.0009746062638258502
206.33333333333331,0.00020090151808734242
206.41666666666666,0.0008336543098097943
206.5,0.0006185487340985885
206.58333333333331,0.0008170745303872556
206.66666666666666,0.001541172161072355
206.75,0.0015013986976595908
206.83333333333331,0.0004570416682730874
206.91666666666666,0.0008977932682828487
207.0,0.0010916855003130427
207.08333333333331,0.0010416611642925244
207.16666666666666,0.0009511045684352242
207.25,0.0014639325987386683
207.33333333333331,0.0007209777479913356
207.41666666666666,0.0012174231246389114
207.5,0.00039580517285161545
207.58333333333331,0.0002889891205095431
207.66666666666666,0.0008709449909436208
207.75,0.001371606567743013
207.83333333333331,0.0005659624740593789
207.91666666666666,0.000584000920668644
208.0,0.000835860052945304
208.08333333333331,0.0003005210484217849
208.16666666666666,0.0005523345786618828
208.25,0.0005194924187627744
208.33333333333331,0.0005586588121844478
208.41666666666666,0.0006684622913705176
208.5,0.0011569752920665395
208.58333333333331,0.001122112197422192
208.66666666666666,0.002344512215839758
208.75,0.002373410126460702
208.83333333333331,0.00047698226903844406
208.91666666666666,0.0005847202427784145
209.0,0.0015424195255305617
209.08333333333331,0.0014671518100582825
209.16666666666666,0.0008534574752397431
209.25,0.0011456565097183549
209.33333333333331,0.0021743962148286227
209.41666666666666,0.001280477506502642
209.5,0.00041584475591366674
209.58333333333331,0.000824908691003553
209.66666666666666,0.0008052287065556226
209.75,0.00047048042033109795
209.83333333333331,0.0004649208372089596
209.91666666666666,0.0004148911425868945
210.0,0.0003735560899449115
210.08333333333331,0.0009617316484677116
210.16666666666666,0.0004895924070269857
210.25,0.0002736279124228535
210.33333333333331,0.0009733268340545896
210.41666666666666,0.002598444248527878
210.5,0.002456010401861728
210.58333333333331,0.0014590879045530596
210.66666666666666,0.0003396154038612708
210.75,0.0005416999647077494
210.83333333333331,0.0003860249934570415
210.91666666666666,0.0015100185415152906
211.0,0.0014428281438487926
211.08333333333331,0.0008404616834395527
211.16666666666666,0.0014100712666651335
211.25,0.001616519943383124
211.33333333333331,0.0007514331306286635
211.41666666666666,0.0008385158387339277
211.5,0.0012029668568638923
211.58333333333331,0.0014963563157230078
211.66666666666666,0.000687326741577511
211.75,0.0011739736476475723
211.83333333333331,0.002015360364698185
211.91666666666666,0.002580427688088429
212.0,0.0016396589940639813
212.08333333333331,0.00032249150586391055
212.16666666666666,0.0012173357923856887
212.25,0.002095257848631536
212.33333333333331,0.0018768413000545007
212.41666666666666,0.0008348189140298575
212.5,0.0005954280151651905
212.58333333333331,0.00023232314948874874
212.66666666666666,0.0005932044151020702
212.75,0.0010288743637839048
212.83333333333331,0.0010492678964606334
212.91666666666666,0.0005118676281017275
213.0,0.0016604932630937745
213.08333333333331,0.0011357839097972137
213.16666666666666,0.0006843962419981012
213.25,0.0011992593684376786
213.33333333333331,0.0014254382460528415
213.41666666666666,0.0010035809142517108
213.5,0.001267259284530181
213.58333333333331,0.0005376479041654535
213.66666666666666,0.0010261547924817318
213.75,0.0003067784578786559
213.83333333333331,0.0014831740350103228
213.91666666666666,0.0017880854677424262
214.0,3.9380190481617634e-05
214.08333333333331,0.0022423134959160948
214.16666666666666,0.0023801671602110526
214.25,0.0009145989361254678
214.33333333333331,0.0003900147544477252
214.41666666666666,0.0008017406938126258
214.5,0.0007960941812431144
214.58333333333331,0.0003659624363595203
214.66666666666666,0.0011467938650251762
214.75,0.0002119580796349346
214.83333333333331,0.0018140086343843129
214.91666666666666,0.0020805405784888624
215.0,0.000781867763062016
215.08333333333331,0.0018027910231603187
215.16666666666666,0.0024119308655111025
215.25,0.0018191416408504873
215.33333333333331,0.0007806417061542513
215.41666666666666,0.0007230895579105122
215.5,0.0002608070179855244
215.58333333333331,0.001339760623389554
215.66666666666666,0.0005868451141405492
215.75,0.0003622499705003656
215.83333333333331,0.00025726183315284457
215.91666666666666,0.0015882376479833744
216.0,0.002059958760422807
216.08333333333331,0.0010949069264103823
216.16666666666666,0.0006820390566846851
216.25,0.0007260167064277557
216.33333333333331,0.0003671673834861564
216.41666666666666,0.0009040212088195243
216.5,0.0003948138163269846
216.58333333333331,0.0014531878567416961
216.66666666666666,0.001524428888809329
216.75,0.00034335930153927896
216.83333333333331,0.0012583108202976864
216.91666666666666,0.0011214266431338108
217.0,0.000388826960515662
217.08333333333331,0.0009842856325664897
217.16666666666666,0.00039208739727237375
217.25,0.001144982002703116
217.33333333333331,0.0012361426361361127
217.41666666666666,0.0009532769568801141
217.5,0.0007042050873428994
217.58333333333331,0.0008710993935219406
217.66666666666666,0.0018061799947377037
217.75,0.00286042601781219
217.83333333333331,0.0027155065904624492
217.91666666666666,0.0017497116071807037
218.0,0.00112118738157283
218.08333333333331,0.0005576677445110008
218.16666666666666,0.0008163009267816581
218.25,0.0004978912735772822
218.33333333333331,0.0009487131121875969
218.41666666666666,0.0016389522541069613
218.5,0.0019306134175042361
218.58333333333331,0.002017271386966292
218.66666666666666,0.0007955756515186601
218.75,0.0011779991726731266
218.83333333333331,0.00038532499535023554
218.91666666666666,0.0009784948256247254
219.0,0.0006618393412801765
219.08333333333331,0.0014883215887453065
219.16666666666666,0.0012912148955527495
219.25,0.0008792731857052683
219.33333333333331,0.0012317416634750862
219.41666666666666,0.001555586433406409
219.5,0.0014804517425689228
219.58333333333331,0.0012286170233361227
219.66666666666666,0.0005386098500672453
219.75,0.0007843623114211153
219.83333333333331,0.0010159930753082902
219.91666666666666,0.0010266033896402932
220.0,0.0007290044238840521
220.08333333333331,0.0009493495530121063
220.16666666666666,0.0007515019794015587
220.25,0.0006594722141870039
220.33333333333331,0.0005721369406213432
220.41666666666666,0.0006830674609307702
220.5,0.0009031064645934676
220.58333333333331,0.00018866825648438003
220.66666666666666,0.00037750456153037707
220.75,0.0008800234331912903
220.83333333333331,0.0006989170586690161
220.91666666666666,0.00042423984776470894
221.0,0.0005577007828904361
221.08333333333331,0.0010549084282356536
221.16666666666666,0.00031559092198001055
221.25,0.0004619804205612017
221.33333333333331,0.0012028472360488505
221.41666666666666,0.0004789504633414089
221.5,0.0011170266205386596
221.58333333333331,0.0010633263383638665
221.66666666666666,0.0002457008012453055
221.75,0.0006903947652706871
221.83333333333331,0.0014447006586590244
221.91666666666666,0.0013623939583025332
222.0,0.0007773744147868384
222.08333333333331,0.0020336903269422587
222.16666666666666,0.0006643272253793645
222.25,0.0005513815270824057
222.33333333333331,0.0009225259647886457
222.41666666666666,0.0016960991234900628
222.5,0.0009833721431135884
222.58333333333331,0.001176598219584968
222.66666666666666,0.0012573162790919053
222.75,0.0011476551595479164
222.83333333333331,0.0010475069056658454
222.91666666666666,0.0015910602478953456
223.0,0.0015936496785017998
223.08333333333331,0.0010781136174379863
223.16666666666666,0.0014276715594473256
223.25,0.00179882358551326
223.33333333333331,0.0016886346113417564
223.41666666666666,0.0010261775416585428
223.5,0.0007865708677223642
223.58333333333331,0.0008306542351928694
223.66666666666666,0.0009305158019648907
223.75,0.0006108872036757461
223.83333333333331,0.0002714376512552287
223.91666666666666,0.0009674828011963203
224.0,0.0018710770193168548
224.08333333333331,0.001088564925822402
224.16666666666666,0.0008786036199836462
224.25,0.001975970598139251
224.33333333333331,0.0015269224754910335
224.41666666666666,0.0005429794735855352
224.5,0.00046060786263056656
224.58333333333331,0.0007093869209236121
224.66666666666666,0.0010436310072793498
224.75,0.0011559337648860033
224.83333333333331,0.0006595761089767825
224.91666666666666,0.0008841343070677481
225.0,0.0007417724850745754
225.08333333333331,0.0004936027924282274
225.16666666666666,0.000875750307575398
225.25,0.0012549393360832776
225.33333333333331,0.0003641834500254003
225.41666666666666,0.00038092752693808505
225.5,0.0008347704611145527
225.58333333333331,0.0010768616320503616
225.66666666666666,0.001071642293593048
225.75,0.0006225797936129837
225.83333333333331,0.001224077575764456
225.91666666666666,0.0015335931586791056
226.0,0.002133084612200018
226.08333333333331,0.0022094080410387175
226.16666666666666,0.0014599762171317945
226.25,0.0005036409036909058
226.33333333333331,0.0017119092899573472
226.41666666666666,0.002460282160814472
226.5,0.001409724193275641
226.58333333333331,0.0006351278683000938
226.66666666666666,0.0009748769096353136
226.75,0.00043725955315139276
226.83333333333331,0.0016918364890251216
226.91666666666666,0.00087001484321557
227.0,0.001884836711141245
227.08333333333331,0.002148352327448756
227.16666666666666,0.0012837296762556924
227.25,0.0010626172344642614
227.33333333333331,0.0014037227852432403
227.41666666666666,0.0006204090192399107
227.5,0.001253301842250663
227.58333333333331,0.0016333602527296499
227.66666666666666,0.0005573519890071945
227.75,0.0007653494083102773
227.83333333333331,0.0014399122192767819
227.91666666666666,0.0008367853204645985
228.0,0.00036807043762951896
228.08333333333331,0.0008833690122343854
228.16666666666666,0.001116628325525754
228.25,0.0005749734067582806
228.33333333333331,0.0005766555196837225
228.41666666666666,0.000725870766573765
228.5,0.001665911299121122
228.58333333333331,0.0009682338127529011
228.66666666666666,0.00011871912798094506
228.75,0.0008332325896919045
228.83333333333331,0.0009075257478521018
228.91666666666666,0.00043696908147003514
229.0,0.0008048116913773352
229.08333333333331,0.0006579873985383575
229.16666666666666,0.0003826762973107125
229.25,0.00029601421238666104
229.33333333333331,0.0011400811479939813
229.41666666666666,0.0010110336644212025
229.5,0.0004756334656535714
229.58333333333331,0.0008345663213169651
229.66666666666666,0.0011482669296503328
229.75,0.0012488515272987414
229.83333333333331,0.0003940180699685118
229.91666666666666,0.001916188519268849
230.0,0.0018464925842525963
230.08333333333331,0.001982438034184049
230.16666666666666,0.0012868753027418807
230.25,0.000328297995095514
230.33333333333331,0.0008265554191076679
230.41666666666666,0.0012948391587063995
230.5,0.0009360928648445427
230.58333333333331,0.0008848380884282711
230.66666666666666,0.0016959254092199232
230.75,0.0019915441527618557
230.83333333333331,0.0014182159603441226
230.91666666666666,0.0014234168892857024
231.0,0.0009625379476004438
231.08333333333331,0.0010002542490350464
231.16666666666666,0.0010854258407088171
231.25,0.000862830596915678
231.33333333333331,0.00023513407147125306
231.41666666666666,0.0008537076383122057
231.5,0.00163984551787688
231.58333333333331,0.0003351983120611502
231.66666666666666,0.0010536473698573238
231.75,0.0004886055353130885
231.83333333333331,0.0014318551366621951
231.91666666666666,0.0006888777484014993
232.0,0.0012237177221033966
232.08333333333331,0.0002745651762955936
232.16666666666666,0.0018936703826938966
232.25,0.001694815268967365
232.33333333333331,0.0005822949596059446
232.41666666666666,0.0002560200672855023
232.5,0.0006380692197391403
232.58333333333331,0.00020492427336053876
232.66666666666666,0.0006842487128598217
232.75,0.0020084174068885365
232.83333333333331,0.0018752836236906
232.91666666666666,0.0005676570024259534
233.0,0.001728888872929615
233.08333333333331,0.0010426581884699915
233.16666666666666,0.0008398033159969822
233.25,0.0017202660139815583
233.33333333333331,0.0017508558736465361
233.41666666666666,0.0015182652673980217
233.5,0.001386502808241131
233.58333333333331,0.0005835433830097711
233.66666666666666,0.0005230352820470706
233.75,0.000994966595591585
233.83333333333331,0.0010526234820480327
233.91666666666666,0.002230282074002509
234.0,0.0023716094330003402
234.08333333333331,0.001918886941852532
234.16666666666666,0.0014678844849098792
234.25,0.0016757600664374245
234.33333333333331,0.001846743052083729
234.41666666666666,0.000597921910055899
234.5,0.0009879496304593532
234.58333333333331,0.0017512370665918495
234.66666666666666,0.0025720008477520947
234.75,0.0023479938988434025
234.83333333333331,0.0010326023998186672
234.91666666666666,0.0014892925842714404
235.0,0.0015891746195154245
235.08333333333331,0.0006008441560252664
235.16666666666666,0.0010387212336287332
235.25,0.0006855332723407315
235.33333333333331,0.0007118674536415814
235.41666666666666,0.0009854037433435954
235.5,0.0012366566951467564
235.58333333333331,0.0008610627113045825
235.66666666666666,0.0005933990484559712
235.75,0.00043171741596507085
235.83333333333331,0.0005307912415839382
235.91666666666666,0.0005699733139915405
236.0,0.0006375447069038773
236.08333333333331,0.000630136602989639
236.16666666666666,0.001110317938417615
236.25,0.0011989507313282257
236.33333333333331,0.0013651943944275862
236.41666666666666,0.0006112631525488033
236.5,0.0010070348917279655
236.58333333333331,0.00036285838825393673
236.66666666666666,0.0009656347571457956
236.75,0.0009100942733784464
236.83333333333331,0.0007220961846329451
236.91666666666666,0.0008097448692312176
237.0,0.0014008019140817436
237.08333333333331,0.0006526105247233154
237.16666666666666,0.00020648598993506408
237.25,0.0009469932508686189
237.33333333333331,0.00135598783151928
237.41666666666666,9.816048964379707e-05
237.5,0.0011465887755664806
237.58333333333331,0.00041334051141473754
237.66666666666666,0.0010405917255504283
237.75,0.0015202486159460714
237.83333333333331,0.0007330359617852559
237.91666666666666,0.0007071423635650387
238.0,0.0018647466479602922
238.08333333333331,0.001730529514996801
238.16666666666666,0.0011933799937862187
238.25,0.001063623648118493
238.33333333333331,0.0006711967728562149
238.41666666666666,0.00140423957864357
238.5,0.001007056374767889
238.58333333333331,0.0007685146829191918
238.66666666666666,0.0009177718120925119
238.75,0.0006672636478062964
238.83333333333331,0.00024884198956258717
238.91666666666666,0.0010337019535893762
239.0,0.0006211711626279847
239.08333333333331,0.001310673781807287
239.16666666666666,0.001825622397683959
239.25,0.0011426192213462054
239.33333333333331,0.0007468454173987057
239.41666666666666,0.00016335226535372593
239.5,0.0008889927947258802
239.58333333333331,0.00070949707103918
239.66666666666666,0.0011351201345362826
239.75,0.00046817572652743504
239.83333333333331,0.0005643998553860979
239.91666666666666,0.00026754494996114174
240.0,0.0012405784894932007
240.08333333333331,0.0009604205434405757
240.16666666666666,0.0008715050350416492
240.25,0.0008635024805781746
240.33333333333331,0.000596082158807985
240.41666666666666,0.0014613909720173426
240.5,0.0011298272104017534
240.58333333333331,0.000803019564319134
240.66666666666666,0.0008302594796578714
240.75,0.0014176459459474438
240.83333333333331,0.0014577097060974465
240.91666666666666,0.0015627877244942336
241.0,0.0011277670738703977
241.08333333333331,0.0010430412773372458
241.16666666666666,0.0019817881903824172
241.25,0.002073040477999125
241.33333333333331,0.0010208024812133234
241.41666666666666,0.0010705883355825738
241.5,0.0010173573508907403
241.58333333333331,0.00015132412082941385
241.66666666666666,0.0011267022272815773
241.75,0.0014817578514300686
241.83333333333331,0.0019032246655255227
241.91666666666666,0.001399314300989104
242.0,0.0006202253888240523
242.08333333333331,0.0008175601100763589
242.16666666666666,0.0009409304802767284
242.25,0.0004321911240549365
242.33333333333331,0.0012127997302295557
242.41666666666666,0.0011364405069295442
242.5,0.0006578463328880026
242.58333333333331,0.0006805394563167546
242.66666666666666,0.0008511762033192157
242.75,0.0010443491088460276
242.83333333333331,0.001076927026058586
242.91666666666666,0.0014840690769022402
243.0,0.0010713768925300013
243.08333333333331,0.0009052230595863593
243.16666666666666,5.93954334373312e-05
243.25,0.0005563100089274882
243.33333333333331,0.0005426590086472518
243.41666666666666,0.0007562528831498435
243.5,0.0007585070189590689
243.58333333333331,0.0003569396425639098
243.66666666666666,0.0005295876842672611
243.75,0.0005464567239704888
243.83333333333331,0.0008720421606484366
243.91666666666666,0.0007619964657014343
244.0,0.000722001348154128
244.08333333333331,0.0007802230314506287
244.16666666666666,0.00035115759687892904
244.25,0.001431387930154634
244.33333333333331,0.0016874198440407554
244.41666666666666,0.0009002197362572863
244.5,0.0012297754322758512
244.58333333333331,0.001263906549327886
244.66666666666666,0.0011707541987410347
244.75,0.0003347362121017396
244.83333333333331,0.001018546467684474
244.91666666666666,0.0014761862636336798
245.0,0.0010755852579136438
245.08333333333331,0.00047395307652990773
245.16666666666666,0.0020493840960459585
245.25,0.0021874047759329503
245.33333333333331,0.0008929932640174595
245.41666666666666,0.0015518538851348415
245.5,0.0014687897961982795
245.58333333333331,0.0016747725311589232
245.66666666666666,0.001725292801823559
245.75,0.0017474450622038881
245.83333333333331,0.0015708422712635652
245.91666666666666,0.0007283468933799277
246.0,0.0009522814991226079
246.08333333333331,0.00039941414159115455
246.16666666666666,0.00033185885529843427
246.25,0.00047005943830031346
246.33333333333331,0.0008986820932052107
246.41666666666666,0.0009840802350476517
246.5,0.0009240009267450703
246.58333333333331,0.0010783293990663289
246.66666666666666,0.0008991936974762722
246.75,0.0014793838105086987
246.83333333333331,0.000994149485928865
246.91666666666666,0.0013568592245795223
247.0,0.0004037648506714679
247.08333333333331,0.00042551652692228203
247.16666666666666,0.0001100184249011908
247.25,0.0005300487462047769
247.33333333333331,0.0006772225372809713
247.41666666666666,0.00039754283369437013
247.5,0.0001731889713231601
247.58333333333331,0.0008338895447717323
247.66666666666666,0.0006710228265332851
247.75,0.0008858088386255147
247.83333333333331,0.00015127447191710637
247.91666666666666,0.0010314058218915806
248.0,0.0010100786878667353
248.08333333333331,0.0006025373404592276
248.16666666666666,0.0009904690914241071
248.25,0.0008902687371167329
248.33333333333331,0.0006334471183618685
248.41666666666666,0.0013393512585197008
248.5,0.001287853788981687
248.58333333333331,0.001516671195008736
248.66666666666666,0.0015944710401475872
248.75,0.000859206139921511
248.83333333333331,0.0003755399064163449
248.91666666666666,0.0010033758072247048
249.0,0.001731993311497089
249.08333333333331,0.0007778986382177143
249.16666666666666,0.00043871214348784905
249.25,0.0009112571567592268
249.33333333333331,0.0006964260777646987
249.41666666666666,0.0006281352347917604
249.5,0.0016416502687931114
249.58333333333331,0.0010891219512816485
249.66666666666666,0.002113731436572362
249.75,0.0011920998610830656
249.83333333333331,0.0014859933162573158
249.91666666666666,0.001770291371484169
250.0,0.0007981612009632653
250.08333333333331,0.0014207131512156356
250.16666666666666,0.0010178013370845357
250.25,0.0009204676772737859
250.33333333333331,0.0005742605711883481
250.41666666666666,0.00040669966379078623
250.5,0.0008671236711169844
250.58333333333331,0.0014241872624408227
250.66666666666666,0.002007420021184295
250.75,0.0006385879408253131
250.83333333333331,0.0015176363023854877
250.91666666666666,0.0009795440738076858
251.0,0.0010068598475889252
251.08333333333331,0.0020471865599019576
251.16666666666666,0.0005094434937876938
251.25,0.0013027020813061855
251.33333333333331,0.0005873555227532571
251.41666666666666,0.0006923418492309777
251.5,0.0005800499405973398
251.58333333333331,0.0007414300569133299
251.66666666666666,0.0010423339429265846
251.75,0.000938592386388877
251.83333333333331,0.001532528858676309
251.91666666666666,0.0016359908703566935
252.0,0.0005303631290092112
252.08333333333331,0.0009587896177456275
252.16666666666666,0.0008651947367864502
252.25,0.0011744166780828875
252.33333333333331,0.0009508290420894593
252.41666666666666,0.0014461285209544817
252.5,0.0017294300687845869
252.58333333333331,0.0010373007811549536
252.66666666666666,0.0005468316896306615
252.75,0.0010136991087905762
252.83333333333331,0.0006675069158780076
252.91666666666666,0.000563310731364703
253.0,0.0005028901620010887
253.08333333333331,0.001739542304137007
253.16666666666666,0.0018963366851320036
253.25,0.0007363652989543118
253.33333333333331,0.0007441179597476873
253.41666666666666,0.00126045140992202
253.5,0.0014000342025390392
253.58333333333331,0.0012074114079228219
253.66666666666666,0.001002738384232595
253.75,0.00045751643412909204
253.83333333333331,0.0010663423759556016
253.91666666666666,0.0011954124420977396
254.0,0.00023858124989901763
254.08333333333331,0.001520219441838414
254.16666666666666,0.00229205175865816
254.25,0.001150449243489981
254.33333333333331,0.00115513704684489
254.41666666666666,0.0018463920904954196
254.5,0.001520595283266649
254.58333333333331,0.0009254158568640949
254.66666666666666,0.0001928836250207244
254.75,0.0007763303139777054
254.83333333333331,0.0006791572719996706
254.91666666666666,0.0004884902006453605
255.0,0.0006408313941976036
255.08333333333331,0.0008132626268201685
255.16666666666666,0.00016060459300484798
255.25,0.0006128355849371104
255.33333333333331,0.0009344757671306073
255.41666666666666,0.0005330990400836377
255.5,0.0008779648610722685
255.58333333333331,0.0009810415167902794
255.66666666666666,0.0006350549407341406
255.75,0.0008040545596649684
255.83333333333331,0.0007301739537915425
255.91666666666666,0.0013128501937278434
256.0,0.0012678949834919505
256.0833333333333,0.00010603374029591743
256.16666666666663,0.0013373784154010596
256.25,0.0015733766279534707
256.3333333333333,0.001173754556828205
256.41666666666663,0.00046668345072317446
256.5,0.0016578288520530198
256.5833333333333,0.0025269476843912705
256.66666666666663,0.002455479217529998
256.75,0.0016066509474957358
256.8333333333333,0.0006289269241756026
256.91666666666663,0.00035253714864611906
257.0,0.0008092459898842644
257.0833333333333,0.0011862073675556468
257.16666666666663,0.0008532705829990565
257.25,8.817287443314827e-05
257.3333333333333,0.00013093038583697939
257.41666666666663,0.0004175039308926709
257.5,0.0005272740026980239
257.5833333333333,0.0011424123362935006
257.66666666666663,0.0017717993015118646
257.75,0.0006087974522667473
257.8333333333333,0.0007869697188827152
257.91666666666663,0.00015914124269624094
258.0,0.0006424569375483335
258.0833333333333,0.0017249662205010275
258.16666666666663,0.0019620252799241334
258.25,0.0015587611483175285
258.3333333333333,0.0017840295694732408
258.41666666666663,0.002483732789206499
258.5,0.0021652175571865145
258.5833333333333,0.0019214813574707907
258.66666666666663,0.0010786474956182201
258.75,0.0004243269349415076
258.8333333333333,0.0013066079153278608
258.91666666666663,0.0008152130557753935
259.0,0.00028529097673187436
259.0833333333333,0.0002589363863908129
259.16666666666663,0.0005495851641473717
259.25,0.0008788960026011477
259.3333333333333,0.001500012365918182
259.41666666666663,0.0016058303706241398
259.5,0.0011295392347273863
259.5833333333333,0.00042452329103053556
259.66666666666663,0.0007073398419919241
259.75,0.0009243211092929741
259.8333333333333,0.0007994443811579302
259.91666666666663,0.001004315717709464
260.0,0.0010689458439672892
260.0833333333333,0.0012610375867964786
260.16666666666663,0.0017004109280554928
260.25,0.0010898275771149219
260.3333333333333,0.001083339340732682
260.41666666666663,0.00046605298392305073
260.5,0.0006246229248998864
260.5833333333333,0.00034500812160565036
260.66666666666663,0.0009756594742605693
260.75,0.0008872232315242226
260.8333333333333,0.001915656518463912
260.91666666666663,0.002115191229745092
261.0,0.0006096033161313561
261.0833333333333,0.0010220018192779814
261.16666666666663,0.0013567527370795729
261.25,0.00011967976985078386
261.3333333333333,0.0012312806374784374
261.41666666666663,0.0012745484322273124
261.5,0.000947699276710009
261.5833333333333,0.0006406739619564097
261.66666666666663,0.0006293903012289547
261.75,0.0007218348670504492
261.8333333333333,0.00042775697608722976
261.91666666666663,0.0006041766478056386
262.0,0.0007675533158184043
262.0833333333333,0.0006075671371487204
262.16666666666663,0.00036932295848454537
262.25,0.0007899423337812476
262.3333333333333,0.000512891812274833
262.41666666666663,0.0007666159732700369
262.5,0.0005311899641421867
262.5833333333333,0.0011017336443388604
262.66666666666663,0.001753220224517574
262.75,0.0017565404018920021
262.8333333333333,0.0007090559271887682
262.91666666666663,0.00022729915680459254
263.0,0.0003985468432246288
263.0833333333333,0.0006479957762032699
263.16666666666663,0.0008925607636683041
263.25,0.0009715600822426331
263.3333333333333,0.0012615395675566322
263.41666666666663,0.0009820191859134582
263.5,0.0012923829166160956
263.5833333333333,0.001289501808398505
263.66666666666663,0.0010104852839776456
263.75,0.000343071594690949
263.8333333333333,0.0006908002790438972
263.91666666666663,0.0014690556977466325
264.0,0.0011261400292783541
264.0833333333333,0.0014721223509128458
264.16666666666663,0.0017004015334650421
264.25,0.00140074121946467
264.3333333333333,0.0010799994067143008
264.41666666666663,0.0003313638440180619
264.5,0.0016938167593003367
264.5833333333333,0.0020186189339019152
264.66666666666663,0.00032738924067488365
264.75,0.0011135420010039445
264.8333333333333,0.0008760412857314481
264.91666666666663,0.0007220560817448828
265.0,0.0012807161157338278
265.0833333333333,0.0008191932058458798
265.16666666666663,0.0009130445867353848
265.25,0.0014587590227508871
265.3333333333333,0.0016017331869006529
265.41666666666663,0.0015780102827828643
265.5,0.0008350133695251033
265.5833333333333,0.001165934766454938
265.66666666666663,0.0007538989764060438
265.75,0.0009606157820422134
265.8333333333333,0.0006531322590418609
265.91666666666663,0.0012308998207013963
266.0,0.0012503232480009032
266.0833333333333,0.00243036675826529
266.16666666666663,0.0017874718695458087
266.25,0.00027373145988044307
266.3333333333333,0.0007942847516176597
266.41666666666663,0.000530905430344039
266.5,0.00047224184522050836
266.5833333333333,0.0012911150084719794
266.66666666666663,0.002011263587115694
266.75,0.0020612167441318957
266.8333333333333,0.0016781189967850288
266.91666666666663,0.0010969846209901107
267.0,0.0007164614463286956
267.0833333333333,0.0008762744995460274
267.16666666666663,0.0012107655295191147
267.25,0.0008965448485665132
267.3333333333333,0.0008794828187402666
267.41666666666663,0.0008535014332787259
267.5,0.0007990099414338814
267.5833333333333,0.0008582840859381921
267.66666666666663,0.0005813890190503884
267.75,0.0005854007568089632
267.8333333333333,0.0004143204033188474
267.91666666666663,0.0004097303166605235
268.0,0.0015882086228623628
268.0833333333333,0.001989293565039872
268.16666666666663,0.0008240216360380441
268.25,0.0001699983586297273
268.3333333333333,0.00040651291786550847
268.41666666666663,0.0008521928065265126
268.5,0.00048298357933302267
268.5833333333333,0.0006327401022038235
268.66666666666663,0.0001928209634113586
268.75,0.0005751026479445881
268.8333333333333,0.0006760513266714456
268.91666666666663,0.001331456965108267
269.0,0.00041279109012982355
269.0833333333333,0.0005108325357971044
269.16666666666663,0.00012095590244068247
269.25,0.0008639210373640045
269.3333333333333,0.0007483305024405349
269.41666666666663,0.0008317289354449936
269.5,0.0009774133268266288
269.5833333333333,0.0007204610173230633
269.66666666666663,0.0003193033755622423
269.75,0.00044253219888366484
269.8333333333333,0.0010794830255687552
269.91666666666663,0.0008698232316920148
270.0,0.0005359882714175587
270.0833333333333,0.0015575542283136259
270.16666666666663,0.0009840124670313043
270.25,0.0006339604996168086
270.3333333333333,0.0007082607519119333
270.41666666666663,0.0012110519839147408
270.5,0.0011324250542777423
270.5833333333333,0.0010646798880406768
270.66666666666663,0.0006577983519433548
270.75,0.0010128903181190199
270.8333333333333,0.00120017648696907
270.91666666666663,0.0005535142966010577
271.0,0.00021231017598677954
271.0833333333333,0.0008244030414675847
271.16666666666663,0.0014317951079811477
271.25,0.0011025064063755
271.3333333333333,0.0004749787664305779
271.41666666666663,0.0012363825769807209
271.5,0.000592897119450684
271.5833333333333,0.0008174933504607606
271.66666666666663,0.0010580237634109306
271.75,0.0012928167617690348
271.8333333333333,0.0011296731677028062
271.91666666666663,0.0006857800283985141
272.0,0.0007781176560750515
272.0833333333333,0.00032458095013169217
272.16666666666663,8.21742886653268e-05
272.25,0.0005499014404734044
272.3333333333333,0.0005967957291507588
272.41666666666663,0.0008022399700908188
272.5,0.0006840085046908962
272.5833333333333,0.000766203515451721
272.66666666666663,0.0014305113088995105
272.75,0.00042961327303760654
272.8333333333333,0.0010646297732899716
272.91666666666663,0.0013480432200555852
273.0,0.0015701995426959723
273.0833333333333,0.0003600135304982968
273.16666666666663,0.00021857129194494598
273.25,0.001162612451507508
273.3333333333333,0.000724306543190695
273.41666666666663,0.0005033060521085821
273.5,0.0014498084486083394
273.5833333333333,0.0015072061768645838
273.66666666666663,0.0010482376704550973
273.75,0.0014908871031014091
273.8333333333333,0.0005561703759024092
273.91666666666663,0.0007083039824899222
274.0,0.0006282871475538032
274.0833333333333,0.0007915029248812362
274.16666666666663,0.0005601183772498654
274.25,0.001170232675843917
274.3333333333333,0.0008742354316218549
274.41666666666663,0.00032374761925125454
274.5,0.0004161984800773789
274.5833333333333,0.0008444165960842827
274.66666666666663,0.0005065142546805949
274.75,0.0002828719065839427
274.8333333333333,0.00074861385931163
274.91666666666663,0.0005358759832409623
275.0,0.0001999462885458902
275.0833333333333,0.0004668169484310048
275.16666666666663,0.0008706881356058716
275.25,0.0007570611715402518
275.3333333333333,0.0007943776456320385
275.41666666666663,0.000776966361101115
275.5,0.0006538336073737429
275.5833333333333,0.000588307116777377
275.66666666666663,0.00014869363744095932
275.75,0.0003042536596904508
275.8333333333333,0.0012640295053578502
275.91666666666663,0.002427333469788591
276.0,0.002187953478943079
276.0833333333333,0.0012309539047452493
276.16666666666663,0.0008757854386062015
276.25,0.0014109328143615636
276.3333333333333,0.0005359573044452934
276.41666666666663,0.0005038132644733498
276.5,0.00024522887763087916
276.5833333333333,0.000510456963401151
276.66666666666663,0.001178814210446392
276.75,0.0003919774785826221
276.8333333333333,0.0005536983564488411
276.91666666666663,0.0007441520243030651
277.0,0.0005917169996016903
277.0833333333333,0.0003554835009854599
277.16666666666663,0.0006474134500298624
277.25,0.0007293220736592913
277.3333333333333,0.0014171259416169296
277.41666666666663,0.0005496608660032522
277.5,0.0014481213092507063
277.5833333333333,0.0008595446740345383
277.66666666666663,0.0009002441825494373
277.75,0.000480578980990087
277.8333333333333,0.0003903636875350871
277.91666666666663,0.0009975350337536927
278.0,0.0015676546526168062
278.0833333333333,0.0005501127885106137
278.16666666666663,0.001284160321137368
278.25,0.0009307965650394077
278.3333333333333,0.00023009803344146477
278.41666666666663,0.0012345352484017108
278.5,0.0015589583647000185
278.5833333333333,0.0005481852239638741
278.66666666666663,0.001418461856367187
278.75,0.0010342037980355272
278.8333333333333,0.00048013713096927725
278.91666666666663,0.0022626688610954985
279.0,0.002449535602097793
279.0833333333333,0.0006176658522586229
279.16666666666663,0.0006850756424215139
279.25,0.001170669369373616
279.3333333333333,0.0014123618247402498
279.41666666666663,0.0010416906048810487
279.5,0.00024387926619927415
279.5833333333333,0.0008088696983458554
279.66666666666663,0.0014575584400187338
279.75,0.0010619568078355833
279.8333333333333,0.00038139216966684127
279.91666666666663,0.0006689463208713824
280.0,0.0001437342823626968
280.0833333333333,0.0005884865100125466
280.16666666666663,0.0003432709551768836
280.25,0.0003849957525821752
280.3333333333333,0.00031319594688835673
280.41666666666663,0.0011347265895331297
280.5,0.0005996421260904658
280.5833333333333,0.0005300207095235122
280.66666666666663,0.0004853189172626095
280.75,0.00021677525689843435
280.8333333333333,0.0012965940335841202
280.91666666666663,0.0020644698156631253
281.0,0.0011634344491102994
281.0833333333333,0.0009211432631495616
281.16666666666663,0.0004231829840166794
281.25,0.0003788366733578311
281.3333333333333,0.0009488705434199263
281.41666666666663,0.0020438203440222296
281.5,0.0012076907307055104
281.5833333333333,0.0011305147124176685
281.66666666666663,0.0012403595144157293
281.75,0.00079698941513769
281.8333333333333,7.729732939531058e-05
281.91666666666663,0.000914814719921024
282.0,0.0007886405708328673
282.0833333333333,0.0008810809255758665
282.16666666666663,0.0008197455801383845
282.25,0.0010439618435813393
282.3333333333333,0.0007455985935859886
282.41666666666663,0.0007803202474824071
282.5,0.0007764077681263169
282.5833333333333,0.0010140773491910079
282.66666666666663,0.0005178995472732287
282.75,0.00023864000149012845
282.8333333333333,0.0002995822397154538
282.91666666666663,0.0007597159420320153
283.0,0.0008194152334826047
283.0833333333333,0.0007011409156042218
283.16666666666663,0.0005646253208155302
283.25,0.00036877469128967344
283.3333333333333,0.0010222834526692208
283.41666666666663,0.00032666656492300066
283.5,0.000687145654332212
283.5833333333333,0.0008731968687218699
283.66666666666663,0.0010920863598869858
283.75,0.0005388535439038626
283.8333333333333,0.0008172698363179345
283.91666666666663,0.0007122580642233648
284.0,0.0005401324356842437
284.0833333333333,0.0004929190786252489
284.16666666666663,0.00039311654145721267
284.25,0.0008172385308292536
284.3333333333333,0.0005210861017468275
284.41666666666663,0.0006834529902806906
284.5,0.0006541620138672227
284.5833333333333,0.00030752483635922877
284.66666666666663,0.0007904775866725698
284.75,0.0013949159606893142
284.8333333333333,0.001710939602624258
284.91666666666663,0.00128273100197688
285.0,0.0005762367969185108
285.0833333333333,0.0002545568365035633
285.16666666666663,0.0011136746430969004
285.25,0.0011138188019371483
285.3333333333333,0.0019694125057978422
285.41666666666663,0.0014379980326324458
285.5,0.0008597824431530882
285.5833333333333,0.0012181411482098457
285.66666666666663,0.0016401812708044042
285.75,0.0011927121664718561
285.8333333333333,0.0004664081381184369
285.91666666666663,0.00027876388391557026
286.0,0.000338421779645176
286.0833333333333,0.0017062939382565699
286.16666666666663,0.0014766269716789053
286.25,9.711902339564283e-05
286.3333333333333,0.000759726209512944
286.41666666666663,0.0007231165911487314
286.5,0.0005596744811594788
286.5833333333333,0.0009953640216047624
286.66666666666663,0.0005356676196968727
286.75,6.577493428745991e-05
286.8333333333333,0.0004607619041770962
286.91666666666663,0.0003073587198872343
287.0,0.0004117830552055292
287.0833333333333,0.0008371594204134435
287.16666666666663,0.0009312943439538223
287.25,0.0009722184935071337
287.3333333333333,0.0008598724127328636
287.41666666666663,0.0004451631712723155
287.5,0.00047715344579535616
287.5833333333333,0.0008395700253854297
287.66666666666663,0.0009090829671566656
287.75,0.0011855029616230207
287.8333333333333,0.0005994338987298016
287.91666666666663,0.0007025824791146599
288.0,0.0004870836915409272
288.0833333333333,0.0003596341272148445
288.16666666666663,8.658115706170527e-05
288.25,0.0007061925487818554
288.3333333333333,0.0008745751179344305
288.41666666666663,0.0005979141887583163
288.5,0.00045738758388225463
288.5833333333333,0.000857554390265192
288.66666666666663,0.0005574128701547197
288.75,0.0013493320735868894
288.8333333333333,0.001498903745556622
288.91666666666663,0.0013817940380187396
289.0,0.0011136327984980132
289.0833333333333,0.00011264769840072834
289.16666666666663,0.0003160752857395577
289.25,0.00041214348935101616
289.3333333333333,0.0005701942105775732
289.41666666666663,0.0008410235829295695
289.5,0.0008660197485710089
289.5833333333333,0.0007316113647741974
289.66666666666663,0.0005989228587348583
289.75,0.0014280695706234826
289.8333333333333,0.001403048971196159
289.91666666666663,0.0010965698432350496
290.0,0.0010807341724868177
290.0833333333333,0.000630149350751548
290.16666666666663,0.00044011497737271046
290.25,0.0013113482668937779
290.3333333333333,0.0009173960217281835
290.41666666666663,0.001718722955196347
290.5,0.0008656209081524633
290.5833333333333,0.001593260403415566
290.66666666666663,0.0013626673084531002
290.75,0.00018991566824995938
290.8333333333333,0.0007570844702469215
290.91666666666663,0.0006952297037337112
291.0,0.0009336752648056604
291.0833333333333,0.00047543394340830995
291.16666666666663,0.0016343141484737483
291.25,0.0020478164845802995
291.3333333333333,0.0014740937767366011
291.41666666666663,0.0008161552795530018
291.5,0.001001231749417477
291.5833333333333,0.0011332099437502225
291.66666666666663,0.0005387903639976231
291.75,0.0007714457683458693
291.8333333333333,0.0007527659229846987
291.91666666666663,0.001104704119556768
292.0,0.0007612074000756939
292.0833333333333,0.00021708345024957164
292.16666666666663,0.001359275118901676
292.25,0.0017430480217629385
292.3333333333333,0.0013208040406543324
292.41666666666663,0.0009132259009806162
292.5,0.0004697803123762387
292.5833333333333,0.0012566647274179095
292.66666666666663,0.002743505592511326
292.75,0.0019223163936462316
292.8333333333333,0.0008250453438419075
292.91666666666663,0.0009180733386570607
293.0,0.0007773147927290688
293.0833333333333,0.001075939319317633
293.16666666666663,0.0006291237438463948
293.25,0.0016968735366423504
293.3333333333333,0.001329496125852466
293.41666666666663,0.00021627955897478046
293.5,0.0007130364506388304
293.5833333333333,0.0008454426593316557
293.66666666666663,0.001413127827564028
293.75,0.0010930665790464394
293.8333333333333,0.0006018342260907511
293.91666666666663,0.0002564236067805334
294.0,0.0006601106828568428
294.0833333333333,0.0008307110111145797
294.16666666666663,0.0008495189279458188
294.25,0.0010887814574218385
294.3333333333333,0.00037202304315457266
294.41666666666663,0.0007016393876115747
294.5,0.0013236234710270768
294.5833333333333,0.0012307914106882553
294.66666666666663,0.0009480310945966974
294.75,0.0005957478239829279
294.8333333333333,0.0007312778205764971
294.91666666666663,0.001156765927613538
295.0,0.00038360873954215263
295.0833333333333,0.0004002387900152126
295.16666666666663,0.0003510889233901756
295.25,0.00014235601367238742
295.3333333333333,0.0008194582840261197
295.41666666666663,0.0006175687960455645
295.5,0.0006607102707159841
295.5833333333333,0.000923357909652232
295.66666666666663,0.0005598434661614274
295.75,0.0007627951088247795
295.8333333333333,0.0005213550197900941
295.91666666666663,4.2263279992209544e-05
296.0,0.0005378048937802636
296.0833333333333,0.0008699879215704153
296.16666666666663,0.00039691919320058143
296.25,0.0007751341514830927
296.3333333333333,0.0013757504245609183
296.41666666666663,0.0004667888007414022
296.5,0.0001731594472713607
296.5833333333333,0.0005916110013236144
296.66666666666663,0.0002701523098546981
296.75,0.001812709262817211
296.8333333333333,0.0022667230769274236
296.91666666666663,0.0007375169893425674
297.0,0.0010129892656701117
297.0833333333333,0.0015921878820604502
297.16666666666663,0.0007055645155558002
297.25,0.0007279456416685817
297.3333333333333,0.0016887372636487207
297.41666666666663,0.0014120175903480194
297.5,0.000700703143826647
297.5833333333333,0.0013182849541325025
297.66666666666663,0.0009219290235958711
297.75,0.000926636040850861
297.8333333333333,0.0013083954956966902
297.91666666666663,0.0013748163837232923
298.0,0.0006231747822418194
298.0833333333333,0.0004945619091468663
298.16666666666663,0.000812106238888408
298.25,0.000993357035120247
298.3333333333333,0.0003676706721893817
298.41666666666663,0.0012917869345081536
298.5,0.0013229092488126245
298.5833333333333,0.0006157590966779984
298.66666666666663,0.00036956180840997337
298.75,0.0005618992086012116
298.8333333333333,0.0009631522641840675
298.91666666666663,0.001476555574007773
299.0,0.0013796543929680484
299.0833333333333,0.0008542948090223415
299.16666666666663,0.0002430373346712846
299.25,0.0007371998721652926
299.3333333333333,0.0003567899970754421
299.41666666666663,0.0005734061060929773
299.5,0.00046031559618326886
299.5833333333333,0.0004897816268841502
299.66666666666663,0.0008016658117642765
299.75,0.0007880325366762187
299.8333333333333,0.0004988383502185038
299.91666666666663,0.0008685168228607866
300.0,0.0011888267528410625
300.0833333333333,0.0006488031598143762
300.16666666666663,0.0005268179650377054
300.25,0.0011386580434969524
300.3333333333333,0.0013090643720372675
300.41666666666663,0.0016380496554265623
300.5,0.0013015454884997273
300.5833333333333,0.0003284087594396229
300.66666666666663,0.0006278382326708633
300.75,0.001515585130385338
300.8333333333333,0.0011458356295700773
300.91666666666663,0.0003828289318850968
301.0,0.0006114262320096431
301.0833333333333,0.001580715588923812
301.16666666666663,0.0019254597108730623
301.25,0.0002811710459287339
301.3333333333333,0.0008401563471536653
301.41666666666663,0.0011487720517974146
301.5,0.0016014281669037565
301.5833333333333,0.0008926532027791385
301.66666666666663,8.397149033336155e-05
301.75,0.0011871950774010732
301.8333333333333,0.0012172246327620793
301.91666666666663,0.00033446617508951543
302.0,0.0007788364157935788
302.0833333333333,0.0008230592639199345
302.16666666666663,0.0013698656969635154
302.25,0.0008817598584993647
302.3333333333333,0.00041016176129658765
302.41666666666663,0.0005268199307884347
302.5,0.0004984917083553752
302.5833333333333,0.0009490152033935186
302.66666666666663,0.0009017906583293035
302.75,0.00032014270295824504
302.8333333333333,0.0015557424345740438
302.91666666666663,0.0019349540576676914
303.0,0.001830814555619531
303.0833333333333,0.0015289255924558205
303.16666666666663,0.0014878835824975274
303.25,0.0010429460114221875
303.3333333333333,0.0004101656130770776
303.41666666666663,0.00016275638515338267
303.5,0.0006032164396346937
303.5833333333333,0.0006780037869665364
303.66666666666663,0.00025924255394699214
303.75,0.0004361475630950371
303.8333333333333,0.0006797460096301036
303.91666666666663,0.001289977297911311
304.0,0.001542436786520891
304.0833333333333,0.0008389000173268134
304.16666666666663,0.0006651214879684631
304.25,0.0007459460936367362
304.3333333333333,0.000765347165758811
304.41666666666663,0.0005810038642358207
304.5,0.0005099843561035787
304.5833333333333,0.0005872611400188762
304.66666666666663,0.0015482963810695208
304.75,0.001606906676421613
304.8333333333333,0.0011018646691051523
304.91666666666663,0.0012045111986803312
305.0,0.0008526902812446087
305.0833333333333,0.0004958636432508322
305.16666666666663,0.00024190494417145758
305.25,0.0011526973320106562
305.3333333333333,0.00046156388964352146
305.41666666666663,0.0007300204832187715
305.5,0.0009046544353836681
305.5833333333333,0.0008365371114271424
305.66666666666663,0.0010558461218727882
305.75,0.0008210863918289164
305.8333333333333,0.0008709138554522044
305.91666666666663,0.0003890382979099941
306.0,0.0011805802934151156
306.0833333333333,0.0014775075470731124
306.16666666666663,0.00020755450494898417
306.25,0.00017072749800783074
306.3333333333333,0.0010965675177229048
306.41666666666663,0.0014662072245688143
306.5,0.0007528418852660654
306.5833333333333,0.0007481737989284106
306.66666666666663,0.00010199169676985296
306.75,0.0005761920242670087
306.8333333333333,0.0007259410062411383
306.91666666666663,0.0008762608748290735
307.0,0.0004252187227021677
307.0833333333333,0.0006817634857251985
307.16666666666663,0.0008954488957060372
307.25,0.00013013252267034278
307.3333333333333,0.0003190976799480852
307.41666666666663,0.0004043308235921519
307.5,0.000950717435942973
307.5833333333333,0.0007534891687576021
307.66666666666663,0.0007368255473554224
307.75,0.0006288730488164777
307.8333333333333,0.0004986255417512947
307.91666666666663,0.0007132076783073824
308.0,0.0005111631794451786
308.0833333333333,0.001158006755495041
308.16666666666663,0.0002903894635331517
308.25,0.0011819313440213054
308.3333333333333,0.0007628087306156241
308.41666666666663,0.0005487209709129447
308.5,0.0012040244415385504
308.5833333333333,0.0009601763397027185
308.66666666666663,0.00014554188792957132
308.75,0.00048185666062590133
308.8333333333333,0.000676288035254247
308.91666666666663,0.001833239206879188
309.0,0.002026503339212645
309.0833333333333,0.00024704494611505823
309.16666666666663,0.001516001309986913
309.25,0.0006799304433428525
309.3333333333333,0.0005616590460153915
309.41666666666663,0.00041599389802655045
309.5,0.000874597379963161
309.5833333333333,0.00018640925293525925
309.66666666666663,9.443629319679637e-05
309.75,0.000782962035927412
309.8333333333333,0.0008250838836134424
309.91666666666663,0.0010494634110033575
310.0,0.0015786809352352155
310.0833333333333,0.0015978243891955665
310.16666666666663,0.0009741802252103174
310.25,0.0015241070878110404
310.3333333333333,0.0012085776835227013
310.41666666666663,0.00034947003694153886
310.5,0.0020414647431986187
310.5833333333333,0.0018661507763603664
310.66666666666663,0.0012465715560164557
310.75,0.0012275758077869643
310.8333333333333,0.000572478201123554
310.91666666666663,0.00021565847584818586
311.0,0.0011449987115601415
311.0833333333333,0.0005434874694846994
311.16666666666663,0.0001862722789706526
311.25,0.0002347512655146468
311.3333333333333,7.20204211980069e-05
311.41666666666663,0.00024016593488208264
311.5,0.0005040674653498623
311.5833333333333,0.0007186294156726232
311.66666666666663,0.0009894277481310731
311.75,0.001549084147882979
311.8333333333333,0.0011058173823918242
311.91666666666663,0.0010691250539667586
312.0,0.0010337770130194658
312.0833333333333,0.00028726606580519994
312.16666666666663,0.0013878015986658796
312.25,0.0012705120377487999
312.3333333333333,0.0001892036353653609
312.41666666666663,0.000902505599401912
312.5,0.0009135140889664537
312.5833333333333,0.0005945903103741721
312.66666666666663,0.0003341240808981724
312.75,0.0008011573490653719
312.8333333333333,0.0005846749860099312
312.91666666666663,0.00043325093970852897
313.0,0.0007976781149743943
313.0833333333333,0.0008891482863683122
313.16666666666663,0.000653679797463787
313.25,0.000392186689871009
313.3333333333333,1.7994341537323946e-05
313.41666666666663,0.0006893885070022399
313.5,0.0015194606626295682
313.5833333333333,0.0010168010097762969
313.66666666666663,0.0009148444395235383
313.75,0.00139004084074446
313.8333333333333,0.0011710204180394356
313.91666666666663,0.0009211885629561844
314.0,0.0011812052758585598
314.0833333333333,0.000895842879822298
314.16666666666663,0.0003669360702707557
314.25,0.0005412370063321274
314.3333333333333,0.0002273842906555481
314.41666666666663,0.0012884468000000854
314.5,0.001035942978703128
314.5833333333333,0.0006298634156347898
314.66666666666663,0.0008120045356302973
314.75,0.0003706044109420712
314.8333333333333,0.0017312933782672997
314.91666666666663,0.0015105967528723251
315.0,0.0012933210216357863
315.0833333333333,0.0011811777139272234
315.16666666666663,0.0010443701565164552
315.25,0.0015544730214128888
315.3333333333333,0.0023858518041263797
315.41666666666663,0.0019845086667992793
315.5,0.0012749635544847242
315.5833333333333,0.0005401050569285454
315.66666666666663,0.0005271699210149414
315.75,0.0005855228348633422
315.8333333333333,0.0005134855749845195
315.91666666666663,0.0015428348651474995
316.0,0.0015541497054381225
316.0833333333333,0.0012544745531999364
316.16666666666663,0.00140882848831131
316.25,0.0008317514948715313
316.3333333333333,0.001230144113073098
316.41666666666663,0.0014602884858795988
316.5,0.001180072090718529
316.5833333333333,0.0006663392122412803
316.66666666666663,0.0008111115536219366
316.75,0.0008892179564582938
316.8333333333333,0.0005122131151975534
316.91666666666663,0.0011585180458388946
317.0,0.0005303489191770766
317.0833333333333,0.0004435991335203927
317.16666666666663,0.0010856612827460264
317.25,0.0003787385779444502
317.3333333333333,0.001252406777503696
317.41666666666663,0.0010183830658782801
317.5,0.0009668487055251579
317.5833333333333,0.0012344118430254777
317.66666666666663,0.0013440205985338998
317.75,0.0013176990363588557
317.8333333333333,0.0005891886591382568
317.91666666666663,0.0005462911094703688
318.0,0.0007055474019296947
318.0833333333333,0.0001981413097974794
318.16666666666663,0.0007901059171126568
318.25,0.0016855462181172218
318.3333333333333,0.0009960459048120249
318.41666666666663,0.0006845824732293475
318.5,0.0012228102699233772
318.5833333333333,0.0016840026932689884
318.66666666666663,0.0011943787601171572
318.75,0.0004214529713927989
318.8333333333333,0.00039447201040023567
318.91666666666663,0.0002976917675737484
319.0,0.0006715253504810621
319.0833333333333,0.0011423012763344628
319.16666666666663,0.001034665906215703
319.25,0.0005994177300858041
319.3333333333333,0.0009765482867100808
319.41666666666663,0.0003348897623617211
319.5,0.0009536927535308598
319.5833333333333,0.0010632200463869263
319.66666666666663,0.000895106920003145
319.75,0.0009595854982348722
319.8333333333333,0.0013989091702092521
319.91666666666663,0.002002407151798814
320.0,0.0015814739054686076
320.0833333333333,0.0011260317317568567
320.16666666666663,0.002032775526529868
320.25,0.0020745773031429064
320.3333333333333,0.001459703744889407
320.41666666666663,0.002071847508368804
320.5,0.0015114631882774464
320.5833333333333,0.00030780794131768727
320.66666666666663,0.0008841788521406801
320.75,0.000990145834252727
320.8333333333333,0.0012228432590689518
320.91666666666663,0.0014970052387779736
321.0,0.0014096312294146636
321.0833333333333,0.0007339997759853116
321.16666666666663,0.0005467303531483586
321.25,0.0009029567905387724
321.3333333333333,0.00038971948102569683
321.41666666666663,0.0005784658064679378
321.5,0.00031743804714359677
321.5833333333333,0.0011740140099497874
321.66666666666663,0.0006974954465208612
321.75,0.0010966076570935132
321.8333333333333,0.0007052187368350354
321.91666666666663,0.000494119928884528
322.0,0.0011458546716252645
322.0833333333333,0.0012197775894825585
322.16666666666663,0.00044545364242708875
322.25,0.0004976274888315337
322.3333333333333,0.0007421125378148785
322.41666666666663,0.001307734929011379
322.5,0.0009571691970326102
322.5833333333333,0.0008371329003583287
322.66666666666663,0.0011930565047552051
322.75,0.000568912159484187
322.8333333333333,0.0012116354733092201
322.91666666666663,0.0012345167463945052
323.0,0.0015210427061706333
323.0833333333333,0.000812692342928437
323.16666666666663,0.0005702498299103966
323.25,0.0004867164965078336
323.3333333333333,0.000529031097245747
323.41666666666663,0.0014355696219531162
323.5,0.002007694277522572
323.5833333333333,0.0011496202447921341
323.66666666666663,0.0010311437950024926
323.75,0.00043994525324386546
323.8333333333333,0.00013145055982966746
323.91666666666663,0.0005190422738910956
324.0,0.0010656647725671904
324.0833333333333,0.001289831580233682
324.16666666666663,0.0012235991839780734
324.25,0.0014189363534973483
324.3333333333333,0.0007377395958890427
324.41666666666663,0.0003525717164971124
324.5,0.0002932024166824668
324.5833333333333,0.0009072460860368924
324.66666666666663,0.0010190997756570393
324.75,0.0002278230433547312
324.8333333333333,0.0011031074380687463
324.91666666666663,0.0009765603370180678
325.0,0.0005001943143195965
325.0833333333333,0.0011522278704913392
325.16666666666663,0.00027039580656140235
325.25,0.0004662348509105879
325.3333333333333,0.00044472454139544493
325.41666666666663,0.000600677952558924
325.5,0.0010545063185407994
325.5833333333333,0.0012102392238666174
325.66666666666663,0.0010515699608691323
325.75,0.0004767890424000478
325.8333333333333,0.0005944904476734106
325.91666666666663,0.00014583057392146914
326.0,0.0005247574680544807
326.0833333333333,0.0005144367807876658
326.16666666666663,0.0018377418009701454
326.25,0.0015401394324321834
326.3333333333333,0.00038398842769875053
326.41666666666663,0.0004045428486479776
326.5,0.000177913840452523
326.5833333333333,0.0007559886162411836
326.66666666666663,0.0006834338587470354
326.75,0.0007444751845056378
326.8333333333333,0.0009078204488114213
326.91666666666663,0.0007563755346654452
327.0,0.0005734729926390853
327.0833333333333,0.001178762635548245
327.16666666666663,0.0012238805315688676
327.25,0.00045757483526275163
327.3333333333333,0.001191952548845229
327.41666666666663,0.00044479457126844177
327.5,0.0004450148724639512
327.5833333333333,0.0007583367406625991
327.66666666666663,0.0005242593871774331
327.75,0.00031488542525361893
327.8333333333333,0.0005864498888778279
327.91666666666663,0.0012998840426016497
328.0,0.001400381919782026
328.0833333333333,0.0010264793779409523
328.16666666666663,0.0007200748319572799
328.25,0.0007440767750529389
328.3333333333333,0.0006709226160063346
328.41666666666663,0.0008055232125281644
328.5,0.000353700477646819
328.5833333333333,0.0003391753028432813
328.66666666666663,0.000860143200938697
328.75,0.0010048642027883923
328.8333333333333,0.0005686379337169141
328.91666666666663,0.0008566752247643884
329.0,0.0006127370519609794
329.0833333333333,0.000300002053554973
329.16666666666663,0.0007406909358070152
329.25,0.0010693141332565525
329.3333333333333,0.000509238575473018
329.41666666666663,0.0011622471172244235
329.5,0.001141181739385439
329.5833333333333,0.0010005173184991015
329.66666666666663,0.0007167692992725178
329.75,0.001253331907625047
329.8333333333333,0.0014759483611870722
329.91666666666663,0.000534481166011314
330.0,0.0006194783280013723
330.0833333333333,0.0006612831270421334
330.16666666666663,0.0012832987903225626
330.25,0.0022425044158605146
330.3333333333333,0.0022874470042243094
330.41666666666663,0.0018055951113496367
330.5,0.0009059594509673104
330.5833333333333,0.00037634262348672795
330.66666666666663,0.0012330984967055029
330.75,0.0024009535641059242
330.8333333333333,0.0021790464059472372
330.91666666666663,0.0006467184986562181
331.0,0.0005638816962057881
331.0833333333333,0.0008899626374356702
331.16666666666663,0.0009699269266099317
331.25,0.00025459267045391194
331.3333333333333,0.0005688529271245618
331.41666666666663,0.0012931636346944682
331.5,0.0010215783462982641
331.5833333333333,0.0002492719231478605
331.66666666666663,0.0002827709913321903
331.75,0.0010822204139309835
331.8333333333333,0.001520385069214156
331.91666666666663,0.0015849521451632995
332.0,0.00047251210750385875
332.0833333333333,0.001174711096423128
332.16666666666663,0.0011843012166134399
332.25,0.0007406761263708387
332.3333333333333,0.0007436778773537252
332.41666666666663,0.0005882123180829699
332.5,0.0007201710072354423
332.5833333333333,0.000851714519490632
332.66666666666663,0.0004964843765881961
332.75,0.000353618802330298
332.8333333333333,0.0005097893992388815
332.91666666666663,0.0008354308846647727
333.0,0.000210859378430553
333.0833333333333,0.0006076058285677252
333.16666666666663,0.001060140836761906
333.25,0.0006476401837196142
333.3333333333333,0.0011371820377347897
333.41666666666663,0.0008018509973956942
333.5,0.0010587342985996994
333.5833333333333,0.0012018351452423141
333.66666666666663,0.0007457406823891997
333.75,0.00019639066858407692
333.8333333333333,0.0009531378221657931
333.91666666666663,0.0014917212486775776
334.0,0.0009504310687419124
334.0833333333333,0.0013935569070211101
334.16666666666663,0.0010319943269467718
334.25,0.00036992782373152373
334.3333333333333,0.0008827921855976013
334.41666666666663,0.0015435837214169755
334.5,0.0009855717216974366
334.5833333333333,0.0005971402471561455
334.66666666666663,0.000379508802668968
334.75,0.0009567606071752609
334.8333333333333,0.0006241027554631748
334.91666666666663,0.0008089977223341522
335.0,0.001491815620246001
335.0833333333333,0.0012900227437239401
335.16666666666663,0.001692170433573552
335.25,0.001677319515009589
335.3333333333333,0.0010705185104221508
335.41666666666663,0.0004941884257302208
335.5,0.0016833988698438701
335.5833333333333,0.0020764785734732343
335.66666666666663,0.0018349422063999306
335.75,0.0007181618896866316
335.8333333333333,0.0006002972784485284
335.91666666666663,0.0004945825133285653
336.0,0.0003183576353344333
336.0833333333333,0.0009777989226930383
336.16666666666663,0.0008764885779223691
336.25,0.0005627932486207997
336.3333333333333,0.0004731421295904303
336.41666666666663,0.0001431411765021131
336.5,0.00042863318727896977
336.5833333333333,0.0006031284996632684
336.66666666666663,0.0014303488960799619
336.75,0.0011100059079859792
336.8333333333333,0.0005903383645339898
336.91666666666663,0.001875105108739686
337.0,0.0016762805097286916
337.0833333333333,0.0014541229069530899
337.16666666666663,0.001523041221786135
337.25,0.0010056885840818148
337.3333333333333,0.0009157863423050098
337.41666666666663,0.0006772778899038757
337.5,0.0004626697698432671
337.5833333333333,0.0006820333451081375
337.66666666666663,0.0012196843833191182
337.75,0.0014417929339927413
337.8333333333333,0.0010064212873331323
337.91666666666663,0.001765837644619158
338.0,0.0013365144770046584
338.0833333333333,0.0009691726731335615
338.16666666666663,0.0008621697071415088
338.25,0.0004257599352050334
338.3333333333333,0.0007860414711803642
338.41666666666663,0.0014409228780465284
338.5,0.0014674588488712067
338.5833333333333,0.0005359198445398848
338.66666666666663,0.0008066648597346492
338.75,0.0009609982930485076
338.8333333333333,0.0002633579575571007
338.91666666666663,0.0005470493229363171
339.0,0.00044349624235864973
339.0833333333333,0.0009417944470573621
339.16666666666663,0.0014252517092900768
339.25,0.00046786568268242907
339.3333333333333,0.0003581726414997078
339.41666666666663,0.0008108482421268907
339.5,0.00045266833340766675
339.5833333333333,0.001231875844587065
339.66666666666663,0.001020208980710598
339.75,0.0006343560217720509
339.8333333333333,0.0010713144306931438
339.91666666666663,0.0010442324166906613
340.0,0.001398293347054393
340.0833333333333,0.0016355854008121354
340.16666666666663,0.0014876469090357967
340.25,0.0009538459557826306
340.3333333333333,0.0002551614629017855
340.41666666666663,0.0008273591164558902
340.5,0.0010573292754948657
340.5833333333333,0.0007911089132666026
340.66666666666663,0.0003800736802040249
340.75,0.0008577977322580122
340.8333333333333,0.0013662559225641148
340.91666666666663,0.0010718987343213858
341.0,0.0012264987504631807
341.0833333333333,0.0008907620369457235
341.16666666666663,0.00025554439492498406
341.25,0.0006789509458169984
341.3333333333333,0.0008010409954250446
341.41666666666663,0.0007280129861286025
341.5,0.001180925411974388
341.5833333333333,0.0010563237481961624
341.66666666666663,0.0006320317578720893
341.75,0.0005352279136682818
341.8333333333333,0.001060412556979396
341.91666666666663,0.0004866798094338507
342.0,0.00048155723631365985
342.0833333333333,0.00027723896313409273
342.16666666666663,0.0005356231359619926
342.25,0.0004761808141766158
342.3333333333333,0.0007627004377431772
342.41666666666663,0.00048279531391393543
342.5,0.00019085940041423268
342.5833333333333,0.0004114284697407892
342.66666666666663,0.0006248633009816721
342.75,0.0007399219717424731
342.8333333333333,0.000483306933774434
342.91666666666663,0.0005232308186021476
343.0,0.0004800962156814806
343.0833333333333,0.0008322491633992356
343.16666666666663,0.0014714648996315446
343.25,0.0008837075673152451
343.3333333333333,0.0003688432216826277
343.41666666666663,0.0007121556512137588
343.5,0.0009380575631674009
343.5833333333333,0.001088083623441307
343.66666666666663,0.0006362415224889554
343.75,0.0011015660225257348
343.8333333333333,0.002685531172375677
343.91666666666663,0.002326186348647098
344.0,0.0007761666428095418
344.0833333333333,0.0011141780099961091
344.16666666666663,0.0017868593662143943
344.25,0.001698689313034772
344.3333333333333,0.0014965341492778346
344.41666666666663,0.00044290334121064706
344.5,0.00023997918375864076
344.5833333333333,0.0006445873002622952
344.66666666666663,0.0007559992866269242
344.75,0.001261305816252211
344.8333333333333,0.0007324576481778642
344.91666666666663,0.0006148164584002651
345.0,0.00033047965531413076
345.0833333333333,0.0005900600786729592
345.16666666666663,0.0009610539529392726
345.25,0.0012274458565431608
345.3333333333333,0.0011632922313013954
345.41666666666663,0.0003690039815842953
345.5,0.00058592193563357
345.5833333333333,0.0015035507123755043
345.66666666666663,0.0012763935460461428
345.75,0.0010987885068344503
345.8333333333333,0.0004803520859400947
345.91666666666663,0.00077446332587988
346.0,0.0005781795861294798
346.0833333333333,0.0008599837338326547
346.16666666666663,0.0010992831838028863
346.25,0.0010089884381552995
346.3333333333333,0.0007538664342774865
346.41666666666663,0.00024343656462545672
346.5,7.962034994721908e-05
346.5833333333333,0.0008936515886668242
346.66666666666663,0.001083250346395284
346.75,0.0003925703840855422
346.8333333333333,0.0007881846162937392
346.91666666666663,0.00013757761490167054
347.0,0.001081918266876603
347.0833333333333,0.00120097051013194
347.16666666666663,0.0002557823326085469
347.25,0.0008663063620407601
347.3333333333333,0.0007131358094305525
347.41666666666663,0.0004954553586074553
347.5,0.0006847618765197013
347.5833333333333,0.0013065973895520183
347.66666666666663,0.000594066539187255
347.75,0.0003727273371989016
347.8333333333333,0.00022822018166328577
347.91666666666663,0.0003798346411922705
348.0,0.0011901262051961692
348.0833333333333,0.0011124925242509101
348.16666666666663,0.0003866742902337849
348.25,0.00032609443090572465
348.3333333333333,0.0004129990144648484
348.41666666666663,0.0006685862555845596
348.5,0.0006739134620741237
348.5833333333333,0.001069902631372279
348.66666666666663,0.001242433081052094
348.75,0.0007225034404145896
348.8333333333333,5.2762208313690564e-05
348.91666666666663,0.00029972620116919626
349.0,0.0011231778324157905
349.0833333333333,0.0015340554388525351
349.16666666666663,0.0011356281547807768
349.25,0.0010492367463975833
349.3333333333333,0.0011660144419300908
349.41666666666663,0.0003912770072335414
349.5,0.0012914984040593926
349.5833333333333,0.0015409780902440906
349.66666666666663,0.0010342556986666937
349.75,0.00041488786382857775
349.8333333333333,0.0009654598787294027
349.91666666666663,0.00031520060244733005
350.0,0.0007357473787987398
350.0833333333333,0.00037981322586106125
350.16666666666663,0.0003959293216415454
350.25,0.0005802137542774258
350.3333333333333,0.00041978715667640007
350.41666666666663,0.0003133680555482764
350.5,0.0007586650497090019
350.5833333333333,0.0010036657759912142
350.66666666666663,0.0006438721093951592
350.75,0.00016802644577195762
350.8333333333333,0.00044474915902660605
350.91666666666663,0.00059276898255197
351.0,0.00024547498896167365
351.0833333333333,0.0008620853372575584
351.16666666666663,0.0008381805428943919
351.25,0.0003976649763326682
351.3333333333333,0.0008997023440035254
351.41666666666663,0.0012464630748266268
351.5,0.0007858306132255002
351.5833333333333,0.0014747279542725012
351.66666666666663,0.0005060129342919705
351.75,0.000899179730079966
351.8333333333333,0.0012644191738655766
351.91666666666663,0.002204410371643271
352.0,0.00225710197422065
352.0833333333333,0.0012559675281844545
352.16666666666663,0.001071360647597438
352.25,0.0008235603494234643
352.3333333333333,0.000467719108961704
352.41666666666663,0.0018211437993259853
352.5,0.0017154130215771733
352.5833333333333,0.0013369837299849802
352.66666666666663,0.0011767662397413636
352.75,0.0008445237555666249
352.8333333333333,0.00028435289509298327
352.91666666666663,0.0011399787904475978
353.0,0.000747376492321013
353.0833333333333,0.0007168704004377125
353.16666666666663,0.0010622696878476695
353.25,0.0005009255788332673
353.3333333333333,0.0008975747337559348
353.41666666666663,0.001012465253089089
353.5,0.001199215700613752
353.5833333333333,0.0008816834267845315
353.66666666666663,0.0005519256171497512
353.75,0.0008462427802143016
353.8333333333333,0.0008514745292632787
353.91666666666663,0.0009230584364902795
354.0,0.0007310213456637468
354.0833333333333,0.000436842917380506
354.16666666666663,0.0008509323924865743
354.25,0.0007592296159406406
354.3333333333333,0.00038911465836587405
354.41666666666663,0.00022099267182047188
354.5,0.0009404052103704284
354.5833333333333,0.0012545986382945973
354.66666666666663,0.0016831660813023807
354.75,0.0006386661787281983
354.8333333333333,0.0007403168242463611
354.91666666666663,0.0010258307170190229
355.0,0.0009360356310923485
355.0833333333333,0.0015699724420620016
355.16666666666663,0.0015365248566811642
355.25,0.0009102528923457841
355.3333333333333,0.00014469733263925558
355.41666666666663,0.0007129015779822052
355.5,0.0010813215432827431
355.5833333333333,0.0011228777908664734
355.66666666666663,0.00029337269385004694
355.75,0.0005977086646675191
355.8333333333333,0.0005536625198332479
355.91666666666663,0.0014839398666624392
356.0,0.0014379772735319755
356.0833333333333,0.001115639455089454
356.16666666666663,0.0014645139418869358
356.25,0.0018194224286125407
356.3333333333333,0.0016732029720067682
356.41666666666663,0.0013503238924692789
356.5,0.0008105251271265059
356.5833333333333,0.0007511122958676632
356.66666666666663,0.0016313819134506238
356.75,0.001680311057783706
356.8333333333333,0.000663602074998018
356.91666666666663,0.0001651767572197458
357.0,0.00015233350311774513
357.0833333333333,0.0013248507820739783
357.16666666666663,0.0017259238098823225
357.25,0.00037294716288782887
357.3333333333333,0.000832337062200607
357.41666666666663,0.0003954823385055229
357.5,0.0008261490885105131
357.5833333333333,0.0017879426337503094
357.66666666666663,0.0011485566666109195
357.75,0.0005820911664620398
357.8333333333333,0.0008595805250845341
357.91666666666663,0.001229212929156906
358.0,0.0009054592930462737
358.0833333333333,0.0013488220380864935
358.16666666666663,0.00039709157131211683
358.25,0.0003695287529509011
358.3333333333333,0.0006910096302740227
358.41666666666663,0.0013843951304642838
358.5,0.0015234831424431822
358.5833333333333,0.0004419869719972722
358.66666666666663,0.0008539918146021409
358.75,0.0016067548708659856
358.8333333333333,0.0016114437163538345
358.91666666666663,0.0008840244628587167
359.0,0.0009249430250333503
359.0833333333333,0.000689545958995028
359.16666666666663,0.00033481980400334267
359.25,0.0002806188582969709
359.3333333333333,0.001286061812567318
359.41666666666663,0.0015651248475196714
359.5,0.0008569834666797134
359.5833333333333,0.0005306265254621513
359.66666666666663,0.0006301685023555526
359.75,0.0008460362660238088
359.8333333333333,0.0007919826094768505
359.91666666666663,0.0006983308140912308
360.0,0.0012228893683763596
360.0833333333333,0.0012429983051770982
360.16666666666663,0.0007224092917546738
360.25,0.0017410977218397948
360.3333333333333,0.0016414810574750863
360.41666666666663,0.0005685131630253211
360.5,0.000771343023194913
360.5833333333333,0.001807742950187208
360.66666666666663,0.0019448234631987314
360.75,0.001147840540842524
360.8333333333333,0.00043106450580910195
360.91666666666663,0.0003589035158835091
361.0,0.0009286962626078579
361.0833333333333,0.000969628157715389
361.16666666666663,0.0002684311301761759
361.25,0.0009710906061859307
361.3333333333333,0.0007984378259461931
361.41666666666663,0.0007607417278670633
361.5,0.0005100636385260501
361.5833333333333,0.00046131632625556377
361.66666666666663,0.0008206415690833536
361.75,0.0008012470680489889
361.8333333333333,0.0007560619515156562
361.91666666666663,0.0006485646953568409
362.0,0.0010586217563384518
362.0833333333333,0.0019673861056819734
362.16666666666663,0.0018876219573283138
362.25,0.00117231473801836
362.3333333333333,0.0006698336207796059
362.41666666666663,0.0012269277021747665
362.5,0.0013329395448349233
362.5833333333333,0.0007714336347936928
362.66666666666663,0.0005085832463663529
362.75,0.0008403676470148313
362.8333333333333,0.0004932562777964944
362.91666666666663,0.0006898589404660375
363.0,0.0005034121586193829
363.0833333333333,0.0006098011136217377
363.16666666666663,0.00040703408794935355
363.25,0.0001100138374988264
363.3333333333333,0.0006487981215225024
363.41666666666663,0.000982453979862978
363.5,0.0005308840718529407
363.5833333333333,0.0004739306173198159
363.66666666666663,0.0006234947773999222
363.75,0.00031043854632617073
363.8333333333333,0.00019334018098412405
363.91666666666663,0.00064539245971338
364.0,0.0013867422132657018
364.0833333333333,0.0009149059427537127
364.16666666666663,0.00043954140113366865
364.25,0.0011685984785441584
364.3333333333333,0.001409731789316697
364.41666666666663,0.0003078521653627991
364.5,0.000717901155198365
364.5833333333333,0.00048871618373887
364.66666666666663,0.0006081379706498428
364.75,0.0006965315764368153
364.8333333333333,0.0002208250742404438
364.91666666666663,0.001091573890948061
365.0,0.0005557904341887083
365.0833333333333,0.0009300358340827957
365.16666666666663,0.001607315515555844
365.25,0.0014334304987151697
365.3333333333333,0.0006255004178815552
365.41666666666663,0.0006633514910787542
365.5,0.00019693121402379306
365.5833333333333,0.00044827564449972365
365.66666666666663,0.0010319088542709012
365.75,0.0022280394805820783
365.8333333333333,0.0011053285139983298
365.91666666666663,0.00035506850453183373
366.0,0.00013237150662299044
366.0833333333333,0.001217387925136444
366.16666666666663,0.0016156155477858268
366.25,0.0005797621169609705
366.3333333333333,0.0007813591436052614
366.41666666666663,0.0007953806893240038
366.5,0.0006385072064057518
366.5833333333333,0.00040101141930217214
366.66666666666663,0.0011482302762024308
366.75,0.0013406600250622828
366.8333333333333,0.0009206716609550126
366.91666666666663,0.0009626986508197635
367.0,0.000571230631224168
367.0833333333333,0.000980049698833337
367.16666666666663,0.001222404993480061
367.25,0.00032940715041430193
367.3333333333333,0.0004273434121425452
367.41666666666663,0.00026520996914402174
367.5,4.7746763397626e-05
367.5833333333333,0.00040805389120537297
367.66666666666663,0.0011147326888192354
367.75,0.0008168181118327542
367.8333333333333,0.0011937167675244542
367.91666666666663,0.001083083240175942
368.0,0.00025446558435648285
368.0833333333333,0.0006349211964370862
368.16666666666663,0.0004843586061868322
368.25,0.0004252441777159456
368.3333333333333,0.00043822461273964366
368.41666666666663,0.00116855503641066
368.5,0.00168101139398709
368.5833333333333,0.0011643065668282446
368.66666666666663,0.00028495198045846976
368.75,0.00042198411151631287
368.8333333333333,0.0009834739468298815
368.91666666666663,0.0011306433768132518
369.0,0.0012140999444816016
369.0833333333333,0.001166614865446625
369.16666666666663,0.0004975682750993903
369.25,0.00019756868687258403
369.3333333333333,0.0009437695884637673
369.41666666666663,0.0010709291474936362
369.5,0.0006801801479680445
369.5833333333333,0.000393556827532915
369.66666666666663,0.00022331468588868006
369.75,0.0008583061201818258
369.8333333333333,0.00026640746082530166
369.91666666666663,0.001044025805577357
370.0,0.001693332281844213
370.0833333333333,0.00045701154425670384
370.16666666666663,0.0002870983997015984
370.25,0.000920836258503234
370.3333333333333,0.0012602098203217354
370.41666666666663,0.0013607473829639588
370.5,0.00020436160103648563
370.5833333333333,0.0008764680185752218
370.66666666666663,0.0002546528719563863
370.75,0.0003986415619953074
370.8333333333333,0.0015731962049921016
370.91666666666663,0.0011464895491367312
371.0,0.0007275325052387145
371.0833333333333,0.000856336422745621
371.16666666666663,0.0013228643060113586
371.25,0.0018195325013990046
371.3333333333333,0.0011577492130573882
371.41666666666663,0.0008790169790235036
371.5,0.0008841972968350886
371.5833333333333,0.0006142818309420106
371.66666666666663,0.0003015009734273016
371.75,0.00020018152564996297
371.8333333333333,0.0003279828814042864
371.91666666666663,0.0009918451516686057
372.0,0.0006226543774239736
372.0833333333333,0.0005831240072468659
372.16666666666663,0.000595295741948374
372.25,0.00024774482602467064
372.3333333333333,0.00043801852951804696
372.41666666666663,0.000826585031274391
372.5,0.0008707632364452501
372.5833333333333,0.0001870607432701733
372.66666666666663,0.0014855271750338402
372.75,0.0014946514662624675
372.8333333333333,0.0007776269035748151
372.91666666666663,0.0013126594461929243
373.0,0.0002963779970828347
373.0833333333333,0.00010697872322666469
373.16666666666663,0.00018908577176339445
373.25,0.00031044645782764225
373.3333333333333,0.00041143067589020633
373.41666666666663,0.00025611822995482965
373.5,0.0014078003694504271
373.5833333333333,0.0013013031731297694
373.66666666666663,0.000342065523801811
373.75,0.0007594424023703853
373.8333333333333,0.0010814118564067294
373.91666666666663,0.0008786158263583976
374.0,0.0004217258292101303
374.0833333333333,0.0011164565497638174
374.16666666666663,0.0008880591742400054
374.25,0.000542410391892798
374.3333333333333,0.0006865147730889047
374.41666666666663,0.000847802661051774
374.5,0.0004032262852653638
374.5833333333333,0.0009487439906836203
374.66666666666663,0.0013718358966684188
374.75,0.0012473927389247844
374.8333333333333,0.0007153027421281982
374.91666666666663,0.00046674374462141735
375.0,0.0007969520555061743
375.0833333333333,0.00028775023520114846
375.16666666666663,0.0007486706532016382
375.25,0.000653397470679169
375.3333333333333,0.000680578625286177
375.41666666666663,0.0001298134742685804
375.5,0.0011724575913685815
375.5833333333333,0.0011547991606337892
375.66666666666663,0.0006357314924742708
375.75,0.001247711555695207
375.8333333333333,0.0012633795933275757
375.91666666666663,0.0010125405680882261
376.0,0.001004977547277507
376.0833333333333,0.0011693162419120044
376.16666666666663,0.0008126474337860995
376.25,0.0005698206997881514
376.3333333333333,0.0009795868711646447
376.41666666666663,0.000844011693564912
376.5,0.000792837771917008
376.5833333333333,0.0007320539852675919
376.66666666666663,0.0007802035683357688
376.75,0.000848043301674092
376.8333333333333,0.0003205106836831134
376.91666666666663,0.0004432211710305057
377.0,0.0006152709640197837
377.0833333333333,0.000772329211107072
377.16666666666663,0.0007232357573609967
377.25,0.0010136842588975201
377.3333333333333,0.0013398655408333262
377.41666666666663,0.0015548392210654636
377.5,0.0001305750853640009
377.5833333333333,0.001609415210873975
377.66666666666663,0.00133842255043194
377.75,0.00038978197515904565
377.8333333333333,0.001003690823383007
377.91666666666663,0.0011447073282845803
378.0,0.0007625628523034667
378.0833333333333,0.0008806275539370927
378.16666666666663,0.000880879872557853
378.25,0.0010753143155388604
378.3333333333333,0.0015805396821500324
378.41666666666663,0.0011405984082123078
378.5,0.00048076511027402637
378.5833333333333,0.0006194116907452627
378.66666666666663,0.0011861163693638994
378.75,0.0008072965250353249
378.8333333333333,0.0008785906509983868
378.91666666666663,0.001144262252026054
379.0,0.000824959504068061
379.0833333333333,0.0010190136451072695
379.16666666666663,0.0012211768854441716
379.25,0.000689039039928672
379.3333333333333,0.0007684616117541195
379.41666666666663,0.0011076766882444193
379.5,0.0011219530391826757
379.5833333333333,0.00022885700318391497
379.66666666666663,0.0004109336395598951
379.75,0.0009893384189224878
379.8333333333333,0.0008702837117418543
379.91666666666663,0.000672726400877143
380.0,0.0011664682628705423
380.0833333333333,0.000591866111175793
380.16666666666663,0.0008562618249177927
380.25,0.0004941535629006681
380.3333333333333,0.00034951537968910167
380.41666666666663,0.0006126466819107364
380.5,0.00046345470541943676
380.5833333333333,0.0007116028224961881
380.66666666666663,0.0015092159895418297
380.75,0.0019335009739221225
380.8333333333333,0.0009123815156398145
380.91666666666663,0.00038114291937809926
381.0,0.0004996141043101531
381.0833333333333,0.00093252540656477
381.16666666666663,0.001192526617798912
381.25,0.0004773548268450555
381.3333333333333,0.0006929247217244261
381.41666666666663,0.00045835069674874903
381.5,0.00040917105460345387
381.5833333333333,0.00014551916838220416
381.66666666666663,8.504167263455824e-05
381.75,9.243415363745714e-05
381.8333333333333,0.00023175480231367175
381.91666666666663,0.0003631156883729356
382.0,0.0004329563390019798
382.0833333333333,0.0005561693504131022
382.16666666666663,0.0008427617918654026
382.25,0.001355121406865773
382.3333333333333,0.0012576351753919078
382.41666666666663,0.0012599225953088353
382.5,0.001166168209275842
382.5833333333333,0.0009505266181390648
382.66666666666663,0.0010384387437110155
382.75,0.0010103438407197444
382.8333333333333,0.0006851307238990663
382.91666666666663,0.00020806378728927468
383.0,0.0006055544225885223
383.0833333333333,0.00042877871475109045
383.16666666666663,0.0008589748212123786
383.25,0.0008336475229952227
383.3333333333333,0.000302854727693213
383.41666666666663,0.00030985648256241685
383.5,0.0006947155698004529
383.5833333333333,0.0011851580580277724
383.66666666666663,0.0002343338834952964
383.75,0.001198657636071591
383.8333333333333,0.001061715845967368
383.91666666666663,0.001363903782902638
384.0,0.0013606339556014486
384.0833333333333,0.0011792601790634554
384.16666666666663,0.0005402897381108444
384.25,0.00010950338289082478
384.3333333333333,0.0005559827448345044
384.41666666666663,0.0006238880887874705
384.5,0.0005614603097325653
384.5833333333333,0.0004474422807842502
384.66666666666663,0.00016122428658889624
384.75,0.0006931627774099676
384.8333333333333,0.0009252910343647951
384.91666666666663,0.0008054338103562927
385.0,0.00013726894544254753
385.0833333333333,0.0011324688723967002
385.16666666666663,0.0011305873231248
385.25,0.000528039289574594
385.3333333333333,0.0003512783493834506
385.41666666666663,0.0005267279097406607
385.5,0.0007082377566797449
385.5833333333333,0.00051456426319088
385.66666666666663,0.0012793363891055094
385.75,0.0012147478070551794
385.8333333333333,0.0005769083706553841
385.91666666666663,0.0012731011084472117
386.0,0.0017378843021556745
386.0833333333333,0.0012754332930403013
386.16666666666663,0.00035804259387792246
386.25,0.0002493332637552245
386.3333333333333,0.0001441673042507983
386.41666666666663,0.0005717645451786959
386.5,0.0004736956824001487
386.5833333333333,0.00033772624045016585
386.66666666666663,0.0006047402664666104
386.75,0.00029181875208864077
386.8333333333333,0.0004460752386873546
386.91666666666663,0.0004614279327952509
387.0,0.0004026642610690601
387.0833333333333,0.0006872073445910905
387.16666666666663,0.0005843515839696089
387.25,0.0005013211131629727
387.3333333333333,0.0007540323958017308
387.41666666666663,0.0005322531097538127
387.5,0.0006900708388451816
387.5833333333333,0.0004885489682505558
387.66666666666663,0.0005258846398249187
387.75,0.0010142456155961606
387.8333333333333,0.00023114524617228436
387.91666666666663,0.0010711177494747432
388.0,0.00032834534823187076
388.0833333333333,0.0005523003029845036
388.16666666666663,0.0007148558340646819
388.25,0.0010849706377753672
388.3333333333333,0.001206184298987995
388.41666666666663,0.0004561637762319065
388.5,0.0004134625351869286
388.5833333333333,0.0005189045802189229
388.66666666666663,0.0005906095498479055
388.75,0.0009123292312365826
388.8333333333333,0.0012955302344082962
388.91666666666663,0.0006064850148879175
389.0,0.001383946558541088
389.0833333333333,0.001834025106617626
389.16666666666663,0.0012338040546684616
389.25,0.0001585363039116202
389.3333333333333,0.0008728413884150589
389.41666666666663,0.0004527112601475837
389.5,0.0009588392010194815
389.5833333333333,0.0010729846885448847
389.66666666666663,0.00028124150642515913
389.75,8.49965560997443e-05
389.8333333333333,0.000952658214297026
389.91666666666663,0.0016921815408745384
390.0,0.0013897241411315736
390.0833333333333,0.0008023866587101454
390.16666666666663,0.00041800570833865986
390.25,0.0005194186041015276
390.3333333333333,0.0014303344766768476
390.41666666666663,0.0012367338900823397
390.5,0.00039347778616086616
390.5833333333333,0.0005736118593891291
390.66666666666663,0.0017020591124467387
390.75,0.002191405097952209
390.8333333333333,0.0008704767192882418
390.91666666666663,0.0008572895737338907
391.0,0.001072936024189171
391.0833333333333,0.0008011780761429353
391.16666666666663,0.0006693695450648665
391.25,0.0004637308344106761
391.3333333333333,6.0531431968720295e-05
391.41666666666663,0.0008379810705712817
391.5,0.0016791186570841376
391.5833333333333,0.001615671983865429
391.66666666666663,0.0009951187985924024
391.75,0.001179822590357247
391.8333333333333,0.0015472117444226571
391.91666666666663,0.002113461512663391
392.0,0.0018143386719623278
392.0833333333333,0.001137225084974963
392.16666666666663,0.0008246944920905772
392.25,0.0007987777958741928
392.3333333333333,0.0005005880284904181
392.41666666666663,0.0004041720503534124
392.5,0.0008184026374536136
392.5833333333333,0.0013192295636145926
392.66666666666663,0.0013988383415882884
392.75,0.0008139616438106976
392.8333333333333,0.0011568493060736909
392.91666666666663,0.00022328060111565892
393.0,0.0011453737848261271
393.0833333333333,0.001029831139609226
393.16666666666663,0.000837387566247552
393.25,0.0009644391513138918
393.3333333333333,0.0005843247116081424
393.41666666666663,0.000987521000876622
393.5,0.0008242421402914099
393.5833333333333,0.00013290740635732909
393.66666666666663,0.0004909362391619797
393.75,0.0008988879492350872
393.8333333333333,0.0002717785809884525
393.91666666666663,0.0011850812360460555
394.0,0.0007842416730219149
394.0833333333333,0.0006913658775142681
394.16666666666663,0.0016949669344557981
394.25,0.0018835785535553362
394.3333333333333,0.0013445188689066288
394.41666666666663,0.0012263380709836168
394.5,0.001225216787046906
394.5833333333333,0.000895413065896378
394.66666666666663,0.00023670419688534458
394.75,0.0006498846726877925
394.8333333333333,0.000549495580300208
394.91666666666663,0.00042325842086863967
395.0,0.0004978873372425021
395.0833333333333,0.0006177462688124022
395.16666666666663,0.0005737605124074525
395.25,0.0002480005875770443
395.3333333333333,0.00030015168141197374
395.41666666666663,0.0009787833431640725
395.5,0.0017170498480801434
395.5833333333333,0.0010675461332843963
395.66666666666663,0.0009100583103245097
395.75,0.0008815555300880201
395.8333333333333,0.00026267144318404216
395.91666666666663,0.00020766092125234934
396.0,0.00022924574574841077
396.0833333333333,0.0002548906113753279
396.16666666666663,0.0002768754535577466
396.25,0.0007504163751814657
396.3333333333333,0.0008547711179099821
396.41666666666663,0.0006764196753505451
396.5,0.0005623762790821849
396.5833333333333,0.0012853578634662898
396.66666666666663,0.00141720857658827
396.75,0.0010273375157765121
396.8333333333333,0.0007907083548506729
396.91666666666663,0.00043750226713015755
397.0,0.00036074404688670955
397.0833333333333,0.00041362099342219185
397.16666666666663,0.0011807691600089912
397.25,0.0007785679347105483
397.3333333333333,0.0006097972215290636
397.41666666666663,0.0006632950442018952
397.5,0.0005554251033117302
397.5833333333333,0.0008511244330972656
397.66666666666663,0.0013917638419982683
397.75,0.0012917385729770345
397.8333333333333,0.0007318246773067608
397.91666666666663,0.0005783918659786278
398.0,0.00047495316673838825
398.0833333333333,0.0007952753027247934
398.16666666666663,0.0006795004213589781
398.25,0.0004088404870487321
398.3333333333333,0.0004606202971698758
398.41666666666663,0.00048656008588582366
398.5,0.0002887808418480221
398.5833333333333,0.0005086889793509127
398.66666666666663,0.0006876239296514987
398.75,0.00037272349630818535
398.8333333333333,0.001217146411968616
398.91666666666663,0.0007276202687969544
399.0,0.00013320730612067274
399.0833333333333,0.0011104221406543768
399.16666666666663,0.001796802363502611
399.25,0.0013343367426091074
399.3333333333333,0.0010432289856811246
399.41666666666663,0.0009175371391421089
399.5,0.0009990061409089219
399.5833333333333,0.0011794580166174906
399.66666666666663,0.0009532320925214778
399.75,0.0012046441986356658
399.8333333333333,0.001079349615080356
399.91666666666663,0.0009146460769103135
400.0,0.001297402230090653
400.0833333333333,0.0008545180757211381
400.16666666666663,0.0005340632812736527
400.25,5.800032144201153e-05
400.3333333333333,0.0008838503777938442
400.41666666666663,0.0013280289774542002
400.5,0.0004193002431144959
400.5833333333333,0.0005601994420646729
400.66666666666663,0.0005366421090506522
400.75,0.00024231294823655276
400.8333333333333,0.0004511116067950799
400.91666666666663,0.0001987662376057865
401.0,0.0005698802770352032
401.0833333333333,0.0008163130925646477
401.16666666666663,0.0009567119267201123
401.25,0.0013449656195206987
401.3333333333333,0.0009648878618802616
401.41666666666663,0.0011069411148305489
401.5,0.0007261505193720182
401.5833333333333,0.0013477340805735352
401.66666666666663,0.0014535916701505693
401.75,0.0007333251912005744
401.8333333333333,0.0011364142483700913
401.91666666666663,0.0016851294593315839
402.0,0.001380713298889283
402.0833333333333,0.0006292445165916031
402.16666666666663,0.0014050089542561816
402.25,0.0012661053449490364
402.3333333333333,0.0006858744005983938
402.41666666666663,0.001140407816827276
402.5,0.0005246872368698454
402.5833333333333,0.0003289115884034173
402.66666666666663,0.000513214073486669
402.75,0.0009984845710199395
402.8333333333333,0.0009941265987954526
402.91666666666663,0.0009308049950423534
403.0,0.0008997799715228631
403.0833333333333,0.0001915959413211008
403.16666666666663,0.0008060956888365305
403.25,0.0007355189821009358
403.3333333333333,0.0006276857160617766
403.41666666666663,0.0006765648152673273
403.5,0.0008152640672246159
403.5833333333333,0.0012815185000889984
403.66666666666663,0.0013867212218433734
403.75,0.0010188123175149464
403.8333333333333,0.00039461758566948957
403.91666666666663,0.0007010333804146315
404.0,0.0006837243613139823
404.0833333333333,0.001167896755427578
404.16666666666663,0.0009168865471330932
404.25,0.00027711318592864705
404.3333333333333,0.00034006359061295187
404.41666666666663,0.00014210702669772282
404.5,0.0008509198737288709
404.5833333333333,0.0004979351262263136
404.66666666666663,0.0003892705995360583
404.75,0.00023870915349308752
404.8333333333333,0.0006845993834450107
404.91666666666663,0.0009796584621825158
405.0,0.0007042525044552802
405.0833333333333,0.0003603641225254907
405.16666666666663,0.00011461927610017916
405.25,0.0005937088159773933
405.3333333333333,0.0011238638610872233
405.41666666666663,0.0016008017739938501
405.5,0.001001967917640852
405.5833333333333,0.0008304254877911835
405.66666666666663,0.000940852583289517
405.75,0.0016987603211507376
405.8333333333333,0.0016412987081684059
405.91666666666663,0.000677490985168773
406.0,0.0011984733061908034
406.0833333333333,0.0013492848093159945
406.16666666666663,0.0004863210437116209
406.25,0.0003634585277763478
406.3333333333333,0.0006099796813467782
406.41666666666663,0.0007578970445348767
406.5,0.0003378093651787591
406.5833333333333,0.0016560386494655517
406.66666666666663,0.0015889962095377598
406.75,0.00029998024792563026
406.8333333333333,0.0007175111348892068
406.91666666666663,0.0010297490264742834
407.0,0.0011964852526259776
407.0833333333333,0.0008658685455624994
407.16666666666663,0.0005514860014273139
407.25,0.00027091099365748666
407.3333333333333,1.8020642723357893e-05
407.41666666666663,0.0004740155041108115
407.5,0.0003853481677545755
407.5833333333333,0.0006338952064099627
407.66666666666663,0.0009727748235459216
407.75,0.0003437214815310344
407.8333333333333,0.00039039162761484705
407.91666666666663,0.00031873898745242993
408.0,0.00016964882640487373
408.0833333333333,0.00029881536771367474
408.16666666666663,0.000943808647317859
408.25,0.0006156343963595685
408.3333333333333,0.00048713446924582526
408.41666666666663,0.0004094628387563357
408.5,0.0002542609415021036
408.5833333333333,0.0003854030396416247
408.66666666666663,0.0007013604810215917
408.75,0.0012121386883999514
408.8333333333333,0.0016943797255052286
408.91666666666663,0.0015876232209931307
409.0,0.0003446401690572797
409.0833333333333,0.0005791295815121924
409.16666666666663,0.00017691049412648762
409.25,0.0005087814765524644
409.3333333333333,0.0006416484989967686
409.41666666666663,0.0007212358405993649
409.5,0.0005593181495870225
409.5833333333333,0.0005558895530065411
409.66666666666663,0.0005596275840473488
409.75,0.0013823567582193557
409.8333333333333,0.0022165674851652817
409.91666666666663,0.0017653040413679085
410.0,0.0014153508013296085
410.0833333333333,0.0007848438639924023
410.16666666666663,0.0009155169522687775
410.25,0.000568877356618302
410.3333333333333,0.0008168461942845238
410.41666666666663,0.00048759848012467553
410.5,0.0007069323658553927
410.5833333333333,0.0007594199970892693
410.66666666666663,0.0006858707538086765
410.75,0.00022847482201521528
410.8333333333333,0.00022753880763331721
410.91666666666663,0.0003950693233827932
411.0,0.00100067159030593
411.0833333333333,0.0011484075663486934
411.16666666666663,7.365958637855275e-05
411.25,0.0012583328532683217
411.3333333333333,0.0012385916967521575
411.41666666666663,0.0010631786949039982
411.5,0.001081425354721494
411.5833333333333,0.0010386630961636428
411.66666666666663,0.0010105320402826773
411.75,0.0010082950771009215
411.8333333333333,0.0010959024506242629
411.91666666666663,0.0004172136381582118
412.0,0.0008185839360901727
412.0833333333333,0.0004996232641841077
412.16666666666663,0.0003125305246953372
412.25,0.0007415013800949408
412.3333333333333,0.0015084309127964782
412.41666666666663,0.000704170853757992
412.5,0.0003245827600713026
412.5833333333333,0.000938013180715089
412.66666666666663,0.0008810615686998779
412.75,0.0003255138798240754
412.8333333333333,0.0008709288224819986
412.91666666666663,0.0010013688070670463
413.0,0.0003207223493010999
413.0833333333333,0.0006015230127568151
413.16666666666663,0.00020104648845400798
413.25,0.000138447811318242
413.3333333333333,0.0006297868730965047
413.41666666666663,0.0006330864423150856
413.5,0.00043198991896993024
413.5833333333333,0.0006773342487830786
413.66666666666663,0.0007947003702474045
413.75,0.0004066779221387173
413.8333333333333,0.0006427274227337891
413.91666666666663,0.0007112752594774171
414.0,0.0010237170307490072
414.0833333333333,0.00031791198759332134
414.16666666666663,0.0010446260616739254
414.25,0.0017332742852857598
414.3333333333333,0.0011975398994617924
414.41666666666663,0.0008298077168357618
414.5,0.00016659594404605377
414.5833333333333,0.0009355329994026852
414.66666666666663,0.0010671187309673272
414.75,0.0006272982468471043
414.8333333333333,0.00038680337831235385
414.91666666666663,0.0008248958845974937
415.0,0.0006904550688063536
415.0833333333333,0.0006571173969811544
415.16666666666663,0.0006015828773548878
415.25,0.0008172566012479869
415.3333333333333,0.001075081246829126
415.41666666666663,0.0003335184393279493
415.5,0.00041655212537041966
415.5833333333333,0.00043537652251191743
415.66666666666663,0.00032552826280729015
415.75,0.00041917058138594006
415.8333333333333,0.0003345576927469354
415.91666666666663,0.000588561181034738
416.0,0.0006557744539487688
416.0833333333333,0.0003150614418164512
416.16666666666663,0.00027980876397866596
416.25,0.00010566366846599913
416.3333333333333,0.0001994804275035958
416.41666666666663,0.0002738308053588518
416.5,0.00045682407555172605
416.5833333333333,0.00045546422172038754
416.66666666666663,0.0006374036031005932
416.75,0.0012197681719571096
416.8333333333333,0.0012339393860261783
416.91666666666663,0.00029375249648537933
417.0,0.0010311848169197667
417.0833333333333,0.000911459558999123
417.16666666666663,0.0008142872333988364
417.25,0.0013674223047410315
417.3333333333333,0.0010618552621587376
417.41666666666663,0.0007523980883014745
417.5,0.0008650170210564004
417.5833333333333,0.0008404959489319738
417.66666666666663,0.0004749750360804427
417.75,0.0008740034722347689
417.8333333333333,0.0006658592625301987
417.91666666666663,0.0005540640111430531
418.0,0.0004485543674481424
418.0833333333333,0.0005746387510537504
418.16666666666663,0.0010169971380588785
418.25,0.0006937612136845574
418.3333333333333,0.0019705379781693095
418.41666666666663,0.001643633349711957
418.5,0.0005062574738090243
418.5833333333333,0.00047522865816314016
418.66666666666663,0.0009140627336838863
418.75,0.0009707370348800894
418.8333333333333,0.0004353233656290658
418.91666666666663,0.0005263314878746641
419.0,0.0007812579293183276
419.0833333333333,0.000270848884710581
419.16666666666663,0.0003037836647691968
419.25,0.0003569306731687547
419.3333333333333,0.0003595045830486046
419.41666666666663,0.0002889637444362195
419.5,2.3868359353031936e-05
419.5833333333333,0.0010987154591152175
419.66666666666663,0.0011089600478672152
419.75,0.0008741557641599167
419.8333333333333,0.000787460468041442
419.91666666666663,6.095413122315887e-05
420.0,0.0008682572521570799
420.0833333333333,0.00047811436547052117
420.16666666666663,0.0006434899512661368
420.25,0.000675614499765438
420.3333333333333,0.0010089753726522997
420.41666666666663,0.0008169456241520671
420.5,0.00037846307694745806
420.5833333333333,0.0010072877465815296
420.66666666666663,0.001810682910288504
420.75,0.0021131150375177776
420.8333333333333,0.0014459928934210137
420.91666666666663,0.0006510758135113485
421.0,0.0009922155788478632
421.0833333333333,0.0008388564963984127
421.16666666666663,0.001644929897930432
421.25,0.001192480633982157
421.3333333333333,0.0003572833091691802
421.41666666666663,0.0006099980904065821
421.5,0.0004225787033665454
421.5833333333333,0.0009350561066482201
421.66666666666663,0.0015836377533756587
421.75,0.001286083052206507
421.8333333333333,0.0005478513909321674
421.91666666666663,0.0008978534347315954
422.0,0.0013965457813909352
422.0833333333333,0.0009755269226568306
422.16666666666663,0.0005848301074132145
422.25,0.0011900595158541264
422.3333333333333,0.0005113625011648843
422.41666666666663,0.00039166989093967217
422.5,0.00030056620696801466
422.5833333333333,0.00043059055568882564
422.66666666666663,0.0007132340857652226
422.75,0.00042239600570938616
422.8333333333333,0.0010099393628400755
422.91666666666663,0.0011672590345601995
423.0,0.0008220560325988552
423.0833333333333,0.00020020294883766883
423.16666666666663,0.0003113183006426653
423.25,0.0006308379201305571
423.3333333333333,0.00042942884332371775
423.41666666666663,0.0007928264957445391
423.5,0.0007008782711335134
423.5833333333333,0.0008820229758669413
423.66666666666663,0.0008307857108134098
423.75,0.001210775817349735
423.8333333333333,0.0007952685476236726
423.91666666666663,0.0003189912125625925
424.0,0.0008393285626079826
424.0833333333333,0.0016625351317282645
424.16666666666663,0.001971020742416294
424.25,0.0013917893741947017
424.3333333333333,0.0008980355181973222
424.41666666666663,0.0005499699761941774
424.5,0.0008905709603398767
424.5833333333333,0.00037674521531990416
424.66666666666663,0.0012722765574788109
424.75,0.0011758155087031614
424.8333333333333,0.00037996504735307585
424.91666666666663,0.0004036051333721873
425.0,0.001438884928424218
425.0833333333333,0.0013040208193314342
425.16666666666663,0.0010350326281593752
425.25,0.0012306025384547152
425.3333333333333,0.0010902905314898776
425.41666666666663,0.0007354595035448773
425.5,0.00044908107668359176
425.5833333333333,0.00027087002293642136
425.66666666666663,0.0011889125256824356
425.75,0.0011937340051645143
425.8333333333333,0.0005920209677397653
425.91666666666663,0.00040055234477049556
426.0,0.0008430451312744953
426.0833333333333,9.100438486636519e-05
426.16666666666663,0.00036788419797452573
426.25,0.0011842251976405878
426.3333333333333,0.001442047169452136
426.41666666666663,0.0006469385432404258
426.5,0.0004476646335949838
426.5833333333333,0.001416681847446963
426.66666666666663,0.0017869278848969836
426.75,0.001186119849219965
426.8333333333333,0.0010203755332598965
426.91666666666663,0.0010308161662586216
427.0,0.0002157508143045903
427.0833333333333,0.0005982534686315598
427.16666666666663,0.0008779738839103768
427.25,0.0009622209410562302
427.3333333333333,0.00044640848275203466
427.41666666666663,0.00032285657728222365
427.5,0.000705777934141874
427.5833333333333,0.0009263682865174684
427.66666666666663,0.0008726370704803023
427.75,0.0006396156702627344
427.8333333333333,0.0007094933100723978
427.91666666666663,0.0011218732038791375
428.0,0.001089951324927705
428.0833333333333,0.00042279893577652197
428.16666666666663,0.0003877075647763638
428.25,0.0004121409222449211
428.3333333333333,0.0006973068457406405
428.41666666666663,0.00020498112810850568
428.5,0.0011809086372895207
428.5833333333333,0.0009591335924723483
428.66666666666663,0.001061132100461049
428.75,0.0006582705579400417
428.8333333333333,0.00037476951055395486
428.91666666666663,0.0004942437864314206
429.0,0.0007844482629109502
429.0833333333333,0.0006842433523001018
429.16666666666663,0.0010817366515798222
429.25,0.0007583073432274609
429.3333333333333,0.001562239298954722
429.41666666666663,0.0014453748249790553
429.5,0.0005490029721417607
429.5833333333333,0.00018315395101976467
429.66666666666663,0.0014746036838790319
429.75,0.0015275181539520647
429.8333333333333,0.0008375455938246433
429.91666666666663,0.0002938234698456103
430.0,0.0010508018947342028
430.0833333333333,0.0006983035686804201
430.16666666666663,0.00048559018197026236
430.25,0.00018466294372356383
430.3333333333333,0.00041584025579373114
430.41666666666663,0.000999906690263139
430.5,0.0008775827910960026
430.5833333333333,0.0006437884293418882
430.66666666666663,0.001047014894262211
430.75,0.001082440366493574
430.8333333333333,0.0006992863919172219
430.91666666666663,0.0007383266180971084
431.0,0.00031394958666066314
431.0833333333333,0.0005248609665189938
431.16666666666663,0.0009605036844499151
431.25,0.000983498814584831
431.3333333333333,0.0005300483866474637
431.41666666666663,0.00030561256050599397
431.5,0.00037819552588164206
431.5833333333333,0.0008572332755220952
431.66666666666663,0.0013671534499919262
431.75,0.0010837166276987207
431.8333333333333,0.0005190581867851301
431.91666666666663,0.0006967565800858595
432.0,0.0006727641507287662
432.0833333333333,0.00037736929014992206
432.16666666666663,0.0004073005876672615
432.25,0.0015737879768520163
432.3333333333333,0.0017874431746291344
432.41666666666663,0.0016103327769628813
432.5,0.0010222431667123808
432.5833333333333,0.0005331078938201444
432.66666666666663,0.0007959698780157632
432.75,0.0007316125163957476
432.8333333333333,0.0004897054900742592
432.91666666666663,0.0005631478640237147
433.0,0.000255733329033555
433.0833333333333,0.0005756989978581439
433.16666666666663,0.0009247842920353655
433.25,0.0002000039642583433
433.3333333333333,0.0002708098919281754
433.41666666666663,0.0003022937308758127
433.5,0.0008620012084531204
433.5833333333333,0.0012812477530380218
433.66666666666663,0.0006115642155906585
433.75,0.00031163467110377003
433.8333333333333,0.000527990897749504
433.91666666666663,0.000956956242972157
434.0,0.0005184905839222696
434.0833333333333,0.0006473417548718635
434.16666666666663,0.0008434394651098163
434.25,0.0009410298949890123
434.3333333333333,0.0013515685551710413
434.41666666666663,0.0007734263710869085
434.5,0.0008110293744218052
434.5833333333333,0.0007221825152995739
434.66666666666663,0.0007094812023425275
434.75,0.00011811986837909541
434.8333333333333,0.00047087863511488927
434.91666666666663,0.0013728279105480472
435.0,0.001849212097254008
435.0833333333333,0.0008494111865125572
435.16666666666663,0.00037766686454938686
435.25,8.288510596721038e-05
435.3333333333333,0.0004818835775757153
435.41666666666663,0.0008498373555576448
435.5,0.0006627280135493627
435.5833333333333,2.5290803074779528e-05
435.66666666666663,0.00014469541420535548
435.75,0.00016846810021222568
435.8333333333333,0.000513142418509064
435.91666666666663,0.0009428484940659352
436.0,0.0004167407019208644
436.0833333333333,0.0008078738212755742
436.16666666666663,0.0016908393934287798
436.25,0.0016801739984627403
436.3333333333333,0.000706259138331738
436.41666666666663,0.0004936394857731259
436.5,0.0005646733294639582
436.5833333333333,0.0006393041795441986
436.66666666666663,0.0004709238732293194
436.75,0.0015058011769672525
436.8333333333333,0.0013839483150656809
436.91666666666663,0.0007341251634141472
437.0,5.529329672549502e-05
437.0833333333333,0.0005570692557745882
437.16666666666663,0.0005013645960081377
437.25,3.989725585434169e-05
437.3333333333333,0.0004594646213167236
437.41666666666663,0.0006065420350528627
437.5,0.00040818161802833643
437.5833333333333,0.001352186766344104
437.66666666666663,0.0010692068648918748
437.75,0.0005848003808039317
437.8333333333333,0.00021705224570063477
437.91666666666663,0.0005970637458363331
438.0,0.0009185543688308924
438.0833333333333,0.0006427542269644604
438.16666666666663,0.0002735875390968729
438.25,0.0009073783012737939
438.3333333333333,0.0012938013630139791
438.41666666666663,0.0016315250571998965
438.5,0.0021635783491195082
438.5833333333333,0.001662705932044622
438.66666666666663,0.0004636710643441975
438.75,0.00047175872032009477
438.8333333333333,0.0008814452407145325
438.91666666666663,0.0007862022897263237
439.0,0.00035301369043394483
439.0833333333333,0.0009077530123571961
439.16666666666663,0.0011481243446611836
439.25,0.0012897458255276262
439.3333333333333,0.0008155318092573763
439.41666666666663,0.0002516641429776944
439.5,0.000353025322777264
439.5833333333333,0.0006650476065441297
439.66666666666663,0.0013681831205347883
439.75,0.0011900742003959732
439.8333333333333,0.000831914142838884
439.91666666666663,0.0011071627795743806
440.0,0.0013685814625522621
440.0833333333333,0.000990038627229798
440.16666666666663,0.0005992707820269823
440.25,0.0006497636541618185
440.3333333333333,0.0005749517764028397
440.41666666666663,0.0004883777267246643
440.5,0.00044275070438750075
440.5833333333333,0.0003002136749589693
440.66666666666663,0.0005368709956632009
440.75,0.0005821222494770938
440.8333333333333,0.0003703082507014169
440.91666666666663,0.00042297230460599486
441.0,0.001104972890218219
441.0833333333333,0.0011004869929340509
441.16666666666663,0.0011066230021092042
441.25,0.0008715651927133344
441.3333333333333,0.0006584230682661001
441.41666666666663,0.0007987107637702838
441.5,0.0005902994124838942
441.5833333333333,0.0007210460940972405
441.66666666666663,0.0008992508302602674
441.75,0.0011363509203572515
441.8333333333333,0.0008499382101802464
441.91666666666663,0.0004095616948328853
442.0,0.000940868604012017
442.0833333333333,0.0010077304639203397
442.16666666666663,0.0016508872515011799
442.25,0.0016436445625598272
442.3333333333333,0.0006964486472607308
442.41666666666663,0.0011921913996692287
442.5,0.001586216145839566
442.5833333333333,0.0004969291180052633
442.66666666666663,0.0007071194020455528
442.75,0.001101790938723959
442.8333333333333,0.0014751909339319373
442.91666666666663,0.000958759039553639
443.0,0.0006246224802953019
443.0833333333333,0.001133736070506615
443.16666666666663,0.0010253013747301414
443.25,0.000729152837636731
443.3333333333333,0.00070771558970571
443.41666666666663,0.0012873048872633767
443.5,0.0012073069888916368
443.5833333333333,0.0010579802150299108
443.66666666666663,0.0009783114291738945
443.75,0.0005023703698181446
443.8333333333333,0.00026989164417706707
443.91666666666663,0.00021017930278987646
444.0,0.00043655920628899846
444.0833333333333,0.0005433192418819198
444.16666666666663,0.0005711488979413923
444.25,0.0005058155352629587
444.3333333333333,0.0011585875602720486
444.41666666666663,0.001681778914790059
444.5,0.0017339168379365696
444.5833333333333,0.0011707084086103596
444.66666666666663,0.0011770598611679217
444.75,0.0003812579464095871
444.8333333333333,0.0005040204480720031
444.91666666666663,0.0006311571100327573
445.0,0.0002646556697856355
445.0833333333333,0.0006020810104227395
445.16666666666663,0.00025042923937230354
445.25,0.00035262583772313025
445.3333333333333,0.0007080606728309967
445.41666666666663,0.0008254547408718312
445.5,0.0009424097316181165
445.5833333333333,0.0003008209857664323
445.66666666666663,0.0007829409232371428
445.75,0.001329475904056602
445.8333333333333,0.0012824094481405446
445.91666666666663,0.00152262300689118
446.0,0.0010896355662926116
446.0833333333333,0.00027143737783618933
446.16666666666663,0.00037073536122097085
446.25,0.0008612983769504575
446.3333333333333,0.00022098359211021877
446.41666666666663,0.0013696044914835125
446.5,0.002065241717643958
446.5833333333333,0.001298617699138708
446.66666666666663,0.0010823090777357896
446.75,0.0006662957097724124
446.8333333333333,0.0009732707209889315
446.91666666666663,0.0012851028013334967
447.0,0.0006360525742910559
447.0833333333333,0.0007528146034452395
447.16666666666663,0.00021022377525482762
447.25,0.0008578487533573897
447.3333333333333,0.000555773775913747
447.41666666666663,0.0014163761260567833
447.5,0.0005822330184442388
447.5833333333333,0.0007821535212728524
447.66666666666663,0.00029008394413555636
447.75,0.00024368768274402334
447.8333333333333,0.0005844022830724264
447.91666666666663,0.0012267076356873663
448.0,0.0009259597835510261
448.0833333333333,0.0011879511097917445
448.16666666666663,0.001302149649752977
448.25,0.0014928637661233081
448.3333333333333,0.0013876294237864083
448.41666666666663,0.0008844587499944275
448.5,0.000509652633071685
448.5833333333333,0.0005296402914956815
448.66666666666663,0.0006093366822026173
448.75,0.00023525434558656802
448.8333333333333,0.0007142031657341903
448.91666666666663,8.193997006815288e-05
449.0,0.0007238608224418262
449.0833333333333,0.0005680883941221521
449.16666666666663,0.0012988292672524752
449.25,0.0011562022541905935
449.3333333333333,0.0008792542930598028
449.41666666666663,0.0004694130751369589
449.5,0.0012361367092583642
449.5833333333333,0.0007792059989228662
449.66666666666663,0.00042780734663099224
449.75,0.0008969557568787084
449.8333333333333,0.0013053099223848852
449.91666666666663,0.0005988291473947219
450.0,0.00023162257700312688
450.0833333333333,0.0006852667756023291
450.16666666666663,0.0006378242056509382
450.25,0.0003692672484783072
450.3333333333333,0.00032483940976438784
450.41666666666663,0.0005049678744543629
450.5,0.0009782009487723684
450.5833333333333,0.0013416720318472977
450.66666666666663,0.0013979875652073259
450.75,0.0014216201824009964
450.8333333333333,0.0013835142128573274
450.91666666666663,0.0013382334488611502
451.0,0.0015296654304411178
451.0833333333333,0.001322199095817322
451.16666666666663,0.0005851981067619747
451.25,0.0004115557843576451
451.3333333333333,0.0006303303155346282
451.41666666666663,0.000999156970624089
451.5,6.511637704049818e-05
451.5833333333333,0.001168939485742616
451.66666666666663,0.0009386964330124041
451.75,0.0005318596867948629
451.8333333333333,0.00010299471659718282
451.91666666666663,0.00015290683989231001
452.0,0.00023467577552141605
452.0833333333333,0.00042516632508962204
452.16666666666663,0.0008487513274328193
452.25,0.0009202421804992293
452.3333333333333,0.0004033207486333232
452.41666666666663,0.0011168593346480634
452.5,0.0014976984975257727
452.5833333333333,0.0010011337385581753
452.66666666666663,0.0009839114637696699
452.75,0.0007293942455242113
452.8333333333333,0.0008629172310628503
452.91666666666663,0.0012937968943340663
453.0,0.0010266793122424463
453.0833333333333,0.0007973174549779423
453.16666666666663,0.0008795862693758356
453.25,0.0008215267082476526
453.3333333333333,0.0009798200526588317
453.41666666666663,0.0006940676072734291
453.5,0.001264274180498939
453.5833333333333,0.0012901292854013437
453.66666666666663,0.0006217237701957224
453.75,0.00012355055949180412
453.8333333333333,0.000386015722134488
453.91666666666663,5.831152060092439e-05
454.0,0.00013938745908549476
454.0833333333333,0.0003998517483152917
454.16666666666663,0.00047985673700549225
454.25,0.0009949475708329772
454.3333333333333,0.0007981709475908509
454.41666666666663,0.0002975436607174177
454.5,0.0005816275815113341
454.5833333333333,0.0008797014293725357
454.66666666666663,0.0011573620455275278
454.75,0.0013719366152986888
454.8333333333333,0.001314355250515922
454.91666666666663,0.0005655487641884159
455.0,0.00039979922030237454
455.0833333333333,0.0008121306391162925
455.16666666666663,0.0006468299686708311
455.25,0.0006942212074115817
455.3333333333333,0.000415036923029529
455.41666666666663,0.0016955958760215123
455.5,0.0021098127549374385
455.5833333333333,0.0011973581322581386
455.66666666666663,0.0003574480677425654
455.75,0.0003433077822038632
455.8333333333333,0.00020866700171541473
455.91666666666663,0.0006563081226713247
456.0,0.0009242335916983226
456.0833333333333,0.0006296694465663281
456.16666666666663,0.00021060715661078754
456.25,0.000998922273676902
456.3333333333333,0.0016453367903736318
456.41666666666663,0.0017321535455939437
456.5,0.0010087188554388862
456.5833333333333,0.0007196679006875092
456.66666666666663,0.00035553285281914753
456.75,0.000623714703635973
456.8333333333333,0.00017691239192529562
456.91666666666663,0.0003144176733081767
457.0,0.0012010118579434976
457.0833333333333,0.0017456226260972253
457.16666666666663,0.0012103513690562373
457.25,0.001314817525167306
457.3333333333333,0.0014928064010311104
457.41666666666663,0.0017395784223620738
457.5,0.0010222387406775707
457.5833333333333,0.0001691804660687261
457.66666666666663,0.0001216513113102803
457.75,0.0008001101913313754
457.8333333333333,0.0010825018165875476
457.91666666666663,0.0006718060955629896
458.0,0.0006523748698544493
458.0833333333333,0.00036844621861770345
458.16666666666663,0.00014615998101868768
458.25,0.0006957118739506957
458.3333333333333,0.00040978710014198693
458.41666666666663,0.0001219478038962827
458.5,0.0004964867102561198
458.5833333333333,0.0011561461627144869
458.66666666666663,0.0015730870060712853
458.75,0.0007767053449909467
458.8333333333333,0.001011451428601313
458.91666666666663,0.0015667983781625522
459.0,0.0019165882325795683
459.0833333333333,0.0012791219510098516
459.16666666666663,0.0008958219031528923
459.25,0.000782419742393405
459.3333333333333,0.00028980478512787846
459.41666666666663,0.0012105102574112097
459.5,0.0009737379536493605
459.5833333333333,0.0002894416394765186
459.66666666666663,0.0004984361648496105
459.75,0.0005521067673453272
459.8333333333333,0.0005067700864696357
459.91666666666663,0.0008104156577830896
460.0,0.0009383152872841759
460.0833333333333,0.0008719621527002629
460.16666666666663,0.00045166525166319074
460.25,0.0005969883407440034
460.3333333333333,0.00020180246735641515
460.41666666666663,0.000740223432993695
460.5,0.00039163951819491075
460.5833333333333,0.0012121941958947752
460.66666666666663,0.0005228357149181652
460.75,0.0003049340996065787
460.8333333333333,0.0001502606238307134
460.91666666666663,0.000691493526836151
461.0,0.0008889891506441704
461.0833333333333,0.0007629505694467085
461.16666666666663,0.000816009700564073
461.25,0.0012887064425911065
461.3333333333333,0.002129100195855834
461.41666666666663,0.0019664372517741633
461.5,0.0015011906662186856
461.5833333333333,0.0016356657841426257
461.66666666666663,0.001359961867546726
461.75,0.0006770730080069612
461.8333333333333,0.000400812064319286
461.91666666666663,0.00011625586835572727
462.0,0.0005488097051426741
462.0833333333333,0.00057609139444062
462.16666666666663,0.0006033064122881092
462.25,0.0008570545596663825
462.3333333333333,0.0010985766046380026
462.41666666666663,0.0008671884396234924
462.5,0.001194865663158673
462.5833333333333,0.0003580276152214756
462.66666666666663,0.0008131766069608613
462.75,0.00032572992478195866
462.8333333333333,0.0010767567639306166
462.91666666666663,0.0007004245182178565
463.0,0.0006332683412176738
463.0833333333333,0.000945343840711131
463.16666666666663,0.0007274105734376121
463.25,0.0005757642979142283
463.3333333333333,9.313652091846986e-05
463.41666666666663,0.00017394560210336226
463.5,0.0004602891520956364
463.5833333333333,0.0013394080743417032
463.66666666666663,0.001360283118505369
463.75,0.0009070313979774756
463.8333333333333,0.0007916336375076734
463.91666666666663,0.0006741212577287068
464.0,0.000547877513893839
464.0833333333333,0.00042935988803062335
464.16666666666663,0.0003946422212725174
464.25,0.0007078010294403787
464.3333333333333,0.0005107986450260702
464.41666666666663,0.00023170522426141214
464.5,0.0004969094696307393
464.5833333333333,0.0009635366158148252
464.66666666666663,0.0010605976520818418
464.75,0.0008424013725440836
464.8333333333333,0.00031284873056273613
464.91666666666663,0.0005620468758775146
465.0,0.000313788408020443
465.0833333333333,0.00024206527826581628
465.16666666666663,0.0002508320028007614
465.25,0.0008928714144482306
465.3333333333333,0.001278823764226312
465.41666666666663,0.0009723299103579834
465.5,0.0009510838251203584
465.5833333333333,0.000375769141478795
465.66666666666663,0.00023830846126159593
465.75,0.0003119443794068139
465.8333333333333,0.0008599599290947028
465.91666666666663,0.0012559014875762973
466.0,0.0003740480629035359
466.0833333333333,0.000952149643908566
466.16666666666663,0.0010008813802270767
466.25,0.0012815666422490968
466.3333333333333,0.000730883507827157
466.41666666666663,0.0007883505162513715
466.5,0.0007540934143726783
466.5833333333333,0.00021431154931855374
466.66666666666663,0.0007779306826702428
466.75,0.0005030566369251667
466.8333333333333,3.594381409343747e-05
466.91666666666663,8.254213364390669e-05
467.0,0.00044559443607190965
467.0833333333333,0.0004707325723904967
467.16666666666663,0.00020199856691200752
467.25,0.00025036730968953
467.3333333333333,0.0008503158763517596
467.41666666666663,0.0006391805072898494
467.5,0.0005551348331001113
467.5833333333333,0.0005298696959326056
467.66666666666663,0.0007558544174818883
467.75,0.0009242135540530835
467.8333333333333,0.0010458437699248147
467.91666666666663,0.0009542223351110128
468.0,0.0004112286656083564
468.0833333333333,0.00032734006074382335
468.16666666666663,0.000523327736417003
468.25,0.0002926797408827165
468.3333333333333,0.0003272877040538387
468.41666666666663,0.0010534144056179842
468.5,0.0005062313520456453
468.5833333333333,0.0005936956797416092
468.66666666666663,0.0006283096651108907
468.75,0.0001302935327411871
468.8333333333333,7.746712885024178e-05
468.91666666666663,0.0001165472688209655
469.0,0.00018009488987558492
469.0833333333333,0.0002015508588381622
469.16666666666663,0.00033341730815139017
469.25,0.0007136228215777341
469.3333333333333,0.0003670506700793358
469.41666666666663,0.0009619669099254838
469.5,0.0013372230418114619
469.5833333333333,0.0009969941965416362
469.66666666666663,0.00037889082162042464
469.75,0.0002348176268683763
469.8333333333333,0.0004779123250879173
469.91666666666663,0.000842633893532441
470.0,0.0008381729290767257
470.0833333333333,0.00082557190653387
470.16666666666663,0.0015275383713583277
470.25,0.002239084289640827
470.3333333333333,0.002029078670774133
470.41666666666663,0.0010738040350148075
470.5,0.0004480890185754829
470.5833333333333,0.0007025994041434442
470.66666666666663,0.0010528786850629635
470.75,0.00047616682378936174
470.8333333333333,0.0006844983477936927
470.91666666666663,0.0008667270335141642
471.0,0.0005262419610830066
471.0833333333333,0.000253744393390827
471.16666666666663,0.0005652572620832875
471.25,0.0004029007607528116
471.3333333333333,0.001156623078992053
471.41666666666663,0.000996728346228884
471.5,0.0005242481716545512
471.5833333333333,0.00038695892167079
471.66666666666663,0.00030249244505878964
471.75,0.0004687045702302468
471.8333333333333,0.0006181387244683375
471.91666666666663,0.00023076205102145905
472.0,0.0004494342645016452
472.0833333333333,0.0007912264031467107
472.16666666666663,0.0006846604109545051
472.25,0.00040860733153912315
472.3333333333333,0.0005144414195565653
472.41666666666663,0.0004718363931975006
472.5,9.283573909112485e-05
472.5833333333333,0.0002614154860450926
472.66666666666663,0.0003879721553770129
472.75,0.00039679533079822456
472.8333333333333,0.0003681794091508162
472.91666666666663,0.0005247399486896404
473.0,0.0005565523650128219
473.0833333333333,0.00014864375122255297
473.16666666666663,0.000564597230727333
473.25,0.0008395701534300568
473.3333333333333,0.0006524366768092978
473.41666666666663,0.00037410719654856067
473.5,0.0006779609482690276
473.5833333333333,0.0002859300038388026
473.66666666666663,0.0005526932627917991
473.75,0.000703746203773133
473.8333333333333,9.545851768854915e-06
473.91666666666663,0.00043707674854419885
474.0,0.0003362262422630561
474.0833333333333,0.0002841444470751899
474.16666666666663,0.0003609139493834916
474.25,0.0005916982356533728
474.3333333333333,0.0005698392140183461
474.41666666666663,0.0012496229426941727
474.5,0.0006510893976992194
474.5833333333333,0.0005528463562423602
474.66666666666663,0.0008047303722714338
474.75,0.0007589563298143531
474.8333333333333,0.001007181015524851
474.91666666666663,0.0009644071129563615
475.0,0.0005129697072224814
475.0833333333333,0.0002894755841172388
475.16666666666663,0.00018193280641394503
475.25,0.0008485381625962769
475.3333333333333,0.0007762767183709539
475.41666666666663,0.0015405801828025179
475.5,0.0007556718665731762
475.5833333333333,0.0006273975658990913
475.66666666666663,7.83405414971099e-05
475.75,0.0003787340284143396
475.8333333333333,0.00045693284543710336
475.91666666666663,0.0013723882126716051
476.0,0.0015226735071050262
476.0833333333333,0.0007641512793125747
476.16666666666663,0.0004501587057755555
476.25,6.284437043714585e-05
476.3333333333333,0.001004733633348797
476.41666666666663,0.0013760589423975468
476.5,0.0011656732633855485
476.5833333333333,0.0003809359651310116
476.66666666666663,0.00011707793766658117
476.75,0.00043941025979246255
476.8333333333333,0.0007579498399708626
476.91666666666663,0.00020373001633059877
477.0,0.0009536627234967859
477.0833333333333,0.0007424947001467734
477.16666666666663,0.000609402217582839
477.25,0.0003942173221686848
477.3333333333333,0.0004658169400473511
477.41666666666663,0.00030886471570893385
477.5,0.0004495289964548349
477.5833333333333,0.000720876682840288
477.66666666666663,0.0010534017427294574
477.75,0.0007304640078833997
477.8333333333333,0.00017661925437432202
477.91666666666663,0.0004237921260196798
478.0,0.0006189014403659692
478.0833333333333,0.0006436918555089368
478.16666666666663,0.0008394035730696401
478.25,0.0010633916934534074
478.3333333333333,0.0012631087567686798
478.41666666666663,0.0008592533178541388
478.5,0.0008298000532124119
478.5833333333333,0.0009133912988766084
478.66666666666663,0.0007847492030683601
478.75,0.000834273505442242
478.8333333333333,0.0006584787564964265
478.91666666666663,0.0006429912040983027
479.0,0.0007823080088889975
479.0833333333333,0.0015029022305699377
479.16666666666663,0.0012973869191876674
479.25,0.0005314896865763422
479.3333333333333,0.000891346957305999
479.41666666666663,0.0006716489755713367
479.5,0.0004395443910273081
479.5833333333333,0.00020980275873544002
479.66666666666663,0.0009964557605727082
479.75,0.0005867828271577555
479.8333333333333,0.0006213770677266554
479.91666666666663,0.0006678505314726727
480.0,0.00035643696652656285
480.0833333333333,0.00015022005362503031
480.16666666666663,0.000412472418794853
480.25,0.0004471851197284464
480.3333333333333,0.0006628814806034776
480.41666666666663,0.0010498477211380447
480.5,0.0008295183206696766
480.5833333333333,0.0011235531707641314
480.66666666666663,0.0008132762401787585
480.75,0.0008951944938676434
480.8333333333333,0.0010637896154371618
480.91666666666663,0.00089392666951522
481.0,0.0002597813219753572
481.0833333333333,0.00036974141841666724
481.16666666666663,0.00016274622903979949
481.25,0.00029042850961634063
481.3333333333333,0.0005952072303520731
481.41666666666663,0.0007202144446164763
481.5,0.0003702725419897471
481.5833333333333,0.0008439638848143152
481.66666666666663,0.00048787606377030977
481.75,0.0004909880345023682
481.8333333333333,0.000731587542747556
481.91666666666663,0.0012075980665749895
482.0,0.0005167375229870798
482.0833333333333,0.0005312548078325789
482.16666666666663,0.000711144116694108
482.25,0.0004372123618734291
482.3333333333333,0.0007988006683188532
482.41666666666663,0.0010312827980150973
482.5,0.00047665123262101433
482.5833333333333,0.0011600806565701509
482.66666666666663,0.0005068850122282635
482.75,0.0005351567846761353
482.8333333333333,0.0004105810917404805
482.91666666666663,0.0004700877555739404
483.0,0.0003347041234583451
483.0833333333333,0.0005356881289538139
483.16666666666663,0.001180779003936563
483.25,0.0005145224938562394
483.3333333333333,0.0003484042015975472
483.41666666666663,0.0003624153945798296
483.5,0.0005042133277361353
483.5833333333333,0.0003136678518730043
483.66666666666663,0.00028562143230076133
483.75,0.0005907519388796064
483.8333333333333,0.0008346258587820346
483.91666666666663,0.0004301380760944829
484.0,0.0005438040045683829
484.0833333333333,0.000589575550420546
484.16666666666663,0.00010448539870206453
484.25,8.717209635037116e-05
484.3333333333333,0.0008186747011919108
484.41666666666663,0.0009607504401949673
484.5,0.0006182876396753119
484.5833333333333,0.000948486122417384
484.66666666666663,0.0007791940194448501
484.75,0.00039833516654992125
484.8333333333333,0.000276866382730333
484.91666666666663,0.0005590030199062784
485.0,0.0008075149645218581
485.0833333333333,0.0008569064214643026
485.16666666666663,0.0006710487288651255
485.25,0.0014790126806745899
485.3333333333333,0.002155023331307675
485.41666666666663,0.0011472298039981966
485.5,0.0003949376312248266
485.5833333333333,0.0004456116511559577
485.66666666666663,0.0006278052004016891
485.75,0.0004719784315649533
485.8333333333333,0.0007287636105033775
485.91666666666663,0.00032614737193688856
486.0,0.0008886356561214618
486.0833333333333,0.0006348779851069686
486.16666666666663,0.0004408177132659452
486.25,0.0005963179643437637
486.3333333333333,0.0011217253471739585
486.41666666666663,0.0010978625754836735
486.5,0.0006721827880154311
486.5833333333333,0.0010125446234550992
486.66666666666663,0.0015003087694196332
486.75,0.0009458350876364814
486.8333333333333,0.000374038339170058
486.91666666666663,0.00023454076026008897
487.0,0.0004846035801615489
487.0833333333333,0.0006471484956347399
487.16666666666663,0.0006579439045789139
487.25,0.0010495653676567689
487.3333333333333,0.0006134419917295205
487.41666666666663,0.00010779439626825659
487.5,0.00022525459960898728
487.5833333333333,0.0005209682118594264
487.66666666666663,0.0006878150279388404
487.75,0.000971509723502275
487.8333333333333,0.0011763086634730675
487.91666666666663,0.0011351588327643974
488.0,0.0008717870858201124
488.0833333333333,0.0007629907398403419
488.16666666666663,0.0006106898391190555
488.25,0.0005665906916862398
488.3333333333333,0.0007513443561330253
488.41666666666663,0.0008629666873513633
488.5,0.0006129418232765911
488.5833333333333,0.0004283307301393972
488.66666666666663,0.0007865302212196378
488.75,0.0006853337192326749
488.8333333333333,0.0008719532259270453
488.91666666666663,0.00024261967504448474
489.0,0.00014965800453442746
489.0833333333333,0.0004255547704044851
489.16666666666663,0.0001706862718067609
489.25,0.00029248347662684494
489.3333333333333,0.00024183996123199828
489.41666666666663,0.0009835136475820439
489.5,0.0006313151718285904
489.5833333333333,0.0012447225513425465
489.66666666666663,0.001739749295893018
489.75,0.0005597815484511657
489.8333333333333,0.0009828601382169174
489.91666666666663,0.0008359997826256853
490.0,0.00038502718201124215
490.0833333333333,0.0008961536202886634
490.16666666666663,0.0012744847685305465
490.25,0.0008784804988499368
490.3333333333333,0.0005842808842849182
490.41666666666663,9.209381368195133e-05
490.5,0.00027903179759452103
490.5833333333333,0.0009086957901472955
490.66666666666663,0.0009548186034602994
490.75,0.001172967419362919
490.8333333333333,0.0011757110948699809
490.91666666666663,0.0002469241244096285
491.0,0.0004614787802729006
491.0833333333333,0.0014173551250162317
491.16666666666663,0.0015837438510482172
491.25,0.0010945948074333632
491.3333333333333,0.0003953047094272637
491.41666666666663,0.00016446884044598388
491.5,0.0005301249226193348
491.5833333333333,0.0001500682209479213
491.66666666666663,9.285610568584547e-05
491.75,0.0004203138251405068
491.8333333333333,0.0003758276868209765
491.91666666666663,0.0009403496380832552
492.0,0.000634879381466245
492.0833333333333,0.00021403943538831727
492.16666666666663,0.0009021951955264602
492.25,0.0008975769825886554
492.3333333333333,0.0003539951911791259
492.41666666666663,0.0009133062412539235
492.5,0.0006665064110746896
492.5833333333333,0.0006242799801298251
492.66666666666663,0.0016827120539829432
492.75,0.0012158599895934696
492.8333333333333,0.0006284391564755178
492.91666666666663,0.0012465756230186022
493.0,0.0012731137701769717
493.0833333333333,0.0007966338853947404
493.16666666666663,0.0004002000004414602
493.25,0.0003652468945952892
493.3333333333333,0.00019828105871246034
493.41666666666663,0.0001512729662883718
493.5,5.719855122531213e-05
493.5833333333333,0.0003436223149852586
493.66666666666663,0.00032596946369574327
493.75,0.0008170014665635674
493.8333333333333,0.0008306766209711428
493.91666666666663,0.00035912731110444775
494.0,0.0010155006023939333
494.0833333333333,0.0010180145374812772
494.16666666666663,0.0005976448998763136
494.25,0.0005716988326509135
494.3333333333333,0.0011404279952021811
494.41666666666663,0.0009828030254106293
494.5,0.0008880464805242546
494.5833333333333,0.00093992028796884
494.66666666666663,0.00032556797545451655
494.75,0.000421189441727485
494.8333333333333,0.0007472868395118613
494.91666666666663,0.0009889053427751982
495.0,0.0006189019574919738
495.0833333333333,0.0002589723497227605
495.16666666666663,0.0005129581674736739
495.25,0.0009162127448414499
495.3333333333333,0.0009367384289675144
495.41666666666663,0.0010762230280720875
495.5,0.0006164104954747594
495.5833333333333,0.0006148789529433682
495.66666666666663,0.0007410594876803806
495.75,0.00036660149608839447
495.8333333333333,0.000503614884179648
495.91666666666663,0.0004092213715013653
496.0,0.0008556172230122144
496.0833333333333,0.0004182334695361959
496.16666666666663,0.0005550100321888794
496.25,0.0008414645882386554
496.3333333333333,0.00021983541368956826
496.41666666666663,0.0008165658400176065
496.5,0.0006095052044392318
496.5833333333333,0.000611007411317722
496.66666666666663,0.0008857814538875397
496.75,0.0012007260831701063
496.8333333333333,0.0007054553857546134
496.91666666666663,7.789617770063674e-05
497.0,0.0007719909176179495
497.0833333333333,0.0007684813865211365
497.16666666666663,0.00079827053076843
497.25,0.0007197863712893866
497.3333333333333,0.00040477254203271815
497.41666666666663,0.0005293033321794987
497.5,0.0003163670006720096
497.5833333333333,8.88967905813743e-05
497.66666666666663,0.0010673796971208836
497.75,0.001310599239937686
497.8333333333333,0.000945839322215615
497.91666666666663,0.00042268476847800085
498.0,0.00048091933558377426
498.0833333333333,0.0001913854828684049
498.16666666666663,0.0002717076310168383
498.25,0.0005780994831432517
498.3333333333333,0.0003661080153218493
498.41666666666663,0.00017538118391036316
498.5,0.0005580314922052188
498.5833333333333,0.0006051348031020348
498.66666666666663,0.0003372654157425193
498.75,0.0001518848398580351
498.8333333333333,0.0004623776826993694
498.91666666666663,0.00035779781193289123
499.0,0.0006262130383137866
499.0833333333333,0.0015024402522780082
499.16666666666663,0.0014628141529628522
499.25,0.001612993548983332
499.3333333333333,0.001102493857626824
499.41666666666663,0.0010643820775988325
499.5,0.0007335120358602145
499.5833333333333,0.0008912576396911616
499.66666666666663,0.001441702374996119
499.75,0.0008454854054168073
499.8333333333333,0.0004419149157446352
499.91666666666663,0.0010532685688704386
500.0,0.0010794233665283731
500.0833333333333,0.0004497012375753727
500.16666666666663,0.0006134921067835458
500.25,0.0007885077286020858
500.3333333333333,0.0006588123633066201
500.41666666666663,0.0010266071760475733
500.5,0.0004938714076489465
500.5833333333333,0.00043696803599480873
500.66666666666663,0.0007990304173433509
500.75,0.0006090296197174257
500.8333333333333,0.0010576379583744286
500.91666666666663,0.0006540631236470856
501.0,0.0001980822355623742
501.0833333333333,0.00021235227596313702
501.16666666666663,0.0006997360109180802
501.25,0.0010800354688592687
501.3333333333333,0.0004088652962552495
501.41666666666663,0.0007095330062855847
501.5,0.0009567199120738461
501.5833333333333,0.0012698050124626606
501.66666666666663,0.001339357460064827
501.75,0.0017316411051513684
501.8333333333333,0.0013649176966051078
501.91666666666663,0.0005164119868170529
502.0,0.0008102213353726948
502.0833333333333,0.0012668284418382327
502.16666666666663,0.0015401867267632817
502.25,0.0007437791091510613
502.3333333333333,0.0007556537551572157
502.41666666666663,0.0009910707173174658
502.5,0.0007154285142151587
502.5833333333333,0.0006028301715800272
502.66666666666663,0.0007199787124804889
502.75,0.0008351827725060373
502.8333333333333,0.0012663756314159518
502.91666666666663,0.0009258347197261243
503.0,0.0007613530968936299
503.0833333333333,0.0010647729732184772
503.16666666666663,0.0011815169003499186
503.25,0.0009255981496563778
503.3333333333333,0.0002649713485129456
503.41666666666663,1.5205075469131167e-05
503.5,0.0004854152717081346
503.5833333333333,0.0006221080613757643
503.66666666666663,0.0007996610674001495
503.75,0.0010311806109039373
503.8333333333333,0.0007008353582212226
503.91666666666663,0.000473535846590757
504.0,0.0006168795318650657
504.0833333333333,0.0005186575991549538
504.16666666666663,0.0002858299463983738
504.25,0.00044100646704629376
504.3333333333333,0.00019159100794416365
504.41666666666663,0.0011196489368984356
504.5,0.0013635948902205501
504.5833333333333,0.0010399381464233342
504.66666666666663,0.00048654898168239597
504.75,0.0004884069240300602
504.8333333333333,0.0005156293448266904
504.91666666666663,0.0008410427575710684
505.0,0.0009495373687387004
505.0833333333333,0.0006718479245567812
505.16666666666663,0.0009208359327430316
505.25,0.0011364009901850376
505.3333333333333,0.0012865496820019806
505.41666666666663,0.0005440606460290275
505.5,0.0007716453890418444
505.5833333333333,0.0005076443115016679
505.66666666666663,0.0007187080891589225
505.75,0.0005801485315332458
505.8333333333333,0.0005923907190063931
505.91666666666663,0.0008277221458506606
506.0,0.0005661454882304653
506.0833333333333,0.00016730098090248093
506.16666666666663,0.00046163621010484706
506.25,0.0007881188780277982
506.3333333333333,0.0002075287965075567
506.41666666666663,0.0005922543894124821
506.5,0.0011468751140818005
506.5833333333333,0.0012063846450345271
506.66666666666663,0.0009026471851918535
506.75,0.00017546594568540138
506.8333333333333,0.00043084141691615064
506.91666666666663,0.0005030069811228064
507.0,0.0009214598685547818
507.0833333333333,0.00155284562345341
507.16666666666663,0.0013715171711651867
507.25,0.0011360466164288781
507.3333333333333,0.0014440800036036366
507.41666666666663,0.0008858630411061923
507.5,0.00025299134178445777
507.5833333333333,0.0011108930240559638
507.66666666666663,0.0010622051513710688
507.75,0.00046675103550223104
507.8333333333333,0.0005854473870133124
507.91666666666663,0.0005738309704818013
508.0,0.0008537192627813809
508.0833333333333,0.0011054759028149297
508.16666666666663,0.0006773754405495462
508.25,0.00041945111909207094
508.3333333333333,0.0010555165913802944
508.41666666666663,0.00046702638063112406
508.5,0.00021681476537031982
508.5833333333333,0.00032162762498497285
508.66666666666663,0.00023677560694532776
508.75,0.0006106404332441898
508.8333333333333,0.0005329164301038185
508.91666666666663,0.0006523762379326783
509.0,0.00013544821338507722
509.0833333333333,0.0005054049576159822
509.16666666666663,0.00038331370179305003
509.25,0.0003372625003183362
509.3333333333333,0.000575600697278902
509.41666666666663,0.0007473316850960026
509.5,0.001032665225824699
509.5833333333333,0.00098397430678966
509.66666666666663,0.0007339221941636376
509.75,0.000686105399336277
509.8333333333333,0.0012167759720873065
509.91666666666663,0.0013674744288532496
510.0,0.0007996989913961964
510.0833333333333,0.0012008720792346032
510.16666666666663,0.0017261787677525571
510.25,0.001290653399145222
510.3333333333333,0.0006722658686555857
510.41666666666663,0.00054146398003987
510.5,0.00023997806694696307
510.5833333333333,0.0008264033098478172
510.66666666666663,0.0018065723407181317
510.75,0.0013483971551380945
510.8333333333333,0.0004978381589285434
510.91666666666663,0.0004000100954661087
511.0,0.00017816542381768606
511.0833333333333,0.0005569395375841015
511.16666666666663,0.0007489872408982428
511.25,0.00045341757233551477
511.3333333333333,0.001169092849287722
511.41666666666663,0.000603499759535379
511.5,0.000513526993023308
511.5833333333333,0.00033357023626845727
511.66666666666663,7.45895339022047e-05
511.75,0.00020223520776318317
511.8333333333333,0.00026472936554031726
511.91666666666663,5.6665898855699894e-05
512.0,0.0007288928655874672
512.0833333333333,0.0010310233714153887
512.1666666666666,0.000902498266254196
512.25,0.0006101185698603862
512.3333333333333,0.0004457769188075531
512.4166666666666,0.00014628159930657385
512.5,0.0007171922018547484
512.5833333333333,0.0006888215798503514
512.6666666666666,0.0003860062227938406
512.75,0.0006209195966318806
512.8333333333333,0.0008376844765941446
512.9166666666666,0.00040246638538237936
513.0,0.00047170384414224674
513.0833333333333,0.0008500713057786639
513.1666666666666,0.0009270792134215217
513.25,0.000541354576855834
513.3333333333333,0.0008114221894686017
513.4166666666666,0.0006727400357158281
513.5,0.000200960806018485
513.5833333333333,0.0005839286954863808
513.6666666666666,0.0009893254317896092
513.75,0.0006661096917229964
513.8333333333333,0.0002292256747839969
513.9166666666666,0.0004647409409954159
514.0,0.00041474151635394077
514.0833333333333,0.0005103228654128307
514.1666666666666,0.00037237883157993597
514.25,0.0009915895474957334
514.3333333333333,0.0013209001020262326
514.4166666666666,0.0011868985346435291
514.5,0.0007658633328203213
514.5833333333333,9.039462381830811e-05
514.6666666666666,0.00029495639902278825
514.75,0.0006103466713220066
514.8333333333333,0.0009614749981177864
514.9166666666666,0.0007529862971375035
515.0,0.0006951411447026612
515.0833333333333,0.0003980440527450054
515.1666666666666,0.00048638328137848167
515.25,0.0007161119601100194
515.3333333333333,0.0010271817432799463
515.4166666666666,0.0011981408389874386
515.5,0.000792170099132287
515.5833333333333,0.0004193661292066846
515.6666666666666,0.0006159319942500116
515.75,0.0009846077270769921
515.8333333333333,0.0004435414940659219
515.9166666666666,0.0005330438180044493
516.0,0.00043509778751698154
516.0833333333333,0.0001589160371207031
516.1666666666666,0.00014322003308566485
516.25,0.0007907209992557161
516.3333333333333,0.0011801004022709317
516.4166666666666,0.0007378622652344018
516.5,0.0007756151197655358
516.5833333333333,0.0010447967537705858
516.6666666666666,0.0009217770413877426
516.75,0.0004924533906919806
516.8333333333333,0.0002310182459675244
516.9166666666666,0.0011406504776176132
517.0,0.0013890198233679734
517.0833333333333,0.0011082242814358897
517.1666666666666,0.0009162868812594549
517.25,0.00067304693816131
517.3333333333333,0.0006684907812574345
517.4166666666666,0.0011812866894944224
517.5,0.002051000972160156
517.5833333333333,0.0012869593240924795
517.6666666666666,0.000464685640963194
517.75,0.0008300083990347511
517.8333333333333,0.0008131083612185725
517.9166666666666,0.0005693287622309635
518.0,0.00015324688775021132
518.0833333333333,0.00015793717543685022
518.1666666666666,0.0002650323431154952
518.25,0.0007125234192208616
518.3333333333333,0.0006532703945569204
518.4166666666666,0.0004414539469087454
518.5,0.0005447457640563181
518.5833333333333,0.0009028905414734885
518.6666666666666,0.00040685885213543666
518.75,0.00019675117466170692
518.8333333333333,0.0003867586780513839
518.9166666666666,5.69792827158745e-05
519.0,0.0004441094732519748
519.0833333333333,0.00018913479398888672
519.1666666666666,0.000723755286830547
519.25,0.00027592047369731144
519.3333333333333,0.0005365261424893132
519.4166666666666,0.0009825529049714492
519.5,0.0009589232262876041
519.5833333333333,0.0005899167306848716
519.6666666666666,0.0007317708388423765
519.75,0.001216450368713634
519.8333333333333,0.0012990968399880503
519.9166666666666,0.0007969256328892281
520.0,0.000299395651365221
520.0833333333333,0.0005664454820328049
520.1666666666666,0.0005502922996914718
520.25,0.00041424948220501544
520.3333333333333,0.0005755409138934142
520.4166666666666,0.0008578887803596954
520.5,0.0003788319448994006
520.5833333333333,0.0008129408508634496
520.6666666666666,0.0007277867138168821
520.75,0.00047654580018408185
520.8333333333333,0.0003846086210017358
520.9166666666666,0.0008642285860489464
521.0,0.0008715045191372736
521.0833333333333,0.0003513446366354199
521.1666666666666,0.0003775923822693615
521.25,0.0006172549218265619
521.3333333333333,0.0008636218495726303
521.4166666666666,0.0006399762437045153
521.5,0.0003478816210859966
521.5833333333333,0.00017834837190868142
521.6666666666666,0.000550249416364536
521.75,0.000816514411508531
521.8333333333333,0.0008517384428908966
521.9166666666666,0.0010676380906480326
522.0,0.001024488820734529
522.0833333333333,0.001203540205475057
522.1666666666666,0.0012250028612911955
522.25,0.00034125531255718765
522.3333333333333,0.00041588995474822803
522.4166666666666,0.0008577321309476281
522.5,0.0011135026770591294
522.5833333333333,0.0005613331342920276
522.6666666666666,4.087276831879515e-05
522.75,0.00016194663377462973
522.8333333333333,0.0007935171512359105
522.9166666666666,0.0008249391066427925
523.0,0.00024547612462857727
523.0833333333333,0.0003187922664366823
523.1666666666666,0.0004161958659540577
523.25,0.00023994446775591564
523.3333333333333,0.000523185769368533
523.4166666666666,0.0006144183811514873
523.5,0.00021266199080815498
523.5833333333333,0.0003189843127283046
523.6666666666666,0.0004842246942288646
523.75,0.0002549445723637815
523.8333333333333,0.00032813209015968047
523.9166666666666,0.0004654721777666896
524.0,0.0008259234847623935
524.0833333333333,0.0012975835437782051
524.1666666666666,0.0013388332389179507
524.25,0.0010638418503321524
524.3333333333333,0.000860965259955359
524.4166666666666,0.0008480987591455163
524.5,0.001596820111947422
524.5833333333333,0.0009601650496830442
524.6666666666666,0.00036414537748716313
524.75,0.00016572700873986767
524.8333333333333,0.000326378760171422
524.9166666666666,0.0007349852993787159
525.0,0.0015996185550526017
525.0833333333333,0.0008083060744524786
525.1666666666666,0.00046024179888137047
525.25,0.0010658967850286194
525.3333333333333,0.0012582959541805
525.4166666666666,0.0008489309629401186
525.5,0.0011897897875252808
525.5833333333333,0.00043491137900611453
525.6666666666666,0.0010101111300648581
525.75,0.0014460551973042312
525.8333333333333,0.000854444869433082
525.9166666666666,0.00041410807137455335
526.0,0.0003347734052588098
526.0833333333333,0.00023016359181616825
526.1666666666666,0.0006554482960562338
526.25,0.00026370547467230595
526.3333333333333,0.00066619472063291
526.4166666666666,0.00018392529402569402
526.5,0.001056801886911629
526.5833333333333,0.0012539996059087355
526.6666666666666,0.0006298208391281142
526.75,0.0011416310235520827
526.8333333333333,0.0007239203746007694
526.9166666666666,0.0011871797442664436
527.0,0.0011707544594736637
527.0833333333333,0.00133065611530965
527.1666666666666,0.000495841613356461
527.25,0.00036945903702577994
527.3333333333333,0.000457590222176095
527.4166666666666,0.0007504146144182469
527.5,0.00045911050366526936
527.5833333333333,0.00057307733316796
527.6666666666666,0.001103827407171439
527.75,0.0007519789849624262
527.8333333333333,0.00016618230870672272
527.9166666666666,0.000746807307262164
528.0,0.0008265058797916965
528.0833333333333,0.0006077574777186565
528.1666666666666,0.000604244021358915
528.25,0.0003308363783334532
528.3333333333333,0.0005901983096666907
528.4166666666666,0.00043986067747478686
528.5,0.000423099500088264
528.5833333333333,0.00016410655074903648
528.6666666666666,0.00025617637447460903
528.75,0.000581908907903158
528.8333333333333,0.00025328849333123606
528.9166666666666,0.0007498305547175031
529.0,0.0010432527223687737
529.0833333333333,0.00040932366552483854
529.1666666666666,0.00024913013324685135
529.25,0.0006040793957687835
529.3333333333333,0.0004076587018346701
529.4166666666666,0.0002777842097619702
529.5,0.0003188759394155487
529.5833333333333,0.0006865866184888202
529.6666666666666,0.0004758403413056066
529.75,0.0007636992100738043
529.8333333333333,0.0006261493142896695
529.9166666666666,0.00038766597394064415
530.0,0.0003421511310757747
530.0833333333333,0.000703212711901535
530.1666666666666,0.00044695196010432353
530.25,0.0002286658691079789
530.3333333333333,0.0004640871173556219
530.4166666666666,0.0004788828943006212
530.5,0.0007217937330701043
530.5833333333333,0.0009789616816454226
530.6666666666666,0.0010865585430424763
530.75,0.0005662676286795941
530.8333333333333,0.0004724644435738346
530.9166666666666,0.0007388726129068719
531.0,0.0004647260140806164
531.0833333333333,0.0003750729077607672
531.1666666666666,0.0007604630839643177
531.25,0.0011641857842315804
531.3333333333333,0.0008690449934001298
531.4166666666666,0.000607692948088186
531.5,0.0006502957386439865
531.5833333333333,0.0009553010932743403
531.6666666666666,0.0006874033089200091
531.75,0.000412497078837862
531.8333333333333,0.0007199776369024096
531.9166666666666,0.0007933332743221382
532.0,0.0006099768989281207
532.0833333333333,0.00021044342396838556
532.1666666666666,0.0003712696208031077
532.25,0.00017960492218627172
532.3333333333333,0.001348109039036094
532.4166666666666,0.0013760286999080671
532.5,0.0008543539344803176
532.5833333333333,0.0007451364334237727
532.6666666666666,0.0007278604176613281
532.75,0.0003902142659316704
532.8333333333333,0.00032891147716071685
532.9166666666666,0.0005189859563420239
533.0,0.0016972372159108431
533.0833333333333,0.0017670820933600236
533.1666666666666,0.00022539426146562142
533.25,0.0009862083050326165
533.3333333333333,0.0008682166890035645
533.4166666666666,0.0005861438528625975
533.5,0.0007584872029277082
533.5833333333333,0.00030185887999115607
533.6666666666666,0.000353610038662406
533.75,0.0006877010958395613
533.8333333333333,0.0006814959431233369
533.9166666666666,0.0004255085572894866
534.0,0.0005254862790264441
534.0833333333333,0.0008923620839324201
534.1666666666666,1.2260990219472102e-05
534.25,0.0009413881214295048
534.3333333333333,0.00016064782847196874
534.4166666666666,0.0008195344102317967
534.5,0.0005459784655736615
534.5833333333333,0.0001947515834356948
534.6666666666666,0.0005146582982187328
534.75,0.000745723336118005
534.8333333333333,0.0007046856497683073
534.9166666666666,0.0009451017775068564
535.0,0.0012536651164161278
535.0833333333333,0.0015154205015882657
535.1666666666666,0.001047789738630271
535.25,5.851641778256828e-05
535.3333333333333,0.0007545665155885384
535.4166666666666,0.0005830087194386592
535.5,5.530595614638871e-05
535.5833333333333,0.00038852363464706005
535.6666666666666,0.0005098599931010894
535.75,0.00034361797406191105
535.8333333333333,0.00027525766920120915
535.9166666666666,0.0003277659198867299
536.0,0.0005239484787906558
536.0833333333333,0.0008977346745002744
536.1666666666666,0.0011408542410968677
536.25,0.0010415327056568836
536.3333333333333,0.0010486397916092654
536.4166666666666,0.001080171232545844
536.5,0.0010720926572129659
536.5833333333333,0.001320582430396342
536.6666666666666,0.0014839329995558284
536.75,0.00042575525143998336
536.8333333333333,0.0008177189672534999
536.9166666666666,0.0009532567845925061
537.0,0.0008470533689009894
537.0833333333333,0.0004194767920294275
537.1666666666666,0.0006050480891944233
537.25,0.0005212365783833689
537.3333333333333,0.00048371083599944436
537.4166666666666,0.0006373774436201464
537.5,0.0007335011212927491
537.5833333333333,0.000584782700363305
537.6666666666666,0.0009288489470811513
537.75,0.0009885071975624527
537.8333333333333,0.0009781748763448756
537.9166666666666,0.0015600373456408742
538.0,0.0013620438435068393
538.0833333333333,0.0003401776932547895
538.1666666666666,0.0006543036152528319
538.25,0.0003223820174414407
538.3333333333333,0.00037857458003620257
538.4166666666666,0.0006583731981347933
538.5,0.0004989226703308718
538.5833333333333,0.0005674084205606097
538.6666666666666,0.0004619968193586363
538.75,0.0009421713366918158
538.8333333333333,0.0006623265938894724
538.9166666666666,0.0005976067981729501
539.0,0.0004181486975043377
539.0833333333333,0.0003034950935943839
539.1666666666666,0.000596196413184061
539.25,0.00044169599625655157
539.3333333333333,0.00017443065132041532
539.4166666666666,0.0002448821476980069
539.5,0.0009159134115367001
539.5833333333333,0.0009469288935030456
539.6666666666666,0.0005674080263106007
539.75,0.00041258561063478415
539.8333333333333,0.0010461887889413328
539.9166666666666,0.0007557128132604658
540.0,0.00031775763327709266
540.0833333333333,0.0010388053309753084
540.1666666666666,0.00045841426064597017
540.25,0.0008971334517980308
540.3333333333333,0.0003595159391692962
540.4166666666666,0.0009125459841433542
540.5,0.0009907332700030528
540.5833333333333,0.00040772397849650347
540.6666666666666,0.00017563483265508475
540.75,0.00013505000644958845
540.8333333333333,0.0009318171365398219
540.9166666666666,0.0008980940246002711
541.0,0.0004138981059258459
541.0833333333333,0.0010950085555935468
541.1666666666666,0.0014207166600721309
541.25,0.0006482590354271971
541.3333333333333,7.541340127142548e-05
541.4166666666666,0.0002592796351246529
541.5,0.0002773933791083614
541.5833333333333,0.0004936508221651145
541.6666666666666,0.0007608125238353927
541.75,0.0004233225315315939
541.8333333333333,0.0012789369476069717
541.9166666666666,0.001766472953539252
542.0,0.0011431800467234584
542.0833333333333,0.0004558013679928831
542.1666666666666,6.060358685990128e-05
542.25,0.0006174766647447477
542.3333333333333,0.0011768418968906788
542.4166666666666,0.0011714362463443517
542.5,0.0011671484763745717
542.5833333333333,0.0007263363930626541
542.6666666666666,0.0002904684161159941
542.75,0.00014331410264930235
542.8333333333333,0.0003594472018715952
542.9166666666666,0.00034863589675814764
543.0,0.0006482606086318464
543.0833333333333,0.00035917385191629257
543.1666666666666,0.0006078430180838046
543.25,0.00047166902868207204
543.3333333333333,0.0007212511950030819
543.4166666666666,0.0005632747115725558
543.5,0.0003882956651140281
543.5833333333333,0.00022221109113664748
543.6666666666666,0.0003949615071996453
543.75,0.0005694214918904632
543.8333333333333,0.0003617244759165487
543.9166666666666,0.00016471190886061297
544.0,0.0005393645720013876
544.0833333333333,0.0012967300619227777
544.1666666666666,0.0011555355696699786
544.25,0.0010281767348200048
544.3333333333333,0.0006736918239450778
544.4166666666666,0.0006463234367480058
544.5,0.00043658953440431537
544.5833333333333,0.0003614614023376842
544.6666666666666,0.000566891201433069
544.75,0.00024811412782213587
544.8333333333333,0.0005244665885708183
544.9166666666666,0.00034305671702485464
545.0,0.0003852861215564295
545.0833333333333,0.0010509697956289366
545.1666666666666,0.0010202569175155247
545.25,0.000618327916576076
545.3333333333333,0.0002946835147207074
545.4166666666666,0.00019261861876629805
545.5,0.0005293195073764076
545.5833333333333,0.0006726313255281944
545.6666666666666,0.00041006696940705696
545.75,0.001295394069764071
545.8333333333333,0.0015468874556507917
545.9166666666666,0.0012653593378328257
546.0,0.0012481647989599253
546.0833333333333,0.000773348306458006
546.1666666666666,0.0002217515753818328
546.25,0.00022472152449142085
546.3333333333333,0.0003982449803181705
546.4166666666666,0.0002074202551183298
546.5,0.0005108267044979085
546.5833333333333,3.69988372025757e-05
546.6666666666666,0.0004065094104767092
546.75,0.0006279171856046192
546.8333333333333,0.0005420159455777385
546.9166666666666,0.0004361805608411879
547.0,0.0006935562037133146
547.0833333333333,0.000376397169081491
547.1666666666666,0.00037376552040975633
547.25,0.0003445971853777392
547.3333333333333,0.0005391662721915763
547.4166666666666,0.0002331580877825086
547.5,0.00043991162896473806
547.5833333333333,0.0004998037927385246
547.6666666666666,0.0002870273513106388
547.75,0.0003381756694211905
547.8333333333333,0.0001836097609895603
547.9166666666666,0.0001385534897591462
548.0,0.0001575559754173194
548.0833333333333,0.0004220045325184942
548.1666666666666,0.00042593618086033433
548.25,0.0007579803301569119
548.3333333333333,0.0012092488350643185
548.4166666666666,0.0006929405590429512
548.5,0.0005021545736075629
548.5833333333333,0.0007197682726421776
548.6666666666666,0.0006587312013787968
548.75,0.0006101161730443454
548.8333333333333,0.0008658542802186151
548.9166666666666,0.0006994704756470305
549.0,0.001128480695415606
549.0833333333333,0.001088538211758026
549.1666666666666,0.0002625015533236587
549.25,0.00014925422216007121
549.3333333333333,0.000612299456975571
549.4166666666666,0.001117451554271776
549.5,0.0008023549318920394
549.5833333333333,0.000490392809628326
549.6666666666666,0.0009556028298629598
549.75,0.0014471823393960312
549.8333333333333,0.0008304310938449468
549.9166666666666,0.00042038369881493645
550.0,0.0009177568332236643
550.0833333333333,0.0010907997453813768
550.1666666666666,0.00024709792482741056
550.25,0.0011938198359011099
550.3333333333333,0.0010081720845068628
550.4166666666666,0.0006170768961316684
550.5,0.0007021792852624163
550.5833333333333,0.0008736251097200499
550.6666666666666,0.0004864682151377425
550.75,0.00047650609072663114
550.8333333333333,0.0005456341170315233
550.9166666666666,0.0004360222572009228
551.0,0.0002462063604072516
551.0833333333333,0.0005772951310814017
551.1666666666666,0.000625178580424705
551.25,0.0004838559209520728
551.3333333333333,0.00016988731013316448
551.4166666666666,0.00010064448090823643
551.5,0.0006757188963855145
551.5833333333333,0.0005774686018196542
551.6666666666666,0.0004037848026410724
551.75,0.0003097925147255108
551.8333333333333,0.0001305051794269962
551.9166666666666,0.0005870482629136812
552.0,0.00044474645565632
552.0833333333333,0.00011223564297958873
552.1666666666666,0.0005872348627371279
552.25,0.0003515393796984309
552.3333333333333,0.00039521794966227455
552.4166666666666,0.0009145194041297973
552.5,0.000399211682129702
552.5833333333333,0.0007290849756063713
552.6666666666666,0.0008355519950180628
552.75,0.0004451392843880253
552.8333333333333,0.0008274028158898366
552.9166666666666,0.0007208474320670481
553.0,0.00021018902188248555
553.0833333333333,0.000607346781509931
553.1666666666666,0.00020015193714758688
553.25,0.00026163976714360784
553.3333333333333,0.0006552883722929847
553.4166666666666,0.0013439671311709566
553.5,0.0005336115189965212
553.5833333333333,0.0003807846194946431
553.6666666666666,0.0006420379812486971
553.75,0.00048248542676729967
553.8333333333333,1.4252538950051446e-05
553.9166666666666,0.0010718161514214814
554.0,0.0009120026932038578
554.0833333333333,0.0005677371273885314
554.1666666666666,0.0006385285952863134
554.25,4.065596452153331e-05
554.3333333333333,0.00010450611875072324
554.4166666666666,0.0002578078709927568
554.5,0.00019547095922121976
554.5833333333333,0.0008184967431644485
554.6666666666666,0.0007996251735703112
554.75,0.00020271072573406243
554.8333333333333,0.00034862466819015237
554.9166666666666,0.000290401036324787
555.0,0.0005103966400446582
555.0833333333333,0.00027402202175854425
555.1666666666666,0.00028473055655161514
555.25,0.0005211253962984768
555.3333333333333,4.23704517588345e-05
555.4166666666666,0.00041871703670633717
555.5,0.0006476552652160085
555.5833333333333,0.000558223844020006
555.6666666666666,0.00027544918405942697
555.75,0.0003059367471236623
555.8333333333333,0.00021551930867134432
555.9166666666666,0.0005059347169511753
556.0,0.0002846085523889785
556.0833333333333,0.0011637468729623142
556.1666666666666,0.0011522872068892489
556.25,0.0006587216816010348
556.3333333333333,0.00011647806427494086
556.4166666666666,0.00020413045887439563
556.5,0.00020281222419022302
556.5833333333333,5.5112172103328994e-05
556.6666666666666,0.00043255961720386647
556.75,0.00012462907477665247
556.8333333333333,0.0005521903101434741
556.9166666666666,0.0003031220326609528
557.0,0.00011798011591163159
557.0833333333333,0.0005562017963159648
557.1666666666666,0.0006295411203964105
557.25,0.0009028049285283895
557.3333333333333,0.0005710129107533543
557.4166666666666,0.000867436379111723
557.5,0.0009482206899930594
557.5833333333333,0.000764901534552774
557.6666666666666,0.0005522297708847029
557.75,0.0006279761442502156
557.8333333333333,0.00023135664353591816
557.9166666666666,0.000759287698615961
558.0,0.0007614098056596797
558.0833333333333,9.309393663485855e-05
558.1666666666666,0.0007528685358361253
558.25,0.0009213269882174302
558.3333333333333,0.0008593668095164572
558.4166666666666,0.000579589156439347
558.5,0.000681040052952583
558.5833333333333,0.0012019463636170674
558.6666666666666,0.0008646427927496335
558.75,0.0002497996288268785
558.8333333333333,0.0002363622741018225
558.9166666666666,0.000202469159667564
559.0,0.0003038524016032915
559.0833333333333,0.0004994132355438277
559.1666666666666,0.0007512602647760115
559.25,0.0006121341885671183
559.3333333333333,0.0003548817704401464
559.4166666666666,0.00017551142965872347
559.5,0.00040236778020029027
559.5833333333333,0.0004170670772248659
559.6666666666666,0.0005441884985491565
559.75,0.0015034306994037912
559.8333333333333,0.0015309841105566918
559.9166666666666,0.000562917537316944
560.0,0.0010114683326185453
560.0833333333333,0.00069932174450215
560.1666666666666,0.0007746583577540393
560.25,0.0003294009752287506
560.3333333333333,0.00025490680514602375
560.4166666666666,0.00039612226597839426
560.5,0.00048200003827092875
560.5833333333333,0.0005085227699199795
560.6666666666666,0.0005215975841961932
560.75,0.0003674569246987625
560.8333333333333,0.0004889006267407922
560.9166666666666,0.00046126489049750947
561.0,0.0002610590415695753
561.0833333333333,0.0008682814602073911
561.1666666666666,0.0010143275536130313
561.25,0.0009909076837717149
561.3333333333333,0.0006607659637386896
561.4166666666666,0.00041489170320099854
561.5,0.00021428298000766044
561.5833333333333,0.0004908765375183252
561.6666666666666,0.00042719511420273565
561.75,0.0007422826761030605
561.8333333333333,0.00020045540434549992
561.9166666666666,0.00036539614887874016
562.0,0.0007485445644535637
562.0833333333333,0.0013817436589569187
562.1666666666666,0.000652393597255071
562.25,0.0004657416428644323
562.3333333333333,0.0003071124726207437
562.4166666666666,0.0003850747546921737
562.5,0.0007314473918356143
562.5833333333333,0.0005114929374688395
562.6666666666666,3.931986282379604e-05
562.75,0.0004456330880511947
562.8333333333333,0.00046028202563884826
562.9166666666666,0.0005519165524136588
563.0,0.0009357202657718316
563.0833333333333,0.0008434968667944039
563.1666666666666,0.000568870766056137
563.25,0.0007361166507610245
563.3333333333333,0.0004678917876847041
563.4166666666666,0.0002975368521399492
563.5,0.000697009058382989
563.5833333333333,0.0006163994494019206
563.6666666666666,0.00011284735824687044
563.75,0.0007233799933409743
563.8333333333333,0.001274795299736055
563.9166666666666,0.0008072224363714093
564.0,0.0007223316044582662
564.0833333333333,0.0005349496441811876
564.1666666666666,0.0012406452184600516
564.25,0.0012125848695068349
564.3333333333333,0.000777337679567635
564.4166666666666,0.000538023089269191
564.5,0.00027342053197074704
564.5833333333333,0.0005656350145779698
564.6666666666666,0.0010715395193892521
564.75,0.0010484303425290268
564.8333333333333,0.0006142473434335243
564.9166666666666,0.00030452421515212536
565.0,0.0002154988219779649
565.0833333333333,0.0006053947919879307
565.1666666666666,0.0006874621050986515
565.25,0.0005615095136018532
565.3333333333333,0.0005578267071629266
565.4166666666666,0.000625048233418383
565.5,0.0008552263004385918
565.5833333333333,0.0009682845815919203
565.6666666666666,0.0010563274963431243
565.75,0.0014210467112907045
565.8333333333333,0.0013323182714921656
565.9166666666666,0.0005823507148952318
566.0,0.00012470125441030398
566.0833333333333,0.000593514561597288
566.1666666666666,0.0006640382104213372
566.25,0.0002085580355924706
566.3333333333333,0.00011894076562706976
566.4166666666666,0.00033676790613781807
566.5,0.0012442716729945877
566.5833333333333,0.0013319892756600362
566.6666666666666,0.0006747425087632146
566.75,0.000639109880810743
566.8333333333333,0.0006117661453466335
566.9166666666666,0.00033741020148356514
567.0,0.00030717651477515803
567.0833333333333,0.0005162211449992837
567.1666666666666,0.0010101693549722354
567.25,0.0007551428456552307
567.3333333333333,0.0005409472110768058
567.4166666666666,0.001027785365856008
567.5,0.0015581754154950153
567.5833333333333,0.0015526327870997304
567.6666666666666,0.0010552498063853225
567.75,0.0004930250772531864
567.8333333333333,0.0004939356486466771
567.9166666666666,0.0006808287392925552
568.0,0.000720123521818836
568.0833333333333,0.0005426405421522459
568.1666666666666,0.0007425659290197581
568.25,0.0007798240432564234
568.3333333333333,0.0006588910018563935
568.4166666666666,0.0005435680924768564
568.5,0.00030631658820812793
568.5833333333333,0.0003161184059592924
568.6666666666666,0.0009816425157796798
568.75,0.0009376506035595693
568.8333333333333,0.001059322689857132
568.9166666666666,0.0002648455487685664
569.0,0.000278005284999759
569.0833333333333,0.000877873413900149
569.1666666666666,0.0014876696461561978
569.25,0.0011361984278979243
569.3333333333333,0.0005894264948867161
569.4166666666666,0.0006406288074644191
569.5,0.0009873775640970943
569.5833333333333,0.0009320480003628571
569.6666666666666,0.00024350388075529964
569.75,0.000628842517701252
569.8333333333333,0.00043768860509462554
569.9166666666666,0.00036277525115373737
570.0,0.0003636847303240053
570.0833333333333,0.0005927203153811251
570.1666666666666,0.0013858339721330634
570.25,0.0008528069747573262
570.3333333333333,0.00023088050923823192
570.4166666666666,0.0002080235686865628
570.5,0.0008788371803216712
570.5833333333333,0.0007514133504572135
570.6666666666666,0.0006244206943266848
570.75,0.00027791830968830174
570.8333333333333,0.0001863927362563313
570.9166666666666,0.0003220735290398373
571.0,0.0007201545845706672
571.0833333333333,0.0008544483794117084
571.1666666666666,0.00037749744639949936
571.25,0.0001410232633523786
571.3333333333333,0.0007566257399164526
571.4166666666666,0.0004631969560291899
571.5,0.0006918380837680913
571.5833333333333,0.001054850807316971
571.6666666666666,0.00040499092277984883
571.75,0.00011349352534556964
571.8333333333333,9.325417749258653e-05
571.9166666666666,0.00017619023421583448
572.0,0.0002677584824101832
572.0833333333333,0.00047105203696554414
572.1666666666666,0.00048012947451463514
572.25,0.0004114087684284058
572.3333333333333,0.0003458752277508707
572.4166666666666,0.0003888542984869887
572.5,0.0005345153893060096
572.5833333333333,0.0004736783244879202
572.6666666666666,0.0005754203132807826
572.75,0.00040162982389122453
572.8333333333333,0.00019796430436038424
572.9166666666666,0.0011122974641579208
573.0,0.0009261271753959616
573.0833333333333,0.0005458780632952609
573.1666666666666,0.0002856510157199276
573.25,0.0007310996547395023
573.3333333333333,0.0010615371017735193
573.4166666666666,0.00037081372049424863
573.5,0.0006456183406419272
573.5833333333333,0.0005460877533725056
573.6666666666666,0.0004834505659755092
573.75,0.00037752525708514606
573.8333333333333,0.0012094304411032282
573.9166666666666,0.0010362904994946631
574.0,0.0006100314253437708
574.0833333333333,0.0008888056220626974
574.1666666666666,0.00041529554286920265
574.25,0.00032925666079855877
574.3333333333333,0.00036115789735810625
574.4166666666666,0.0009453873458072057
574.5,0.0008355797151108571
574.5833333333333,0.00039772963310442797
574.6666666666666,0.0004927043215508073
574.75,0.0011057790812602649
574.8333333333333,0.0011036178266631007
574.9166666666666,0.0006926870843603236
575.0,0.0006990532685557127
575.0833333333333,0.0009755823761729291
575.1666666666666,0.0001900777878280662
575.25,0.00010901198449200452
575.3333333333333,0.0001365318538712136
575.4166666666666,0.0005436804289170265
575.5,0.0009345706856701162
575.5833333333333,0.0009221823912549687
575.6666666666666,0.00022816362899224157
575.75,0.0010362216832038437
575.8333333333333,0.0014596211677842944
575.9166666666666,0.0011599068621373377
576.0,0.0008003301434622313
576.0833333333333,0.0010717669565795387
576.1666666666666,0.0011764833072152232
576.25,0.0013899303462149367
576.3333333333333,0.000987420674342993
576.4166666666666,9.010270968888086e-05
576.5,1.862410012700956e-05
576.5833333333333,0.0004849521270836218
576.6666666666666,0.00040308212350475723
576.75,0.000195087318885417
576.8333333333333,0.0001490716921855321
576.9166666666666,0.0005048892974524238
577.0,0.0007371340851939195
577.0833333333333,0.0005355933465104013
577.1666666666666,0.00048434160027957887
577.25,0.0007411299603161124
577.3333333333333,0.0008949886064347677
577.4166666666666,0.00071659599638867
577.5,0.0005001924949050877
577.5833333333333,0.0004799924523329432
577.6666666666666,0.0003065257111699951
577.75,0.00028562745421172747
577.8333333333333,0.0011266031353054308
577.9166666666666,0.0015586242994265957
578.0,0.001219907572613065
578.0833333333333,0.0009490371484711206
578.1666666666666,0.0008677673432361685
578.25,0.0006424341126292292
578.3333333333333,0.0003085327926992305
578.4166666666666,0.0005250913877514332
578.5,0.0007419151969997477
578.5833333333333,0.00011992170448273612
578.6666666666666,0.0012007593652309846
578.75,0.0013066817334192664
578.8333333333333,0.0010465075854588853
578.9166666666666,0.00047000554716759374
579.0,0.0001544642973335846
579.0833333333333,0.000582617748373424
579.1666666666666,0.0007963488310464135
579.25,0.00033419248170655553
579.3333333333333,0.0005446324710436799
579.4166666666666,0.0011243431992572638
579.5,0.0012498445023704475
579.5833333333333,0.001192599324671311
579.6666666666666,0.0006564120146085542
579.75,0.0002891268775686159
579.8333333333333,0.0006514308077278519
579.9166666666666,0.001933417675817879
580.0,0.0012503957148909258
580.0833333333333,8.093824382610689e-05
580.1666666666666,0.00039802319096910555
580.25,0.0003734688017894123
580.3333333333333,0.0008227828214395603
580.4166666666666,0.00020905794766184877
580.5,0.0005181154293281004
580.5833333333333,0.0008181624839146436
580.6666666666666,0.00048400635675539333
580.75,8.948457908813153e-05
580.8333333333333,0.0005341616665468534
580.9166666666666,0.0005799696175687911
581.0,0.0002563169026012837
581.0833333333333,0.001037584686588125
581.1666666666666,0.0010998193431764692
581.25,0.0009144895705185586
581.3333333333333,0.0007589168157649413
581.4166666666666,0.0007482100955333174
581.5,0.0006474871295649195
581.5833333333333,0.0006737148142463541
581.6666666666666,0.0008255184093207503
581.75,0.000964318716492137
581.8333333333333,0.0006837255710597866
581.9166666666666,0.0004776655412407704
582.0,0.0005050710816579977
582.0833333333333,0.00011366262265783486
582.1666666666666,0.000506953857662929
582.25,0.0008801999818697631
582.3333333333333,0.00017853202348130454
582.4166666666666,0.0008685049710137746
582.5,0.0004958547947830352
582.5833333333333,8.025730580813239e-05
582.6666666666666,0.0008065156160341832
582.75,0.0006618512259297082
582.8333333333333,0.0003574573586143869
582.9166666666666,0.0004613215186949546
583.0,0.0009093634613120422
583.0833333333333,0.0010260940090907433
583.1666666666666,0.00036940581140671125
583.25,0.0002829336410086475
583.3333333333333,0.00020263607924530944
583.4166666666666,0.0005485380031968369
583.5,0.001068299602468638
583.5833333333333,0.0009680604504826304
583.6666666666666,0.00032476593463438077
583.75,0.00036778772885146085
583.8333333333333,0.0005819612257836045
583.9166666666666,0.0007171442684175913
584.0,0.0009447399686647912
584.0833333333333,0.0007989212880763136
584.1666666666666,0.00047882173614335167
584.25,0.00022808882430357217
584.3333333333333,0.00047385260020089964
584.4166666666666,0.0006584724974402189
584.5,0.0005929664639748659
584.5833333333333,0.0002752992094670425
584.6666666666666,0.0010040929222277617
584.75,0.0009053742314511531
584.8333333333333,0.0005705961433427262
584.9166666666666,0.0005868621139136307
585.0,0.00037010415371009316
585.0833333333333,9.747960563080375e-05
585.1666666666666,0.0005247609244877008
585.25,0.0009295164905082465
585.3333333333333,0.0004958353252394128
585.4166666666666,0.00026990352598105856
585.5,0.0008493665086430573
585.5833333333333,0.0011717583930589194
585.6666666666666,0.001083770645593711
585.75,0.00014989447779077656
585.8333333333333,0.0007099793646205925
585.9166666666666,0.0006812625075219663
586.0,0.00082960624015866
586.0833333333333,0.0002981327243613129
586.1666666666666,0.0010107478868643354
586.25,0.0009056293243591178
586.3333333333333,0.0005584713220020234
586.4166666666666,7.231478090627847e-05
586.5,0.00012051611524983335
586.5833333333333,0.0006556248182619853
586.6666666666666,0.0007833248348114618
586.75,0.0002744805723670992
586.8333333333333,0.000193663057042566
586.9166666666666,0.00018055150522127883
587.0,0.001085810438200854
587.0833333333333,0.0013622381901117447
587.1666666666666,0.0011988263687836454
587.25,0.0009371747432935392
587.3333333333333,0.0005232110660060489
587.4166666666666,0.0003566905851117494
587.5,0.0008904427798611679
587.5833333333333,0.0008798561294424348
587.6666666666666,0.0007421773552797595
587.75,0.0006250030050762309
587.8333333333333,0.0004418903475137861
587.9166666666666,0.0006273230866185826
588.0,0.00032805988031321074
588.0833333333333,0.00033219847382482895
588.1666666666666,0.000424018229678099
588.25,0.0003002160462688975
588.3333333333333,0.00015861076427633436
588.4166666666666,0.00016751029877958178
588.5,0.0005991247260504222
588.5833333333333,0.0007473401573008933
588.6666666666666,0.00016350311058806123
588.75,0.0007225864783627101
588.8333333333333,0.0007755605318018161
588.9166666666666,0.0010524970678677332
589.0,0.0010915043947698844
589.0833333333333,0.00031248165149697787
589.1666666666666,0.00019863892848650063
589.25,0.0008309192750434772
589.3333333333333,0.001183023670022645
589.4166666666666,0.0012950384487571199
589.5,0.0011277856859089699
589.5833333333333,0.0001638151549690355
589.6666666666666,0.0003032279749841195
589.75,0.0005506941460256052
589.8333333333333,0.00028606953605699617
589.9166666666666,0.00034044248070925326
590.0,0.0008009403108461222
590.0833333333333,0.0008564491572509977
590.1666666666666,0.00037810371829924405
590.25,0.00033322582299391025
590.3333333333333,0.00038595747461857754
590.4166666666666,0.00045001969123192984
590.5,0.000598357130407738
590.5833333333333,0.0011997313622982156
590.6666666666666,0.00108934571307246
590.75,0.00035132997494769
590.8333333333333,0.0007634254325009692
590.9166666666666,0.0008684921428250825
591.0,0.0009666573580263993
591.0833333333333,0.0010047839033791395
591.1666666666666,0.0006002861055940064
591.25,0.0001040300974151054
591.3333333333333,0.00027077700562817944
591.4166666666666,0.0006445385742174862
591.5,0.000333446317643905
591.5833333333333,0.000334550535064749
591.6666666666666,0.0002847442404808219
591.75,0.0003114525806368028
591.8333333333333,0.00023539849848999887
591.9166666666666,0.00036744254135266506
592.0,0.00030037303787692153
592.0833333333333,0.0009855136938606282
592.1666666666666,0.0009074745853508327
592.25,0.0007491085949625963
592.3333333333333,0.0005857054529656589
592.4166666666666,0.0006835876402305005
592.5,0.0002695577810949749
592.5833333333333,0.00021977272790905237
592.6666666666666,0.00041854715413789555
592.75,0.00038299948311969006
592.8333333333333,0.0008851178365284291
592.9166666666666,0.0011205748371789326
593.0,0.0010520517070357251
593.0833333333333,0.0006656772331469069
593.1666666666666,0.0002788281624659942
593.25,0.0001345396868889866
593.3333333333333,0.00035392397167901255
593.4166666666666,0.00025594407304443706
593.5,0.00018631898833085982
593.5833333333333,0.00018717282498216403
593.6666666666666,0.00034308182101892214
593.75,0.0005995150578027448
593.8333333333333,0.0006998140870938059
593.9166666666666,0.00037372939244478153
594.0,0.0007306697492691271
594.0833333333333,0.0005491085600399677
594.1666666666666,0.0012532639937576017
594.25,0.0012815295508276595
594.3333333333333,0.0008016177791186702
594.4166666666666,0.00024334262396132452
594.5,0.00038011898740530724
594.5833333333333,0.0008682295034204713
594.6666666666666,0.000677687965588032
594.75,0.00046341234859489434
594.8333333333333,0.0007293544648136707
594.9166666666666,0.0009266862153843048
595.0,0.000712300127980969
595.0833333333333,0.0005107405562024399
595.1666666666666,0.00025982631014754285
595.25,0.00041374486579878804
595.3333333333333,0.0003163591537883624
595.4166666666666,0.00023849330123043778
595.5,0.0006954995405388562
595.5833333333333,0.0012948084499517984
595.6666666666666,0.0016538764241682074
595.75,0.0014491415830723124
595.8333333333333,0.001427878454427352
595.9166666666666,0.0012409022035904864
596.0,0.0003065806469294343
596.0833333333333,0.0004170302186334301
596.1666666666666,0.0005382856139766193
596.25,0.00022140482731483746
596.3333333333333,0.0005390651771765469
596.4166666666666,0.0006940315818892551
596.5,0.00077210526266767
596.5833333333333,0.0007618033134871984
596.6666666666666,0.0003882497682488248
596.75,0.0009615454353461977
596.8333333333333,0.00129443134466319
596.9166666666666,0.0007501760620203288
597.0,0.0008882895570239739
597.0833333333333,0.0006678884979240642
597.1666666666666,0.00010659109969483355
597.25,0.00013507728143675394
597.3333333333333,7.365436887758865e-05
597.4166666666666,0.0006216519929512932
597.5,0.0010811564487825638
597.5833333333333,0.000585458597754788
597.6666666666666,0.0007221096996411665
597.75,0.0011486856597521212
597.8333333333333,0.000961402751067958
597.9166666666666,0.0008724446360703139
598.0,0.0008735692112882903
598.0833333333333,0.0003958795072047888
598.1666666666666,0.0005115327912846452
598.25,0.0006277975132053203
598.3333333333333,0.00039868970505225673
598.4166666666666,0.0007530859385177431
598.5,0.0012725046640464767
598.5833333333333,0.0012137972669941227
598.6666666666666,0.0004363986699023551
598.75,0.0006116462195089692
598.8333333333333,0.001061352262993703
598.9166666666666,0.0006373260200984914
599.0,0.00041008473781592447
599.0833333333333,0.0008700036744842205
599.1666666666666,0.0005148711248673564
599.25,0.00018487268889079574
599.3333333333333,0.00029498473235068176
599.4166666666666,0.000499425274194466
599.5,0.0005992795446270191
599.5833333333333,0.00025907645603583855
599.6666666666666,0.0006010990656667194
599.75,0.0008077679564105412
599.8333333333333,0.0003636339467505585
599.9166666666666,0.00037095885666656023
600.0,0.00012491129961532437
600.0833333333333,0.00011989883617369648
600.1666666666666,0.00022818257612108167
600.25,0.00040911742815924457
600.3333333333333,0.0004269524725366689
600.4166666666666,0.0002742781204800481
600.5,9.643945446552126e-05
600.5833333333333,0.00021758248525112682
600.6666666666666,0.0004737767158044844
600.75,0.0010655959904298281
600.8333333333333,0.0007376146029231132
600.9166666666666,0.00026912721398873697
601.0,0.0003314119656568644
601.0833333333333,0.00012903445531539854
601.1666666666666,0.0006119947397259314
601.25,0.0005245508905547403
601.3333333333333,0.0005721088860721467
601.4166666666666,0.0009174841332583632
601.5,0.0003936610314729713
601.5833333333333,0.0005843476528647058
601.6666666666666,0.0004141410230496091
601.75,0.00013869181932042322
601.8333333333333,0.000597341705276104
601.9166666666666,0.0008793752687307324
602.0,0.0008626228523945685
602.0833333333333,0.001310427014844471
602.1666666666666,0.0005133235000201945
602.25,0.00046487612409981823
602.3333333333333,0.00046305440491813696
602.4166666666666,0.0006342243824557058
602.5,0.0006015166318537059
602.5833333333333,0.0004902151389877805
602.6666666666666,0.0007877820382716958
602.75,0.0003752819953986231
602.8333333333333,0.0006092110874806741
602.9166666666666,0.00023712998703953294
603.0,0.0003668681600877387
603.0833333333333,0.0007672672200765293
603.1666666666666,0.000561326152699018
603.25,6.0564109384773596e-05
603.3333333333333,0.00042753709912232306
603.4166666666666,0.00017334714424231825
603.5,0.0008142030734066549
603.5833333333333,0.0009534653583632463
603.6666666666666,0.0011920632733749686
603.75,0.001343262967563278
603.8333333333333,0.0013663246286032672
603.9166666666666,0.0014624069523244102
604.0,0.0008533112425179645
604.0833333333333,0.0005092147462619065
604.1666666666666,0.0005638328115715011
604.25,0.0007208243553293962
604.3333333333333,0.00048188008168797004
604.4166666666666,0.00045680583103912913
604.5,0.0008245458832666782
604.5833333333333,0.001023357120252848
604.6666666666666,0.0005639213620934037
604.75,0.00021566493903879335
604.8333333333333,6.615910187148555e-05
604.9166666666666,0.00034014309107972975
605.0,0.0006210590317409676
605.0833333333333,0.0004439987293989306
605.1666666666666,0.0004480904228952781
605.25,0.000799256038109525
605.3333333333333,0.000991102353511712
605.4166666666666,0.0003721311753971851
605.5,0.00015212700764267317
605.5833333333333,0.0007797065136092847
605.6666666666666,0.0008593018513075329
605.75,0.0008824455421616316
605.8333333333333,0.000713670062345047
605.9166666666666,0.00019970076754612955
606.0,0.00035230560475670703
606.0833333333333,0.0003724981127844253
606.1666666666666,0.0004299005313409528
606.25,0.0005022152607815891
606.3333333333333,0.0005054954145456743
606.4166666666666,0.0005950937316967103
606.5,0.0008991784298296066
606.5833333333333,0.0006800812278790901
606.6666666666666,0.0009021190668658728
606.75,0.0007095063949092294
606.8333333333333,3.289084636246485e-05
606.9166666666666,0.0003472126215400409
607.0,0.0008921908519356339
607.0833333333333,0.0011177533348355022
607.1666666666666,0.0007089316452693
607.25,0.00031304160301957895
607.3333333333333,0.0004905592540483714
607.4166666666666,0.000642562175941653
607.5,0.00025670054208054685
607.5833333333333,0.0002177198817227029
607.6666666666666,0.0005296001927139872
607.75,0.0009356709182430498
607.8333333333333,0.0010811293226395042
607.9166666666666,0.0015246557085440069
608.0,0.0016999861646354664
608.0833333333333,0.001059151047056195
608.1666666666666,0.0003594327669006838
608.25,0.00032251759259325266
608.3333333333333,0.00039379059787288877
608.4166666666666,0.0004626073915807384
608.5,0.000959286661774276
608.5833333333333,0.001107021453516954
608.6666666666666,0.001143859230746537
608.75,0.0006608346480960821
608.8333333333333,0.0006344180796180262
608.9166666666666,0.0009525658806974626
609.0,0.0009348622208938136
609.0833333333333,0.00033058388911667597
609.1666666666666,0.00028509593517610113
609.25,0.00016452074382404186
609.3333333333333,0.0008751242426322095
609.4166666666666,0.0012164209241131046
609.5,0.0005595869331484132
609.5833333333333,0.00044943770939827907
609.6666666666666,0.0006009833002926525
609.75,0.00019651029523073813
609.8333333333333,0.000619557809180099
609.9166666666666,0.0006264899276246434
610.0,0.00036171099226580967
610.0833333333333,0.0002579969156288775
610.1666666666666,0.00047926026718740205
610.25,0.000228698048113833
610.3333333333333,0.0002248993152939661
610.4166666666666,0.0005941264997314355
610.5,0.0008294833942191209
610.5833333333333,0.0005265271388992816
610.6666666666666,0.0003693012489234846
610.75,0.0005295555788653592
610.8333333333333,0.0008580574826035664
610.9166666666666,0.000836848321113043
611.0,0.00027458977242105404
611.0833333333333,0.0011393477958540892
611.1666666666666,0.0008101403945087708
611.25,0.0005422048751548041
611.3333333333333,0.000506688443848368
611.4166666666666,0.0006386359654972745
611.5,0.00077881168006923
611.5833333333333,0.00016147573983133802
611.6666666666666,0.0005564427203570089
611.75,0.00019364019989652243
611.8333333333333,0.0006023510839721582
611.9166666666666,0.00017586179471760398
612.0,0.0005885166065170411
612.0833333333333,0.0009912869349266717
612.1666666666666,0.0008385318321281032
612.25,0.0007192485674123969
612.3333333333333,0.001096445188203767
612.4166666666666,0.0010673694249143549
612.5,0.0010757641130948014
612.5833333333333,0.0009664397777572798
612.6666666666666,0.0004973994629594824
612.75,0.00030486150519414256
612.8333333333333,0.0007739476570364506
612.9166666666666,0.001097078982864576
613.0,0.0011383017880519013
613.0833333333333,0.00037082562087164986
613.1666666666666,0.0008099446790303347
613.25,0.0010384478712939516
613.3333333333333,0.0003279661392922769
613.4166666666666,0.0008213507336808845
613.5,0.0006569767688147638
613.5833333333333,0.00015959030404834478
613.6666666666666,0.0005367311475437912
613.75,0.0009529954364002061
613.8333333333333,0.00022653313875229636
613.9166666666666,0.0006871729933100165
614.0,0.0006657664208321575
614.0833333333333,0.00041104803016293043
614.1666666666666,0.0001310824381278073
614.25,0.00023100555197757658
614.3333333333333,0.0005449035545354966
614.4166666666666,0.0009239983641684973
614.5,0.0004944685928982466
614.5833333333333,0.0007876924331340487
614.6666666666666,0.0011815457961752245
614.75,0.0004866553120322796
614.8333333333333,0.0005008624159050902
614.9166666666666,0.0005845249693119745
615.0,0.0004996372027286494
615.0833333333333,0.0005804873443258511
615.1666666666666,0.0012216319463262085
615.25,0.0009890556321663305
615.3333333333333,0.0005176007755355926
615.4166666666666,0.00041416515599139534
615.5,0.0012408146750135841
615.5833333333333,0.000981661669999763
615.6666666666666,0.0004316593314466991
615.75,0.0009715811191958616
615.8333333333333,0.0010558082639128734
615.9166666666666,0.0003633654739199368
616.0,0.00027809282822314536
616.0833333333333,0.0004748008934017969
616.1666666666666,0.0005101548616787024
616.25,0.0006451456136398083
616.3333333333333,0.0007034300424868817
616.4166666666666,0.0010383635169695276
616.5,0.0009118544872110164
616.5833333333333,0.0007597889238214947
616.6666666666666,0.0005573217633658606
616.75,0.0006651135494467897
616.8333333333333,0.0005793623213004067
616.9166666666666,0.0004883533980848272
617.0,7.569977286952471e-06
617.0833333333333,0.000646288899522982
617.1666666666666,0.000958462490387153
617.25,0.0009865326145469793
617.3333333333333,0.0010067779205451925
617.4166666666666,0.0004818452953088426
617.5,0.00021207538125899667
617.5833333333333,0.0006106534599031278
617.6666666666666,0.0004680796537812282
617.75,0.0007413658886701248
617.8333333333333,0.0005549391534850543
617.9166666666666,0.0009331429170969406
618.0,0.0010100985746519056
618.0833333333333,0.0005634810582869578
618.1666666666666,0.00048362819112976284
618.25,0.0008169482162628942
618.3333333333333,0.0009440204792087338
618.4166666666666,0.0011628770878441134
618.5,0.0008082065631989549
618.5833333333333,0.0006149085547955318
618.6666666666666,0.0009633573857229759
618.75,0.00027217468460379556
618.8333333333333,0.00055854286991342
618.9166666666666,0.0004485996848261243
619.0,0.0005494395644654009
619.0833333333333,0.0005299048526064289
619.1666666666666,0.0005454703408000168
619.25,0.0006996516674908314
619.3333333333333,3.82220487746255e-05
619.4166666666666,0.000789414194144735
619.5,0.00037596822921801644
619.5833333333333,0.0007768716983086242
619.6666666666666,0.0009214079130799686
619.75,0.0007283912051587217
619.8333333333333,0.0004444012702317574
619.9166666666666,0.00073858959770976
620.0,0.0014156506751078107
620.0833333333333,0.0013874218909555298
620.1666666666666,0.0006806217451582754
620.25,0.00028543194387409867
620.3333333333333,0.00031167809198901517
620.4166666666666,0.0007528326297749642
620.5,0.0011748190169280596
620.5833333333333,0.0011706948692303603
620.6666666666666,0.0013894080342095978
620.75,0.0013466955962270417
620.8333333333333,0.0008256936860658314
620.9166666666666,0.0009823555361684496
621.0,0.0008055209447454791
621.0833333333333,0.0007894175237893223
621.1666666666666,0.0006818678579259941
621.25,0.0002736099361375441
621.3333333333333,0.00031365287284921433
621.4166666666666,0.0004232051243919682
621.5,0.0006192510027260756
621.5833333333333,0.0003262202576615249
621.6666666666666,0.0002664751241855707
621.75,0.000752222670359957
621.8333333333333,0.0007358570388437025
621.9166666666666,0.0003467895537969482
622.0,2.881503023749627e-05
622.0833333333333,0.0004903953061877067
622.1666666666666,0.0008662352536783439
622.25,0.0009881747802275138
622.3333333333333,0.0010186942830508205
622.4166666666666,0.0005654087933150737
622.5,3.915528635123456e-05
622.5833333333333,0.0006937906299652963
622.6666666666666,0.0004156510432695043
622.75,0.00028549240164454763
622.8333333333333,0.0009449861932515691
622.9166666666666,0.0010881960754646073
623.0,0.00026849626331787354
623.0833333333333,0.0006057851094017123
623.1666666666666,0.000639035637579001
623.25,0.0006947591526848988
623.3333333333333,0.0008894783101833667
623.4166666666666,0.0006972368832230564
623.5,0.0007137519581033179
623.5833333333333,0.0006950500246214088
623.6666666666666,0.0010371365155046881
623.75,0.0010575664126126275
623.8333333333333,0.00036876159282697507
623.9166666666666,0.0004841164544183937
624.0,0.000312485033558778
624.0833333333333,0.0004342506171433888
624.1666666666666,0.0006973695968070775
624.25,0.0006783407864334527
624.3333333333333,0.0007893964867021778
624.4166666666666,0.00038170122387962645
624.5,0.000690231854794642
624.5833333333333,0.0009070861219018947
624.6666666666666,0.000335428082070804
624.75,0.0009713740621392328
624.8333333333333,0.0012764066198976186
624.9166666666666,0.0007718552155832932
625.0,0.0010370675870408825
625.0833333333333,0.0008949945401449353
625.1666666666666,0.0005414881360651001
625.25,0.0008868990461530068
625.3333333333333,0.0005618732605778812
625.4166666666666,0.00027960329988227414
625.5,0.0004225580299173338
625.5833333333333,0.0006687373039881377
625.6666666666666,0.00038318640331054397
625.75,0.0003691957883651913
625.8333333333333,0.0004726677192400454
625.9166666666666,0.00046633593297498
626.0,0.0005624700966989426
626.0833333333333,0.0009950845587288037
626.1666666666666,0.0007400232418876537
626.25,0.000437709555327269
626.3333333333333,0.0002855486940043447
626.4166666666666,0.0008452742288795629
626.5,0.0011841033351616403
626.5833333333333,0.00048249414443693825
626.6666666666666,0.0011036178883549739
626.75,0.001275252604967118
626.8333333333333,0.0007894537515997326
626.9166666666666,0.00044815552482520076
627.0,0.0007482989617611607
627.0833333333333,0.0005926113358637991
627.1666666666666,0.0004689361450641126
627.25,0.0006286104559713976
627.3333333333333,0.0007924892624574992
627.4166666666666,0.0013766871636238093
627.5,0.0010184068745414262
627.5833333333333,0.0006389421909494191
627.6666666666666,0.0006570897697178188
627.75,0.00036550866628118876
627.8333333333333,0.0005305317110419775
627.9166666666666,0.0011903769232924268
628.0,0.0014297431405509227
628.0833333333333,0.0007192327647167945
628.1666666666666,0.00040358060420850176
628.25,0.00034358293973681987
628.3333333333333,0.0008537803889770505
628.4166666666666,0.0008261668548667579
628.5,0.000881840820925899
628.5833333333333,0.0007124895073979808
628.6666666666666,0.0007132599868857561
628.75,0.0005290203759511447
628.8333333333333,0.0007217306844309462
628.9166666666666,0.0013253095099251366
629.0,0.0014632218043749913
629.0833333333333,0.0006774637581468477
629.1666666666666,0.0005790301190663859
629.25,0.0007018142623941965
629.3333333333333,0.0006556552972345818
629.4166666666666,0.0006132814316784178
629.5,0.0006172804935610525
629.5833333333333,0.0008456662679243841
629.6666666666666,0.0002730306776050638
629.75,0.0008612956745057683
629.8333333333333,0.0005963116410998447
629.9166666666666,0.00043394481847755447
630.0,0.00030879051047133266
630.0833333333333,0.0006048154554561049
630.1666666666666,0.0006205855808531441
630.25,0.00036537327683047635
630.3333333333333,0.0005026761365247999
630.4166666666666,0.0009298837633964905
630.5,0.0013890098341104214
630.5833333333333,0.0009216899938347695
630.6666666666666,0.0001755583138212019
630.75,0.0010178351491464904
630.8333333333333,0.0008692260576622335
630.9166666666666,0.00029782435169793464
631.0,0.0002842754695060186
631.0833333333333,0.0004749242689298906
631.1666666666666,0.0007988826997502637
631.25,0.0011837851708185567
631.3333333333333,0.0006934505581422052
631.4166666666666,0.00048499491886816687
631.5,0.0007666455519095126
631.5833333333333,0.0004370014964746662
631.6666666666666,0.00010176635394287273
631.75,8.666087559218154e-05
631.8333333333333,0.0003158446179380702
631.9166666666666,0.00031703666447557534
632.0,0.0010828695106672235
632.0833333333333,0.0011869533952246186
632.1666666666666,0.000219893029095565
632.25,0.0010831387009712587
632.3333333333333,0.0015370379193004587
632.4166666666666,0.0010614851633177136
632.5,0.00013207455777192222
632.5833333333333,0.0005105388602974109
632.6666666666666,0.0007890848122144022
632.75,0.0012930158237299632
632.8333333333333,0.0009330843521621249
632.9166666666666,0.00021332746800639357
633.0,0.0004754945890636096
633.0833333333333,0.0003229384890894838
633.1666666666666,0.0008747773207563981
633.25,0.0005642954262645867
633.3333333333333,0.0005274269540799931
633.4166666666666,0.0005492801771212297
633.5,0.0002714522136020051
633.5833333333333,0.0010153139384430389
633.6666666666666,0.0006958300421523116
633.75,0.0007225190628758305
633.8333333333333,0.0009460151983715877
633.9166666666666,0.0009567740940758724
634.0,0.0005220328763802093
634.0833333333333,0.0006735507694879237
634.1666666666666,0.0011516757179615138
634.25,0.0005783324788492404
634.3333333333333,0.0003561207530652873
634.4166666666666,0.0002937349447956641
634.5,0.00021186912745681566
634.5833333333333,0.00028666704842612167
634.6666666666666,0.0006192042967322871
634.75,0.0013167358244705895
634.8333333333333,0.001176010588851034
634.9166666666666,0.0008528778144835922
635.0,0.0009718850636051607
635.0833333333333,0.0009572942988488582
635.1666666666666,0.0005275728678530133
635.25,2.4564632725471616e-05
635.3333333333333,0.0001937922484252631
635.4166666666666,0.0009220489656750628
635.5,0.0009200631284175763
635.5833333333333,0.0005790586671464648
635.6666666666666,0.0005444818487995596
635.75,0.0008503491568873663
635.8333333333333,0.0007739705110850813
635.9166666666666,0.0013003638191586469
636.0,0.0015171898342181407
636.0833333333333,0.000486743815125703
636.1666666666666,0.00021896015786889385
636.25,4.695064734315015e-05
636.3333333333333,0.0006264875510463759
636.4166666666666,0.0009834568877698901
636.5,0.0007487927239890862
636.5833333333333,0.0003304718841924369
636.6666666666666,0.00011092042618365705
636.75,0.00038451816125465707
636.8333333333333,0.0007871435284958245
636.9166666666666,0.0007536130321825907
637.0,0.0004184326454408146
637.0833333333333,0.0002962210414324389
637.1666666666666,0.000340496189975299
637.25,0.00043343921662545193
637.3333333333333,0.0006872554458663431
637.4166666666666,0.0001699877534036365
637.5,0.0012204383415000126
637.5833333333333,0.0009826583576265685
637.6666666666666,0.0007576452389723956
637.75,0.0009583730148426712
637.8333333333333,0.0010019438634234937
637.9166666666666,0.0009734998104736566
638.0,0.0006513312171004875
638.0833333333333,0.0006982938673839479
638.1666666666666,0.0001372415585862147
638.25,0.0002848750028906125
638.3333333333333,0.0003066539347495755
638.4166666666666,0.00043411289488524024
638.5,0.0005842358490012149
638.5833333333333,0.0005141562655159273
638.6666666666666,0.0005820350949397252
638.75,0.00037573674090865506
638.8333333333333,0.00023871438458864655
638.9166666666666,0.0008437775580710741
639.0,0.0009115893818112806
639.0833333333333,0.0005521197765342051
639.1666666666666,0.0005677446195609235
639.25,0.00044063221254664895
639.3333333333333,0.000790929862416289
639.4166666666666,0.0008983444452844068
639.5,0.0006955462560630849
639.5833333333333,0.0007312555596264996
639.6666666666666,0.0005298633998924047
639.75,9.302045707509194e-05
639.8333333333333,0.0003198784243366504
639.9166666666666,0.00034048277487576465
640.0,0.0003171112800494498
640.0833333333333,0.00023056741698335105
640.1666666666666,0.000417100696855562
640.25,0.00026674654456815294
640.3333333333333,0.0008201775160250208
640.4166666666666,0.0006779875882836098
640.5,0.0005384153147325953
640.5833333333333,0.0011586450786688234
640.6666666666666,0.0008420259844605269
640.75,0.00020535603407406604
640.8333333333333,0.00044622052046511024
640.9166666666666,0.0006738197813872822
641.0,0.00037322483183502
641.0833333333333,0.0002794850806833295
641.1666666666666,0.00045854262936472775
641.25,0.0005564228935566809
641.3333333333333,0.00021373302143832458
641.4166666666666,0.0007223925428794776
641.5,0.0007884088578054711
641.5833333333333,0.0004346029897665947
641.6666666666666,0.0007997573440288334
641.75,0.0003025653642161558
641.8333333333333,0.0011753501450620226
641.9166666666666,0.0011231900159364631
642.0,0.000757806696294245
642.0833333333333,0.0009208884570519471
642.1666666666666,0.0008072653927128591
642.25,0.00034178625030480765
642.3333333333333,0.00023556690031377128
642.4166666666666,0.0005826247157595891
642.5,0.0005117494897832085
642.5833333333333,0.00031624918684533527
642.6666666666666,0.00047690540921487657
642.75,0.0004958710964084343
642.8333333333333,7.315589126158561e-05
642.9166666666666,9.999108353649464e-05
643.0,7.394624066790895e-05
643.0833333333333,0.00034155144853339814
643.1666666666666,0.0003632079172161553
643.25,0.00017327036708167335
643.3333333333333,0.000831909774493429
643.4166666666666,0.0006615403074259995
643.5,0.0009024536965300908
643.5833333333333,0.000770687089873236
643.6666666666666,0.0005394023725054684
643.75,0.0008555235766083438
643.8333333333333,0.0010461360137293122
643.9166666666666,0.000497631734482709
644.0,0.0006298456455535056
644.0833333333333,0.0009350072907729929
644.1666666666666,0.0008602723770689218
644.25,0.0007032338192585618
644.3333333333333,0.0007303099459024352
644.4166666666666,0.0005247948691709422
644.5,0.0008553041434978269
644.5833333333333,0.00035821324111552936
644.6666666666666,0.00010755232565503973
644.75,0.00020340106049917373
644.8333333333333,0.0007538726870232857
644.9166666666666,0.0006264515642379851
645.0,0.00045686817040265914
645.0833333333333,0.00044003174268538966
645.1666666666666,0.0005058021187888028
645.25,0.0007474104228009033
645.3333333333333,0.0009046361992438067
645.4166666666666,0.0002971848574445855
645.5,0.0004919119390533741
645.5833333333333,0.0007756016465116311
645.6666666666666,0.0003431820503934243
645.75,0.0006640354633496471
645.8333333333333,0.000605453172257564
645.9166666666666,0.0006599923469434428
646.0,0.0003810424682382357
646.0833333333333,0.0004718066937723727
646.1666666666666,0.0004654063500023947
646.25,6.357424571308329e-05
646.3333333333333,0.0005642232675445502
646.4166666666666,0.0006607592659082015
646.5,0.0012775246956962727
646.5833333333333,0.0016192837995324823
646.6666666666666,0.0014252196229082171
646.75,0.0005791425148824785
646.8333333333333,0.0004997977849797835
646.9166666666666,0.000658330603139694
647.0,0.0008969614386566563
647.0833333333333,0.0009616427221236124
647.1666666666666,0.0005348524580646426
647.25,0.00034049449900065785
647.3333333333333,0.0005939576031826546
647.4166666666666,0.0005220622681729373
647.5,0.0005274647124153374
647.5833333333333,0.0005763415942421118
647.6666666666666,0.0002825737184273391
647.75,0.0005500405714811438
647.8333333333333,0.0002901244464002411
647.9166666666666,0.0007747118067885874
648.0,0.001139722764919649
648.0833333333333,0.0005798817976404952
648.1666666666666,0.0004122334497139587
648.25,0.0007664837993218122
648.3333333333333,0.000916608707835444
648.4166666666666,0.000778515507755944
648.5,0.0006543233619719214
648.5833333333333,0.0010492320048281778
648.6666666666666,0.0006520143333275247
648.75,0.0004958511406589744
648.8333333333333,0.000480692073595982
648.9166666666666,0.00013767297983384715
649.0,0.0003936992560365756
649.0833333333333,0.0004680514359112284
649.1666666666666,0.0009300155379981677
649.25,0.0005986395742192585
649.3333333333333,0.00042363876699836375
649.4166666666666,0.0008712049430520675
649.5,0.0008747630111802779
649.5833333333333,0.0006591617071521552
649.6666666666666,0.0005004457314208122
649.75,0.0007907547293478377
649.8333333333333,0.0010320052452907757
649.9166666666666,0.0006702621269813146
650.0,0.0004801992264690791
650.0833333333333,0.00022596922955134713
650.1666666666666,0.00020676705627314723
650.25,0.00022094909985677876
650.3333333333333,0.0005383801302655119
650.4166666666666,0.0006195423557858586
650.5,0.00029372023612315735
650.5833333333333,0.0004422840981280107
650.6666666666666,0.000903311917580272
650.75,0.0011144236040746232
650.8333333333333,0.0011116926562851383
650.9166666666666,0.0005030081336171315
651.0,0.0006110158912220996
651.0833333333333,0.0009792291624784533
651.1666666666666,0.00041558145061729396
651.25,0.00013371584274191986
651.3333333333333,6.888637039307587e-05
651.4166666666666,0.0005517050076060518
651.5,0.0008173804467128758
651.5833333333333,0.000643641192577035
651.6666666666666,0.00046379562826686114
651.75,0.00013224753605446595
651.8333333333333,0.00022779636521002574
651.9166666666666,0.0004101294739406066
652.0,0.0010313490567840746
652.0833333333333,0.0007856566541902222
652.1666666666666,0.0005710445634983604
652.25,0.000373270830344215
652.3333333333333,0.000500435506640322
652.4166666666666,0.0008870476104951542
652.5,0.0006044564146503617
652.5833333333333,0.00040254366706551735
652.6666666666666,0.0003266703366953935
652.75,0.0006964964315662962
652.8333333333333,0.00015908399005556975
652.9166666666666,0.0011084503789951235
653.0,0.00042875191822793314
653.0833333333333,0.0003975886853079599
653.1666666666666,0.0004460571899074401
653.25,0.000342987639045569
653.3333333333333,0.0005419392768388584
653.4166666666666,0.0007379452277414596
653.5,0.0008491571202791239
653.5833333333333,0.0007077039778243863
653.6666666666666,0.0004475387435407049
653.75,0.0006227346350062457
653.8333333333333,0.00018047431219109458
653.9166666666666,0.00050472867954513
654.0,0.0005082698105987052
654.0833333333333,0.00024361748376304363
654.1666666666666,0.0005320976306996499
654.25,0.0007324483352119942
654.3333333333333,0.0008477283085086451
654.4166666666666,0.0009003594315862935
654.5,0.0002461909935724651
654.5833333333333,0.0002982735537047764
654.6666666666666,0.00030102411194590724
654.75,0.0006580228222635885
654.8333333333333,0.0006588388920315565
654.9166666666666,0.00025440057053878473
655.0,0.00012839467016647924
655.0833333333333,0.00031310573881307104
655.1666666666666,0.0006959200094208567
655.25,0.0003993750488714285
655.3333333333333,0.0006426371986887611
655.4166666666666,0.0004864715183204026
655.5,0.0002117653672101831
655.5833333333333,0.000509244690499039
655.6666666666666,0.0007780982288435258
655.75,0.0004318227235261395
655.8333333333333,0.0001276786123436702
655.9166666666666,0.0003901356862673681
656.0,0.0007698161307835274
656.0833333333333,0.00101731731301537
656.1666666666666,0.0005110730166699879
656.25,0.00041582532446696776
656.3333333333333,0.0008507393939235644
656.4166666666666,0.001346258718491075
656.5,0.0006480830363502003
656.5833333333333,0.0006480621623022056
656.6666666666666,0.0008651251269575788
656.75,0.0006276348271931887
656.8333333333333,0.0003675911577628116
656.9166666666666,0.0007801379845337925
657.0,7.479015278740788e-05
657.0833333333333,0.00042588261430121085
657.1666666666666,0.00031791671656125674
657.25,0.0002073260088509125
657.3333333333333,0.0004932550333056231
657.4166666666666,0.0001319559663699142
657.5,0.0006434410507682737
657.5833333333333,0.0013298614636443418
657.6666666666666,0.000982495448274917
657.75,0.0009189516755836139
657.8333333333333,0.0007059985289092469
657.9166666666666,0.0004290476479389661
658.0,0.0007581491930491441
658.0833333333333,0.0005493451619148488
658.1666666666666,0.0007852892504356775
658.25,0.0010111841674544425
658.3333333333333,0.0007658771186254221
658.4166666666666,0.00044914468316943065
658.5,0.000701093465928856
658.5833333333333,0.00044764606905130266
658.6666666666666,0.0006895005005135257
658.75,0.0006157883446974266
658.8333333333333,0.000511030547607263
658.9166666666666,0.0007921574466302706
659.0,0.0006385429408218583
659.0833333333333,0.0005424946236917566
659.1666666666666,0.0002523961794544843
659.25,0.0006266268486308653
659.3333333333333,0.0016427967829741302
659.4166666666666,0.0018045438046637534
659.5,0.001149931602129014
659.5833333333333,0.0005147419501522787
659.6666666666666,0.0005222566497456561
659.75,0.000688555457820507
659.8333333333333,0.0006774319188420997
659.9166666666666,0.0005073138081612206
660.0,0.00021132833093045697
660.0833333333333,0.00025499208756176643
660.1666666666666,0.0005521861027283958
660.25,0.00044995876719016267
660.3333333333333,0.000529755913358443
660.4166666666666,0.0005051234990007038
660.5,0.0002883659723234295
660.5833333333333,0.00013803519769056528
660.6666666666666,0.0005817507741336449
660.75,0.00015774250499637994
660.8333333333333,0.001048271562833494
660.9166666666666,0.0010742484568163327
661.0,0.0007193510658828887
661.0833333333333,0.0009228617967025027
661.1666666666666,0.00040357981028427863
661.25,0.000370663016916068
661.3333333333333,0.0006668039279062994
661.4166666666666,0.00045971011336682906
661.5,0.0010221686493329632
661.5833333333333,0.0005778835987634227
661.6666666666666,0.0006187521084663434
661.75,0.000751483089679739
661.8333333333333,0.0008047967049364321
661.9166666666666,0.00036995035390630836
662.0,0.0001941717886023396
662.0833333333333,0.0009326007694175011
662.1666666666666,0.0012285061947305295
662.25,0.0010849248305199565
662.3333333333333,0.0011579375853340112
662.4166666666666,0.001125143639578849
662.5,0.0006969284766447945
662.5833333333333,0.0008376727678989934
662.6666666666666,0.00015842488519810484
662.75,0.0004711000268125913
662.8333333333333,0.001018958522530111
662.9166666666666,0.0013997362642756386
663.0,0.0011916591229433628
663.0833333333333,9.274588137270733e-05
663.1666666666666,0.0006835703101492095
663.25,0.0007188565700875205
663.3333333333333,0.0007260092644377031
663.4166666666666,0.0009926175632481555
663.5,0.001480033087597851
663.5833333333333,0.0012150640564600344
663.6666666666666,0.0004918722076418312
663.75,0.0001080206940815045
663.8333333333333,0.00018455170798807998
663.9166666666666,0.000711231055393073
664.0,0.0009213668861920742
664.0833333333333,0.0005928822597404706
664.1666666666666,0.0002643818674657105
664.25,0.0006435167198023177
664.3333333333333,0.001374242869853733
664.4166666666666,0.001738191362209559
664.5,0.000700621194990682
664.5833333333333,0.00024129086294866385
664.6666666666666,0.0004987238166233729
664.75,0.0005612241605550203
664.8333333333333,0.00021903219042007272
664.9166666666666,0.0005991247729951988
665.0,0.0007974489456889248
665.0833333333333,0.0004141206335795439
665.1666666666666,0.0004438478298046795
665.25,0.0006217474063636584
665.3333333333333,0.00031406891527611074
665.4166666666666,0.00017307640412173367
665.5,0.000772081940869841
665.5833333333333,0.00037926625373702977
665.6666666666666,0.0005418201972283173
665.75,0.0005976443119879148
665.8333333333333,0.0008130671933670536
665.9166666666666,0.001406851176088435
666.0,0.0012548222464958054
666.0833333333333,0.0005308435033718378
666.1666666666666,0.00011331281735457713
666.25,0.0005124742925857615
666.3333333333333,0.0014083826115690314
666.4166666666666,0.0015095070820087253
666.5,0.0011730121359468633
666.5833333333333,0.0008362957044947763
666.6666666666666,0.0005539750988720009
666.75,0.0007999062500803818
666.8333333333333,0.000963645614777034
666.9166666666666,0.0009328509029049005
667.0,0.0006506616780547674
667.0833333333333,0.00029539706475595074
667.1666666666666,0.0007009802835620703
667.25,0.0008753124472898274
667.3333333333333,0.0008095147612461886
667.4166666666666,0.0006506620927804613
667.5,6.169384347548108e-05
667.5833333333333,0.00042936683007504113
667.6666666666666,0.00046127849861150806
667.75,0.0006423032874106356
667.8333333333333,0.0007865401601520882
667.9166666666666,0.0010676327390103343
668.0,0.0005710449482223966
668.0833333333333,0.0006767582175218239
668.1666666666666,0.001085239326379321
668.25,0.0010541860857360402
668.3333333333333,0.00014194330470214248
668.4166666666666,0.0006870442805794623
668.5,0.0003554720767497145
668.5833333333333,0.0003209875666717264
668.6666666666666,0.0006237781994374317
668.75,0.0008983367350014516
668.8333333333333,0.0012152382804372557
668.9166666666666,0.0004693969804192316
669.0,0.000739820647690962
669.0833333333333,0.0003174587524899746
669.1666666666666,0.00032085496308827897
669.25,0.0006153049331839137
669.3333333333333,0.0006117234159402018
669.4166666666666,0.0008129383939803525
669.5,0.0013022098221930783
669.5833333333333,0.0007368717031492994
669.6666666666666,0.0003416387722683593
669.75,0.0002006121286510352
669.8333333333333,0.00013839699676659385
669.9166666666666,0.0005535542849112829
670.0,0.0006759052520299266
670.0833333333333,0.0005403113923305501
670.1666666666666,0.00021200904114447545
670.25,0.0010848676506011298
670.3333333333333,0.0012563995869454912
670.4166666666666,0.0006524047838351415
670.5,3.649683853302745e-05
670.5833333333333,0.0006695393562691369
670.6666666666666,0.0006218647769037921
670.75,0.0008639421008604349
670.8333333333333,0.0015913299293825681
670.9166666666666,0.0013519595348177227
671.0,0.0003826345344986482
671.0833333333333,0.0008678232242334972
671.1666666666666,0.00035272412067528927
671.25,0.0006902799147226284
671.3333333333333,0.0006004855857309292
671.4166666666666,0.0007659535910416725
671.5,0.0007989876055931977
671.5833333333333,0.0012170931480994993
671.6666666666666,0.0005575889077818622
671.75,0.0003593468859875027
671.8333333333333,0.0004453326513465833
671.9166666666666,0.00026192050780214914
672.0,0.0003679320808181606
672.0833333333333,0.0006210595469285197
672.1666666666666,0.0006580182094262058
672.25,0.0005278981933985575
672.3333333333333,3.250692165447403e-05
672.4166666666666,0.0008020947683870095
672.5,0.0010822481587642273
672.5833333333333,0.0008551847480806693
672.6666666666666,0.000994057218572106
672.75,0.0008028437649015258
672.8333333333333,0.00041006317096340604
672.9166666666666,0.0007239787216000804
673.0,0.00029196276510210265
673.0833333333333,0.00018932137277512975
673.1666666666666,0.00014211527627989778
673.25,1.172778086842512e-05
673.3333333333333,0.0002316217407883739
673.4166666666666,0.0006373275003072915
673.5,0.001105200442436561
673.5833333333333,0.0006420479572773974
673.6666666666666,0.0006342710801978808
673.75,0.0002956028802960853
673.8333333333333,0.0007315849682380075
673.9166666666666,0.00042599730402175564
674.0,0.0005166370554000857
674.0833333333333,0.0007735704520307789
674.1666666666666,0.0005894359435382443
674.25,0.00037625131091420776
674.3333333333333,0.0004480078048659651
674.4166666666666,0.00048002040724282524
674.5,9.109685444939669e-05
674.5833333333333,0.00027275895951437107
674.6666666666666,0.0007746271021731793
674.75,0.0005544650675834552
674.8333333333333,0.0005095784504199049
674.9166666666666,0.0005256303596228352
675.0,4.149629501338806e-05
675.0833333333333,0.000412011120184002
675.1666666666666,0.00017634190926429406
675.25,0.0003995226832013486
675.3333333333333,0.000551046213309812
675.4166666666666,0.00048180562508367436
675.5,0.0002718592527300353
675.5833333333333,0.0002557556293534507
675.6666666666666,0.00028310689304395143
675.75,0.0006317134682754716
675.8333333333333,0.0009544246260331971
675.9166666666666,0.0002902568231118352
676.0,0.0007477049846871763
676.0833333333333,0.0006099305686090703
676.1666666666666,0.0004984575418946475
676.25,0.0007801375235660644
676.3333333333333,9.0725190838762e-05
676.4166666666666,0.0011481031907705354
676.5,0.0013334013880044917
676.5833333333333,0.0006149983545115788
676.6666666666666,0.0005786893132616322
676.75,0.000396901112849024
676.8333333333333,0.0005861902061991499
676.9166666666666,0.0007916010866527689
677.0,0.00042260047268574924
677.0833333333333,0.0009903569608901632
677.1666666666666,0.001316358224127463
677.25,0.0008467761651404134
677.3333333333333,6.356521418058006e-05
677.4166666666666,0.0003368896232688382
677.5,0.000301334032859995
677.5833333333333,0.00028852242635758177
677.6666666666666,0.0004905539846299484
677.75,0.00021404001856643198
677.8333333333333,0.0005413580502093625
677.9166666666666,0.00029198448056103873
678.0,0.00010553099011859478
678.0833333333333,0.00021998816526966412
678.1666666666666,0.0004547078579760454
678.25,0.001132470642337176
678.3333333333333,0.0007795006878876712
678.4166666666666,7.378367164471095e-05
678.5,0.0002503651795106239
678.5833333333333,0.0001400725533622428
678.6666666666666,0.0005860816816452496
678.75,0.000558506830286876
678.8333333333333,0.0008425258481083013
678.9166666666666,0.0008767368597939002
679.0,0.0005003858118144946
679.0833333333333,0.00040709326009109
679.1666666666666,0.0005405178524925293
679.25,0.0014395872323297808
679.3333333333333,0.0008210298352300696
679.4166666666666,0.0006278575438009394
679.5,0.00035979520693896623
679.5833333333333,0.00038605612975344266
679.6666666666666,0.00046643727286123284
679.75,0.0005926878199312821
679.8333333333333,0.0006617269243288806
679.9166666666666,0.00035308724600140634
680.0,0.0005161700142427563
680.0833333333333,0.0005524162821574266
680.1666666666666,0.0004975633139544185
680.25,0.00019453999548438178
680.3333333333333,0.0008424821516538775
680.4166666666666,0.0012628640946881248
680.5,0.0012895357155167568
680.5833333333333,0.001063283619192136
680.6666666666666,0.0004958918792607995
680.75,0.0004934787782500663
680.8333333333333,0.00034643051566729543
680.9166666666666,0.000142909776675092
681.0,0.00040174037428428996
681.0833333333333,0.0002979658031308968
681.1666666666666,0.00044992737307754583
681.25,0.00040783822863324455
681.3333333333333,0.0003780523532255124
681.4166666666666,0.0006464735383289615
681.5,0.0005177325282343401
681.5833333333333,0.0001798347975094281
681.6666666666666,0.0009519053664187467
681.75,0.000822075707297903
681.8333333333333,9.985288691737885e-05
681.9166666666666,0.0007871279409954932
682.0,0.0005831069229378516
682.0833333333333,0.00011551745586803241
682.1666666666666,0.0002181727316965948
682.25,0.0002761984154733769
682.3333333333333,0.0004735311874132981
682.4166666666666,0.0005739672230585405
682.5,0.0007262027526479755
682.5833333333333,0.0006793353378336331
682.6666666666666,0.0005980562779322326
682.75,0.0005821811941180714
682.8333333333333,0.00012428682471053636
682.9166666666666,0.00010400867819727942
683.0,0.00029046646150787496
683.0833333333333,0.00041260732971151075
683.1666666666666,0.0005641269601702987
683.25,0.0004577365431572925
683.3333333333333,0.0011517689680040455
683.4166666666666,0.001201318508144978
683.5,0.0010296535270914004
683.5833333333333,0.0005642667890658688
683.6666666666666,0.00023629420251156097
683.75,0.0003317029232164816
683.8333333333333,0.0003950755048460075
683.9166666666666,0.0004607842761556388
684.0,0.0006199978285789337
684.0833333333333,0.0005611302972469469
684.1666666666666,0.0006373563346727916
684.25,0.0007782362845605523
684.3333333333333,0.0006863359746141765
684.4166666666666,0.0003889211535926139
684.5,0.0006462090597846947
684.5833333333333,0.00041340232402861156
684.6666666666666,0.0006541142272098037
684.75,0.0014546898661352361
684.8333333333333,0.0010398665852295386
684.9166666666666,0.0003917063509699111
685.0,0.0005682692828381865
685.0833333333333,0.00023763366255531287
685.1666666666666,0.0007907856619678497
685.25,0.0007454261774287042
685.3333333333333,0.0003995459900276277
685.4166666666666,0.0007121972480009124
685.5,0.0008025465029389208
685.5833333333333,0.0002007397847699345
685.6666666666666,0.00018013851211445353
685.75,0.0001691190969098453
685.8333333333333,0.000130263717502077
685.9166666666666,0.00039705678958490653
686.0,0.00048588960452185774
686.0833333333333,0.000617055765321912
686.1666666666666,0.0003813713352868494
686.25,0.0009995599913970247
686.3333333333333,0.0010129243867664569
686.4166666666666,0.00046009719257826694
686.5,0.000338176459702561
686.5833333333333,0.0006984558671199393
686.6666666666666,0.0002271782074690629
686.75,0.00029026308841025836
686.8333333333333,0.0005225674602040554
686.9166666666666,0.0005833523563892375
687.0,0.000871053949493884
687.0833333333333,0.0004533824702314401
687.1666666666666,0.0006400730556856375
687.25,0.0009517217267443174
687.3333333333333,0.0005666889319357155
687.4166666666666,0.0012033486754631005
687.5,0.000779381531105202
687.5833333333333,0.000921431632610304
687.6666666666666,0.0004703828777931567
687.75,0.0007425802563110182
687.8333333333333,0.0002559801655584652
687.9166666666666,0.00029034578132941714
688.0,0.0003369221946514799
688.0833333333333,0.0004973887962821972
688.1666666666666,0.0005191962448901984
688.25,0.00030262642394921526
688.3333333333333,0.0010336154214718402
688.4166666666666,0.0010067701035820678
688.5,0.0008381907639086801
688.5833333333333,0.0009784040421467698
688.6666666666666,0.0007791524873720373
688.75,0.00045404551321925066
688.8333333333333,0.000304613465136698
688.9166666666666,0.00037987645023806327
689.0,0.0004431597876355553
689.0833333333333,0.0008295359481987362
689.1666666666666,0.0008960573990313638
689.25,0.0006618367626253822
689.3333333333333,0.0006888661913649234
689.4166666666666,0.0008985591707609481
689.5,0.000524576919787141
689.5833333333333,0.00015559092281136207
689.6666666666666,0.000223437761129413
689.75,0.00033955304971252477
689.8333333333333,0.00022528059978225436
689.9166666666666,0.0006855732428801297
690.0,0.0004777985723205896
690.0833333333333,0.0004257844770164302
690.1666666666666,0.0005460541106915266
690.25,0.0006663111936388434
690.3333333333333,0.0006748653769439546
690.4166666666666,0.00020965156022128683
690.5,5.960326649529434e-05
690.5833333333333,0.0001882769733552531
690.6666666666666,0.0003706282780743871
690.75,0.00026881994844948036
690.8333333333333,0.00046193226363406246
690.9166666666666,0.0004315533401771223
691.0,0.0005327308219306668
691.0833333333333,0.00040719722532789733
691.1666666666666,0.00045486795403639445
691.25,0.0006886952878905873
691.3333333333333,0.00045507683467682294
691.4166666666666,0.00046222382642563544
691.5,5.5942029405311317e-05
691.5833333333333,0.0006680273579241763
691.6666666666666,0.0009814237571497942
691.75,0.0009173151067604745
691.8333333333333,0.0009295593923162535
691.9166666666666,0.0005686832231505906
692.0,0.0008788655905586651
692.0833333333333,0.00154593157208548
692.1666666666666,0.0010155688942717915
692.25,0.0005626769186012281
692.3333333333333,0.0007336038997142468
692.4166666666666,0.00040690389234929305
692.5,0.0006208689038186906
692.5833333333333,0.0007981928319249133
692.6666666666666,0.000298072781423606
692.75,0.0003782130482471375
692.8333333333333,0.0006306798163529772
692.9166666666666,0.0004254185667766833
693.0,0.00031487301344694307
693.0833333333333,0.000943019874368936
693.1666666666666,0.0009813367278137452
693.25,0.00023870645458029066
693.3333333333333,0.0007524128963299279
693.4166666666666,0.00037178800348545396
693.5,0.0003432697499508139
693.5833333333333,0.0003828020638187932
693.6666666666666,0.0005474665805644363
693.75,0.0007003687236482077
693.8333333333333,0.0004843397790935872
693.9166666666666,0.0006070432876689445
694.0,8.967822850463201e-05
694.0833333333333,0.0005092398155658638
694.1666666666666,0.0011523919532155937
694.25,0.0009543758875715294
694.3333333333333,0.0006812156716568106
694.4166666666666,0.0007365262302356141
694.5,0.0010501662151728244
694.5833333333333,0.0011508630271459238
694.6666666666666,0.0006742827621834177
694.75,0.0011750729379060771
694.8333333333333,0.0005783797939139715
694.9166666666666,0.0007934561131873489
695.0,0.0006291168548283794
695.0833333333333,0.0009644686987317614
695.1666666666666,0.0007553392233415268
695.25,0.0010565363793692778
695.3333333333333,0.0010106310708668626
695.4166666666666,0.00012274263004898739
695.5,0.0009695435848503307
695.5833333333333,0.0010676701885492753
695.6666666666666,0.0006150880424536894
695.75,0.0009381897866886628
695.8333333333333,0.0003833448550640868
695.9166666666666,0.00045482886223429287
696.0,0.0002367827196612158
696.0833333333333,0.00040911321932469595
696.1666666666666,0.000367869633762145
696.25,0.000559911087847463
696.3333333333333,0.00046740485189413134
696.4166666666666,0.0005651144304781923
696.5,0.00023583410115433695
696.5833333333333,3.964617355471912e-05
696.6666666666666,0.00023999752447838947
696.75,0.0003429039799447992
696.8333333333333,0.00047097683068582277
696.9166666666666,0.0002309868373536379
697.0,0.0008040548972634438
697.0833333333333,0.001067659043565336
697.1666666666666,0.0005996875465435731
697.25,0.00042603221460255937
697.3333333333333,0.000776139207268416
697.4166666666666,0.00047762924028740307
697.5,0.00045115622428567096
697.5833333333333,0.0010661529162179703
697.6666666666666,0.0012153821980166386
697.75,0.0006046320792914609
697.8333333333333,0.00046482886236172866
697.9166666666666,0.00015578987140102416
698.0,0.0002986760976782953
698.0833333333333,0.00029389246219509266
698.1666666666666,0.00025876084902405616
698.25,0.0002894694969716079
698.3333333333333,0.00039221275930459876
698.4166666666666,0.0009538094337024433
698.5,0.0009941821192647078
698.5833333333333,0.0006426971860654992
698.6666666666666,0.000176866584559705
698.75,0.000212960244741897
698.8333333333333,0.0002257149173640221
698.9166666666666,0.0011124203158330358
699.0,0.0012180138907417685
699.0833333333333,0.0009382276945683073
699.1666666666666,0.0014772105547480694
699.25,0.0009726264354783041
699.3333333333333,0.0009924589449470096
699.4166666666666,0.000775193376817566
699.5,0.0004599582215511535
699.5833333333333,0.000760571304979122
699.6666666666666,0.00047550364174007954
699.75,0.00019511477403505386
699.8333333333333,0.0003445443592950956
699.9166666666666,0.0004217758159042054
700.0,0.0008382686159863112
700.0833333333333,0.0010627259089485892
700.1666666666666,0.0005709115628807246
700.25,9.018232611460636e-05
700.3333333333333,0.00032146153432973773
700.4166666666666,0.0002977653070697191
700.5,0.00036083694516343077
700.5833333333333,0.0009644187661065262
700.6666666666666,0.0009288868130531876
700.75,0.0002620529269306514
700.8333333333333,0.0007214068519864064
700.9166666666666,0.0005675205239005482
701.0,0.0008268961669538669
701.0833333333333,0.0008542542556508312
701.1666666666666,0.0006577946236888443
701.25,0.0010487061591574174
701.3333333333333,0.0007927179943279174
701.4166666666666,0.0003831639747137863
701.5,0.0008522429686970663
701.5833333333333,0.00014447798347586512
701.6666666666666,0.0007583697054545023
701.75,0.0008070693217436612
701.8333333333333,0.00040086700616621105
701.9166666666666,0.0004057223345726274
702.0,0.0004474560647491723
702.0833333333333,0.00037645172805624277
702.1666666666666,0.00036588398654873583
702.25,0.0005451824492397052
702.3333333333333,0.00045670232119501716
702.4166666666666,8.720530388980265e-05
702.5,0.00018063202191778667
702.5833333333333,0.0007638942820763792
702.6666666666666,0.0008059120027222094
702.75,0.0006546823544866246
702.8333333333333,0.0003013489732331664
702.9166666666666,0.0004637601217911522
703.0,0.0007809332137118654
703.0833333333333,0.0003365174684866435
703.1666666666666,0.0004863708248856503
703.25,0.0004933546134995942
703.3333333333333,0.0008948357749170178
703.4166666666666,0.0006804792023843042
703.5,0.0004627685921941858
703.5833333333333,0.00037360413399880634
703.6666666666666,0.0009926667994939122
703.75,0.0009140015341550764
703.8333333333333,0.0005324476123144685
703.9166666666666,0.00035682865458815197
704.0,0.00044682171027363686
704.0833333333333,0.0006055886953431432
704.1666666666666,0.00047162801225830557
704.25,9.275952438118936e-05
704.3333333333333,0.0008407772343391786
704.4166666666666,0.0009505462796206443
704.5,0.000646592240900453
704.5833333333333,0.0010913396715490449
704.6666666666666,0.000963944387164561
704.75,0.0003556638128490324
704.8333333333333,0.0005101716903222649
704.9166666666666,0.0004679345014280044
705.0,0.0002787009429708864
705.0833333333333,0.0005313885454869085
705.1666666666666,0.0008094483264508172
705.25,0.0012125285914010508
705.3333333333333,0.0008918745688959134
705.4166666666666,0.0004982757947348601
705.5,0.0005859422850038637
705.5833333333333,0.0006446869124947255
705.6666666666666,0.0007353916337093353
705.75,0.00019441572403127873
705.8333333333333,0.0006467589543066928
705.9166666666666,0.0006644874005641786
706.0,0.00048712638376058434
706.0833333333333,0.0002271592294883415
706.1666666666666,0.00024338415760733018
706.25,0.00013757501888121492
706.3333333333333,0.0004737526947198937
706.4166666666666,0.0003693179558639963
706.5,0.0005036795582495833
706.5833333333333,0.0006554360037988746
706.6666666666666,0.0005768188496613694
706.75,0.0007062237185161514
706.8333333333333,0.000646887853201694
706.9166666666666,0.0010752213405929938
707.0,0.0009692510701743765
707.0833333333333,0.0004764221741984189
707.1666666666666,0.00045314542401042406
707.25,0.0004900048549502026
707.3333333333333,0.00028405097879114215
707.4166666666666,0.00047208205378461063
707.5,0.00015503128598355886
707.5833333333333,0.00039712625996336554
707.6666666666666,0.0004282886787805246
707.75,0.0008355535120479832
707.8333333333333,0.0006921811204534737
707.9166666666666,0.0007342137523945272
708.0,0.0005414065843833872
708.0833333333333,0.000110820530181393
708.1666666666666,0.000510140304674052
708.25,0.0006432547409295672
708.3333333333333,0.001048456182162517
708.4166666666666,0.0011666382921068634
708.5,0.0006006674434522698
708.5833333333333,0.00035502312337622964
708.6666666666666,0.000753389802798795
708.75,0.0006738738898715642
708.8333333333333,0.0005298593641589929
708.9166666666666,0.0002632782154432419
709.0,0.0003916853007077471
709.0833333333333,0.0004338886641245007
709.1666666666666,0.0007236678763830861
709.25,0.0012115995016047758
709.3333333333333,0.0005912084746885602
709.4166666666666,0.0004088061057224558
709.5,0.00041121391495100977
709.5833333333333,0.0005800479026759583
709.6666666666666,0.0008006765286433637
709.75,0.0005288359446497024
709.8333333333333,5.111989574857209e-05
709.9166666666666,0.0005935086436150646
710.0,0.0003223238444267344
710.0833333333333,0.0006872961309025367
710.1666666666666,0.0008430186662819589
710.25,0.0006871882348220194
710.3333333333333,0.0011056410918822283
710.4166666666666,0.0012535428549321427
710.5,0.0007754481936214681
710.5833333333333,0.0004751703803241289
710.6666666666666,0.000536458832670571
710.75,0.0007342601423710488
710.8333333333333,0.0010730745227597095
710.9166666666666,0.000626207605824692
711.0,0.000781510050474771
711.0833333333333,0.0012801843751909707
711.1666666666666,0.0012490606838294217
711.25,0.0011303662849937938
711.3333333333333,0.0008078583560151952
711.4166666666666,0.0003749062427527693
711.5,0.00018382752779486786
711.5833333333333,0.0007340778047453312
711.6666666666666,0.0010240490787112387
711.75,0.0008244878609471916
711.8333333333333,0.00044111051798071646
711.9166666666666,0.0005634162008631351
712.0,0.0003236391340416661
712.0833333333333,0.00017367227582945112
712.1666666666666,0.00045659857758167206
712.25,0.000539061422180344
712.3333333333333,0.00038707286413758904
712.4166666666666,0.0004522133389839974
712.5,0.0004974044293234777
712.5833333333333,0.0009181828066029585
712.6666666666666,0.0006155355738012835
712.75,0.0006160905256434134
712.8333333333333,0.00032724019515409066
712.9166666666666,0.00018458293983391488
713.0,0.00037533908741792265
713.0833333333333,0.000963348561445722
713.1666666666666,0.0007589651984420953
713.25,0.000644541208279211
713.3333333333333,0.0006982679041485731
713.4166666666666,0.0002864549465187887
713.5,0.0003632942411519109
713.5833333333333,0.0002742585011677025
713.6666666666666,0.00028961627080249466
713.75,0.0008125183335424794
713.8333333333333,0.00043821888934693766
713.9166666666666,0.00041997715074483803
714.0,0.0002707211622897126
714.0833333333333,0.0003623185815915985
714.1666666666666,0.0004959955848549399
714.25,0.0007534393847574911
714.3333333333333,0.001183251580322326
714.4166666666666,0.0010362969260986356
714.5,0.0007582264033386843
714.5833333333333,0.0008673645745326967
714.6666666666666,0.0005343286735504762
714.75,0.0003904815035740001
714.8333333333333,0.0008905194238823297
714.9166666666666,0.0008630043782491057
715.0,0.0005526088491734104
715.0833333333333,0.00019704957558494383
715.1666666666666,0.00037689537751561537
715.25,0.00021020290640690775
715.3333333333333,0.00020030095421213936
715.4166666666666,0.00021862407580183643
715.5,0.0004920109223465302
715.5833333333333,0.0006239228778474752
715.6666666666666,0.0005390067847903673
715.75,0.0007109092584045476
715.8333333333333,0.0008523223052890911
715.9166666666666,0.0008942412677871988
716.0,0.0011383696568744307
716.0833333333333,0.00032106865849712546
716.1666666666666,0.000762819859460065
716.25,0.0006027959225219571
716.3333333333333,0.00016096885013141196
716.4166666666666,0.0008799299592002529
716.5,0.0004717069847896158
716.5833333333333,0.0004371870025588048
716.6666666666666,0.0005958729163075743
716.75,0.0006948712123933687
716.8333333333333,0.0004522631033865118
716.9166666666666,0.000364500675612972
717.0,0.0006372758742567345
717.0833333333333,0.0009660976060859082
717.1666666666666,0.000696349408695533
717.25,0.00046440525860130995
717.3333333333333,0.0006805399595010692
717.4166666666666,0.0006940619989915864
717.5,0.0012377587571631504
717.5833333333333,0.001529225291728043
717.6666666666666,0.000749362745504728
717.75,0.0004140254909948009
717.8333333333333,0.00014493885178596712
717.9166666666666,0.0003709840597922628
718.0,0.0006141437735158364
718.0833333333333,0.0008145069580193118
718.1666666666666,0.0010033486882708705
718.25,0.0009465523119079748
718.3333333333333,0.0002047813532969648
718.4166666666666,0.00036862051352001916
718.5,0.0006221622368512645
718.5833333333333,9.8626108403166e-05
718.6666666666666,0.0006816143710921335
718.75,0.0012745046248348166
718.8333333333333,0.0009538511312070114
718.9166666666666,6.0685442630547957e-05
719.0,0.0003730196714282306
719.0833333333333,0.0007076573199940987
719.1666666666666,0.0007243628649928374
719.25,0.0003944344839133378
719.3333333333333,0.0004867095049852852
719.4166666666666,0.0006575230312940852
719.5,0.0008290507917118995
719.5833333333333,6.186846974624221e-05
719.6666666666666,0.0006559433408247911
719.75,0.0011028677171056394
719.8333333333333,0.0009096546169397472
719.9166666666666,0.0001836569992717849
720.0,0.00014087869058736747
720.0833333333333,9.328133640507565e-05
720.1666666666666,0.00025955134563430114
720.25,0.0007316664956047174
720.3333333333333,8.868452519554379e-05
720.4166666666666,0.0008257696845524572
720.5,0.0008704083793359188
720.5833333333333,0.0004747270840488024
720.6666666666666,0.0004514690826852498
720.75,0.0007044179233304561
720.8333333333333,0.0004623750980371876
720.9166666666666,0.0007280111653398594
721.0,0.00031164236410667704
721.0833333333333,0.00022444399531938003
721.1666666666666,6.424016599698187e-05
721.25,0.0002216178371896951
721.3333333333333,0.00040747122518565383
721.4166666666666,0.0002673286723829898
721.5,0.0012204756941279155
721.5833333333333,0.0010715179351504806
721.6666666666666,0.00036245950482904226
721.75,0.00037153125459554504
721.8333333333333,0.00036053446898950736
721.9166666666666,0.0003999673911929124
722.0,0.0005222530003248415
722.0833333333333,0.0005246953552500096
722.1666666666666,0.0006686280594518033
722.25,0.0008207545326702754
722.3333333333333,0.0011276499543258827
722.4166666666666,0.0011330214191897807
722.5,0.000755571974711915
722.5833333333333,0.00039709643110913726
722.6666666666666,0.00012112589749823051
722.75,0.00030468247263611766
722.8333333333333,0.0004987179378093791
722.9166666666666,0.00027253884425391733
723.0,0.00033242399639340765
723.0833333333333,0.0008264836193980693
723.1666666666666,0.0003802119829941944
723.25,0.0005543837393111478
723.3333333333333,0.0004776825806655444
723.4166666666666,0.0011244691595176796
723.5,0.00037862842085837896
723.5833333333333,0.0003484017830101231
723.6666666666666,0.0008419704801995128
723.75,0.00105171809460629
723.8333333333333,0.0005922931724482799
723.9166666666666,0.000393217350134911
724.0,0.00019260822509685062
724.0833333333333,0.00030735705703187474
724.1666666666666,0.00022454513522261312
724.25,0.0006117734123812026
724.3333333333333,0.00054372940136766
724.4166666666666,6.801734602796954e-05
724.5,0.0006881190989832971
724.5833333333333,0.00042242396105688046
724.6666666666666,0.00021226514804518234
724.75,0.0006837968730480587
724.8333333333333,0.001292552278712394
724.9166666666666,0.0008364447501077079
725.0,0.0004409750792811296
725.0833333333333,0.0010542669984736383
725.1666666666666,0.0006847225849565446
725.25,0.0004392308548537624
725.3333333333333,0.0004605696182345736
725.4166666666666,0.0005208433453771056
725.5,0.000562719909953146
725.5833333333333,0.00046449174183037375
725.6666666666666,0.0002528109133743496
725.75,0.00010201426147709466
725.8333333333333,0.000126920928020394
725.9166666666666,0.0004165708492964642
726.0,0.0005072524584369646
726.0833333333333,0.00032160197848043787
726.1666666666666,5.491524480201278e-05
726.25,0.00044122216642998753
726.3333333333333,0.0008292915376622642
726.4166666666666,0.0008719822254512293
726.5,0.0005877128680308006
726.5833333333333,0.0005914093131163658
726.6666666666666,0.0008444896940578243
726.75,0.0009606365608083609
726.8333333333333,0.0006467745769385104
726.9166666666666,0.00025424918702214615
727.0,9.021662070131945e-05
727.0833333333333,0.0007317770740665129
727.1666666666666,0.0009906344591469915
727.25,0.0005311814712389087
727.3333333333333,0.0004246924501047232
727.4166666666666,0.0003743590086147311
727.5,0.0007103095556274616
727.5833333333333,0.0010711990312173754
727.6666666666666,0.0007158410889859246
727.75,0.00019718952664732548
727.8333333333333,0.00048730116399531607
727.9166666666666,0.0009282919124994832
728.0,0.0010580093512936688
728.0833333333333,0.0005663927057622823
728.1666666666666,0.0007967312663318046
728.25,0.0001976161537940553
728.3333333333333,0.00012885182782668305
728.4166666666666,0.0005284815159568627
728.5,0.0004349552421240239
728.5833333333333,0.00024279835853645897
728.6666666666666,0.00027623699265409577
728.75,0.0007032137809732809
728.8333333333333,0.0003836496912109047
728.9166666666666,0.0004235958402236368
729.0,0.000535701906601105
729.0833333333333,0.00029400114361804596
729.1666666666666,0.00045074033030166757
729.25,0.0003444167776435538
729.3333333333333,0.00019847849772835363
729.4166666666666,0.0007901341645706192
729.5,0.001217655754161945
729.5833333333333,0.0009173193613097304
729.6666666666666,0.000561209306150762
729.75,0.0005822925660571706
729.8333333333333,0.0004271455688759211
729.9166666666666,0.0008651078624021482
730.0,0.0005880447001824611
730.0833333333333,0.0006427122161937207
730.1666666666666,0.0008100953477332524
730.25,0.0007302975408969825
730.3333333333333,0.0008986760128893996
730.4166666666666,0.0009802389119091333
730.5,0.0006056469898365252
730.5833333333333,0.0005514788281564671
730.6666666666666,0.0003846782928334776
730.75,0.00020823385333071818
730.8333333333333,0.0003240679433260118
730.9166666666666,8.507960023667613e-05
731.0,0.0002024291173358061
731.0833333333333,0.00022638774510542523
731.1666666666666,0.00032487466999808344
731.25,0.0005010762797419279
731.3333333333333,0.00018926401366539802
731.4166666666666,0.00032088618002165773
731.5,0.0004382783872200124
731.5833333333333,7.407645882959852e-05
731.6666666666666,0.0005035377675569844
731.75,0.0008354413580313339
731.8333333333333,0.0009130066961897378
731.9166666666666,0.0006656165994714349
732.0,0.0006703721134727347
732.0833333333333,0.0006867005201327686
732.1666666666666,0.00012685814031387931
732.25,0.0005466758406633839
732.3333333333333,0.0004388713388088742
732.4166666666666,0.00048145285877657426
732.5,0.0011043560929959388
732.5833333333333,0.0009126513763945146
732.6666666666666,0.0002973615435471158
732.75,0.0005551569214385433
732.8333333333333,0.0007242690910318411
732.9166666666666,0.0013913482968192197
733.0,0.0009881141535361168
733.0833333333333,0.0002894451113015644
733.1666666666666,0.00020991597160603117
733.25,0.0007517036382196527
733.3333333333333,0.0007995952913652391
733.4166666666666,0.0008396040531212917
733.5,0.0007032852682570439
733.5833333333333,0.0008678629241528773
733.6666666666666,0.0007250597817128266
733.75,0.0002566576605971328
733.8333333333333,0.0006539973052795036
733.9166666666666,0.00043722510159139194
734.0,0.0006280553275369741
734.0833333333333,0.00046516173662582605
734.1666666666666,0.000799934129712174
734.25,0.0011060450324923746
734.3333333333333,0.0004923565966986437
734.4166666666666,0.00035725798662659985
734.5,0.0006531287102367326
734.5833333333333,0.0005916937055745506
734.6666666666666,0.0010627116295138287
734.75,0.000926883966637447
734.8333333333333,0.00046232304559018473
734.9166666666666,0.0005001571451069876
735.0,0.00019552821668697342
735.0833333333333,0.0005972225177497561
735.1666666666666,0.001256832814373429
735.25,0.0016671236463748026
735.3333333333333,0.0007901909354996795
735.4166666666666,0.000300013734878492
735.5,0.00043387431502479325
735.5833333333333,0.0004766638251142273
735.6666666666666,0.0007179755559310441
735.75,0.00022220409718887564
735.8333333333333,0.0007835930373430194
735.9166666666666,0.0003641331571866785
736.0,0.00012059735166470373
736.0833333333333,0.0006900126621119094
736.1666666666666,0.0007603905748682736
736.25,6.597402196131086e-05
736.3333333333333,0.0007538319200940123
736.4166666666666,0.0011100874772067015
736.5,0.0009767181011173225
736.5833333333333,0.0007752815858845106
736.6666666666666,0.0010179382943247112
736.75,0.0009628706432564051
736.8333333333333,0.0003579154266777021
736.9166666666666,0.0002722080326399975
737.0,9.534686651726939e-05
737.0833333333333,0.0002994947294966898
737.1666666666666,6.330869171571959e-05
737.25,0.0005120242971926573
737.3333333333333,0.00065214877570373
737.4166666666666,0.000600971798154629
737.5,0.0006735852578246283
737.5833333333333,0.00015249111803574856
737.6666666666666,0.0005363133745377174
737.75,0.0002553126435986294
737.8333333333333,0.0008813367834255205
737.9166666666666,0.0011725848324378315
738.0,0.0005947630923608279
738.0833333333333,0.00018833030444233422
738.1666666666666,0.00030957517875342133
738.25,0.000798636730572889
738.3333333333333,0.0007023209455382779
738.4166666666666,0.0002779349176071989
738.5,0.0005651402967263812
738.5833333333333,0.000488390963469615
738.6666666666666,0.0003049794023085594
738.75,0.0009521084567621058
738.8333333333333,0.00022566049191568506
738.9166666666666,0.00032575168051443565
739.0,0.00014629175661142455
739.0833333333333,1.9706280376768495e-05
739.1666666666666,0.00041289841752116904
739.25,0.0006999367331823506
739.3333333333333,0.0005250827090148889
739.4166666666666,0.0007036028252774326
739.5,0.0006197175159529716
739.5833333333333,0.0003776142710142121
739.6666666666666,0.0006030386628490338
739.75,0.0006749204254544263
739.8333333333333,0.0006459897553507681
739.9166666666666,0.0004446508486243491
740.0,0.00011706916818406864
740.0833333333333,0.0009863071859474444
740.1666666666666,0.0009711760661613575
740.25,0.0010168325061736224
740.3333333333333,0.0008005380398724559
740.4166666666666,0.0006462124300327965
740.5,0.00101942772954894
740.5833333333333,0.0005797868906056712
740.6666666666666,0.00026398317286169693
740.75,0.0007553263475294774
740.8333333333333,0.0005183653779785503
740.9166666666666,0.00016358466014013552
741.0,0.0005872219258433225
741.0833333333333,0.0006402746119162487
741.1666666666666,0.0003704348067083617
741.25,0.0006882506282119168
741.3333333333333,0.000943445975548182
741.4166666666666,0.0008543104201570365
741.5,0.0005733846206282909
741.5833333333333,0.0004054830420228197
741.6666666666666,0.0003875527441324119
741.75,0.0003491123502882735
741.8333333333333,0.0002440032364753539
741.9166666666666,0.0009422079385088076
742.0,0.0008679565269242509
742.0833333333333,0.0007163421713527646
742.1666666666666,0.0008215708883466214
742.25,0.0005625545876785017
742.3333333333333,0.0005885929187156044
742.4166666666666,0.00036150802087010986
742.5,0.0005880477940338492
742.5833333333333,0.0007032333049575701
742.6666666666666,0.0002528956691830201
742.75,0.0001895709019684977
742.8333333333333,5.9302972591289456e-05
742.9166666666666,0.0005087576768290938
743.0,0.0006166069714646802
743.0833333333333,0.0007854376213262395
743.1666666666666,0.000679271886580934
743.25,0.000681742212965692
743.3333333333333,0.0007769710104275544
743.4166666666666,0.0009584381597929534
743.5,0.00047372265683350245
743.5833333333333,0.0005210515034577275
743.6666666666666,0.0006980111164766241
743.75,0.0005413474431613539
743.8333333333333,0.0002927745774259249
743.9166666666666,0.00041530233905092616
744.0,1.8579500568619398e-05
744.0833333333333,0.00032019532830063755
744.1666666666666,0.00041738576354681425
744.25,0.0008808859867215971
744.3333333333333,0.00029173290600852857
744.4166666666666,0.0008102828663127919
744.5,0.0008786959922891309
744.5833333333333,0.0010713563721777722
744.6666666666666,0.0010150158483888747
744.75,0.0005193539385897061
744.8333333333333,0.00041629205518939436
744.9166666666666,0.0005012819251774006
745.0,0.00018861891184520572
745.0833333333333,0.00036901749736694566
745.1666666666666,0.0008007696390175945
745.25,0.0010051449658727383
745.3333333333333,0.0007292353754604496
745.4166666666666,0.0004879428041919026
745.5,0.000653684038317289
745.5833333333333,0.0007409804920341625
745.6666666666666,0.000720622894494187
745.75,0.0006234775694466658
745.8333333333333,0.00031752215702266634
745.9166666666666,6.757685384467413e-05
746.0,0.0002162276162033008
746.0833333333333,0.0004074838246220302
746.1666666666666,0.0011438475423228187
746.25,0.001218602594492521
746.3333333333333,0.001065264181561574
746.4166666666666,0.00032743741881956104
746.5,0.0006293279460234445
746.5833333333333,0.0008695363682573452
746.6666666666666,0.0002529520290522408
746.75,0.0001998596479705689
746.8333333333333,0.0004481080681452127
746.9166666666666,0.0006623009913245459
747.0,0.0007185409642521427
747.0833333333333,0.00039744229892603564
747.1666666666666,0.0002885431238162053
747.25,0.00034885890979886126
747.3333333333333,0.0004168986037866406
747.4166666666666,0.00022287667057039557
747.5,0.00051016457199014
747.5833333333333,0.0008130467896155958
747.6666666666666,0.00028750861241512145
747.75,0.0006203110241917895
747.8333333333333,0.0011157950434957996
747.9166666666666,0.0011761133412138108
748.0,0.0007881349410580119
748.0833333333333,0.000124313695091488
748.1666666666666,0.0004266854872282863
748.25,0.0005605704697264187
748.3333333333333,0.000921694259215123
748.4166666666666,0.0006499586302468529
748.5,0.0002651438136682403
748.5833333333333,0.00039883396395489574
748.6666666666666,0.0007694656735486502
748.75,0.0008777368608509634
748.8333333333333,0.0005013002752136079
748.9166666666666,0.0004766748809457251
749.0,0.000885332415939629
749.0833333333333,0.0005794773050975991
749.1666666666666,0.0005382104766799038
749.25,0.0004379597924412316
749.3333333333333,0.0006442755166619555
749.4166666666666,0.001224284172680986
749.5,0.0009559270016861715
749.5833333333333,0.00031531332500909864
749.6666666666666,0.0002757938945884814
749.75,0.0002710492543942583
749.8333333333333,0.0003739779898433296
749.9166666666666,0.0004181691259107208
750.0,0.00020757110889400051
750.0833333333333,0.0006359352686883412
750.1666666666666,0.0010262594400181372
750.25,0.0009265519085623527
750.3333333333333,0.00040697817779932946
750.4166666666666,0.0004481080168162892
750.5,0.0009012727776898952
750.5833333333333,0.0007769702784345122
750.6666666666666,0.000868751415063631
750.75,0.0008198947709592084
750.8333333333333,0.0004846541037296396
750.9166666666666,0.00041421442306184634
751.0,0.0008521837836312388
751.0833333333333,0.0009433853298677804
751.1666666666666,0.0006934425372633687
751.25,0.0007331150115227258
751.3333333333333,0.0006460213885993972
751.4166666666666,0.0009355530318184677
751.5,0.0013142287734858207
751.5833333333333,0.0011730117151345445
751.6666666666666,0.0008232723828598561
751.75,0.0002520656606220482
751.8333333333333,0.00027403864864194
751.9166666666666,0.0002372103808099616
752.0,0.00031536542361340153
752.0833333333333,0.0003275293748539608
752.1666666666666,0.0007371872221439614
752.25,0.000939257221617405
752.3333333333333,0.0003303783961656511
752.4166666666666,0.00020942567023957866
752.5,0.0003028161358373961
752.5833333333333,0.00024503530777145595
752.6666666666666,0.00048500062446459865
752.75,0.0007761727963605453
752.8333333333333,0.0006051529082405098
752.9166666666666,0.00016952787086874682
753.0,0.00033154036558380104
753.0833333333333,0.00032113912101327244
753.1666666666666,0.00045590459624032196
753.25,0.0005091428477461727
753.3333333333333,0.0008340517931573527
753.4166666666666,0.0008805758859993771
753.5,0.0007976881612793014
753.5833333333333,0.0008046617192222706
753.6666666666666,0.0006740870280225841
753.75,0.0010668192906299956
753.8333333333333,0.0012019134028751364
753.9166666666666,0.0008014935217325431
754.0,0.0012112907787962424
754.0833333333333,0.0011112893165798434
754.1666666666666,0.0004219285723147693
754.25,0.0002369479666185726
754.3333333333333,0.00030686276341630807
754.4166666666666,0.00012795237285235785
754.5,0.0004083202306630266
754.5833333333333,0.0005490553424603408
754.6666666666666,0.0003417971267912482
754.75,0.0003248110570112611
754.8333333333333,0.0005834278024035264
754.9166666666666,0.0006681020265109167
755.0,0.0005280345715202878
755.0833333333333,0.00044530098085606204
755.1666666666666,0.00023965259487093122
755.25,0.0004231871343275604
755.3333333333333,0.00018250032901007563
755.4166666666666,0.0005486864831389697
755.5,0.0006256779786406902
755.5833333333333,8.076549833310943e-05
755.6666666666666,0.00033571436095866154
755.75,0.0009075614341586116
755.8333333333333,0.0007776035987386585
755.9166666666666,0.00027317982900199695
756.0,0.0003358264084620555
756.0833333333333,0.0007964379827182623
756.1666666666666,0.0007730373057705551
756.25,0.0003129560602833346
756.3333333333333,0.00017300699010645626
756.4166666666666,0.0005101770199558193
756.5,0.0007346892723582484
756.5833333333333,6.136559310888075e-05
756.6666666666666,0.0012318889334707408
756.75,0.0012317529583798692
756.8333333333333,0.000918333985993567
756.9166666666666,0.0010449008572740157
757.0,0.001135215199992968
757.0833333333333,0.0007437411185175123
757.1666666666666,0.0005541102945567821
757.25,0.0008113243936446696
757.3333333333333,0.0005184578178454779
757.4166666666666,0.0003677089367633774
757.5,0.0004452560188324733
757.5833333333333,0.0007718170081298327
757.6666666666666,0.0006466681468440718
757.75,0.0006174963502452503
757.8333333333333,0.001073591145359182
757.9166666666666,0.001525924141217451
758.0,0.0014111370827309126
758.0833333333333,0.000878961044841526
758.1666666666666,0.0008729026472130049
758.25,0.00039754481444553445
758.3333333333333,0.0004532807178090941
758.4166666666666,0.0007594216211169587
758.5,0.0003515484150589192
758.5833333333333,0.000328290039786169
758.6666666666666,0.0004217172976917883
758.75,0.00013783536353344488
758.8333333333333,0.000690502962618778
758.9166666666666,0.000667829184469239
759.0,0.0006175424363185418
759.0833333333333,0.0008214365623338117
759.1666666666666,0.0009631056133731051
759.25,0.001031618101467624
759.3333333333333,0.0007312497999023902
759.4166666666666,0.00027913526626412004
759.5,0.0005836060664806105
759.5833333333333,0.00033568651204743106
759.6666666666666,0.0009776470522677686
759.75,0.0005236914836102605
759.8333333333333,0.0003526526181261841
759.9166666666666,0.0003805024129144234
760.0,0.00016166257439699725
760.0833333333333,0.00022886310886198645
760.1666666666666,0.0005274995599827567
760.25,0.001394782651118195
760.3333333333333,0.0005087173270509233
760.4166666666666,0.000747296798420402
760.5,0.0008859480825007579
760.5833333333333,0.0005183020210748748
760.6666666666666,0.00010642391634854475
760.75,0.00012413020135861166
760.8333333333333,0.0006669816810937315
760.9166666666666,0.000841772413928963
761.0,0.00043720233002014964
761.0833333333333,0.00027473736007758596
761.1666666666666,0.0005184851945171317
761.25,0.00015901554748573988
761.3333333333333,0.000865248042906979
761.4166666666666,0.001130491782561394
761.5,0.000666420804924777
761.5833333333333,0.000887581822307441
761.6666666666666,0.0005795946001830051
761.75,0.00040163721765317987
761.8333333333333,0.00010809111117811454
761.9166666666666,0.0005803890698658538
762.0,0.0006929611288233105
762.0833333333333,0.0009770455782169586
762.1666666666666,0.00035140404380542683
762.25,0.0005061466675888144
762.3333333333333,0.0008041942634696005
762.4166666666666,0.0008172623598546581
762.5,0.0007790412798453181
762.5833333333333,0.0008781831283649725
762.6666666666666,0.0010513300215203416
762.75,0.0007339061632169814
762.8333333333333,0.0004264937508681161
762.9166666666666,0.0007356688233956668
763.0,0.0006731451815389835
763.0833333333333,0.00034555632908559255
763.1666666666666,0.0004323062122066578
763.25,0.0005321551827378702
763.3333333333333,0.0012112486468486155
763.4166666666666,0.001083850456071621
763.5,0.00048663957197011025
763.5833333333333,0.0002032669134424723
763.6666666666666,0.000409719081735214
763.75,0.00011639637168010182
763.8333333333333,0.0009075332522684211
763.9166666666666,0.0007578039142177159
764.0,0.0004678679510298999
764.0833333333333,0.0007206039799213766
764.1666666666666,0.001144175370342913
764.25,0.00040793795736099005
764.3333333333333,0.0005049505671501826
764.4166666666666,0.000738780465403545
764.5,0.0008134457609019514
764.5833333333333,0.0008100200895541007
764.6666666666666,0.0007834179168279249
764.75,0.0004834859221013178
764.8333333333333,0.00027763060684490973
764.9166666666666,0.00015849530766709024
765.0,0.0005023911906549722
765.0833333333333,0.0008751171698889105
765.1666666666666,0.0005157997283565042
765.25,0.000463953138103634
765.3333333333333,0.000726705636971553
765.4166666666666,0.00022198460809701685
765.5,0.00026233946755377857
765.5833333333333,0.0007995409877238629
765.6666666666666,0.0006604859594339028
765.75,0.000423236755236531
765.8333333333333,0.00047231655246421155
765.9166666666666,0.0003400638088963
766.0,0.0008714848662699181
766.0833333333333,0.0009610677371673354
766.1666666666666,0.001074263747109086
766.25,0.0004866575415865688
766.3333333333333,0.00032245523607841395
766.4166666666666,0.00025556028921441386
766.5,0.000537259187781155
766.5833333333333,0.0003242148887816424
766.6666666666666,0.00028776793153971085
766.75,0.0009303270714653516
766.8333333333333,0.0013334036286413626
766.9166666666666,0.0007986542924507239
767.0,0.0006930816487218218
767.0833333333333,0.0007835926272531977
767.1666666666666,0.0002477205831240692
767.25,0.00041427781718866185
767.3333333333333,0.00034088880566199824
767.4166666666666,0.00045960290438353554
767.5,0.0004135700123119808
767.5833333333333,0.0004539548535283384
767.6666666666666,0.0007169049558054081
767.75,0.0007548934571226459
767.8333333333333,0.0010502172099972561
767.9166666666666,0.0010090737777984223
768.0,0.0007661067375214472
768.0833333333333,0.0007677825056109225
768.1666666666666,0.000709323458026949
768.25,0.0009003485027797958
768.3333333333333,0.0008143222655690042
768.4166666666666,0.0007287003565748599
768.5,0.0008144673796836104
768.5833333333333,0.0006068832463175123
768.6666666666666,0.0007101564915778841
768.75,0.0010116586921728218
768.8333333333333,0.0009394370708051541
768.9166666666666,0.00033763321471567785
769.0,0.00014534567866022284
769.0833333333333,0.00021479487456069164
769.1666666666666,0.0003814933607290986
769.25,0.00011275435773292226
769.3333333333333,0.00028461427350589977
769.4166666666666,0.00025077217177533394
769.5,0.00045958773592075366
769.5833333333333,0.0008337308583976653
769.6666666666666,0.0007175524712614487
769.75,0.00014806178772822632
769.8333333333333,0.00023459756137284794
769.9166666666666,0.00015482389356835996
770.0,0.0003631150965397317
770.0833333333333,0.0007322558602994842
770.1666666666666,0.0003943544007536805
770.25,0.0009564714365509839
770.3333333333333,0.000520922047427121
770.4166666666666,0.00022016340986640067
770.5,0.0007087490346093547
770.5833333333333,0.0009000981668892504
770.6666666666666,0.00032819729316478023
770.75,0.0008498886771569524
770.8333333333333,0.0005965652743235848
770.9166666666666,0.00048812769971972323
771.0,0.0002774842336046867
771.0833333333333,0.00020486868761482638
771.1666666666666,0.0005594725563844577
771.25,0.0010319602135533225
771.3333333333333,0.00085590188389889
771.4166666666666,0.000790914336627187
771.5,0.0008114614818485962
771.5833333333333,0.0007302621484237804
771.6666666666666,0.00046370639135198433
771.75,0.0003336860312526282
771.8333333333333,0.00012782625498360855
771.9166666666666,0.00038030767889645395
772.0,0.0005172367732117938
772.0833333333333,0.00046052370997553074
772.1666666666666,0.00012502052647811782
772.25,0.00031230737589226637
772.3333333333333,0.0004274536466887976
772.4166666666666,0.0004405460937301722
772.5,0.0004003957245740072
772.5833333333333,0.0010297685089484467
772.6666666666666,0.0009016906980466539
772.75,0.00015108853825953193
772.8333333333333,9.660465197771076e-05
772.9166666666666,0.0007702818914495919
773.0,0.0006660964930725397
773.0833333333333,0.0004899937802096577
773.1666666666666,0.000169374890720709
773.25,0.00037396682373730644
773.3333333333333,0.0005347754365528162
773.4166666666666,0.0003774897537995172
773.5,0.0003966336661015628
773.5833333333333,0.0004822086144309142
773.6666666666666,0.00047271676309585694
773.75,0.0008357741094037168
773.8333333333333,0.0011471518164329528
773.9166666666666,0.0006301235106231971
774.0,0.0006269083988458935
774.0833333333333,0.0005560697889481594
774.1666666666666,0.0003029203706708586
774.25,0.0003635992394773117
774.3333333333333,0.0005630773794526478
774.4166666666666,0.00046786298348713455
774.5,0.0006038854705408924
774.5833333333333,0.0009521935273532333
774.6666666666666,0.0008857925640910649
774.75,0.0004907262956528371
774.8333333333333,0.0003776392229982623
774.9166666666666,0.0006071047279261083
775.0,0.0006144340296822678
775.0833333333333,0.00038648713790627795
775.1666666666666,0.0004113712102793519
775.25,0.00025216995934311596
775.3333333333333,0.0004014230743339704
775.4166666666666,0.0004825911104674453
775.5,0.0007420757486069131
775.5833333333333,0.0007145495206515896
775.6666666666666,0.0002572011021142674
775.75,0.00018045631688977414
775.8333333333333,0.0003269274140602076
775.9166666666666,0.0005434668153568357
776.0,0.00079257734531668
776.0833333333333,0.0008867644427831973
776.1666666666666,0.0005045171169692842
776.25,0.0006086711230975023
776.3333333333333,0.00044967316922295194
776.4166666666666,0.000432295919417812
776.5,0.0011011450688452227
776.5833333333333,0.0006774645191315013
776.6666666666666,0.00043536977613062674
776.75,0.0010434615089289123
776.8333333333333,0.0012338490272633628
776.9166666666666,0.0008674385110015264
777.0,0.000354555348460697
777.0833333333333,0.00032037249124424393
777.1666666666666,0.0003615233667234122
777.25,0.000481800500187342
777.3333333333333,0.0005484276451954359
777.4166666666666,0.000616917201814311
777.5,0.0001171462197623074
777.5833333333333,0.0006579558616157317
777.6666666666666,0.0004990716151422561
777.75,0.0001285484933266565
777.8333333333333,0.00020643834304807617
777.9166666666666,0.000887504108921093
778.0,0.0008225308235634247
778.0833333333333,0.00021357815977296002
778.1666666666666,0.00043766869266434434
778.25,0.0009213257746907614
778.3333333333333,0.0009800475576324944
778.4166666666666,0.0009246941168690171
778.5,0.000613131191593566
778.5833333333333,0.00042942568803720386
778.6666666666666,0.0004469999613859012
778.75,0.001025481959515918
778.8333333333333,0.0010679587625654825
778.9166666666666,0.0010678783369230866
779.0,0.0011695303669238993
779.0833333333333,0.00035262636431961786
779.1666666666666,0.0008218652925135653
779.25,0.00020582748813696537
779.3333333333333,0.0009247201124703133
779.4166666666666,0.0005022421822233522
779.5,0.0004206190807622997
779.5833333333333,0.000774283091667244
779.6666666666666,0.0009755312072242226
779.75,0.0006192257238293226
779.8333333333333,0.00038184186215060823
779.9166666666666,0.0005260376504856375
780.0,0.00034247079022314505
780.0833333333333,0.0002518439788117765
780.1666666666666,0.0003912678789031247
780.25,0.0005200979276617556
780.3333333333333,0.0005092090828251631
780.4166666666666,0.000192849042836767
780.5,0.0006164707610187053
780.5833333333333,0.000674256744596555
780.6666666666666,0.0006168132209897585
780.75,0.0007839062554686816
780.8333333333333,0.00044138266641225094
780.9166666666666,0.0004825530563995413
781.0,0.000420315289829097
781.0833333333333,0.000968484771381396
781.1666666666666,0.0006115858989465045
781.25,0.0005152838658944172
781.3333333333333,0.0007774043733119994
781.4166666666666,0.0005481186127310173
781.5,0.00015718967266492456
781.5833333333333,0.0002282175208059061
781.6666666666666,0.0001484731674583604
781.75,0.000276696334726737
781.8333333333333,0.00011239531984502707
781.9166666666666,0.0006128914301371845
782.0,0.0005615250665419816
782.0833333333333,0.000494676676692221
782.1666666666666,0.0006508405565978492
782.25,0.0003977132714838216
782.3333333333333,0.0006227002208322191
782.4166666666666,0.0011601086455643233
782.5,0.0010994283985497014
782.5833333333333,0.00048586314288739366
782.6666666666666,0.0002965448289596539
782.75,0.0006504685827161339
782.8333333333333,0.0010393081990964156
782.9166666666666,0.0007835472420375029
783.0,0.0005453126589486153
783.0833333333333,0.0009747543022908296
783.1666666666666,0.0012289069736201657
783.25,0.0009009353305326252
783.3333333333333,0.0002777190194300212
783.4166666666666,0.00020090079550297686
783.5,0.00030110568738679773
783.5833333333333,0.00022378952944545808
783.6666666666666,0.0003836079513882595
783.75,0.0006581681044088775
783.8333333333333,0.0005609575728630756
783.9166666666666,0.0009120483232690476
784.0,0.0006792279415294086
784.0833333333333,0.00020006247709912527
784.1666666666666,0.0004976519262923797
784.25,0.00035914337801277855
784.3333333333333,0.0004843614436416036
784.4166666666666,0.0005516298744759187
784.5,0.0005254525221188118
784.5833333333333,0.0007977124319740882
784.6666666666666,0.0005442019026227733
784.75,0.0003923597009552217
784.8333333333333,0.00039713777207872077
784.9166666666666,0.0006319486563036354
785.0,0.0004669674201832379
785.0833333333333,0.00110190037333748
785.1666666666666,0.001024018706205629
785.25,0.0006327783319320477
785.3333333333333,0.00027852671087257274
785.4166666666666,0.00015658168280811098
785.5,0.00028523185508505695
785.5833333333333,0.0010010389413709854
785.6666666666666,0.001539617033303433
785.75,0.001292057116142685
785.8333333333333,0.0011042141996207822
785.9166666666666,0.000840736538189692
786.0,0.0006684962619147749
786.0833333333333,0.000541034415067049
786.1666666666666,0.0007785522434130712
786.25,0.00020884594012141657
786.3333333333333,0.0008335101176994643
786.4166666666666,0.000469809770375813
786.5,0.000482509116444968
786.5833333333333,7.069203029048568e-05
786.6666666666666,0.00032303463148083023
786.75,0.0005391016364839996
786.8333333333333,0.001175594597750526
786.9166666666666,0.0010514378738995219
787.0,0.00031243239988931135
787.0833333333333,0.0002971324132838904
787.1666666666666,0.0001595940736301588
787.25,0.0005137356314748289
787.3333333333333,0.0005201944875792271
787.4166666666666,0.0001796750416618237
787.5,3.623972594550886e-05
787.5833333333333,0.00012890112670720842
787.6666666666666,0.00031851756535433083
787.75,0.0006044730920309495
787.8333333333333,0.0003913922332376899
787.9166666666666,0.0005230311851677897
788.0,0.0008426286668696156
788.0833333333333,0.00040511932362145484
788.1666666666666,0.0006587764292483345
788.25,0.0008672231430801899
788.3333333333333,0.0005953983044707858
788.4166666666666,0.0004202290919651144
788.5,0.0009091461476238736
788.5833333333333,0.000790307866889437
788.6666666666666,0.00038958770814803386
788.75,6.117719764394894e-05
788.8333333333333,0.0002489087147362899
788.9166666666666,0.000892764708849615
789.0,0.000630457465200076
789.0833333333333,0.0006180720047961536
789.1666666666666,0.00048182724326721084
789.25,0.000876603525525015
789.3333333333333,0.0008929573545754484
789.4166666666666,0.0007896927385993963
789.5,0.00040928186777421945
789.5833333333333,0.0004542452869457328
789.6666666666666,0.0005605364349516234
789.75,0.001190682405864378
789.8333333333333,0.0009336425343464609
789.9166666666666,0.0005640833584981017
790.0,0.00041196727460961685
790.0833333333333,0.0005307741687487686
790.1666666666666,0.0006545898295627934
790.25,0.0004198553876965024
790.3333333333333,0.0003415885290077598
790.4166666666666,0.0004102100272977521
790.5,0.00028228551831812547
790.5833333333333,0.0009340016841419277
790.6666666666666,0.0012081156769321616
790.75,0.0008103368944746434
790.8333333333333,0.0002821300329472096
790.9166666666666,0.00045272250209325984
791.0,0.0010599192641112215
791.0833333333333,0.0012236063607982824
791.1666666666666,0.0006027933242221472
791.25,0.00039740836308401275
791.3333333333333,0.0005177962045104985
791.4166666666666,0.0008763343818971858
791.5,0.0007616594042425089
791.5833333333333,0.00032248346872857015
791.6666666666666,0.0005399947913879099
791.75,0.0001350524791987697
791.8333333333333,0.00021446885320443017
791.9166666666666,0.0005231382440728
792.0,0.0010828050339412513
792.0833333333333,0.0007308438869043759
792.1666666666666,0.0005723354260734532
792.25,0.0006862341911818421
792.3333333333333,0.0010604318860890165
792.4166666666666,0.0012991332928750136
792.5,0.0003930253177026307
792.5833333333333,0.0003856912532627222
792.6666666666666,9.480713738823901e-05
792.75,0.00044328293578209973
792.8333333333333,0.0005284757852012662
792.9166666666666,0.000946776656277854
793.0,0.0008754283508612345
793.0833333333333,0.0005908242998886042
793.1666666666666,0.0008236097507062832
793.25,0.0006532581394632193
793.3333333333333,0.0007785435425257953
793.4166666666666,0.00025905958707043406
793.5,0.00015623224379843808
793.5833333333333,0.000674519895308755
793.6666666666666,0.00077005437631362
793.75,0.0005134796262916516
793.8333333333333,0.0005710481297181288
793.9166666666666,0.0008529957900312393
794.0,0.0011933423117615233
794.0833333333333,0.0011658854077907128
794.1666666666666,0.0007730943162065963
794.25,0.00038480696415788045
794.3333333333333,0.0006075555199404856
794.4166666666666,0.0008587071755017668
794.5,0.0006876654146490254
794.5833333333333,0.0006632437146130037
794.6666666666666,0.0004376181764910991
794.75,0.00015705541901174508
794.8333333333333,0.0008843324258765302
794.9166666666666,0.0008829287040108685
795.0,0.0004470226982037822
795.0833333333333,0.0006040483171891025
795.1666666666666,0.0005488199020306292
795.25,0.0008959960615060108
795.3333333333333,0.0006907147482510318
795.4166666666666,0.0002349769787450665
795.5,0.00041421976145250366
795.5833333333333,0.0006778083895510902
795.6666666666666,0.0010085651820288977
795.75,0.0003575773641970591
795.8333333333333,0.00039813884828979933
795.9166666666666,0.0004646259203288476
796.0,0.0011998904769886202
796.0833333333333,0.0010729541881898236
796.1666666666666,0.00032125277799650273
796.25,0.00039528115538687436
796.3333333333333,0.0003400900790486358
796.4166666666666,0.0004595014287406104
796.5,0.00026935286145231534
796.5833333333333,0.0005608318618381692
796.6666666666666,0.000250680768738947
796.75,0.00044605306262158974
796.8333333333333,0.0006699207461711747
796.9166666666666,0.0006564154419923673
797.0,0.0008623421009956635
797.0833333333333,0.0012307847259530197
797.1666666666666,0.0006315504241054999
797.25,0.0002548475160082691
797.3333333333333,0.0004436933696604511
797.4166666666666,0.00041797458655971366
797.5,0.0004130141410525585
797.5833333333333,0.0006099595871589394
797.6666666666666,0.00038728186702250545
797.75,0.0007766023479443803
797.8333333333333,0.0006578712964097664
797.9166666666666,0.0002539034870322893
798.0,0.0010409011517841789
798.0833333333333,0.00108176391809015
798.1666666666666,0.000523502215905376
798.25,0.0005714959828980497
798.3333333333333,0.0005205202845835795
798.4166666666666,0.00044300817191536334
798.5,0.0004444167497563444
798.5833333333333,0.00033623026116713227
798.6666666666666,0.0007180977821992527
798.75,0.0005006796619758998
798.8333333333333,7.263966900352976e-05
798.9166666666666,0.0006642354985818749
799.0,0.0007710510020834059
799.0833333333333,0.0002660100973651511
799.1666666666666,0.0006707035797630099
799.25,0.0009610214287373453
799.3333333333333,0.001005155911852492
799.4166666666666,0.00031015109746050396
799.5,0.0004207884008464693
799.5833333333333,0.0002237961214052747
799.6666666666666,0.0006352086371064368
799.75,0.0005682611497338167
799.8333333333333,0.0004820742815912466
799.9166666666666,0.0006544508599962584
800.0,0.0005451759495523311
800.0833333333333,0.0004404458147249397
800.1666666666666,4.2716790942174185e-05
800.25,0.00029180432837553694
800.3333333333333,0.00030286160190131186
800.4166666666666,0.0006023766212642089
800.5,0.0001316738857504271
800.5833333333333,0.0006281332185842475
800.6666666666666,0.0003152721949327077
800.75,0.0002100482674946968
800.8333333333333,0.0009102383923230137
800.9166666666666,0.0012396306395122817
801.0,0.000911890656032042
801.0833333333333,0.00040013121852264374
801.1666666666666,0.0002732235530503953
801.25,5.302331236691456e-05
801.3333333333333,0.000366185310464745
801.4166666666666,0.0004720531005606561
801.5,0.0009408008706368237
801.5833333333333,0.0008925154702209184
801.6666666666666,0.0008461834264428383
801.75,0.0005823423209949737
801.8333333333333,0.00040108906337772357
801.9166666666666,0.0007515506881481019
802.0,0.0003557500963095593
802.0833333333333,0.000164080155366598
802.1666666666666,0.0003347024809070515
802.25,0.00040151879440283856
802.3333333333333,0.00011231916419848102
802.4166666666666,0.0002967615928493407
802.5,0.0005605917509661409
802.5833333333333,0.0002428385227939379
802.6666666666666,0.00022306503703802233
802.75,0.00041774154817965457
802.8333333333333,0.00033007061610499126
802.9166666666666,0.00043213569076745343
803.0,0.00020594276104399266
803.0833333333333,0.00033040317772878026
803.1666666666666,0.00045504390309925594
803.25,0.0008527967414319289
803.3333333333333,0.0007650401356960784
803.4166666666666,0.0004138910365512624
803.5,0.00040657000711285927
803.5833333333333,0.00017167243558706714
803.6666666666666,0.0008882037450892069
803.75,0.0006008595271959918
803.8333333333333,0.0002547009267447241
803.9166666666666,0.0012971064989210244
804.0,0.001549462641580018
804.0833333333333,0.000954753077233157
804.1666666666666,0.0004006820949782501
804.25,0.00036277088985417185
804.3333333333333,0.0006417915808325291
804.4166666666666,0.00041582206009531066
804.5,0.00029826170852966893
804.5833333333333,0.0005936404353303895
804.6666666666666,0.0003707338468591572
804.75,0.0005526423783747256
804.8333333333333,0.0007408688727350288
804.9166666666666,0.0007506165513753631
805.0,0.0007351109718759235
805.0833333333333,0.00044847714306682116
805.1666666666666,0.0004760349379449298
805.25,0.0007140327422483139
805.3333333333333,0.00015031803489229089
805.4166666666666,0.0005773460424146617
805.5,0.0006251437128999289
805.5833333333333,0.0007294464210272409
805.6666666666666,0.0005607873368232535
805.75,0.000660856038695182
805.8333333333333,0.0012092375706539709
805.9166666666666,0.0009305267751878614
806.0,0.0007998993089290993
806.0833333333333,0.0007418644382807012
806.1666666666666,0.00031098946451496486
806.25,0.0008776254726425118
806.3333333333333,0.0005636975235493412
806.4166666666666,0.000256232021821955
806.5,0.0005028031459114085
806.5833333333333,0.0006903772684399319
806.6666666666666,0.0004555138548568095
806.75,0.0006041816585998452
806.8333333333333,0.000717420116301141
806.9166666666666,0.0005915542147918438
807.0,0.0013394175541984975
807.0833333333333,0.0013109037592750699
807.1666666666666,0.0010184460820478695
807.25,0.0011910541853379431
807.3333333333333,0.0008595057316182266
807.4166666666666,0.00041331561029629824
807.5,0.00029904650191310745
807.5833333333333,0.0011589572236250048
807.6666666666666,0.0010737734062632167
807.75,0.00020153951382258776
807.8333333333333,0.0007638647497616478
807.9166666666666,0.0006288935714348683
808.0,0.0004822561220479205
808.0833333333333,0.0005449013189508984
808.1666666666666,0.0005934664743280409
808.25,0.0006427806035829925
808.3333333333333,0.0002994903213897559
808.4166666666666,0.00042452376926412105
808.5,0.00017199921465962923
808.5833333333333,0.0005009883453517323
808.6666666666666,0.0002940827016639812
808.75,0.0009953238302656709
808.8333333333333,0.0007569385124415599
808.9166666666666,0.0005300735171680672
809.0,0.000862468469449929
809.0833333333333,0.00045857542256531013
809.1666666666666,0.00027259355366670847
809.25,0.0005128911989290815
809.3333333333333,0.0012365828712173601
809.4166666666666,0.0009742495952726435
809.5,4.493221647558735e-05
809.5833333333333,0.0005455428267090265
809.6666666666666,0.000746545270813618
809.75,0.0006235135490266065
809.8333333333333,0.00029683787450429384
809.9166666666666,0.0006932581517507087
810.0,0.0004357296685181338
810.0833333333333,0.0001923846165917984
810.1666666666666,0.0001344242802899413
810.25,0.00013789014059586578
810.3333333333333,0.0002806314986566663
810.4166666666666,0.000175434129773256
810.5,0.0002152554206351451
810.5833333333333,0.0005196383260155292
810.6666666666666,0.0006168870796306713
810.75,0.0002739470279552087
810.8333333333333,0.0003076646262020581
810.9166666666666,0.0006118989898686339
811.0,0.0010408335448120133
811.0833333333333,0.000654098219912035
811.1666666666666,0.0004147253783884082
811.25,0.00018372488659478933
811.3333333333333,0.0007110956199812668
811.4166666666666,0.001049529738815435
811.5,0.0007854889668428615
811.5833333333333,0.0005552009951163639
811.6666666666666,0.0005058102984256163
811.75,0.0005950088477430514
811.8333333333333,0.0008050884849538336
811.9166666666666,0.00024535956948528223
812.0,0.0009811258317070594
812.0833333333333,0.0012094072843782749
812.1666666666666,0.0003089649483754969
812.25,0.0003090325581852727
812.3333333333333,0.0006976018661767317
812.4166666666666,0.0006291028142653417
812.5,0.0004960215728501162
812.5833333333333,0.0002491766847142347
812.6666666666666,0.00046471338540872534
812.75,0.0007062257925808496
812.8333333333333,0.0006947991160226549
812.9166666666666,0.0004686617825585094
813.0,0.0009843127433846095
813.0833333333333,0.0009196250060649647
813.1666666666666,0.0007342955675542476
813.25,0.0003103891051268676
813.3333333333333,0.0008005099189969323
813.4166666666666,0.0015284726917733857
813.5,0.0013223493139924568
813.5833333333333,0.000691311231276504
813.6666666666666,0.0005228582383906417
813.75,0.000532633354196715
813.8333333333333,0.0005108597495598194
813.9166666666666,0.0008241871549646924
814.0,0.0009247270249625906
814.0833333333333,0.0004270392271998622
814.1666666666666,0.00047791850393967447
814.25,0.0006224970792811985
814.3333333333333,0.0005193814219262286
814.4166666666666,0.00040257695114285705
814.5,0.0006104338901576577
814.5833333333333,0.0003293522325693612
814.6666666666666,0.0009367326300749957
814.75,0.0004223149408929999
814.8333333333333,0.0001097244522413709
814.9166666666666,0.0004049502654535119
815.0,0.0005736319105818631
815.0833333333333,8.71219741431767e-05
815.1666666666666,0.00029113054221810533
815.25,0.0007118674843196243
815.3333333333333,0.0002886338792670474
815.4166666666666,0.00017109591444093792
815.5,0.00020535349739666083
815.5833333333333,0.0006354476795325478
815.6666666666666,0.0008708950317136363
815.75,0.000264206102421776
815.8333333333333,0.0003522129971890341
815.9166666666666,0.0002621490649331384
816.0,4.078927353177851e-05
816.0833333333333,0.0006887233709496497
816.1666666666666,0.000937574168456143
816.25,0.0006093490405105155
816.3333333333333,0.0008062259477162647
816.4166666666666,0.0008706086202770293
816.5,0.0005279081753221285
816.5833333333333,0.0002769355891571712
816.6666666666666,0.0008534486000904405
816.75,0.00046918143791747257
816.8333333333333,0.0004291862296366734
816.9166666666666,0.00045677275105766326
817.0,0.0005552267872403817
817.0833333333333,0.0002013247388199423
817.1666666666666,0.00044628441801205083
817.25,0.0008690210197251635
817.3333333333333,0.0007759894953689829
817.4166666666666,0.00038669918619776224
817.5,0.00045295761974672923
817.5833333333333,0.000893385355659716
817.6666666666666,0.001074766630990346
817.75,0.0008929040660088499
817.8333333333333,0.0005489670171417912
817.9166666666666,0.0007501541021369528
818.0,0.00029079431390729434
818.0833333333333,9.752487629923398e-05
818.1666666666666,0.0004171122394722528
818.25,0.000930568526308817
818.3333333333333,0.0006777198541362411
818.4166666666666,0.0003017177032542293
818.5,0.00017424911441035716
818.5833333333333,0.0006710705438979022
818.6666666666666,0.00056094318105054
818.75,0.0005031493055231276
818.8333333333333,0.0006792516641031
818.9166666666666,0.00014530867833090414
819.0,0.00031926701591317977
819.0833333333333,0.0003321443453011078
819.1666666666666,0.0003137241498482683
819.25,0.0007903062059554764
819.3333333333333,0.0006240877972616007
819.4166666666666,0.00020314578659657445
819.5,0.00031460309206750477
819.5833333333333,0.00023053624322174043
819.6666666666666,0.00022358447264588595
819.75,0.0002425648109465143
819.8333333333333,0.0003437089942924247
819.9166666666666,0.00035236883924301155
820.0,0.0003511350616394597
820.0833333333333,0.0007188866022327824
820.1666666666666,0.0009199727005483653
820.25,0.000657672612601565
820.3333333333333,0.000530097754155864
820.4166666666666,0.00032908592673757753
820.5,0.00015053248293311254
820.5833333333333,0.0004142915844779943
820.6666666666666,0.00037572522327806453
820.75,4.7062984226965185e-05
820.8333333333333,0.00044539156503702
820.9166666666666,0.0007858259793189706
821.0,0.0008275760584471097
821.0833333333333,0.0003639831096920615
821.1666666666666,0.0004628135968124909
821.25,0.00013727890359998334
821.3333333333333,0.0007906276974281945
821.4166666666666,0.0008690182408196262
821.5,0.001176862617909334
821.5833333333333,0.001071988527714485
821.6666666666666,0.00030568322744369724
821.75,0.0006115968240776696
821.8333333333333,0.0005726901929530774
821.9166666666666,0.000587764268192803
822.0,0.0004281189808087558
822.0833333333333,0.00047623114413290226
822.1666666666666,0.00027785409928121526
822.25,0.00024280587338390157
822.3333333333333,0.0003359611490215487
822.4166666666666,0.00022609816063916415
822.5,0.0006187373899670097
822.5833333333333,0.001084764977072539
822.6666666666666,0.0010439193474905473
822.75,0.0006775795855861578
822.8333333333333,0.0004265194818945443
822.9166666666666,0.000276212240199744
823.0,0.0006165344271011178
823.0833333333333,0.0004600167501387339
823.1666666666666,0.00015997853769529423
823.25,0.0006414313503409847
823.3333333333333,0.001346921904448477
823.4166666666666,0.0012710294449736136
823.5,0.0005421777975742098
823.5833333333333,0.00040152818800049897
823.6666666666666,0.0006210974379299915
823.75,0.00030589927899553684
823.8333333333333,0.0006431602456490164
823.9166666666666,0.0006248563604931028
824.0,0.00023757779645346798
824.0833333333333,0.0004526951796236913
824.1666666666666,0.00019459938344798688
824.25,0.0006499063785546527
824.3333333333333,0.000416341481735186
824.4166666666666,0.0003132759114172639
824.5,0.0003579930583951147
824.5833333333333,0.0004856103079615178
824.6666666666666,0.0004973870566739562
824.75,0.0001877340901063351
824.8333333333333,0.001124868352850912
824.9166666666666,0.0013049903753473838
825.0,0.000972572687512255
825.0833333333333,0.0006666602409766178
825.1666666666666,0.00045133797151837763
825.25,0.00047034372026859956
825.3333333333333,0.00030513740111424385
825.4166666666666,0.0007834615521084798
825.5,0.0013850938042549617
825.5833333333333,0.001218297575955855
825.6666666666666,0.0005992450680503533
825.75,0.0006122373037519261
825.8333333333333,0.0009887460209303022
825.9166666666666,0.0007689929203924439
826.0,0.0003028019549652275
826.0833333333333,0.00023922406192021433
826.1666666666666,0.0005093653701500427
826.25,0.0009227001547118794
826.3333333333333,0.0006792372697337572
826.4166666666666,0.0003279121844449979
826.5,0.00037332578446733927
826.5833333333333,0.00026904059603081245
826.6666666666666,0.0006907664606566241
826.75,0.00044877376046174026
826.8333333333333,0.0009138544810926237
826.9166666666666,0.0009699864655053621
827.0,0.000756155264031385
827.0833333333333,0.00048871299898905
827.1666666666666,0.0012452328432626726
827.25,0.0005126187104190047
827.3333333333333,0.0005913615231942087
827.4166666666666,0.0005632712229517103
827.5,0.00048107381997826947
827.5833333333333,0.00030851283405702336
827.6666666666666,0.000722384549472334
827.75,0.0009124739589540375
827.8333333333333,0.0007499890072266678
827.9166666666666,0.0009582286756899228
828.0,0.0005978736021186768
828.0833333333333,2.4961581632690795e-05
828.1666666666666,0.0005255865125512217
828.25,0.000736552455338145
828.3333333333333,0.00010741607805298588
828.4166666666666,0.00033475776375222025
828.5,0.0005527053940672305
828.5833333333333,0.001090678617002623
828.6666666666666,0.0012911630065571857
828.75,0.0009203261127481231
828.8333333333333,0.0009198425784442624
828.9166666666666,0.0008749565758633562
829.0,0.0004591899561688997
829.0833333333333,0.00023496717976189882
829.1666666666666,0.00040563101427226105
829.25,0.001154022740680749
829.3333333333333,0.000940608501023195
829.4166666666666,0.0002780388192044839
829.5,0.0009214238734422999
829.5833333333333,0.0010845883661875998
829.6666666666666,0.0009252003335911897
829.75,0.0008805219013601907
829.8333333333333,0.0003092928075820254
829.9166666666666,0.0004679155573021308
830.0,0.0006378065608175621
830.0833333333333,0.0004400099553159717
830.1666666666666,0.0006357447619234362
830.25,0.0007808046411516898
830.3333333333333,0.0005200979156064975
830.4166666666666,0.0004106103432891148
830.5,0.0004886092338561384
830.5833333333333,0.0004968133057362109
830.6666666666666,0.00038288823998017577
830.75,0.0005708445937906537
830.8333333333333,0.0007178818159234769
830.9166666666666,0.0005998538396081235
831.0,0.00020426941327764876
831.0833333333333,0.00022206999865369945
831.1666666666666,0.00023746914406309088
831.25,0.0004602605653197515
831.3333333333333,0.000681388737743934
831.4166666666666,0.0007426005610404697
831.5,0.0008613200089490843
831.5833333333333,0.0005323260461209148
831.6666666666666,0.00015934634386856908
831.75,8.455893960045605e-05
831.8333333333333,0.00023787871004410133
831.9166666666666,0.0007269740048709707
832.0,0.0006215586912082595
832.0833333333333,0.0005608739907509381
832.1666666666666,0.0008044920213945731
832.25,0.0008415308091468862
832.3333333333333,0.001232461434150617
832.4166666666666,0.0006747263629479211
832.5,0.0006022868345693433
832.5833333333333,0.0010399574974309183
832.6666666666666,0.0005702115843503883
832.75,0.0004899945319944373
832.8333333333333,0.0006383132944689179
832.9166666666666,0.0008081532870246071
833.0,0.0006920735829748143
833.0833333333333,0.0004806751675685429
833.1666666666666,0.0005640741598247105
833.25,0.0003990549637608111
833.3333333333333,0.00010987715550340868
833.4166666666666,0.00019511200436079566
833.5,0.00048765268787958395
833.5833333333333,0.0007238162779249351
833.6666666666666,0.0007319569642854346
833.75,0.0007287877933769757
833.8333333333333,0.0007409132064971058
833.9166666666666,0.0005983022187314817
834.0,0.00017891740695037773
834.0833333333333,0.00023119396079585578
834.1666666666666,9.95992938453072e-05
834.25,0.00017207624967876674
834.3333333333333,0.00046001369263252675
834.4166666666666,0.0005123012099027482
834.5,0.0005164284939102042
834.5833333333333,0.0006342903500321462
834.6666666666666,0.0006287552283827448
834.75,0.0002435353095593189
834.8333333333333,0.0005490777212685304
834.9166666666666,0.001352595639090563
835.0,0.0011971776527637873
835.0833333333333,0.0006850234851271228
835.1666666666666,0.0008782799024242094
835.25,0.0005147015545421259
835.3333333333333,0.0006866387223152678
835.4166666666666,0.0008807610492324153
835.5,0.0003447678195450197
835.5833333333333,0.000512927206243328
835.6666666666666,0.0002410400441188654
835.75,0.000744672118489275
835.8333333333333,0.0007381343462195613
835.9166666666666,0.00036105529058076273
836.0,0.00077411874853209
836.0833333333333,0.0010475372621107867
836.1666666666666,0.0005630594350715396
836.25,0.0005004060829927028
836.3333333333333,6.384671983172192e-05
836.4166666666666,0.000620503620082658
836.5,0.00041356553263967885
836.5833333333333,0.001104563872216553
836.6666666666666,0.0012892485704693033
836.75,0.0008182020492853833
836.8333333333333,0.0003307302859323678
836.9166666666666,9.281949207018689e-05
837.0,0.0001419871458520991
837.0833333333333,0.0001507895132910347
837.1666666666666,0.00030331699534642744
837.25,0.0005027066718877667
837.3333333333333,0.0001874165544095029
837.4166666666666,0.0005214601958016044
837.5,0.0005603411577293622
837.5833333333333,0.0004319726454705874
837.6666666666666,0.0001397110716327685
837.75,0.0003519267236535759
837.8333333333333,0.0005951396661878102
837.9166666666666,0.0011220738149621517
838.0,0.000867663212599326
838.0833333333333,0.0003076850730270989
838.1666666666666,0.0005290775333066469
838.25,0.00023602212242633584
838.3333333333333,0.0004015971877129026
838.4166666666666,0.0008234243898430291
838.5,0.0006119935270230871
838.5833333333333,0.000466763197664916
838.6666666666666,0.0005813702727932964
838.75,0.0005537443563763239
838.8333333333333,0.0006722220749240453
838.9166666666666,0.0005568583073452448
839.0,0.0004906355139973847
839.0833333333333,0.0005714673650461905
839.1666666666666,0.0006379577055497417
839.25,0.000247691823190484
839.3333333333333,0.0003684527539008912
839.4166666666666,0.0003025715116673801
839.5,0.0005126525772917992
839.5833333333333,0.0007579285365535381
839.6666666666666,0.0005870818311886655
839.75,0.0006099356629580923
839.8333333333333,0.00029302407153858996
839.9166666666666,0.0001777980385511631
840.0,0.0002683730316522052
840.0833333333333,0.00029709099238237275
840.1666666666666,0.0008183940446222761
840.25,0.0010782870894162537
840.3333333333333,0.00065627766483787
840.4166666666666,0.00031620570603552655
840.5,0.0006132354720821355
840.5833333333333,0.0002700151328331263
840.6666666666666,0.0003176035915691213
840.75,0.0005867609949441565
840.8333333333333,0.001293327145234296
840.9166666666666,0.0005981035343098534
841.0,0.00030663073465500004
841.0833333333333,0.000328088949748976
841.1666666666666,0.0005836463668632322
841.25,0.0008974533240402286
841.3333333333333,0.0009715933059046371
841.4166666666666,0.0007118827966175771
841.5,0.001114537411492066
841.5833333333333,0.00035429903560477697
841.6666666666666,0.0007406422260427707
841.75,0.0009672187154320638
841.8333333333333,0.0007017128902404113
841.9166666666666,0.0005789049880865037
842.0,0.0002677140696896474
842.0833333333333,0.0006504986005304399
842.1666666666666,0.0011563522066099015
842.25,0.0010264533206273125
842.3333333333333,0.0007285204754642192
842.4166666666666,0.0004240580140150393
842.5,0.000472807101371135
842.5833333333333,0.0003319509897371878
842.6666666666666,0.0005163502905270199
842.75,0.0006840308162738911
842.8333333333333,0.0006693565257666528
842.9166666666666,0.0007561185340574108
843.0,0.0006444904851817913
843.0833333333333,0.00023350610233948777
843.1666666666666,0.00023147964451965066
843.25,0.00086689736565183
843.3333333333333,0.00071948025256642
843.4166666666666,0.0006532144143288217
843.5,0.0002170678247303619
843.5833333333333,0.0004126221443485067
843.6666666666666,0.00034483250358724026
843.75,0.00020149268222414241
843.8333333333333,0.00021274199291768794
843.9166666666666,0.0004961876276804808
844.0,0.0006828191278579623
844.0833333333333,0.0007829942879406602
844.1666666666666,0.000891163865028508
844.25,0.000420416674109791
844.3333333333333,0.0006116142170750123
844.4166666666666,0.00034609869427064995
844.5,0.0006829301639266185
844.5833333333333,0.0008874484603427828
844.6666666666666,0.0011357308688988179
844.75,0.0014205656036242924
844.8333333333333,0.0006557535414197241
844.9166666666666,0.00045235661828241637
845.0,0.00048529569693370514
845.0833333333333,0.00034343485477574833
845.1666666666666,0.0006177449378879063
845.25,0.0005473130153401247
845.3333333333333,0.001048471210044205
845.4166666666666,0.0010426720828929717
845.5,0.0005197511117027533
845.5833333333333,0.0003032531716915637
845.6666666666666,0.0008974776638463371
845.75,0.0010966807875030901
845.8333333333333,0.0005789155444911367
845.9166666666666,0.0006051303509487879
846.0,0.0006313296654937142
846.0833333333333,0.0007561627029956717
846.1666666666666,0.0008470232238397062
846.25,0.0011573771353272642
846.3333333333333,0.00043705992764411805
846.4166666666666,0.000654502835487424
846.5,0.0007873241801219694
846.5833333333333,0.00032530917263823923
846.6666666666666,7.980151606046371e-05
846.75,0.0002950814386082644
846.8333333333333,0.00026274960023932445
846.9166666666666,0.0006305123234977294
847.0,0.0008144266402953585
847.0833333333333,0.0006985443092292756
847.1666666666666,0.0008908907444420586
847.25,0.0006213517620224112
847.3333333333333,0.00010751645178288068
847.4166666666666,0.00010102779244701843
847.5,0.0002443942856655562
847.5833333333333,0.0003701520693493939
847.6666666666666,0.00030633382899992144
847.75,0.00039708355275839993
847.8333333333333,0.0002521430615672203
847.9166666666666,0.00030851501708950005
848.0,0.0009082950680820061
848.0833333333333,0.0011747479617082346
848.1666666666666,0.0008039825132019334
848.25,0.0003035257453562735
848.3333333333333,0.0003929816102608438
848.4166666666666,0.0007302183052409856
848.5,0.0004886979729453167
848.5833333333333,0.00034177015436873863
848.6666666666666,8.124978913463869e-05
848.75,0.0003470083346008934
848.8333333333333,0.0002085332842635465
848.9166666666666,0.00046890311090255874
849.0,0.0011662141564908236
849.0833333333333,0.0005839445939232143
849.1666666666666,0.0005896173899193998
849.25,0.00027669187962440936
849.3333333333333,0.0004292331483165824
849.4166666666666,0.0003626408121559396
849.5,0.00010618296574574797
849.5833333333333,0.00032408910271925016
849.6666666666666,0.0002012148902051105
849.75,0.00035811811488014217
849.8333333333333,0.0002567835699529489
849.9166666666666,0.00034297750380727135
850.0,0.0005896575441779439
850.0833333333333,0.0003999990108703936
850.1666666666666,0.00038208262229861455
850.25,0.0006024395329347538
850.3333333333333,0.00023032329962099788
850.4166666666666,0.0004819669851572562
850.5,0.001056719405157165
850.5833333333333,0.000912948581159914
850.6666666666666,0.0003478389112580576
850.75,0.0003778298639239467
850.8333333333333,0.0008248353448818122
850.9166666666666,0.0007513010873110336
851.0,0.000575791126569209
851.0833333333333,0.0010836279502845516
851.1666666666666,0.0013841689309552927
851.25,0.00043519638217738165
851.3333333333333,0.0005204473926819869
851.4166666666666,0.0005547189652241416
851.5,0.00025051384487493694
851.5833333333333,0.0006133522756759373
851.6666666666666,0.0010040368654391327
851.75,0.0006759190767989646
851.8333333333333,0.0004156591060585103
851.9166666666666,0.0003264564326952203
852.0,0.0003046677546643822
852.0833333333333,0.0005134707171118405
852.1666666666666,0.0004336600263904917
852.25,0.0007057936711494968
852.3333333333333,0.0009795290654145514
852.4166666666666,0.0005035627505525025
852.5,0.0007153983987537095
852.5833333333333,0.0008251415028725891
852.6666666666666,0.0005812481295038853
852.75,0.0010675512865502177
852.8333333333333,0.0009549675826558257
852.9166666666666,0.0009411007191879097
853.0,0.0007302937130882483
853.0833333333333,0.0002348100565387491
853.1666666666666,0.0007995601566028106
853.25,0.0008848432174390596
853.3333333333333,0.0008932769674593398
853.4166666666666,0.0006876660993513467
853.5,0.000457349541764718
853.5833333333333,0.0005689639119492284
853.6666666666666,0.0010329561737546795
853.75,0.0008703822321979177
853.8333333333333,0.0006948242573290636
853.9166666666666,0.00029641735619346745
854.0,0.00043310024610632007
854.0833333333333,0.00045493737280702113
854.1666666666666,0.000363472312777068
854.25,0.0006294817867041817
854.3333333333333,0.0005988362849694629
854.4166666666666,0.0005394324158440129
854.5,0.0004546144553128157
854.5833333333333,0.0010005273063922505
854.6666666666666,0.0007563425570660959
854.75,0.000992515754130398
854.8333333333333,0.001206826288515701
854.9166666666666,0.0006118943509566369
855.0,0.00010684327725767588
855.0833333333333,0.0005679720381813388
855.1666666666666,0.00032536464307452085
855.25,0.00021337220139850793
855.3333333333333,0.0006478156713833234
855.4166666666666,0.00025158698198217763
855.5,0.0005539206932099352
855.5833333333333,0.0006117678643726127
855.6666666666666,0.0002696323482297842
855.75,0.0001306034924308731
855.8333333333333,0.0004259580157442017
855.9166666666666,0.00063580032657608
856.0,0.0004163763375588142
856.0833333333333,0.00018544292265886708
856.1666666666666,0.00027958356223961757
856.25,0.0005111909033952515
856.3333333333333,0.0008016510950032593
856.4166666666666,0.0007315544488917249
856.5,0.0006239860537541227
856.5833333333333,0.0006539134169239085
856.6666666666666,0.000805898962162115
856.75,0.001130952251864081
856.8333333333333,0.0007413337689978425
856.9166666666666,0.0005214632456176011
857.0,0.0005184043553727403
857.0833333333333,0.0005545693930487658
857.1666666666666,0.000533078900096808
857.25,0.0009362620327215428
857.3333333333333,0.0007225948721657098
857.4166666666666,0.0013878243574067428
857.5,0.0007233528994960715
857.5833333333333,0.0003828513753138234
857.6666666666666,0.0007259719203789475
857.75,0.0006454319723397431
857.8333333333333,0.0003540507418460951
857.9166666666666,8.004591706873838e-05
858.0,0.000666266852327594
858.0833333333333,0.0005724008677166987
858.1666666666666,0.00012095863643032787
858.25,6.325268197501888e-05
858.3333333333333,0.0002645548189267446
858.4166666666666,0.00014668641746771972
858.5,0.0005808930440500327
858.5833333333333,0.0006657516859316429
858.6666666666666,0.00034888844612873855
858.75,0.000616662054641517
858.8333333333333,0.0007264219723339794
858.9166666666666,0.00038292993184663263
859.0,0.0004479630394780816
859.0833333333333,0.0001938246580431886
859.1666666666666,0.0006546025244352079
859.25,0.0011005590777295059
859.3333333333333,0.0010094560174647947
859.4166666666666,0.00030883026421297974
859.5,0.0005695459049513517
859.5833333333333,0.00020520385237320627
859.6666666666666,0.0003105396205677227
859.75,0.00010134279933465922
859.8333333333333,0.00045927290988118026
859.9166666666666,0.0002318659320124015
860.0,0.0006375189267499663
860.0833333333333,0.0008913009493965835
860.1666666666666,0.0005960645775196999
860.25,0.0010343464861727037
860.3333333333333,0.0008821284727172887
860.4166666666666,0.0001350030384257134
860.5,0.0006184746584340278
860.5833333333333,0.0003408451805081879
860.6666666666666,0.0013379483808500245
860.75,0.0011862911621582522
860.8333333333333,0.0006383899449303227
860.9166666666666,0.0007440219748379213
861.0,0.0007885928184730284
861.0833333333333,0.0008481442018971031
861.1666666666666,0.0007674085371856753
861.25,0.0008549840277228269
861.3333333333333,0.0005003303397621745
861.4166666666666,0.00012893062731979477
861.5,0.0006876820860673684
861.5833333333333,0.0006351004134290774
861.6666666666666,0.000434456558615748
861.75,0.0007680548621535772
861.8333333333333,0.0008336793244407586
861.9166666666666,0.0008634987883046405
862.0,0.000976516268753074
862.0833333333333,0.0006614768646648915
862.1666666666666,0.00023643253196576277
862.25,0.0008778321647425991
862.3333333333333,0.0008990638794098109
862.4166666666666,0.00021947759751299125
862.5,0.0006397296901502179
862.5833333333333,0.0003938541181144624
862.6666666666666,0.00061921187941754
862.75,0.0009067815515217485
862.8333333333333,0.0009561408538885752
862.9166666666666,0.0005665657025044203
863.0,0.0009246050343770655
863.0833333333333,0.0010100771591535645
863.1666666666666,0.0007043726517365376
863.25,0.0008224525859732401
863.3333333333333,0.0006477895000809395
863.4166666666666,0.0005881951413305642
863.5,0.0010642555950490238
863.5833333333333,0.0006450095653286043
863.6666666666666,0.00012590814132316128
863.75,0.0009964058474583313
863.8333333333333,0.0013139100783940876
863.9166666666666,0.0009009972858701356
864.0,0.0006067654459385383
864.0833333333333,0.0005780793725267598
864.1666666666666,0.00023188845654208243
864.25,0.00017146115077761005
864.3333333333333,0.000728473874785849
864.4166666666666,0.000998972910055861
864.5,0.000927653921733943
864.5833333333333,0.0006708869033723923
864.6666666666666,0.000657517351503212
864.75,0.0010910525083488785
864.8333333333333,0.0008873986420646562
864.9166666666666,0.0003086749113278479
865.0,0.0001621125171760896
865.0833333333333,0.00015193639760666396
865.1666666666666,0.00020493423734993012
865.25,0.00024028433679562687
865.3333333333333,0.00032374603190659333
865.4166666666666,0.0008177611119099698
865.5,0.0011241685412190987
865.5833333333333,0.0006693841215335585
865.6666666666666,0.00027319931946729616
865.75,0.0004960458159111283
865.8333333333333,0.000307875218940115
865.9166666666666,0.00046257662248069565
866.0,0.0009637760045748814
866.0833333333333,0.0008674084438422056
866.1666666666666,0.0009933068592746315
866.25,0.00040435976802164863
866.3333333333333,0.000523442783402839
866.4166666666666,0.0007367653222065578
866.5,0.0005814213489506569
866.5833333333333,0.00047185775847350346
866.6666666666666,0.00031269789149961964
866.75,0.00014351310765143847
866.8333333333333,0.0005066719216644235
866.9166666666666,0.0003571082117027596
867.0,3.287282992445959e-05
867.0833333333333,0.0003579217908542859
867.1666666666666,0.0003380840079911809
867.25,0.0006548173592595658
867.3333333333333,0.0009229269031685171
867.4166666666666,0.00035963988996296306
867.5,0.0007604095341939128
867.5833333333333,0.00043131865313386506
867.6666666666666,0.000582876925573875
867.75,0.000882110413483287
867.8333333333333,0.001060699598438799
867.9166666666666,0.0006428509453987532
868.0,0.00031182005480167696
868.0833333333333,0.0004326715881105966
868.1666666666666,0.0005984189770009041
868.25,0.0001981343925133905
868.3333333333333,0.0007679652631489737
868.4166666666666,0.0006892438194985375
868.5,0.0008520285470314655
868.5833333333333,0.0006587893326307323
868.6666666666666,0.0005019701891745154
868.75,0.00033264410836066814
868.8333333333333,0.0003194071463801292
868.9166666666666,0.00012844903864524644
869.0,0.0003272346630050643
869.0833333333333,0.0002478157608147754
869.1666666666666,0.00042000839440851446
869.25,0.00013451534338411493
869.3333333333333,0.0003868933994445414
869.4166666666666,0.0005217029466241524
869.5,0.000514139522591782
869.5833333333333,0.00037464908837714453
869.6666666666666,0.00027455952998149013
869.75,0.0006807190895192398
869.8333333333333,0.0005696880620856071
869.9166666666666,0.0004627659423636133
870.0,0.0007870621133166378
870.0833333333333,0.00020264249745435232
870.1666666666666,0.0006740189805305157
870.25,0.0007721339809999696
870.3333333333333,0.00023138706252831635
870.4166666666666,0.0006220506216569057
870.5,0.0008022838498796127
870.5833333333333,0.0009558630900910552
870.6666666666666,0.0010801634958225823
870.75,0.0008345216487810924
870.8333333333333,0.0007505306594702456
870.9166666666666,0.0007345958666159165
871.0,0.0008819907710572852
871.0833333333333,0.0008436520577600406
871.1666666666666,0.0003636224598875323
871.25,0.00016086468462846274
871.3333333333333,0.0003689732716428672
871.4166666666666,0.000657809188245535
871.5,0.00035042060580768315
871.5833333333333,0.00031716267447652043
871.6666666666666,0.00018660083310853724
871.75,0.00046765358751860425
871.8333333333333,0.000720804059763362
871.9166666666666,0.0007975346307896427
872.0,0.0007675978859167386
872.0833333333333,0.000730400777317766
872.1666666666666,0.0008906621282814844
872.25,0.0008521712421670349
872.3333333333333,0.0007030555903296416
872.4166666666666,0.00024197642603196624
872.5,0.0005011055571134905
872.5833333333333,0.0005977730448180445
872.6666666666666,0.00010032938087088086
872.75,0.0005627050491037461
872.8333333333333,0.0005226189347063876
872.9166666666666,0.0003555635979910318
873.0,0.0002466722256604667
873.0833333333333,0.00028200472915348486
873.1666666666666,0.00039599335917740963
873.25,0.0007055587763701998
873.3333333333333,0.000630961064366394
873.4166666666666,0.00029682210066246434
873.5,0.0006879054871673679
873.5833333333333,0.000945572455788894
873.6666666666666,0.0007691942154984095
873.75,0.0001645424404442485
873.8333333333333,0.000805803365601995
873.9166666666666,0.0011994604047110427
874.0,0.000966478300065429
874.0833333333333,0.0008791910698721926
874.1666666666666,0.0008921309434653628
874.25,0.0007237713425886984
874.3333333333333,0.00021085908678788697
874.4166666666666,0.000433459578877775
874.5,0.0005981303673433571
874.5833333333333,0.00020780862367520312
874.6666666666666,0.0010419191103500712
874.75,0.0012494883027884124
874.8333333333333,0.0005501005816791651
874.9166666666666,0.000789588835072066
875.0,0.0006227302732874435
875.0833333333333,0.00022108042358666552
875.1666666666666,0.00024700424732411767
875.25,8.537971155279723e-05
875.3333333333333,0.0007313791459152148
875.4166666666666,0.0008116239960189582
875.5,0.000515707038600293
875.5833333333333,0.0009418669778836569
875.6666666666666,0.0008680130148660141
875.75,0.0006332493755966479
875.8333333333333,0.0002882363553496794
875.9166666666666,0.0006652819660355046
876.0,0.0009002807203627986
876.0833333333333,0.00021499919563989825
876.1666666666666,0.0008225910610224121
876.25,0.0008997003403210384
876.3333333333333,0.0001269189677821798
876.4166666666666,0.00028110711585164214
876.5,0.00029914087687436656
876.5833333333333,0.00036483096887929956
876.6666666666666,0.0006851304396931541
876.75,0.0005319346714908737
876.8333333333333,0.0005700852448342825
876.9166666666666,0.00027232087101740517
877.0,0.0003519020716638765
877.0833333333333,0.0003078493157592057
877.1666666666666,9.957062819413545e-05
877.25,0.000424501957173189
877.3333333333333,0.00045502370158660856
877.4166666666666,0.0004254221101088526
877.5,0.0008996399543792507
877.5833333333333,0.0004975107878634563
877.6666666666666,0.000666246293152258
877.75,0.001157943039545562
877.8333333333333,0.0007385221260834086
877.9166666666666,0.0003357626593022227
878.0,0.0004406405469596907
878.0833333333333,0.0007023477647167027
878.1666666666666,0.0006591565205782359
878.25,0.00023589622720712766
878.3333333333333,0.00025224351721616695
878.4166666666666,0.00020369766852011183
878.5,0.0006073513080747019
878.5833333333333,0.000598096682635293
878.6666666666666,0.00015362791841732517
878.75,0.0008812460233845307
878.8333333333333,0.0010601951172352307
878.9166666666666,0.0006823622703799373
879.0,0.00014669672337734731
879.0833333333333,0.0012075466198875643
879.1666666666666,0.0012342904391145267
879.25,0.0005775499095511672
879.3333333333333,0.0005701163405703356
879.4166666666666,0.0008423746888509831
879.5,0.0005847422938461145
879.5833333333333,0.0003751248557212597
879.6666666666666,0.000682125966602277
879.75,0.0009029802094849358
879.8333333333333,0.000979180719368378
879.9166666666666,0.0005220847610485691
880.0,5.933849260395783e-05
880.0833333333333,0.0002849400178501703
880.1666666666666,0.00042546052486485515
880.25,0.0003127056390280522
880.3333333333333,0.0003915024363181066
880.4166666666666,0.00025237438358349275
880.5,0.00039727914937021883
880.5833333333333,0.0006318142617777193
880.6666666666666,0.0006957646995862281
880.75,0.0007904411844666981
880.8333333333333,0.0005025255685875397
880.9166666666666,0.0005148567489932029
881.0,0.00020028236837771075
881.0833333333333,0.0002806984891640756
881.1666666666666,0.00021822806294619307
881.25,0.0004694083685299192
881.3333333333333,0.0006132841878109583
881.4166666666666,0.0004166475352881143
881.5,0.00047806461969814024
881.5833333333333,0.0009987449398600407
881.6666666666666,0.000703362838629205
881.75,7.323909140071684e-05
881.8333333333333,0.0002727037973564881
881.9166666666666,0.0009399159706817918
882.0,0.000762388220731858
882.0833333333333,0.00041537521947538844
882.1666666666666,0.0007743373031694028
882.25,0.0002499328286292472
882.3333333333333,0.0005843038398905372
882.4166666666666,0.00047095942413238635
882.5,0.0003796236604237125
882.5833333333333,0.00020920757845082727
882.6666666666666,0.0002360816228698871
882.75,0.00022607547856872098
882.8333333333333,0.00033785579429497986
882.9166666666666,0.0011870453689591318
883.0,0.0011949942620146138
883.0833333333333,0.00044698065618801395
883.1666666666666,7.391158990663815e-05
883.25,0.0003241546266277431
883.3333333333333,0.0005069152733617149
883.4166666666666,0.00012335887141226562
883.5,0.0005612284801276034
883.5833333333333,0.00021280232141946513
883.6666666666666,0.00013260942771888326
883.75,0.0003254662841602036
883.8333333333333,0.0004798075041318478
883.9166666666666,0.00029345512535164316
884.0,0.0005905550452357978
884.0833333333333,0.0007906599251361684
884.1666666666666,0.0004280098895973598
884.25,0.00041313715159579624
884.3333333333333,0.0005369929571792541
884.4166666666666,0.00048839102067626
884.5,0.00030088715663325824
884.5833333333333,0.00041277286030697014
884.6666666666666,0.00024206565008384225
884.75,0.00032583699037682854
884.8333333333333,0.00035975554484428884
884.9166666666666,0.0002122867509787259
885.0,0.000318537828004895
885.0833333333333,0.0002875286931604487
885.1666666666666,7.07388447913944e-05
885.25,0.000776648306035967
885.3333333333333,0.0011368090602593987
885.4166666666666,0.0007608132178070644
885.5,0.0005807792389781653
885.5833333333333,0.00047146198541822635
885.6666666666666,0.0005027695846372085
885.75,0.00046469137856016367
885.8333333333333,0.0007665606882599366
885.9166666666666,0.00025585463257814803
886.0,0.0005858287023683919
886.0833333333333,0.0008325542444031514
886.1666666666666,0.0003884471809833391
886.25,0.0006556586348862287
886.3333333333333,0.0004828740035966426
886.4166666666666,0.00029444171563543383
886.5,0.000434389802041452
886.5833333333333,0.00032552909313474034
886.6666666666666,0.00048315107973643753
886.75,0.0004930229123352401
886.8333333333333,0.00013673478686063788
886.9166666666666,0.000359699520040354
887.0,0.0009840850788853976
887.0833333333333,0.0011708230841164036
887.1666666666666,0.00038659076065063224
887.25,0.0003140578504514809
887.3333333333333,0.0008303813780450532
887.4166666666666,0.000550018684119663
887.5,0.0002695096840739669
887.5833333333333,0.0005056418786382489
887.6666666666666,0.00013177251173269
887.75,0.0004743056101013461
887.8333333333333,0.00013637822903398296
887.9166666666666,0.0005108076593305609
888.0,9.835574616244255e-05
888.0833333333333,0.0007271729253689351
888.1666666666666,0.000995905249547849
888.25,0.0009072954585047153
888.3333333333333,0.0011013993634954526
888.4166666666666,0.001128829078797344
888.5,0.001053203826487696
888.5833333333333,0.0009013283653472304
888.6666666666666,0.0003050335688032092
888.75,0.0007072505237348823
888.8333333333333,0.0012015367316979002
888.9166666666666,0.0006297913269945331
889.0,0.0010834492466835137
889.0833333333333,0.0009767146546548321
889.1666666666666,0.0006546118011971964
889.25,0.0005593399956312327
889.3333333333333,6.632593594605896e-05
889.4166666666666,0.00039985162123104426
889.5,0.0004708610546054042
889.5833333333333,0.00024560316811025754
889.6666666666666,0.0004575807334175165
889.75,0.0004343504527176949
889.8333333333333,0.0003545555280177991
889.9166666666666,0.00036508481822208086
890.0,0.0006006757300327459
890.0833333333333,0.0008399505699914435
890.1666666666666,0.0005926968609553783
890.25,0.0003390348329810599
890.3333333333333,0.00031233119542657136
890.4166666666666,0.0010430253052175023
890.5,0.001401329049728321
890.5833333333333,0.001026476296106839
890.6666666666666,0.0012207628414494026
890.75,0.0013956492006194155
890.8333333333333,0.0009933593384333695
890.9166666666666,0.0005194296412293095
891.0,0.0007976255815632857
891.0833333333333,0.0009362044920465446
891.1666666666666,0.0006845705303112748
891.25,0.0003412383696883749
891.3333333333333,0.0009033549715477863
891.4166666666666,0.000871351698754377
891.5,0.0004280861485483634
891.5833333333333,0.0002782604694072277
891.6666666666666,0.0001468102243532711
891.75,0.0001702003726208825
891.8333333333333,0.0002782917109293696
891.9166666666666,0.0007864298866925843
892.0,0.0008510244151975916
892.0833333333333,0.0003484096496983857
892.1666666666666,0.0008159752012284299
892.25,0.0011144570286717181
892.3333333333333,0.0011999162084032878
892.4166666666666,0.00044759600477006214
892.5,0.00024049670974099507
892.5833333333333,0.00044273203802949306
892.6666666666666,0.0007317506731951899
892.75,0.0006304522168224363
892.8333333333333,0.0006439341064965097
892.9166666666666,0.0012653068817672977
893.0,0.0013576573659591726
893.0833333333333,0.0006225744755159826
893.1666666666666,0.00036670635063795564
893.25,0.0005409583286054465
893.3333333333333,0.00020941882591548412
893.4166666666666,0.0003458633174260281
893.5,8.369159823629122e-05
893.5833333333333,7.902932295589084e-05
893.6666666666666,0.00021148466340632603
893.75,0.0008223810983173631
893.8333333333333,0.0009292504782403993
893.9166666666666,0.0014869655539288375
894.0,0.001388987669314952
894.0833333333333,0.0006774593580280218
894.1666666666666,0.0005242447732042162
894.25,0.00038246232700749527
894.3333333333333,0.00027394330866530606
894.4166666666666,0.0006626347327628637
894.5,0.0013446486948124202
894.5833333333333,0.0015437378022410777
894.6666666666666,0.000773427284419145
894.75,0.00027458189333621607
894.8333333333333,0.0002749041012321262
894.9166666666666,0.0007831052777325346
895.0,0.0004958978654708213
895.0833333333333,0.00033336863090570833
895.1666666666666,0.0003044238217593256
895.25,0.0004030854479018806
895.3333333333333,0.0004663290634855452
895.4166666666666,0.0002952848322332136
895.5,0.00027867902291283633
895.5833333333333,0.0001423529893812119
895.6666666666666,8.13939906490859e-05
895.75,0.0006921977662336489
895.8333333333333,0.0008814481418103608
895.9166666666666,0.0008145889204572773
896.0,0.000211968590942069
896.0833333333333,0.0006399619301076367
896.1666666666666,0.000996714688761808
896.25,0.0006339464320838322
896.3333333333333,0.0004463788447690281
896.4166666666666,7.765504371383048e-05
896.5,0.0004528534963310276
896.5833333333333,0.00042488162416991546
896.6666666666666,0.00024123310714806165
896.75,3.4123265054464445e-05
896.8333333333333,0.0005297583928544549
896.9166666666666,0.0009179771067885719
897.0,0.0011212608716139525
897.0833333333333,0.0008902274012508024
897.1666666666666,0.0004551255413095298
897.25,0.0003168836126320752
897.3333333333333,9.517449713210655e-05
897.4166666666666,0.00040933185431542914
897.5,0.0006724917163071342
897.5833333333333,0.00055195359072931
897.6666666666666,0.00030091630306957424
897.75,0.0008960639267929698
897.8333333333333,0.0008287721376443422
897.9166666666666,0.0002672780337009551
898.0,0.000377608766466113
898.0833333333333,0.0003156692831127122
898.1666666666666,0.0003159832520444933
898.25,0.0005438924864391786
898.3333333333333,0.0006662390905083697
898.4166666666666,0.0005804249217958071
898.5,0.0005035346798124242
898.5833333333333,0.0005975359679475281
898.6666666666666,0.0002705861275309698
898.75,0.0006341433706459423
898.8333333333333,0.0007322387809737878
898.9166666666666,0.0003432224038135636
899.0,0.00017798355586856357
899.0833333333333,0.00018704266649630094
899.1666666666666,0.0006574067660822205
899.25,0.0006749665353016253
899.3333333333333,0.00020428749016626344
899.4166666666666,0.0001245697724306852
899.5,0.0003506988787920234
899.5833333333333,0.0004916785185703495
899.6666666666666,0.00028902128931145005
899.75,0.00031554271898881514
899.8333333333333,0.00034437460877069395
899.9166666666666,0.0005676859207247273
900.0,0.0008909575053610792
900.0833333333333,0.0010635021525292204
900.1666666666666,0.0005512218938626786
900.25,0.000565237287318134
900.3333333333333,0.0008203085557592635
900.4166666666666,0.0005449807547006404
900.5,0.0007859674408181159
900.5833333333333,0.000309680921726691
900.6666666666666,0.0008074405890508139
900.75,0.0006524429467227486
900.8333333333333,0.00012627140532540354
900.9166666666666,0.00031195007974760784
901.0,0.00038735393234282084
901.0833333333333,0.00025581631752884785
901.1666666666666,0.0003093481194352148
901.25,0.00022711421069583501
901.3333333333333,0.0005284474331217555
901.4166666666666,0.0007215423031717735
901.5,0.000744019545386682
901.5833333333333,0.00045744004889272807
901.6666666666666,0.0004930189610161687
901.75,0.0007286670163187714
901.8333333333333,0.00045326605293580116
901.9166666666666,0.00024168594664464223
902.0,0.00014318142033556058
902.0833333333333,0.0003113166346275248
902.1666666666666,0.0006324013671955819
902.25,0.0006017516281234485
902.3333333333333,0.00011153556016881752
902.4166666666666,0.0008021322358194596
902.5,0.0008857467766891858
902.5833333333333,0.00024641946945629735
902.6666666666666,9.905932772491561e-05
902.75,0.0008622782686466431
902.8333333333333,0.001042554996002953
902.9166666666666,0.0005549668124208872
903.0,0.0003281102938045602
903.0833333333333,0.0010825628436532961
903.1666666666666,0.0016252124457276605
903.25,0.0011785892249744805
903.3333333333333,0.00022790941348524736
903.4166666666666,0.0004524321243551999
903.5,0.00033557933199581297
903.5833333333333,0.0004106384973462656
903.6666666666666,0.00020880083918847555
903.75,0.0004527490104252602
903.8333333333333,0.0003017461365128885
903.9166666666666,0.000535582017539288
904.0,0.0007739003024710128
904.0833333333333,0.0007592096823664568
904.1666666666666,0.0008601783100872065
904.25,0.0010816835560907836
904.3333333333333,0.001086035960313674
904.4166666666666,0.0004911144308876674
904.5,0.0005838930265878814
904.5833333333333,0.0004482893548275676
904.6666666666666,0.0002940680737597743
904.75,0.00025797896749837895
904.8333333333333,0.0006000779037414048
904.9166666666666,0.0008188598958725597
905.0,0.0011208134090408253
905.0833333333333,0.0010270066994299647
905.1666666666666,0.0006796498618387476
905.25,0.0010468111524270227
905.3333333333333,0.0013423526437911061
905.4166666666666,0.0007906964911278242
905.5,0.00017126733664086485
905.5833333333333,0.0003994159078277641
905.6666666666666,0.000747609812035761
905.75,0.0009815011459353763
905.8333333333333,0.0007499383536883161
905.9166666666666,0.000763418946597176
906.0,0.00047659420700457814
906.0833333333333,0.00010184778348926328
906.1666666666666,9.398462292046055e-05
906.25,0.000145951468696329
906.3333333333333,0.0004427855452660706
906.4166666666666,0.0005744782290353819
906.5,0.0009732058381351117
906.5833333333333,0.0013201548866286304
906.6666666666666,0.001337788864738306
906.75,0.00087792932634898
906.8333333333333,0.00054072792900053
906.9166666666666,0.0001999249214313871
907.0,0.0005727503114735852
907.0833333333333,0.0009682528688917579
907.1666666666666,0.0010231454921911009
907.25,0.001038994988342028
907.3333333333333,0.0007239216059541631
907.4166666666666,0.0002406358066666322
907.5,0.0008359448490494174
907.5833333333333,0.0010236919105918259
907.6666666666666,0.001124200035946783
907.75,0.0007085473000986035
907.8333333333333,0.0004466454558722207
907.9166666666666,0.0003156369838521763
908.0,0.0006455594230191874
908.0833333333333,0.000631306269877934
908.1666666666666,0.00024913428751833307
908.25,0.0005052251999393276
908.3333333333333,0.0006107862116305964
908.4166666666666,0.00020772248891738753
908.5,0.0006103998528886682
908.5833333333333,0.0007195746216129623
908.6666666666666,0.0004993590714424729
908.75,0.0009438354992866751
908.8333333333333,0.000517431439406542
908.9166666666666,0.0006207197768276872
909.0,0.0004434878288375098
909.0833333333333,0.0006273922734745708
909.1666666666666,0.00022173966935859555
909.25,0.0003301396810399419
909.3333333333333,0.0003647249846371416
909.4166666666666,0.0004585601104382965
909.5,0.0007204950398554165
909.5833333333333,0.0003418552169976934
909.6666666666666,0.0009226642785686588
909.75,0.0005879167824562634
909.8333333333333,0.0001906779639158879
909.9166666666666,0.0004398230716028403
910.0,0.00015869316741837127
910.0833333333333,0.000583245348062633
910.1666666666666,0.0002863358460175997
910.25,0.0009970175871784686
910.3333333333333,0.0014503571331659158
910.4166666666666,0.0004762174073397743
910.5,1.9694703668647468e-05
910.5833333333333,0.0007212756200862744
910.6666666666666,0.001006801178652403
910.75,0.000511239610054965
910.8333333333333,0.00013836627971305787
910.9166666666666,0.00039444914000449357
911.0,0.0004572076623106534
911.0833333333333,0.00028434406987442505
911.1666666666666,0.0004377464082514731
911.25,0.0005797442099719471
911.3333333333333,0.00034470316775620543
911.4166666666666,0.0006089909729354467
911.5,0.0008446465664482468
911.5833333333333,0.00016365366939979705
911.6666666666666,0.00015703409451694287
911.75,0.0005728406646571577
911.8333333333333,0.0007842603724188929
911.9166666666666,0.0001223692392952024
912.0,0.0002202964071688152
912.0833333333333,0.00024450022593003643
912.1666666666666,0.0006317541687583809
912.25,0.0005134983492566039
912.3333333333333,0.0006999644248447086
912.4166666666666,0.0009277883602366261
912.5,0.00025042754522632866
912.5833333333333,0.0003596382340637229
912.6666666666666,0.00016916410174296995
912.75,0.00016790285235881284
912.8333333333333,0.00011861251197087555
912.9166666666666,0.00022406370041614784
913.0,0.00026922372004915113
913.0833333333333,0.0004487808601553135
913.1666666666666,0.0006368060781287765
913.25,0.00020823562643246469
913.3333333333333,0.0004060365210940422
913.4166666666666,0.00035629804364916405
913.5,0.00037794693683831904
913.5833333333333,0.0004834480935678701
913.6666666666666,0.00041924178574854543
913.75,0.0006012145538619125
913.8333333333333,0.00016381775760382467
913.9166666666666,0.0006238005968176658
914.0,0.0013413430523309955
914.0833333333333,0.0011694243735519078
914.1666666666666,0.0004056568567773911
914.25,0.00015885209558723647
914.3333333333333,0.0002454523478391897
914.4166666666666,0.00024478846300527015
914.5,0.00014652183794844345
914.5833333333333,0.00014117291967023036
914.6666666666666,0.0005510716038037024
914.75,0.00012078709778746126
914.8333333333333,0.0012229075372196705
914.9166666666666,0.0014166583808191407
915.0,0.0008727650101898208
915.0833333333333,0.000902505135136938
915.1666666666666,0.0004975790631271408
915.25,0.0007420091309024129
915.3333333333333,0.0009842519616641496
915.4166666666666,0.0011752882417067748
915.5,0.0006733661479201065
915.5833333333333,0.00025333399565625087
915.6666666666666,0.0010872803468164759
915.75,0.0009628332720382984
915.8333333333333,0.0015415024913349254
915.9166666666666,0.0011948425828225595
916.0,0.0004788697237926102
916.0833333333333,0.0014048771626769781
916.1666666666666,0.0005492880335557518
916.25,0.0007437019611933447
916.3333333333333,0.0010016718874036265
916.4166666666666,0.0002726724749629076
916.5,0.000894665694418161
916.5833333333333,0.0011516461394813632
916.6666666666666,0.0009132695480698033
916.75,0.0003285635587142555
916.8333333333333,0.0003133146057703293
916.9166666666666,0.00011520440197395245
917.0,0.0003533722478767347
917.0833333333333,0.0002216149187329236
917.1666666666666,0.001222623247631679
917.25,0.0013877482767099365
917.3333333333333,0.0008928572200034869
917.4166666666666,0.0004402794164557024
917.5,0.0001989749097736276
917.5833333333333,0.0004790780215407639
917.6666666666666,0.0007657776143932442
917.75,0.0007447167957264098
917.8333333333333,0.0005463155415333444
917.9166666666666,0.0003930134854309342
918.0,0.0005347736657650271
918.0833333333333,0.0006543575541101623
918.1666666666666,0.0008550739193549712
918.25,0.0004344011231547975
918.3333333333333,0.00014432598095766988
918.4166666666666,0.0005370564382244621
918.5,0.0008449892855113215
918.5833333333333,0.0007412626336869457
918.6666666666666,0.0009989335489630673
918.75,0.0012506577372887052
918.8333333333333,0.0002752420124816588
918.9166666666666,0.0009829829738170392
919.0,0.0010092437867852053
919.0833333333333,0.0003510542718634136
919.1666666666666,0.0007888334644529288
919.25,0.0009227434082834865
919.3333333333333,0.0009786410069753683
919.4166666666666,0.0006359979392698273
919.5,0.0002689218259689901
919.5833333333333,0.0007749335870836871
919.6666666666666,0.00037800831482636706
919.75,0.00031676772291552987
919.8333333333333,0.0009637542680755649
919.9166666666666,0.0010530884601248206
920.0,0.0006963898697256945
920.0833333333333,0.0006897911446978975
920.1666666666666,0.0007650661726693834
920.25,0.0006711204445220825
920.3333333333333,0.0005692140677139684
920.4166666666666,0.0003751538708018538
920.5,0.0003074323896507343
920.5833333333333,0.00027313731140507855
920.6666666666666,0.0002907155939279712
920.75,0.0002534010561295554
920.8333333333333,0.0007777378817856759
920.9166666666666,0.0005116358431749358
921.0,0.0004030927933675576
921.0833333333333,0.0007713609064311051
921.1666666666666,0.0005384901814386047
921.25,0.0007900858942616091
921.3333333333333,0.0005151190319686697
921.4166666666666,0.00015990749603849637
921.5,0.00019217638377674417
921.5833333333333,0.0007182039504904116
921.6666666666666,0.0005735525879415138
921.75,0.0002769004723586298
921.8333333333333,0.0006747563800786434
921.9166666666666,0.0004294693701500177
922.0,0.0004739943093651421
922.0833333333333,0.00038532035635093837
922.1666666666666,0.00040163830973885756
922.25,0.00044199061503114436
922.3333333333333,0.0002656401904893678
922.4166666666666,0.0005135535087121717
922.5,0.00046134011427052715
922.5833333333333,0.00025696941167694325
922.6666666666666,0.00017496997116397842
922.75,0.00033156244545298264
922.8333333333333,0.00017527562682550902
922.9166666666666,0.00024238565092056484
923.0,0.0006867098487594182
923.0833333333333,0.0007212977550419682
923.1666666666666,0.0007069823574695728
923.25,0.00019953172663753508
923.3333333333333,0.00039375796823002074
923.4166666666666,0.0005367507832446218
923.5,0.0006574060891604595
923.5833333333333,0.0004208578625499015
923.6666666666666,0.0004183491058756267
923.75,0.00041064106971143525
923.8333333333333,0.00022209400700759607
923.9166666666666,0.0010263992665336774
924.0,0.0012787316724994309
924.0833333333333,0.0003161108422144771
924.1666666666666,0.00024207610884246938
924.25,0.0007968208306009645
924.3333333333333,0.00036426437477804453
924.4166666666666,0.00021836654512946262
924.5,0.00036584082578302625
924.5833333333333,0.00033452913061215225
924.6666666666666,0.000410982755308267
924.75,0.0007260553631219844
924.8333333333333,0.00024123237864219268
924.9166666666666,0.0004248433361015925
925.0,0.0009040712378248712
925.0833333333333,0.0008568137312799138
925.1666666666666,0.00022029547117256325
925.25,0.0004002221935181674
925.3333333333333,0.0010823730222756167
925.4166666666666,0.001528420448106934
925.5,0.0006600884095200799
925.5833333333333,0.00017043933322034887
925.6666666666666,0.00024144648815877217
925.75,0.0002913530555560277
925.8333333333333,0.00047801503664194115
925.9166666666666,0.00010846688245371239
926.0,0.0006592568866541713
926.0833333333333,0.0010337099742380865
926.1666666666666,0.0008863254619532069
926.25,0.0009599790067372483
926.3333333333333,0.00041951676928305066
926.4166666666666,0.0005387613972082879
926.5,0.00039869604461851313
926.5833333333333,0.00021586036899012294
926.6666666666666,0.0004114608338460242
926.75,0.0006373001957657315
926.8333333333333,0.0006376982310150035
926.9166666666666,0.0005059948469328288
927.0,0.00035841670229330144
927.0833333333333,0.0005354418090130649
927.1666666666666,0.0003616307034285082
927.25,0.00013555685106333694
927.3333333333333,0.0002390130541124724
927.4166666666666,0.0006847955608538914
927.5,0.0008828231928377177
927.5833333333333,0.0006663116969978445
927.6666666666666,0.0005770601141523187
927.75,0.000304694267566991
927.8333333333333,0.0002410737822095047
927.9166666666666,0.0004711098888897013
928.0,0.0005810875757857091
928.0833333333333,0.0004485962562020242
928.1666666666666,0.0006089431614822472
928.25,0.0007615248487711176
928.3333333333333,0.0006719020522265376
928.4166666666666,0.0005024592591945749
928.5,0.00031461581337170383
928.5833333333333,0.0006478010529560894
928.6666666666666,0.0003959154572457319
928.75,0.0004317654010272415
928.8333333333333,0.0005338540034923724
928.9166666666666,0.00029087660997206973
929.0,0.0005652729495073561
929.0833333333333,0.0010274203732751456
929.1666666666666,0.0007008777525044156
929.25,0.0007001310024574449
929.3333333333333,0.0004548034983772334
929.4166666666666,0.0007328511714582806
929.5,0.00026089470179578843
929.5833333333333,0.000527128696863007
929.6666666666666,0.000928405816202738
929.75,0.0009363988655475946
929.8333333333333,0.0009969312861022922
929.9166666666666,0.0011241976771984366
930.0,0.0009282268016044906
930.0833333333333,0.00038686439044951506
930.1666666666666,0.00018613036186060524
930.25,0.00018854063468466624
930.3333333333333,0.00024051051484648813
930.4166666666666,0.0004205993388460746
930.5,0.0006775086226841195
930.5833333333333,0.00023011269566759025
930.6666666666666,0.0005378013823964325
930.75,0.00021381531130587974
930.8333333333333,0.00036133990508940616
930.9166666666666,0.0003636479023764337
931.0,0.0006222071191696958
931.0833333333333,0.0007163526765343724
931.1666666666666,0.0004557919519471391
931.25,0.0007152125945211716
931.3333333333333,0.0006014297110247822
931.4166666666666,0.00018291088668155811
931.5,0.00035122688404559725
931.5833333333333,0.0009193013146600548
931.6666666666666,0.0010290372695368
931.75,0.0006649723714137639
931.8333333333333,0.0005856189676702593
931.9166666666666,0.0006605383955620553
932.0,0.0007968821742938293
932.0833333333333,0.00015870199775460425
932.1666666666666,0.0009153327157772188
932.25,0.0006597181343032004
932.3333333333333,0.00026625425536231035
932.4166666666666,0.0004917482652253078
932.5,0.00037366972949877815
932.5833333333333,0.0005796213021977396
932.6666666666666,0.0007617993250008324
932.75,0.0012213405288417991
932.8333333333333,0.0007177916891139367
932.9166666666666,0.0004338447011624526
933.0,0.0007177678301417443
933.0833333333333,0.0002976249433098033
933.1666666666666,0.0012355899914269397
933.25,0.001164090557468357
933.3333333333333,0.000571165431870723
933.4166666666666,0.0005059395322732958
933.5,0.00013339343862928303
933.5833333333333,0.0004781510912330228
933.6666666666666,0.0002597603837014819
933.75,2.4616939509957143e-05
933.8333333333333,0.0009075842657716639
933.9166666666666,0.001398776184049387
934.0,0.0006552268872776743
934.0833333333333,0.0004252399096901495
934.1666666666666,0.0010354588072942848
934.25,0.0005506630640011653
934.3333333333333,0.0013467451058889676
934.4166666666666,0.0012562588816146336
934.5,0.0005319386161379855
934.5833333333333,0.00017459024276826357
934.6666666666666,0.0002522418107329618
934.75,0.00041288442633868996
934.8333333333333,0.0005883422583719383
934.9166666666666,0.0006499771536349943
935.0,0.0006696141148074969
935.0833333333333,0.0006491596610927569
935.1666666666666,0.0005846048843680298
935.25,0.0008479697478198666
935.3333333333333,0.0011544961351365626
935.4166666666666,0.00045144660637767647
935.5,0.0007363580563845043
935.5833333333333,0.0003077214593804356
935.6666666666666,0.00039659791939707594
935.75,0.0002713149925067627
935.8333333333333,4.673913639463583e-05
935.9166666666666,0.0003245511159854795
936.0,0.000818275270031175
936.0833333333333,0.000813317271381568
936.1666666666666,0.00035613102101144
936.25,3.706248307783826e-05
936.3333333333333,0.0003577943286115379
936.4166666666666,0.0003915454473117879
936.5,0.00017353867289065345
936.5833333333333,0.00021423201945793902
936.6666666666666,0.0002958803449261508
936.75,0.0002708045779072788
936.8333333333333,0.0004514166608764376
936.9166666666666,0.00016351635878109665
937.0,0.00038116176590700446
937.0833333333333,0.0005119850281780011
937.1666666666666,0.00041938767763277635
937.25,0.0007858796093878324
937.3333333333333,0.0008592380825934023
937.4166666666666,0.0006869282250336176
937.5,0.0010341614074264307
937.5833333333333,0.001173518927322292
937.6666666666666,0.0004850188834853418
937.75,0.00046689009778929735
937.8333333333333,0.0004513794978528908
937.9166666666666,0.0010073355946789379
938.0,0.0012629673799807587
938.0833333333333,0.000947789979190888
938.1666666666666,0.0010393552593096975
938.25,0.0013378086056718224
938.3333333333333,0.0012122638142098377
938.4166666666666,0.00028003701966344125
938.5,0.0008301035915474047
938.5833333333333,0.000674128854571152
938.6666666666666,0.0003683914321665859
938.75,0.0007565622034255863
938.8333333333333,0.0002788234233142615
938.9166666666666,0.0008288462420473964
939.0,0.0005114091106248214
939.0833333333333,0.0005790467239485087
939.1666666666666,0.0008190774149112786
939.25,0.0010767147058708506
939.3333333333333,0.0008473482613762455
939.4166666666666,0.0008535668189233454
939.5,0.000876894483782607
939.5833333333333,0.00046610385151251777
939.6666666666666,0.0003406555443272779
939.75,0.0001657591692312527
939.8333333333333,0.000619587164878401
939.9166666666666,0.0005108445017354196
940.0,0.00031260368461329856
940.0833333333333,0.00043663491665543226
940.1666666666666,9.157902800607295e-05
940.25,0.0007480987623631784
940.3333333333333,0.000540965625214397
940.4166666666666,0.00082358037636778
940.5,0.0007128366194234877
940.5833333333333,0.0002948186892168636
940.6666666666666,0.0004620275300299858
940.75,0.0007074911034159126
940.8333333333333,0.000726898552394314
940.9166666666666,0.0005166805728644215
941.0,0.00020594953676338925
941.0833333333333,0.0005341812517030843
941.1666666666666,0.0005149466440013931
941.25,0.00042481700986126444
941.3333333333333,0.0010519560930641206
941.4166666666666,0.0007737649624140142
941.5,0.0004181147919652554
941.5833333333333,0.00017886386017594368
941.6666666666666,0.0007614042196176626
941.75,0.0007200734991702669
941.8333333333333,0.00016883422072225095
941.9166666666666,4.636658535379972e-05
942.0,0.0003223666434177071
942.0833333333333,0.0002915389210325686
942.1666666666666,0.0009378464144288527
942.25,0.0009274308258694612
942.3333333333333,0.00013862689123969891
942.4166666666666,0.00030032008943611024
942.5,0.0007849305644648908
942.5833333333333,0.0010311567140036248
942.6666666666666,0.0004382416965708193
942.75,0.00018290603456680318
942.8333333333333,0.00022331437804264806
942.9166666666666,0.0005806563372506941
943.0,0.0004254793882593305
943.0833333333333,0.0007620822993389506
943.1666666666666,0.001127029263567481
943.25,0.001312333016989639
943.3333333333333,0.0014315984131602808
943.4166666666666,0.0013393078262179776
943.5,0.0005496495525991845
943.5833333333333,0.0004551552595023283
943.6666666666666,0.0011051807617013683
943.75,0.0010443606203990974
943.8333333333333,0.000765749020910283
943.9166666666666,0.0009539014288954205
944.0,0.0009236753302490675
944.0833333333333,0.0007811870857397623
944.1666666666666,0.0006046932283915482
944.25,0.0007156941353495151
944.3333333333333,0.0010835195425276528
944.4166666666666,0.000946495474976826
944.5,0.0006491531785122416
944.5833333333333,0.00038525174311751113
944.6666666666666,0.00010686987425715819
944.75,8.205558353054993e-05
944.8333333333333,0.0001839807378856626
944.9166666666666,0.0008469841269828285
945.0,0.0006935681035354827
945.0833333333333,0.00030581884027285565
945.1666666666666,0.00046768449225416923
945.25,0.0003325935949307833
945.3333333333333,0.0003970212843211774
945.4166666666666,0.0005191212055218084
945.5,0.0002939092258389322
945.5833333333333,0.0003371909910076433
945.6666666666666,0.0005625306926739214
945.75,0.00040348200521277166
945.8333333333333,0.0006511306385085181
945.9166666666666,0.0009348818784188068
946.0,0.0006736124362444442
946.0833333333333,0.0005227607991375058
946.1666666666666,0.0009879223940782683
946.25,0.0004361256268087865
946.3333333333333,0.0005400578738079187
946.4166666666666,0.0005256177543303002
946.5,0.0005829523122139323
946.5833333333333,0.0008226264708466729
946.6666666666666,0.0002852606805113499
946.75,0.0008742532954117975
946.8333333333333,0.0002577153239255341
946.9166666666666,0.0003066298005800599
947.0,0.0004088337702689866
947.0833333333333,0.000663907732785682
947.1666666666666,0.0008660816625363178
947.25,0.00023265361138404073
947.3333333333333,0.0006650493430094221
947.4166666666666,0.0009055400819851966
947.5,0.0005095244467058882
947.5833333333333,0.0007221900703563924
947.6666666666666,0.0012916499079156291
947.75,0.0010651749490949982
947.8333333333333,0.0012109113389678955
947.9166666666666,0.001121087342219196
948.0,0.0007254680864879598
948.0833333333333,0.0003520262669927032
948.1666666666666,0.0001638800736249645
948.25,0.00013476312565492124
948.3333333333333,0.00023399437353224226
948.4166666666666,0.0005502998027202239
948.5,0.0003109725552444285
948.5833333333333,0.0009811567346533082
948.6666666666666,0.000831088415567652
948.75,0.00016800748234125005
948.8333333333333,0.0006228663254561702
948.9166666666666,0.0008405547593694826
949.0,0.0005647477379686381
949.0833333333333,0.00017892792295515404
949.1666666666666,0.00033609725027908326
949.25,0.00021170476981913314
949.3333333333333,0.0005374947715164146
949.4166666666666,0.0003627050379679221
949.5,0.00032839809644785706
949.5833333333333,0.00024217696644308797
949.6666666666666,0.0004380922650148841
949.75,0.00045524197463131803
949.8333333333333,0.0003767431790691396
949.9166666666666,0.00024650421696362674
950.0,0.0007747707901464601
950.0833333333333,0.000625205401933734
950.1666666666666,0.0001927917447381471
950.25,0.0006808601161068826
950.3333333333333,0.0008662514715984406
950.4166666666666,0.0007440142857596056
950.5,0.0006318013314593206
950.5833333333333,0.0003363392307783569
950.6666666666666,0.0006924041503784809
950.75,0.0011656060324835111
950.8333333333333,0.000996630604045668
950.9166666666666,0.00046369761791688883
951.0,0.0001025380798960356
951.0833333333333,0.000449708069264048
951.1666666666666,0.0007246918321909116
951.25,0.000163738590809764
951.3333333333333,0.0003606954123332559
951.4166666666666,0.00012068564500938535
951.5,0.0004891974504023169
951.5833333333333,0.0004559503562254165
951.6666666666666,0.00032201954387669584
951.75,0.0008816865931149237
951.8333333333333,0.001178257881848802
951.9166666666666,0.0006452951793544384
952.0,0.0004385636843629126
952.0833333333333,0.0002867143387642046
952.1666666666666,0.0002495552539080119
952.25,0.0009457306305952223
952.3333333333333,0.0011704012867116524
952.4166666666666,0.0005702827768208731
952.5,0.0003104849698347049
952.5833333333333,0.000652379076825509
952.6666666666666,0.00089824431498304
952.75,0.0008332551039286273
952.8333333333333,0.000394835020031674
952.9166666666666,0.00045574532400476266
953.0,0.0003507976340313706
953.0833333333333,0.0007464108186586676
953.1666666666666,0.0005614955221255636
953.25,0.0003600550541447868
953.3333333333333,0.000661508775953655
953.4166666666666,0.0009543977377979333
953.5,0.0006285828941020644
953.5833333333333,0.00030963618025485695
953.6666666666666,0.0003948942394086808
953.75,0.00047892444590338175
953.8333333333333,0.000875553486644787
953.9166666666666,0.0008876354670171646
954.0,0.0005418286471038936
954.0833333333333,0.0004939101360838265
954.1666666666666,0.001077667244050023
954.25,0.0010643924031947696
954.3333333333333,0.0006261739607047766
954.4166666666666,0.000447772585736908
954.5,0.0003373019631940716
954.5833333333333,0.0003339005519832651
954.6666666666666,0.000508414940602088
954.75,0.00039733571035750775
954.8333333333333,0.0003411300193041541
954.9166666666666,0.0005333254526743146
955.0,0.00021602451941918352
955.0833333333333,0.00025014509325857833
955.1666666666666,0.00033748639250881377
955.25,0.0004658747758088836
955.3333333333333,0.0002355767039344538
955.4166666666666,0.0003664889289526818
955.5,0.0005035877610326496
955.5833333333333,0.00024293894871922262
955.6666666666666,0.0009453759737822193
955.75,0.0009276800020272205
955.8333333333333,0.00043544765684109914
955.9166666666666,0.0003151614080698464
956.0,0.0003716483708569062
956.0833333333333,0.000827076588576059
956.1666666666666,0.0005320735289466732
956.25,0.000507301343658972
956.3333333333333,0.0006248132790279294
956.4166666666666,0.0007554087815137025
956.5,0.0011268166451673192
956.5833333333333,0.0010362842409645016
956.6666666666666,0.0006351515080510572
956.75,0.000749258815309786
956.8333333333333,0.000790613394125492
956.9166666666666,0.0007853670800504989
957.0,0.0007081205070491647
957.0833333333333,0.0003151688338651595
957.1666666666666,0.0012321754190847921
957.25,0.0008135337349745663
957.3333333333333,0.0006134469582735259
957.4166666666666,0.0007466458326052211
957.5,0.0009575377502721516
957.5833333333333,0.0006033794057219125
957.6666666666666,0.0002798600297347438
957.75,0.000712336284241224
957.8333333333333,0.0009117827251442207
957.9166666666666,0.0013376475646511808
958.0,0.0008923663939844032
958.0833333333333,0.0003710665088095489
958.1666666666666,0.00044236980345397893
958.25,0.0006985881068912221
958.3333333333333,0.0008637297659543771
958.4166666666666,0.0008232221470987547
958.5,0.0005893921131652325
958.5833333333333,0.0005915165657512
958.6666666666666,0.0004365658305650349
958.75,0.00029458138606389817
958.8333333333333,0.0006167668600644712
958.9166666666666,0.0005033948230764014
959.0,0.0005184582856198225
959.0833333333333,0.0006194843256596985
959.1666666666666,0.0005101255024704918
959.25,0.00023522059108695378
959.3333333333333,0.000742477396584321
959.4166666666666,0.0012085221291294633
959.5,0.0005330022526474956
959.5833333333333,0.0008626169418783469
959.6666666666666,0.00048796376677578523
959.75,0.0007083107919669305
959.8333333333333,0.0011210781759801922
959.9166666666666,0.0008667815904455117
960.0,0.0008766464792156533
960.0833333333333,0.0008264034555425079
960.1666666666666,0.0008691846329325401
960.25,0.0006952490868595137
960.3333333333333,0.0003171018985926866
960.4166666666666,0.00048147563080227986
960.5,0.0007447577707129339
960.5833333333333,0.0009898213744243473
960.6666666666666,0.0008427298899260004
960.75,0.0003146012524681558
960.8333333333333,0.0005083044762970881
960.9166666666666,0.0008324144504874229
961.0,0.0009769750972520028
961.0833333333333,0.0008174066743905856
961.1666666666666,0.0003756123881782048
961.25,0.00030128069424357996
961.3333333333333,0.0004330022642902915
961.4166666666666,0.00038876553848855605
961.5,0.0004136607684090528
961.5833333333333,0.0002401766527387827
961.6666666666666,0.00027328265954852486
961.75,0.000520265653676107
961.8333333333333,0.0005578178575059472
961.9166666666666,0.0008033288900755851
962.0,0.0007890298746217496
962.0833333333333,0.0007974965316669979
962.1666666666666,0.0011213653854207253
962.25,0.0014521824250027444
962.3333333333333,0.0005117553799652568
962.4166666666666,0.00016418380122672465
962.5,0.0005202180560952782
962.5833333333333,0.0004406997476729545
962.6666666666666,0.0007802665626769663
962.75,0.0010692042612419769
962.8333333333333,0.0007478071453958081
962.9166666666666,0.00045667532503093427
963.0,0.0003925002199504988
963.0833333333333,0.0008638973641061693
963.1666666666666,0.0009974676168951185
963.25,0.0010914452549966856
963.3333333333333,0.00028554875358374423
963.4166666666666,0.0005266436063859361
963.5,0.0005277265997737898
963.5833333333333,0.0008447728998566552
963.6666666666666,0.0008135978553456458
963.75,0.00032080940205271504
963.8333333333333,0.0009563157269993868
963.9166666666666,0.0008316498636578803
964.0,0.001268987266248337
964.0833333333333,0.001167718210454466
964.1666666666666,0.0008867808753493096
964.25,0.0007336423757240262
964.3333333333333,0.0003967171789590827
964.4166666666666,0.00034055150440999844
964.5,0.0004942667254045807
964.5833333333333,0.0006956462623723049
964.6666666666666,0.0012394198683074974
964.75,0.0007426887194112181
964.8333333333333,0.0006600442697949701
964.9166666666666,0.0010878342012457481
965.0,0.0009519368734654587
965.0833333333333,0.0005944400083182919
965.1666666666666,0.0009126901433794879
965.25,0.001029310932063045
965.3333333333333,0.0008773492228832951
965.4166666666666,0.0012653760085724918
965.5,0.0015442067677135117
965.5833333333333,0.0010161188983241413
965.6666666666666,0.0002861697118350778
965.75,0.0003337430189458513
965.8333333333333,0.0004296328721794135
965.9166666666666,0.0002711779251990517
966.0,0.0003172722907287723
966.0833333333333,0.0006409669543147371
966.1666666666666,0.0002232214658766831
966.25,0.00048616642823912825
966.3333333333333,0.0004095279447789715
966.4166666666666,0.00023868347891858679
966.5,0.0004492567308488447
966.5833333333333,4.30479514242363e-05
966.6666666666666,0.00038461345426965896
966.75,0.00015380127705754773
966.8333333333333,0.0008718884482836342
966.9166666666666,0.001185825756176172
967.0,0.0006020007388708519
967.0833333333333,0.0006760755241815946
967.1666666666666,0.0005948397793756011
967.25,0.00025600120853455465
967.3333333333333,0.0004740518918548771
967.4166666666666,0.000663915488296651
967.5,0.00021287645025499003
967.5833333333333,8.849515141475535e-05
967.6666666666666,0.0010327010583207857
967.75,0.0009842541915539248
967.8333333333333,0.0007517427849659997
967.9166666666666,0.0006513124601361142
968.0,0.0007694554397351441
968.0833333333333,0.00101591740294255
968.1666666666666,0.0007728084473334497
968.25,0.001144479638026542
968.3333333333333,0.0012373338794144566
968.4166666666666,0.0005863465337873176
968.5,0.0003526853850165175
968.5833333333333,0.0003268716628783665
968.6666666666666,0.00026442832702852246
968.75,0.00032745253962781736
968.8333333333333,0.0011653959778283422
968.9166666666666,0.0012775875238605124
969.0,0.0009037208836957852
969.0833333333333,0.0005425913878047309
969.1666666666666,0.0006182099626058021
969.25,0.00034710090647175257
969.3333333333333,0.0002948714819873287
969.4166666666666,0.0004399575163720948
969.5,0.0005733859918723418
969.5833333333333,0.0003526911635733228
969.6666666666666,0.0004885539953708759
969.75,0.0010288797665536302
969.8333333333333,0.0011144987915379682
969.9166666666666,0.0009924819810915894
970.0,0.000684811042564235
970.0833333333333,0.0007805654152838791
970.1666666666666,0.0007644086408808475
970.25,0.00026251365229980556
970.3333333333333,0.0004854980403334429
970.4166666666666,0.000271119930616529
970.5,0.0007173891276495472
970.5833333333333,0.001080901638501282
970.6666666666666,0.0008736218780826353
970.75,0.00034164108488249454
970.8333333333333,0.0006398284419614554
970.9166666666666,0.0007258322258302844
971.0,0.00042700615943425417
971.0833333333333,0.0007093721123454192
971.1666666666666,0.0005136828381566659
971.25,0.00016681825530924274
971.3333333333333,0.0005034148482989083
971.4166666666666,0.000603000907311161
971.5,0.00045018082454328093
971.5833333333333,0.000667094569575119
971.6666666666666,0.0009266932579648397
971.75,0.0006112678625836189
971.8333333333333,0.00039308752039835616
971.9166666666666,0.0003851367711232579
972.0,0.00021392702967800334
972.0833333333333,0.00026747563696736886
972.1666666666666,0.0009965525888326193
972.25,0.0014828471696816017
972.3333333333333,0.000813853812044057
972.4166666666666,9.112039074851672e-05
972.5,0.00026197936076998986
972.5833333333333,0.00011964869238981602
972.6666666666666,5.766330060863511e-05
972.75,0.0005631760140004118
972.8333333333333,0.0007807304569667912
972.9166666666666,0.00086635107821681
973.0,0.0009441228883464206
973.0833333333333,0.00039086704989241484
973.1666666666666,0.0002780907335513242
973.25,0.0004273068694063226
973.3333333333333,0.0005778438482330638
973.4166666666666,0.0009044832082894397
973.5,0.0007662069452204193
973.5833333333333,0.0004637407421131458
973.6666666666666,0.000485304997094702
973.75,0.000780690356913946
973.8333333333333,0.0011501314167901926
973.9166666666666,0.0011483007629426005
974.0,0.0006482512475680913
974.0833333333333,0.0003769649663392501
974.1666666666666,0.000465612685117787
974.25,0.0006680225188585301
974.3333333333333,0.000617117317362845
974.4166666666666,0.0007326186810345
974.5,0.0005601035859421811
974.5833333333333,0.00026989784479195846
974.6666666666666,0.00029979860349570544
974.75,0.00041122913503818435
974.8333333333333,0.0002470715554881947
974.9166666666666,0.0010404098009575635
975.0,0.0007689347048833093
975.0833333333333,0.0010345452682935271
975.1666666666666,0.0010148079286596066
975.25,0.00011932107609948542
975.3333333333333,0.0004624562955912833
975.4166666666666,0.0004541865927899083
975.5,0.0005322409580451222
975.5833333333333,0.0005275345384038488
975.6666666666666,0.0010456424810797243
975.75,0.0009157430315268614
975.8333333333333,0.0008075042744749112
975.9166666666666,0.0003387716413346941
976.0,8.03042992997629e-05
976.0833333333333,0.0010172908198315923
976.1666666666666,0.00063407984624534
976.25,0.0009010875102577496
976.3333333333333,0.00021295386245535894
976.4166666666666,6.906051553031163e-05
976.5,0.0005349288269689284
976.5833333333333,0.000393375029118065
976.6666666666666,0.0003235333305564807
976.75,0.00045768176381470906
976.8333333333333,0.0010799832425120344
976.9166666666666,0.001669538958198251
977.0,0.0010831647265636853
977.0833333333333,0.0008713949676051986
977.1666666666666,0.000492469271810273
977.25,0.000695444119192854
977.3333333333333,0.00047540007663449824
977.4166666666666,0.00028777958196625513
977.5,0.0006123254055173313
977.5833333333333,0.0006265941706126158
977.6666666666666,0.0009565503564601597
977.75,0.001300106889979761
977.8333333333333,0.0008859155456732164
977.9166666666666,0.00028293667371781446
978.0,0.00038739389566115455
978.0833333333333,0.0001898173363838418
978.1666666666666,0.0003410980688465758
978.25,0.0008126478842186982
978.3333333333333,0.0004376558859430659
978.4166666666666,0.0005961892739105083
978.5,0.0009016135392284543
978.5833333333333,0.0006042641716820528
978.6666666666666,0.00044525176314295825
978.75,0.0006399566830155156
978.8333333333333,0.0008788324835524029
978.9166666666666,0.0004244115577263414
979.0,0.0002432118374904137
979.0833333333333,0.0008933156436638155
979.1666666666666,0.0009106076291195886
979.25,0.00016012011981557137
979.3333333333333,0.0004907451108058836
979.4166666666666,0.0009842755479091113
979.5,0.0007537062171757841
979.5833333333333,0.0007488720594715491
979.6666666666666,0.0008723252481773376
979.75,0.00012230022546410105
979.8333333333333,0.0009895600571801797
979.9166666666666,0.0009880555628695904
980.0,0.0009977024263455618
980.0833333333333,0.0008070309154323388
980.1666666666666,0.000369948087913701
980.25,0.0004207627114211717
980.3333333333333,0.00036347723200106795
980.4166666666666,0.00024952399133127475
980.5,0.00026770685102156066
980.5833333333333,0.0007174728561899018
980.6666666666666,0.0006664699327884691
980.75,0.0009838073542261711
980.8333333333333,0.000999643954213365
980.9166666666666,0.0007443887144406064
981.0,0.0005384170368788586
981.0833333333333,0.00030111557392686276
981.1666666666666,0.00033740575178698904
981.25,0.0003338619930503481
981.3333333333333,0.00028803074260455217
981.4166666666666,0.0006117681363477022
981.5,0.00056846075175232
981.5833333333333,0.0006707037111107643
981.6666666666666,0.0005785736380801988
981.75,0.0005532361561374797
981.8333333333333,0.000572707211187318
981.9166666666666,0.00022072079569384202
982.0,0.0005655002180064376
982.0833333333333,0.0007465006227839601
982.1666666666666,0.00036878877397417397
982.25,0.0006164444409822758
982.3333333333333,0.0006806896526147741
982.4166666666666,0.000916973248959047
982.5,0.0008598926201099933
982.5833333333333,0.0008350180000131891
982.6666666666666,0.00036177874604970725
982.75,0.0005709065739439828
982.8333333333333,0.0009813948645601043
982.9166666666666,0.0004874097557419613
983.0,0.0007241235581282703
983.0833333333333,0.0010725434560365306
983.1666666666666,0.0015211049641280802
983.25,0.001588212199549574
983.3333333333333,0.0005740744689503441
983.4166666666666,0.00042450021464738094
983.5,0.0006404643652745159
983.5833333333333,0.0006239576289773388
983.6666666666666,0.0012151534016841229
983.75,0.0009506779278818408
983.8333333333333,0.00022421815274320295
983.9166666666666,0.00043926965994256685
984.0,0.00033695350953796556
984.0833333333333,0.0004887686634037915
984.1666666666666,0.0006131515951088374
984.25,0.0005273176442447209
984.3333333333333,0.0007462238509299091
984.4166666666666,0.0004149621747661957
984.5,0.0006697183065150821
984.5833333333333,0.0008120223465539084
984.6666666666666,0.0006543356551517959
984.75,0.0002550062382724768
984.8333333333333,0.000443599163394914
984.9166666666666,0.0006179626859116958
985.0,0.000646168339017778
985.0833333333333,0.0006100734421725669
985.1666666666666,0.0005679279449701833
985.25,0.0012795186255173609
985.3333333333333,0.0006291610526879225
985.4166666666666,0.0009686967609579695
985.5,0.0014024306425024502
985.5833333333333,0.0006432411467098947
985.6666666666666,0.0005805285697233188
985.75,0.0008376633519387467
985.8333333333333,0.0004739785544420963
985.9166666666666,0.0008591185621411317
986.0,0.0012410968122054168
986.0833333333333,0.001012008341709042
986.1666666666666,0.00083594687257216
986.25,0.0005945710297339789
986.3333333333333,0.0006879546624300485
986.4166666666666,0.0003981855797374874
986.5,0.0002528063037676442
986.5833333333333,0.00020456616489318187
986.6666666666666,0.0010012105303907485
986.75,0.001013506656869079
986.8333333333333,0.0008732307995795994
986.9166666666666,0.0010945724198905657
987.0,0.0008914427848503868
987.0833333333333,0.0005886105111203168
987.1666666666666,5.475066239502046e-05
987.25,0.00029551869858629177
987.3333333333333,0.00032191822347310854
987.4166666666666,0.00030477919664188494
987.5,0.0005309475195542476
987.5833333333333,0.0007522271684310553
987.6666666666666,0.000175937639130146
987.75,0.000819514615066288
987.8333333333333,0.0009925543515653598
987.9166666666666,0.0011725226362012866
988.0,0.0008866168805731894
988.0833333333333,0.0010050405675795712
988.1666666666666,0.0009186266258637535
988.25,0.0009437709628221156
988.3333333333333,0.0006670425766284337
988.4166666666666,0.0010229342814075666
988.5,0.0006706380527374699
988.5833333333333,0.0005657338835155268
988.6666666666666,0.0005560843158692175
988.75,0.000649984349669962
988.8333333333333,0.0017670203639642804
988.9166666666666,0.0013644128522786192
989.0,0.00018798581104376573
989.0833333333333,0.0012978354967041893
989.1666666666666,0.0013373438076842025
989.25,0.001088570083998534
989.3333333333333,0.0004229737215510317
989.4166666666666,0.00041135817140556933
989.5,0.0006181457078975396
989.5833333333333,0.0005273850144854036
989.6666666666666,0.0002893623990119428
989.75,0.000520232045848337
989.8333333333333,0.0004074310584875585
989.9166666666666,0.00020439558162120715
990.0,0.0003961960995100529
990.0833333333333,0.0007006227331749496
990.1666666666666,0.0002702249941481281
990.25,0.0006615214471470258
990.3333333333333,0.0009164106103795593
990.4166666666666,0.00048555418989628855
990.5,0.0004977422674065852
990.5833333333333,0.0006967266049970973
990.6666666666666,0.00030518623536050305
990.75,0.0003643169941368108
990.8333333333333,0.0005007469044172393
990.9166666666666,0.0008481490637355602
991.0,0.0011859331129416516
991.0833333333333,0.0010379131722448472
991.1666666666666,0.0010439768422485969
991.25,0.0006562259943593893
991.3333333333333,0.00017203635415379516
991.4166666666666,0.000242526238121886
991.5,0.0007248170588910764
991.5833333333333,0.000510673612150464
991.6666666666666,0.00028693853924237827
991.75,0.000567098578980209
991.8333333333333,0.0007482014540612922
991.9166666666666,0.0005497012669131139
992.0,0.00033006544223639154
992.0833333333333,0.0007114802220555727
992.1666666666666,0.0001974589475392792
992.25,0.00035043751356573187
992.3333333333333,0.0005625965834310658
992.4166666666666,0.000705290778950986
992.5,0.000727466191138682
992.5833333333333,0.0006880112585622134
992.6666666666666,0.0011227242442873404
992.75,0.0005785515837359199
992.8333333333333,0.00019291828315999657
992.9166666666666,0.00026796989503846875
993.0,0.0001835774400587297
993.0833333333333,0.00024804993755977707
993.1666666666666,0.0006008011841291109
993.25,0.00041049689546796225
993.3333333333333,0.0005308925391841338
993.4166666666666,0.0009027585982066709
993.5,0.0012722349500014643
993.5833333333333,0.0008669989071809694
993.6666666666666,0.00023991975531487142
993.75,0.00012210626046017366
993.8333333333333,0.0005887565453363717
993.9166666666666,0.0007172280060406609
994.0,0.0008552898309388211
994.0833333333333,0.0008071332417713929
994.1666666666666,0.000631032847799476
994.25,0.000519073711831673
994.3333333333333,0.0004566432474331852
994.4166666666666,0.0006638613639005025
994.5,0.0007006557687775183
994.5833333333333,0.0007384260814110068
994.6666666666666,0.00029285286709820397
994.75,0.0002019789131823322
994.8333333333333,0.0005628887761108068
994.9166666666666,0.0009457803120719306
995.0,0.0006354915090380101
995.0833333333333,0.0003119889404707214
995.1666666666666,0.0008068352248416922
995.25,0.000619284821102641
995.3333333333333,0.0002322693509877645
995.4166666666666,0.0003739989384530038
995.5,0.0010008865211805103
995.5833333333333,0.001234416952918127
995.6666666666666,0.0013563728658201517
995.75,0.001312981699996095
995.8333333333333,0.0005991945730921696
995.9166666666666,0.0006062607960097547
996.0,0.0006977156242023723
996.0833333333333,0.0005964818986155828
996.1666666666666,0.0010335982549240562
996.25,0.0013230024375899862
996.3333333333333,0.000909981657780374
996.4166666666666,0.0002958945353081645
996.5,0.0005551446634520879
996.5833333333333,0.0005930118341543762
996.6666666666666,5.150175923573609e-05
996.75,0.0003639568059052356
996.8333333333333,7.602403501432318e-05
996.9166666666666,0.00036857590548883685
997.0,0.00046166918165627515
997.0833333333333,0.0006276666966006634
997.1666666666666,0.0009719299010959395
997.25,0.0005975728581775508
997.3333333333333,0.000686378047693884
997.4166666666666,0.0011584496473261772
997.5,0.0013426340770176786
997.5833333333333,0.0010767115982102823
997.6666666666666,0.00048277935475362347
997.75,0.0006464271133204366
997.8333333333333,0.0007213279695338214
997.9166666666666,0.0008561668104081029
998.0,0.00012844049184520444
998.0833333333333,0.0003845193643072484
998.1666666666666,0.0007942077671359208
998.25,0.001330267504284062
998.3333333333333,0.0010133062674620298
998.4166666666666,0.00042439402988009425
998.5,0.00014488233610646537
998.5833333333333,0.00040487933314309
998.6666666666666,0.0004227560033389792
998.75,0.000781674737958486
998.8333333333333,0.00022274425788028758
998.9166666666666,0.0001387499365116342
999.0,0.0006591537156785093
999.0833333333333,0.0005771244568077532
999.1666666666666,0.000262209904716044
999.25,0.00011356212156203509
999.3333333333333,0.0003803583066321492
999.4166666666666,0.0005810824737061186
999.5,0.00010381210045640825
999.5833333333333,0.0013620348329531117
999.6666666666666,0.0015178080637939034
999.75,0.0005352786427629564
999.8333333333333,0.00077896074285875
999.9166666666666,0.0005622646675328442
1000.0,0.00040510476109823884
