frequency_hz,amplitude
0.0,5.7900590469096196e-05
0.08333333333333333,0.00034381267216963997
0.16666666666666666,0.00044864786712343815
0.25,0.0013593631546721253
0.3333333333333333,0.0022460360995053535
0.41666666666666663,0.000912366488178667
0.5,0.0007542146812145781
0.5833333333333333,0.0012703406520651014
0.6666666666666666,0.0015160170002019432
0.75,0.001392263616603099
0.8333333333333333,0.0019719012226975022
0.9166666666666666,0.0002683387965500675
1.0,0.001532095001796645
1.0833333333333333,0.0010742196627149421
1.1666666666666665,0.0008605857839551279
1.25,0.0017501126851699172
1.3333333333333333,0.001453873174985541
1.4166666666666665,0.0009796535353564797
1.5,0.0004393941488384355
1.5833333333333333,0.0011043348691882904
1.6666666666666665,0.001140808680691938
1.75,0.0001067021439759878
1.8333333333333333,0.0006150974610800951
1.9166666666666665,0.0005495988622160552
2.0,0.0004132185957183656
2.083333333333333,0.0009181562513450769
2.1666666666666665,0.0012036000555319972
2.25,0.0019016698414460083
2.333333333333333,0.0006677544519718481
2.4166666666666665,0.0011184523173439816
2.5,0.00038011328902792823
2.583333333333333,0.00022719772071771313
2.6666666666666665,0.0013372355636956034
2.75,0.0016923249726577179
2.833333333333333,0.0007411791181501524
2.9166666666666665,0.0013828940208594003
3.0,0.002519999060655762
3.083333333333333,0.001840201340077548
3.1666666666666665,0.0014728087749945494
3.25,0.0017350749603725296
3.333333333333333,0.0013942097443487582
3.4166666666666665,0.0011769357034696582
3.5,0.0007452667940553554
3.583333333333333,0.0013924340084157242
3.6666666666666665,0.0020202337408931647
3.75,0.0011967008949934444
3.833333333333333,0.0005535401546071708
3.9166666666666665,0.00031770329206893584
4.0,0.0009405059140537146
4.083333333333333,0.0004892673270915322
4.166666666666666,0.0007141150149309106
4.25,0.0012365275516058323
4.333333333333333,0.00205284653179001
4.416666666666666,0.0021697256218981293
4.5,0.002150645563536785
4.583333333333333,0.0021816317141348605
4.666666666666666,0.0007986885981108091
4.75,0.0016334721672088875
4.833333333333333,0.002845380718051092
4.916666666666666,0.0021890952784267568
5.0,0.0009534590854238699
5.083333333333333,0.0009288218883534277
5.166666666666666,0.0016783151185584527
5.25,0.0007257360989048944
5.333333333333333,0.00016450144647182704
5.416666666666666,0.00025883731902638207
5.5,0.0008168830242520734
5.583333333333333,0.0016429935655631397
5.666666666666666,0.0015143899142087288
5.75,0.00038012650146581554
5.833333333333333,0.001540139911412485
5.916666666666666,0.0005687887397681633
6.0,0.0006590158946822447
6.083333333333333,0.00019042225375370114
6.166666666666666,0.0008697514286559356
6.25,0.0007733315217796987
6.333333333333333,0.0007620026711911641
6.416666666666666,0.0009175218509248441
6.5,0.000728694002269546
6.583333333333333,0.0010153699333230193
6.666666666666666,0.0016078004557951806
6.75,0.0014171480545982407
6.833333333333333,0.0009053841066066731
6.916666666666666,0.0008167531370783873
7.0,0.001336430109625912
7.083333333333333,0.0016990019934207522
7.166666666666666,0.001246285076897034
7.25,0.0009829109508442536
7.333333333333333,0.0009485288720044796
7.416666666666666,0.0011403329673318207
7.5,0.0018561005465027043
7.583333333333333,0.0015872376346276894
7.666666666666666,0.0012211187425748137
7.75,0.0009322258101267743
7.833333333333333,0.00015129071472461678
7.916666666666666,0.0006670962313793153
8.0,0.0006283897654949645
8.083333333333332,0.0010604321149793568
8.166666666666666,0.000887089554995274
8.25,0.0010699121404370148
8.333333333333332,0.0014112198990950168
8.416666666666666,0.0009022358155719276
8.5,0.0006524858742153059
8.583333333333332,0.0004769033898467025
8.666666666666666,0.0004553660717080477
8.75,0.0006218325769119728
8.833333333333332,0.0019438187650750876
8.916666666666666,0.0022376796408655874
9.0,0.0018728989682771646
9.083333333333332,0.0009859688454300168
9.166666666666666,0.0010424664846376518
9.25,0.0017170963427613074
9.333333333333332,0.0016668394345995075
9.416666666666666,0.0007513739821176056
9.5,0.0011388407656862
9.583333333333332,0.0015657957217174608
9.666666666666666,0.0004968773445898074
9.75,0.0014750307484425796
9.833333333333332,0.0015570042033113437
9.916666666666666,0.0019642608303204515
10.0,0.000764279441050485
10.083333333333332,0.0011593219128451613
10.166666666666666,0.0017819952009115075
10.25,0.002228611585261855
10.333333333333332,0.0019374997418956672
10.416666666666666,0.0008389829357024691
10.5,0.0005670261637866853
10.583333333333332,0.0007479527136175898
10.666666666666666,0.00046339021998956367
10.75,0.001067639583884009
10.833333333333332,0.0014094232534026998
10.916666666666666,0.0008011745177170185
11.0,0.000879859520028501
11.083333333333332,0.0004752609122457087
11.166666666666666,0.0007870364234921187
11.25,0.0017524203005533888
11.333333333333332,0.0017302496083980365
11.416666666666666,0.0011796686940335813
11.5,0.0018223793607172172
11.583333333333332,0.0019244196178480066
11.666666666666666,0.0014994921286800734
11.75,0.001070066044983494
11.833333333333332,0.001101252323114614
11.916666666666666,0.0007284382363834576
12.0,0.0009029516269359711
12.083333333333332,0.0005488367178801199
12.166666666666666,0.001258776317254925
12.25,0.002093307784823537
12.333333333333332,0.0010066230803825753
12.416666666666666,0.0013472960368979914
12.5,0.0022022191349284526
12.583333333333332,0.002359037808103893
12.666666666666666,0.0013580247170758347
12.75,0.001256005941945413
12.833333333333332,0.0017656353715842
12.916666666666666,0.0012040057791748973
13.0,0.0011899529143081676
13.083333333333332,0.0012481109773047425
13.166666666666666,0.00035597905682642115
13.25,0.0013106891206008406
13.333333333333332,0.001168855755091041
13.416666666666666,0.0012378283430995174
13.5,0.0006571904298754058
13.583333333333332,0.0002809593374435894
13.666666666666666,0.0005296259398192264
13.75,0.0009876121624048813
13.833333333333332,0.0017494857786175266
13.916666666666666,0.0021870884755768806
14.0,0.001591082346245828
14.083333333333332,0.00011899759498977425
14.166666666666666,0.0010813719274042684
14.25,0.0006378162921999349
14.333333333333332,0.001488539173545382
14.416666666666666,0.0029601133691582295
14.5,0.0013969819688460577
14.583333333333332,0.0012876643615607364
14.666666666666666,0.0004787488012981792
14.75,0.0003913960380523763
14.833333333333332,0.0003540081913482417
14.916666666666666,0.0015225911182654502
15.0,0.0012294571331240838
15.083333333333332,0.0006146494473797177
15.166666666666666,0.001131371633273899
15.25,0.0008541156823882105
15.333333333333332,0.0020938604235354557
15.416666666666666,0.0018777758574535998
15.5,0.0017197055133828974
15.583333333333332,0.0014131328783926114
15.666666666666666,0.0011017754612783937
15.75,0.00040380643266786783
15.833333333333332,0.001640536952473064
15.916666666666666,0.0030830296086501027
16.0,0.0022907756702470875
16.083333333333332,0.0008140926942901448
16.166666666666664,0.0007985055015191712
16.25,0.0008163194729595556
16.333333333333332,0.002205895350811818
16.416666666666664,0.0025105143027323107
16.5,0.00014202725846861774
16.583333333333332,0.0007628009209057513
16.666666666666664,0.0004998751360362212
16.75,0.0011721687673377076
16.833333333333332,0.002069865046657652
16.916666666666664,0.0009938392478702422
17.0,0.0009286412240530281
17.083333333333332,0.000972183254681331
17.166666666666664,0.0012219877492491381
17.25,0.0008893459873975156
17.333333333333332,0.0007151852972323222
17.416666666666664,0.0012564070045655129
17.5,0.0017402413141199013
17.583333333333332,0.001316012180861111
17.666666666666664,0.0013777280450397388
17.75,0.000721719318568241
17.833333333333332,0.00025196804502498226
17.916666666666664,0.0013026903517618258
18.0,0.0010588697671552484
18.083333333333332,0.0008771871297077019
18.166666666666664,0.0008598691662185862
18.25,0.000754357240309086
18.333333333333332,0.0018726374483001994
18.416666666666664,0.0019288440281177129
18.5,0.00028197593857522216
18.583333333333332,0.0016103477634025571
18.666666666666664,0.002500452692710797
18.75,0.0014955650838300676
18.833333333333332,0.0005794156536709408
18.916666666666664,0.0009035532543863429
19.0,0.00107088374851024
19.083333333333332,0.0018171246290882917
19.166666666666664,0.00245856477263977
19.25,0.0020965158100429856
19.333333333333332,0.0011452547476351951
19.416666666666664,0.0010756627634211707
19.5,0.0008231828863588164
19.583333333333332,0.0018891608630540598
19.666666666666664,0.00018069319421191795
19.75,0.0010645854720701202
19.833333333333332,0.0002942832103497777
19.916666666666664,0.00012711257395787707
20.0,0.0004897747538094575
20.083333333333332,0.0017681647937960664
20.166666666666664,0.0017186582331263206
20.25,0.00035522783887971987
20.333333333333332,0.00042836544537648477
20.416666666666664,0.001069926390463139
20.5,0.0015131791091149323
20.583333333333332,0.00023915629620009982
20.666666666666664,0.001136851189721865
20.75,0.0007909473077552631
20.833333333333332,0.001234951728005117
20.916666666666664,0.0018485631066980385
21.0,0.00089970231038605
21.083333333333332,0.0007184572394518182
21.166666666666664,0.0010156437777895401
21.25,0.0008241935664276563
21.333333333333332,0.0025996639481644522
21.416666666666664,0.0014151862855504435
21.5,0.0011772477864373967
21.583333333333332,0.001699606204055489
21.666666666666664,0.0014160470726291316
21.75,0.0008672103751941357
21.833333333333332,0.0012316549974364197
21.916666666666664,0.0019761416499045506
22.0,0.0014900023686415845
22.083333333333332,0.0005710676442910446
22.166666666666664,0.0009209212873329331
22.25,0.0003557911748625413
22.333333333333332,0.0016052042336282446
22.416666666666664,0.0023950061481886405
22.5,0.0028411198579799094
22.583333333333332,0.0023321203052242925
22.666666666666664,0.0012431382666202523
22.75,0.0003972142824416884
22.833333333333332,0.0005862336964407957
22.916666666666664,0.0005418063391628183
23.0,0.001468435275491972
23.083333333333332,0.0012857861284596482
23.166666666666664,0.0011458155631030342
23.25,0.0018241138103628522
23.333333333333332,0.0016052836943446266
23.416666666666664,0.0008188209038741626
23.5,0.00025333569680452856
23.583333333333332,0.0013237137696215794
23.666666666666664,0.0014911650388567176
23.75,0.0006773177098860806
23.833333333333332,0.0005500366468616847
23.916666666666664,0.0005042698220277759
24.0,0.000594225912314668
24.083333333333332,0.0005368620954089136
24.166666666666664,0.0004106911850008589
24.25,0.0009729576207764754
24.333333333333332,0.0012971601151485369
24.416666666666664,0.0011461777152186206
24.5,0.0015091621119150034
24.583333333333332,0.004565304592588641
24.666666666666664,0.006130000036029546
24.75,0.0030521684814878857
24.833333333333332,0.0006376142027512519
24.916666666666664,0.000657630766495614
25.0,0.0008367074632083524
25.083333333333332,0.00018512463432836826
25.166666666666664,0.0001805540966703581
25.25,0.00117495603695415
25.333333333333332,0.0016320161721895602
25.416666666666664,0.00043604751026651536
25.5,0.0014707696226996594
25.583333333333332,0.0014014099003091674
25.666666666666664,0.0006737812790779802
25.75,0.00038338029340201
25.833333333333332,0.0009780609283766793
25.916666666666664,0.001574370522108167
26.0,0.0018903687204858447
26.083333333333332,0.0018555600911335565
26.166666666666664,0.0011311888451501768
26.25,0.0009859043197399872
26.333333333333332,0.0009158836663493092
26.416666666666664,0.0015819843307923755
26.5,0.0016892210482880008
26.583333333333332,0.001366077994798489
26.666666666666664,0.0018607012289005307
26.75,0.001102794457891976
26.833333333333332,0.0004889918508555334
26.916666666666664,0.0002689867718654851
27.0,0.0008530396594421854
27.083333333333332,0.0004591704919602524
27.166666666666664,0.0011287540717320572
27.25,0.0007130612868555947
27.333333333333332,0.0009795674050584208
27.416666666666664,0.000983101715939847
27.5,0.0006609569674615876
27.583333333333332,0.0009778747822147369
27.666666666666664,0.0003481512041014102
27.75,0.0008564298959894168
27.833333333333332,0.0010295061556414484
27.916666666666664,0.0011077997943864568
28.0,0.00145209127713363
28.083333333333332,0.0011997868558647484
28.166666666666664,0.0005663607513473457
28.25,0.0005967547040946317
28.333333333333332,0.0011538070476661355
28.416666666666664,0.0011351999087123026
28.5,0.0011439764392477193
28.583333333333332,0.00032763754246934124
28.666666666666664,0.000715684650978229
28.75,0.000123953519370798
28.833333333333332,0.001341083287437318
28.916666666666664,0.0013397139963460551
29.0,0.0008745023011893733
29.083333333333332,0.0008614102358897365
29.166666666666664,0.0014663458181763487
29.25,0.0014752001480196604
29.333333333333332,0.000887207444268374
29.416666666666664,0.0010758898229400104
29.5,0.0012070350150897122
29.583333333333332,0.00128256414197964
29.666666666666664,0.001499347796811562
29.75,0.0011590805567085046
29.833333333333332,0.0007478698691099759
29.916666666666664,0.0005627091349992155
30.0,0.0014883137881142295
30.083333333333332,0.0013067745326314395
30.166666666666664,0.0004967275805735462
30.25,0.0011513783928177833
30.333333333333332,0.0014347461657533767
30.416666666666664,0.00028314775483613113
30.5,0.0012638527671018538
30.583333333333332,0.0008018129968412475
30.666666666666664,0.000665577392893153
30.75,0.0012782554335526199
30.833333333333332,0.0013211722644320893
30.916666666666664,0.0010465385474875012
31.0,0.0017803233802484552
31.083333333333332,0.002032388070834918
31.166666666666664,0.00213896371215729
31.25,0.0006947519418517695
31.333333333333332,0.0014857703279347275
31.416666666666664,0.0024774632266666924
31.5,0.0007730922697928892
31.583333333333332,0.001125492144427079
31.666666666666664,0.0007896595606559239
31.75,0.0008278163905672543
31.833333333333332,0.0006637019005948637
31.916666666666664,0.00025669246932811396
32.0,0.0015517186033609759
32.08333333333333,0.0015868595134940072
32.166666666666664,0.0002725410682395892
32.25,0.000416023099826515
32.33333333333333,0.0012055568412225749
32.416666666666664,0.0019283352693580623
32.5,0.0003646370102473955
32.58333333333333,0.0012791212842837053
32.666666666666664,0.0006376558589177924
32.75,0.00017433506132571706
32.83333333333333,0.0012284255526174269
32.916666666666664,0.0024130199736695276
33.0,0.002271873037027251
33.08333333333333,0.001781882552216161
33.166666666666664,0.0009389888885587986
33.25,0.000532382504164689
33.33333333333333,0.0007443010772498759
33.416666666666664,0.0005002659882409165
33.5,0.0006700328154621105
33.58333333333333,0.001344675545730359
33.666666666666664,0.0017064705404339889
33.75,0.0016823785068952365
33.83333333333333,0.0011244272424285923
33.916666666666664,0.0008812701588531898
34.0,0.0017046721489160962
34.08333333333333,0.00039306439616889174
34.166666666666664,0.0007350851515923429
34.25,0.0005362841248924358
34.33333333333333,0.0014703523501544689
34.416666666666664,0.0022813160254037267
34.5,0.001966809961060485
34.58333333333333,0.0004718431052221957
34.666666666666664,0.0006283818870608745
34.75,8.869130681573495e-05
34.83333333333333,0.0011404369045503974
34.916666666666664,0.001403149214874461
35.0,0.0006176283810206401
35.08333333333333,0.001366763191773448
35.166666666666664,0.001743966206635879
35.25,0.0003177120011578202
35.33333333333333,0.0005010691317670813
35.416666666666664,0.0012928698221990906
35.5,0.0017500102718986234
35.58333333333333,0.0008957562715009905
35.666666666666664,0.0006671920008346583
35.75,0.0007078159855033031
35.83333333333333,0.0004052591556366959
35.916666666666664,0.0006325922133174146
36.0,0.0014787616855621863
36.08333333333333,0.0006685117376622602
36.166666666666664,0.0007468317101889677
36.25,0.00054610846723594
36.33333333333333,0.0008231066358289513
36.416666666666664,0.0009569340454827766
36.5,0.002131762679730863
36.58333333333333,0.0013928154258923322
36.666666666666664,0.000277483892576404
36.75,0.0007689555177546134
36.83333333333333,0.0010305026579526966
36.916666666666664,0.0003124287237896415
37.0,0.0008473548425128441
37.08333333333333,0.0007684639631698142
37.166666666666664,0.00015259828223096447
37.25,0.0005873936993888127
37.33333333333333,0.001468909435645855
37.416666666666664,0.0020942816986130736
37.5,0.001557771331250987
37.58333333333333,0.0009050805265093354
37.666666666666664,0.001311225338675076
37.75,0.00037574416883850813
37.83333333333333,0.00039712468581046376
37.916666666666664,0.0007119226017670276
38.0,0.00035061915045779557
38.08333333333333,0.0010662804621208476
38.166666666666664,0.0013557751642215194
38.25,0.00104630939457269
38.33333333333333,0.0018517992913993201
38.416666666666664,0.000618428875619364
38.5,0.0018493859897403997
38.58333333333333,0.0012330290030856787
38.666666666666664,0.0014677671109171874
38.75,0.0015975586050203396
38.83333333333333,0.001195862276968167
38.916666666666664,0.0016917970144196706
39.0,0.0012886790454140586
39.08333333333333,0.0007317825422076057
39.166666666666664,0.0006311197434700248
39.25,0.0008871614392538169
39.33333333333333,0.0004771587230415548
39.416666666666664,0.0010102333823291524
39.5,0.0003201230060119297
39.58333333333333,0.00010238183578018571
39.666666666666664,0.0007552022806524758
39.75,0.0008513170564745742
39.83333333333333,0.00021350591543093977
39.916666666666664,0.0006653208087243298
40.0,0.0003496071188821615
40.08333333333333,0.0013181291479669776
40.166666666666664,0.001373112033940513
40.25,0.0020754944446917277
40.33333333333333,0.0012240235861769532
40.416666666666664,0.0006897479918276028
40.5,5.4045359449426585e-05
40.58333333333333,0.0011545659414757584
40.666666666666664,0.0009834590398622887
40.75,0.001119639328031947
40.83333333333333,0.0018086201110885198
40.916666666666664,0.0023710941258773518
41.0,0.0029014715138353177
41.08333333333333,0.0011733059297041651
41.166666666666664,0.0003304904821078492
41.25,0.000695607405245339
41.33333333333333,0.00022452739123217998
41.416666666666664,0.0009988477076637602
41.5,0.0011307183043350773
41.58333333333333,0.0018030706982701656
41.666666666666664,0.002135067242894133
41.75,0.0010172385921383667
41.83333333333333,0.0013847225538097287
41.916666666666664,0.0017251658601508378
42.0,0.0014964935036605273
42.08333333333333,0.0009688958773478674
42.166666666666664,0.0008293226929820024
42.25,0.0003556615519068372
42.33333333333333,0.0011331291550434471
42.416666666666664,0.0012230040460681256
42.5,0.00038462127818232595
42.58333333333333,0.0017048918915582142
42.666666666666664,0.0016335922652283448
42.75,0.0009721547524388828
42.83333333333333,0.0013521490981313088
42.916666666666664,0.0019010942091529954
43.0,0.0008914750531968843
43.08333333333333,0.0009336112661047798
43.166666666666664,0.0021109830680408202
43.25,0.0022031237020974036
43.33333333333333,0.001194707143591721
43.416666666666664,0.0019390799381464703
43.5,0.0023594677189724173
43.58333333333333,0.0008096520183167145
43.666666666666664,0.000720797542039845
43.75,0.0013342705991484483
43.83333333333333,0.0007202685746613465
43.916666666666664,0.00019260925893190353
44.0,0.0007945466278166342
44.08333333333333,0.0009446800077942671
44.166666666666664,0.0016749300141936365
44.25,0.001243528021936
44.33333333333333,0.0006234043979196722
44.416666666666664,0.001886480302459405
44.5,0.001139202358003354
44.58333333333333,0.0009089312544585554
44.666666666666664,0.0006553461758572062
44.75,0.0020331211038631556
44.83333333333333,0.0008044206608061939
44.916666666666664,0.0011670687956468796
45.0,0.0017503244939346436
45.08333333333333,0.001429666140430731
45.166666666666664,0.0008242512143050175
45.25,0.0010508154461691319
45.33333333333333,0.0007137001274867832
45.416666666666664,0.0014854980758526844
45.5,0.0013914903556170733
45.58333333333333,0.0004246606815530781
45.666666666666664,0.001632685362956282
45.75,0.0013608901638845336
45.83333333333333,0.002264474713829917
45.916666666666664,0.002418408187169697
46.0,0.0016858132523989028
46.08333333333333,0.001428672931070195
46.166666666666664,0.001612623598582718
46.25,0.001132033781738163
46.33333333333333,0.0012930992269460278
46.416666666666664,0.0013950403681604704
46.5,0.0007073709397116244
46.58333333333333,0.0006960107315118672
46.666666666666664,0.001243032092318764
46.75,0.000984107546731604
46.83333333333333,0.0005494089086771571
46.916666666666664,0.00042309013540995223
47.0,0.0016467089044371612
47.08333333333333,0.002029315383620482
47.166666666666664,0.0010166775252769434
47.25,0.0003798648450203003
47.33333333333333,0.0013411787549534972
47.416666666666664,0.001880312471465281
47.5,0.0017423922388882529
47.58333333333333,0.00020379871472998864
47.666666666666664,0.0019193797793942574
47.75,0.0018014184066945937
47.83333333333333,0.00031912791025442375
47.916666666666664,0.0005334796401889062
48.0,0.0004409033174618009
48.08333333333333,0.0008970219288827944
48.166666666666664,0.001196353373194824
48.25,0.0014081880275176445
48.33333333333333,0.0011905984739503234
48.416666666666664,0.000877846204183008
48.5,0.000428550892790922
48.58333333333333,0.0013314057614936027
48.666666666666664,0.0012250165117339404
48.75,0.00035323748013471503
48.83333333333333,0.0010006747136592988
48.916666666666664,0.0008283248117322547
49.0,0.000987007486672015
49.08333333333333,0.0006798823141138683
49.166666666666664,0.0010619134297306058
49.25,0.001956192393448487
49.33333333333333,0.0013689103992170278
49.416666666666664,0.0010559984862443408
49.5,0.0006440689684036207
49.58333333333333,0.0010398655548907768
49.666666666666664,0.0015073099496186455
49.75,0.0013473180062607548
49.83333333333333,0.0003962872665947927
49.916666666666664,0.0014382736703471212
50.0,0.0019140366669545372
50.08333333333333,0.0001978057212058575
50.166666666666664,0.0016408284943714385
50.25,0.00267677942569548
50.33333333333333,0.0017917142476953864
50.416666666666664,0.0004606086043649001
50.5,0.001003947696395126
50.58333333333333,0.0007497255949870389
50.666666666666664,0.001602677953365336
50.75,0.0022326196581916114
50.83333333333333,0.0017035939603424954
50.916666666666664,0.0009033735577666792
51.0,0.0014849245090808002
51.08333333333333,0.0010789679481963818
51.166666666666664,0.0011927478353375399
51.25,0.0007693327804277508
51.33333333333333,0.0005539686221469565
51.416666666666664,0.001189343402951232
51.5,0.002154044978274389
51.58333333333333,0.0009140622000862199
51.666666666666664,0.000895745345350791
51.75,0.0003991346784261683
51.83333333333333,0.001033620174783751
51.916666666666664,0.0010655928917130374
52.0,0.00036275293369519596
52.08333333333333,0.001047768300951305
52.166666666666664,0.0012482248140341765
52.25,0.0011444980900572554
52.33333333333333,0.0011721656696136195
52.416666666666664,0.0007058748903663256
52.5,0.0008736658650037683
52.58333333333333,0.0002462316805941953
52.666666666666664,0.00015802604246431122
52.75,0.0006331017556942195
52.83333333333333,0.0016859757698076065
52.916666666666664,0.001384191159902251
53.0,0.002197428065857685
53.08333333333333,0.0017411368711386342
53.166666666666664,0.0005689408055513015
53.25,0.0008187895234982775
53.33333333333333,0.0011138625755051776
53.416666666666664,0.0015285270548992724
53.5,0.0020852162861635616
53.58333333333333,0.002537352141306765
53.666666666666664,0.002226241957435477
53.75,0.0015660024301342164
53.83333333333333,0.0009886198753965923
53.916666666666664,0.001043134273447043
54.0,0.0008842735931934968
54.08333333333333,0.0010015155206640188
54.166666666666664,0.0017007775472663862
54.25,0.001379567274282406
54.33333333333333,0.00155917154225025
54.416666666666664,0.0016310619160109126
54.5,0.0004050937658585147
54.58333333333333,0.00035169037312765365
54.666666666666664,0.0014435123280435703
54.75,0.0013170994653145616
54.83333333333333,0.0005663492516073946
54.916666666666664,0.0008534539217473487
55.0,0.0008497093289683793
55.08333333333333,0.0018056512469166756
55.166666666666664,0.0023376020258836666
55.25,0.002171496474673563
55.33333333333333,0.002109725662075634
55.416666666666664,0.000882770251684968
55.5,0.00016135722547385077
55.58333333333333,0.000596594803120294
55.666666666666664,0.0007263805397296754
55.75,0.0005898474230902783
55.83333333333333,0.0010156645270731795
55.916666666666664,0.0015801858636503388
56.0,0.0014532393898279438
56.08333333333333,0.0004733676018421113
56.166666666666664,0.0014490990396368963
56.25,0.0017935345325635283
56.33333333333333,0.0008702215978222554
56.416666666666664,0.00047410779396779324
56.5,0.0008766099955985361
56.58333333333333,0.0010603089170871953
56.666666666666664,0.0004442311614433807
56.75,0.0008129636383261569
56.83333333333333,0.0007242365035485237
56.916666666666664,0.0006672974725914192
57.0,0.001388983071950762
57.08333333333333,0.0014307606580612018
57.166666666666664,0.0016742708970460573
57.25,0.0019856846819431267
57.33333333333333,0.0011844652413541177
57.416666666666664,0.0005201404606826758
57.5,0.001384831004549821
57.58333333333333,0.0006528451620776796
57.666666666666664,0.0007599673334241983
57.75,0.0014506708598900236
57.83333333333333,0.0009347321802796241
57.916666666666664,0.0011431720730888026
58.0,0.000611110515477248
58.08333333333333,0.00039171991900137766
58.166666666666664,0.0014031984312600696
58.25,0.0009746629434176007
58.33333333333333,0.001609818587584063
58.416666666666664,0.0024039575522606924
58.5,0.0014283773730914711
58.58333333333333,0.00046673456430941355
58.666666666666664,0.000599973222991987
58.75,0.0007081009965260947
58.83333333333333,0.0003583919860346887
58.916666666666664,0.0012077590644662517
59.0,0.0018942110289118569
59.08333333333333,0.0016036184620763661
59.166666666666664,0.0015186492894212651
59.25,0.0008953309469279879
59.33333333333333,0.0008180133231653802
59.416666666666664,0.00037452513926122214
59.5,0.001582398778676396
59.58333333333333,0.0020548563971619503
59.666666666666664,0.0013901545422476853
59.75,0.0009197908264867299
59.83333333333333,0.001158575322419144
59.916666666666664,0.0010879009917612436
60.0,0.0007242095424665939
60.08333333333333,0.00017089181028039262
60.166666666666664,0.0009783424319886424
60.25,0.0006922773960086351
60.33333333333333,0.0008249232481555774
60.416666666666664,0.0015601734305331297
60.5,0.0018193989387645059
60.58333333333333,0.001896454094148663
60.666666666666664,0.0018389206942728204
60.75,0.001413740479657193
60.83333333333333,0.0016172408081023247
60.916666666666664,0.0023472516696357248
61.0,0.001788349262987172
61.08333333333333,0.0019312230821210545
61.166666666666664,0.0017682352637401763
61.25,0.0014192618322466965
61.33333333333333,0.0009331784896594846
61.416666666666664,0.001257736331954487
61.5,0.0014320045044619015
61.58333333333333,0.0005470394169694498
61.666666666666664,0.0018254425668665524
61.75,0.0015534624840739721
61.83333333333333,0.0014394243588449983
61.916666666666664,0.0011758353040392815
62.0,0.0008883812479885338
62.08333333333333,0.001937656641497132
62.166666666666664,0.0019096282415734757
62.25,0.0006218496343112728
62.33333333333333,0.0006271865725180978
62.416666666666664,0.00042139776345970795
62.5,0.0010493899984688644
62.58333333333333,0.001220591434921956
62.666666666666664,0.0008129431246703453
62.75,0.0010448508821902635
62.83333333333333,0.0011994702110064328
62.916666666666664,0.0007102066542320496
63.0,0.0007983302662793328
63.08333333333333,0.0006459591533826952
63.166666666666664,0.0008161975959287876
63.25,0.0008596688381885063
63.33333333333333,0.00019008874061868862
63.416666666666664,0.0010136478532673996
63.5,0.0013960285518294488
63.58333333333333,0.0006498150173136506
63.666666666666664,0.0020352769072355986
63.75,0.0018887502749180712
63.83333333333333,0.0007080417763762431
63.916666666666664,0.001280286381158106
64.0,0.001557270501482947
64.08333333333333,0.0006922749546553286
64.16666666666666,0.000875266117399943
64.25,0.0005885347943511985
64.33333333333333,0.0003753295734519949
64.41666666666666,0.001019908947116343
64.5,0.001346267977514669
64.58333333333333,0.0010118430226220912
64.66666666666666,0.00032479889321617626
64.75,0.00031872197345453535
64.83333333333333,0.0007459794247116439
64.91666666666666,0.0014743992086966927
65.0,0.0008508748954796977
65.08333333333333,0.0011985614933566347
65.16666666666666,0.0013351609882558816
65.25,0.0015131386915104208
65.33333333333333,0.0006417936892555115
65.41666666666666,0.00013817773842755268
65.5,0.0010268915153928456
65.58333333333333,0.0020246986395328235
65.66666666666666,0.00188131647043809
65.75,0.0021523043339299647
65.83333333333333,0.0027453903054574925
65.91666666666666,0.0021782839967509765
66.0,0.0015619930222820252
66.08333333333333,0.0008155194771264069
66.16666666666666,0.0015530606854775057
66.25,0.001270259746205184
66.33333333333333,0.0009736359529724343
66.41666666666666,0.0011852002342417807
66.5,0.003341762294490854
66.58333333333333,0.0022440302691732
66.66666666666666,0.0004933662926510669
66.75,0.0006977527543018812
66.83333333333333,0.0007188960155623647
66.91666666666666,0.0011748140176571326
67.0,0.0005022841863811979
67.08333333333333,0.00078218863588198
67.16666666666666,0.0012313019027210032
67.25,0.0010405371823027326
67.33333333333333,0.0008577739696768147
67.41666666666666,0.00042586963178527833
67.5,0.0013544106433669135
67.58333333333333,0.00200075866322654
67.66666666666666,0.0011361634423988178
67.75,0.0013012763468880123
67.83333333333333,0.0011863343605809675
67.91666666666666,0.0011683056525747504
68.0,0.0010416970586077968
68.08333333333333,0.0012977028317378244
68.16666666666666,0.0018490418161761998
68.25,0.0017506668779167906
68.33333333333333,0.00076455470792605
68.41666666666666,0.00094422333754952
68.5,0.0008488990204274094
68.58333333333333,0.0017235613126619803
68.66666666666666,0.0017690824009590647
68.75,0.0018832999373075692
68.83333333333333,0.0017870653967957967
68.91666666666666,0.0010948351170189617
69.0,0.0008410952129967292
69.08333333333333,0.0012038464424956184
69.16666666666666,0.0007837554389616278
69.25,0.0010908103271782467
69.33333333333333,0.0016447811208677439
69.41666666666666,0.0018316107741567758
69.5,0.0015639023439692008
69.58333333333333,0.00014437895219870044
69.66666666666666,0.00013153390402314449
69.75,0.0008526153184430654
69.83333333333333,0.0009379054650983007
69.91666666666666,0.00139076795805435
70.0,0.001589906997122904
70.08333333333333,0.001328070094883726
70.16666666666666,0.00014449140284480226
70.25,0.001272985540261336
70.33333333333333,0.0006104777590885691
70.41666666666666,0.0005531612625164472
70.5,0.0008776472299586109
70.58333333333333,0.000757194335798625
70.66666666666666,0.00100077851568923
70.75,0.001357876252384542
70.83333333333333,0.0007673470500915032
70.91666666666666,0.0012476725523446585
71.0,0.0021556036216930914
71.08333333333333,0.001210270102764428
71.16666666666666,0.00031224888293939146
71.25,0.0006640814577812247
71.33333333333333,0.0008315845206139413
71.41666666666666,0.0010839819547581004
71.5,0.0009002178517539511
71.58333333333333,0.0006692899462929154
71.66666666666666,0.001046329681119146
71.75,0.0003115526471120621
71.83333333333333,0.0009035514751480799
71.91666666666666,0.0008486560059241492
72.0,0.0010737222612316533
72.08333333333333,0.000841289938787134
72.16666666666666,0.0007021542736316364
72.25,0.0019165594920764883
72.33333333333333,0.001172358794639891
72.41666666666666,0.0006000899245849079
72.5,0.000642952694093476
72.58333333333333,0.0006349799918975855
72.66666666666666,0.0008740704984814572
72.75,0.0003170659098528147
72.83333333333333,0.0008336665877963259
72.91666666666666,0.000813807595914301
73.0,0.0008028345367929482
73.08333333333333,0.0006716101989487792
73.16666666666666,0.0007012000281637221
73.25,0.0020586145425927987
73.33333333333333,0.002536344297662572
73.41666666666666,0.001993007062281783
73.5,0.0016345292466751046
73.58333333333333,0.0008140890506097291
73.66666666666666,0.000986754045416328
73.75,0.0015282659025882192
73.83333333333333,0.0006227478128713619
73.91666666666666,0.001466002914433881
74.0,0.0010098243705560673
74.08333333333333,0.002215937637614068
74.16666666666666,0.00217407458721979
74.25,0.0005544151009423315
74.33333333333333,0.0022224688073015156
74.41666666666666,0.0013275061040580658
74.5,0.002053003283927796
74.58333333333333,0.006116352098611901
74.66666666666666,0.0039774648617897515
74.75,0.0006519331404596089
74.83333333333333,0.0015307396832998665
74.91666666666666,0.002032415589737671
75.0,0.0018845553885765349
75.08333333333333,0.0014744409291523107
75.16666666666666,0.0012709001113347857
75.25,0.0008001445685828895
75.33333333333333,0.0006279440117149716
75.41666666666666,0.001172086955252277
75.5,0.00043337403935156323
75.58333333333333,0.0010049215396164017
75.66666666666666,0.0008188077701011186
75.75,0.0003540561863965428
75.83333333333333,0.0016643200504088923
75.91666666666666,0.002067487122996125
76.0,0.0011169204923237779
76.08333333333333,0.000561175207828565
76.16666666666666,0.0005431271233403954
76.25,0.0007716992571106658
76.33333333333333,0.00018736570731492884
76.41666666666666,0.0004146452615365777
76.5,0.0006917741172271639
76.58333333333333,0.0007269374144097666
76.66666666666666,0.0003253773220355703
76.75,0.0006721508967098785
76.83333333333333,0.0012829010860875597
76.91666666666666,0.0013304221079264275
77.0,0.0010511398186905968
77.08333333333333,0.0006667241574009799
77.16666666666666,0.0006401565415299701
77.25,0.00020072780153601745
77.33333333333333,8.731047087073498e-05
77.41666666666666,0.0010185398257172775
77.5,0.0005592321333174773
77.58333333333333,0.0005336532365891153
77.66666666666666,0.0005718901358625757
77.75,0.00048359823659743415
77.83333333333333,0.0005244002190616802
77.91666666666666,0.0012492657737447636
78.0,0.0010659418338598058
78.08333333333333,0.0005037698658253867
78.16666666666666,0.000795597250095272
78.25,0.00019342989623921582
78.33333333333333,0.0011938231600733392
78.41666666666666,0.0010176731574058622
78.5,0.00045045622315955427
78.58333333333333,0.0005697243391216544
78.66666666666666,0.00039594988485099655
78.75,0.0005074175956694318
78.83333333333333,0.00026996906802400803
78.91666666666666,0.00045294121379006627
79.0,0.0009128923587976347
79.08333333333333,0.0013550974931740933
79.16666666666666,0.0014823483313620024
79.25,0.0015938677275722129
79.33333333333333,0.0010161220429738794
79.41666666666666,0.0015017893210067846
79.5,0.00027412776540237363
79.58333333333333,0.0003055323537407569
79.66666666666666,0.00028682449773741333
79.75,0.00048640140025215235
79.83333333333333,0.00015041631271482065
79.91666666666666,0.00024331115404818574
80.0,0.0011070544214700898
80.08333333333333,0.001092565813665033
80.16666666666666,0.0003076255429061015
80.25,0.0013507908131659401
80.33333333333333,0.0008299641221819581
80.41666666666666,0.0005821333850143275
80.5,0.000632609766729653
80.58333333333333,0.0005746595516214468
80.66666666666666,0.0010779780836632157
80.75,0.000554122337026684
80.83333333333333,0.0012329533900988124
80.91666666666666,0.0013377868729366532
81.0,0.0010361680032944008
81.08333333333333,0.0008925599722723814
81.16666666666666,0.0014616045189168507
81.25,0.0015730413095607807
81.33333333333333,0.0015258147921884057
81.41666666666666,0.00019619239536429277
81.5,0.0014826108749231696
81.58333333333333,0.002000341115895066
81.66666666666666,0.001951018973030041
81.75,0.0018340271916809825
81.83333333333333,0.001354542290898169
81.91666666666666,0.001345787275275905
82.0,0.0012123434563066885
82.08333333333333,0.0008413195901980389
82.16666666666666,0.0018147230326613837
82.25,0.0015709004280724077
82.33333333333333,0.0005089456115744573
82.41666666666666,0.0006429288904110604
82.5,0.0003047454926166132
82.58333333333333,0.001236692733402004
82.66666666666666,0.0010174871952722704
82.75,0.0009537607213312324
82.83333333333333,0.0005977766778999383
82.91666666666666,0.0005843707420471463
83.0,0.0007299795065627203
83.08333333333333,0.0007886630998422081
83.16666666666666,0.0012053401925518662
83.25,0.00025216239738602117
83.33333333333333,0.00127446917637198
83.41666666666666,0.002138446112700176
83.5,0.0011858967489723083
83.58333333333333,0.0013745207022245727
83.66666666666666,0.0025589492452881917
83.75,0.002543940622367915
83.83333333333333,0.001484935570943998
83.91666666666666,0.0006772455024061651
84.0,0.0009915538620502511
84.08333333333333,0.0018467197702474658
84.16666666666666,0.0017981219881653978
84.25,0.0010229049893738852
84.33333333333333,0.00026988212957713585
84.41666666666666,0.0007760049728286968
84.5,0.00155756735672055
84.58333333333333,0.0016945966231088827
84.66666666666666,0.0010330559867045002
84.75,0.00042896130558442983
84.83333333333333,0.0012175553833313638
84.91666666666666,0.000526498236860142
85.0,0.0008647621440321584
85.08333333333333,0.0015431919133946873
85.16666666666666,0.0018944035355435403
85.25,0.0009515528837431246
85.33333333333333,0.00031379141989306314
85.41666666666666,0.0006083753910056832
85.5,0.00036685760657481246
85.58333333333333,0.0012336210202806943
85.66666666666666,0.0009033636099708665
85.75,0.00034529862054884155
85.83333333333333,0.001300506021874591
85.91666666666666,0.0015964190305835994
86.0,0.0006982688685945035
86.08333333333333,0.0001326000086958475
86.16666666666666,0.00036238019371748464
86.25,0.00023710848360391652
86.33333333333333,0.0008325231501540287
86.41666666666666,0.0012642815143723365
86.5,0.0018570886246426646
86.58333333333333,0.002424279420398213
86.66666666666666,0.0018958951671891719
86.75,0.0012256184443291194
86.83333333333333,0.0012359468020177497
86.91666666666666,0.0008766074477363237
87.0,0.0006380776475214195
87.08333333333333,0.0007215289887436099
87.16666666666666,0.0002630886473727009
87.25,0.0009366828737979337
87.33333333333333,0.000935153122840962
87.41666666666666,0.000924323416285741
87.5,0.0004947105247339522
87.58333333333333,0.000713256448342693
87.66666666666666,0.0005373533156891572
87.75,0.0008982512817935427
87.83333333333333,0.0007331668619535393
87.91666666666666,0.0008737720245906642
88.0,0.001575318715722249
88.08333333333333,0.0009470300441516069
88.16666666666666,0.00025066364234205697
88.25,0.0008115009748081276
88.33333333333333,0.000725415547448666
88.41666666666666,0.0006614525805891777
88.5,0.0009981922458285818
88.58333333333333,0.000473659652163653
88.66666666666666,0.0004599459679970165
88.75,0.00035332433169386814
88.83333333333333,0.00036734811121089225
88.91666666666666,0.0009733495145748506
89.0,0.0016350149829374
89.08333333333333,0.0015393748150323095
89.16666666666666,0.0012771451290243003
89.25,0.0009918723851285755
89.33333333333333,0.0013808884812380776
89.41666666666666,0.0014947533834345158
89.5,0.0013170597682096617
89.58333333333333,0.0005764502430285996
89.66666666666666,0.00023147702225926654
89.75,0.0008057357510310632
89.83333333333333,0.001208945027617529
89.91666666666666,0.001133774504773557
90.0,0.000533941636936249
90.08333333333333,0.0005876402707607881
90.16666666666666,0.0010263004042180988
90.25,0.0010420350737976563
90.33333333333333,0.0008571655028436102
90.41666666666666,0.0015656113355854782
90.5,0.000676171657166482
90.58333333333333,0.0002273632947916753
90.66666666666666,0.00045948025772760587
90.75,0.0007539570438525241
90.83333333333333,0.0011068726916691005
90.91666666666666,0.0008008320971195807
91.0,0.0007445460130243709
91.08333333333333,0.001455089680509839
91.16666666666666,0.0005043091501901232
91.25,0.0009907430870703695
91.33333333333333,0.0007150080572851666
91.41666666666666,0.001451673518278014
91.5,0.0010444916378004546
91.58333333333333,0.0007892246028762972
91.66666666666666,0.0012488677678879018
91.75,0.0007207571067181933
91.83333333333333,0.0015606408395928658
91.91666666666666,0.0018852427557733318
92.0,0.001330418920151664
92.08333333333333,0.0007878321042338346
92.16666666666666,8.60599593137017e-05
92.25,0.0010673505210764566
92.33333333333333,0.0019469306598165414
92.41666666666666,0.000653098758966018
92.5,0.0006578690733695703
92.58333333333333,0.0006671988794898417
92.66666666666666,0.0009963991194880206
92.75,0.0008136013411216784
92.83333333333333,0.0006128851350643513
92.91666666666666,0.000994992680565259
93.0,0.0009497237193192534
93.08333333333333,0.0009537011133139741
93.16666666666666,0.0010991361077618675
93.25,0.0020193483880159976
93.33333333333333,0.0006856009757934577
93.41666666666666,0.0015039344244500504
93.5,0.0017894051139116607
93.58333333333333,0.0005293838047709502
93.66666666666666,0.00039596955423829537
93.75,5.8147196170069376e-05
93.83333333333333,0.0007051981096313168
93.91666666666666,0.0003708123345729426
94.0,0.0007502680072476684
94.08333333333333,0.00028626791803654965
94.16666666666666,0.000759324486159686
94.25,0.0006952902143664696
94.33333333333333,0.0005504794703824252
94.41666666666666,0.0010673851036765683
94.5,0.0018785564904983496
94.58333333333333,0.0012862611770018653
94.66666666666666,0.0005813088062757152
94.75,0.0010104304518057734
94.83333333333333,0.0007916128370616427
94.91666666666666,0.001024143450154339
95.0,0.001222595168539879
95.08333333333333,0.0006405665335523498
95.16666666666666,0.00022008031094819075
95.25,0.0008878325254773366
95.33333333333333,0.0015655166869554264
95.41666666666666,0.0015662277882123184
95.5,0.0018673842120158035
95.58333333333333,0.0014489870885515768
95.66666666666666,0.0005732246669057451
95.75,0.0006637250734461205
95.83333333333333,0.00041938161592115455
95.91666666666666,0.0005186370693343505
96.0,0.0010905857684398658
96.08333333333333,0.0013733203435244423
96.16666666666666,0.001292693418061451
96.25,0.0003317490763391808
96.33333333333333,0.0017599422072835306
96.41666666666666,0.001985913507279187
96.5,0.0012231563288934064
96.58333333333333,0.000879284984219407
96.66666666666666,0.0006114652622805555
96.75,0.0004483854563010168
96.83333333333333,0.000829640291749191
96.91666666666666,0.0013686925498702287
97.0,0.0007622551549901673
97.08333333333333,0.00038148678012387045
97.16666666666666,0.001137474374416362
97.25,0.0012408577420357173
97.33333333333333,0.001085497237535195
97.41666666666666,0.0011698485369495218
97.5,0.0006502292905764202
97.58333333333333,0.0008730674549891274
97.66666666666666,0.0020946255850404923
97.75,0.0015039870204255794
97.83333333333333,0.00028786683335756293
97.91666666666666,0.0007259544381636446
98.0,0.0005728159394583872
98.08333333333333,0.0005893020153481119
98.16666666666666,0.0006419851034394249
98.25,0.0006155978621812273
98.33333333333333,0.0008948527924803931
98.41666666666666,0.0005586546638543388
98.5,0.000632605395755573
98.58333333333333,0.0006034961055560375
98.66666666666666,0.0007656363611578246
98.75,0.0008073030429076109
98.83333333333333,0.0005993356846708181
98.91666666666666,0.0012699181858690566
99.0,0.0010594454111616655
99.08333333333333,0.0001024411362239464
99.16666666666666,0.0021996363496593683
99.25,0.003560815317366877
99.33333333333333,0.0013487910034274747
99.41666666666666,0.0006449121754441519
99.5,0.0016674592189564077
99.58333333333333,0.0023118666504089898
99.66666666666666,0.00083938223966645
99.75,0.0005946803117589787
99.83333333333333,0.0011164309128458782
99.91666666666666,0.0021944228587237025
100.0,0.001260495328435297
100.08333333333333,0.0008646813993101162
100.16666666666666,0.0007595369782944881
100.25,0.0009675574430002031
100.33333333333333,0.0006589215267486956
100.41666666666666,0.0008569918843069861
100.5,0.0005782958144910155
100.58333333333333,0.0008461109436086641
100.66666666666666,0.0006997445902158642
100.75,0.0010350060226194113
100.83333333333333,0.0009237209837097269
100.91666666666666,0.00020397923228943364
101.0,0.00029316132846516106
101.08333333333333,0.0004254906658327501
101.16666666666666,0.0003260337173123387
101.25,0.00042862007336249674
101.33333333333333,0.0008637630022058684
101.41666666666666,0.0008821377590883951
101.5,0.0007157960930707093
101.58333333333333,0.0016658481633804799
101.66666666666666,0.0026512189311864607
101.75,0.0015894225263797669
101.83333333333333,0.0010407957444473156
101.91666666666666,0.0011679980599066742
102.0,0.001705484817243432
102.08333333333333,0.0013221514443554773
102.16666666666666,0.00043123956375205874
102.25,0.000991815937933089
102.33333333333333,0.0013767503943695836
102.41666666666666,0.0013372996526607249
102.5,0.0013901052864984124
102.58333333333333,0.001295959454967282
102.66666666666666,0.0013532552934794448
102.75,0.0010687839200788584
102.83333333333333,0.001110438198888116
102.91666666666666,0.0011661276170767093
103.0,0.0008713844871804302
103.08333333333333,0.0004216963430959451
103.16666666666666,0.00045211531762476997
103.25,0.0009170337656552894
103.33333333333333,0.00025620694783940726
103.41666666666666,0.000820055401841424
103.5,0.000710893435949492
103.58333333333333,0.0005419665794823322
103.66666666666666,0.0016239965999008078
103.75,0.0011243840995523982
103.83333333333333,0.0008800424871725613
103.91666666666666,0.001661373410599919
104.0,0.000743990242379348
104.08333333333333,8.783574175082351e-05
104.16666666666666,0.00020267981787233004
104.25,0.001260790344367435
104.33333333333333,0.001286388936312704
104.41666666666666,0.0003795141455489486
104.5,0.0013179419220034354
104.58333333333333,0.0018488857878030099
104.66666666666666,0.0005227395297750148
104.75,0.0005983582871458355
104.83333333333333,0.00114001980975845
104.91666666666666,0.0017513665593621723
105.0,0.0010565437465956417
105.08333333333333,0.00022137607322274266
105.16666666666666,0.00033447960574203525
105.25,0.0006264818689338251
105.33333333333333,0.0007151247994314762
105.41666666666666,0.0010166424699443472
105.5,0.0008765956514665496
105.58333333333333,0.0009382035130324945
105.66666666666666,0.00025059793290393935
105.75,0.0005608616359645612
105.83333333333333,0.0005104133613524874
105.91666666666666,0.0007438449317369684
106.0,0.0007846978270685395
106.08333333333333,0.000939962616214069
106.16666666666666,0.0018224724441523639
106.25,0.002004220472604894
106.33333333333333,0.0010846277077826416
106.41666666666666,0.00037860991194236675
106.5,0.000531740831459872
106.58333333333333,9.525414299274016e-05
106.66666666666666,0.00019933527127431608
106.75,0.0005760073007510918
106.83333333333333,0.0015165454813683163
106.91666666666666,0.0016082286730359893
107.0,0.0013169735832815569
107.08333333333333,0.0014635434347117131
107.16666666666666,0.001300833611312466
107.25,0.0008032230183097872
107.33333333333333,0.0008030078802864368
107.41666666666666,0.0003101032537309286
107.5,0.0008236461609909356
107.58333333333333,0.0012684961585031252
107.66666666666666,0.001944728457856457
107.75,0.0012146573716070943
107.83333333333333,0.00094872581448441
107.91666666666666,0.001160903811794989
108.0,0.0005872602807780504
108.08333333333333,0.000975454063656298
108.16666666666666,0.0009209279038469016
108.25,0.00036816024667479054
108.33333333333333,0.0010507763587930795
108.41666666666666,0.0008778580948698466
108.5,0.0007597305780911398
108.58333333333333,0.0001595519239541225
108.66666666666666,0.0009610714456588132
108.75,0.0007625483715549946
108.83333333333333,0.0010684469541389161
108.91666666666666,0.0010913314855033323
109.0,0.0014467214289290257
109.08333333333333,0.001380028393075728
109.16666666666666,0.0019155591157424452
109.25,0.0019195588358479779
109.33333333333333,0.0011176060454404307
109.41666666666666,0.0009714143946269562
109.5,0.0014832669257960522
109.58333333333333,0.001051457363681808
109.66666666666666,0.0007431174355202416
109.75,0.0006296415977719172
109.83333333333333,0.0002724288915286504
109.91666666666666,0.0007908203957329125
110.0,0.0010620526658920108
110.08333333333333,0.0005452640130992378
110.16666666666666,0.0006844309668100566
110.25,0.00029805208241842873
110.33333333333333,0.0006356787732901548
110.41666666666666,0.0006352732589134877
110.5,0.0008817036932982165
110.58333333333333,0.0010199690619522015
110.66666666666666,0.0005262944811551322
110.75,0.00011086489932823394
110.83333333333333,0.00033922982271483845
110.91666666666666,0.001042395228224544
111.0,0.0013139711233246922
111.08333333333333,0.0011121892366367876
111.16666666666666,0.0009255604152313498
111.25,0.000622821850332608
111.33333333333333,0.0012815941280394456
111.41666666666666,0.0009053218516634824
111.5,0.0004349254322086045
111.58333333333333,0.00048198552733769227
111.66666666666666,0.00079411261312031
111.75,0.001253319993740221
111.83333333333333,0.00202585137834041
111.91666666666666,0.0028156812617261846
112.0,0.002146773135507626
112.08333333333333,0.00040318404250810387
112.16666666666666,0.0016757888016565572
112.25,0.001085269066754928
112.33333333333333,0.0007610494452111944
112.41666666666666,0.0007042664398871179
112.5,0.00045983399894763326
112.58333333333333,0.0008165974726829857
112.66666666666666,0.0008078065986924238
112.75,0.0004808489990544968
112.83333333333333,0.0013855596421908955
112.91666666666666,0.0012482215240916643
113.0,0.0004958813310232939
113.08333333333333,0.000941868976625184
113.16666666666666,0.0008645158265198366
113.25,0.0006185356347209615
113.33333333333333,0.00023239743537532525
113.41666666666666,0.0008941554275681574
113.5,0.001108215261531285
113.58333333333333,0.001161478242375854
113.66666666666666,0.0007630958875368107
113.75,0.000843467227432206
113.83333333333333,0.0008699987661976495
113.91666666666666,0.00046212988012536254
114.0,0.0007699957400042376
114.08333333333333,0.00016169351571626266
114.16666666666666,0.0004634761902813535
114.25,0.0007601364517387813
114.33333333333333,0.00015150760986049354
114.41666666666666,0.001679279284762604
114.5,0.001818525650306136
114.58333333333333,0.0011419779950009082
114.66666666666666,0.00025500150239029715
114.75,0.0005448325592813316
114.83333333333333,0.0004304571033634691
114.91666666666666,0.0004802200105527748
115.0,0.00043975106213672984
115.08333333333333,0.0007611175408567277
115.16666666666666,0.00048625413163310045
115.25,0.000617692811872973
115.33333333333333,0.000536800024372413
115.41666666666666,0.00124449474836319
115.5,0.0012678216764664063
115.58333333333333,0.0015228589219042766
115.66666666666666,0.0015448450477824464
115.75,0.0006678144109765754
115.83333333333333,0.0004991743212378125
115.91666666666666,0.0010165715262580996
116.0,0.000694490745994273
116.08333333333333,0.00043832621541138654
116.16666666666666,0.0008570024958359317
116.25,0.0009367241064146803
116.33333333333333,0.0012260581042864774
116.41666666666666,0.0003377937839617612
116.5,0.0007568254522677685
116.58333333333333,0.0005292061732507382
116.66666666666666,0.0007422771853314525
116.75,0.0008686318466984619
116.83333333333333,0.00041512736917686285
116.91666666666666,0.0006893556062952251
117.0,0.00028471206498197895
117.08333333333333,0.0002771962137084981
117.16666666666666,0.00018243216592621903
117.25,0.00042669833108811123
117.33333333333333,0.00018439437077093974
117.41666666666666,0.0002064627456133747
117.5,0.0004226803814839366
117.58333333333333,0.0008295035914708578
117.66666666666666,0.0007011544735996254
117.75,0.0003591103874594214
117.83333333333333,0.00036518794902529287
117.91666666666666,0.0007771412670642874
118.0,5.2577243318057056e-05
118.08333333333333,0.0005896287588823085
118.16666666666666,0.0009453667575032232
118.25,0.0015918993731835946
118.33333333333333,0.0015341567793650376
118.41666666666666,0.0014745141083954136
118.5,0.0018550019673353594
118.58333333333333,0.0019962749631123287
118.66666666666666,0.001196438331020743
118.75,0.0010634605054470685
118.83333333333333,0.0005278300065706303
118.91666666666666,0.000861299615830093
119.0,0.0011476630605799264
119.08333333333333,0.001295217978532325
119.16666666666666,0.0011840053860317948
119.25,0.0004887767489126747
119.33333333333333,0.0002371250242204424
119.41666666666666,0.0009053453126123888
119.5,0.0012030253145514692
119.58333333333333,0.0010379631948475396
119.66666666666666,0.0019439425656661317
119.75,0.0021204933574694176
119.83333333333333,0.001813238053146541
119.91666666666666,0.0008546036204891151
120.0,0.0015633633730354362
120.08333333333333,0.0013810083436540212
120.16666666666666,0.0011418098299279826
120.25,0.0009993402588781355
120.33333333333333,0.0007896205956648197
120.41666666666666,0.0010205790519971316
120.5,0.0007484374877026909
120.58333333333333,0.0018303775262064408
120.66666666666666,0.0013459340076926887
120.75,0.00035764488599577816
120.83333333333333,0.001504478978721108
120.91666666666666,0.0022655173089757134
121.0,0.0010839821460208552
121.08333333333333,0.00030222894581387024
121.16666666666666,0.0011413967262704024
121.25,0.0018279945975114935
121.33333333333333,0.0011088875112240549
121.41666666666666,0.00054859969339034
121.5,0.0009794034142174208
121.58333333333333,0.001228201574131591
121.66666666666666,0.0010826400382198383
121.75,0.0005847612214313073
121.83333333333333,0.0005026282256742944
121.91666666666666,0.0006927356779300778
122.0,0.0011334185078877093
122.08333333333333,0.0006784379897721123
122.16666666666666,0.0011497857798695463
122.25,0.0014941116320124144
122.33333333333333,0.0012505246998126178
122.41666666666666,0.0004972967242017997
122.5,0.00042376187521008863
122.58333333333333,0.000261663603112981
122.66666666666666,0.00042103094166727023
122.75,0.0007762178294974318
122.83333333333333,0.0016238347880298252
122.91666666666666,0.0013328326382156818
123.0,0.0006654938387854098
123.08333333333333,0.0006831354906875895
123.16666666666666,0.0003557771220329388
123.25,0.0008460579138299993
123.33333333333333,0.0009114907520997298
123.41666666666666,0.0010084517649042559
123.5,0.0010997213781129202
123.58333333333333,0.0008185065400849061
123.66666666666666,0.0005200291600623403
123.75,0.0004940506578304902
123.83333333333333,0.0009895530326460922
123.91666666666666,0.002248495506004868
124.0,0.002322511882167407
124.08333333333333,0.0018396241855753405
124.16666666666666,0.0021539945419696586
124.25,0.002432394507009152
124.33333333333333,0.0018642586942632252
124.41666666666666,0.0009297474303509108
124.5,0.000329433284664594
124.58333333333333,0.000789508694387142
124.66666666666666,0.0003446126777187323
124.75,0.00013536908094480786
124.83333333333333,0.000415640494385567
124.91666666666666,0.0008470379460048873
125.0,0.0004400901031945879
125.08333333333333,0.0006389599173955297
125.16666666666666,0.0008263992332510479
125.25,0.0005775491595507878
125.33333333333333,0.0004518402866462594
125.41666666666666,0.0008363737609260304
125.5,0.0012051868086173675
125.58333333333333,0.0015754469406843684
125.66666666666666,0.0016279884765111742
125.75,0.0005700972411871955
125.83333333333333,0.0011572245186631488
125.91666666666666,0.0017887480279101242
126.0,0.0009535320205104993
126.08333333333333,0.0010112147067509935
126.16666666666666,0.0017438506697755255
126.25,0.00048451147891148135
126.33333333333333,0.0004978459850363797
126.41666666666666,0.00110124253771902
126.5,0.0019393220886131926
126.58333333333333,0.002004665107579225
126.66666666666666,0.0018471856664082603
126.75,0.0016183370212784957
126.83333333333333,0.001090421520870785
126.91666666666666,0.001515589984768418
127.0,0.0006823235049721414
127.08333333333333,0.0011542822755421526
127.16666666666666,0.0010212906444790472
127.25,0.0014791107367687036
127.33333333333333,0.0007617926680255297
127.41666666666666,0.001851643397450403
127.5,0.0020079703174023227
127.58333333333333,0.0009090865119393641
127.66666666666666,0.00023101570494372308
127.75,0.0008048034641216817
127.83333333333333,0.0001482925221080434
127.91666666666666,0.0016296879814182248
128.0,0.001728584592170819
128.08333333333331,0.0009953733098927839
128.16666666666666,0.00014657268803375966
128.25,0.0010310984152189426
128.33333333333331,0.0011515399906208094
128.41666666666666,0.0007850773661745163
128.5,0.0003096521532804814
128.58333333333331,0.0006296804357011132
128.66666666666666,0.0012135115437480973
128.75,0.001476935606574758
128.83333333333331,0.0010798606902895727
128.91666666666666,0.0010230453068150386
129.0,0.0006864609731852702
129.08333333333331,0.00040113515427088047
129.16666666666666,0.0012566697565785298
129.25,0.0009889215630558448
129.33333333333331,0.00040595880348384553
129.41666666666666,0.0014129009863082323
129.5,0.0015691986757074671
129.58333333333331,0.0008084404913376409
129.66666666666666,0.0002465255464680266
129.75,0.00018541399714294669
129.83333333333331,0.0009826234800994296
129.91666666666666,0.0007607039606049824
130.0,0.0009467847263951649
130.08333333333331,0.001490875391129449
130.16666666666666,0.001058180076132219
130.25,0.0006530546958801649
130.33333333333331,0.0013754900451734002
130.41666666666666,0.0006945047022109619
130.5,0.0013061616340190004
130.58333333333331,0.0023656290220865728
130.66666666666666,0.0009590893305969694
130.75,0.0003286947212972204
130.83333333333331,0.0012853053683246076
130.91666666666666,0.0019961971649940825
131.0,0.0018899771270356502
131.08333333333331,0.0015903951581730537
131.16666666666666,0.0003719963948615858
131.25,0.0008137597972032073
131.33333333333331,0.0005012630247160311
131.41666666666666,0.0006572720451375357
131.5,0.00032174276184896507
131.58333333333331,0.0014839477240499689
131.66666666666666,0.0009604161748297865
131.75,0.0007235121962146821
131.83333333333331,0.0006910908985733766
131.91666666666666,0.00040436381083360786
132.0,0.0006357955047592538
132.08333333333331,0.0007490849485771572
132.16666666666666,0.0008311049231401626
132.25,0.0006734126958197579
132.33333333333331,0.0011058073908408246
132.41666666666666,0.0012820393033482023
132.5,0.0005481331966315561
132.58333333333331,0.0012675792125113185
132.66666666666666,0.0014045725111234207
132.75,0.0027795894925694183
132.83333333333331,0.0023846560955191245
132.91666666666666,0.001484907038741137
133.0,0.0021133279595983933
133.08333333333331,0.0023445815633487597
133.16666666666666,0.0017067905874567104
133.25,0.0007400695644752492
133.33333333333331,0.0008528436200141101
133.41666666666666,0.0006806371045558856
133.5,0.0007370664893277249
133.58333333333331,0.00023953532569922253
133.66666666666666,0.0005168617813116324
133.75,0.000806563083693025
133.83333333333331,0.00038296798142170774
133.91666666666666,0.0010375213648110755
134.0,0.0013906486132963267
134.08333333333331,0.001264107678346352
134.16666666666666,0.0008170773503038133
134.25,0.0001877777688161509
134.33333333333331,0.0004092195311901974
134.41666666666666,0.0007286405083163087
134.5,0.0007371825134898156
134.58333333333331,0.0009221379411671701
134.66666666666666,0.0006687137118067685
134.75,0.0010240531750295785
134.83333333333331,0.0012486119357506763
134.91666666666666,0.0013471655111571177
135.0,0.0011454320904429969
135.08333333333331,0.0011731607608292862
135.16666666666666,0.00030453003425051666
135.25,0.0007054384181154049
135.33333333333331,0.0004315087078941627
135.41666666666666,0.00010106261597313876
135.5,0.0007826460330076714
135.58333333333331,0.0012891265374415874
135.66666666666666,0.0010942634521781073
135.75,0.0002810337789383524
135.83333333333331,0.0011245167348442183
135.91666666666666,0.0015128665401591738
136.0,0.0008812509188080519
136.08333333333331,0.0004201116990541855
136.16666666666666,0.001276077403793915
136.25,0.0011851715428610333
136.33333333333331,0.0005965260057115068
136.41666666666666,0.0005145992412698362
136.5,0.0026567217221374283
136.58333333333331,0.0027563668946235255
136.66666666666666,0.0012462734592057774
136.75,0.0015317496214449422
136.83333333333331,0.0006034288195480035
136.91666666666666,0.001661155921903748
137.0,0.001322463643747231
137.08333333333331,0.0006138437164582976
137.16666666666666,0.00019842754691826582
137.25,0.0008774184917863135
137.33333333333331,0.000585254338526697
137.41666666666666,0.0004526174174796505
137.5,0.0015434199479604825
137.58333333333331,0.0021716859161479917
137.66666666666666,0.0006812462949763287
137.75,0.0013642334134044956
137.83333333333331,0.0009889164804353155
137.91666666666666,0.0007937667797853696
138.0,0.00030389616702124
138.08333333333331,0.00027493572660713034
138.16666666666666,0.0011926543717765356
138.25,0.001900890656427073
138.33333333333331,0.0008148718972193949
138.41666666666666,0.0012970382579843287
138.5,0.0008001714197928029
138.58333333333331,0.0006956025173998826
138.66666666666666,0.0010761670025592395
138.75,0.0008335016175527916
138.83333333333331,0.0002673250507423229
138.91666666666666,0.0006657736341743708
139.0,0.0012755618043121802
139.08333333333331,0.0007176941845384381
139.16666666666666,0.0013089432956474906
139.25,0.0007913974291510089
139.33333333333331,0.00018835293760163143
139.41666666666666,0.0005076531068248097
139.5,0.00027610544145048783
139.58333333333331,0.0002908682506085817
139.66666666666666,0.0005439867070466725
139.75,0.0004350494103637231
139.83333333333331,0.00038691415785702777
139.91666666666666,0.0013326544353929786
140.0,0.0017553476105810842
140.08333333333331,0.0007448220563117391
140.16666666666666,0.0005097741039657114
140.25,0.0006919970635565759
140.33333333333331,0.000666101808927208
140.41666666666666,0.0009305165798344835
140.5,0.0007322129052783066
140.58333333333331,0.0005924976439245458
140.66666666666666,0.0009576920156798132
140.75,0.00046290703440284394
140.83333333333331,0.0010968049508645976
140.91666666666666,0.0017689785247555826
141.0,0.0009422630577502229
141.08333333333331,0.000638871123178052
141.16666666666666,0.0009728830793387773
141.25,0.0010284813177859357
141.33333333333331,0.00039759362214908015
141.41666666666666,0.0015011095819390603
141.5,0.0019676625608867084
141.58333333333331,0.0013650836095681637
141.66666666666666,0.0006378519394008304
141.75,0.0003834647860992738
141.83333333333331,0.0008488163483455109
141.91666666666666,0.0008259664601283838
142.0,0.0015911139461288605
142.08333333333331,0.0013331868192416503
142.16666666666666,0.0009344122769952848
142.25,0.0008677076999973925
142.33333333333331,0.0007969483726264716
142.41666666666666,0.00047231159477439304
142.5,0.0009247668508424234
142.58333333333331,0.00122920875714216
142.66666666666666,0.001672980745227248
142.75,0.0003362886476684306
142.83333333333331,0.001809360674730587
142.91666666666666,0.0017306506897090943
143.0,0.0018463597591229415
143.08333333333331,0.001913205202396472
143.16666666666666,0.001070036803451354
143.25,9.03997881084338e-05
143.33333333333331,0.0001125920992081903
143.41666666666666,0.0004302123550195923
143.5,0.0013569547034222066
143.58333333333331,0.0013652609289135518
143.66666666666666,0.0008401575582443179
143.75,0.0004827472832098637
143.83333333333331,0.001189115634925277
143.91666666666666,0.001570639577119155
144.0,0.0011957600910868361
144.08333333333331,0.00046169914758167896
144.16666666666666,0.0007060628024954629
144.25,0.0013674264417277231
144.33333333333331,0.0019940274611124215
144.41666666666666,0.0012411536761615925
144.5,0.0007921197252621811
144.58333333333331,0.000840397537411131
144.66666666666666,0.001484652742722746
144.75,0.0007382480625430988
144.83333333333331,0.0010869111607880674
144.91666666666666,0.0012938373522571025
145.0,0.0011605210315164143
145.08333333333331,0.0008758475427778707
145.16666666666666,0.0015943899209382715
145.25,0.0003680741665237095
145.33333333333331,0.0012524498432965473
145.41666666666666,0.001760556990531341
145.5,0.0015063972577276212
145.58333333333331,0.0012167609095412148
145.66666666666666,0.0008710172946812323
145.75,0.00039652175373429215
145.83333333333331,0.0006291998873050645
145.91666666666666,0.0011796207991430607
146.0,0.001081343904539395
146.08333333333331,0.0007481191665993876
146.16666666666666,0.0008085497968743966
146.25,0.0009728305856159201
146.33333333333331,0.00047236452162269384
146.41666666666666,0.0015109381179531532
146.5,0.0015778359121848774
146.58333333333331,0.0007998142701374807
146.66666666666666,0.0007158836716888207
146.75,0.0006434179332975922
146.83333333333331,0.001261474225584135
146.91666666666666,0.0011430251317860352
147.0,0.00040082489052377173
147.08333333333331,0.0006844723491448528
147.16666666666666,7.570885581706896e-05
147.25,0.00042548773273468
147.33333333333331,0.0003135836130395549
147.41666666666666,0.0008575282470639156
147.5,0.00040332602392851327
147.58333333333331,0.0004967430272828475
147.66666666666666,0.0008104100024816304
147.75,0.0009981645801200624
147.83333333333331,0.0016391543824273596
147.91666666666666,0.001239064144514785
148.0,0.0009448221645898598
148.08333333333331,0.0011238170781764476
148.16666666666666,0.0015455444417406489
148.25,0.0017390687324444593
148.33333333333331,0.0012643284504519853
148.41666666666666,0.0008982432778194767
148.5,0.0009468750969743091
148.58333333333331,0.0006947938894422389
148.66666666666666,0.0006086500283885661
148.75,0.00106176624775705
148.83333333333331,0.000613287838621251
148.91666666666666,0.0014204725216551207
149.0,0.0012408169659010601
149.08333333333331,0.0008230316095602536
149.16666666666666,0.0007410969307691455
149.25,0.0007734526480628957
149.33333333333331,0.0011793908564156066
149.41666666666666,0.0016345118405377379
149.5,0.00197437616212958
149.58333333333331,0.0014164194555703702
149.66666666666666,0.0007037553878751357
149.75,0.0012989559444448171
149.83333333333331,0.0016310597348461549
149.91666666666666,0.0010544017477251
150.0,0.0007644227256320452
150.08333333333331,0.00017836885794956885
150.16666666666666,0.0007320724357218059
150.25,0.0010370340388648565
150.33333333333331,0.0006953084603022608
150.41666666666666,0.0008226965443419805
150.5,0.001242318099277364
150.58333333333331,0.00192965575904023
150.66666666666666,0.0008688528340642583
150.75,0.0015323876255118971
150.83333333333331,0.001873069577449631
150.91666666666666,0.0011250805312040873
151.0,0.0010623246996338891
151.08333333333331,0.0015973866429770773
151.16666666666666,0.0014416573752865452
151.25,0.0011296463820564754
151.33333333333331,0.0011519292089719549
151.41666666666666,0.0012403488594308796
151.5,0.0014165101833812468
151.58333333333331,0.0011928585361695642
151.66666666666666,1.2596003644777425e-05
151.75,0.0007236679734817903
151.83333333333331,0.0009974614354056688
151.91666666666666,0.0012363623276232514
152.0,0.0012331742282474553
152.08333333333331,0.0011851654293376617
152.16666666666666,0.0011737937837915135
152.25,0.001316157247654828
152.33333333333331,0.0004728383405901117
152.41666666666666,0.0008823703523709345
152.5,0.0012510942225261105
152.58333333333331,0.0012401509252488105
152.66666666666666,0.0010178123655051757
152.75,0.0006853729376517887
152.83333333333331,0.001130227598314335
152.91666666666666,0.001968344873666182
153.0,0.0009887758124494984
153.08333333333331,0.0008093851755947383
153.16666666666666,0.0007792614185280227
153.25,0.0003311331331012328
153.33333333333331,0.0003883627059278168
153.41666666666666,0.0006404802041204378
153.5,0.0003515759096580751
153.58333333333331,0.0001789304778989941
153.66666666666666,0.0005200490294009213
153.75,0.0008043291674683542
153.83333333333331,0.0005075006111482226
153.91666666666666,0.00013762718668484106
154.0,0.0008252023363364088
154.08333333333331,0.0003503960424902101
154.16666666666666,0.0007947156583765112
154.25,0.0011664887717038486
154.33333333333331,0.0013185669452806198
154.41666666666666,0.0010868282194479832
154.5,0.0010515140550689237
154.58333333333331,0.0014618494208579948
154.66666666666666,0.0009642013667548223
154.75,0.0008357106531587234
154.83333333333331,0.0011671449788595721
154.91666666666666,0.0006291703544269351
155.0,0.00034181565114592795
155.08333333333331,0.0007899812946240824
155.16666666666666,0.0009606606065423504
155.25,0.000651717221755997
155.33333333333331,0.0008596976626534709
155.41666666666666,0.001777706363694558
155.5,0.0020353754235288225
155.58333333333331,0.0012590906178768344
155.66666666666666,0.0009583220620136132
155.75,0.0016445308342908484
155.83333333333331,0.0007060118033859466
155.91666666666666,0.0012134304031524573
156.0,0.0021336126636437584
156.08333333333331,0.001482635283005615
156.16666666666666,0.0005851745607767807
156.25,0.001387024019589168
156.33333333333331,0.00035109977065049026
156.41666666666666,0.001048877721764024
156.5,0.0008095906346425859
156.58333333333331,0.0005105733568357424
156.66666666666666,0.00042524683542905184
156.75,0.0005195068383330475
156.83333333333331,0.0005021271616881607
156.91666666666666,0.00070569451155747
157.0,0.0003597374440743324
157.08333333333331,0.0010547435508828271
157.16666666666666,0.0007940190627288755
157.25,0.0015541118463166617
157.33333333333331,0.0021451939839143477
157.41666666666666,0.0015773178082964822
157.5,0.0003513689593491988
157.58333333333331,0.0003966897961876281
157.66666666666666,0.0009001853800462964
157.75,0.0009942134349096078
157.83333333333331,0.001150057218446772
157.91666666666666,0.0019106233321866002
158.0,0.001922134880934026
158.08333333333331,0.0006405038936201811
158.16666666666666,0.0020189026773104655
158.25,0.0014385984188381815
158.33333333333331,0.0018253849533593502
158.41666666666666,0.002029240462904821
158.5,0.0012005428660114988
158.58333333333331,0.0009485000881434325
158.66666666666666,0.0009464206727767863
158.75,0.0003727281214268881
158.83333333333331,0.0007017081191536546
158.91666666666666,0.0009781686983951884
159.0,0.001018161458267449
159.08333333333331,0.0006289837588473042
159.16666666666666,0.0006268939903633194
159.25,0.00029653078171343724
159.33333333333331,0.0005042844799722257
159.41666666666666,0.0008793975871776297
159.5,0.00027635579278849164
159.58333333333331,0.0003499165550557164
159.66666666666666,0.0010535442318629863
159.75,0.0016289917539997283
159.83333333333331,0.0016802007409339396
159.91666666666666,0.0010457253232372067
160.0,0.0003008461286574076
160.08333333333331,0.001147544090336476
160.16666666666666,0.0007558136760401421
160.25,0.00045628155335764557
160.33333333333331,0.0021216502721644326
160.41666666666666,0.002198994888138879
160.5,0.0013450422291243344
160.58333333333331,0.0011762050841865955
160.66666666666666,0.0008276337906343638
160.75,0.0007078157081382906
160.83333333333331,0.0013241220793225948
160.91666666666666,0.0008610801978492904
161.0,0.0009381036800988464
161.08333333333331,0.001819136515309873
161.16666666666666,0.0013411492454506676
161.25,0.0005252975028090587
161.33333333333331,0.00026087051676954037
161.41666666666666,0.0008549958066867597
161.5,0.0010096958660908964
161.58333333333331,0.0011580523304654527
161.66666666666666,0.0010808494224064033
161.75,0.0006056298578492128
161.83333333333331,0.00036511700528037876
161.91666666666666,0.0003936658616881674
162.0,0.0009673420349958538
162.08333333333331,0.0005884589658984072
162.16666666666666,0.00181853292522487
162.25,0.0026874239453154865
162.33333333333331,0.0019568155945188293
162.41666666666666,0.00161821249217598
162.5,0.0015144371063760289
162.58333333333331,0.0006213383350993474
162.66666666666666,0.0014703472000307547
162.75,0.0017428296777984107
162.83333333333331,0.0013285629908817524
162.91666666666666,0.0011813114987390715
163.0,0.0008937121283142192
163.08333333333331,0.0008389929570669064
163.16666666666666,0.0004972233229831958
163.25,0.0009942375739283513
163.33333333333331,0.001325585207594531
163.41666666666666,0.0009929152932978557
163.5,0.0012080864629513289
163.58333333333331,0.0007528223514371474
163.66666666666666,0.0001016218857970546
163.75,0.0007217388267412257
163.83333333333331,0.0009697444968454924
163.91666666666666,0.0009496705583894549
164.0,0.00013546211112277275
164.08333333333331,0.0009447841184980618
164.16666666666666,0.001140296832465161
164.25,0.0008594614998577311
164.33333333333331,0.0006206473438607117
164.41666666666666,0.0013430436573126626
164.5,0.0009998425118578546
164.58333333333331,0.0013564685186077008
164.66666666666666,0.0019258288511914314
164.75,0.0005075203637532127
164.83333333333331,0.0005692701196311528
164.91666666666666,0.000818261259778952
165.0,0.0011362890279772763
165.08333333333331,0.0015612285799737416
165.16666666666666,0.002133988544555919
165.25,0.001465812609121437
165.33333333333331,0.0007759983317123509
165.41666666666666,0.0014233362344417907
165.5,0.0010504186937780556
165.58333333333331,0.00048741105510743726
165.66666666666666,0.0007495258576004717
165.75,0.0006446929568221406
165.83333333333331,0.0011513092252798153
165.91666666666666,0.00148708782451914
166.0,0.0009721618643403315
166.08333333333331,0.000557170926847777
166.16666666666666,0.0014296131325019566
166.25,0.001660603255335757
166.33333333333331,0.0010816450628129757
166.41666666666666,0.0015231500249333612
166.5,0.0007872914918574653
166.58333333333331,0.0007596108055418944
166.66666666666666,0.0004365692939004002
166.75,0.0007379320592690815
166.83333333333331,0.0010263753464107247
166.91666666666666,0.0006519180086407632
167.0,0.0014773977728752528
167.08333333333331,0.0015626501711140277
167.16666666666666,0.0012339797185897498
167.25,0.0016073473852116175
167.33333333333331,0.0009126347929188264
167.41666666666666,0.0004597260823679982
167.5,0.0018711659802222134
167.58333333333331,0.0025293984278446408
167.66666666666666,0.001887526026180476
167.75,0.001123884151175275
167.83333333333331,0.000510586111238306
167.91666666666666,0.0009269557722104589
168.0,0.0012173231683395827
168.08333333333331,0.0015119226028823287
168.16666666666666,0.00225021790945717
168.25,0.0024899276380082134
168.33333333333331,0.001219255042474965
168.41666666666666,0.00027391082653896226
168.5,0.0014309614103421963
168.58333333333331,0.0015584802152687678
168.66666666666666,0.0006819319714658441
168.75,0.0002455800062024146
168.83333333333331,0.00021275535958248975
168.91666666666666,0.0004304553833666958
169.0,0.0008818697541847444
169.08333333333331,0.0010935352786112182
169.16666666666666,0.0005596185895008542
169.25,0.0003309999412024101
169.33333333333331,0.0005906153584016487
169.41666666666666,0.0009544372079518561
169.5,0.0008387338886158523
169.58333333333331,0.0011780062495920609
169.66666666666666,0.0005567085985455578
169.75,0.001233172637621954
169.83333333333331,0.0008604718243645156
169.91666666666666,0.0004157128667720976
170.0,0.0007746749836204897
170.08333333333331,0.0006613313474181455
170.16666666666666,4.4050827272915644e-05
170.25,0.0009479116156583966
170.33333333333331,0.0015625895362406806
170.41666666666666,0.0020857915684255827
170.5,0.0013679329723054387
170.58333333333331,0.0011169623250651755
170.66666666666666,0.0006688725481234457
170.75,0.0001999315081407933
170.83333333333331,0.0004432584701477555
170.91666666666666,0.000646446764232926
171.0,0.0006958699189798303
171.08333333333331,0.0007000680205201786
171.16666666666666,0.0011221600931284683
171.25,0.001048838493387579
171.33333333333331,0.0003550389857261977
171.41666666666666,0.0008051834935413892
171.5,0.001092132861245016
171.58333333333331,0.0006809838120943358
171.66666666666666,0.001209879656447272
171.75,0.000904776091434763
171.83333333333331,0.0012094163418731848
171.91666666666666,0.0009850179554294282
172.0,0.00022580294389104054
172.08333333333331,7.081679807789394e-05
172.16666666666666,0.0013797974202627017
172.25,0.0016599991005169811
172.33333333333331,0.00043335922885247627
172.41666666666666,0.000800721032445081
172.5,0.0011011136683941871
172.58333333333331,0.0008501550277758759
172.66666666666666,0.0015618967728059914
172.75,0.0014703649606068517
172.83333333333331,0.001581898289692317
172.91666666666666,0.0016635067037738742
173.0,0.0007191623688004084
173.08333333333331,0.0005888526470906846
173.16666666666666,0.0004056284502975357
173.25,0.0006787931258142985
173.33333333333331,0.0007343384959090646
173.41666666666666,0.0006397185734610365
173.5,0.0014573965224571731
173.58333333333331,0.0012624056824838904
173.66666666666666,0.0017161478833314326
173.75,0.001674373953204066
173.83333333333331,0.0012457394785131879
173.91666666666666,0.0008692535650090589
174.0,0.0005609478192654118
174.08333333333331,0.0011887570207654605
174.16666666666666,0.0013361763804053256
174.25,0.00034261618715755683
174.33333333333331,0.0007507020776663894
174.41666666666666,0.0015032596805320635
174.5,0.0024992107716525357
174.58333333333331,0.0017727916456494533
174.66666666666666,0.0007399710821386686
174.75,0.0013512265969362286
174.83333333333331,0.0008736458748623357
174.91666666666666,0.0015808098856441395
175.0,0.0008323397315624408
175.08333333333331,0.0006378638558427357
175.16666666666666,0.0014693314171923307
175.25,0.0012391053332045134
175.33333333333331,0.0006541608906916788
175.41666666666666,0.0013957851114264612
175.5,0.0017938302130174587
175.58333333333331,0.0008152450782770807
175.66666666666666,0.0014818227986896633
175.75,0.0007503039182078297
175.83333333333331,0.0004358122447906841
175.91666666666666,0.0002340069582890258
176.0,0.0005617689605277285
176.08333333333331,0.0009824486410320334
176.16666666666666,0.0002905755129563993
176.25,0.0005405651356663377
176.33333333333331,0.0010440450880925642
176.41666666666666,0.00168313730714331
176.5,0.0011976312413345014
176.58333333333331,0.0006455033368913348
176.66666666666666,0.0003078923420251166
176.75,0.0007415248810165182
176.83333333333331,0.0009064807545498054
176.91666666666666,0.0007274293949189735
177.0,0.0008090166306528263
177.08333333333331,0.0012361376378156965
177.16666666666666,0.0009006881123734754
177.25,0.0004878841712344739
177.33333333333331,0.0013774358006241557
177.41666666666666,0.0016385340650904561
177.5,0.0008540125799656534
177.58333333333331,0.0008804698555096775
177.66666666666666,0.0005409859549569015
177.75,0.0006953862624021153
177.83333333333331,0.00039508411299489716
177.91666666666666,0.0004856366087134957
178.0,0.0003247117050964163
178.08333333333331,0.0012087096874883998
178.16666666666666,0.0015076015570289036
178.25,0.0020080659424433467
178.33333333333331,0.0024851191702653843
178.41666666666666,0.0018223287449179572
178.5,0.0016792420038003442
178.58333333333331,0.0006503929477994951
178.66666666666666,0.0006915862356157024
178.75,0.0014370867421155003
178.83333333333331,0.001498384757553277
178.91666666666666,0.0008002939625643647
179.0,0.000104914333975767
179.08333333333331,0.00038143090022534727
179.16666666666666,0.0009046950281225189
179.25,0.0011277726379680362
179.33333333333331,0.0010854933646373519
179.41666666666666,0.0003648891590372065
179.5,0.0008493950435230777
179.58333333333331,0.0006080029108149338
179.66666666666666,0.0008695163775747669
179.75,0.0009705565360098404
179.83333333333331,0.0004638833375862558
179.91666666666666,0.0009016215344946274
180.0,0.0007240974410818165
180.08333333333331,0.0009690938885835427
180.16666666666666,0.0008585304127966734
180.25,0.0006166289457186979
180.33333333333331,0.0006917086832752416
180.41666666666666,0.0011482520057594856
180.5,0.0017147333583950534
180.58333333333331,0.0015225722361925354
180.66666666666666,0.0004792739318471683
180.75,0.0003700619297946954
180.83333333333331,0.00040979425515567225
180.91666666666666,0.0005231534379163074
181.0,0.0007137574209521495
181.08333333333331,0.0006263628552436376
181.16666666666666,0.0005705191327705259
181.25,0.0006311224137309253
181.33333333333331,0.0008032438795495719
181.41666666666666,0.0005549827114606036
181.5,0.001453052642382669
181.58333333333331,0.0006863381014430406
181.66666666666666,0.00043606036050712664
181.75,0.00025653087249875715
181.83333333333331,0.0005033628404699947
181.91666666666666,0.0006011699280267292
182.0,0.000968537472399676
182.08333333333331,0.0008914362834814181
182.16666666666666,0.0007497635343642724
182.25,0.001024627268410982
182.33333333333331,0.0008897449606925986
182.41666666666666,0.00027951677858626994
182.5,0.0006871819839304398
182.58333333333331,0.0006552660213295125
182.66666666666666,0.0014791607860549542
182.75,0.0006827398288015059
182.83333333333331,0.0005214282559450866
182.91666666666666,0.0005308613108061731
183.0,0.0008464130240526481
183.08333333333331,0.000614798500481265
183.16666666666666,0.001857764723512576
183.25,0.0014204388437372448
183.33333333333331,0.0015563092053193094
183.41666666666666,0.001393730758162013
183.5,0.0007107394063787654
183.58333333333331,0.0009574294083053415
183.66666666666666,0.00029451651925406757
183.75,0.0004698518062455633
183.83333333333331,0.0016269357851618925
183.91666666666666,0.0009618722122677687
184.0,0.00027517133057417345
184.08333333333331,0.0006653502625207163
184.16666666666666,0.00011127036921538549
184.25,0.00089076118970512
184.33333333333331,0.0016427164917254438
184.41666666666666,0.0006794084526572298
184.5,0.0016382733269096517
184.58333333333331,0.00231389080463255
184.66666666666666,0.0015313781801864817
184.75,0.0005806770265021104
184.83333333333331,0.0012191596136990736
184.91666666666666,0.0009823727991146007
185.0,0.0003027393446064413
185.08333333333331,0.0009725062210310316
185.16666666666666,0.0011845622219968906
185.25,0.0013054560011583176
185.33333333333331,0.00012508246495965557
185.41666666666666,0.0015441646022912139
185.5,0.001662357203762303
185.58333333333331,0.0015116782038260303
185.66666666666666,0.001720454081221045
185.75,0.0017737131247680961
185.83333333333331,0.0013352605327095622
185.91666666666666,0.0015348885354805996
186.0,0.0014164866118030553
186.08333333333331,0.0010416925827498758
186.16666666666666,0.001080161024583493
186.25,0.0010367033917698363
186.33333333333331,0.0010491726924766217
186.41666666666666,0.0013336404771523865
186.5,0.0007060658057574901
186.58333333333331,0.0007218839254052782
186.66666666666666,0.0016823717036189402
186.75,0.0014539129792322065
186.83333333333331,6.0885329196054975e-05
186.91666666666666,0.0006562430760744707
187.0,0.00039446812225335813
187.08333333333331,0.0011028910461932844
187.16666666666666,0.0010824846377556444
187.25,0.0018242535199560561
187.33333333333331,0.0005371004483177282
187.41666666666666,0.0014561575545121454
187.5,0.0022084729040874065
187.58333333333331,0.0014898462400040687
187.66666666666666,0.0008470839424734662
187.75,0.00034873989138245026
187.83333333333331,0.0009553655519607077
187.91666666666666,0.001321449298335554
188.0,0.0015614602462459437
188.08333333333331,0.0011369093190688193
188.16666666666666,0.0007254328317113029
188.25,0.0009286570371257076
188.33333333333331,0.0011302044067115174
188.41666666666666,0.0005374150673415442
188.5,0.00024484205971214576
188.58333333333331,0.0006513629699286469
188.66666666666666,0.0009226707335923794
188.75,0.0010758307077143943
188.83333333333331,0.00015268044014820245
188.91666666666666,0.0009267291372721836
189.0,0.0003869215592343777
189.08333333333331,0.0013180788592737195
189.16666666666666,0.0017482473027033345
189.25,0.0008699744391019711
189.33333333333331,0.0013268701141044986
189.41666666666666,0.0015200841892710252
189.5,0.0005880250365247785
189.58333333333331,0.00048027906625046064
189.66666666666666,0.0007817498028673297
189.75,0.0016844375656460161
189.83333333333331,0.0025127758691904757
189.91666666666666,0.002257943137953443
190.0,0.0016956791569902993
190.08333333333331,0.0010223944712350887
190.16666666666666,0.0009564891667742548
190.25,0.0007825728897119737
190.33333333333331,0.0006616592211750007
190.41666666666666,0.0008861728664996639
190.5,0.0007621322943908068
190.58333333333331,0.00046636025756488134
190.66666666666666,0.0005102298503481946
190.75,0.0006715826040178231
190.83333333333331,0.0010714795610260626
190.91666666666666,0.0004226386802132737
191.0,0.00015558311956430417
191.08333333333331,0.0008989380104728978
191.16666666666666,0.0012061294983509857
191.25,0.00029517294496466464
191.33333333333331,0.000478126286131763
191.41666666666666,0.00041396922712615093
191.5,0.00034113649465380004
191.58333333333331,0.0007140823726830758
191.66666666666666,0.0007527449998165903
191.75,0.001140413769078381
191.83333333333331,0.0010444007449672097
191.91666666666666,0.0012420577714394071
192.0,0.0008229974162870746
192.08333333333331,0.0010587732880811775
192.16666666666666,0.0008837524980194489
192.25,0.0004046052175967199
192.33333333333331,0.0009290376561435086
192.41666666666666,0.0010419892622144798
192.5,0.000929708252404442
192.58333333333331,0.0008713972855738953
192.66666666666666,0.0001346393295334963
192.75,0.0006788769669342221
192.83333333333331,0.00047503042588136054
192.91666666666666,0.0004796147182320783
193.0,0.00025749095127873176
193.08333333333331,0.000563480904956756
193.16666666666666,0.0009629367989681109
193.25,0.001639561335581477
193.33333333333331,0.0008154804786221335
193.41666666666666,0.0007340555632622467
193.5,0.00021398654709664893
193.58333333333331,0.0009972700936769017
193.66666666666666,0.0008744617182457988
193.75,0.0014754050086919312
193.83333333333331,0.0015804376829355001
193.91666666666666,0.0007243441672419398
194.0,0.0006389593873686151
194.08333333333331,0.001060788230589005
194.16666666666666,0.0007034934923618242
194.25,0.0008844112437702358
194.33333333333331,0.0009326209101999771
194.41666666666666,0.0005125185288951059
194.5,0.0003167129997695673
194.58333333333331,0.0008804989959487642
194.66666666666666,0.001102448415923035
194.75,0.0018605033248647717
194.83333333333331,0.0013857694921042903
194.91666666666666,0.0008901079774125352
195.0,0.0005698748511203032
195.08333333333331,0.0010426684708620946
195.16666666666666,0.0013268675835107148
195.25,0.000789612813197961
195.33333333333331,0.001099771576558365
195.41666666666666,0.0024498648724247973
195.5,0.0023258415812636006
195.58333333333331,0.0014570468140094974
195.66666666666666,0.0008900711769951767
195.75,0.0015804863826681917
195.83333333333331,0.0012392018800063823
195.91666666666666,0.0006193005360576699
196.0,0.0003259134514778613
196.08333333333331,0.0004573805977719919
196.16666666666666,0.0006913054287146129
196.25,0.0008830855068429757
196.33333333333331,0.001014661608575221
196.41666666666666,0.0005744571337549966
196.5,0.0010306761212422481
196.58333333333331,0.0013360332835225602
196.66666666666666,0.0003115457938167421
196.75,0.0009149974645275142
196.83333333333331,0.001233940699071527
196.91666666666666,0.0008552781155630073
197.0,0.0003973087391196094
197.08333333333331,0.0006950210535389629
197.16666666666666,8.427624391453652e-05
197.25,0.001602395475653605
197.33333333333331,0.001906312349683385
197.41666666666666,0.0015218539048307443
197.5,0.0005352877241374987
197.58333333333331,0.0001388076252092915
197.66666666666666,0.0012429380996372434
197.75,0.0015932140122338816
197.83333333333331,0.0006133098416132483
197.91666666666666,0.0007202872500100845
198.0,0.0012477180203576549
198.08333333333331,0.0011653657814886707
198.16666666666666,0.00030395345798791824
198.25,0.0013107141691164463
198.33333333333331,0.0010464015289503156
198.41666666666666,0.0007765286871532362
198.5,0.0013927134674747068
198.58333333333331,0.0008443812894626912
198.66666666666666,0.0010967543076136888
198.75,0.001327058427269933
198.83333333333331,0.0011086597324498721
198.91666666666666,0.0012342212361815747
199.0,0.0013905299500154952
199.08333333333331,0.0010747449263004175
199.16666666666666,0.00036688927424041934
199.25,0.0004175652310824608
199.33333333333331,0.00025237202518632167
199.41666666666666,0.0007468556545016053
199.5,0.0009287089402448274
199.58333333333331,0.0004285577024509569
199.66666666666666,0.00044302603506178183
199.75,8.458513268593596e-05
199.83333333333331,0.0017159234530352598
199.91666666666666,0.001775100390443015
200.0,0.00015954531650257028
200.08333333333331,0.0010350371263862402
200.16666666666666,0.0017595400794448897
200.25,0.0002375492711463727
200.33333333333331,0.0017017501734826533
200.41666666666666,0.0019926094411294344
200.5,0.0015537668496663705
200.58333333333331,0.0012112760988343106
200.66666666666666,0.001649660177609593
200.75,0.0009046446758821945
200.83333333333331,0.000663480559934906
200.91666666666666,0.0002981309573765141
201.0,0.00011425126511996526
201.08333333333331,0.00023398938475526003
201.16666666666666,7.45687481376397e-05
201.25,0.00014999473175131628
201.33333333333331,0.0009792754309875973
201.41666666666666,0.0014842732796330736
201.5,0.0008851831868272708
201.58333333333331,0.0009128820779453685
201.66666666666666,0.0011005485028430292
201.75,0.00023737978101746703
201.83333333333331,0.0011026395537630325
201.91666666666666,0.001073349575008435
202.0,0.0002801638161206234
202.08333333333331,0.000916385695726701
202.16666666666666,0.00045473830771568236
202.25,0.0005779058901257472
202.33333333333331,0.0006677730785629557
202.41666666666666,0.0013593033942596695
202.5,0.001821702065168918
202.58333333333331,0.0010645175626614776
202.66666666666666,0.0008444312868106154
202.75,0.001058850147020302
202.83333333333331,0.0011250708554062224
202.91666666666666,0.000369232816241909
203.0,0.0012155846759112745
203.08333333333331,0.0008217194525687887
203.16666666666666,0.001371856206404231
203.25,0.0015118268567844103
203.33333333333331,0.0013084558555020367
203.41666666666666,0.0007353378521281318
203.5,0.0009476213209600859
203.58333333333331,0.000995237587884876
203.66666666666666,0.0014173688497314183
203.75,0.0006489551303032381
203.83333333333331,0.000593738520248604
203.91666666666666,0.0006634176706936476
204.0,0.0005699969245664056
204.08333333333331,0.0007238590444017393
204.16666666666666,0.0003882796131682977
204.25,0.0011853852491217514
204.33333333333331,0.0015552582947885348
204.41666666666666,0.0010398292847378383
204.5,0.0006291315686710827
204.58333333333331,0.00021107846715460316
204.66666666666666,0.0009253583558327828
204.75,0.0014313597246590562
204.83333333333331,0.0010421416750748455
204.91666666666666,0.0002820613395807224
205.0,0.0008735633381720005
205.08333333333331,0.0005445186065600484
205.16666666666666,0.00030371408040132466
205.25,0.0007058228737911206
205.33333333333331,0.0008813422742960557
205.41666666666666,0.0005848223073607905
205.5,0.00028735511756276127
205.58333333333331,0.001578607184174562
205.66666666666666,0.001897803560644276
205.75,0.0009756663499818603
205.83333333333331,0.00046140382782746097
205.91666666666666,0.000608612462742761
206.0,0.0001933038166459927
206.08333333333331,0.000344466053656831
206.16666666666666,0.0011435547465849778
206.25,0.002184862824265051
206.33333333333331,0.0011907465933427446
206.41666666666666,0.0006159317454270183
206.5,0.0010234188035878739
206.58333333333331,0.00039223116914522614
206.66666666666666,0.0007232781141118109
206.75,0.0010217595124906477
206.83333333333331,0.0012032259363314948
206.91666666666666,0.0018004925612054637
207.0,0.000972941355465825
207.08333333333331,0.0011120816362435249
207.16666666666666,0.0016026782570992045
207.25,0.001101349167797608
207.33333333333331,0.00019003302680173465
207.41666666666666,0.0001607418750453054
207.5,0.00017884445326897067
207.58333333333331,0.0007702172553040754
207.66666666666666,0.0013098212879840434
207.75,0.0005393273207090997
207.83333333333331,0.00111885702326555
207.91666666666666,0.0005391200032866905
208.0,0.000704444645756666
208.08333333333331,0.00046394634287675766
208.16666666666666,0.00012258970132695727
208.25,0.0009498956286574423
208.33333333333331,0.0014716204229599792
208.41666666666666,0.0009410993340134548
208.5,0.0006053971789697075
208.58333333333331,0.0003555445316608993
208.66666666666666,0.0004273194298068724
208.75,0.0006258462383087522
208.83333333333331,0.0005320034229097943
208.91666666666666,0.0006418395216090043
209.0,0.0009753013992052274
209.08333333333331,0.0015639728514638207
209.16666666666666,0.0014974651644544795
209.25,0.00035425109002044523
209.33333333333331,0.0007388867093067784
209.41666666666666,0.0006548566282520572
209.5,0.0003178667175457786
209.58333333333331,0.00044785467197033606
209.66666666666666,0.0001564539313437483
209.75,0.0011997328490648406
209.83333333333331,0.0018305490933892476
209.91666666666666,0.0014651551196831984
210.0,0.0013533536226033776
210.08333333333331,0.0012839143353449139
210.16666666666666,0.0008647485692913597
210.25,0.0007977603010713599
210.33333333333331,0.0011138826306596235
210.41666666666666,0.0008529281098890233
210.5,0.0009358040861582441
210.58333333333331,0.0008513874673244238
210.66666666666666,0.001250662280868832
210.75,0.00088270472731919
210.83333333333331,0.0009951822804827354
210.91666666666666,0.000797338741865561
211.0,0.0002986595380284813
211.08333333333331,0.0005037995245528434
211.16666666666666,0.0015118993152943986
211.25,0.0012264542854942212
211.33333333333331,0.0006956924026788479
211.41666666666666,0.0004614257652653295
211.5,0.0005498058604328372
211.58333333333331,0.0003659873357019157
211.66666666666666,0.0007624582608331745
211.75,0.0004664855769483864
211.83333333333331,0.0007666773585131728
211.91666666666666,0.0014167747813087382
212.0,0.00035318943406717186
212.08333333333331,0.0012960542692597448
212.16666666666666,0.0018388478508549239
212.25,0.0015795746493207732
212.33333333333331,0.0005211592018126513
212.41666666666666,0.0002478470333586159
212.5,0.0009299961761855797
212.58333333333331,0.0013228075435398905
212.66666666666666,0.0013518608301267383
212.75,0.002051837548466273
212.83333333333331,0.0017857071744567736
212.91666666666666,0.0010893602453952332
213.0,0.0012106621193809434
213.08333333333331,0.0003441997020389347
213.16666666666666,0.0001775344682822713
213.25,0.0007661649298452365
213.33333333333331,0.000361305637337722
213.41666666666666,0.0013001999360385543
213.5,0.0016016423100337217
213.58333333333331,0.0011717255197173744
213.66666666666666,0.0009089733896264088
213.75,0.0005922318856802771
213.83333333333331,0.0005258635079719176
213.91666666666666,0.00042527096300564365
214.0,0.0008562026661763451
214.08333333333331,0.0013823698881087864
214.16666666666666,0.0007341548031952965
214.25,0.001019495843295708
214.33333333333331,0.0009435932187308526
214.41666666666666,0.0006093279446488586
214.5,0.000333381433318031
214.58333333333331,0.0006211089573318793
214.66666666666666,0.0012161773800100876
214.75,0.0013819440139287787
214.83333333333331,0.0007892974601538353
214.91666666666666,0.00014776638276765735
215.0,0.0005685819309045694
215.08333333333331,0.0011028260948205853
215.16666666666666,0.0007528776403247259
215.25,0.0004895834264469118
215.33333333333331,0.0009058068244452831
215.41666666666666,0.0003299449082454948
215.5,0.0003406257740540081
215.58333333333331,0.000912179248643033
215.66666666666666,0.00033125864951365116
215.75,0.0005288593441010409
215.83333333333331,0.0001957817781280793
215.91666666666666,0.00040497461347994935
216.0,0.0010786796518107208
216.08333333333331,0.0014189370475054287
216.16666666666666,0.0013834623353918458
216.25,0.0004258190779928394
216.33333333333331,0.0010761086208635755
216.41666666666666,0.001578580377414355
216.5,0.0009868813621501974
216.58333333333331,0.0007432788614147211
216.66666666666666,0.0009688341257797699
216.75,0.0010102184064739097
216.83333333333331,0.00045781173754603957
216.91666666666666,0.0011430374614443768
217.0,0.001056746663906681
217.08333333333331,0.00028223130153660165
217.16666666666666,0.00047779435015227753
217.25,0.00026161363122468966
217.33333333333331,0.000667398475916941
217.41666666666666,0.00043341059730086487
217.5,0.0008749821169974988
217.58333333333331,0.0005620611050227594
217.66666666666666,6.83161391074901e-05
217.75,0.00040619006210221076
217.83333333333331,0.001122851333891356
217.91666666666666,0.0008295649924722714
218.0,0.0006062763798817982
218.08333333333331,0.001175326414493434
218.16666666666666,0.0005259964479655574
218.25,0.0011078442750398747
218.33333333333331,0.0020689733996125366
218.41666666666666,0.0017393069664201897
218.5,0.0017793292837309134
218.58333333333331,0.0020105408279904027
218.66666666666666,0.0009881860124963467
218.75,0.0001449689948581917
218.83333333333331,0.0009017349281119077
218.91666666666666,0.0010689766802372987
219.0,0.00026356717215029297
219.08333333333331,0.001329953580797308
219.16666666666666,0.0019262633896186849
219.25,0.0013661497843761071
219.33333333333331,0.0015385776291902211
219.41666666666666,0.0020153732570613128
219.5,0.0016407359631364635
219.58333333333331,0.001157087335258094
219.66666666666666,0.001620717265788229
219.75,0.002251590225764265
219.83333333333331,0.0005987667753835456
219.91666666666666,0.0014810351890653457
220.0,0.0014961714362273666
220.08333333333331,0.0013521154845724445
220.16666666666666,0.0011034874614419714
220.25,0.0010005953161432042
220.33333333333331,0.0014408220661474382
220.41666666666666,0.0019570141195378345
220.5,0.0011476974438350339
220.58333333333331,0.001210200885615219
220.66666666666666,0.0007009793413384133
220.75,0.0009612897676907883
220.83333333333331,0.0005287316249549318
220.91666666666666,4.3745115435137254e-05
221.0,0.0007432314831021499
221.08333333333331,0.001349018591196234
221.16666666666666,0.0016719562762902275
221.25,0.0009243961747227837
221.33333333333331,0.0006961061633250278
221.41666666666666,0.00020988628368658803
221.5,0.0015246751861208588
221.58333333333331,0.0012316000079809271
221.66666666666666,0.0027068804467207954
221.75,0.0023118423733503174
221.83333333333331,0.0014032266131884497
221.91666666666666,0.0012939049198708674
222.0,0.0015674665364538648
222.08333333333331,0.0017295289011516996
222.16666666666666,0.0007040763011523595
222.25,0.0014100111578252048
222.33333333333331,0.0014926420411113769
222.41666666666666,0.002274396877229809
222.5,0.0025471145320369076
222.58333333333331,0.0010606401116975749
222.66666666666666,0.00148187342061193
222.75,0.0009279446803660265
222.83333333333331,0.0007992369633399829
222.91666666666666,0.0007500144092047746
223.0,0.0010105148693997825
223.08333333333331,0.001554904655405629
223.16666666666666,0.0013019403447336974
223.25,0.00047119623528090246
223.33333333333331,0.0002991926617379346
223.41666666666666,0.0012572442593209979
223.5,0.000443630631559055
223.58333333333331,0.0012800285569953206
223.66666666666666,0.0008724945093521005
223.75,0.0008556656919109906
223.83333333333331,0.0009251864793045156
223.91666666666666,0.0005977237107716371
224.0,0.0018753865482411365
224.08333333333331,0.0008068280248875417
224.16666666666666,0.0003284101648208428
224.25,0.00011594068988533112
224.33333333333331,0.0004286659191960378
224.41666666666666,8.664468633531637e-05
224.5,0.00031701092462759346
224.58333333333331,0.0006201164748299231
224.66666666666666,0.0014122781460660222
224.75,0.0019326472183922871
224.83333333333331,0.001420730331603387
224.91666666666666,0.0011746896606020488
225.0,0.0009203370936301948
225.08333333333331,0.00021219548029431537
225.16666666666666,0.0005797960416587068
225.25,0.0004887617135649971
225.33333333333331,0.0008375419087467694
225.41666666666666,0.0009014202765286889
225.5,0.0005660087793320167
225.58333333333331,0.0009084094772330896
225.66666666666666,0.0012532052671131875
225.75,0.0015282466282855788
225.83333333333331,0.0010090907818583426
225.91666666666666,0.0005781816425884001
226.0,0.0008465340997876616
226.08333333333331,0.0013301416162716038
226.16666666666666,0.000901147322442564
226.25,0.0006426279291588025
226.33333333333331,0.001209277184649704
226.41666666666666,0.0009249048641160217
226.5,0.0002672369909928494
226.58333333333331,0.0005983038675145998
226.66666666666666,0.000762392308321511
226.75,0.00019075512897047365
226.83333333333331,0.0010816946523025026
226.91666666666666,0.0015627015226875069
227.0,0.0012510921348583392
227.08333333333331,0.0006822102008843209
227.16666666666666,0.0006898881844407429
227.25,0.0009238989513274165
227.33333333333331,0.0006773006441694036
227.41666666666666,0.0002484795429960214
227.5,0.0008113518195613648
227.58333333333331,0.00013349102803504956
227.66666666666666,0.00012042925891895936
227.75,0.0008025575415861138
227.83333333333331,0.0008842063624064351
227.91666666666666,0.0005239479683158153
228.0,0.0014867504073422526
228.08333333333331,0.0022076327205474643
228.16666666666666,0.0012342155052737
228.25,0.0004248336808596999
228.33333333333331,0.000715205717131168
228.41666666666666,0.0007608355184388892
228.5,0.0008789702995062928
228.58333333333331,0.001012776947540009
228.66666666666666,0.0006220688925894969
228.75,0.0010014699803890916
228.83333333333331,0.001065674478208467
228.91666666666666,0.0011846836116077794
229.0,0.0010143609648043826
229.08333333333331,0.0005643156917264578
229.16666666666666,0.0004155626220421664
229.25,0.0006296089876095936
229.33333333333331,0.0009359113196702211
229.41666666666666,0.001193326098398376
229.5,0.0010503770022473064
229.58333333333331,0.0005434286632694369
229.66666666666666,0.0010086947768608969
229.75,0.0008538012006904741
229.83333333333331,0.0008818847169794649
229.91666666666666,0.0008791244430316474
230.0,0.0009674776183542811
230.08333333333331,0.001574837709461337
230.16666666666666,0.001222344731550754
230.25,0.00046480621580756855
230.33333333333331,0.00040863746326144006
230.41666666666666,0.0009870054805389225
230.5,0.0015235112924658662
230.58333333333331,0.0014435885186359651
230.66666666666666,0.0007065120835028158
230.75,0.0002523045347545726
230.83333333333331,0.0003768753924009465
230.91666666666666,0.0006538199269159401
231.0,0.0010153154872312863
231.08333333333331,0.0010320671056714015
231.16666666666666,0.0008586730656042486
231.25,0.001096842380870935
231.33333333333331,0.0009118022888109648
231.41666666666666,0.0006808290830492916
231.5,0.0009581173126036245
231.58333333333331,0.00044382543396253747
231.66666666666666,0.000196929250897014
231.75,0.0004237830282640277
231.83333333333331,0.000756462867236499
231.91666666666666,0.00018921923759559345
232.0,0.00020704101851792776
232.08333333333331,0.0006072398049750751
232.16666666666666,0.0005619979540892452
232.25,0.000602841019565433
232.33333333333331,0.0008786699898488599
232.41666666666666,0.0007262743946937407
232.5,0.0008151478445984411
232.58333333333331,0.0010621302092306902
232.66666666666666,9.954130232714383e-05
232.75,0.0008675061247669133
232.83333333333331,0.00029758652012556097
232.91666666666666,0.0009210725480506406
233.0,0.0007855526105461715
233.08333333333331,0.0014462909871254983
233.16666666666666,0.0013291243733614864
233.25,0.0012515723612706619
233.33333333333331,6.398798459826938e-05
233.41666666666666,0.0012201805288516254
233.5,0.001045267188912839
233.58333333333331,0.0010530244943314467
233.66666666666666,0.0007766531037591836
233.75,0.0009649210541831951
233.83333333333331,0.0013124825695112659
233.91666666666666,0.0013418237211626632
234.0,0.0006976423043347949
234.08333333333331,0.000722698615202018
234.16666666666666,0.0011337091863909611
234.25,0.0012792317775273485
234.33333333333331,0.00033356027632276843
234.41666666666666,0.0009361060717818691
234.5,0.0009012199048500159
234.58333333333331,0.000686580175257309
234.66666666666666,0.0007080542994978936
234.75,0.00026095542895930183
234.83333333333331,0.00035823164129733086
234.91666666666666,0.0005815033355623629
235.0,0.0008557099577972816
235.08333333333331,0.0014814312712408302
235.16666666666666,0.0014117724422433372
235.25,0.0011119739857754234
235.33333333333331,0.0008442866618718041
235.41666666666666,0.0005270171578921071
235.5,0.0007438562820207811
235.58333333333331,0.0009257802815392042
235.66666666666666,0.00035240344800517153
235.75,0.00036381933598227144
235.83333333333331,0.0007243687113388544
235.91666666666666,0.0006504483935195704
236.0,0.0008782702578816544
236.08333333333331,0.000730815384034979
236.16666666666666,0.0006774515901814127
236.25,0.0005732693063085312
236.33333333333331,0.0006638327804539947
236.41666666666666,0.0011689691533690043
236.5,0.0003278173778689719
236.58333333333331,0.0005042297261772138
236.66666666666666,0.0008330995217054607
236.75,0.0016907053345370205
236.83333333333331,0.0015192220246097704
236.91666666666666,0.0001261965156265885
237.0,0.00045677007517104127
237.08333333333331,0.000866403756584273
237.16666666666666,0.001037368150290301
237.25,0.000358744132844712
237.33333333333331,0.0007055760818452312
237.41666666666666,0.000695343117199395
237.5,0.0007930649394401074
237.58333333333331,0.000596182773890742
237.66666666666666,0.00031829701386646586
237.75,0.00039170682830457843
237.83333333333331,0.0004644741328145061
237.91666666666666,0.0006900099027690698
238.0,0.0007890802712850719
238.08333333333331,0.00033078741780073767
238.16666666666666,0.0006189710975052486
238.25,0.00040790784735739665
238.33333333333331,0.00041441990114688353
238.41666666666666,0.0009256997042306564
238.5,0.0001113479402278939
238.58333333333331,0.0005298871381130602
238.66666666666666,0.0012698604972909964
238.75,0.001165858062596852
238.83333333333331,0.0009547169924907708
238.91666666666666,0.0010646157634501886
239.0,0.0005760617744772927
239.08333333333331,0.0004347585262675352
239.16666666666666,0.0007582658066867237
239.25,0.0009496442051801925
239.33333333333331,0.0009277037166432212
239.41666666666666,0.0006579410487783316
239.5,0.000813229997374387
239.58333333333331,0.0009108395624060138
239.66666666666666,0.00026040693310631886
239.75,0.0009511074378114008
239.83333333333331,0.0014260440496945421
239.91666666666666,0.0009895068533270273
240.0,0.001131381335509125
240.08333333333331,0.0005188404523481521
240.16666666666666,0.001000777989058226
240.25,0.0008386817757300496
240.33333333333331,0.0002935973477347874
240.41666666666666,0.0008231255040684448
240.5,0.0002472433764426056
240.58333333333331,0.0004690993699258856
240.66666666666666,0.0008031455984134146
240.75,0.0010854876308579798
240.83333333333331,0.0008672290941697746
240.91666666666666,0.0009223343617700327
241.0,0.0008542327186344049
241.08333333333331,0.0007533175657980279
241.16666666666666,0.0010703372411657028
241.25,0.00042435009528428734
241.33333333333331,0.0006567876985564124
241.41666666666666,0.0008358854919950607
241.5,0.0010633216138329511
241.58333333333331,0.0010209601120656833
241.66666666666666,0.00010901883035251922
241.75,0.00036742134959088444
241.83333333333331,0.0007946520020108406
241.91666666666666,0.000860609698320824
242.0,0.0007521343958933604
242.08333333333331,0.000674480526287547
242.16666666666666,0.0011124562317831954
242.25,0.0007715688728779717
242.33333333333331,0.0005662536487819868
242.41666666666666,0.00046871018333855246
242.5,0.000485717083949275
242.58333333333331,0.0007034817637699427
242.66666666666666,0.000632976268029686
242.75,0.0006464435678233271
242.83333333333331,0.00047496735260481326
242.91666666666666,0.0008071884938404245
243.0,0.0010471974585410456
243.08333333333331,0.0012433210370347487
243.16666666666666,0.0020436650634009265
243.25,0.001735212201714299
243.33333333333331,0.0009247770772794503
243.41666666666666,0.0010896716681965128
243.5,8.080897876632525e-05
243.58333333333331,0.0009175661352840856
243.66666666666666,0.002077278655476727
243.75,0.0016958395493430552
243.83333333333331,0.0005956040677695239
243.91666666666666,0.00021235959754384534
244.0,0.0005975534376027451
244.08333333333331,0.0001061638393609768
244.16666666666666,0.0008721304230716918
244.25,0.0010787541248999854
244.33333333333331,0.0003251833324098594
244.41666666666666,0.00015506039850820302
244.5,0.0006778357116723172
244.58333333333331,0.0015168086448404206
244.66666666666666,0.0008169761672939899
244.75,0.0007208470871489785
244.83333333333331,0.000885135598188752
244.91666666666666,9.480076889485747e-05
245.0,0.0004742159553450194
245.08333333333331,0.0004277399342425644
245.16666666666666,0.0007317849387884586
245.25,0.0006229801787391347
245.33333333333331,0.0008536492953774735
245.41666666666666,0.0010385042702938984
245.5,0.0015603757933897583
245.58333333333331,0.0019629331635235264
245.66666666666666,0.0013028990707625967
245.75,0.0009148700256477327
245.83333333333331,0.0011210865898545269
245.91666666666666,0.00038516252328881504
246.0,0.0010258188633451236
246.08333333333331,0.001662701485947792
246.16666666666666,0.0011410090666342197
246.25,0.0005834763214074515
246.33333333333331,0.0005282305891144358
246.41666666666666,0.0013781724534401966
246.5,0.0004954322682539511
246.58333333333331,0.001108158427219918
246.66666666666666,0.000503880337888493
246.75,0.00025784280760133145
246.83333333333331,0.00077215213574072
246.91666666666666,0.00028615308597274876
247.0,0.00041638569592935995
247.08333333333331,0.00038243604009113614
247.16666666666666,0.0003790332882072477
247.25,0.0009128939556098591
247.33333333333331,0.00047725612214557833
247.41666666666666,0.0014054671647264537
247.5,0.0014925690156353912
247.58333333333331,0.0006812168285592177
247.66666666666666,0.000313998760408652
247.75,0.00017982730870552406
247.83333333333331,0.00037732599442052864
247.91666666666666,0.0011048884028012134
248.0,0.0006444232332400952
248.08333333333331,0.0005718212574125914
248.16666666666666,0.0006422953826000732
248.25,0.00045728453147771207
248.33333333333331,0.0009738910319759274
248.41666666666666,0.001664543409085076
248.5,0.0011800041774113676
248.58333333333331,0.0009673770566703875
248.66666666666666,0.00041902870809661704
248.75,0.0014148938078700952
248.83333333333331,0.002064604577698635
248.91666666666666,0.0012435260538727838
249.0,0.000725498607644432
249.08333333333331,0.00032049055306184376
249.16666666666666,0.0003656281090687532
249.25,0.00019736104161325658
249.33333333333331,0.0003284859471135462
249.41666666666666,0.00048109854136224264
249.5,0.0013984636392123352
249.58333333333331,0.0018351681950600602
249.66666666666666,0.0017474095295339296
249.75,0.0006640799063768354
249.83333333333331,0.0006184550066685674
249.91666666666666,0.000895249841107011
250.0,0.0009899345553879167
250.08333333333331,0.00038263847930504127
250.16666666666666,0.0004590598941543205
250.25,0.0004893337368418623
250.33333333333331,0.0006869963379102836
250.41666666666666,0.0008005396800674818
250.5,0.0007156427251518481
250.58333333333331,0.0006388462599435228
250.66666666666666,0.0012811057097255483
250.75,0.0012873142778476137
250.83333333333331,0.0007500824367632233
250.91666666666666,0.001088271792849713
251.0,0.0010159527025641552
251.08333333333331,0.0006971205573602578
251.16666666666666,0.0011429394980091477
251.25,0.0018416846842449614
251.33333333333331,0.00194866264523372
251.41666666666666,0.0014433305100854657
251.5,0.0006445535307052932
251.58333333333331,0.0005227974345655194
251.66666666666666,0.0014233510425431745
251.75,0.0010779919222937834
251.83333333333331,0.0009816348354981966
251.91666666666666,0.0005500177891421755
252.0,0.0005168500649349343
252.08333333333331,0.0016240035569509905
252.16666666666666,0.002176450165564754
252.25,0.001334948203207785
252.33333333333331,0.0005958086388755881
252.41666666666666,0.0005191454574951203
252.5,0.0005249477541268575
252.58333333333331,0.0010557468413915567
252.66666666666666,0.0014862486504976808
252.75,0.0009764225684072853
252.83333333333331,0.0006331867193604749
252.91666666666666,0.0005859774809930607
253.0,0.0005870722612779393
253.08333333333331,0.0005965542743795068
253.16666666666666,0.00058871765423428
253.25,0.0004159247149222028
253.33333333333331,0.0008983057161777033
253.41666666666666,0.001296779309940435
253.5,0.0012951694447873644
253.58333333333331,0.0015992893401384474
253.66666666666666,0.002318000955781204
253.75,0.002846201701853144
253.83333333333331,0.0017600298651299264
253.91666666666666,0.0003520983783809305
254.0,0.00025466849472761233
254.08333333333331,0.0005545180428425798
254.16666666666666,0.0005232485923591839
254.25,0.0003818070989264963
254.33333333333331,8.062422249076648e-05
254.41666666666666,0.0006484797438533492
254.5,0.0005536635967410181
254.58333333333331,0.0007469147523712887
254.66666666666666,0.000343834245893824
254.75,0.000540512229448313
254.83333333333331,0.00035211418249800694
254.91666666666666,0.00041421092914185426
255.0,0.00014991947787688873
255.08333333333331,0.0014130401605441539
255.16666666666666,0.0019325733920597713
255.25,0.0013872551035830401
255.33333333333331,0.00097820244659835
255.41666666666666,0.000583498706476022
255.5,0.0006212637099682995
255.58333333333331,0.0009517590230186417
255.66666666666666,0.0007529357391547854
255.75,0.0005224917700326619
255.83333333333331,0.0002659608175375438
255.91666666666666,0.0003300965985156914
256.0,0.0005565824336841936
256.0833333333333,0.0008804074354234226
256.16666666666663,0.0005632235139587047
256.25,0.00038427141837456486
256.3333333333333,0.0006923052823220015
256.41666666666663,0.0008691956251847477
256.5,0.0008528576625322376
256.5833333333333,0.0004148492807779559
256.66666666666663,0.0010739077800126777
256.75,0.0009699867011898122
256.8333333333333,0.0005391982740381926
256.91666666666663,0.00104359299954603
257.0,0.0010813340752411824
257.0833333333333,0.0007919960200373207
257.16666666666663,0.0011825217746319963
257.25,0.0007036230575918059
257.3333333333333,0.0011059660164107073
257.41666666666663,0.0006593127749791592
257.5,0.00026650191794057814
257.5833333333333,0.00033560680451148446
257.66666666666663,0.0012555846183290884
257.75,0.0012899609750998912
257.8333333333333,0.0003381174138417484
257.91666666666663,0.0006415843183356647
258.0,0.00037629130125070944
258.0833333333333,0.00029378647576701734
258.16666666666663,0.0007003713867658388
258.25,0.0004232683994172912
258.3333333333333,0.000747819699730951
258.41666666666663,0.0001341694116821234
258.5,0.0007110294919214192
258.5833333333333,0.0003641633972702812
258.66666666666663,0.0005112151832080094
258.75,0.0004942646183291771
258.8333333333333,0.0006881693353241549
258.91666666666663,0.0004374459122541971
259.0,0.00033812491123337476
259.0833333333333,0.0010517256397626928
259.16666666666663,0.0005107159793885904
259.25,0.0010421522665964185
259.3333333333333,0.0006940726302751173
259.41666666666663,0.00094585694034972
259.5,0.0003318973590968117
259.5833333333333,0.0006168456170800218
259.66666666666663,0.0005216273245411783
259.75,0.0006772716116066153
259.8333333333333,0.0012493753434915402
259.91666666666663,0.00042297675673889863
260.0,0.001343839407745535
260.0833333333333,0.001126069985990622
260.16666666666663,0.001539726407924961
260.25,0.0016314017131662218
260.3333333333333,0.001316276733270014
260.41666666666663,0.0015626246375140605
260.5,0.0006837247938561335
260.5833333333333,0.0010272943665813562
260.66666666666663,0.00011727970678717092
260.75,0.0015403456320287122
260.8333333333333,0.0014365919546689451
260.91666666666663,0.0005943643467843278
261.0,0.00015767164368660935
261.0833333333333,0.0005304605977724481
261.16666666666663,0.0006581190118140145
261.25,0.0010960130729952714
261.3333333333333,0.001638193525161378
261.41666666666663,0.0013300073179058772
261.5,0.0006270828176253121
261.5833333333333,0.0005821135529097399
261.66666666666663,0.00045102836633648395
261.75,0.0008278839682255651
261.8333333333333,0.0007715572496995282
261.91666666666663,0.00024070829600428216
262.0,0.0012388880631341262
262.0833333333333,0.0012177426166604004
262.16666666666663,0.0007325683268154515
262.25,0.0009376764229744242
262.3333333333333,0.0007484074344722783
262.41666666666663,0.0008017194413873246
262.5,0.00022493621976348076
262.5833333333333,0.0008913331285870737
262.66666666666663,0.0001437138702758307
262.75,0.0010910895408059397
262.8333333333333,0.0006905179823673395
262.91666666666663,0.0002687574356680886
263.0,0.0007371206974114323
263.0833333333333,0.0011407655343016695
263.16666666666663,0.0012191881887346993
263.25,0.0008435125090823776
263.3333333333333,0.0004968744823528171
263.41666666666663,0.0005148476672622853
263.5,0.0006147497929078164
263.5833333333333,0.0005824161674098195
263.66666666666663,0.00044246435140439175
263.75,0.0005492131353530275
263.8333333333333,0.0008314921152227755
263.91666666666663,0.00014330081469571027
264.0,0.0012602438938295467
264.0833333333333,0.0010256786241787108
264.16666666666663,0.0016011625379596087
264.25,0.0016442018886823663
264.3333333333333,0.0006382375977095693
264.41666666666663,9.475567109700406e-05
264.5,0.0009575801456736681
264.5833333333333,0.001120548459982549
264.66666666666663,0.00044368446273708293
264.75,0.001146925908252784
264.8333333333333,0.0006770611036285984
264.91666666666663,0.00013272958540539034
265.0,0.0005526141402326205
265.0833333333333,0.0006886229466442629
265.16666666666663,0.000548330646381765
265.25,0.000884485262693219
265.3333333333333,0.0003727730265707179
265.41666666666663,7.29159595828493e-05
265.5,0.0012831531065019813
265.5833333333333,0.000793208592150307
265.66666666666663,0.0005562369004277623
265.75,0.0004515847895458579
265.8333333333333,0.0005952488658086233
265.91666666666663,0.0011057148900960431
266.0,0.0006446928851039876
266.0833333333333,0.0006088053908338825
266.16666666666663,0.0006976548391804743
266.25,0.0007803103297777312
266.3333333333333,0.0009638854153628533
266.41666666666663,0.0008447744928571513
266.5,0.0006693167874270223
266.5833333333333,0.0006641837971629477
266.66666666666663,0.0006455739879791157
266.75,0.00027342923899255556
266.8333333333333,0.0003691425176370661
266.91666666666663,0.00013625821611214277
267.0,0.001060880487131034
267.0833333333333,0.0012920647575823069
267.16666666666663,0.0008367242485821097
267.25,0.0007048219793722491
267.3333333333333,0.000772810741524901
267.41666666666663,0.0008152000743020801
267.5,0.0009486758580003551
267.5833333333333,0.0011696480145536176
267.66666666666663,0.0006932497513498393
267.75,0.0007169748114350704
267.8333333333333,0.00020466655254076845
267.91666666666663,0.0005253835577854977
268.0,0.00039669149888720977
268.0833333333333,0.0012225745177058883
268.16666666666663,0.0017867572817361066
268.25,0.0012627549181870514
268.3333333333333,0.00046115592174460093
268.41666666666663,0.0001442095907717146
268.5,0.0005067136970008717
268.5833333333333,0.00023510774201651794
268.66666666666663,0.00041494947517536993
268.75,0.00048709311798304127
268.8333333333333,0.001220917742369785
268.91666666666663,0.0014898805801518312
269.0,0.000611288206186375
269.0833333333333,0.00026133658873302997
269.16666666666663,0.000641275727152416
269.25,0.001145331432232665
269.3333333333333,0.0011790192563297017
269.41666666666663,0.0006005916423079344
269.5,0.0006664286004615542
269.5833333333333,0.0006669857821974502
269.66666666666663,0.0004132997775977716
269.75,0.0011804347362841404
269.8333333333333,0.0022502692645368187
269.91666666666663,0.0019281883801441752
270.0,0.001041044933946865
270.0833333333333,0.0006386308318656206
270.16666666666663,0.0005020614838252725
270.25,0.0005641163967632806
270.3333333333333,0.0005717941800707907
270.41666666666663,0.0014307238402087807
270.5,0.0017501941424010329
270.5833333333333,0.0008049589839737996
270.66666666666663,0.0007406901006076995
270.75,0.001166428199004161
270.8333333333333,0.000909374694551145
270.91666666666663,0.0007465434306924163
271.0,0.001899731804248439
271.0833333333333,0.0018571671966239477
271.16666666666663,0.0011996634743313016
271.25,0.0011480997391702602
271.3333333333333,0.001110026870433775
271.41666666666663,0.0014623803408194006
271.5,0.000800500095722119
271.5833333333333,0.0008963916007692264
271.66666666666663,0.0003342903488869038
271.75,0.0006855509604162762
271.8333333333333,0.0001563414036217231
271.91666666666663,0.00041452079598714825
272.0,0.0007194717432600762
272.0833333333333,0.0010581909333071962
272.16666666666663,0.0007921529916701278
272.25,0.0009231043174445816
272.3333333333333,0.0011613721657643783
272.41666666666663,0.0009034065423224588
272.5,0.0017786189513200198
272.5833333333333,0.00048432216021038465
272.66666666666663,0.001331109970496339
272.75,0.00039117822265814984
272.8333333333333,0.0008992101903318842
272.91666666666663,0.0013164427275732546
273.0,0.0008198079312780702
273.0833333333333,0.0011175970298528347
273.16666666666663,0.001509295649173971
273.25,0.0008147861735116263
273.3333333333333,0.0004839079317371202
273.41666666666663,0.00014004809266835973
273.5,0.00024859948102148996
273.5833333333333,0.00021430883654045905
273.66666666666663,0.00037777313603214315
273.75,0.0007978404136095317
273.8333333333333,0.0005435807874504915
273.91666666666663,0.0005098391166531073
274.0,0.000652192436691449
274.0833333333333,0.0006245516502987301
274.16666666666663,0.0013891909844425524
274.25,0.0009709490709375444
274.3333333333333,0.0006749976224424652
274.41666666666663,0.0006129100196721082
274.5,0.00014632847763051913
274.5833333333333,0.0009513683278408348
274.66666666666663,0.001099243298951122
274.75,0.0010007504507109565
274.8333333333333,0.0009341763048758033
274.91666666666663,0.0004531129600515682
275.0,0.0007007263863354645
275.0833333333333,0.0003081298268130045
275.16666666666663,0.0009740921260233965
275.25,0.0008006090376053284
275.3333333333333,0.0010392696929486488
275.41666666666663,0.001412455908456399
275.5,0.0006314090904144717
275.5833333333333,0.00045478764750373217
275.66666666666663,0.000673271643181702
275.75,0.00037983218176098563
275.8333333333333,0.00026428372720535564
275.91666666666663,0.001298119514880821
276.0,0.0017252911361535657
276.0833333333333,0.0009510264991251236
276.16666666666663,0.0010612126984244636
276.25,0.0006479454174635528
276.3333333333333,0.0006300844152773601
276.41666666666663,0.0010941084980833342
276.5,0.0011876317561240607
276.5833333333333,0.0011717408027089454
276.66666666666663,0.000772957687552786
276.75,0.0005256533128906013
276.8333333333333,0.0007119695598259927
276.91666666666663,0.0007022778628514787
277.0,0.0007557365657492268
277.0833333333333,0.0008707367887193054
277.16666666666663,0.0010641108546573356
277.25,0.0009205883600680328
277.3333333333333,0.0002972428147538202
277.41666666666663,0.0002740666986288273
277.5,0.0011151956186982615
277.5833333333333,0.0013349979635476248
277.66666666666663,0.0005864949313547272
277.75,0.0007954346069660007
277.8333333333333,0.0005523055356905409
277.91666666666663,0.0005537109995424426
278.0,0.000656949554827591
278.0833333333333,0.0008901861506334147
278.16666666666663,0.0012113138030756465
278.25,0.0008425367494230014
278.3333333333333,0.00026265550043298903
278.41666666666663,0.00017270902162507706
278.5,0.00027822293385386637
278.5833333333333,0.0009118643351502859
278.66666666666663,0.0007186232343741933
278.75,0.00014203599454186107
278.8333333333333,0.0002320727509799485
278.91666666666663,0.0006116588972730068
279.0,0.00035160209767043214
279.0833333333333,0.00041221616842609254
279.16666666666663,0.00028418734448547105
279.25,0.0016053495186525279
279.3333333333333,0.0008971421607603659
279.41666666666663,0.00035319175277993397
279.5,0.00016643035742200222
279.5833333333333,0.0005291726478535633
279.66666666666663,0.0007636540041044603
279.75,0.0019180477014676854
279.8333333333333,0.0014174278840717637
279.91666666666663,0.00046565562652948296
280.0,0.0006257960077168137
280.0833333333333,0.00038983486036234027
280.16666666666663,0.00040607107749642446
280.25,0.0005739009484888538
280.3333333333333,0.0007061894336129396
280.41666666666663,0.0011245045057877105
280.5,0.0015814150201231268
280.5833333333333,0.0008930088980652955
280.66666666666663,0.0005807469524372802
280.75,0.0006948539376595229
280.8333333333333,0.0008750488630525773
280.91666666666663,0.00047955122362955974
281.0,0.001022304319672686
281.0833333333333,0.0011320505391221782
281.16666666666663,0.0008883561565228366
281.25,0.00028288442320409407
281.3333333333333,0.00027967543052743923
281.41666666666663,0.0007734313011666129
281.5,0.0007764260146379584
281.5833333333333,0.0008244849919970064
281.66666666666663,0.000648081533749184
281.75,0.0003425023581247506
281.8333333333333,0.0003378942676026
281.91666666666663,0.00013412733995750485
282.0,0.0004514475473620667
282.0833333333333,0.0005419215170593931
282.16666666666663,0.0007932038557293936
282.25,0.0015640325754852386
282.3333333333333,0.001194468174662602
282.41666666666663,0.0012026296144757905
282.5,0.0013180739403829307
282.5833333333333,0.0007664244091514051
282.66666666666663,0.0008177186198321015
282.75,0.0008987450663255482
282.8333333333333,0.0005077999693464399
282.91666666666663,0.00047507366762071485
283.0,0.0004970999493938063
283.0833333333333,0.00038150440953579277
283.16666666666663,0.0007549503614945084
283.25,0.0008666974265539544
283.3333333333333,0.0009015629634371894
283.41666666666663,0.0002451081560932302
283.5,0.0009690397793633786
283.5833333333333,0.0011027862153091712
283.66666666666663,0.0008949022284052524
283.75,0.0011049947526844228
283.8333333333333,0.0007995386669077807
283.91666666666663,0.0003891525996987775
284.0,0.0009609301146314421
284.0833333333333,0.0007526952695818626
284.16666666666663,0.0006315561652703176
284.25,0.00019975997517456145
284.3333333333333,0.000716294779295936
284.41666666666663,0.0006851515559102396
284.5,0.0004396763956037265
284.5833333333333,0.00045817860039384906
284.66666666666663,0.0005453320667762649
284.75,0.0014286135679719252
284.8333333333333,0.0023976768541998338
284.91666666666663,0.0015017369741342152
285.0,0.0007883949142130207
285.0833333333333,0.0006583371782371885
285.16666666666663,0.0007911254395982201
285.25,0.000725528706958649
285.3333333333333,0.0009451220237350328
285.41666666666663,0.0011325225933351561
285.5,0.001951745798121097
285.5833333333333,0.002198140949885958
285.66666666666663,0.001441473673456199
285.75,0.0003547374889885049
285.8333333333333,0.00027479998313447747
285.91666666666663,0.00024180187108191334
286.0,0.0007506713770859091
286.0833333333333,0.0005771940093103891
286.16666666666663,0.0009451073452789515
286.25,0.000759180414713656
286.3333333333333,0.0007312478889739982
286.41666666666663,0.0007077804077115589
286.5,0.0005811840934187317
286.5833333333333,0.00040521881635973095
286.66666666666663,0.0007791141512579358
286.75,0.000937346154630008
286.8333333333333,0.0007260355103563781
286.91666666666663,0.0005660496773079156
287.0,0.00017212585668343637
287.0833333333333,0.0007146711827828433
287.16666666666663,0.0015016488466626469
287.25,0.0011822542437667136
287.3333333333333,0.0005954748027772832
287.41666666666663,0.0006200429857040333
287.5,0.00037099636107049426
287.5833333333333,0.0011972654648364234
287.66666666666663,0.0009699867554626402
287.75,0.00024119011181444793
287.8333333333333,0.0009496040573936825
287.91666666666663,0.0009403807120843983
288.0,0.0005064926900779294
288.0833333333333,0.0007597487163863051
288.16666666666663,0.0010270482610102928
288.25,0.000789227548505479
288.3333333333333,0.00015329382093992716
288.41666666666663,0.0006070472151454415
288.5,0.0010877341733605227
288.5833333333333,0.001252389744047112
288.66666666666663,0.0007292822361210418
288.75,0.0006597578912020911
288.8333333333333,0.000997515177953079
288.91666666666663,0.0005177477574352822
289.0,0.0007446957221335386
289.0833333333333,0.0006223254105934043
289.16666666666663,0.0007210337927363832
289.25,0.000601590023052156
289.3333333333333,0.0007815655704105261
289.41666666666663,0.0004038531118270669
289.5,0.0003587529929589655
289.5833333333333,0.00025613638373842424
289.66666666666663,0.0005689684655256083
289.75,0.0015265766602168686
289.8333333333333,0.0013841335776020181
289.91666666666663,0.0011719630563914714
290.0,0.0004957306860018117
290.0833333333333,0.0001339329775795646
290.16666666666663,0.00018480987989870327
290.25,0.0002706332288948711
290.3333333333333,0.0006292513402160482
290.41666666666663,0.0008484334944384017
290.5,0.0006594013042543864
290.5833333333333,0.0002800006717324262
290.66666666666663,0.0007516124738348517
290.75,0.0012941858832212964
290.8333333333333,0.0014464047100413238
290.91666666666663,0.0013558457289832486
291.0,0.0006498488502511615
291.0833333333333,0.0002841347845532738
291.16666666666663,0.0007024372258473132
291.25,0.00105750316014524
291.3333333333333,0.00047453470828165434
291.41666666666663,0.00018021466249062068
291.5,0.0005509050427882483
291.5833333333333,0.00038273733584787123
291.66666666666663,0.0009828303222228015
291.75,0.0009990836794700883
291.8333333333333,0.0008063070322271365
291.91666666666663,0.0010123622897721743
292.0,0.0013293919037702844
292.0833333333333,0.0015533568902089704
292.16666666666663,0.0013970439760660675
292.25,0.0013857989012373891
292.3333333333333,0.0013484545193497566
292.41666666666663,0.0006120539014421345
292.5,0.00026808947449088327
292.5833333333333,0.0005586026896005018
292.66666666666663,0.0009874431601347038
292.75,0.001622627396737176
292.8333333333333,0.0025365838200075734
292.91666666666663,0.0027917221296895806
293.0,0.0015223717413350788
293.0833333333333,0.0006559445865319116
293.16666666666663,0.0007432815972854136
293.25,0.00011716105467099215
293.3333333333333,0.0014059565484600303
293.41666666666663,0.0006837333310216433
293.5,0.0008088146903397249
293.5833333333333,0.0008317843864079793
293.66666666666663,0.00035927411053460694
293.75,0.00029581681939237043
293.8333333333333,0.0010701490175140705
293.91666666666663,0.0012751455829759625
294.0,0.0007614676096562585
294.0833333333333,0.0005498378674661856
294.16666666666663,0.0008672320813447626
294.25,0.001525381021354405
294.3333333333333,0.0014476619110849308
294.41666666666663,0.0008180514305171017
294.5,0.0005168270831546264
294.5833333333333,0.0006303524832063101
294.66666666666663,0.0006635178591577386
294.75,0.0020465611800427907
294.8333333333333,0.0012195946108616398
294.91666666666663,0.0005445560586826403
295.0,0.00031695731530452384
295.0833333333333,0.000402308498263331
295.16666666666663,0.00044673303901664137
295.25,0.001192924431286757
295.3333333333333,0.0011481629057339784
295.41666666666663,0.0003177243805953833
295.5,7.961513372329888e-05
295.5833333333333,0.00023769941712919446
295.66666666666663,0.0004585913218109106
295.75,0.0014179176123872996
295.8333333333333,0.0009683571542720693
295.91666666666663,0.0005395919441436595
296.0,0.00021148192052373652
296.0833333333333,0.00030302328289098275
296.16666666666663,0.0005140119213948367
296.25,0.0007349898554938416
296.3333333333333,0.0008404069357156553
296.41666666666663,0.00021212424445058855
296.5,0.0009429406347283042
296.5833333333333,0.0009289115629606698
296.66666666666663,0.0009859178112602935
296.75,0.0004530038582724636
296.8333333333333,0.0001651590828526381
296.91666666666663,0.00026750447671914816
297.0,0.0006708911457586571
297.0833333333333,0.0011594751784708085
297.16666666666663,0.0011388133137335205
297.25,0.0007718279624220879
297.3333333333333,0.0010581606963479821
297.41666666666663,0.0013196254114420714
297.5,0.00033443126978706665
297.5833333333333,0.00040074184957462753
297.66666666666663,0.000605680665716961
297.75,0.0011431004013822829
297.8333333333333,0.0013043203546489342
297.91666666666663,0.001535591294670133
298.0,0.0009503676245395539
298.0833333333333,5.732223417431658e-05
298.16666666666663,0.00040338184792676354
298.25,0.000992003661099914
298.3333333333333,0.0007797227253294911
298.41666666666663,0.0011084907375592747
298.5,0.0006107545859970255
298.5833333333333,0.0004013183653829721
298.66666666666663,7.296079180582257e-05
298.75,0.00039039606708615656
298.8333333333333,0.0010097667697599908
298.91666666666663,0.0016504971725987444
299.0,0.0011101157325720996
299.0833333333333,0.0012848703597335303
299.16666666666663,0.0013340438821484142
299.25,0.0007511290063153506
299.3333333333333,0.0006438159823614475
299.41666666666663,0.0009563184589128884
299.5,0.0005138972907690696
299.5833333333333,0.0002229631583212592
299.66666666666663,0.0002299323134421119
299.75,0.0005599512006698873
299.8333333333333,0.0014042136256735085
299.91666666666663,0.0011207693552012256
300.0,0.001333140581216599
300.0833333333333,0.0010140555120344954
300.16666666666663,0.00026198518335672515
300.25,0.0006694764853983436
300.3333333333333,0.0005640411507708288
300.41666666666663,0.000874521553859396
300.5,0.0005831915981521114
300.5833333333333,0.0006361076977735311
300.66666666666663,0.00048674215672711915
300.75,0.0008874314662795729
300.8333333333333,0.0003714413035264956
300.91666666666663,0.00045959628523136267
301.0,0.0003206922693170447
301.0833333333333,0.0005421861616418976
301.16666666666663,0.00043061206225142567
301.25,0.0005344574086972216
301.3333333333333,0.0006837150964432747
301.41666666666663,0.0007531325730262527
301.5,0.00028189404473687505
301.5833333333333,0.00026686304424787684
301.66666666666663,0.0006782642270103382
301.75,0.0009462548818755712
301.8333333333333,0.0011027517302472072
301.91666666666663,0.0008516328860443174
302.0,0.0002652547071445089
302.0833333333333,0.0005914139600593977
302.16666666666663,0.0009258999271571576
302.25,0.0006085335416122132
302.3333333333333,0.0008721203271728324
302.41666666666663,0.0005620310712895676
302.5,0.00036792480349477527
302.5833333333333,0.0006435994153896277
302.66666666666663,0.0003682448500976
302.75,0.0001880978948345814
302.8333333333333,0.00048053745023568197
302.91666666666663,0.0007353357154803147
303.0,0.0003710472183923886
303.0833333333333,0.00041994844101856163
303.16666666666663,0.0007184125200005066
303.25,0.0004954976096742529
303.3333333333333,0.0006390921017308165
303.41666666666663,0.0009233710655605538
303.5,0.0014207492924382334
303.5833333333333,0.0011677332446741035
303.66666666666663,0.0003128023264312589
303.75,0.0006780123817611234
303.8333333333333,0.0006431997446596927
303.91666666666663,0.00022722171403385044
304.0,0.00038101699142770824
304.0833333333333,0.0003798240677303275
304.16666666666663,0.0003759388722099501
304.25,0.0006180104588124381
304.3333333333333,0.0008462566678691175
304.41666666666663,0.0012643110817582648
304.5,0.0004672485071918116
304.5833333333333,0.0009893863234911279
304.66666666666663,0.0007896894187440081
304.75,0.0003311770972943467
304.8333333333333,0.0011242525495146587
304.91666666666663,0.002191409223786075
305.0,0.0016980577192199262
305.0833333333333,0.0005687755463687405
305.16666666666663,0.00018361398198086008
305.25,0.0004531461575242283
305.3333333333333,0.0008738070154594095
305.41666666666663,0.0011375346113959672
305.5,6.194381247055209e-05
305.5833333333333,0.0004059987166076599
305.66666666666663,0.00044252830729772354
305.75,0.0012464104240730723
305.8333333333333,0.001738094639858712
305.91666666666663,0.0014547598093919342
306.0,0.0006073929619492623
306.0833333333333,0.0012894372729898452
306.16666666666663,0.0011664643679874295
306.25,0.0006891523508822622
306.3333333333333,0.000762159074866828
306.41666666666663,0.0011616366129338128
306.5,0.0010153545750355313
306.5833333333333,0.0004126266752912824
306.66666666666663,0.0007084648518102561
306.75,0.00034702298941272487
306.8333333333333,0.0013305549819873838
306.91666666666663,0.001691160733354491
307.0,0.0009503051694264337
307.0833333333333,0.0004402557680383285
307.16666666666663,0.0008431555417906368
307.25,0.0006528939086032093
307.3333333333333,0.0012074242664046348
307.41666666666663,0.0011530267356473444
307.5,0.0010941952436373896
307.5833333333333,0.0011040378959118195
307.66666666666663,0.001277498336021036
307.75,0.0013732945973529947
307.8333333333333,0.0010066196482705187
307.91666666666663,0.00016982350707674473
308.0,0.00030886897923074213
308.0833333333333,0.00033193587735677973
308.16666666666663,0.0006028138307173923
308.25,0.0007007465232761006
308.3333333333333,0.00040918121271604226
308.41666666666663,0.0005020784356310007
308.5,0.000375266592490343
308.5833333333333,0.0006559524400158396
308.66666666666663,0.0006903472578021597
308.75,0.0007809505135733169
308.8333333333333,0.0005964166293289393
308.91666666666663,0.00013013258847650093
309.0,0.0005028779910910994
309.0833333333333,6.528214450734015e-05
309.16666666666663,0.0009719992188794652
309.25,0.001544937661525735
309.3333333333333,0.0015088642259726728
309.41666666666663,0.0007036112322170763
309.5,0.0005585809625068563
309.5833333333333,0.0011701074587294705
309.66666666666663,0.0004097578347582205
309.75,0.0006402151894500581
309.8333333333333,0.0006774879044827754
309.91666666666663,0.00022819294600198928
310.0,0.0005454493822472735
310.0833333333333,0.0006347195082050287
310.16666666666663,0.000815585784703995
310.25,0.0010471520342224794
310.3333333333333,0.0007468247284578205
310.41666666666663,0.0016318038600089057
310.5,0.0010609611311013733
310.5833333333333,0.0011537979576518764
310.66666666666663,0.0012975084313700956
310.75,0.0010551939579521337
310.8333333333333,0.0009410046706641868
310.91666666666663,0.00034410972576128245
311.0,0.0006241806182384546
311.0833333333333,0.0018835305612385806
311.16666666666663,0.001726088515619907
311.25,0.00034810700974270643
311.3333333333333,0.001428195105666498
311.41666666666663,0.0012709655094063695
311.5,0.0005705502143368892
311.5833333333333,0.00041685737925718254
311.66666666666663,0.000504749950129305
311.75,0.0011042791363829467
311.8333333333333,0.001693627776204664
311.91666666666663,0.001747260545376742
312.0,0.0014774805281586737
312.0833333333333,0.0005288296288028725
312.16666666666663,0.0009066337310830883
312.25,0.0012937806466182067
312.3333333333333,0.0008034243434238045
312.41666666666663,0.0006739985504582972
312.5,0.001442202230190598
312.5833333333333,0.0016083379797472755
312.66666666666663,0.000799671962844896
312.75,0.00032957165689908934
312.8333333333333,0.00026157937545335803
312.91666666666663,0.00038392610304226204
313.0,0.0001725368869572072
313.0833333333333,0.0001671410559323929
313.16666666666663,0.0006132300832240822
313.25,0.0014005338826434182
313.3333333333333,0.0014901079377974127
313.41666666666663,0.001022621799915788
313.5,0.0005567238978212733
313.5833333333333,0.00035969483776663664
313.66666666666663,0.0004995055267919643
313.75,0.0012224271988097617
313.8333333333333,0.001214491018256523
313.91666666666663,0.00033591784882271435
314.0,0.0006428022688120991
314.0833333333333,0.0011251211716882604
314.16666666666663,0.0011614102531661878
314.25,0.00045731676847579286
314.3333333333333,0.0006616227265076992
314.41666666666663,0.0004259843503604758
314.5,0.0007575310638327878
314.5833333333333,0.00013926663178767836
314.66666666666663,0.00026854401867738875
314.75,0.00027437905908408013
314.8333333333333,0.0008241688160471499
314.91666666666663,0.0004520404685564958
315.0,0.00012077816315515635
315.0833333333333,0.000436771411930961
315.16666666666663,0.0001723372153897163
315.25,0.000469284370257775
315.3333333333333,0.0002138942403037626
315.41666666666663,0.00044600735054664347
315.5,0.0002821684979947847
315.5833333333333,0.00046362231543738857
315.66666666666663,0.0003908008430921131
315.75,0.0005581666907219352
315.8333333333333,0.001228910176128141
315.91666666666663,0.0007833034427472065
316.0,9.027031439521238e-05
316.0833333333333,0.0004554021567309051
316.16666666666663,0.0007128029354120403
316.25,0.0008837180178842779
316.3333333333333,0.0007859108481774266
316.41666666666663,0.0011285845610589553
316.5,0.0008079927100230791
316.5833333333333,0.00044733435293925754
316.66666666666663,0.0005658080839169511
316.75,0.0007104612294998526
316.8333333333333,0.0005036527418190973
316.91666666666663,0.0006522440941164671
317.0,0.0008413679091762559
317.0833333333333,0.0009147593651649684
317.16666666666663,0.0013731107664598904
317.25,0.001151861358322508
317.3333333333333,0.0007586365887213076
317.41666666666663,0.0008645199492598916
317.5,0.00045674100815710887
317.5833333333333,0.0006459679518574371
317.66666666666663,0.0006966587103211751
317.75,0.0010728597099638735
317.8333333333333,0.0013152962270191945
317.91666666666663,0.0009768298846788333
318.0,0.0008311675977592506
318.0833333333333,0.0015098534417010488
318.16666666666663,0.001312074687027189
318.25,0.000540704056986284
318.3333333333333,0.0006660754895196182
318.41666666666663,0.0005354289897681614
318.5,0.00041673261035936766
318.5833333333333,0.000673296206544087
318.66666666666663,0.0008943930500513802
318.75,0.0012958485223522232
318.8333333333333,0.0008376320824464639
318.91666666666663,0.0005873260982198168
319.0,0.0007622354833397426
319.0833333333333,0.001174677664141679
319.16666666666663,0.001314906662824785
319.25,0.0007982138506061743
319.3333333333333,0.0008215578377609379
319.41666666666663,0.000986062876380512
319.5,0.0011718982810801893
319.5833333333333,0.0011051339406637738
319.66666666666663,0.0008062988341370398
319.75,0.0009318235229713359
319.8333333333333,0.0007083405602071087
319.91666666666663,0.00045117760036120225
320.0,0.0008507342206284395
320.0833333333333,0.0007193499259899234
320.16666666666663,0.00017553348441532693
320.25,0.0006823760702870992
320.3333333333333,0.0003366483964974451
320.41666666666663,0.0005783327879397381
320.5,0.0005996874869688914
320.5833333333333,0.0008441711574433005
320.66666666666663,0.0011943078560621156
320.75,0.0011143032375251377
320.8333333333333,0.0006778637815855241
320.91666666666663,0.000979102160435152
321.0,0.0005631873059901428
321.0833333333333,0.00029592345772073297
321.16666666666663,0.0008557908079803661
321.25,0.0011480372446628165
321.3333333333333,0.0013409801079318144
321.41666666666663,0.0010278809710925559
321.5,0.0010831110168406956
321.5833333333333,0.0013585655380088173
321.66666666666663,0.0010896012149730061
321.75,0.0014699395048319993
321.8333333333333,0.0015215382323548396
321.91666666666663,0.0012170235055324718
322.0,0.0002591672599592617
322.0833333333333,0.0002500989873379476
322.16666666666663,0.0006049296012818596
322.25,0.0012457695031687427
322.3333333333333,0.0007440266063167796
322.41666666666663,0.0005849328975968245
322.5,0.0010472355825242778
322.5833333333333,0.0012866068859136025
322.66666666666663,0.00122328774386458
322.75,0.0008161288315545828
322.8333333333333,0.0003724056810425839
322.91666666666663,0.0005582288556567043
323.0,0.0004720414954215491
323.0833333333333,0.0004178272747702758
323.16666666666663,0.0016643501398394824
323.25,0.0015246390194079116
323.3333333333333,0.0003666685043268783
323.41666666666663,0.000511572636314922
323.5,0.0008038614078833509
323.5833333333333,0.0013385483873430862
323.66666666666663,0.0011021504135268025
323.75,0.000259835643922948
323.8333333333333,0.00042662489892582637
323.91666666666663,0.00048739028417855757
324.0,0.0010176400155550223
324.0833333333333,0.001230423387614118
324.16666666666663,0.0012823428259506177
324.25,0.0009533047670834767
324.3333333333333,0.0006704575098991436
324.41666666666663,0.0010362371214073388
324.5,0.0010677811493976775
324.5833333333333,0.0003259698005346544
324.66666666666663,0.00022428079376601417
324.75,0.00025795703581474387
324.8333333333333,0.0010830962203998565
324.91666666666663,0.0017698562947758068
325.0,0.0015276268872600003
325.0833333333333,0.0006975660632685626
325.16666666666663,0.0006766886487536471
325.25,0.00034557642163911224
325.3333333333333,0.0005621951061366974
325.41666666666663,0.0007805973418053655
325.5,0.0006143792035968807
325.5833333333333,0.0007437526756241927
325.66666666666663,0.0008934299918209225
325.75,0.0007482693591819244
325.8333333333333,0.0003793388108802437
325.91666666666663,0.0003374226299220667
326.0,0.00039415552343481636
326.0833333333333,0.0006089580668191932
326.16666666666663,0.0007472701653609194
326.25,0.000718297831272273
326.3333333333333,0.000592838919976939
326.41666666666663,0.0010559517683894465
326.5,3.435660563818012e-05
326.5833333333333,0.0009497932360628843
326.66666666666663,0.0008340135527554185
326.75,0.00042411878810851835
326.8333333333333,0.0001734210139708954
326.91666666666663,0.0009447418865819914
327.0,0.0008931507321130252
327.0833333333333,0.0006345517568827811
327.16666666666663,0.0006734993820880755
327.25,0.0005544954603583166
327.3333333333333,0.0006989035679327972
327.41666666666663,0.0005051115837503335
327.5,0.0009816870154880557
327.5833333333333,0.0009638252521644257
327.66666666666663,0.000694587965527875
327.75,0.00038665919236681613
327.8333333333333,0.00044012092557307257
327.91666666666663,0.0003751291730899152
328.0,0.00023940246797244692
328.0833333333333,0.0007848945119577788
328.16666666666663,0.0009097157095475002
328.25,0.0006077769900246661
328.3333333333333,0.0004207995478947309
328.41666666666663,0.0008840196045075867
328.5,0.0007593051101587414
328.5833333333333,0.0004534556110521114
328.66666666666663,0.00024137865730044424
328.75,0.0006638546720300947
328.8333333333333,0.0008307493803975887
328.91666666666663,0.0007136422041299819
329.0,0.0004667175382736329
329.0833333333333,0.0006845446348013654
329.16666666666663,0.0006209362592405743
329.25,4.960933966806417e-05
329.3333333333333,0.0006550550087527783
329.41666666666663,0.0005435609669897127
329.5,0.0006703940122094414
329.5833333333333,0.0010948986162514416
329.66666666666663,0.0013080865268292744
329.75,0.0008975795857433718
329.8333333333333,0.0003244463075312661
329.91666666666663,0.00015921059253709699
330.0,0.0004728086061619091
330.0833333333333,0.0009075100157634319
330.16666666666663,0.0005191079645119356
330.25,0.0005098188443968677
330.3333333333333,0.0009958912557033218
330.41666666666663,0.0003447323564217009
330.5,0.0008391758635940459
330.5833333333333,0.0015257840514297607
330.66666666666663,0.0009217420357307466
330.75,0.00021541102478934613
330.8333333333333,0.0005596267370616541
330.91666666666663,0.0012632848441982284
331.0,0.0017229507902797436
331.0833333333333,0.0008502828550759092
331.16666666666663,0.000411931612181636
331.25,0.00013974593234210663
331.3333333333333,0.00034773187980894683
331.41666666666663,0.00033944786152250014
331.5,0.00035358591900751945
331.5833333333333,0.00034481688733237274
331.66666666666663,0.0006306471370417135
331.75,0.0005583928511189421
331.8333333333333,0.0009256982990002452
331.91666666666663,0.0007152696104883741
332.0,0.0006519487447720915
332.0833333333333,0.0008500116254195155
332.16666666666663,0.0006197258183816029
332.25,0.0006325934906538529
332.3333333333333,0.0010996115197822373
332.41666666666663,0.000766186480843588
332.5,0.0004875854143769809
332.5833333333333,0.00042703304921614776
332.66666666666663,0.00035390304907346575
332.75,0.00010831657758620712
332.8333333333333,0.00023927707129057206
332.91666666666663,0.0005244703797120515
333.0,0.0008881872796167907
333.0833333333333,0.000982442604014793
333.16666666666663,0.0007811154140893759
333.25,0.0011453195801286369
333.3333333333333,0.0013172643471568407
333.41666666666663,0.00015173683905697022
333.5,0.001113136489196057
333.5833333333333,0.0007700406751332122
333.66666666666663,0.00096054080771902
333.75,0.0006573502038961974
333.8333333333333,0.00037035646174458497
333.91666666666663,0.0002711723563194473
334.0,0.000618958773373158
334.0833333333333,0.0006667953497381261
334.16666666666663,0.00036418196815811573
334.25,0.0005193008519216477
334.3333333333333,0.00030357184649793917
334.41666666666663,0.0007084520299975417
334.5,0.0009410357701725982
334.5833333333333,0.0007589741279575254
334.66666666666663,0.000456639522527931
334.75,0.0004920825067981209
334.8333333333333,0.00042195483318388196
334.91666666666663,0.0003539460927088485
335.0,0.0008532484143050779
335.0833333333333,0.0016111245729827214
335.16666666666663,0.0014852086528378337
335.25,0.0006502235319963294
335.3333333333333,0.0005666616019693285
335.41666666666663,0.0011240013507229718
335.5,0.0008082550227008139
335.5833333333333,0.0005093277796316707
335.66666666666663,0.0005073145205616236
335.75,0.0013450327673168573
335.8333333333333,0.000859451765810678
335.91666666666663,0.0006417530807514622
336.0,0.0010607389599951473
336.0833333333333,0.0007393894158976627
336.16666666666663,0.0007374778471063156
336.25,0.00041076366243577504
336.3333333333333,0.0006306740034218218
336.41666666666663,0.0007906866328577296
336.5,0.0014349394198913026
336.5833333333333,0.0015028351211145874
336.66666666666663,0.0009576768897430368
336.75,0.00018249688941696107
336.8333333333333,0.0006310727092806693
336.91666666666663,0.0006536618556427445
337.0,0.00039878512369999775
337.0833333333333,0.0007708405821736866
337.16666666666663,0.00113203339245889
337.25,0.0009881334657995343
337.3333333333333,0.0006593441720848145
337.41666666666663,0.0001888628641857629
337.5,0.0010843533000721118
337.5833333333333,0.0016781385382851118
337.66666666666663,0.0007167672091033443
337.75,0.0008019524506334939
337.8333333333333,0.0005961852607751473
337.91666666666663,0.000873191470590557
338.0,0.00039629455775082984
338.0833333333333,0.00045073512115557934
338.16666666666663,0.0006584045843534462
338.25,0.0007284223396417932
338.3333333333333,0.0011854667004870991
338.41666666666663,0.0014080327533960981
338.5,0.00052027155052279
338.5833333333333,0.0007075559241651087
338.66666666666663,0.0003130511684755457
338.75,0.0008365362566846597
338.8333333333333,0.0011992808126058308
338.91666666666663,0.0003987336173821245
339.0,0.00023796337924713562
339.0833333333333,0.0008467130759995849
339.16666666666663,0.0017695337176034881
339.25,0.0011640947285654522
339.3333333333333,0.0011903663140684553
339.41666666666663,0.0008083105426380371
339.5,0.0011133538680184712
339.5833333333333,0.00036139747099910567
339.66666666666663,0.0003426864411773518
339.75,0.0008258672382224019
339.8333333333333,0.0009321863157888083
339.91666666666663,0.0007806083584959516
340.0,0.0009479599962571508
340.0833333333333,0.0008644707745472249
340.16666666666663,0.0012760650301253174
340.25,0.0006780923619449624
340.3333333333333,0.0005698466185391387
340.41666666666663,0.0011022230056658606
340.5,0.00048581715631126524
340.5833333333333,0.0005641367261690495
340.66666666666663,0.0012770151690191525
340.75,0.001325172384660948
340.8333333333333,0.0006335884951534396
340.91666666666663,0.00047633819233691173
341.0,0.0005757527464156574
341.0833333333333,0.0006321970351879863
341.16666666666663,0.0007739010714124706
341.25,0.0005308060518800519
341.3333333333333,0.0005591319118350686
341.41666666666663,0.0010392387580154196
341.5,0.00042799172294115325
341.5833333333333,0.0011749604947763547
341.66666666666663,0.0011920048735007617
341.75,0.0004862241739416606
341.8333333333333,0.00017809876063433155
341.91666666666663,0.0004930406769869666
342.0,0.000749545132015461
342.0833333333333,0.0004780131411907988
342.16666666666663,0.0014207610695444886
342.25,0.0007446559613328051
342.3333333333333,0.0003052851792077562
342.41666666666663,0.0003797673338928204
342.5,0.00030087609015696625
342.5833333333333,0.0005264365602742821
342.66666666666663,0.0009392562919780077
342.75,0.0006844238132795447
342.8333333333333,0.00012208949830685897
342.91666666666663,0.0006538638720531088
343.0,0.0013455266534715268
343.0833333333333,0.0012301151508366942
343.16666666666663,0.0007637309815442017
343.25,0.0004051283683275493
343.3333333333333,0.00046257021674792916
343.41666666666663,0.0009544994068783478
343.5,0.0010471265633113364
343.5833333333333,0.0003749069509018417
343.66666666666663,0.0006749800794106656
343.75,0.0003585359669595507
343.8333333333333,0.00016183711816172245
343.91666666666663,0.0004906939308659241
344.0,0.00044123823829819736
344.0833333333333,0.00031590825716141136
344.16666666666663,0.00021274855732738248
344.25,0.0008307193362251831
344.3333333333333,0.0012025774890153458
344.41666666666663,0.0005149804972171968
344.5,0.00017896858127448931
344.5833333333333,0.00013166865793085432
344.66666666666663,0.0002856882544791433
344.75,0.0005474128512132785
344.8333333333333,0.0003759469436014748
344.91666666666663,0.0003568229004566791
345.0,0.0008450337337432745
345.0833333333333,0.0007312468069690443
345.16666666666663,0.00013954772933657522
345.25,0.0005715947634367
345.3333333333333,0.00015627518420989153
345.41666666666663,0.0007229886381337191
345.5,0.0006012620615333551
345.5833333333333,0.0003541277956167213
345.66666666666663,0.0004722845031361573
345.75,0.0006572724261687826
345.8333333333333,0.0006730677822417143
345.91666666666663,0.00015961577803163334
346.0,0.00024605830623093927
346.0833333333333,0.0008716896191382956
346.16666666666663,0.0008286785802370444
346.25,0.00044566595283156174
346.3333333333333,0.0004360546394097835
346.41666666666663,0.0007520881168957504
346.5,0.0006510963053496036
346.5833333333333,0.000805882428746157
346.66666666666663,0.0013748823404203016
346.75,0.0006598129341629898
346.8333333333333,0.00048378872097236517
346.91666666666663,0.0007229822710084444
347.0,2.053291355291604e-05
347.0833333333333,0.0007273994231499093
347.16666666666663,0.0005294041216904245
347.25,0.0012557899613926155
347.3333333333333,0.0009733231298074681
347.41666666666663,0.0005968366934557412
347.5,0.0007873837549668723
347.5833333333333,0.0007044132320487812
347.66666666666663,0.0011189248287957624
347.75,0.0006972501538773965
347.8333333333333,0.001096767597075471
347.91666666666663,0.001402036022123575
348.0,0.0008805832602159774
348.0833333333333,0.00012199325371374837
348.16666666666663,0.0009512800879192316
348.25,0.0015148851916461697
348.3333333333333,0.0014364847354457575
348.41666666666663,0.0014512801369829147
348.5,0.0007109652588984539
348.5833333333333,0.00020292009982578765
348.66666666666663,0.0007246973763593468
348.75,0.0007098935150046564
348.8333333333333,0.00029677318593046114
348.91666666666663,0.0004955532486777904
349.0,0.0005787883223915054
349.0833333333333,0.0003498436424280664
349.16666666666663,0.0012444306390431506
349.25,0.001232619847888876
349.3333333333333,0.0011621359703431193
349.41666666666663,0.0009061311856831348
349.5,0.0004859940796951448
349.5833333333333,0.0008407991608424126
349.66666666666663,0.0009549506411399562
349.75,0.0008640864981789663
349.8333333333333,0.00123056762455142
349.91666666666663,0.0015483187221482515
350.0,0.001438364655757149
350.0833333333333,0.0011859330825085552
350.16666666666663,0.0005707848311579005
350.25,0.0009829133302077793
350.3333333333333,0.0005521728144881688
350.41666666666663,0.0001906373423389347
350.5,0.0012958146123573258
350.5833333333333,0.0005686342497779935
350.66666666666663,0.0005632976380208835
350.75,0.0005148159726940133
350.8333333333333,0.0006784189270338808
350.91666666666663,0.0010003317789716902
351.0,0.001083546132046618
351.0833333333333,0.001246818834694527
351.16666666666663,0.00105417918045978
351.25,0.0005694164854694172
351.3333333333333,0.0005048785070079169
351.41666666666663,0.0004540383287355902
351.5,0.0008693034582204556
351.5833333333333,0.0011850921377336392
351.66666666666663,0.00113414860704618
351.75,0.0007740865416476572
351.8333333333333,0.00021631726723715894
351.91666666666663,0.0005089816035414868
352.0,0.0006588469768004011
352.0833333333333,0.00021996322856079897
352.16666666666663,0.0007680254410831027
352.25,0.0006813713601880238
352.3333333333333,0.0012931862429013
352.41666666666663,0.0010144013667813699
352.5,0.0003984901874839146
352.5833333333333,0.000407108464964487
352.66666666666663,0.0008677490256006681
352.75,0.0011751088107747145
352.8333333333333,0.001465821342865381
352.91666666666663,0.0013090690840444534
353.0,0.0008073473969069608
353.0833333333333,0.00039468499510910766
353.16666666666663,0.0006022755121990309
353.25,0.0010739043581585888
353.3333333333333,0.0009420250661506382
353.41666666666663,0.0005022270224093587
353.5,0.0006543431117143833
353.5833333333333,0.0005961767848871341
353.66666666666663,0.00044646559783593674
353.75,0.0005321137841664696
353.8333333333333,0.0008322202643518046
353.91666666666663,0.0008631112919386465
354.0,0.0005033720457065361
354.0833333333333,0.0006196825337484698
354.16666666666663,0.0010064466154562572
354.25,0.0012647083776204883
354.3333333333333,0.0010360194162415024
354.41666666666663,0.0014338127114952566
354.5,0.0014866862469426027
354.5833333333333,0.0006213646834799973
354.66666666666663,0.0015561049537576087
354.75,0.001303072822008209
354.8333333333333,0.00037660971962045044
354.91666666666663,0.0009691224680345805
355.0,0.0008166716210002109
355.0833333333333,0.00032796492502151043
355.16666666666663,0.00018243432465756972
355.25,0.0002649762802553723
355.3333333333333,0.0010725944816826983
355.41666666666663,0.0010713830605536703
355.5,0.0003146063468280271
355.5833333333333,0.000991408541178484
355.66666666666663,0.0014450729703549547
355.75,0.0019737232164567984
355.8333333333333,0.0022448016162791243
355.91666666666663,0.0019153079873641971
356.0,0.001426815454677634
356.0833333333333,0.00080583238381467
356.16666666666663,0.0006626094632584483
356.25,0.0008408056820698649
356.3333333333333,0.0006580981968290512
356.41666666666663,0.0008781074932503654
356.5,0.0009277692013559694
356.5833333333333,0.0006555871366297009
356.66666666666663,0.0006390281669901035
356.75,0.0005335545204986967
356.8333333333333,0.0003860976799880147
356.91666666666663,0.0006898420121170444
357.0,6.840759327081264e-05
357.0833333333333,0.0011597280023849471
357.16666666666663,0.0014122374642894107
357.25,0.0009607514786483142
357.3333333333333,0.00036442994940823
357.41666666666663,0.0008073719937634425
357.5,0.00045679782963585925
357.5833333333333,0.0007026915688249074
357.66666666666663,0.0006871901465103994
357.75,0.0004407587398777624
357.8333333333333,0.0006164267475141456
357.91666666666663,0.0006226594040083178
358.0,0.000419731151016972
358.0833333333333,0.0005397587897857369
358.16666666666663,0.00046982305127737413
358.25,0.0003236537523042808
358.3333333333333,0.0008324063573712215
358.41666666666663,0.0012396380278048662
358.5,0.0011579678823639378
358.5833333333333,0.0006848746547756674
358.66666666666663,0.0012314309649243795
358.75,0.0020573931137616405
358.8333333333333,0.0017772049176693555
358.91666666666663,0.0009395485972368046
359.0,0.0007869829307182338
359.0833333333333,0.0012196722771164945
359.16666666666663,0.0010898306747551625
359.25,0.00013669885490246526
359.3333333333333,0.0003101634609490843
359.41666666666663,0.0006895977268547154
359.5,0.0012850573503563343
359.5833333333333,0.0014397779210563748
359.66666666666663,0.0011130698277617946
359.75,0.000937565850484499
359.8333333333333,0.000985850736071854
359.91666666666663,0.0004960259983421854
360.0,0.0010848222394439452
360.0833333333333,0.0015420117725482457
360.16666666666663,0.0008694396819758529
360.25,0.0005420058536600352
360.3333333333333,0.0002993536829906184
360.41666666666663,0.000340162359969966
360.5,0.0009693753644368608
360.5833333333333,0.0013644948578233156
360.66666666666663,0.0007358395866539906
360.75,0.00031409256863853613
360.8333333333333,0.0006968051539622696
360.91666666666663,0.0002660326973447297
361.0,0.0006377553595009951
361.0833333333333,0.0011630899883342696
361.16666666666663,0.00013387800484627714
361.25,0.0007641918491592089
361.3333333333333,0.00038943733545329347
361.41666666666663,0.00023231071505654897
361.5,0.0006570789957614019
361.5833333333333,0.001161735704144684
361.66666666666663,0.00128338533388147
361.75,0.00044519038192943224
361.8333333333333,0.00040641584017767746
361.91666666666663,0.0008315979598688908
362.0,0.00018079003056963478
362.0833333333333,0.0006559785139061266
362.16666666666663,0.0005261819856582723
362.25,0.00032005194215143544
362.3333333333333,0.0006418955871435264
362.41666666666663,0.0007834510467737257
362.5,0.00036494297953955997
362.5833333333333,0.00022509536707716594
362.66666666666663,0.00035205311248794654
362.75,0.0004389165965418924
362.8333333333333,0.0005415657426984783
362.91666666666663,0.0008763457698933208
363.0,0.0007356253423932412
363.0833333333333,0.000528680490396011
363.16666666666663,4.199695865836465e-05
363.25,0.0006687009345934041
363.3333333333333,0.0007802647765668932
363.41666666666663,0.00040374239815003335
363.5,0.00037060736539416757
363.5833333333333,0.0005121031483571447
363.66666666666663,0.0008425038990574506
363.75,0.0005969975062657001
363.8333333333333,0.0003716883296412911
363.91666666666663,0.0008110963846041492
364.0,0.0011104161757828283
364.0833333333333,0.0009969657087176152
364.16666666666663,0.0008057974370908365
364.25,0.001213172688392525
364.3333333333333,0.0008791964300035558
364.41666666666663,0.0005982085036790757
364.5,0.0009715601138222288
364.5833333333333,5.5899209945301285e-05
364.66666666666663,0.0009718720691053775
364.75,0.0010220301884753377
364.8333333333333,0.00019629404492666787
364.91666666666663,0.0006891108672246022
365.0,0.000274193134257474
365.0833333333333,0.0007251553458312092
365.16666666666663,0.0007851061573792696
365.25,0.0005419832503996657
365.3333333333333,0.0004382850557949304
365.41666666666663,0.0003309889293434921
365.5,0.00036310483667146773
365.5833333333333,0.0002590257988874186
365.66666666666663,0.0004385533193975972
365.75,0.0004258118140013432
365.8333333333333,0.0008622632679283035
365.91666666666663,0.0007887792423282443
366.0,0.0010659179350095255
366.0833333333333,0.0009452674811884705
366.16666666666663,0.000879775379870995
366.25,0.001011170300096819
366.3333333333333,0.001098296189583952
366.41666666666663,0.0007215387711597868
366.5,0.0001676184826100172
366.5833333333333,0.00012247694666892093
366.66666666666663,0.0005404630260568117
366.75,0.0008622977657329251
366.8333333333333,0.0018185110786223002
366.91666666666663,0.0023198798123702214
367.0,0.0015873639206034776
367.0833333333333,0.0008917305681655085
367.16666666666663,0.0011353297651356205
367.25,0.001186821171312499
367.3333333333333,0.0014895038367356693
367.41666666666663,0.0011021758113772965
367.5,0.0006250576396292274
367.5833333333333,0.0012837852395798462
367.66666666666663,0.0005780438074126488
367.75,0.0006264420426309132
367.8333333333333,0.0009991230714029421
367.91666666666663,0.000801354600134355
368.0,0.000870050305197396
368.0833333333333,0.0006773666200379703
368.16666666666663,0.0001941458139640503
368.25,0.0009603491205563382
368.3333333333333,0.0015049754403555814
368.41666666666663,0.0011016344284790196
368.5,0.0002969833484156844
368.5833333333333,0.0005678835495223189
368.66666666666663,0.00040145507244531266
368.75,0.0011509578766713058
368.8333333333333,0.000979429388924757
368.91666666666663,0.0006613544728096013
369.0,0.0008546952481865519
369.0833333333333,0.000728215690123197
369.16666666666663,0.0006293222196632249
369.25,0.0008720477479304549
369.3333333333333,0.0002853077020547026
369.41666666666663,0.0005390415835089192
369.5,0.0010697154340063356
369.5833333333333,0.001310416932646822
369.66666666666663,0.00071380532583634
369.75,0.0005042575420149479
369.8333333333333,0.0008414952222357487
369.91666666666663,0.0007308394987647681
370.0,0.0001527197636867632
370.0833333333333,0.0011124694315478652
370.16666666666663,0.0014061354606912087
370.25,0.0007490937359407463
370.3333333333333,0.00021409596306313245
370.41666666666663,0.0005173132972974548
370.5,0.0008876368650648777
370.5833333333333,0.000949080901257739
370.66666666666663,0.00015737380439331504
370.75,0.0010505749934058705
370.8333333333333,0.0004939009248132153
370.91666666666663,0.0006099038247862689
371.0,0.0010397894707431475
371.0833333333333,0.0008399767126141943
371.16666666666663,0.0001808472599338427
371.25,0.0007498587914983507
371.3333333333333,0.0006909756319474727
371.41666666666663,0.001047234902384836
371.5,0.0010021673799071654
371.5833333333333,0.0002081655719736597
371.66666666666663,0.001113877143149645
371.75,0.00086331095524893
371.8333333333333,0.0005520348306860447
371.91666666666663,0.000892666926149783
372.0,0.001052360258249749
372.0833333333333,0.0015440938055836493
372.16666666666663,0.0020526599716729956
372.25,0.0013763323000236397
372.3333333333333,0.00017517401373529304
372.41666666666663,0.0005169365050956324
372.5,0.0004336410866862887
372.5833333333333,0.0008768209992732202
372.66666666666663,0.0009589382624664628
372.75,0.0009520658520456807
372.8333333333333,0.001251681345894435
372.91666666666663,0.0011027732402806303
373.0,0.000879940120980282
373.0833333333333,0.0010500181656873115
373.16666666666663,0.0006244231578524405
373.25,0.0002705497895018989
373.3333333333333,0.0011707346857996854
373.41666666666663,0.0013242011399167534
373.5,0.00026971317449766576
373.5833333333333,0.0005146298760724882
373.66666666666663,0.000894991322084025
373.75,0.0014548200548670214
373.8333333333333,0.0011337231293912617
373.91666666666663,0.0005858307042291185
374.0,0.0007514344882045578
374.0833333333333,0.0009615367835222704
374.16666666666663,0.000787737640711119
374.25,0.0013878313947389546
374.3333333333333,0.001979697331128328
374.41666666666663,0.0023662771908632874
374.5,0.0015346730591570229
374.5833333333333,0.0005658058386312611
374.66666666666663,0.0003020968410060829
374.75,0.0006065494597558227
374.8333333333333,0.00035478630196646485
374.91666666666663,0.0007304059206262918
375.0,0.0004948460100818492
375.0833333333333,0.00011676753059468948
375.16666666666663,9.999364002703509e-05
375.25,0.00047870860327060003
375.3333333333333,0.0008421757264371235
375.41666666666663,0.0007911137100126527
375.5,0.0006774540920085784
375.5833333333333,0.0007016470895786377
375.66666666666663,0.000272339602910902
375.75,0.0005167890125120244
375.8333333333333,0.0010080321404011762
375.91666666666663,0.0001614787173356275
376.0,0.000915881988769602
376.0833333333333,0.0009733193823991651
376.16666666666663,0.00010052694115380529
376.25,0.0006412584833603069
376.3333333333333,0.0007292049214808192
376.41666666666663,0.00017515997140869337
376.5,0.00046078511586329244
376.5833333333333,0.0005231880265427209
376.66666666666663,0.0006557251131965164
376.75,0.0008779161344533601
376.8333333333333,0.0004695874748378531
376.91666666666663,0.0004905021709357131
377.0,0.00016803996629384389
377.0833333333333,0.0005577641003280099
377.16666666666663,0.0009801707311290543
377.25,0.00041691188298880946
377.3333333333333,0.000556469462936701
377.41666666666663,0.0005770958927444091
377.5,0.0007407240392823608
377.5833333333333,0.0014592102986133808
377.66666666666663,0.0012880653346060353
377.75,0.0007806936414625191
377.8333333333333,0.0008094810965982958
377.91666666666663,0.0010482221917769473
378.0,0.0009690696900754429
378.0833333333333,0.0006521813131056409
378.16666666666663,3.8422898323846245e-05
378.25,0.000986537751035781
378.3333333333333,0.0009395348694787872
378.41666666666663,0.0003966629689736449
378.5,0.0004464973082254789
378.5833333333333,0.0007116973210553314
378.66666666666663,0.00044314857890608516
378.75,0.0007724994957325955
378.8333333333333,0.0008064956851720737
378.91666666666663,0.0007221578937534507
379.0,0.0009625243311868606
379.0833333333333,0.0005575331358899232
379.16666666666663,0.00048063064138332407
379.25,0.00032322377865117905
379.3333333333333,0.00043522095640777036
379.41666666666663,0.0006044141717016277
379.5,0.0005600328001817487
379.5833333333333,0.0012102575985619174
379.66666666666663,0.0008865856772767728
379.75,0.0002977043472814738
379.8333333333333,0.00011559763381708208
379.91666666666663,0.000501439985492146
380.0,0.0005070235844452385
380.0833333333333,0.00015730357479348583
380.16666666666663,0.001304364782989835
380.25,0.0017835085733118416
380.3333333333333,0.0006427012062203291
380.41666666666663,0.0005786631321095815
380.5,0.0005330902007807311
380.5833333333333,0.0002516819360358686
380.66666666666663,0.00044775684859582376
380.75,0.000830372015375472
380.8333333333333,0.0010064422863397498
380.91666666666663,0.0005786147480399772
381.0,0.0005264477465170953
381.0833333333333,0.0006678662441436284
381.16666666666663,0.00027816554010840297
381.25,0.000548752497128443
381.3333333333333,0.00043427336887862057
381.41666666666663,0.0003801465636296448
381.5,0.0006374979807940672
381.5833333333333,0.0010106077061193804
381.66666666666663,0.000715708952462029
381.75,0.00048486763436095926
381.8333333333333,0.00033900415710258404
381.91666666666663,0.0008009609790058738
382.0,0.0013961452926177188
382.0833333333333,0.0006069985508289605
382.16666666666663,0.00047875849136769054
382.25,0.0008233349860932519
382.3333333333333,0.000587903724501054
382.41666666666663,0.0006019323936764669
382.5,0.0003176785524870166
382.5833333333333,0.000363022838959613
382.66666666666663,0.0001603523716225282
382.75,0.000493838913529909
382.8333333333333,0.0006676551940945547
382.91666666666663,0.0002844306009265729
383.0,0.00025842449942733655
383.0833333333333,0.0001546853774808148
383.16666666666663,0.0002487751351262842
383.25,0.0005174154938556037
383.3333333333333,0.0008138288846997582
383.41666666666663,0.0008633598762437568
383.5,0.00039671204696950144
383.5833333333333,0.00021145745532849934
383.66666666666663,0.000903291126771143
383.75,0.001580160031102842
383.8333333333333,0.0014025863328259232
383.91666666666663,0.000975514323362433
384.0,0.00057081341516192
384.0833333333333,0.00047582867425832005
384.16666666666663,0.0006998936296338874
384.25,0.0013044959250492478
384.3333333333333,0.0004268707710597132
384.41666666666663,0.001008703644319657
384.5,0.00044449461866904793
384.5833333333333,0.0006490314367293941
384.66666666666663,0.0010621811719004005
384.75,0.0011224397517206337
384.8333333333333,0.0005818287731183663
384.91666666666663,0.001022461701607747
385.0,0.0013324716810000467
385.0833333333333,0.0017137575884640373
385.16666666666663,0.0010501158161097322
385.25,0.00021194315461970414
385.3333333333333,0.0005408757883373975
385.41666666666663,0.0007500923036762705
385.5,0.0003458199659474457
385.5833333333333,0.0011301610623888545
385.66666666666663,0.001369928770910224
385.75,0.001002563196843003
385.8333333333333,0.0005664578210286319
385.91666666666663,0.00035881901410857945
386.0,0.0004359583482461689
386.0833333333333,0.00046625341456110313
386.16666666666663,0.0008135028776227754
386.25,0.0006966497990211413
386.3333333333333,0.0003243334786253323
386.41666666666663,0.00033585083445557664
386.5,0.000838387304696411
386.5833333333333,0.0012485291421310905
386.66666666666663,0.0009794455871025404
386.75,0.000774918239610075
386.8333333333333,0.0012536421447277711
386.91666666666663,0.0007700259324606873
387.0,0.0005791745508565601
387.0833333333333,0.0005487163568412743
387.16666666666663,0.0009302782557552946
387.25,0.001011678184678489
387.3333333333333,0.0008322426210956177
387.41666666666663,0.00045232317867961757
387.5,0.00047451188770945135
387.5833333333333,0.00018675284028857124
387.66666666666663,0.0009311605902171316
387.75,0.0012295648317709484
387.8333333333333,0.000810702693530075
387.91666666666663,0.0006802079556088875
388.0,0.0009742903033357932
388.0833333333333,0.00086568822128089
388.16666666666663,0.0011179776559450912
388.25,0.0007288231069848784
388.3333333333333,0.0005667978862433704
388.41666666666663,0.0009747175736335158
388.5,0.0005500378836349147
388.5833333333333,0.0013833265154195367
388.66666666666663,0.001675743969052184
388.75,0.0019285334994209595
388.8333333333333,0.0014692700421369085
388.91666666666663,0.0011151848240994141
389.0,0.0006181088981564928
389.0833333333333,0.0011520604553707933
389.16666666666663,0.0011624703997598692
389.25,0.0010303221220722117
389.3333333333333,0.0008354021474691389
389.41666666666663,0.0007496777894571246
389.5,0.0005015646308517458
389.5833333333333,0.00013084843859794643
389.66666666666663,0.0008277201083707647
389.75,0.0009505034733000436
389.8333333333333,0.0006218632141955754
389.91666666666663,0.00096608937077368
390.0,0.0003887066554245864
390.0833333333333,0.0006240101599706838
390.16666666666663,0.00047704871314791436
390.25,0.0002729902773876022
390.3333333333333,0.0007277783309544874
390.41666666666663,0.0006379188048451466
390.5,0.0003701245874265565
390.5833333333333,0.0008840766111534544
390.66666666666663,0.000305036938046196
390.75,0.0006494374999326676
390.8333333333333,0.00044463561135724394
390.91666666666663,0.00016205461142800305
391.0,0.0008993782918300425
391.0833333333333,0.0005000128544667029
391.16666666666663,0.0004077901915716665
391.25,7.17982817370764e-05
391.3333333333333,0.0004681410205615241
391.41666666666663,0.0004855500678238269
391.5,0.0007844564910225717
391.5833333333333,0.0009006874464522615
391.66666666666663,0.0007610897283450691
391.75,0.0009007387402339963
391.8333333333333,0.0012640699957955906
391.91666666666663,0.0007327017753982338
392.0,0.0004143635004326306
392.0833333333333,0.0008122067832633611
392.16666666666663,0.0007163113554701751
392.25,0.00024178972580447055
392.3333333333333,0.000729475268187942
392.41666666666663,0.001280555506502966
392.5,0.00048348442353210187
392.5833333333333,0.0010795506228117927
392.66666666666663,0.001082248149763325
392.75,0.0008358477481724704
392.8333333333333,0.0009822399474692768
392.91666666666663,0.0007111066656341183
393.0,0.0003960804905463581
393.0833333333333,0.0007355636314988737
393.16666666666663,0.00020331739833036734
393.25,0.0007093319903317003
393.3333333333333,0.0010261768678618353
393.41666666666663,0.0005487651714671042
393.5,8.187165898459475e-05
393.5833333333333,0.00028420143894568095
393.66666666666663,0.0008818736829758166
393.75,0.0002779568169521307
393.8333333333333,0.00022311893111183828
393.91666666666663,0.000979563286622057
394.0,0.0016736865701906265
394.0833333333333,0.001641147213131
394.16666666666663,0.0007651583086642762
394.25,0.0003301734218076336
394.3333333333333,0.00030097687772131273
394.41666666666663,0.0012297486854048146
394.5,0.0011808025445386302
394.5833333333333,0.0006296982843747137
394.66666666666663,0.0008158142157826932
394.75,0.0010126050187443986
394.8333333333333,0.0008633547680038553
394.91666666666663,0.0005814558155421641
395.0,0.00032670829112663754
395.0833333333333,0.0010254240404083542
395.16666666666663,0.0006650652325670822
395.25,0.0004359397045087674
395.3333333333333,0.000503520900462145
395.41666666666663,0.0011304732983733374
395.5,0.0012115880713878375
395.5833333333333,0.0006809048338793821
395.66666666666663,0.00017187355415580928
395.75,0.0008458157282031987
395.8333333333333,0.0008891800328060971
395.91666666666663,0.0007854163115381286
396.0,0.0007060540274340314
396.0833333333333,0.0005416939746508096
396.16666666666663,0.0006685680296989294
396.25,0.0006607135650716369
396.3333333333333,0.0006407996201356469
396.41666666666663,0.001322611413827564
396.5,0.0007495658124978018
396.5833333333333,0.0005938136585533616
396.66666666666663,0.0010451667601836202
396.75,0.0013735189523754162
396.8333333333333,0.0008649765340710645
396.91666666666663,0.0005154249607560305
397.0,0.0010284663462606825
397.0833333333333,0.0011693976812564223
397.16666666666663,0.001009872862147341
397.25,0.0006360552081394917
397.3333333333333,0.000513007225656857
397.41666666666663,0.00046117460829005837
397.5,0.00046624854275568707
397.5833333333333,0.0007716419143629766
397.66666666666663,0.0005146512511409863
397.75,0.00023297166559089577
397.8333333333333,0.00020373823268689543
397.91666666666663,0.0005605363616021037
398.0,0.0001623449535726797
398.0833333333333,8.305251910057553e-05
398.16666666666663,0.00021360691557453757
398.25,0.00033929821240673063
398.3333333333333,0.00024947544794453886
398.41666666666663,0.0002565755410450087
398.5,0.0007301256760051687
398.5833333333333,0.0011855365557950942
398.66666666666663,0.0008924586622453178
398.75,0.0007812678088175509
398.8333333333333,0.001249527968477727
398.91666666666663,0.0006083488489858777
399.0,0.00019649658941807343
399.0833333333333,0.0008521975090910279
399.16666666666663,0.0012298174005402813
399.25,0.0013213846096322968
399.3333333333333,0.0009109347306813165
399.41666666666663,0.0004395075524267318
399.5,0.0011436063178300974
399.5833333333333,0.0012963105519290532
399.66666666666663,0.001148929045199466
399.75,0.0012987713413814082
399.8333333333333,0.001485112618168646
399.91666666666663,0.0020084959367158216
400.0,0.0006470357967567038
400.0833333333333,0.0006008111956307835
400.16666666666663,0.0004279885953473183
400.25,0.00023364374367082277
400.3333333333333,0.0008450579724564129
400.41666666666663,0.0006907151754872236
400.5,0.0006855723082604155
400.5833333333333,0.0011948922656521406
400.66666666666663,0.0011160083681742673
400.75,0.0005500961776601851
400.8333333333333,0.0003283068459189772
400.91666666666663,5.102594558426853e-05
401.0,0.0005385995834923986
401.0833333333333,0.0007379296092630477
401.16666666666663,0.0006943133709724264
401.25,0.00045293575018394346
401.3333333333333,0.0006448952004764506
401.41666666666663,0.0005218345750453003
401.5,0.0004410346131930596
401.5833333333333,6.544776415984677e-05
401.66666666666663,0.0008992503940554325
401.75,0.0010120551619144124
401.8333333333333,0.0005324562592867936
401.91666666666663,0.0007475476718227001
402.0,0.0010525020623094055
402.0833333333333,0.0012143207901882576
402.16666666666663,0.00041142367681407956
402.25,0.0007227889338680916
402.3333333333333,0.0003951390958703299
402.41666666666663,0.0006122070786794133
402.5,0.0003818493363392307
402.5833333333333,0.00012561331916510795
402.66666666666663,0.0004149875578102537
402.75,0.0003015765276876797
402.8333333333333,0.0004488729659960953
402.91666666666663,0.0006755092549603748
403.0,0.0003873639905418507
403.0833333333333,0.0004045192356395539
403.16666666666663,0.00036049971240678956
403.25,0.00024720859368888127
403.3333333333333,0.00020776996460816728
403.41666666666663,0.00046531486702462314
403.5,0.0005065609420367139
403.5833333333333,0.0006919225611213318
403.66666666666663,0.0001857186340680662
403.75,0.0004175271774700881
403.8333333333333,0.0005610645703565732
403.91666666666663,0.0005331791128854278
404.0,0.0002862080900209544
404.0833333333333,0.0001675353614635599
404.16666666666663,0.0002733236441748264
404.25,0.00035258707827461353
404.3333333333333,0.0008288022403926562
404.41666666666663,0.0003670498456719786
404.5,0.000900364752422583
404.5833333333333,0.0009455885436179867
404.66666666666663,0.001185127708276074
404.75,0.0007510876421698106
404.8333333333333,0.0005148741820521744
404.91666666666663,0.0008877819192621326
405.0,0.0006128849052716759
405.0833333333333,0.0009742202616790593
405.16666666666663,0.00023607784294457236
405.25,0.0008746250715849098
405.3333333333333,0.00045933706198487696
405.41666666666663,0.0008311131855120832
405.5,0.0006911783558659649
405.5833333333333,0.000983229447945358
405.66666666666663,0.001286115550075336
405.75,0.0009071878744933186
405.8333333333333,0.0007489792494677592
405.91666666666663,0.0009868170294248639
406.0,0.00012829611207793834
406.0833333333333,0.0002787869104668526
406.16666666666663,0.0003097455552977655
406.25,0.0006392243934488011
406.3333333333333,0.0003678146535950975
406.41666666666663,0.0002092871177436336
406.5,0.0003034947592145715
406.5833333333333,0.0002676211633262747
406.66666666666663,0.0005444324940921352
406.75,0.0002909673655788175
406.8333333333333,0.0003655246584746707
406.91666666666663,0.0005360611998192439
407.0,0.0001336936051853499
407.0833333333333,0.0003115036710349172
407.16666666666663,0.00046194708761352585
407.25,0.0004189427264157143
407.3333333333333,0.0008715809535787607
407.41666666666663,0.0007868708798792148
407.5,0.0005689060366155489
407.5833333333333,0.0006205138690877428
407.66666666666663,0.001446649957202433
407.75,0.0012180180543024113
407.8333333333333,0.0003854429763578373
407.91666666666663,0.0005842805784177851
408.0,0.0008068831338746651
408.0833333333333,0.000552786014843996
408.16666666666663,0.0008039692769209116
408.25,0.0015186798667884815
408.3333333333333,0.0012183445980256064
408.41666666666663,0.0006472342549710353
408.5,0.0005309011880645465
408.5833333333333,0.0007003711244414501
408.66666666666663,0.0005173684394797038
408.75,0.00019533695847031405
408.8333333333333,0.00012893870950117232
408.91666666666663,0.0005282231759132983
409.0,0.0006878670477503193
409.0833333333333,0.00037336025489660213
409.16666666666663,0.001120935147440529
409.25,0.0006581998031692952
409.3333333333333,0.0008008938597245858
409.41666666666663,0.000734042211639499
409.5,0.0007366053951125366
409.5833333333333,0.001122559610122929
409.66666666666663,0.0009054544856739292
409.75,0.0009102336478073441
409.8333333333333,0.0011470102125659
409.91666666666663,0.0002604970322245069
410.0,0.0007301101691343249
410.0833333333333,0.0015563833968412846
410.16666666666663,0.0009559203103690904
410.25,0.0005090599465815453
410.3333333333333,0.0010608975439014947
410.41666666666663,0.0011991337396351956
410.5,0.0011402608979395293
410.5833333333333,0.0009611860663683054
410.66666666666663,0.0004115707348519214
410.75,0.0003285333569553552
410.8333333333333,0.000322795063356989
410.91666666666663,0.00042898814055818363
411.0,0.0005265576784969287
411.0833333333333,0.0006974020838454671
411.16666666666663,0.0006800355771696564
411.25,0.001174606547731954
411.3333333333333,0.0011665631683645604
411.41666666666663,0.0008280528888257697
411.5,0.001386973850844624
411.5833333333333,0.0009348026423657931
411.66666666666663,0.00055224054510834
411.75,0.0007367361578738394
411.8333333333333,0.0014210143788004766
411.91666666666663,0.0009840578242780267
412.0,0.0009945537815920255
412.0833333333333,0.0011377939011552446
412.16666666666663,0.0008269987160414684
412.25,0.0011122763921523047
412.3333333333333,0.0008285570385910301
412.41666666666663,0.00033655560359143697
412.5,0.000579545432635721
412.5833333333333,0.0013023492994898103
412.66666666666663,0.0008635159468860097
412.75,0.0009970697942711902
412.8333333333333,0.001424429877591812
412.91666666666663,0.0009000297035426044
413.0,0.00016244456890599589
413.0833333333333,0.0009052995376402638
413.16666666666663,0.0005648705337150718
413.25,0.00032814553172391794
413.3333333333333,0.00034389506236315033
413.41666666666663,0.0003787210399251433
413.5,0.0004424514145968247
413.5833333333333,0.00038941378425843556
413.66666666666663,3.614114788814413e-05
413.75,0.0005819521209926914
413.8333333333333,0.001047434769492266
413.91666666666663,0.0010011641265842911
414.0,0.0005584183463258628
414.0833333333333,0.00010450731528059062
414.16666666666663,0.00035994840654508456
414.25,0.00023838110199267341
414.3333333333333,0.0009538327267233767
414.41666666666663,0.0010722566582823847
414.5,0.0010554129978290968
414.5833333333333,0.0006045583201625032
414.66666666666663,0.0006685965862476517
414.75,0.00048127476735141604
414.8333333333333,0.0004562299867999414
414.91666666666663,0.0006175012476318561
415.0,0.0005099440129076438
415.0833333333333,0.0009960644320246713
415.16666666666663,0.0018621955196589084
415.25,0.001489336539303923
415.3333333333333,0.0012383100612623017
415.41666666666663,0.0005108180813241568
415.5,0.0006423412563727154
415.5833333333333,0.0012078159491732759
415.66666666666663,0.00045808179004948866
415.75,0.0004341819457663964
415.8333333333333,0.000662601666091644
415.91666666666663,0.0003667489743515059
416.0,0.00017215419908833736
416.0833333333333,0.0002470868837106303
416.16666666666663,0.001142011757570324
416.25,0.0014971189932492261
416.3333333333333,0.0003264134167369346
416.41666666666663,0.0005652879335194031
416.5,0.0008834818146088646
416.5833333333333,0.0005336714210838714
416.66666666666663,0.0006603123903794998
416.75,0.0002850110491774912
416.8333333333333,0.0008726050723610643
416.91666666666663,0.0005920428503582362
417.0,0.0003338548901986315
417.0833333333333,0.0003050451417013213
417.16666666666663,0.00037042119966979845
417.25,0.00048552534300234777
417.3333333333333,0.0005016808309926543
417.41666666666663,0.0010968893634032758
417.5,0.000915410550918532
417.5833333333333,0.0004454762222101677
417.66666666666663,0.000740805132606895
417.75,0.001024316445496828
417.8333333333333,0.0008899723108310774
417.91666666666663,0.0010613777380606166
418.0,0.00021512554855526413
418.0833333333333,0.001068072974179311
418.16666666666663,0.0010339591703956911
418.25,0.0008482553853173464
418.3333333333333,0.00042192091306158446
418.41666666666663,8.906278284601846e-05
418.5,0.00022477668992996363
418.5833333333333,0.0007724395815538977
418.66666666666663,0.0011276426131227883
418.75,0.000791248715031649
418.8333333333333,0.0005338562738941997
418.91666666666663,0.0010864524747629706
419.0,0.0009949354537031178
419.0833333333333,0.00019152546931432848
419.16666666666663,0.0002795406518020159
419.25,0.0005511931393627489
419.3333333333333,0.0005931468306488596
419.41666666666663,0.0004999521270117415
419.5,0.0006794635182868919
419.5833333333333,0.0009733185469859039
419.66666666666663,0.0002737003811716345
419.75,0.00023516633906342743
419.8333333333333,0.00040613659135409685
419.91666666666663,0.00042532036064381887
420.0,0.000545313667012325
420.0833333333333,0.00091115812666033
420.16666666666663,0.0009086433629871685
420.25,0.0005965439081155791
420.3333333333333,0.0005306039355013799
420.41666666666663,0.00048325311116253166
420.5,0.0009012211091411306
420.5833333333333,0.0006301797372241683
420.66666666666663,0.0004908736194615113
420.75,0.001052266111402896
420.8333333333333,0.0010822336659593828
420.91666666666663,0.000904841236231827
421.0,0.00014228777401174597
421.0833333333333,0.0008116391092709413
421.16666666666663,0.0007997349265164154
421.25,0.0006903342138117594
421.3333333333333,0.000801072642286872
421.41666666666663,0.0008971907673243822
421.5,0.0011464403922808093
421.5833333333333,0.0008813192109044563
421.66666666666663,0.00041496691071666133
421.75,0.00031372081033583074
421.8333333333333,0.0004657815771164263
421.91666666666663,0.0005370741531740538
422.0,0.00030673559171335505
422.0833333333333,0.0003591078903974768
422.16666666666663,0.0010940496768883702
422.25,0.0012676442234328621
422.3333333333333,0.0006790340536867296
422.41666666666663,0.00045605180100439873
422.5,0.001253662311893678
422.5833333333333,0.0007219272503876586
422.66666666666663,0.00018137970935324806
422.75,0.00045769030499656605
422.8333333333333,0.0005328726248653248
422.91666666666663,0.0004970148918573969
423.0,0.001072678962559878
423.0833333333333,0.0004056019213672657
423.16666666666663,0.00028059266097417906
423.25,0.0010051212810254062
423.3333333333333,0.0004308972396756933
423.41666666666663,0.000391190075390052
423.5,0.0004464865688860884
423.5833333333333,0.00020373587080268858
423.66666666666663,0.0004987686038290601
423.75,0.0012309660050508575
423.8333333333333,0.001022825225681534
423.91666666666663,0.0006590045531001477
424.0,0.00044789971806480204
424.0833333333333,0.0008468296421326438
424.16666666666663,0.001256209271448166
424.25,0.0010367440365649319
424.3333333333333,0.0008238358021611252
424.41666666666663,0.0006420200067395245
424.5,0.00046015708184034846
424.5833333333333,0.0008226811091922516
424.66666666666663,0.0009867481677172754
424.75,0.0006609396516691026
424.8333333333333,0.0006678736226567983
424.91666666666663,0.000838773219219068
425.0,0.0005935283701217481
425.0833333333333,0.00031568619854728275
425.16666666666663,0.0006070333218728958
425.25,0.0011286242605294183
425.3333333333333,0.0011603159162693135
425.41666666666663,0.0012005170173449045
425.5,0.0014553357593925292
425.5833333333333,0.0011476712719326392
425.66666666666663,0.001052685924032603
425.75,0.0007726247515893221
425.8333333333333,0.00011072481843462874
425.91666666666663,0.0004873173501242586
426.0,0.0007603872329556413
426.0833333333333,0.0007032496981403589
426.16666666666663,0.0002641258952883304
426.25,0.0006303989320543412
426.3333333333333,0.00046968587917699966
426.41666666666663,0.0008506842321829628
426.5,0.0008636693908984671
426.5833333333333,0.0006543544880775626
426.66666666666663,0.0009101682709682637
426.75,0.0008712814729909175
426.8333333333333,0.0005959182583973349
426.91666666666663,0.00024361870483742895
427.0,0.0008520338702700431
427.0833333333333,0.0007487689345371726
427.16666666666663,0.0005496075005350913
427.25,0.0007686227790281797
427.3333333333333,0.000774915817150234
427.41666666666663,0.0003671545408389118
427.5,0.00022623249411659086
427.5833333333333,0.0006411566027546772
427.66666666666663,0.0008467297762649102
427.75,0.00044217191535989123
427.8333333333333,0.000248744512295874
427.91666666666663,0.0002698665735086392
428.0,0.00027021519422167143
428.0833333333333,0.00010196798607823452
428.16666666666663,0.0007960701242492318
428.25,0.0006869555456039681
428.3333333333333,0.00014996438812274148
428.41666666666663,0.0004551716824732053
428.5,0.0012454521597903858
428.5833333333333,0.0013971773687402537
428.66666666666663,0.000306999377690577
428.75,0.0003925052376038231
428.8333333333333,0.0003247373626234642
428.91666666666663,0.0009564910466415196
429.0,0.0013018107248985874
429.0833333333333,0.0011609613742592916
429.16666666666663,0.000618179921608553
429.25,0.0003270763091376541
429.3333333333333,0.00045593922834624045
429.41666666666663,0.0006335032423864712
429.5,0.0009403261706771219
429.5833333333333,0.0003873758686515841
429.66666666666663,0.00033654078418030096
429.75,0.00023309760483147061
429.8333333333333,0.00016188142633486873
429.91666666666663,0.0006186974484867324
430.0,0.0002296442812546348
430.0833333333333,0.0005211759983825463
430.16666666666663,0.0008091674231583179
430.25,0.0010867525048687719
430.3333333333333,0.000983104080113254
430.41666666666663,0.0009175716244343583
430.5,0.0007750727430736404
430.5833333333333,0.0006157547013351438
430.66666666666663,0.0011729302381977636
430.75,0.0012996423398378937
430.8333333333333,0.0004295313831745699
430.91666666666663,0.0008612323956358253
431.0,0.0007126101737875614
431.0833333333333,0.0006561245210206739
431.16666666666663,8.870703746000349e-05
431.25,0.000598990649672426
431.3333333333333,0.0011267448463252872
431.41666666666663,0.000990544494170347
431.5,0.0008371072031720904
431.5833333333333,0.0009353584816915828
431.66666666666663,0.000676951279693076
431.75,0.0006770537215763181
431.8333333333333,0.0005996272570333993
431.91666666666663,0.0004548388097986855
432.0,0.0005219870250046005
432.0833333333333,0.0008959762013190517
432.16666666666663,0.0005670617556142181
432.25,0.0008321526122678095
432.3333333333333,0.0012382778500136175
432.41666666666663,0.0006449761071377318
432.5,0.0004665911110637776
432.5833333333333,0.0001793596624274993
432.66666666666663,0.0005074267043702143
432.75,0.0005238982451830393
432.8333333333333,0.0003903728949916614
432.91666666666663,0.0005964050058814797
433.0,0.0005859099485390674
433.0833333333333,0.0005591719009972783
433.16666666666663,0.0010583086485231924
433.25,0.001108403419995971
433.3333333333333,0.0008507462932420656
433.41666666666663,0.0008255414360507299
433.5,0.0005903706365230696
433.5833333333333,0.0002804240452116885
433.66666666666663,0.00024624088361559356
433.75,0.00024332911102769013
433.8333333333333,0.0004166597112268632
433.91666666666663,0.0004984927190950164
434.0,0.00042278656682954725
434.0833333333333,0.0007685415790833297
434.16666666666663,0.0007631634809413563
434.25,0.00016302538025905294
434.3333333333333,0.0008719375757921929
434.41666666666663,0.0006813370839643074
434.5,0.00025466488377567085
434.5833333333333,0.0006108638317512136
434.66666666666663,0.0006846133565399879
434.75,0.0006254418124849196
434.8333333333333,0.0006051694505877757
434.91666666666663,0.0009459998970920458
435.0,0.0008850251143695619
435.0833333333333,0.0007275708179935449
435.16666666666663,0.0004737699755740221
435.25,0.00024558950956923863
435.3333333333333,0.0007281442188207317
435.41666666666663,0.0010076039644392539
435.5,0.0006765196660873455
435.5833333333333,0.00037439778433027884
435.66666666666663,0.00013310668852390572
435.75,0.00026069561754975436
435.8333333333333,0.00030682463745375875
435.91666666666663,0.0007166106013289868
436.0,0.0013002742224581974
436.0833333333333,0.00043430437920691933
436.16666666666663,0.00038395108897446576
436.25,0.00030429322232687346
436.3333333333333,0.0006257085041600918
436.41666666666663,0.00036276468497783255
436.5,0.00027726432331597257
436.5833333333333,0.0005961345487364999
436.66666666666663,0.0011260654989342488
436.75,0.0007911250823875377
436.8333333333333,0.000215155809461175
436.91666666666663,0.00039749057615664666
437.0,0.0005779527078773056
437.0833333333333,8.825426441731454e-05
437.16666666666663,0.0004268651747896681
437.25,9.730260486497218e-05
437.3333333333333,0.0002609331081477518
437.41666666666663,0.0006362055579172648
437.5,0.0002619464641583691
437.5833333333333,0.0006184454787316263
437.66666666666663,0.0004371083719280197
437.75,0.0005155751945799701
437.8333333333333,0.0006344316264783043
437.91666666666663,0.000456674908045567
438.0,0.00048063717992235936
438.0833333333333,0.0008421845979358371
438.16666666666663,0.0010128315674964126
438.25,0.000569393716578972
438.3333333333333,0.0012766678929173071
438.41666666666663,0.001196985775311433
438.5,0.00046378417973280754
438.5833333333333,0.0001606223269115701
438.66666666666663,0.00034173536531252705
438.75,0.0010339598870899424
438.8333333333333,0.0007656366186783442
438.91666666666663,0.0006578403902185241
439.0,0.0010506834999760711
439.0833333333333,0.0008047349811033214
439.16666666666663,0.0007894233045663459
439.25,0.0009012134206816681
439.3333333333333,0.0007666437115102672
439.41666666666663,0.0008178898591624065
439.5,0.0004817323064806918
439.5833333333333,0.0009586956466346668
439.66666666666663,0.0013496904823078442
439.75,0.0012209066065883125
439.8333333333333,0.000840249845959158
439.91666666666663,0.0007478345582362876
440.0,0.00041101963692997994
440.0833333333333,0.0005390127063313414
440.16666666666663,0.0007054911611897337
440.25,0.0008074473707305194
440.3333333333333,0.0005071605422498439
440.41666666666663,0.0003110322363030692
440.5,0.0007363370712083743
440.5833333333333,0.0008580133171811808
440.66666666666663,0.0005561374215812851
440.75,0.00039776770439946306
440.8333333333333,0.0003801768746298121
440.91666666666663,0.00046706940733018507
441.0,0.0006005449101010935
441.0833333333333,2.5419619139476546e-05
441.16666666666663,0.0003174570221442557
441.25,0.0010148789504700025
441.3333333333333,0.0007891552490893975
441.41666666666663,0.0006121008215085439
441.5,0.0007724816618002358
441.5833333333333,0.0002363222204428622
441.66666666666663,0.0005404768640833093
441.75,0.0009073706811518415
441.8333333333333,0.0006851214261673358
441.91666666666663,0.0006302510451835349
442.0,0.0008424297076990295
442.0833333333333,0.0009566223937142843
442.16666666666663,0.0009085947067299471
442.25,0.0007522640229379954
442.3333333333333,0.0005945566961604843
442.41666666666663,0.0003833993391449764
442.5,0.0006655451746494852
442.5833333333333,0.0008129154083010903
442.66666666666663,3.8611632974302116e-05
442.75,0.0003795240098873138
442.8333333333333,0.00020952771131158433
442.91666666666663,0.0006342489717234242
443.0,0.0009718688790350874
443.0833333333333,0.0008515007228351907
443.16666666666663,0.0005861778697232363
443.25,0.0006345910493937315
443.3333333333333,0.00016732283687411379
443.41666666666663,0.000630435981308791
443.5,0.0006743898762555391
443.5833333333333,0.001036082569231509
443.66666666666663,0.0013208624470231278
443.75,0.0005196759407347265
443.8333333333333,0.0006084308708604663
443.91666666666663,0.0004056696926901363
444.0,4.256964808860223e-05
444.0833333333333,0.00041411343423997793
444.16666666666663,0.0006336127155485277
444.25,0.00036209058140784334
444.3333333333333,0.0006419463367871923
444.41666666666663,0.0008314868375446388
444.5,0.0011837298241274212
444.5833333333333,0.0006197561883779253
444.66666666666663,0.0005787526949842254
444.75,0.0003105748448139242
444.8333333333333,0.000595866819158386
444.91666666666663,0.000922586844436607
445.0,0.0006857450224168053
445.0833333333333,0.00046245615312118525
445.16666666666663,0.00027486938066163065
445.25,0.0007076352395920081
445.3333333333333,0.000370239880333113
445.41666666666663,0.00016898887681826187
445.5,0.0008383983852669273
445.5833333333333,0.0010785734712496172
445.66666666666663,0.0014026676026363248
445.75,0.0015284996692037534
445.8333333333333,0.0010374788286355526
445.91666666666663,0.0006739815825632532
446.0,0.0005663531811818943
446.0833333333333,0.000425021276540379
446.16666666666663,0.0004057206898650263
446.25,0.0006845716237537042
446.3333333333333,0.0006983439848558525
446.41666666666663,0.0006963956810645755
446.5,0.0005454732656459927
446.5833333333333,0.00044521247528770574
446.66666666666663,0.0005021718962812345
446.75,0.0003432641198136605
446.8333333333333,0.0002047888072932445
446.91666666666663,0.0002661065740490655
447.0,0.0001941780911694673
447.0833333333333,0.0003582352790349979
447.16666666666663,0.0010245668667053858
447.25,0.0009451321255915105
447.3333333333333,0.0007233541172692878
447.41666666666663,0.0006122513952840653
447.5,0.0006140610566557022
447.5833333333333,0.0008456491498258435
447.66666666666663,0.0005697286402713889
447.75,0.0007522161731699947
447.8333333333333,0.0006447910975758413
447.91666666666663,0.0009832721995402546
448.0,0.0011489196729999815
448.0833333333333,0.0006123606043652089
448.16666666666663,0.00045881777541486576
448.25,0.0002736737995756601
448.3333333333333,0.00036692344213232593
448.41666666666663,0.0006058974364575925
448.5,0.00042654408078682786
448.5833333333333,0.0004276647860608819
448.66666666666663,0.0008771408962747311
448.75,0.000741251913410256
448.8333333333333,0.00011725299556505727
448.91666666666663,0.0007362854960016372
449.0,0.0009640084068359521
449.0833333333333,0.0005445067509170118
449.16666666666663,0.000555513598466316
449.25,0.001072550569806033
449.3333333333333,0.0013365706541368558
449.41666666666663,0.000913178254168324
449.5,0.0013137314226371116
449.5833333333333,0.0008590036927463827
449.66666666666663,0.00032260588464680173
449.75,0.0007971148977325072
449.8333333333333,0.00048023025870108334
449.91666666666663,9.521988721809418e-05
450.0,0.0006334688792105841
450.0833333333333,0.0009026242364124192
450.16666666666663,0.00030589790083505923
450.25,0.0003685949263886034
450.3333333333333,0.0005234912627145576
450.41666666666663,0.0004124992683046296
450.5,0.0010604732647689424
450.5833333333333,0.0012390265865983372
450.66666666666663,0.00087946899292626
450.75,0.00033182448650338417
450.8333333333333,0.00029565103438864706
450.91666666666663,0.0004755387586143713
451.0,0.0009373136856191593
451.0833333333333,0.0006502145145003195
451.16666666666663,0.0009084155470452607
451.25,0.0009853786139639605
451.3333333333333,0.00017886064627425978
451.41666666666663,0.0004787896008536302
451.5,0.0005734747147179401
451.5833333333333,0.0009938813237667825
451.66666666666663,0.001581662308615337
451.75,0.0011758404740205555
451.8333333333333,0.0008156624920647705
451.91666666666663,0.0008024733611905594
452.0,0.0006259302973978647
452.0833333333333,0.0003182793078080144
452.16666666666663,0.0003274294212602837
452.25,0.0006330642991295774
452.3333333333333,0.0004410827654532426
452.41666666666663,0.0006263496779751125
452.5,0.0007531029509510942
452.5833333333333,0.00034297637238931995
452.66666666666663,0.0002391268057137622
452.75,0.00011493827150569589
452.8333333333333,0.0002088032748978041
452.91666666666663,0.0006287020812195235
453.0,0.0006639626617887968
453.0833333333333,0.0006303832778475852
453.16666666666663,0.0005770742810902492
453.25,0.0001924829817107209
453.3333333333333,0.0007691850706875621
453.41666666666663,0.0015272967676206188
453.5,0.0008167818136354937
453.5833333333333,0.00039649706667703514
453.66666666666663,0.0005101506138861062
453.75,0.00043755808742395637
453.8333333333333,0.000741255578913
453.91666666666663,0.0009233625029247461
454.0,0.00024967262591766453
454.0833333333333,0.00021191016810110833
454.16666666666663,0.0003643688673577696
454.25,0.0005221862136139252
454.3333333333333,0.0004179440072122783
454.41666666666663,0.0004173644561864971
454.5,0.00023081064886379374
454.5833333333333,0.0008180465428628224
454.66666666666663,0.0007093724430153528
454.75,0.00015598620607769773
454.8333333333333,0.0006702255047889328
454.91666666666663,0.0010084982833263095
455.0,0.000641053914924865
455.0833333333333,0.0005660396097657913
455.16666666666663,0.0010297496744860679
455.25,0.000764736670293232
455.3333333333333,0.0005216671027667904
455.41666666666663,0.00038810582829822897
455.5,0.0008105949040417251
455.5833333333333,0.0009538254967824169
455.66666666666663,0.0006433280810876324
455.75,0.000619530138819894
455.8333333333333,0.001108908926824584
455.91666666666663,0.0010008939976468305
456.0,0.0005031717840811957
456.0833333333333,0.0008170232785889919
456.16666666666663,0.0011243640349893568
456.25,0.0005853859678093772
456.3333333333333,0.0003799918076762764
456.41666666666663,0.0003600917723879368
456.5,0.0005820955473895217
456.5833333333333,0.0009829923677362473
456.66666666666663,0.0006271106854150253
456.75,0.0006523106770653492
456.8333333333333,0.0005977400770934228
456.91666666666663,0.0008825651544660561
457.0,0.000742376242378598
457.0833333333333,0.0010097300278352
457.16666666666663,0.0007762988274282602
457.25,0.0003375692130860188
457.3333333333333,0.00042559822451394163
457.41666666666663,0.00014643147863491218
457.5,0.0002779643504514103
457.5833333333333,0.0002879366590455836
457.66666666666663,0.0009875693858626918
457.75,0.0010238236618289526
457.8333333333333,0.0006999071349602882
457.91666666666663,0.00020557641257023537
458.0,0.00017125293788803424
458.0833333333333,0.00010440935078845745
458.16666666666663,0.0004211680651484226
458.25,0.0009366698329083732
458.3333333333333,0.000531844846920444
458.41666666666663,0.0005453505261095415
458.5,0.00040796309369071123
458.5833333333333,0.0010089236739143205
458.66666666666663,0.000966397284433392
458.75,0.0006705359667688883
458.8333333333333,0.0005082145804321305
458.91666666666663,0.00072652515176236
459.0,0.0007169261217187135
459.0833333333333,0.00039942540900092207
459.16666666666663,0.0004081236035225827
459.25,0.001132845897343565
459.3333333333333,0.0008997003976142839
459.41666666666663,0.0006144910516574193
459.5,0.001342747246864389
459.5833333333333,0.0016669946781639063
459.66666666666663,0.0010531551870574482
459.75,0.0007940695538022108
459.8333333333333,0.0002867497353076369
459.91666666666663,0.00032661022643157024
460.0,0.00034151912204173336
460.0833333333333,0.0003623980616928276
460.16666666666663,0.00019277733754716702
460.25,5.9309262272183034e-05
460.3333333333333,0.001046726444999686
460.41666666666663,0.001456955899939457
460.5,0.0007066936779779968
460.5833333333333,0.00015546276049415637
460.66666666666663,0.0007816165595580563
460.75,0.0008282496104975681
460.8333333333333,0.0003841175116571683
460.91666666666663,0.0002518902310636808
461.0,0.000269661462661275
461.0833333333333,0.0005884567886863468
461.16666666666663,0.0004939377224224242
461.25,0.00043454609370288373
461.3333333333333,0.00031311468218450374
461.41666666666663,0.00047069502726846237
461.5,0.0008708666301059781
461.5833333333333,0.00027118152427587684
461.66666666666663,0.000711564141361824
461.75,0.001492649423602782
461.8333333333333,0.0009063756926587179
461.91666666666663,0.0003810653144185676
462.0,0.000641659155369652
462.0833333333333,0.00043690479765505285
462.16666666666663,0.00038664869948101094
462.25,0.0008704502383712181
462.3333333333333,0.0004873335874752685
462.41666666666663,0.0006103169303762815
462.5,0.0003269043824477132
462.5833333333333,0.0007903020969808487
462.66666666666663,0.001160236447740396
462.75,0.0004759784454978398
462.8333333333333,0.0005223268579416396
462.91666666666663,0.0010596069830936564
463.0,0.0007423691879395308
463.0833333333333,0.00015157175725604674
463.16666666666663,0.0007000456557656192
463.25,0.0006465842729471802
463.3333333333333,0.0005487964140651439
463.41666666666663,0.0010448783611077843
463.5,0.0015588224293421116
463.5833333333333,0.0010811728186811314
463.66666666666663,0.0004939108202494511
463.75,4.3118687952426156e-05
463.8333333333333,0.00032270154797084546
463.91666666666663,0.00018791900793001143
464.0,0.00018760801314183983
464.0833333333333,0.0001167929801252181
464.16666666666663,0.0005899026825833822
464.25,0.0007252956202062971
464.3333333333333,0.0006607081243172468
464.41666666666663,0.0006609579429837106
464.5,0.000564749603283526
464.5833333333333,0.00048469746699076005
464.66666666666663,0.0003295676133056838
464.75,0.0006059332273114119
464.8333333333333,0.00023827888399340454
464.91666666666663,0.0002467829225141314
465.0,0.0004054652590358817
465.0833333333333,0.0008944839984960911
465.16666666666663,0.0008634664043188701
465.25,0.00033165159092074845
465.3333333333333,0.0009565312265730346
465.41666666666663,0.00029856803426521467
465.5,0.0006243919381341456
465.5833333333333,0.000707379266172131
465.66666666666663,0.00041314837871396504
465.75,0.0002717640974551853
465.8333333333333,0.0005541601811177361
465.91666666666663,9.656539137354423e-05
466.0,0.0008409850157942741
466.0833333333333,0.0004599396033964895
466.16666666666663,0.0008545766869765918
466.25,0.0014485062371364598
466.3333333333333,0.0004786896209615802
466.41666666666663,0.0006007220514763911
466.5,0.0007334109257670494
466.5833333333333,0.0009024661876591452
466.66666666666663,0.0012128758569293536
466.75,0.0009478439847651865
466.8333333333333,0.0010047718371193534
466.91666666666663,0.0008793040766314669
467.0,0.0005232140804640439
467.0833333333333,0.0005463623074355801
467.16666666666663,0.0007759450043448781
467.25,0.001086753460721723
467.3333333333333,0.0007266305551651365
467.41666666666663,0.0006166121333517491
467.5,0.0006877467464982635
467.5833333333333,0.0007179635950396505
467.66666666666663,0.0005525192713777137
467.75,0.0006226646959051838
467.8333333333333,0.00013532858170685366
467.91666666666663,0.0003023894045008449
468.0,0.0009226636705349587
468.0833333333333,0.0010238121255040403
468.16666666666663,0.00034221523615844934
468.25,0.00018208437772215385
468.3333333333333,0.0002563706413718513
468.41666666666663,0.0006209005948150566
468.5,0.0005810029474022112
468.5833333333333,0.0006220093157720426
468.66666666666663,0.001039055798870606
468.75,0.0013367133612944375
468.8333333333333,0.0008678351997305691
468.91666666666663,0.0006249346820843846
469.0,0.00030840181253445685
469.0833333333333,0.0004912125298717266
469.16666666666663,0.0008656100831824558
469.25,0.0006495535292951826
469.3333333333333,0.00018362964744353554
469.41666666666663,0.001067294937093858
469.5,0.0013926746903462398
469.5833333333333,0.001028765516590583
469.66666666666663,0.0004177569119372455
469.75,0.0002871189605896421
469.8333333333333,2.1577055560887055e-05
469.91666666666663,0.00020206224844190011
470.0,0.00020057063802478284
470.0833333333333,0.00012887691447119806
470.16666666666663,0.00025329127427963893
470.25,0.00043147862378070987
470.3333333333333,0.0007436979580493925
470.41666666666663,0.0007306093419844847
470.5,0.0003186453881356511
470.5833333333333,0.0003175246769321031
470.66666666666663,0.0002215658209489876
470.75,0.0007101779346694577
470.8333333333333,0.00048227057852357836
470.91666666666663,0.00022888102404855637
471.0,0.0002951526389282706
471.0833333333333,0.0003760302658281915
471.16666666666663,0.0003793767412510782
471.25,0.0003729872683950063
471.3333333333333,0.00016792293018095446
471.41666666666663,0.00039494300415877345
471.5,0.0004365385690314779
471.5833333333333,0.00011737130980423714
471.66666666666663,9.716231344070062e-05
471.75,0.0007432359792931824
471.8333333333333,0.0007725878807302605
471.91666666666663,0.0003657993894457372
472.0,0.0009571635335365663
472.0833333333333,0.000871662996561695
472.16666666666663,0.0004615241110487848
472.25,0.00037221538326407815
472.3333333333333,0.0011060403340753021
472.41666666666663,0.0009833691536270766
472.5,0.0005289195592755558
472.5833333333333,0.0010841480678330452
472.66666666666663,0.0009508547401924698
472.75,0.00023316705092232232
472.8333333333333,0.0003793081433429519
472.91666666666663,0.00033778127647102917
473.0,0.0006078215979611421
473.0833333333333,0.0011853386555868036
473.16666666666663,0.0005701677936384269
473.25,0.00033772662066754486
473.3333333333333,0.0003847169969968308
473.41666666666663,0.00041799236842283955
473.5,0.00023050074383232502
473.5833333333333,0.0004166658122186079
473.66666666666663,0.0008237695840373987
473.75,0.0007683433256131352
473.8333333333333,0.0005048884673491023
473.91666666666663,0.0006624211863049355
474.0,0.0004521255935187502
474.0833333333333,0.00040573644603213865
474.16666666666663,0.0004975515321542559
474.25,0.0006447116108053164
474.3333333333333,0.0003548486906364215
474.41666666666663,0.0010839985109717442
474.5,0.0013042601979727723
474.5833333333333,0.0010832911009275106
474.66666666666663,0.0006437561039802265
474.75,0.00039139758114699796
474.8333333333333,0.0005307155363755418
474.91666666666663,0.00042178559452619156
475.0,0.0003831713955636259
475.0833333333333,0.0005456562287002238
475.16666666666663,0.0007077860287991399
475.25,0.0006919423151598277
475.3333333333333,0.0005888653623515376
475.41666666666663,0.00027630369053686243
475.5,0.00035593119764498293
475.5833333333333,0.0005555120770467758
475.66666666666663,0.0009776496929241464
475.75,0.000879912605177144
475.8333333333333,0.0008694957875728214
475.91666666666663,0.0006650850696907315
476.0,0.000640214925760977
476.0833333333333,0.00041976089366043177
476.16666666666663,0.0006990649061267646
476.25,0.00048000742456628584
476.3333333333333,0.00035002900785169235
476.41666666666663,0.0008339520521975447
476.5,0.0006460864160012006
476.5833333333333,0.0002298026658444997
476.66666666666663,0.000611902655228369
476.75,0.0007487780219760299
476.8333333333333,0.00014148647100582613
476.91666666666663,0.0003854876104959471
477.0,0.00010703574272558803
477.0833333333333,0.00026361139160391593
477.16666666666663,0.0002598308910198472
477.25,0.00010729639510916915
477.3333333333333,0.0005125254975843301
477.41666666666663,0.0004972220994060605
477.5,0.0007488863572521046
477.5833333333333,0.0007639395231313978
477.66666666666663,0.0006737049920229032
477.75,0.0006261702866343477
477.8333333333333,0.0002593636872099781
477.91666666666663,0.00015778589742279596
478.0,0.00041605030343199665
478.0833333333333,0.00021241643346570609
478.16666666666663,0.00018328550445626945
478.25,0.0005400461975477949
478.3333333333333,0.0007737797922425791
478.41666666666663,0.0011794387831452454
478.5,0.0008703042593763728
478.5833333333333,0.000390743251236231
478.66666666666663,0.0009547979620291629
478.75,0.0006400711583813298
478.8333333333333,0.0006752970695446332
478.91666666666663,0.000265975189883268
479.0,0.0005049218231906539
479.0833333333333,0.0011245424748001689
479.16666666666663,0.0010171560264797344
479.25,0.0006834169474260396
479.3333333333333,0.0005921292910183203
479.41666666666663,0.000918070778138051
479.5,0.000607277115743907
479.5833333333333,0.00021957530007692973
479.66666666666663,0.00041727323691641765
479.75,0.0008417989136671232
479.8333333333333,0.0009307099475126077
479.91666666666663,0.0009084392774294059
480.0,0.000680082989921845
480.0833333333333,0.0005725921716158261
480.16666666666663,0.0008739630056289069
480.25,0.0006829791399990071
480.3333333333333,0.000508638667918072
480.41666666666663,0.0004600789136396969
480.5,0.0005352876007126708
480.5833333333333,0.00041350702586457857
480.66666666666663,0.0002530166574572076
480.75,0.0005677161458785052
480.8333333333333,0.0006822370258811586
480.91666666666663,0.00040031778640618054
481.0,0.00015589676159494996
481.0833333333333,0.00030368823549711447
481.16666666666663,0.0005964352581974392
481.25,0.0003757830402625421
481.3333333333333,0.000497246327909755
481.41666666666663,0.0003967293525571709
481.5,0.00012864744842089646
481.5833333333333,0.00032652000341572003
481.66666666666663,0.0006257749382180213
481.75,0.0006466267343443554
481.8333333333333,0.00039195042806435036
481.91666666666663,0.0010764886589682543
482.0,0.0008050645718383662
482.0833333333333,0.00029779202999939604
482.16666666666663,0.00041213813771603675
482.25,0.0006629402231241861
482.3333333333333,0.00091546102101407
482.41666666666663,0.000833093572641357
482.5,0.00038619534705412257
482.5833333333333,0.000802514715614077
482.66666666666663,0.0006391716373142066
482.75,0.0005732336839262698
482.8333333333333,0.0007183616192893391
482.91666666666663,0.0005024690856727357
483.0,0.000781077185066301
483.0833333333333,0.0007489537326887487
483.16666666666663,0.0009280454976282675
483.25,0.0007805843264634314
483.3333333333333,0.0007651247133146134
483.41666666666663,0.0007090370881257238
483.5,0.0005296443549563047
483.5833333333333,0.0003703143080691169
483.66666666666663,0.00019225425552442285
483.75,0.0006234392130796092
483.8333333333333,0.00047482285402006556
483.91666666666663,0.00026497377595700774
484.0,0.00020477544765973334
484.0833333333333,0.0006229023915656776
484.16666666666663,0.0008606945191875221
484.25,0.0008152427074525375
484.3333333333333,0.00045519316426903463
484.41666666666663,0.00048742692632581863
484.5,0.0008244489866047326
484.5833333333333,0.0006363177248798677
484.66666666666663,0.0007113849633878002
484.75,0.0010325226294086928
484.8333333333333,0.000733123962981075
484.91666666666663,0.0006635471257634134
485.0,0.0003139477466323235
485.0833333333333,0.0006523729422404663
485.16666666666663,0.000862052695181931
485.25,0.0006276739703349378
485.3333333333333,0.00047264682717178497
485.41666666666663,0.000781537394594185
485.5,0.0008340006965792759
485.5833333333333,0.00013472402127487115
485.66666666666663,0.0006439916950667838
485.75,0.0010043429782141105
485.8333333333333,0.0008026235292601816
485.91666666666663,0.0004963630238735717
486.0,0.00012037221485386862
486.0833333333333,0.0006080960263096677
486.16666666666663,0.0004371717961720447
486.25,0.0002889310818906272
486.3333333333333,0.0006962134447364124
486.41666666666663,0.0006259943668512479
486.5,0.0006201809807765961
486.5833333333333,0.0005871715808613627
486.66666666666663,0.000579333985736742
486.75,0.0006675973035610735
486.8333333333333,0.000802116465704708
486.91666666666663,0.00040962185989855193
487.0,0.0004189126013281133
487.0833333333333,0.0004795511825177171
487.16666666666663,0.000319530079895189
487.25,0.00035032157173294344
487.3333333333333,0.0002492850382676657
487.41666666666663,0.00047866234520251125
487.5,0.0002829238772037523
487.5833333333333,0.00033439718645374394
487.66666666666663,0.000614785037096689
487.75,0.0004968234244600013
487.8333333333333,0.00034737343348918915
487.91666666666663,0.00046145017367904177
488.0,0.000777396836887482
488.0833333333333,0.0004236206956250351
488.16666666666663,0.00035668218084553883
488.25,0.0009646699716668464
488.3333333333333,0.000805820026001775
488.41666666666663,0.00020570688094102466
488.5,0.0006248083953974571
488.5833333333333,0.0007070216971952148
488.66666666666663,0.0005824862504634362
488.75,0.0002788600912720876
488.8333333333333,0.000671163194685713
488.91666666666663,0.00036511028948468013
489.0,0.0008784953881153285
489.0833333333333,0.0006783651161999328
489.16666666666663,0.0002261612100918662
489.25,0.00032426915872682224
489.3333333333333,0.0006290266694477964
489.41666666666663,0.0007449541267864936
489.5,0.0009463428264877844
489.5833333333333,0.0006774786682571287
489.66666666666663,0.0006330231450628105
489.75,0.0005535208367807009
489.8333333333333,0.0009355141909030366
489.91666666666663,0.0007714850072193773
490.0,0.000437279737294028
490.0833333333333,0.0006147476182823921
490.16666666666663,0.0003515967683429923
490.25,0.0006170457734129215
490.3333333333333,0.0007951858889650181
490.41666666666663,0.00033584383201821686
490.5,0.00028497161676047984
490.5833333333333,0.00015314911180997517
490.66666666666663,0.0003085910090576968
490.75,0.00014822272351663334
490.8333333333333,0.00020638023862882597
490.91666666666663,0.0002996227973028079
491.0,0.0008117475414577332
491.0833333333333,0.0005984298473154685
491.16666666666663,0.00023329937145548827
491.25,0.0004058030900975041
491.3333333333333,0.0004132151365088988
491.41666666666663,0.0006866806038098391
491.5,0.0007916970067948675
491.5833333333333,0.0002711692882624954
491.66666666666663,0.00027245744806925014
491.75,0.00014286185989402644
491.8333333333333,9.94631460750695e-05
491.91666666666663,0.00022637912549559622
492.0,0.000304879304748121
492.0833333333333,0.0006348994071889824
492.16666666666663,0.0007930729322452221
492.25,0.0007561095750925986
492.3333333333333,0.000190592898130387
492.41666666666663,0.0008148840330814188
492.5,0.0005517390376198672
492.5833333333333,0.0002796014829355868
492.66666666666663,0.0003207026761328528
492.75,0.0002879252895842113
492.8333333333333,0.0004896507532032651
492.91666666666663,0.0007667989038428772
493.0,0.0002744285897645559
493.0833333333333,0.0003307180199380579
493.16666666666663,0.00047306345909466573
493.25,0.0006927218553695038
493.3333333333333,0.0008694889525782519
493.41666666666663,0.0006674448697397288
493.5,7.102426624165408e-05
493.5833333333333,0.0004103117751689916
493.66666666666663,0.0009477310547400698
493.75,0.0010181896790576264
493.8333333333333,0.0005513625608291872
493.91666666666663,0.00020290287847605013
494.0,0.0006398595089321497
494.0833333333333,0.0010126995217454031
494.16666666666663,0.0008447698057705006
494.25,0.0005105642494956817
494.3333333333333,0.0004508645081144019
494.41666666666663,0.00011459644785814725
494.5,0.0005359941814439646
494.5833333333333,0.0006541958118234527
494.66666666666663,0.0006081261395898025
494.75,0.0007691245831752078
494.8333333333333,0.0009072978434842308
494.91666666666663,0.0007788303917144624
495.0,0.0007977273355140065
495.0833333333333,0.0008965451641443767
495.16666666666663,0.0007558557589706976
495.25,0.0007203703123464224
495.3333333333333,0.00033042119509637077
495.41666666666663,0.00029702159553398656
495.5,0.00028813946640284904
495.5833333333333,0.0004751816269728459
495.66666666666663,0.00037827272205403557
495.75,0.00030443544016462906
495.8333333333333,0.0007162374398392636
495.91666666666663,0.0009239086718021116
496.0,0.0008816213365610737
496.0833333333333,0.0011279614626897069
496.16666666666663,0.0003912498044346131
496.25,0.00025058487681160594
496.3333333333333,0.0010312853390263502
496.41666666666663,0.0017314436787581647
496.5,0.000949836746655881
496.5833333333333,0.0004124403086380576
496.66666666666663,0.0006308555576838892
496.75,0.0005107180206750505
496.8333333333333,0.0003091961598871317
496.91666666666663,0.0006144272125854905
497.0,0.00026169221711293305
497.0833333333333,0.00010640528739957602
497.16666666666663,0.0006430594618719057
497.25,0.0009878723665642786
497.3333333333333,0.0005758861691328739
497.41666666666663,4.748500444564397e-05
497.5,0.00032837703602829545
497.5833333333333,0.0004882415406231399
497.66666666666663,0.0006123785278550547
497.75,0.00018501286400551828
497.8333333333333,0.0010810511896321064
497.91666666666663,0.001122463132157614
498.0,0.00030515748543229047
498.0833333333333,0.00031684948851427343
498.16666666666663,0.0005139469389267995
498.25,0.0008708135410860258
498.3333333333333,0.0010334413975189765
498.41666666666663,0.0008710578586660064
498.5,0.0001614068817407181
498.5833333333333,0.0001389956287218712
498.66666666666663,0.00021488372754807452
498.75,9.697044437602236e-05
498.8333333333333,0.00021234993918042367
498.91666666666663,0.00012865702027488945
499.0,0.00014874192047339315
499.0833333333333,0.000344891733944659
499.16666666666663,0.00027919630413345166
499.25,0.0002313462553034849
499.3333333333333,0.00010384996497314195
499.41666666666663,0.0006435419275386561
499.5,0.0005946045373047367
499.5833333333333,0.00034813260213918294
499.66666666666663,0.0006478996335236586
499.75,0.0006786002663817163
499.8333333333333,0.0007725974509689503
499.91666666666663,0.0006225575196978372
500.0,0.0007582658454309077
500.0833333333333,0.000866419067394459
500.16666666666663,0.0008022245158825998
500.25,0.0007140034357207697
500.3333333333333,0.0002730234756874917
500.41666666666663,0.000911614954954917
500.5,0.0006047140189897804
500.5833333333333,0.00047310307132203606
500.66666666666663,0.0007026640384584169
500.75,0.0008212547260029172
500.8333333333333,0.0007440313893946158
500.91666666666663,0.00034517284249447385
501.0,0.0003138724433351964
501.0833333333333,0.0007242522437983352
501.16666666666663,0.0007603633711747666
501.25,0.00015899841176305745
501.3333333333333,0.000612044436618566
501.41666666666663,0.0007571929175592083
501.5,0.00042032485874311196
501.5833333333333,0.0001767794152224127
501.66666666666663,0.00020696454835106892
501.75,0.0006160154183622834
501.8333333333333,0.0006253313123010985
501.91666666666663,0.0005214119947341738
502.0,0.00039152486865391207
502.0833333333333,0.0006134950292875342
502.16666666666663,0.0008349558059094538
502.25,0.0008440633025242083
502.3333333333333,0.0006444278284804579
502.41666666666663,0.0005388591964461191
502.5,0.0004767656101557901
502.5833333333333,0.00019348584784791101
502.66666666666663,0.0006247269150211151
502.75,0.0007630963976950732
502.8333333333333,0.0007305731182715254
502.91666666666663,0.0006208690193182728
503.0,0.00014289805552126917
503.0833333333333,0.0002824179748691358
503.16666666666663,0.0006329852736543135
503.25,0.0005770616332057783
503.3333333333333,0.00027348217989227026
503.41666666666663,0.0004356104847391038
503.5,0.0004599185025829433
503.5833333333333,0.0003187619783992282
503.66666666666663,0.0004668406363796349
503.75,0.0002489762738615699
503.8333333333333,0.0007936079572166641
503.91666666666663,0.0005810157573259333
504.0,0.00026396271604883656
504.0833333333333,0.0005395865667637943
504.16666666666663,0.0006172499088410452
504.25,0.0005845824765423185
504.3333333333333,0.0007284544329531537
504.41666666666663,0.00041441805029359096
504.5,5.528518666487386e-05
504.5833333333333,0.0004020295198076768
504.66666666666663,0.0008226381313069984
504.75,0.0012110916997815123
504.8333333333333,0.0008766723342370767
504.91666666666663,0.00025566091172799833
505.0,0.00010474875613602044
505.0833333333333,0.00032363707888090646
505.16666666666663,0.0005184935872998432
505.25,0.0004109823188432104
505.3333333333333,0.000572550147946668
505.41666666666663,0.0008522234127813691
505.5,0.00042035965435041405
505.5833333333333,0.0008984746592412165
505.66666666666663,0.0009406344904910727
505.75,0.0005507014451415958
505.8333333333333,0.00048628445074009615
505.91666666666663,0.0005182447165934805
506.0,0.0005620033508442024
506.0833333333333,0.0008206689463368495
506.16666666666663,0.0007797594851458217
506.25,0.0005534957748679339
506.3333333333333,0.0005249150042977983
506.41666666666663,0.00018043239091828782
506.5,0.00019404417907321165
506.5833333333333,0.00010154829769010271
506.66666666666663,0.00037490876592674257
506.75,0.0006710984347919841
506.8333333333333,0.0002866322932238844
506.91666666666663,0.00045588808342913095
507.0,0.000418388644088823
507.0833333333333,0.0007192977794388537
507.16666666666663,0.0010451630085782215
507.25,0.0009722674133512945
507.3333333333333,0.0009745524328801829
507.41666666666663,0.0006608680155857611
507.5,0.00012555362035406053
507.5833333333333,0.0004339486923474883
507.66666666666663,0.0006200017123888333
507.75,0.0008026100732254922
507.8333333333333,0.0008770328408390528
507.91666666666663,0.0004601748675859843
508.0,0.00044105046139517994
508.0833333333333,0.0006245183151276848
508.16666666666663,0.00017283341257481882
508.25,0.0007313009068281943
508.3333333333333,0.0005918525737921754
508.41666666666663,0.00045274501087454665
508.5,0.000638412543245701
508.5833333333333,0.00033394679227587756
508.66666666666663,0.0002631402819019135
508.75,0.0009143941886916954
508.8333333333333,0.000581426760755864
508.91666666666663,0.00025754376411135665
509.0,0.00031925958246755885
509.0833333333333,0.000529188603478364
509.16666666666663,0.00041153688019587376
509.25,0.00014351979277087414
509.3333333333333,0.00017702172319327935
509.41666666666663,0.0003152724806501081
509.5,0.0008051577296341736
509.5833333333333,0.0004898885902539157
509.66666666666663,0.0002504671160647542
509.75,0.0005052224753496625
509.8333333333333,0.0005326889783737979
509.91666666666663,0.0003288377910582516
510.0,0.0003810168499306287
510.0833333333333,0.00035797274700860793
510.16666666666663,0.0004215157147794912
510.25,0.00022700306206804505
510.3333333333333,0.0003298620702951006
510.41666666666663,0.00041281188113546745
510.5,0.0006817682634391803
510.5833333333333,0.0008953232694745495
510.66666666666663,0.0008492542012270004
510.75,0.0002771524714791965
510.8333333333333,1.9826500120548005e-05
510.91666666666663,0.00017254102023104792
511.0,0.0003150268091085425
511.0833333333333,0.000755737625655089
511.16666666666663,0.0004729500414476793
511.25,0.00017266457213139966
511.3333333333333,0.0002857603863784172
511.41666666666663,4.774927369022686e-05
511.5,0.00026573570526748413
511.5833333333333,0.00018686572647323108
511.66666666666663,0.00035609040557197784
511.75,0.00034162026634792017
511.8333333333333,0.0003666271672513794
511.91666666666663,0.0006079776474482101
512.0,0.0013262865737988328
512.0833333333333,0.0008514250150721414
512.1666666666666,0.00027967887606924823
512.25,0.0002824417836045509
512.3333333333333,0.0003543067362683325
512.4166666666666,0.0005982620274968503
512.5,0.00045578253139510073
512.5833333333333,0.0005656926094737312
512.6666666666666,0.0008017538981375726
512.75,0.0010905177979122003
512.8333333333333,0.0005700742692981105
512.9166666666666,0.0002932877858552082
513.0,0.00020755958637230475
513.0833333333333,0.0006076661144513875
513.1666666666666,0.0005037307049329471
513.25,9.063290301068331e-05
513.3333333333333,0.00041770350549746253
513.4166666666666,0.0009829244221170577
513.5,0.0009239145706218406
513.5833333333333,0.0002806757074195822
513.6666666666666,0.0007350711662594127
513.75,0.0005928261548908963
513.8333333333333,0.000309578315156109
513.9166666666666,9.221981993867591e-06
514.0,0.0004980902965176351
514.0833333333333,0.0007248053186440327
514.1666666666666,0.0006334895493510277
514.25,0.001160687651958357
514.3333333333333,0.0010426667997433434
514.4166666666666,0.0008911431386669699
514.5,0.0009105072152639629
514.5833333333333,0.0006003453493999027
514.6666666666666,0.000465919854854743
514.75,0.0007082826810598483
514.8333333333333,0.0008292195934485144
514.9166666666666,0.0007386956778844907
515.0,0.0010125936279550027
515.0833333333333,0.0010144398558126998
515.1666666666666,0.0008710098125564535
515.25,0.0010106503195159969
515.3333333333333,0.0008829026083569023
515.4166666666666,0.0005670352054432846
515.5,0.00026300107566205655
515.5833333333333,0.00034230009684359084
515.6666666666666,0.0001367118542160341
515.75,0.00023562603105867273
515.8333333333333,0.0006404721748647806
515.9166666666666,0.00037292607114512905
516.0,0.0005977843198251795
516.0833333333333,0.0005458957582028574
516.1666666666666,0.0004516822511198141
516.25,0.0005964214793746692
516.3333333333333,0.0004533553683712706
516.4166666666666,0.00038135439436202457
516.5,0.0002104900750943082
516.5833333333333,0.0002832282825616823
516.6666666666666,0.0007293339411888604
516.75,0.00110400531132193
516.8333333333333,0.000782052124995536
516.9166666666666,0.0003521309880264753
517.0,0.00047906992744823333
517.0833333333333,0.0005078064456795112
517.1666666666666,0.00036264312443581696
517.25,0.000609124607966247
517.3333333333333,0.00032608591923364276
517.4166666666666,0.00019873678960691273
517.5,0.00021946791797807056
517.5833333333333,0.00020882004405400239
517.6666666666666,0.0001500119151144498
517.75,0.0003378353976611557
517.8333333333333,0.0003207053624637741
517.9166666666666,0.0002612344532452238
518.0,0.0005034289685693383
518.0833333333333,0.001022731998786303
518.1666666666666,0.0006795069960898788
518.25,0.0004710823686992762
518.3333333333333,0.0010946213051896737
518.4166666666666,0.0004901954019112478
518.5,0.0005052397682761504
518.5833333333333,0.0004626832676089241
518.6666666666666,0.00033386225772158033
518.75,0.0004501724302206166
518.8333333333333,0.00023616718211072298
518.9166666666666,0.000499138718361081
519.0,0.0009558249679390766
519.0833333333333,0.0013284306517302455
519.1666666666666,0.0010031527184330609
519.25,0.00024928415469521113
519.3333333333333,0.000567518793084688
519.4166666666666,0.0009187698594361463
519.5,0.00043855839285364585
519.5833333333333,0.0006035000379134038
519.6666666666666,0.0009339482571420059
519.75,0.0008344855868967744
519.8333333333333,9.948100491098764e-05
519.9166666666666,0.0007656605833445498
520.0,0.0009732170060399519
520.0833333333333,0.0009789883349011316
520.1666666666666,0.0006471714377878643
520.25,0.00032918234862530925
520.3333333333333,0.0005252175549121763
520.4166666666666,0.0009763531647088424
520.5,0.0011677116726579043
520.5833333333333,0.0006420681689887687
520.6666666666666,0.00012526557744661784
520.75,7.205385120514989e-05
520.8333333333333,0.0008966107410451633
520.9166666666666,0.001761678517077699
521.0,0.0019169636636566071
521.0833333333333,0.0017139205519604338
521.1666666666666,0.0008511058055972029
521.25,0.0006593746028220929
521.3333333333333,0.0010444836012802718
521.4166666666666,0.0005729887116057175
521.5,0.00019167434278467537
521.5833333333333,0.0005529010156046916
521.6666666666666,0.0003295709352897943
521.75,0.0001336289774972747
521.8333333333333,0.00032000496170904306
521.9166666666666,0.000347086799505051
522.0,0.0003555875994579516
522.0833333333333,0.000885634506083973
522.1666666666666,0.0007331961947027854
522.25,0.0006299011315917516
522.3333333333333,0.0005543025107048003
522.4166666666666,8.896680853920842e-05
522.5,0.00035820748192221994
522.5833333333333,0.0002892281227716746
522.6666666666666,0.0002509603316120018
522.75,0.0008358432256647078
522.8333333333333,0.0008174818884978312
522.9166666666666,0.0005722839217711607
523.0,0.00032839133006100135
523.0833333333333,0.0003363138138154367
523.1666666666666,0.0005981588935874567
523.25,0.0003106170222250198
523.3333333333333,0.0005259060330016623
523.4166666666666,0.0007407789678437554
523.5,0.0005084197519129104
523.5833333333333,0.00034666390717269264
523.6666666666666,0.0006791671822343806
523.75,0.0004988303185437205
523.8333333333333,0.0001287112771898695
523.9166666666666,0.0001360558746897712
524.0,0.00010274772167934611
524.0833333333333,0.0003774359004339239
524.1666666666666,0.0007050923839455309
524.25,0.00067128293979866
524.3333333333333,0.0004803993954847251
524.4166666666666,0.00031053385834505377
524.5,5.3295465616675774e-05
524.5833333333333,0.00037177823173716675
524.6666666666666,6.356862370285434e-05
524.75,0.0004969764318424037
524.8333333333333,0.0005795165145511829
524.9166666666666,0.0004852365515210537
525.0,6.454990179393245e-05
525.0833333333333,0.00021666983322423333
525.1666666666666,0.00024282384434325946
525.25,0.0003956206968381001
525.3333333333333,0.0009679291750886227
525.4166666666666,0.0010392580633794986
525.5,0.0004383541368943997
525.5833333333333,0.00032286991321457215
525.6666666666666,0.0006322022617673153
525.75,0.0007116153132294283
525.8333333333333,0.0004241822282464378
525.9166666666666,0.0007563909068487061
526.0,0.0010719078011757607
526.0833333333333,0.000801228873887258
526.1666666666666,0.0003640858931010127
526.25,0.00025167015252006966
526.3333333333333,0.0005749157151010604
526.4166666666666,0.0007539321652160403
526.5,0.0008416220650337784
526.5833333333333,0.0006904964544310808
526.6666666666666,0.00029497605658246193
526.75,0.0009293775756736531
526.8333333333333,0.0004814775111106942
526.9166666666666,0.0004595917879138688
527.0,0.00045598589111277163
527.0833333333333,4.7498046101762746e-05
527.1666666666666,0.0007145327914217598
527.25,0.0008142204617982771
527.3333333333333,0.00026608120204882455
527.4166666666666,9.087749791724847e-05
527.5,0.0004484794393374477
527.5833333333333,0.0009172897628485793
527.6666666666666,0.0010708087012154266
527.75,0.0006315067800112684
527.8333333333333,0.000473982736878792
527.9166666666666,0.00033844974015615083
528.0,0.0009851997343953563
528.0833333333333,0.0008962561860486184
528.1666666666666,0.000513276224096731
528.25,0.0010443282472302974
528.3333333333333,0.0011356657275804808
528.4166666666666,0.000923299137688796
528.5,0.0008648603152272013
528.5833333333333,0.0008503795503199524
528.6666666666666,0.0005207951400506085
528.75,0.00037532914883856055
528.8333333333333,0.0002455870893891929
528.9166666666666,0.000996836726533643
529.0,0.001027747913284548
529.0833333333333,0.0005029244789961639
529.1666666666666,0.0005266206345990765
529.25,0.0003507971418040035
529.3333333333333,0.0003070064022028606
529.4166666666666,0.0006384999993509401
529.5,0.00037572815354671254
529.5833333333333,0.0004943773191883765
529.6666666666666,0.0003416043316274314
529.75,0.0002635930559863882
529.8333333333333,0.00038777552193651135
529.9166666666666,0.00023428916519290235
530.0,0.0005050269319148907
530.0833333333333,0.000810849785365807
530.1666666666666,0.0009197302676587506
530.25,0.000536094212722508
530.3333333333333,0.0003420859872802716
530.4166666666666,0.0008874911506940659
530.5,0.001069769061597849
530.5833333333333,0.0007998891243234528
530.6666666666666,0.00048027557947577873
530.75,0.0004518189398963776
530.8333333333333,0.0009501944814104652
530.9166666666666,0.0007619844988077904
531.0,0.00042919441709849635
531.0833333333333,0.0006384198418527962
531.1666666666666,0.000909805396598825
531.25,0.00045648970864585757
531.3333333333333,0.00024821620111458993
531.4166666666666,0.0005001725956149965
531.5,0.0006190532968378407
531.5833333333333,0.0007034435340038592
531.6666666666666,0.0012448302856086105
531.75,0.0008835281159816314
531.8333333333333,0.000616765893881493
531.9166666666666,0.00017403962468782587
532.0,0.0002910217868946067
532.0833333333333,0.000551680394827533
532.1666666666666,0.00069486369772351
532.25,0.0008452672876918838
532.3333333333333,0.00013069331735180716
532.4166666666666,0.00045607890193716396
532.5,0.0007940450879086677
532.5833333333333,0.00019602128731746176
532.6666666666666,0.0007409824452021955
532.75,0.00046507908428216504
532.8333333333333,0.00035017604787339487
532.9166666666666,0.0006295047424796948
533.0,0.0002489418088734868
533.0833333333333,0.00011401747284441947
533.1666666666666,0.00020890535294093413
533.25,0.0002817536303605354
533.3333333333333,0.00034243215343189684
533.4166666666666,5.142081354277812e-05
533.5,0.0005157416540899012
533.5833333333333,0.0005875106938341647
533.6666666666666,0.00040718410410341127
533.75,0.00028263422099112967
533.8333333333333,3.355263385840263e-05
533.9166666666666,0.00025660417395125353
534.0,0.0004864353358279495
534.0833333333333,0.000503153956447729
534.1666666666666,0.0005099719114016868
534.25,0.00014909681446665385
534.3333333333333,0.0005445501968617423
534.4166666666666,0.00039342159722458763
534.5,0.00027664614630826815
534.5833333333333,0.0003062521424716504
534.6666666666666,0.0001697726259492846
534.75,0.0003516645363697581
534.8333333333333,0.00024099709220818261
534.9166666666666,0.0005941779572481441
535.0,0.000706301924605826
535.0833333333333,0.000776790508880695
535.1666666666666,0.0005845646149015847
535.25,0.000552830500165366
535.3333333333333,0.00027288022897919317
535.4166666666666,0.000484895453079882
535.5,0.0004849946040638193
535.5833333333333,0.00039711056591332943
535.6666666666666,0.0007160903580799692
535.75,0.0008223044871447971
535.8333333333333,0.0007232085290879495
535.9166666666666,0.0001351659082740841
536.0,0.00024382111534579213
536.0833333333333,0.0003920720760471564
536.1666666666666,0.00024175993901653402
536.25,0.0005294768066856392
536.3333333333333,0.00048661426401742946
536.4166666666666,0.0007199227088491716
536.5,0.0003154425497474534
536.5833333333333,0.00026378639737006005
536.6666666666666,6.685401164712717e-05
536.75,0.0005230882388416894
536.8333333333333,0.0007716552592440858
536.9166666666666,0.0007844020751400467
537.0,0.0006389075890850209
537.0833333333333,0.0004657742680943485
537.1666666666666,0.00030544746897406984
537.25,0.0008025469773657304
537.3333333333333,0.000903984188874131
537.4166666666666,0.00021951744818292672
537.5,0.0004652790994658782
537.5833333333333,0.0011749030005651284
537.6666666666666,0.0013497243446756145
537.75,0.0007103628555452729
537.8333333333333,0.00013080878384818636
537.9166666666666,5.77737640594566e-05
538.0,0.0007117181561483882
538.0833333333333,0.0008934822874099615
538.1666666666666,0.0007236041963898162
538.25,0.0006381197678191003
538.3333333333333,0.0002891449655310172
538.4166666666666,0.0003663125933624821
538.5,0.00023949548259220586
538.5833333333333,0.0004243736154126008
538.6666666666666,0.0001619426103292148
538.75,0.0004924361202198394
538.8333333333333,0.0008756177339416617
538.9166666666666,0.0009754201064688054
539.0,0.0009792548043093667
539.0833333333333,0.0007051449248698971
539.1666666666666,0.0008037057402077121
539.25,0.0006674907384680996
539.3333333333333,0.00035621324198332707
539.4166666666666,0.0003644471234194516
539.5,0.00046693528817470624
539.5833333333333,0.0009713720536362874
539.6666666666666,0.0004678692361002828
539.75,0.0005018068018292346
539.8333333333333,0.0006738156955177055
539.9166666666666,5.187689988422929e-05
540.0,0.00021620457122570636
540.0833333333333,0.0003297295588147126
540.1666666666666,0.0007903991317000236
540.25,0.000795836410123611
540.3333333333333,0.00054173396380075
540.4166666666666,0.00047032754305321566
540.5,0.0008998797955210016
540.5833333333333,0.0009861760707224544
540.6666666666666,0.0005793082131262865
540.75,0.00013187502395368316
540.8333333333333,0.0008172479158084823
540.9166666666666,0.001111084120431493
541.0,0.0007948152446625522
541.0833333333333,0.000478961005780457
541.1666666666666,0.00037821231564336627
541.25,0.0007285896978475104
541.3333333333333,0.0002271653111716307
541.4166666666666,0.00046763761269834336
541.5,0.0008963364232127875
541.5833333333333,0.0012876218561095351
541.6666666666666,0.0008750459683238808
541.75,0.0008237710181362246
541.8333333333333,0.0010052931499585707
541.9166666666666,0.0006318284189846585
542.0,0.0001927391256885265
542.0833333333333,0.00023418293313348827
542.1666666666666,0.0005935985895129596
542.25,0.00034136403744885996
542.3333333333333,0.0002669026521514355
542.4166666666666,0.0003615398650986635
542.5,0.0004248916643087254
542.5833333333333,0.00011108097437118358
542.6666666666666,0.0006672909689151652
542.75,0.0003303268591050927
542.8333333333333,0.00047296118289174384
542.9166666666666,0.0005952276063105538
543.0,0.0005412557220235804
543.0833333333333,5.050638055165521e-05
543.1666666666666,0.00039834046980221044
543.25,0.00040516044821257004
543.3333333333333,0.0006358196504070144
543.4166666666666,0.0003295975853615561
543.5,0.00018066515618728892
543.5833333333333,0.0008620487763414749
543.6666666666666,0.0008858949545047972
543.75,0.00043555611997632285
543.8333333333333,0.0004113959094915726
543.9166666666666,0.00011614955857515107
544.0,0.0004205348922636727
544.0833333333333,0.0007837202033152603
544.1666666666666,0.0008276522557808239
544.25,0.00022307980698405068
544.3333333333333,0.0005780615466517093
544.4166666666666,0.00027245016397229156
544.5,0.0005686269406814861
544.5833333333333,0.0007979912726754207
544.6666666666666,0.0011583021414105256
544.75,0.0006663241887422457
544.8333333333333,0.00051051815163788
544.9166666666666,0.00028806647110079506
545.0,0.00046814808119536997
545.0833333333333,0.00039230858267323075
545.1666666666666,0.0004483613313649697
545.25,0.0004279165958925265
545.3333333333333,0.0005331959468986463
545.4166666666666,0.0007965301367553436
545.5,0.0005035892998215145
545.5833333333333,0.0005649229628934631
545.6666666666666,5.010443429236114e-05
545.75,0.0006002576503925043
545.8333333333333,0.0008476505649628625
545.9166666666666,0.0006337976559868062
546.0,0.000180831219312632
546.0833333333333,0.0003441809382215501
546.1666666666666,0.00039372758596003296
546.25,0.00011570448714528731
546.3333333333333,0.00029837980411192774
546.4166666666666,0.0003339729384438583
546.5,0.0003694387109135521
546.5833333333333,0.000498900326428779
546.6666666666666,0.0003087220637427243
546.75,0.0007027962052395418
546.8333333333333,0.00035727319685930074
546.9166666666666,0.0007372262132294337
547.0,0.000578808726042481
547.0833333333333,0.00014731271201226848
547.1666666666666,0.0002103819510670891
547.25,0.0004150332040517361
547.3333333333333,0.000559881758661301
547.4166666666666,0.0007820315895804886
547.5,0.0007764676530042326
547.5833333333333,0.0005601846680497792
547.6666666666666,0.0006422875469906346
547.75,0.0008987056747659335
547.8333333333333,0.0005271077475213962
547.9166666666666,0.00021756429358794967
548.0,0.000545509644435433
548.0833333333333,0.0003158418477122701
548.1666666666666,0.00011924668211151722
548.25,0.00042504781383512756
548.3333333333333,0.0004953144416246477
548.4166666666666,0.00015646312952641173
548.5,0.0004600699991885979
548.5833333333333,0.0007642048659740702
548.6666666666666,0.0007315767047295235
548.75,0.0003998784600697832
548.8333333333333,0.0009561043646794518
548.9166666666666,0.0010408547129360309
549.0,0.0007484783740399175
549.0833333333333,0.00039901948256751315
549.1666666666666,0.000264733354396721
549.25,0.0003885373474836367
549.3333333333333,0.000574810030135849
549.4166666666666,0.0004282516434582939
549.5,0.0001417476701623051
549.5833333333333,0.00026226085938361576
549.6666666666666,0.0005136871245204494
549.75,0.0007598418114439119
549.8333333333333,0.0005134769138803576
549.9166666666666,0.0003296459888156496
550.0,0.0002517106823388091
550.0833333333333,0.0006341130314856784
550.1666666666666,0.0005498459403209005
550.25,0.00034578323154116266
550.3333333333333,0.00029085039543048425
550.4166666666666,0.00034617115275517834
550.5,0.00035732646031328395
550.5833333333333,0.0006258865503304228
550.6666666666666,0.0007919509180149392
550.75,0.0005727582339615195
550.8333333333333,0.00019499139997918293
550.9166666666666,0.00030781366344418434
551.0,0.00035425026714234624
551.0833333333333,0.0001958591038697332
551.1666666666666,0.0002904128520870362
551.25,0.00022857314400479643
551.3333333333333,0.0005695423746376426
551.4166666666666,0.0010859110956512549
551.5,0.0006636315711811955
551.5833333333333,0.00016832652812483838
551.6666666666666,0.0005964353064724088
551.75,0.001043343435663349
551.8333333333333,0.0006208176991778476
551.9166666666666,0.0002868691791154568
552.0,0.00035174825860842296
552.0833333333333,0.0005763923371486702
552.1666666666666,0.00028218160231653676
552.25,0.0004374929043812163
552.3333333333333,0.0006437975567377358
552.4166666666666,0.0003863365258427641
552.5,0.00029874986018480593
552.5833333333333,0.0002467642165147262
552.6666666666666,0.00035395778517969856
552.75,0.00037513939019617526
552.8333333333333,0.0008650118105451348
552.9166666666666,0.0005683143762099793
553.0,0.00035181601012335145
553.0833333333333,0.0002925930369845294
553.1666666666666,0.0006234959203449849
553.25,0.000597863255611801
553.3333333333333,0.0007693559386193326
553.4166666666666,0.000284913619266417
553.5,0.0003378406427170037
553.5833333333333,0.000732635468519592
553.6666666666666,0.000825086163585679
553.75,0.0008523606606515716
553.8333333333333,0.00034952931946470903
553.9166666666666,0.0007442005590526945
554.0,0.0003055075774439422
554.0833333333333,0.0003698504208742538
554.1666666666666,0.0007008990245436109
554.25,0.0008932814125408603
554.3333333333333,0.0005097652235033199
554.4166666666666,0.0006051578740621721
554.5,0.0007082382818332122
554.5833333333333,0.00030007582094137674
554.6666666666666,0.00047280051484673133
554.75,0.000448696520221856
554.8333333333333,0.0005686829423589972
554.9166666666666,0.0005513159424802626
555.0,8.446471636939143e-05
555.0833333333333,0.00034868772407444475
555.1666666666666,0.00026284688666410413
555.25,0.00053178853183224
555.3333333333333,0.0005966931616638626
555.4166666666666,0.00031633499182665996
555.5,0.000557525918275357
555.5833333333333,0.0009363516485271459
555.6666666666666,0.0008208374089490818
555.75,0.0008640678347077718
555.8333333333333,0.0005422415522990269
555.9166666666666,0.0003090546711020508
556.0,0.00043087594962608073
556.0833333333333,0.0003211612091368347
556.1666666666666,0.00035896738509147186
556.25,0.0008721852012989492
556.3333333333333,0.0010622383003483558
556.4166666666666,0.0005479284984880472
556.5,0.000465710050618961
556.5833333333333,0.000625614820310382
556.6666666666666,0.001142227296220645
556.75,0.0004842159191250694
556.8333333333333,0.0007512804570925726
556.9166666666666,0.0009111287099261178
557.0,0.0009216999133105996
557.0833333333333,0.001300212380782457
557.1666666666666,0.0011935834927440758
557.25,0.0005075493599292546
557.3333333333333,0.00031074485538940585
557.4166666666666,0.0005598695521771373
557.5,0.0004838068654690079
557.5833333333333,0.0004221158489485525
557.6666666666666,0.0009307523689300646
557.75,0.0008099437335864838
557.8333333333333,0.000685644734841613
557.9166666666666,0.0009551783922763352
558.0,0.0007513509772596957
558.0833333333333,0.0002113576328387093
558.1666666666666,0.00012724383726053678
558.25,0.00028142321468741795
558.3333333333333,5.5954626986959963e-05
558.4166666666666,0.00032586948826867946
558.5,0.0005981747782953081
558.5833333333333,0.0007535945861438715
558.6666666666666,0.0006970958676368969
558.75,0.0007981016776101761
558.8333333333333,0.001046805244552751
558.9166666666666,0.000577866740062417
559.0,6.24794050694521e-05
559.0833333333333,0.0004378018082879266
559.1666666666666,0.000812584936471409
559.25,0.00043959315533179973
559.3333333333333,0.00030689814108144465
559.4166666666666,0.00019709728028054755
559.5,0.00020175972880182678
559.5833333333333,0.0007266396801186181
559.6666666666666,0.0007906272567514656
559.75,0.0003242664179064438
559.8333333333333,0.00040487999860579313
559.9166666666666,0.0006818760588203944
560.0,0.00029406604468674356
560.0833333333333,0.0006649184434224969
560.1666666666666,0.00040847213199924086
560.25,0.00028437387661820455
560.3333333333333,0.0003824491667082589
560.4166666666666,0.00026274210265510187
560.5,0.00028624986929500016
560.5833333333333,0.00029492448570218486
560.6666666666666,0.0008193085705816234
560.75,0.00043757296508372724
560.8333333333333,0.0005252729369037443
560.9166666666666,0.0006277679177381085
561.0,1.65643587147278e-05
561.0833333333333,0.0006577273453025392
561.1666666666666,0.00044578238058750176
561.25,5.240927894678406e-05
561.3333333333333,0.00035747932561188615
561.4166666666666,0.00039433707557389694
561.5,0.00039867977929177
561.5833333333333,0.0003018362909709033
561.6666666666666,0.0006117229946138759
561.75,0.0005461104763908696
561.8333333333333,0.0003492811467115561
561.9166666666666,0.000610096441661565
562.0,0.0004830166517299067
562.0833333333333,0.00010868022397606957
562.1666666666666,0.0004831035043704866
562.25,0.0005747369115752935
562.3333333333333,0.0005941516340888776
562.4166666666666,0.0007827777942880933
562.5,0.0008535605538131242
562.5833333333333,0.0002143472001005581
562.6666666666666,0.0009258037025843519
562.75,0.0004583603976796175
562.8333333333333,0.0007043111398274537
562.9166666666666,0.0006559850994671083
563.0,0.0011165645702828804
563.0833333333333,0.0009754041403912932
563.1666666666666,0.0007258147185447272
563.25,0.00025671563824662826
563.3333333333333,0.00044494239953699
563.4166666666666,0.0005101831421181074
563.5,0.0005811154688293188
563.5833333333333,0.0005763561840494925
563.6666666666666,0.0003453968650780316
563.75,0.0006959018932942504
563.8333333333333,0.0009072650855669535
563.9166666666666,0.0006939851850924528
564.0,0.0002523018568606968
564.0833333333333,0.0003039081408024833
564.1666666666666,0.0001320835301558922
564.25,0.00022685836693519122
564.3333333333333,0.001100757071472362
564.4166666666666,0.0014400475066528513
564.5,0.00039009798880111906
564.5833333333333,0.0004212717592081225
564.6666666666666,0.0004932329025383356
564.75,0.00048022769619996786
564.8333333333333,0.0004669823988001031
564.9166666666666,0.0005328826773195499
565.0,0.0005091968682182115
565.0833333333333,0.0006117389727231001
565.1666666666666,0.0005039951890187316
565.25,0.00012117119825230235
565.3333333333333,0.00029660699789030526
565.4166666666666,0.0004979462308540038
565.5,0.0008163088544732776
565.5833333333333,0.0008601940905812595
565.6666666666666,0.0005677679228586163
565.75,0.0007340451374511167
565.8333333333333,0.0003953543628663741
565.9166666666666,0.00030745318455229013
566.0,0.00023825951202663718
566.0833333333333,0.0003876416635045659
566.1666666666666,0.0007529966589519405
566.25,0.0011567855971506608
566.3333333333333,0.0009261153797100988
566.4166666666666,0.0004420232662253594
566.5,7.11679579704586e-05
566.5833333333333,0.00022200757203445974
566.6666666666666,0.0004919996302377734
566.75,0.0005173592715858305
566.8333333333333,0.0004060548066438437
566.9166666666666,0.000563867838582073
567.0,0.0006112264552615979
567.0833333333333,0.00042466116372151357
567.1666666666666,0.00019775609833733916
567.25,0.0005185035668591353
567.3333333333333,0.00042755369349995994
567.4166666666666,0.0006097955359498286
567.5,0.0008894330267873557
567.5833333333333,0.0010974858385276926
567.6666666666666,0.0010607864665308294
567.75,0.0006231613115408158
567.8333333333333,0.00018863617011829331
567.9166666666666,0.0007458959804399119
568.0,0.0004039702276576898
568.0833333333333,4.817221567531665e-05
568.1666666666666,0.0003019438845635764
568.25,0.0006744099344174262
568.3333333333333,0.00019368090453428932
568.4166666666666,0.0007110616916505138
568.5,0.0007134226732377542
568.5833333333333,0.0007766899164373622
568.6666666666666,0.0003687681089847866
568.75,0.0006268931092826504
568.8333333333333,0.0007673860326180776
568.9166666666666,0.000739790893316226
569.0,0.0007567881793143789
569.0833333333333,0.0001387282247633021
569.1666666666666,0.00020314052687135618
569.25,0.0003873983175478736
569.3333333333333,0.0007498279341173678
569.4166666666666,0.000617818943985542
569.5,0.0006791473802413259
569.5833333333333,0.0004028142315185353
569.6666666666666,0.0004557982435144304
569.75,0.00036704939684313755
569.8333333333333,0.0005744946535656834
569.9166666666666,0.000830498692115684
570.0,0.0010477384883595528
570.0833333333333,0.00028267801639533455
570.1666666666666,0.0002829980550500668
570.25,0.00037731696232897496
570.3333333333333,0.0001646780650867482
570.4166666666666,0.00038434329391907315
570.5,0.0006776415700842485
570.5833333333333,0.00037758553189457347
570.6666666666666,0.0003520397185614589
570.75,0.0005292388081819596
570.8333333333333,0.0005665454025133481
570.9166666666666,0.0001768080808982085
571.0,0.0005304642673848631
571.0833333333333,0.0004923668528930598
571.1666666666666,0.0007553041060488595
571.25,0.0009490203373992205
571.3333333333333,0.00027735965047194885
571.4166666666666,0.0002946507797947597
571.5,0.0005035064990253542
571.5833333333333,0.0008175806421494211
571.6666666666666,0.0006761261999439799
571.75,0.00015728998272882493
571.8333333333333,0.0005032026127850178
571.9166666666666,0.00024734363784499597
572.0,0.00041367297931656384
572.0833333333333,0.0005862174940434379
572.1666666666666,0.0006512225330382421
572.25,0.0007263914839439313
572.3333333333333,0.0004433425585897887
572.4166666666666,0.00025416533231001234
572.5,0.0004766823655484506
572.5833333333333,0.00017855866645940908
572.6666666666666,0.0003956078652200942
572.75,0.0006435927093667376
572.8333333333333,0.0008867303124869725
572.9166666666666,0.00096558005619716
573.0,0.00035516381340360367
573.0833333333333,0.00047034835778311183
573.1666666666666,0.0006120713569078829
573.25,0.0004219121313884019
573.3333333333333,0.0003235119635289607
573.4166666666666,0.00042358974651024645
573.5,0.00045485323615542813
573.5833333333333,0.00018365656799396095
573.6666666666666,7.310049804103764e-05
573.75,0.00048732149512879493
573.8333333333333,0.0005871862833784267
573.9166666666666,0.000732682408142041
574.0,0.0003334891912682708
574.0833333333333,0.0006198317206156734
574.1666666666666,0.0006290821562899418
574.25,0.00023560447220470707
574.3333333333333,0.0004235830361747032
574.4166666666666,0.00017220045146661204
574.5,0.0003581520379112799
574.5833333333333,0.0004660090633308537
574.6666666666666,0.0003917677128186761
574.75,0.0002914273455442099
574.8333333333333,0.000594647494741246
574.9166666666666,0.00030874347427826124
575.0,0.0005212994941786379
575.0833333333333,0.000689540111406291
575.1666666666666,0.0005852548298207395
575.25,0.0005287593910085149
575.3333333333333,0.00035419138716269634
575.4166666666666,0.00038711241089212523
575.5,0.00043825327227515825
575.5833333333333,0.00016271265301322685
575.6666666666666,0.00011412356659394569
575.75,0.0004296697739425057
575.8333333333333,0.0009720228311673572
575.9166666666666,0.0005708640950097517
576.0,0.0005302319666875051
576.0833333333333,0.00023688960302296018
576.1666666666666,0.0006437455609364616
576.25,0.0001730551381449578
576.3333333333333,0.00041096871722511014
576.4166666666666,0.0002546572321146346
576.5,0.00038695655687976587
576.5833333333333,0.0003246827421187015
576.6666666666666,0.000243431060650391
576.75,8.313013766818928e-05
576.8333333333333,0.000575148790612939
576.9166666666666,0.00046157746668163687
577.0,0.000263874517879506
577.0833333333333,0.000444471683383575
577.1666666666666,0.00019700786659532522
577.25,0.00038085973579952314
577.3333333333333,0.000523003862683165
577.4166666666666,0.0008303745172492692
577.5,0.00095415467576063
577.5833333333333,0.0007460060948281291
577.6666666666666,0.00037866520680904307
577.75,0.00022245689063347593
577.8333333333333,0.0003318013024980163
577.9166666666666,0.00047512615947006143
578.0,0.0007683272887495505
578.0833333333333,0.00012870762882070353
578.1666666666666,0.000653255435422395
578.25,0.0004881417437833682
578.3333333333333,0.0001934485973171445
578.4166666666666,0.0003145756339011779
578.5,0.0003523588923783543
578.5833333333333,0.0005602282355021376
578.6666666666666,0.0008632560778258979
578.75,0.0007951314088083513
578.8333333333333,0.00022824820279714248
578.9166666666666,0.00048196723746601086
579.0,0.0005407690628539006
579.0833333333333,0.0007265454119575542
579.1666666666666,0.00020851322812284214
579.25,0.000367771740410676
579.3333333333333,0.00045873818094029864
579.4166666666666,0.0005625335641819944
579.5,0.0002682392103236758
579.5833333333333,8.8955304620202e-05
579.6666666666666,0.00015975097645919915
579.75,0.00045801122408801933
579.8333333333333,0.000807585326156405
579.9166666666666,0.00013574488169832783
580.0,0.00030985260679835386
580.0833333333333,0.0001605198275781251
580.1666666666666,0.0005597690149792318
580.25,0.0006038502091529679
580.3333333333333,0.0005726401198334185
580.4166666666666,0.00045504529709132344
580.5,0.0011531874667236913
580.5833333333333,0.0014360851148217252
580.6666666666666,0.0008982366225727084
580.75,0.00035231094966187637
580.8333333333333,0.0007117463805651994
580.9166666666666,0.0002702607568073883
581.0,0.0008267682554167268
581.0833333333333,0.0012683852086136478
581.1666666666666,0.000931332130365889
581.25,0.0007064246697471481
581.3333333333333,0.0008050829037457288
581.4166666666666,0.0005016340446345031
581.5,0.00011972153602824564
581.5833333333333,0.0003771854017584555
581.6666666666666,0.00047975714930201095
581.75,0.00026562475973651334
581.8333333333333,0.00037268665486324496
581.9166666666666,0.0006153795502696534
582.0,0.0006697763060922598
582.0833333333333,0.0005688872123753699
582.1666666666666,0.0001715104449321633
582.25,0.000330551967264319
582.3333333333333,0.0003134390359736749
582.4166666666666,0.0007057220184856681
582.5,0.0006929460309309829
582.5833333333333,0.00044193238433310817
582.6666666666666,0.0003639611216877487
582.75,0.0005348250329089255
582.8333333333333,0.00059657931321998
582.9166666666666,0.0002777411696457207
583.0,0.0004920842732349297
583.0833333333333,0.0006089534290890018
583.1666666666666,0.0004761050732461818
583.25,0.0005218706965230034
583.3333333333333,0.0001286944802839144
583.4166666666666,0.00017175872936489508
583.5,0.000630854260800385
583.5833333333333,0.001063988015395949
583.6666666666666,0.0010349709353721698
583.75,0.0005273404365162093
583.8333333333333,0.00022903218940808942
583.9166666666666,0.000668291240824118
584.0,0.0005054439676999181
584.0833333333333,0.0008187570544322404
584.1666666666666,0.0005839795509305241
584.25,0.0009210493235042175
584.3333333333333,0.0015294172153536266
584.4166666666666,0.0007994298168805818
584.5,0.0008598245876330201
584.5833333333333,0.0005504307699170289
584.6666666666666,0.00018693356695494712
584.75,0.00017083090273879538
584.8333333333333,0.00036191037661149536
584.9166666666666,0.0005618010746090508
585.0,0.00063612164443995
585.0833333333333,0.00023694749104928348
585.1666666666666,0.0012589413608411844
585.25,0.000988686192616505
585.3333333333333,0.00047096905462973467
585.4166666666666,0.00022010717672259317
585.5,8.553475212759141e-05
585.5833333333333,0.0003567112878024481
585.6666666666666,0.00029095321587329205
585.75,0.00017134887494657492
585.8333333333333,0.0003036017385371043
585.9166666666666,0.0008572810695136758
586.0,0.0006888674810125186
586.0833333333333,0.00016892496349884162
586.1666666666666,0.0003088457687957916
586.25,0.0006154480007829705
586.3333333333333,0.0002740033752094709
586.4166666666666,8.386321971150318e-05
586.5,0.0005008097518536016
586.5833333333333,0.0010107471317358904
586.6666666666666,0.0009018385745071877
586.75,0.0006540239995974004
586.8333333333333,0.0004610978607572114
586.9166666666666,0.0005239414752471458
587.0,0.000197960320246683
587.0833333333333,0.00010452347765703295
587.1666666666666,0.00015109453468780128
587.25,0.000412984558091066
587.3333333333333,0.000699997886643163
587.4166666666666,0.00043000617744196577
587.5,0.00042289139068569864
587.5833333333333,0.001034999310559098
587.6666666666666,0.0011564211686058738
587.75,0.0006238867813182919
587.8333333333333,0.000643670669540802
587.9166666666666,0.0005894977969893882
588.0,0.00031398275963643045
588.0833333333333,0.00033931082341355756
588.1666666666666,0.00025740049301951185
588.25,0.00039064832350576824
588.3333333333333,0.00016715271135757183
588.4166666666666,0.00013462849420403574
588.5,0.0003047174865933797
588.5833333333333,0.0007808110543740601
588.6666666666666,0.0005950725245630633
588.75,0.0002985088415649996
588.8333333333333,0.0004881639139102653
588.9166666666666,0.00043502266139207205
589.0,0.0005727297992150613
589.0833333333333,0.00046365616070152544
589.1666666666666,0.0005664611588581875
589.25,0.0006290170043814021
589.3333333333333,0.0004029895795564494
589.4166666666666,0.0005051408313170901
589.5,0.0005364292878157966
589.5833333333333,0.00027757773697430714
589.6666666666666,0.0004496719804382725
589.75,0.000295394363031385
589.8333333333333,0.000520337803277623
589.9166666666666,0.0006500208944494931
590.0,0.00029611701236153723
590.0833333333333,0.000298441181348816
590.1666666666666,0.000565021055536323
590.25,0.00039625065529648717
590.3333333333333,0.0006207271183181574
590.4166666666666,0.0004913414619919126
590.5,0.0010259501855734768
590.5833333333333,0.0008371044372267374
590.6666666666666,0.0006263955037290117
590.75,0.0003871661059960026
590.8333333333333,0.00021070017142599842
590.9166666666666,0.0002044358495578595
591.0,0.0001941682932364406
591.0833333333333,0.000534972066273188
591.1666666666666,0.0008132587617604586
591.25,0.0007248938190253237
591.3333333333333,0.0005816559959000254
591.4166666666666,0.0006736523039095426
591.5,0.00039033796243571027
591.5833333333333,0.00015183011016524183
591.6666666666666,0.0006534175639334905
591.75,0.0006737047240935057
591.8333333333333,0.0003646628031571326
591.9166666666666,0.00042643775271790184
592.0,0.0003032875225398627
592.0833333333333,0.0001566958834035424
592.1666666666666,0.00027382655063753694
592.25,0.0003273909328507709
592.3333333333333,0.00023440747913608113
592.4166666666666,0.0002908028698496873
592.5,0.0003642846302435853
592.5833333333333,0.0004433392788759137
592.6666666666666,0.00035758543429145566
592.75,0.0006788730313705682
592.8333333333333,0.00036565131165742517
592.9166666666666,0.00042838817696480563
593.0,0.0005033037153260416
593.0833333333333,0.0003012356241618109
593.1666666666666,0.00022130051089095754
593.25,0.00014551816576219436
593.3333333333333,0.0001752767175786203
593.4166666666666,0.00017126285940232834
593.5,0.00015637649648228403
593.5833333333333,0.000728559621621139
593.6666666666666,0.0004918656234621268
593.75,0.00041196899348801735
593.8333333333333,0.00031264538782697665
593.9166666666666,0.0002641099253939246
594.0,0.0003192599774259373
594.0833333333333,0.00047604685585859985
594.1666666666666,0.0004994362683084534
594.25,0.0004214524054642923
594.3333333333333,0.00038612322854290974
594.4166666666666,0.0003934185398035216
594.5,0.00018317484737527371
594.5833333333333,0.00014476922202464167
594.6666666666666,0.00014330536100705664
594.75,0.0003900345049975867
594.8333333333333,0.0004307664213637757
594.9166666666666,0.0002677256272097504
595.0,0.00012157459040447496
595.0833333333333,0.00027755303053586495
595.1666666666666,0.0005627535738872582
595.25,0.0008658422107799863
595.3333333333333,0.00036271278539080036
595.4166666666666,0.0003126251162806962
595.5,0.0003202623922472091
595.5833333333333,0.00031943596091712486
595.6666666666666,0.00019907750326690157
595.75,0.00041013746438050197
595.8333333333333,0.0005577657165156054
595.9166666666666,0.00026681998915521293
596.0,0.0005983198914698819
596.0833333333333,0.00018449668336186788
596.1666666666666,0.0006151034187063694
596.25,0.0002583709249314942
596.3333333333333,0.00044969454593142197
596.4166666666666,0.0008698633840449466
596.5,0.0005832102140881357
596.5833333333333,0.0004348344131497196
596.6666666666666,0.0002612719281544362
596.75,0.00040114914657596903
596.8333333333333,0.0010945975274687396
596.9166666666666,0.001590530388119105
597.0,0.001469066069597923
597.0833333333333,0.0010474497041440222
597.1666666666666,0.0006051438529001424
597.25,0.0005316570176929238
597.3333333333333,0.0004997058771621252
597.4166666666666,0.00016517758781840592
597.5,0.00014945344733252938
597.5833333333333,0.0007428192490974344
597.6666666666666,0.0006561475509478766
597.75,9.892281617277245e-05
597.8333333333333,0.0003347127711046429
597.9166666666666,0.00032970207136232243
598.0,0.0004583551592784527
598.0833333333333,0.00033434803722395834
598.1666666666666,0.0006809102837021066
598.25,0.00023847885878616832
598.3333333333333,0.0003210460582113715
598.4166666666666,0.00033642429626462025
598.5,0.00011360697865005326
598.5833333333333,0.0008196164089863851
598.6666666666666,0.0007623599089195016
598.75,0.0009528527531039202
598.8333333333333,0.0005151091366694872
598.9166666666666,0.00019710914162347697
599.0,0.00011481338297802578
599.0833333333333,0.0001127051776625071
599.1666666666666,0.00023393569684494907
599.25,0.0002874823126860609
599.3333333333333,0.0002926275142536656
599.4166666666666,0.00033958223944081863
599.5,0.0004878648422910744
599.5833333333333,0.0007886770038970728
599.6666666666666,0.0007396068835923406
599.75,0.00016101622579021838
599.8333333333333,0.00012912992160452448
599.9166666666666,0.0006948524513680794
600.0,0.0005561365052386524
600.0833333333333,0.0003788011642675938
600.1666666666666,0.00048226384903458225
600.25,0.001075910276281702
600.3333333333333,0.0006291061598733476
600.4166666666666,0.00020244171626993934
600.5,0.00011408898938000965
600.5833333333333,9.444729498815096e-05
600.6666666666666,0.0006044393281585731
600.75,0.0007099191766363515
600.8333333333333,6.77382440882538e-05
600.9166666666666,0.00039386712371132737
601.0,9.66157414060127e-05
601.0833333333333,0.0005414630155102977
601.1666666666666,0.00045515505612937367
601.25,0.0003700640162579694
601.3333333333333,0.00042407728765954346
601.4166666666666,0.0006157778934840723
601.5,0.0005359830140225508
601.5833333333333,0.0004756441947982054
601.6666666666666,0.0004952009742200831
601.75,0.0005399616002115154
601.8333333333333,0.0007914810116320615
601.9166666666666,0.0009029431342691818
602.0,0.00017729759256129984
602.0833333333333,0.0006381685731546256
602.1666666666666,0.0007510629398555698
602.25,0.00029334845066520017
602.3333333333333,0.0003824924091285711
602.4166666666666,0.00028598390192169614
602.5,0.0003524055939140799
602.5833333333333,0.00013242112659061494
602.6666666666666,0.0007000986014836304
602.75,0.0008112635502959768
602.8333333333333,0.000470055713235939
602.9166666666666,0.0007093766317428285
603.0,0.00044432875211607853
603.0833333333333,0.0004995287098552632
603.1666666666666,0.0008817594003624209
603.25,0.0005013711287639907
603.3333333333333,0.0007205719035065985
603.4166666666666,0.0009945812393896388
603.5,0.0005130160162971644
603.5833333333333,0.000759369479355001
603.6666666666666,0.0008787328330853771
603.75,0.0009985544320449517
603.8333333333333,0.000813121531739523
603.9166666666666,0.00024144947535191264
604.0,0.00031667629925580086
604.0833333333333,0.0004399128939331604
604.1666666666666,0.00028131649701719627
604.25,0.00027256778194162656
604.3333333333333,0.0006375193720320521
604.4166666666666,0.0005100362127452786
604.5,0.00021639286989342483
604.5833333333333,0.00045396570234378103
604.6666666666666,0.0009382579280819237
604.75,0.0007388099939313101
604.8333333333333,0.00034000832930627896
604.9166666666666,0.0008843598399123542
605.0,0.001515135428272046
605.0833333333333,0.0013247761955877692
605.1666666666666,0.0006728410756216394
605.25,0.00019392798606009893
605.3333333333333,0.0007565579504155884
605.4166666666666,0.0005692559422690613
605.5,0.0006175542452829351
605.5833333333333,0.0009179069890541141
605.6666666666666,0.0006840694764412359
605.75,0.00033095771858362305
605.8333333333333,0.0001003826545961003
605.9166666666666,2.7275784947465305e-05
606.0,0.00016964544484863458
606.0833333333333,0.00015622332210585798
606.1666666666666,0.0006800671025012494
606.25,0.0007626198719188078
606.3333333333333,0.0003893841809792038
606.4166666666666,0.000960426787099347
606.5,0.0007287276239081968
606.5833333333333,0.0003677302870810714
606.6666666666666,0.00034869183427237627
606.75,0.0009068147784308537
606.8333333333333,0.0012374415356129927
606.9166666666666,0.0010000302052092088
607.0,0.00041947611258115485
607.0833333333333,0.0008113465457557972
607.1666666666666,0.0009513941430998509
607.25,0.0010222436031985967
607.3333333333333,0.00035362867893239764
607.4166666666666,0.00028383699005949347
607.5,0.0005301615118922235
607.5833333333333,0.000913442246692516
607.6666666666666,0.0010194444423326616
607.75,0.0007441095685952499
607.8333333333333,0.0003038397115336479
607.9166666666666,0.0008921364709036916
608.0,0.0007879827971674924
608.0833333333333,0.00044776637687887364
608.1666666666666,0.00031906397784367676
608.25,0.00034612169276848517
608.3333333333333,0.0005074968340544738
608.4166666666666,0.000634593855466087
608.5,0.0006347848176886108
608.5833333333333,0.0006552426466405069
608.6666666666666,0.00036773701064873036
608.75,6.961306814025216e-05
608.8333333333333,0.0002004518242303407
608.9166666666666,0.000508403633535086
609.0,0.0007546913454847228
609.0833333333333,0.001039353770525325
609.1666666666666,0.0008791402982059276
609.25,0.0002564899857001921
609.3333333333333,0.00024103243252403148
609.4166666666666,0.000137189334713609
609.5,0.0006035995206543477
609.5833333333333,0.0004461861527297594
609.6666666666666,0.0009634178697489565
609.75,0.0009121108354500009
609.8333333333333,0.00035257708181833024
609.9166666666666,0.0002950615280985391
610.0,0.00011982014086361027
610.0833333333333,0.00016855739781867566
610.1666666666666,0.00029350530455585883
610.25,0.0004840222067505438
610.3333333333333,0.0008601431902974934
610.4166666666666,0.0006204867434376708
610.5,0.00020032032776304
610.5833333333333,0.00030226290865402374
610.6666666666666,0.0009817597413474108
610.75,0.0007632453582796567
610.8333333333333,0.0002868439939416359
610.9166666666666,0.00033350834407586935
611.0,0.00016920311362074244
611.0833333333333,0.00023060364769781318
611.1666666666666,0.00033218420937430865
611.25,0.0002779576462286929
611.3333333333333,0.0004379229599610752
611.4166666666666,0.0009463853947596386
611.5,0.0006016690572632198
611.5833333333333,0.0004353869290581851
611.6666666666666,0.000583376779317574
611.75,0.0007286716696500302
611.8333333333333,0.0004644686390382258
611.9166666666666,0.0004356304498991503
612.0,0.0006907169040463593
612.0833333333333,0.000555602486255865
612.1666666666666,0.00010536023989430415
612.25,0.0002716800658563183
612.3333333333333,0.0006611914708014493
612.4166666666666,0.0004193517453851189
612.5,0.00045176645754172715
612.5833333333333,0.0006299067944629546
612.6666666666666,0.0002656180604806918
612.75,2.8392716114209952e-05
612.8333333333333,0.0003934773843987017
612.9166666666666,0.0009232104753753288
613.0,0.0012374967993648638
613.0833333333333,0.001141078679281372
613.1666666666666,0.00039020071566393095
613.25,0.0004356894630167024
613.3333333333333,0.0006777115243274934
613.4166666666666,0.0006331904876422456
613.5,0.0009671424375826301
613.5833333333333,0.0007825304722412225
613.6666666666666,0.000545826654087799
613.75,0.0007170154676473608
613.8333333333333,0.0005132213563616023
613.9166666666666,0.00016036629380537383
614.0,0.0001585236952797461
614.0833333333333,0.0003022133895570625
614.1666666666666,0.00018847903608469905
614.25,0.0003503263734339574
614.3333333333333,0.0006260556072220358
614.4166666666666,0.00024166654390971393
614.5,0.0004737042054171965
614.5833333333333,0.0005008383851027355
614.6666666666666,1.7572259986446055e-05
614.75,0.00019313343731442413
614.8333333333333,0.0003715808664266299
614.9166666666666,0.0006208901178867089
615.0,0.0005377381473081791
615.0833333333333,0.00034668768460151224
615.1666666666666,0.000133163781684995
615.25,0.00036726225759314656
615.3333333333333,0.0006327631878249257
615.4166666666666,0.00047538017060812313
615.5,0.0002194981164688247
615.5833333333333,0.0004410969074146799
615.6666666666666,0.0007544266421903279
615.75,0.0005448092902808926
615.8333333333333,0.0002997101306821587
615.9166666666666,0.0006323219750576102
616.0,0.001130831762595125
616.0833333333333,0.0008108078181768341
616.1666666666666,0.0003167442119252742
616.25,0.0005778075070040788
616.3333333333333,0.0010883449417985712
616.4166666666666,0.0007663918646531901
616.5,5.2874104130228876e-05
616.5833333333333,0.0005275760707994194
616.6666666666666,0.00047476304686454134
616.75,8.329862957754678e-05
616.8333333333333,0.00046635922115769975
616.9166666666666,0.0005349706962264512
617.0,0.0004255576906173652
617.0833333333333,0.0001509138394423252
617.1666666666666,0.0006433014096788132
617.25,0.0008320872763676929
617.3333333333333,0.000469116785663177
617.4166666666666,0.0008231592656226319
617.5,0.0006315791276992002
617.5833333333333,0.00019542429997708308
617.6666666666666,0.0004079613831743884
617.75,0.00047372565292029957
617.8333333333333,0.0006823736572873589
617.9166666666666,0.0008759292119603718
618.0,0.0005762809120268168
618.0833333333333,0.00025001279678533745
618.1666666666666,0.0006347944397497624
618.25,0.000935684944713247
618.3333333333333,0.0006493964034345979
618.4166666666666,0.0006466604669082528
618.5,0.0006908510051100997
618.5833333333333,0.0006625342898678447
618.6666666666666,0.0004923346115708953
618.75,0.0005491706380191119
618.8333333333333,0.000697383691785734
618.9166666666666,0.0004589414934761856
619.0,0.00039831352201931744
619.0833333333333,0.0004744274535937767
619.1666666666666,0.00041417165416637733
619.25,7.369472850807814e-05
619.3333333333333,0.00022421829717528987
619.4166666666666,0.0004864534761155962
619.5,0.0004140529136122041
619.5833333333333,0.0005782453808593003
619.6666666666666,0.0008375659749650206
619.75,0.0003431256293113103
619.8333333333333,0.00044209436885406396
619.9166666666666,0.0005466692520919125
620.0,0.00019753085173996698
620.0833333333333,0.00024494973595470603
620.1666666666666,0.00038620825310059953
620.25,0.00011424871915419521
620.3333333333333,0.0005330698079102596
620.4166666666666,0.0007655746484921367
620.5,0.0005059893470017467
620.5833333333333,0.00023058761903170297
620.6666666666666,0.0002136644256765246
620.75,0.00028170554731297607
620.8333333333333,0.0002810134239545286
620.9166666666666,0.0005673896647764035
621.0,0.0009589529583538923
621.0833333333333,0.0006800818742481196
621.1666666666666,0.0008111792244483568
621.25,0.0008722338155778697
621.3333333333333,0.0004748498892995255
621.4166666666666,0.00029024281366904037
621.5,0.0003895388677509057
621.5833333333333,0.0006080951897248262
621.6666666666666,0.0003991993288412258
621.75,0.00023826787440117927
621.8333333333333,0.00032854524735289546
621.9166666666666,0.00021732645124773265
622.0,0.00021907751914057553
622.0833333333333,0.0005066991029480805
622.1666666666666,0.0006759024287395062
622.25,0.0008056496390714949
622.3333333333333,0.0005471942128544707
622.4166666666666,0.0005840859868757419
622.5,0.00035466043898910274
622.5833333333333,0.0003529933632509447
622.6666666666666,0.0007653129332653464
622.75,0.0008920130944345986
622.8333333333333,0.00034441230976302425
622.9166666666666,0.0002822284837074771
623.0,0.00025704865542874975
623.0833333333333,0.00030974673213836573
623.1666666666666,0.0005226496601445497
623.25,0.000727970750210699
623.3333333333333,0.00046489636036908707
623.4166666666666,0.0005083864288950142
623.5,0.0005715137058365994
623.5833333333333,0.00024195002262303978
623.6666666666666,0.000391432892569938
623.75,0.00043414956403972063
623.8333333333333,0.00011291670494805611
623.9166666666666,3.6696991015356965e-05
624.0,0.0003286623368490272
624.0833333333333,0.0005634449117727803
624.1666666666666,0.00048201249087500344
624.25,0.00025469698299800895
624.3333333333333,0.0005338422451629226
624.4166666666666,0.0007951754936887427
624.5,0.0005227238675482545
624.5833333333333,0.0004458415400172895
624.6666666666666,0.00036569495343652007
624.75,0.0001923290045553932
624.8333333333333,0.00028178987639436
624.9166666666666,0.000792970099870231
625.0,0.0006505624782300397
625.0833333333333,0.0008907806410497818
625.1666666666666,0.0006720929883939804
625.25,0.00046526464067460935
625.3333333333333,0.0005377158918298526
625.4166666666666,0.0006293606023919304
625.5,0.000589520450042347
625.5833333333333,0.0002728106299357257
625.6666666666666,0.0006548298712551569
625.75,0.0009137935291473739
625.8333333333333,0.0006604918648962245
625.9166666666666,0.0005495988064777918
626.0,0.0006766142092031711
626.0833333333333,0.0003365016790743784
626.1666666666666,0.00023685782798617242
626.25,0.00033764519465129023
626.3333333333333,0.0002810804300568575
626.4166666666666,0.00040757056459653733
626.5,0.00042149246042145523
626.5833333333333,0.000748872720295261
626.6666666666666,0.0008073103026200323
626.75,0.0004201827482239847
626.8333333333333,0.0002829029124450542
626.9166666666666,0.0005658258201639155
627.0,0.0006843439109229341
627.0833333333333,0.0001317467962957828
627.1666666666666,0.00035676543519820743
627.25,0.00014472803767143222
627.3333333333333,0.0005651135053370448
627.4166666666666,0.0004910190047676988
627.5,0.00047730708088279775
627.5833333333333,0.0002706655353052469
627.6666666666666,0.00045501620064172565
627.75,0.0005104698007761423
627.8333333333333,0.00034530575637042594
627.9166666666666,0.000925249279489224
628.0,0.0016126279137725222
628.0833333333333,0.0008301198723898337
628.1666666666666,0.0003766716577349549
628.25,0.00012965011494208307
628.3333333333333,0.0002454084720092862
628.4166666666666,0.0004173445834101014
628.5,0.0006843887767633795
628.5833333333333,0.0007608967860224629
628.6666666666666,0.000263448354219029
628.75,0.00044340238529895693
628.8333333333333,0.0007778710124121106
628.9166666666666,0.0007175786488889612
629.0,0.0003312446712400278
629.0833333333333,0.0007808166306682036
629.1666666666666,0.0003788000641237395
629.25,0.00015352338266704893
629.3333333333333,0.00019901905905088578
629.4166666666666,0.0007048588577654611
629.5,0.0009810697521313529
629.5833333333333,0.0006126074610009217
629.6666666666666,0.0003298769536082394
629.75,0.0006711801411376499
629.8333333333333,0.0005083419658947685
629.9166666666666,6.502832529604847e-05
630.0,0.0001153083079836448
630.0833333333333,0.00015323414119731082
630.1666666666666,0.0004956148114140823
630.25,0.00022390742605805694
630.3333333333333,0.0006031274801969488
630.4166666666666,0.00042213819926025187
630.5,0.0006263764339087951
630.5833333333333,0.00016831774546852677
630.6666666666666,0.0005147246713485625
630.75,0.00042226976811140734
630.8333333333333,0.0005338258790566384
630.9166666666666,0.0005544145511439129
631.0,0.00015989807118691582
631.0833333333333,0.0003776753734458781
631.1666666666666,0.0005062355056303838
631.25,0.0006047259836924405
631.3333333333333,0.0007392371498569253
631.4166666666666,0.00023852197963179195
631.5,0.000988677787181068
631.5833333333333,0.0011155347962716947
631.6666666666666,0.0008425589282723041
631.75,0.00023107506803418394
631.8333333333333,0.00044947360508340334
631.9166666666666,0.0006945646743218916
632.0,0.00044667872257276746
632.0833333333333,0.0006152459229806326
632.1666666666666,0.000638907148768972
632.25,0.00018772767791384133
632.3333333333333,0.00042876893134824467
632.4166666666666,0.00026510940698589016
632.5,0.00042207125844376166
632.5833333333333,0.0005154738790709426
632.6666666666666,0.00026844523429590806
632.75,0.0006889674561276271
632.8333333333333,0.0004165401384722121
632.9166666666666,0.00027267698651804885
633.0,0.000274131322156036
633.0833333333333,0.0004935180615515757
633.1666666666666,0.0009392461804494309
633.25,0.00022051472437358916
633.3333333333333,0.0006443306996755546
633.4166666666666,0.00031748607009201435
633.5,0.0005646006992047998
633.5833333333333,0.0008022503184707158
633.6666666666666,0.0003150431768354265
633.75,0.00023075573352014965
633.8333333333333,0.0003835494565878897
633.9166666666666,0.0009491966179683031
634.0,0.000600104863230761
634.0833333333333,0.0003857634261162855
634.1666666666666,0.000441739427454782
634.25,7.702426354742921e-05
634.3333333333333,0.0007472094354718473
634.4166666666666,0.000677875660699657
634.5,0.0002678290474869032
634.5833333333333,0.0003689058737562715
634.6666666666666,0.0002465908832914803
634.75,0.0002018124399070483
634.8333333333333,0.0004217402602298566
634.9166666666666,0.000730314945224474
635.0,0.00017488932231606664
635.0833333333333,0.0003279207920263099
635.1666666666666,0.00023405306567438714
635.25,0.00025039164481526204
635.3333333333333,0.0002692342079911764
635.4166666666666,0.00028846145580688627
635.5,0.0003038887952335326
635.5833333333333,0.0003823592981607012
635.6666666666666,0.00038859059939005535
635.75,0.0006434232840915803
635.8333333333333,0.0007167299251398911
635.9166666666666,0.000506460711187321
636.0,0.00028120458308987826
636.0833333333333,0.0006685594815767609
636.1666666666666,0.000414593311013029
636.25,0.0005615166748361977
636.3333333333333,0.0005305417314793047
636.4166666666666,0.0003921993978772905
636.5,0.0009642429901539071
636.5833333333333,0.0009319106802418524
636.6666666666666,0.0003939227451932274
636.75,0.0002000804657136953
636.8333333333333,0.000536987954166074
636.9166666666666,0.0004693661145021778
637.0,0.0004914886380072413
637.0833333333333,0.00032223394201225445
637.1666666666666,0.0005713751074238138
637.25,0.0005438405348840279
637.3333333333333,0.0002921337270855277
637.4166666666666,0.0004348076835738697
637.5,0.0006738930002052844
637.5833333333333,0.0004989354954309662
637.6666666666666,0.00017569003672688525
637.75,0.00013567469590774933
637.8333333333333,0.0004506750135526398
637.9166666666666,0.0007089194886351569
638.0,0.00047950765451127753
638.0833333333333,0.0003943048519585152
638.1666666666666,0.0004834514042058979
638.25,0.0004083734632848539
638.3333333333333,0.0009214361776298534
638.4166666666666,0.00046078689482387085
638.5,0.0008829569555624392
638.5833333333333,0.0005245042506511139
638.6666666666666,0.00018591402867650913
638.75,0.000560778606813934
638.8333333333333,0.00043017675669735776
638.9166666666666,0.0003055079275956002
639.0,0.0003892950549359806
639.0833333333333,0.0002905694461861366
639.1666666666666,0.00044831240965706134
639.25,0.0008617414996638339
639.3333333333333,0.0008256762155499178
639.4166666666666,0.00045177716189467854
639.5,0.0004134274604781798
639.5833333333333,0.0007270306334530933
639.6666666666666,0.0009546413681573545
639.75,0.0005337549462600788
639.8333333333333,0.00037091822975534087
639.9166666666666,0.0006574739382177765
640.0,0.0012553790835322719
640.0833333333333,0.0013269266060310307
640.1666666666666,0.0010174183209915183
640.25,0.0015542921854563327
640.3333333333333,0.0013197011712560796
640.4166666666666,0.001157989949316469
640.5,0.001522958973843599
640.5833333333333,0.0016074129220762974
640.6666666666666,0.0009975283836178776
640.75,0.00025415525033867947
640.8333333333333,0.00016547166344928844
640.9166666666666,0.0003322877989080632
641.0,0.000596321205516017
641.0833333333333,0.00012692156978330618
641.1666666666666,0.00048502088983918667
641.25,0.0005196457017822767
641.3333333333333,0.0002274873917595101
641.4166666666666,0.0006568184862557764
641.5,0.0005556868728652843
641.5833333333333,0.0002610294495080841
641.6666666666666,0.0007916548764344787
641.75,0.00033618797054891467
641.8333333333333,0.0002587178653673107
641.9166666666666,0.00029901378121111597
642.0,0.0006847989079671814
642.0833333333333,4.769756724320006e-05
642.1666666666666,0.0003143961418879191
642.25,0.0005616581968538947
642.3333333333333,0.0004929201347605175
642.4166666666666,0.00038218267391374936
642.5,0.0008015149776053096
642.5833333333333,0.00043231834741040996
642.6666666666666,0.0001604725712223596
642.75,0.0005346466478082536
642.8333333333333,0.00035689579273322426
642.9166666666666,6.781301479147986e-05
643.0,0.0004903087690299071
643.0833333333333,0.0007536900583851985
643.1666666666666,0.0005716122499736467
643.25,8.612212539056417e-05
643.3333333333333,0.0004881827582338038
643.4166666666666,0.0005405555738445473
643.5,0.0005034224284369209
643.5833333333333,8.730973975452757e-05
643.6666666666666,0.0003237342191183257
643.75,0.0006936769845958125
643.8333333333333,0.00018377906267970167
643.9166666666666,0.00024652840091061784
644.0,0.0004687354438506731
644.0833333333333,0.0005559840493839714
644.1666666666666,0.00041093321532393397
644.25,0.0007363056656845291
644.3333333333333,0.0008751505395680326
644.4166666666666,0.0006925668171205456
644.5,0.0006476926846288123
644.5833333333333,0.0005592428876082197
644.6666666666666,0.0009384352030429888
644.75,0.0006070685017134024
644.8333333333333,0.00013314838739670416
644.9166666666666,0.0004065432857613879
645.0,0.000561738693133366
645.0833333333333,0.0006448128839717654
645.1666666666666,0.0006655217877712654
645.25,0.0006427122475222335
645.3333333333333,0.0005684102168800645
645.4166666666666,0.0004447316931932454
645.5,0.0002017305634072081
645.5833333333333,0.0003759593521369047
645.6666666666666,0.0008672346570138959
645.75,0.0002792529299059472
645.8333333333333,0.0002899487517736202
645.9166666666666,0.0003616740887580732
646.0,0.0002740686421750588
646.0833333333333,0.0001978726220912737
646.1666666666666,0.0003883779694719177
646.25,0.00029071934002233824
646.3333333333333,0.0004138426211479438
646.4166666666666,0.0007632308293420145
646.5,0.0005858633825586362
646.5833333333333,0.0006259023335537226
646.6666666666666,0.0008723637485222378
646.75,0.00031359635243711137
646.8333333333333,0.00040894188205727294
646.9166666666666,0.000354383117185765
647.0,0.0004847817080861541
647.0833333333333,0.00033269015920477964
647.1666666666666,0.0005893597434534714
647.25,0.0006980142617353872
647.3333333333333,0.00046780702534413336
647.4166666666666,0.00034686481973868996
647.5,0.0008708518199875651
647.5833333333333,0.0010570217709308441
647.6666666666666,0.0005283660324305924
647.75,0.00043794968518560447
647.8333333333333,0.0008649972361041904
647.9166666666666,0.001160001429136249
648.0,0.0007215893580909753
648.0833333333333,0.00016479981193476978
648.1666666666666,0.0003353416055788083
648.25,0.00045045444292380693
648.3333333333333,0.0005793982379206096
648.4166666666666,0.0008136944092775748
648.5,0.0013961359755882718
648.5833333333333,0.0013877760164505858
648.6666666666666,0.000612971594318044
648.75,0.0007119644706419124
648.8333333333333,0.0008951236712496617
648.9166666666666,0.0004613241479855491
649.0,0.0005859866673449063
649.0833333333333,0.0005462290020720469
649.1666666666666,0.000698101806288207
649.25,0.0005401199073364225
649.3333333333333,0.00030135054755980954
649.4166666666666,0.0007553212495315707
649.5,0.00042514431781677487
649.5833333333333,0.0004948374083585515
649.6666666666666,0.000613729146251016
649.75,0.00035961060062215743
649.8333333333333,0.00046622624076199566
649.9166666666666,0.000293168092845093
650.0,0.000626271305317532
650.0833333333333,0.0007641130082994192
650.1666666666666,0.0009220867561819184
650.25,0.000331196009704856
650.3333333333333,0.00013730901539241118
650.4166666666666,0.00047588402861400454
650.5,0.0006196831712508795
650.5833333333333,0.0006999832884915313
650.6666666666666,0.0002588606798106471
650.75,0.00019443854636698162
650.8333333333333,0.0008689699880381962
650.9166666666666,0.0009327614654208829
651.0,0.0005747707147012146
651.0833333333333,0.00041955389578924587
651.1666666666666,0.00046469589220808546
651.25,0.0006156440069845765
651.3333333333333,0.000564403388781855
651.4166666666666,0.00010439528771498071
651.5,0.0004136099711524452
651.5833333333333,0.0005361700652161519
651.6666666666666,0.0006995078987667994
651.75,0.00027532674836005703
651.8333333333333,0.0006533840262045503
651.9166666666666,0.0003845374368920427
652.0,0.00031578230468638584
652.0833333333333,0.0005643905274098333
652.1666666666666,0.0007598453818769959
652.25,0.0008637253099759387
652.3333333333333,0.0008293405481113411
652.4166666666666,0.00025811387853970857
652.5,0.001008619797162325
652.5833333333333,0.0011111872812468186
652.6666666666666,0.0007634382803331899
652.75,0.000776076976039097
652.8333333333333,0.0007069091373447526
652.9166666666666,0.0005313457129189858
653.0,0.0003430005923479444
653.0833333333333,0.00011013351313029544
653.1666666666666,0.0005378221878760172
653.25,0.0008174941641856821
653.3333333333333,0.00043802779012907644
653.4166666666666,0.00016350073217623922
653.5,0.0002711783514854717
653.5833333333333,0.00024011583930020323
653.6666666666666,0.0008901277572645915
653.75,0.0007772350813495399
653.8333333333333,0.0005147158365771813
653.9166666666666,0.0006397381103456389
654.0,0.0006758483283130129
654.0833333333333,0.00048749489059103396
654.1666666666666,0.0006341308178678744
654.25,0.0008274407574612069
654.3333333333333,0.0009461572831156164
654.4166666666666,0.0005479352382647657
654.5,0.0005386950679561258
654.5833333333333,0.0008070940586839849
654.6666666666666,0.0009056305181455691
654.75,0.000886627417757797
654.8333333333333,0.0007932843970675841
654.9166666666666,0.00025451252252391853
655.0,0.0005296781411162639
655.0833333333333,0.000837638532599491
655.1666666666666,0.0009194574740020165
655.25,0.0006173621740082187
655.3333333333333,0.000465127190275513
655.4166666666666,0.0003405218569604807
655.5,0.0001134345564962689
655.5833333333333,0.0004781682343642984
655.6666666666666,0.0007631690042283702
655.75,0.0006487419594816171
655.8333333333333,0.00016749728387320873
655.9166666666666,0.0006066992004043727
656.0,0.000679569951258973
656.0833333333333,0.00032961867835798144
656.1666666666666,0.00021057811627148645
656.25,0.00011166276188755149
656.3333333333333,0.0003332344886465315
656.4166666666666,0.0004219200220725931
656.5,0.00045436421402955993
656.5833333333333,0.0002235899612672616
656.6666666666666,0.0007906788788201229
656.75,0.0006412345519708822
656.8333333333333,0.00023972869453293106
656.9166666666666,0.00015112876383683625
657.0,0.00038643272105723213
657.0833333333333,0.0008464976879893336
657.1666666666666,0.001039047426845184
657.25,0.0010150394137419677
657.3333333333333,0.00015908918415136935
657.4166666666666,0.0002565714809361185
657.5,0.00011083886818526946
657.5833333333333,0.0007744213722037228
657.6666666666666,0.000652941264060991
657.75,0.00022438484000502352
657.8333333333333,0.0002784357475167103
657.9166666666666,0.000390562193045833
658.0,0.0001567670832477008
658.0833333333333,0.0005878402925836809
658.1666666666666,0.0003437347268156031
658.25,0.00040495329881814546
658.3333333333333,0.0003620699392134544
658.4166666666666,0.00042674337034294266
658.5,0.0003594691453695591
658.5833333333333,0.00021885139899768192
658.6666666666666,0.0003447937554414839
658.75,0.000399203947876348
658.8333333333333,0.0009228277060529676
658.9166666666666,0.00044452063413422593
659.0,0.00023066251233556823
659.0833333333333,0.0005568917216805751
659.1666666666666,0.00032996477065071227
659.25,0.0004357380897788791
659.3333333333333,0.0006022581945649705
659.4166666666666,0.0005171606575211223
659.5,0.0007165160701065027
659.5833333333333,0.000669390758868618
659.6666666666666,0.0003055554491187851
659.75,0.000273971222635252
659.8333333333333,0.0005732554550717906
659.9166666666666,0.0005994036552927696
660.0,0.0005088433609730822
660.0833333333333,0.0005346666843840074
660.1666666666666,0.0006345817167505518
660.25,0.0008582952011965832
660.3333333333333,0.00039548566291197596
660.4166666666666,0.00025201717120018076
660.5,0.00025212901197260636
660.5833333333333,0.000792872046058162
660.6666666666666,0.0005835828461230805
660.75,9.11773704339931e-05
660.8333333333333,0.0003230840888233366
660.9166666666666,0.000947412191363111
661.0,0.0006413212336167369
661.0833333333333,0.0005919230490646312
661.1666666666666,0.0008956486878562382
661.25,0.000840138976567719
661.3333333333333,0.0005187252751002826
661.4166666666666,0.00038611969682018606
661.5,0.0004190152803043766
661.5833333333333,0.0003885954428010584
661.6666666666666,0.0008529391353501809
661.75,0.0006697747330279905
661.8333333333333,0.0004999364459597393
661.9166666666666,5.1532485682626306e-05
662.0,0.00024233077548685607
662.0833333333333,0.0002819981642400459
662.1666666666666,0.0002976789863660608
662.25,0.0003834003491296294
662.3333333333333,0.000707306648242985
662.4166666666666,0.0005605273507130337
662.5,0.00026766295312668413
662.5833333333333,0.0004768267243422844
662.6666666666666,0.0007549620600524752
662.75,0.00029588426372367246
662.8333333333333,0.00018779540839513391
662.9166666666666,0.0006988479724312261
663.0,0.0009535530161915529
663.0833333333333,0.0008081594565757611
663.1666666666666,0.0003533554686113518
663.25,2.7466428040366333e-05
663.3333333333333,0.000315936663987189
663.4166666666666,0.0002803228607153601
663.5,6.796186183109959e-05
663.5833333333333,4.7094082817916235e-05
663.6666666666666,0.0002747208570976088
663.75,0.0005534879693463523
663.8333333333333,0.0008759144043866589
663.9166666666666,0.0008406272754795025
664.0,0.0007711349368330571
664.0833333333333,0.0007333581545515524
664.1666666666666,0.0007061815816106142
664.25,0.0006838729985638984
664.3333333333333,0.0009404287702103405
664.4166666666666,0.001238419048277697
664.5,0.000987446795416476
664.5833333333333,0.000795239208953384
664.6666666666666,0.00044939452388720433
664.75,0.0005778104046001892
664.8333333333333,0.00037980097301283216
664.9166666666666,0.0004572046522945022
665.0,0.0005132272574703969
665.0833333333333,0.00023099061363069065
665.1666666666666,0.00018982854751216236
665.25,0.00041015922937507845
665.3333333333333,0.0003733113794763417
665.4166666666666,0.00048146874202806603
665.5,0.00105098922179693
665.5833333333333,0.0005619044016293049
665.6666666666666,0.0006342891436972705
665.75,0.00047372125331593363
665.8333333333333,0.0008232544562918018
665.9166666666666,0.00034484367650269187
666.0,0.0003167213047378002
666.0833333333333,0.0006161938811838499
666.1666666666666,0.0008944946699339365
666.25,0.0006896728700901869
666.3333333333333,0.000856965239600219
666.4166666666666,0.0009504717047785074
666.5,0.0003366061156786712
666.5833333333333,0.00033639817004470115
666.6666666666666,0.0005143412007315717
666.75,0.0005036896793514172
666.8333333333333,0.00044222154856291565
666.9166666666666,0.0007830221590996214
667.0,0.0005564204481427967
667.0833333333333,0.0006658788629091103
667.1666666666666,0.0006259637374824843
667.25,0.00030123211981293227
667.3333333333333,0.000736623555650915
667.4166666666666,0.0010738748198967658
667.5,0.0008288600498051307
667.5833333333333,0.00017284396472054168
667.6666666666666,0.00022420901584105376
667.75,0.00023708788909095372
667.8333333333333,0.00048568261484385837
667.9166666666666,0.0007797127417374145
668.0,0.0009037330461652927
668.0833333333333,0.0008462005158507489
668.1666666666666,0.0004289971691087751
668.25,0.0011737272209237655
668.3333333333333,0.0005488542144231978
668.4166666666666,0.0003554911048221906
668.5,0.0006236697008348119
668.5833333333333,0.0006529449427006122
668.6666666666666,0.00030922192105911086
668.75,0.0001256737211843538
668.8333333333333,0.00011740893955510844
668.9166666666666,0.000442082550958823
669.0,0.000685163055096789
669.0833333333333,0.0006943642878434709
669.1666666666666,0.00039202192068893334
669.25,6.5593688273933e-05
669.3333333333333,0.00017871663371651821
669.4166666666666,0.0005102011205144157
669.5,0.0007125940863943009
669.5833333333333,0.0006534662283989946
669.6666666666666,0.00026401173948384664
669.75,0.00015637162894664713
669.8333333333333,0.00021954209332482167
669.9166666666666,0.00042692767840952383
670.0,0.00038694640095650735
670.0833333333333,0.000269342743670601
670.1666666666666,0.0006989679309726107
670.25,0.0004305554152108248
670.3333333333333,9.248120633693424e-05
670.4166666666666,0.0005484340828532081
670.5,0.000845453410956947
670.5833333333333,0.0004796087231996689
670.6666666666666,0.0002327928806690309
670.75,0.0003171333085588158
670.8333333333333,0.00020159522683785497
670.9166666666666,0.00048251916019758387
671.0,0.0006287096324961525
671.0833333333333,0.0004993758166532834
671.1666666666666,0.00044465998218743
671.25,0.00022325122233155122
671.3333333333333,0.0003304192862302665
671.4166666666666,0.0009023237317747464
671.5,0.0010086255364248275
671.5833333333333,0.0002629087750803507
671.6666666666666,0.00031762356422626765
671.75,6.855484786459085e-05
671.8333333333333,0.00039260241551557527
671.9166666666666,0.0003731886133940011
672.0,0.0006080413477312454
672.0833333333333,0.0002867824967843779
672.1666666666666,0.0003433009783264808
672.25,0.0003055559952920297
672.3333333333333,0.00030039800529045894
672.4166666666666,0.0004357359137688939
672.5,0.0004878479083031145
672.5833333333333,0.000588097782878322
672.6666666666666,0.000815562643223453
672.75,0.0009601367562001579
672.8333333333333,0.0005388291070964397
672.9166666666666,0.0008411845582587657
673.0,0.000693853360629093
673.0833333333333,0.00030992167101872664
673.1666666666666,0.0006744050054877044
673.25,0.00046588437438694735
673.3333333333333,0.00042499071666227464
673.4166666666666,0.00020672975988146987
673.5,0.000523357203189832
673.5833333333333,0.0006434867865675766
673.6666666666666,0.000359120148951034
673.75,0.00021105170582249905
673.8333333333333,0.00032861819496828455
673.9166666666666,0.0012042967279734943
674.0,0.0010157952405741833
674.0833333333333,0.00015627782369515228
674.1666666666666,0.0001098537225204224
674.25,2.6487951717364235e-05
674.3333333333333,0.00014847465951442146
674.4166666666666,0.0006943658118015108
674.5,0.001103234977245473
674.5833333333333,0.0007522825604861302
674.6666666666666,0.00020936999684693675
674.75,0.00035506785387902476
674.8333333333333,0.0005809040172688836
674.9166666666666,0.0004385032056602545
675.0,0.0009506552531870923
675.0833333333333,0.0008767715608394582
675.1666666666666,0.0007723164851363632
675.25,0.0003780237828832459
675.3333333333333,0.0005228666869295521
675.4166666666666,0.0009050217129596495
675.5,0.0010186451585886015
675.5833333333333,0.0007364826401241279
675.6666666666666,0.0005406887928039566
675.75,0.0007295872064837183
675.8333333333333,0.0006141507133462165
675.9166666666666,0.0001289611983847878
676.0,0.00013361376981727577
676.0833333333333,0.0005270258199897163
676.1666666666666,0.0007314735080991568
676.25,0.00025866118133723286
676.3333333333333,0.000307233861704775
676.4166666666666,0.00029437520008335693
676.5,0.0003007411765120793
676.5833333333333,0.0004904174144276176
676.6666666666666,0.0006193195643538653
676.75,0.0003467427088181034
676.8333333333333,0.0003071494082266069
676.9166666666666,0.0002914539224832997
677.0,0.0006524955287157309
677.0833333333333,0.0002435929236189847
677.1666666666666,0.00023919807124231113
677.25,0.00024694538203205827
677.3333333333333,0.0007097779243025117
677.4166666666666,0.0006044691420855166
677.5,0.00032706353178913616
677.5833333333333,0.0004860036703530832
677.6666666666666,0.00047178623925733364
677.75,0.0004301811661342635
677.8333333333333,8.341899828431717e-05
677.9166666666666,9.508521646357679e-05
678.0,0.00022859654891079143
678.0833333333333,0.00028565080902000196
678.1666666666666,0.0004366774984522435
678.25,0.0003383583245914504
678.3333333333333,0.000366910038332533
678.4166666666666,0.0003417646665559305
678.5,0.00048089655491972234
678.5833333333333,0.000657369181280764
678.6666666666666,0.00013330202658685936
678.75,0.00039651694342599956
678.8333333333333,0.000536524365402181
678.9166666666666,0.0008029182639591797
679.0,0.0006818286185305786
679.0833333333333,0.0001784246594605088
679.1666666666666,7.915691084508845e-05
679.25,0.0008234903697362986
679.3333333333333,0.0013066106587830432
679.4166666666666,0.0008101666075630699
679.5,0.00047049401618072035
679.5833333333333,0.0005140181983509807
679.6666666666666,0.0005919992463300855
679.75,0.0004962243172252448
679.8333333333333,0.0008412367440309154
679.9166666666666,0.0004735109202496539
680.0,0.0001843697826337158
680.0833333333333,0.0003988405604120456
680.1666666666666,0.0005613034663701673
680.25,0.00012604898290322037
680.3333333333333,0.0002572917411263386
680.4166666666666,9.833277947806271e-05
680.5,0.000580558031603849
680.5833333333333,0.0001644174057777039
680.6666666666666,0.0003107543206441397
680.75,0.000592056796702957
680.8333333333333,0.000929618764469052
680.9166666666666,0.0004762604959569039
681.0,0.00035766465356968947
681.0833333333333,0.0002512412922299833
681.1666666666666,0.00030006473764361156
681.25,0.0005870604338471825
681.3333333333333,0.0006561704943191312
681.4166666666666,0.00024334344662594497
681.5,0.0005678212085570379
681.5833333333333,0.0008605314108104688
681.6666666666666,0.0007482875154113628
681.75,0.0003100346202460018
681.8333333333333,0.00039721356107046135
681.9166666666666,0.00025185273450064835
682.0,0.00037783138982117184
682.0833333333333,0.00031432296995866565
682.1666666666666,0.00039496633570619945
682.25,0.0008431956711806492
682.3333333333333,0.00022103569079458472
682.4166666666666,0.00034991888381851946
682.5,0.0001984875949180267
682.5833333333333,0.00028904539573242077
682.6666666666666,0.00014957710703881943
682.75,0.0003619288040246571
682.8333333333333,0.00023802174670252614
682.9166666666666,0.00015033355461145924
683.0,0.0002940207576524331
683.0833333333333,0.00030486464661183934
683.1666666666666,0.0002797296152825598
683.25,0.0007046076755379529
683.3333333333333,0.0008313091882883055
683.4166666666666,0.00045032199333915486
683.5,0.0013977647514860684
683.5833333333333,0.0014751842415257823
683.6666666666666,0.0004864770886022217
683.75,0.0011216139053056638
683.8333333333333,0.0010804016914650251
683.9166666666666,0.00032538576210072875
684.0,0.0007281781270423375
684.0833333333333,0.000948390536883759
684.1666666666666,0.000742064445235659
684.25,0.00046726478097863664
684.3333333333333,0.0002633827687083433
684.4166666666666,0.00020694573439300316
684.5,0.00012988058117310375
684.5833333333333,0.00014889120204798125
684.6666666666666,0.00020897912087596728
684.75,0.00015377986943991337
684.8333333333333,0.0002531272050344282
684.9166666666666,0.0003768438981404235
685.0,0.0008368655012868885
685.0833333333333,0.0005114403778309455
685.1666666666666,4.300436140414981e-05
685.25,0.00031031436323547914
685.3333333333333,0.0001921576900508192
685.4166666666666,0.0002933881126867671
685.5,0.0008140062695399782
685.5833333333333,0.0002964029111408698
685.6666666666666,0.00011890178036911832
685.75,0.00020021207163421412
685.8333333333333,0.00016330340799902343
685.9166666666666,0.000662158191814002
686.0,0.0010395231133095385
686.0833333333333,0.0008199148793035185
686.1666666666666,0.0009527005312825246
686.25,0.0006873618355500329
686.3333333333333,0.00019952910483730227
686.4166666666666,0.0005190421485788539
686.5,0.0003731406499419146
686.5833333333333,0.00020140160974663337
686.6666666666666,0.00020948041422781455
686.75,0.0007072981984455187
686.8333333333333,0.0007249175083820463
686.9166666666666,0.0006982226411199285
687.0,0.0003203826919451733
687.0833333333333,0.0004260920675728911
687.1666666666666,0.0003173625199177994
687.25,0.00033079106371361987
687.3333333333333,0.0005102317253053956
687.4166666666666,0.0003248310166522401
687.5,0.0004599656369619378
687.5833333333333,0.00024905365056655327
687.6666666666666,0.00029006511761302825
687.75,0.0002640024177214958
687.8333333333333,0.0006486205843386257
687.9166666666666,0.000473320793131747
688.0,0.0003274551607234446
688.0833333333333,0.0006908334324494173
688.1666666666666,0.000654228340596267
688.25,0.0004275646993141823
688.3333333333333,0.0001330716042868054
688.4166666666666,4.991832240478232e-05
688.5,0.00046979168329284185
688.5833333333333,0.00024076196701145928
688.6666666666666,0.0005882150419243882
688.75,0.000670917476235692
688.8333333333333,0.0006237939693142914
688.9166666666666,0.0006744326649577961
689.0,0.0003154694618977579
689.0833333333333,0.0004909737884788219
689.1666666666666,0.00020695156033175978
689.25,0.00013211532764729125
689.3333333333333,0.00026724618789598714
689.4166666666666,0.000197234802299366
689.5,0.000883732528001658
689.5833333333333,0.0008712374766082101
689.6666666666666,0.00022737609349000065
689.75,0.00031889154587230837
689.8333333333333,0.00023806935167068456
689.9166666666666,0.0002088742608381717
690.0,0.0006039251187685316
690.0833333333333,0.0006503528020536757
690.1666666666666,0.00040784710422527877
690.25,0.0003585116109815683
690.3333333333333,0.0005683018487256726
690.4166666666666,0.0006227849454329412
690.5,0.0002921456522390838
690.5833333333333,0.00015869061994737573
690.6666666666666,0.0005044606607381671
690.75,0.0010398069977006887
690.8333333333333,0.0008348779829966158
690.9166666666666,0.00025379251636218513
691.0,0.0004735191816323996
691.0833333333333,0.00038315882718320234
691.1666666666666,0.0004443033086827374
691.25,0.0005208410743284077
691.3333333333333,0.0004596245910552889
691.4166666666666,0.00022091250210338434
691.5,0.0005661552066517653
691.5833333333333,0.0011096373219165166
691.6666666666666,0.0008255577920046092
691.75,0.0001254833007214366
691.8333333333333,0.0003122286331373145
691.9166666666666,0.0004801409788469884
692.0,0.00042311181848640386
692.0833333333333,0.0003251003365858733
692.1666666666666,0.00018604599672654676
692.25,0.00023826365620015908
692.3333333333333,0.0003525826141039619
692.4166666666666,0.0004502947402094431
692.5,0.0005862557949414466
692.5833333333333,0.000362979891409525
692.6666666666666,0.0010444593735451598
692.75,0.0010750759750013255
692.8333333333333,0.000746140626018999
692.9166666666666,0.00017338492220680715
693.0,0.0003404702815257111
693.0833333333333,0.00033773328548737685
693.1666666666666,0.0004197729701880625
693.25,0.0005460468258690429
693.3333333333333,0.0004923558061601633
693.4166666666666,0.0007328087223701217
693.5,0.001228884878803625
693.5833333333333,0.0009948505929653312
693.6666666666666,0.00021516931864407507
693.75,0.00026723518634450894
693.8333333333333,0.000397520962997319
693.9166666666666,0.0002874864042044773
694.0,0.00012727629119332914
694.0833333333333,0.00027155388231984924
694.1666666666666,0.00034575741561000656
694.25,0.00034829477425953796
694.3333333333333,0.0006475966439275853
694.4166666666666,0.0007743044588756997
694.5,0.0008269682877678308
694.5833333333333,0.0006738308707176261
694.6666666666666,0.0006238428383617344
694.75,0.0003844398002007236
694.8333333333333,0.00031012907709257616
694.9166666666666,0.0007421921048825408
695.0,0.0009144699484871406
695.0833333333333,0.0009993101212828215
695.1666666666666,0.0007239795643310679
695.25,0.0006442502012972081
695.3333333333333,0.000547189759107112
695.4166666666666,0.00045779550538731874
695.5,0.00042553025441357075
695.5833333333333,0.00031269745366247414
695.6666666666666,0.0005556128206345095
695.75,0.0006613387108021672
695.8333333333333,0.0007687060533625165
695.9166666666666,0.0005348353676829147
696.0,0.0001619308151286343
696.0833333333333,0.0009101337992496847
696.1666666666666,0.0008817312588001598
696.25,0.00038720680832752744
696.3333333333333,0.0005527861860173766
696.4166666666666,0.0005156430700849032
696.5,0.0005786964233226245
696.5833333333333,0.0007458587455608678
696.6666666666666,0.0010450901613152505
696.75,0.0007290552519951492
696.8333333333333,0.00028526133119338064
696.9166666666666,0.00033895090617635723
697.0,0.0009287242000070509
697.0833333333333,0.0009065247004767427
697.1666666666666,0.0003008266422973788
697.25,0.00016018030223021563
697.3333333333333,0.00045837632313269945
697.4166666666666,0.000484120364528994
697.5,0.00018868029076280155
697.5833333333333,0.00025589821477497185
697.6666666666666,0.0007916050535607142
697.75,0.0010000895887386345
697.8333333333333,0.0006926915660199942
697.9166666666666,0.00047903189285553293
698.0,0.0003013681838967425
698.0833333333333,0.0006160944461705765
698.1666666666666,0.0008658110000148404
698.25,0.00023534978931342914
698.3333333333333,0.0007891690674129251
698.4166666666666,0.0012542469294514714
698.5,0.0010992588129376197
698.5833333333333,0.0003417742597401029
698.6666666666666,0.000506113207090437
698.75,0.000522306653655999
698.8333333333333,0.00012907816977171323
698.9166666666666,0.00039786829868992577
699.0,0.00017205204594597067
699.0833333333333,0.0005886430031946001
699.1666666666666,0.00046550572182262084
699.25,6.731110287178662e-05
699.3333333333333,0.00026450714587375213
699.4166666666666,0.0002847126059696912
699.5,0.0005802883441210462
699.5833333333333,0.00013067138840754661
699.6666666666666,0.0006008675981652201
699.75,0.000568893367819017
699.8333333333333,0.0007116032957696076
699.9166666666666,0.0006637767333011142
700.0,0.0009085784512918573
700.0833333333333,0.0010929208189559404
700.1666666666666,0.0004042838653016224
700.25,0.0003904963994728333
700.3333333333333,0.0003242718321411933
700.4166666666666,0.00032261248488105773
700.5,0.0006135417117261943
700.5833333333333,0.0009117364545099846
700.6666666666666,0.0008509135602842623
700.75,0.0004578823941938504
700.8333333333333,0.00042557823846540673
700.9166666666666,0.0004053457656481798
701.0,0.00014320042272498187
701.0833333333333,0.0004783405979187633
701.1666666666666,0.00010378065536843778
701.25,0.0006960601172204907
701.3333333333333,0.0008110562687251072
701.4166666666666,0.00047197782934985127
701.5,0.0001093409047403566
701.5833333333333,0.0003391031809722028
701.6666666666666,0.0003131892879897239
701.75,0.00010130934095313575
701.8333333333333,0.00019544126857528728
701.9166666666666,0.00027916841030469684
702.0,0.0006606770762782326
702.0833333333333,0.0008543130103306953
702.1666666666666,0.0005287377347996699
702.25,0.00034298361327328686
702.3333333333333,0.0010702754637582788
702.4166666666666,0.0012311830780649992
702.5,0.0008196173767725688
702.5833333333333,0.000568065649754874
702.6666666666666,0.0005314929017276826
702.75,0.0001931047084048224
702.8333333333333,0.0004828128897918289
702.9166666666666,5.403344688459767e-05
703.0,0.0005152059197023884
703.0833333333333,0.00035518730375266194
703.1666666666666,0.00017109906037572248
703.25,0.00029949391039555583
703.3333333333333,0.00032573793742707497
703.4166666666666,0.0005796289323290273
703.5,0.0005685288328994649
703.5833333333333,0.0004614748785447907
703.6666666666666,0.0004356003306593655
703.75,0.00018245625358924927
703.8333333333333,0.00019871138962268352
703.9166666666666,0.0003466707167242797
704.0,0.00027590158139832656
704.0833333333333,6.16241040951494e-05
704.1666666666666,0.00048340190566585877
704.25,0.0007094011790796682
704.3333333333333,0.0008554586129824931
704.4166666666666,0.000675502251106178
704.5,6.380882752600144e-05
704.5833333333333,0.0001866451814141105
704.6666666666666,0.00018457612374774186
704.75,0.00031393293591778165
704.8333333333333,0.00011464204637796427
704.9166666666666,0.00027418864336725414
705.0,0.00021412118212914654
705.0833333333333,0.000527878882603158
705.1666666666666,0.0001338771341123634
705.25,0.00034166084800557595
705.3333333333333,0.0005510468741550108
705.4166666666666,0.00046510449426773724
705.5,0.0005366595275111288
705.5833333333333,0.000928560083753483
705.6666666666666,0.0007051187762573498
705.75,0.0003597177626666865
705.8333333333333,0.00013652634609441884
705.9166666666666,3.69453731158025e-05
706.0,0.000555426695451557
706.0833333333333,0.000761907946780701
706.1666666666666,0.0008440351160243429
706.25,0.00033499491002663534
706.3333333333333,0.0005671486466720718
706.4166666666666,0.00036393149478884077
706.5,0.0005520174846335669
706.5833333333333,0.0007974066135520177
706.6666666666666,0.0006789104493347836
706.75,0.0005627362276743674
706.8333333333333,0.0007195639973576042
706.9166666666666,0.00078681959837943
707.0,0.0001454331163120412
707.0833333333333,0.0005584651489601584
707.1666666666666,0.0007365497585363023
707.25,0.00031743333953980534
707.3333333333333,0.0003859584197067191
707.4166666666666,0.0004333960406694827
707.5,0.000310577975164404
707.5833333333333,0.0004602584206510166
707.6666666666666,0.00022311296886063018
707.75,0.00021056008023460484
707.8333333333333,0.0001595937668382444
707.9166666666666,0.0003635987898489112
708.0,0.00034652165893826807
708.0833333333333,0.0002035595764877458
708.1666666666666,0.0011257165612545022
708.25,0.001171143956963411
708.3333333333333,0.0005408557306996149
708.4166666666666,0.0006767834314610609
708.5,0.0006934595434058538
708.5833333333333,0.000434546470753628
708.6666666666666,0.00026980989058910645
708.75,5.5521414120204124e-05
708.8333333333333,0.0003738621091820485
708.9166666666666,0.0006650930455644236
709.0,0.0006002869406954768
709.0833333333333,0.0006576183225804407
709.1666666666666,0.0008148402632815601
709.25,0.00046213643664648447
709.3333333333333,0.00047642953969767745
709.4166666666666,0.00021978511183747145
709.5,0.000529864477512081
709.5833333333333,0.00040505536632069614
709.6666666666666,0.0001557616894313134
709.75,0.0005317378263586663
709.8333333333333,0.0007004142927964306
709.9166666666666,0.00034630327493243165
710.0,0.00036392860404484183
710.0833333333333,0.00044465950788809955
710.1666666666666,0.0002811622340436233
710.25,0.00028113059479268216
710.3333333333333,0.0005186781975351673
710.4166666666666,0.0006171141668971879
710.5,0.00036536376724919506
710.5833333333333,7.046226826564901e-05
710.6666666666666,0.0006167514583450087
710.75,0.0007800084248661764
710.8333333333333,0.0006222359648665878
710.9166666666666,0.000290116894309951
711.0,0.000404257335712621
711.0833333333333,0.00012458607044362035
711.1666666666666,0.00019664172293957247
711.25,0.0006814311176114287
711.3333333333333,0.0006267989418326846
711.4166666666666,0.0009506583171353351
711.5,0.0009348710120582503
711.5833333333333,0.00037158965588871494
711.6666666666666,0.00044400964374421455
711.75,0.0005090778392988169
711.8333333333333,0.000294895221971093
711.9166666666666,0.0003736698508135621
712.0,0.00039772457852000487
712.0833333333333,0.00017642157672015932
712.1666666666666,0.0006879140615237412
712.25,0.0011161144536855395
712.3333333333333,0.0008818183303420208
712.4166666666666,0.000691907685808099
712.5,0.00059636456796037
712.5833333333333,0.00045897629436500534
712.6666666666666,0.00033408734316255463
712.75,0.0003932137429311196
712.8333333333333,0.0005872502295438723
712.9166666666666,0.00025658970220158593
713.0,0.0005054473869977399
713.0833333333333,0.00015741142566002046
713.1666666666666,0.00040064935229743205
713.25,0.0002600160418188674
713.3333333333333,0.00045301111078821586
713.4166666666666,0.00014052769449167632
713.5,0.0001870870435200275
713.5833333333333,0.00016464305131067242
713.6666666666666,0.0003898105483417723
713.75,0.0004210592157317104
713.8333333333333,0.00035850364602904605
713.9166666666666,0.00022454685167750264
714.0,0.0004006777294979383
714.0833333333333,0.00014127646840257925
714.1666666666666,9.735498083542106e-05
714.25,0.0001654300696424442
714.3333333333333,0.0003861602534418547
714.4166666666666,0.0006481248383984313
714.5,0.00023943236370493437
714.5833333333333,0.00024735684035280796
714.6666666666666,0.00023462638034263606
714.75,0.00039924526508140643
714.8333333333333,0.0005403231364127883
714.9166666666666,0.0005047732142896129
715.0,0.0005756479446201552
715.0833333333333,0.000284159947838105
715.1666666666666,0.0004955598168162758
715.25,0.0007023795531405215
715.3333333333333,0.0006165525784275586
715.4166666666666,0.00031198957841840945
715.5,8.547805141577402e-05
715.5833333333333,8.017790688681799e-05
715.6666666666666,0.0004933980876379686
715.75,0.0009565571531196825
715.8333333333333,0.0008693986083338405
715.9166666666666,0.0003492231288862932
716.0,0.0003780989278840703
716.0833333333333,0.0005617102920948787
716.1666666666666,0.0004878094417172345
716.25,0.0015212083487805806
716.3333333333333,0.0015832777141893493
716.4166666666666,0.0007143425215594679
716.5,0.00038062493588606757
716.5833333333333,0.000389274586463467
716.6666666666666,0.0002011551214927072
716.75,0.0007228622741770599
716.8333333333333,0.0007041023165948868
716.9166666666666,6.5563911344184e-05
717.0,0.00017989223568150707
717.0833333333333,0.00038759586584785513
717.1666666666666,0.0002935075041367013
717.25,0.0005542620304841528
717.3333333333333,0.0005462271361121443
717.4166666666666,0.00020787000438687284
717.5,0.00036455300321134383
717.5833333333333,0.0007378308817001185
717.6666666666666,0.00046786425920358223
717.75,0.00028028343027878134
717.8333333333333,0.00063060138244856
717.9166666666666,0.0004644775293875623
718.0,0.0002692194764399163
718.0833333333333,0.0005784269727876005
718.1666666666666,0.0004380620599551025
718.25,0.0005202502263738781
718.3333333333333,0.0003592538619414994
718.4166666666666,0.0007136240552826788
718.5,0.000600589833901381
718.5833333333333,0.0003557519190006935
718.6666666666666,0.0004840373232827374
718.75,0.0006687694131575819
718.8333333333333,0.0006264885938443678
718.9166666666666,0.0004674245479080943
719.0,0.00034694631257982053
719.0833333333333,0.0001917172574581145
719.1666666666666,0.00017208599976355888
719.25,0.0003208342823176163
719.3333333333333,0.0003340314315718934
719.4166666666666,0.00038082423962693086
719.5,0.0004042667682232771
719.5833333333333,0.0007076553246384204
719.6666666666666,0.0003855079823996025
719.75,0.0004383412132066471
719.8333333333333,0.00041356582168605987
719.9166666666666,0.00027222595078519565
720.0,0.00029602945960218656
720.0833333333333,0.0003596813917966138
720.1666666666666,0.0005972665311740895
720.25,0.0006410931184630918
720.3333333333333,0.00046425673318507946
720.4166666666666,0.000535702005680812
720.5,0.0004825563232931866
720.5833333333333,0.0006465952399330043
720.6666666666666,0.000735546304922402
720.75,0.0008375360500151981
720.8333333333333,0.0009108340066084347
720.9166666666666,0.0008919042645722903
721.0,0.0005006437430103415
721.0833333333333,0.00040072051057716575
721.1666666666666,0.000703648828932942
721.25,0.0005947601480140687
721.3333333333333,0.00037575332595837416
721.4166666666666,0.00035485444388178743
721.5,0.0002869674959797352
721.5833333333333,0.0004421124061046452
721.6666666666666,0.0004940304561030146
721.75,0.00035529243228233303
721.8333333333333,0.0001278122042646148
721.9166666666666,0.0004197475929503946
722.0,0.0005970313240401619
722.0833333333333,0.0005711356611462778
722.1666666666666,0.00031271016214968664
722.25,0.00048198449999777953
722.3333333333333,0.0004592580095871881
722.4166666666666,0.00011385821845868915
722.5,0.0001993283865694601
722.5833333333333,0.00032675231892490453
722.6666666666666,0.0006458294202055799
722.75,0.0008105017216435514
722.8333333333333,0.000376518620706345
722.9166666666666,0.00029841575276188506
723.0,0.00032399939869916434
723.0833333333333,0.00040417206227234793
723.1666666666666,0.0004635274202597486
723.25,0.0002450980426377771
723.3333333333333,0.00011106148605935101
723.4166666666666,0.0004657606984962894
723.5,0.00032761241574397594
723.5833333333333,0.00025072112824288314
723.6666666666666,0.0002770457162535796
723.75,0.0005615901087726202
723.8333333333333,0.000682749172173566
723.9166666666666,0.00030541936261731267
724.0,0.00043362911522027326
724.0833333333333,0.00036933162345269207
724.1666666666666,0.0002502462131245764
724.25,6.272035289623217e-05
724.3333333333333,0.00034603842584647804
724.4166666666666,0.0005882499950335867
724.5,0.0006107903196490165
724.5833333333333,0.0008112220851423106
724.6666666666666,0.0009228390636713745
724.75,0.0008330841921365409
724.8333333333333,0.0011618629485079372
724.9166666666666,0.001094587394000217
725.0,0.0008060396013821607
725.0833333333333,0.0007959607443479994
725.1666666666666,0.0007468466447876549
725.25,0.0002638957591118035
725.3333333333333,0.0003150356489905818
725.4166666666666,0.00033886241187360184
725.5,0.0007867542117163312
725.5833333333333,0.0006048060908455632
725.6666666666666,0.00026878555120417015
725.75,0.0006052055390368974
725.8333333333333,0.000610497577576066
725.9166666666666,0.0004706744798955897
726.0,0.0004048799349374711
726.0833333333333,0.00043248361192877984
726.1666666666666,0.0002163802248539591
726.25,0.0002865598081717928
726.3333333333333,0.00026838427779704853
726.4166666666666,0.0004833385422306574
726.5,0.0003561097879509004
726.5833333333333,0.00033470513170737534
726.6666666666666,0.000227499862507952
726.75,0.0004294244094203047
726.8333333333333,0.0006531961465354867
726.9166666666666,0.0007831080048518436
727.0,0.0008229368985457683
727.0833333333333,0.00047347015119116726
727.1666666666666,0.00020403478573800894
727.25,9.212751257574003e-05
727.3333333333333,0.00027703707571859247
727.4166666666666,0.00046284881005491065
727.5,0.0008123318955734745
727.5833333333333,0.00031652612969264326
727.6666666666666,0.0008797729186126533
727.75,0.0006457468863480123
727.8333333333333,0.00041315751212708574
727.9166666666666,0.0004940946093246322
728.0,0.000382721516460114
728.0833333333333,9.990600721798835e-05
728.1666666666666,0.0005885045941440208
728.25,0.00031444183653165405
728.3333333333333,0.0005621528019585409
728.4166666666666,0.00019809226940318037
728.5,0.00025928309568372734
728.5833333333333,0.0006511015916313888
728.6666666666666,0.0003214654834240194
728.75,0.00023928390728127376
728.8333333333333,3.0426668421091202e-05
728.9166666666666,0.0002459659876170801
729.0,0.00011180881304374555
729.0833333333333,0.00023557350311945982
729.1666666666666,0.00017073876881496257
729.25,0.0007016009673572592
729.3333333333333,0.00042721847670738097
729.4166666666666,0.00037189272621721746
729.5,0.00018808834416793232
729.5833333333333,7.330505807480696e-05
729.6666666666666,0.00023829144281497977
729.75,0.0003059823221677096
729.8333333333333,0.0005583400275250606
729.9166666666666,0.00013430900692554338
730.0,0.0006590188739041737
730.0833333333333,0.0009320218283713788
730.1666666666666,0.0009059982253021125
730.25,0.00010603069661483861
730.3333333333333,0.0004380338914730002
730.4166666666666,0.0006864529078525321
730.5,0.001108840110389699
730.5833333333333,0.0009928766621199545
730.6666666666666,0.000593015403997681
730.75,0.00043916430773738427
730.8333333333333,0.0003229202126683275
730.9166666666666,0.00038393454661702606
731.0,0.000872848942554896
731.0833333333333,0.00037481448320111807
731.1666666666666,0.0006924056254119218
731.25,0.0005335164164068
731.3333333333333,0.0007479527502913446
731.4166666666666,0.0007590973433622266
731.5,0.00024004025101995925
731.5833333333333,0.000446890263791834
731.6666666666666,7.45918485520984e-05
731.75,0.00011699073650914809
731.8333333333333,0.00015397720669431996
731.9166666666666,0.00017728260146205997
732.0,0.0003622550716216576
732.0833333333333,0.0004948525511531666
732.1666666666666,0.0007027121056964538
732.25,0.0005842576244184146
732.3333333333333,0.0003791119731351728
732.4166666666666,0.0006090613071488883
732.5,0.0005712387339925488
732.5833333333333,0.0007071273126459063
732.6666666666666,0.0005648826631287407
732.75,0.00022704756294824466
732.8333333333333,0.00039983601839058304
732.9166666666666,0.0006380096515453157
733.0,0.000592369936069764
733.0833333333333,0.0009289228095548382
733.1666666666666,0.0009321611864396737
733.25,0.0006678482316697044
733.3333333333333,0.0005793160758999505
733.4166666666666,9.964948975755724e-05
733.5,0.0002667184609498889
733.5833333333333,0.0004421561071533008
733.6666666666666,0.0003863159769428282
733.75,0.0006304850297855121
733.8333333333333,0.0007862732057357905
733.9166666666666,0.000637681897911221
734.0,0.00027374989673686364
734.0833333333333,0.00029442331951524026
734.1666666666666,0.0005568858620110854
734.25,0.0006045701976937304
734.3333333333333,0.0005186951726576509
734.4166666666666,2.4238257903033003e-05
734.5,7.364765941041052e-05
734.5833333333333,0.00033099147737587986
734.6666666666666,0.00026000307240776736
734.75,0.0003544014726492833
734.8333333333333,0.0006258102819514664
734.9166666666666,0.0006657009102423935
735.0,0.0008846034432936868
735.0833333333333,0.0007385600813863038
735.1666666666666,0.000772198349258041
735.25,0.00019201631829804356
735.3333333333333,0.0003841566226801147
735.4166666666666,0.0005817664338511932
735.5,0.00048010895058089804
735.5833333333333,0.0003764282541864757
735.6666666666666,0.0006724129918829107
735.75,0.0004429946146569309
735.8333333333333,0.0004046356807403019
735.9166666666666,0.0004984994080910906
736.0,0.00021148087474813252
736.0833333333333,0.0006910629346835606
736.1666666666666,0.0007595105508549507
736.25,0.0006755013722303488
736.3333333333333,0.0004555688135501309
736.4166666666666,0.000774375758102925
736.5,0.0008114910639880759
736.5833333333333,0.00015063640431230998
736.6666666666666,0.0004515842289070675
736.75,0.0007586254646306487
736.8333333333333,0.0007139500341616434
736.9166666666666,0.0003984380749736485
737.0,0.0005662050087572484
737.0833333333333,0.0008229164227178796
737.1666666666666,0.00022078367104515497
737.25,0.000704773674721718
737.3333333333333,0.0003570930570706056
737.4166666666666,0.0004161460958024105
737.5,0.0002445425393477382
737.5833333333333,0.00042240340564418444
737.6666666666666,0.0007515160776352227
737.75,0.0007532365102608401
737.8333333333333,0.0004182195133814332
737.9166666666666,0.0007001483174833365
738.0,0.0001255013567910647
738.0833333333333,0.0006544800086317313
738.1666666666666,0.0007815053335876546
738.25,0.0006391665229450859
738.3333333333333,0.0002705700773764342
738.4166666666666,0.00033935871499156443
738.5,0.0005183814842065044
738.5833333333333,0.0005141579648265299
738.6666666666666,0.00048405752071659975
738.75,0.00010680676784853736
738.8333333333333,0.00040593633509966565
738.9166666666666,0.0005287126209875778
739.0,0.0006652227109739954
739.0833333333333,0.0006337440462814907
739.1666666666666,0.000631058825893059
739.25,0.0006267398669376173
739.3333333333333,0.0003072454278916467
739.4166666666666,0.0006083710849642128
739.5,0.0004548112243956949
739.5833333333333,0.0007307036736311071
739.6666666666666,0.00016105594716327553
739.75,0.0003638480410579992
739.8333333333333,0.0003597923384117858
739.9166666666666,0.000188521689650263
740.0,0.0006498114824626145
740.0833333333333,0.0007085178607903136
740.1666666666666,0.0004688731260251539
740.25,0.00047136554879214607
740.3333333333333,0.00047785465439448407
740.4166666666666,0.00024776845463353757
740.5,0.00048555975680673934
740.5833333333333,0.0009158280487636415
740.6666666666666,0.0008474878195399808
740.75,0.0005847675489249148
740.8333333333333,0.0005091074398514532
740.9166666666666,0.00018386972115084325
741.0,0.00025216596362513915
741.0833333333333,0.0004254651687804878
741.1666666666666,0.0003208081073546379
741.25,0.0005785412142906413
741.3333333333333,0.000471277473623587
741.4166666666666,0.00019023778467034132
741.5,0.00027704336941498903
741.5833333333333,0.0003714608821512733
741.6666666666666,0.0003854345978563422
741.75,0.0003607539525629181
741.8333333333333,0.0005799956899358771
741.9166666666666,0.00033795296971516383
742.0,0.00011588484301289619
742.0833333333333,0.0004402593145372156
742.1666666666666,0.0006207156078568478
742.25,0.00044938732727847866
742.3333333333333,0.00011775202637070395
742.4166666666666,0.00041214572588633936
742.5,0.0004887369379028578
742.5833333333333,0.0005235296068608127
742.6666666666666,0.00019226399986047512
742.75,0.00032004826495983106
742.8333333333333,0.0007758576905835494
742.9166666666666,0.0008968740208690562
743.0,0.0005645586552729331
743.0833333333333,0.00028142302909882073
743.1666666666666,0.000682976935504364
743.25,0.0009532560916753657
743.3333333333333,0.0006544007766793739
743.4166666666666,0.0004384400628667366
743.5,9.426189473350186e-05
743.5833333333333,0.0005236096786086277
743.6666666666666,0.0006385685127644654
743.75,0.0004980577966833603
743.8333333333333,0.00017771600038976544
743.9166666666666,0.00019851757440972508
744.0,0.0005151396778262957
744.0833333333333,0.0004363499590576423
744.1666666666666,0.0004875987879624053
744.25,0.0006981144724550282
744.3333333333333,0.00042010077319590527
744.4166666666666,0.000376604978682075
744.5,0.0004543778995395927
744.5833333333333,0.00042412467523914396
744.6666666666666,0.0002277847646648299
744.75,0.00014170532009743158
744.8333333333333,0.00033480634949635687
744.9166666666666,0.0004390445667359318
745.0,0.000219781349903973
745.0833333333333,0.0004944001881064111
745.1666666666666,0.0006846149979166075
745.25,0.0006358095791413578
745.3333333333333,0.00046968249359104875
745.4166666666666,0.0010865723393387217
745.5,0.0005296569444118262
745.5833333333333,0.0003001208706869687
745.6666666666666,0.00025031818487494817
745.75,0.0009706559616663383
745.8333333333333,0.0011902787306146284
745.9166666666666,0.000644917309985062
746.0,0.00026106523232369164
746.0833333333333,0.0003351098396892512
746.1666666666666,0.0003518612483957908
746.25,0.00043084122788293903
746.3333333333333,0.000503223035803857
746.4166666666666,0.0005142103145698387
746.5,0.0003184096847656441
746.5833333333333,0.00019244388985941243
746.6666666666666,0.0007932820939528905
746.75,0.0007255434879854057
746.8333333333333,0.0002455029320388382
746.9166666666666,0.000562867606081649
747.0,0.0005535541305248385
747.0833333333333,6.633239663444777e-05
747.1666666666666,0.00018474343606105116
747.25,0.0001793738832952645
747.3333333333333,0.00014719031967412138
747.4166666666666,0.0002015468907144401
747.5,0.0003089352363882589
747.5833333333333,0.00016763855147954704
747.6666666666666,6.107492631152925e-05
747.75,0.0002760841364206683
747.8333333333333,9.31355914566428e-05
747.9166666666666,0.00044185743077425436
748.0,0.0006877700071708979
748.0833333333333,0.0008188577039776164
748.1666666666666,0.0006606379257272957
748.25,0.0004151748893414921
748.3333333333333,0.0006872731982385883
748.4166666666666,0.000596768658995923
748.5,0.0003400790895934709
748.5833333333333,0.0002311186222776948
748.6666666666666,0.00029373409277819515
748.75,0.0006663260051192473
748.8333333333333,0.0005988919885440831
748.9166666666666,0.0007018037387891665
749.0,0.0007652652758772974
749.0833333333333,0.0003518656183244987
749.1666666666666,0.00030871574833425815
749.25,0.00021181160886175012
749.3333333333333,0.00038609185804256747
749.4166666666666,0.0004218089160829236
749.5,0.0005958131304500231
749.5833333333333,0.0002963359960346482
749.6666666666666,0.0001720197101551156
749.75,0.0005578477519495435
749.8333333333333,0.0005135556891935447
749.9166666666666,0.00021150458555430445
750.0,0.00027614992692586793
750.0833333333333,0.00047522205566860473
750.1666666666666,0.00037566689059963547
750.25,0.0003231517081530277
750.3333333333333,0.00021727388577192752
750.4166666666666,0.0006838532390205838
750.5,0.0005620835554568728
750.5833333333333,0.00014852509883628856
750.6666666666666,0.0008665948650538428
750.75,0.000851304237827347
750.8333333333333,0.0005166390590341773
750.9166666666666,0.0002964513593807297
751.0,0.00010724510991851546
751.0833333333333,0.00011446628774911712
751.1666666666666,0.0001871198063874656
751.25,0.0006686160954860106
751.3333333333333,0.0008841807999389801
751.4166666666666,0.000862041105751008
751.5,0.0007518342700565847
751.5833333333333,0.00033588053723019543
751.6666666666666,0.0005952236066026328
751.75,0.00047995855385083634
751.8333333333333,0.00039890144715531165
751.9166666666666,7.629456512797241e-05
752.0,0.0003552522883134448
752.0833333333333,0.0002058520971341942
752.1666666666666,0.0001965164920665884
752.25,0.0004068751222972017
752.3333333333333,0.0004771406714773461
752.4166666666666,0.0003524424275888503
752.5,0.0003281000656303337
752.5833333333333,0.00021069993195809998
752.6666666666666,0.00015953551722349983
752.75,0.0003890312337602769
752.8333333333333,0.0005890720595204671
752.9166666666666,0.0008099391827180568
753.0,0.0004968214106199756
753.0833333333333,0.00022108424136717232
753.1666666666666,0.0003661024570569248
753.25,0.0003888134386642963
753.3333333333333,0.0008794417767298105
753.4166666666666,0.0009499418582684899
753.5,0.0004872192276709041
753.5833333333333,0.0005812669870282756
753.6666666666666,0.00033218884482779374
753.75,0.0005616777906663582
753.8333333333333,0.00043689384879913985
753.9166666666666,0.00043274753388110955
754.0,0.00046703562294321847
754.0833333333333,0.0004739442541049826
754.1666666666666,0.0005309583728142017
754.25,0.000544173993026587
754.3333333333333,0.00020678146858581426
754.4166666666666,0.0010577762442068584
754.5,0.0007875134028768756
754.5833333333333,0.0003875875556810357
754.6666666666666,4.6414336320907606e-05
754.75,0.0005884423792297071
754.8333333333333,0.0006097968635934881
754.9166666666666,0.00023144099839117753
755.0,0.00044086743626484045
755.0833333333333,0.0005789178609308023
755.1666666666666,0.0005492247071364466
755.25,0.0005423657864907931
755.3333333333333,0.00024724461717206577
755.4166666666666,0.00015220139841130018
755.5,0.0003325282663440972
755.5833333333333,0.0010424873903020885
755.6666666666666,0.0009212082368619367
755.75,0.0006790013921304495
755.8333333333333,0.0005321640136321039
755.9166666666666,0.00018686495323064854
756.0,0.00015967926573170032
756.0833333333333,0.0007986880566104444
756.1666666666666,0.0009162328802660857
756.25,0.0008873547719968041
756.3333333333333,0.0007094311670939462
756.4166666666666,6.423068233041106e-05
756.5,0.00029709268404895257
756.5833333333333,0.0003112780024053246
756.6666666666666,0.00011557921996869903
756.75,0.000698423971688286
756.8333333333333,0.00032493828117021584
756.9166666666666,0.0006338054012833475
757.0,0.0005473599700939434
757.0833333333333,0.00022574657030858037
757.1666666666666,0.0007682936269094474
757.25,0.0006555839237781035
757.3333333333333,0.00011248966633909776
757.4166666666666,0.0007300722765822564
757.5,0.0003516499847294374
757.5833333333333,0.0005452432430414893
757.6666666666666,0.0008790868548898734
757.75,0.0005376461228533365
757.8333333333333,0.0004967412403925904
757.9166666666666,0.0005029712122431913
758.0,0.0005878081261531102
758.0833333333333,0.0007905659621674149
758.1666666666666,0.000409547603554433
758.25,0.0002807000425170368
758.3333333333333,0.00029511344422509964
758.4166666666666,0.0003217463213471277
758.5,0.0006324470632428882
758.5833333333333,0.001249786762210488
758.6666666666666,0.0009177621735921193
758.75,0.0006246956180967976
758.8333333333333,0.0007744930622072006
758.9166666666666,0.0002574136824679742
759.0,0.0002394929166092026
759.0833333333333,0.00048349005617647856
759.1666666666666,0.0003109395904839983
759.25,0.0005044478270178009
759.3333333333333,0.00020838552284485964
759.4166666666666,0.0006511450444717179
759.5,0.0005972012104569292
759.5833333333333,0.0007109325813108295
759.6666666666666,0.0006159178395625005
759.75,0.0002386014927369015
759.8333333333333,0.0005941323218978797
759.9166666666666,0.0005986752430267299
760.0,0.0009619847352221394
760.0833333333333,0.00030301732685062945
760.1666666666666,0.0007378419924037879
760.25,0.0005915126654782102
760.3333333333333,0.0006306000352398113
760.4166666666666,0.00014843274324015458
760.5,0.0002754550725707627
760.5833333333333,0.0007113368145345398
760.6666666666666,0.000868933816698622
760.75,0.0008350978061092794
760.8333333333333,0.0006957318270819305
760.9166666666666,0.0007117827136273058
761.0,0.0003003983013180881
761.0833333333333,0.00017270576624444525
761.1666666666666,0.0005767592775704014
761.25,0.0005350010054223541
761.3333333333333,0.00020992789534715733
761.4166666666666,0.00012885857937874716
761.5,0.00029257397528010127
761.5833333333333,0.0007273972771428309
761.6666666666666,0.0006878135678741982
761.75,0.0003876224682621723
761.8333333333333,0.0003173311214756573
761.9166666666666,0.0005734938960247497
762.0,0.0002557744419702515
762.0833333333333,0.0004589351469149442
762.1666666666666,0.00056238638524988
762.25,0.0005511862158972809
762.3333333333333,0.0005082164733500143
762.4166666666666,0.0003055047061447971
762.5,0.0002805883688342544
762.5833333333333,0.0004414657891969046
762.6666666666666,0.00022946073223297606
762.75,0.0005015049884237582
762.8333333333333,0.00023062617393062023
762.9166666666666,0.00024400016868290103
763.0,0.000506253086718908
763.0833333333333,0.0005916350655095177
763.1666666666666,3.9417672988217446e-05
763.25,0.0006842104088419526
763.3333333333333,0.0005126923337933202
763.4166666666666,0.0004601794809513315
763.5,0.00024055490677700637
763.5833333333333,0.0005161417737070031
763.6666666666666,0.0006365871955069035
763.75,0.0004708437478765249
763.8333333333333,0.00014487930359711592
763.9166666666666,0.00030058633088722917
764.0,0.0006031491384655672
764.0833333333333,0.0006690828332804077
764.1666666666666,0.0003439452054083433
764.25,0.0005352960228974939
764.3333333333333,0.00018161158720443122
764.4166666666666,0.0005802496789942541
764.5,0.0004962215108299095
764.5833333333333,0.00034114808768254687
764.6666666666666,0.0001743466909701907
764.75,0.0003210698189793798
764.8333333333333,0.0001257715004146671
764.9166666666666,0.00012883021512573244
765.0,0.000531535516448239
765.0833333333333,0.0007428342237198441
765.1666666666666,0.00043793754082213285
765.25,0.0002254842872126495
765.3333333333333,0.00038693800998413003
765.4166666666666,0.0006763443315604733
765.5,0.0005690006274764816
765.5833333333333,0.0002902980972014898
765.6666666666666,0.000231207199890557
765.75,0.0007017025943544604
765.8333333333333,0.0007854399076719786
765.9166666666666,0.0004140144931698994
766.0,0.0002296546039309503
766.0833333333333,0.00028617205302748665
766.1666666666666,0.00021464456050075028
766.25,0.00031017904102461133
766.3333333333333,0.0005598154647048234
766.4166666666666,0.0007224504371485686
766.5,0.00046859430565951215
766.5833333333333,8.921158893179196e-05
766.6666666666666,0.0005558599341138707
766.75,0.000792951720282419
766.8333333333333,0.0005708267425429941
766.9166666666666,0.00018278962676329655
767.0,0.00011873373995750964
767.0833333333333,0.00016331899964240262
767.1666666666666,0.0005167709395093273
767.25,0.0005903507517647523
767.3333333333333,0.0006212915601148972
767.4166666666666,0.000684380694984508
767.5,0.00032970739849288983
767.5833333333333,0.00040327405841550216
767.6666666666666,0.0008292803539081977
767.75,0.0004351207906213032
767.8333333333333,0.00039380835998160555
767.9166666666666,0.0003111097806516334
768.0,0.0005037424719684104
768.0833333333333,0.0006304237073416842
768.1666666666666,0.00014311795146233983
768.25,0.0001012043147108337
768.3333333333333,0.0002620440050429868
768.4166666666666,0.00016912634669301763
768.5,0.00017874932187499846
768.5833333333333,0.000584941686087528
768.6666666666666,0.00037077072552144715
768.75,9.579664681402972e-05
768.8333333333333,7.659811029758063e-05
768.9166666666666,0.0001387734929624886
769.0,0.00019933418941807634
769.0833333333333,0.0002693099630047794
769.1666666666666,0.00047847185268863455
769.25,0.000749933592092532
769.3333333333333,0.0004810365286659084
769.4166666666666,0.00020520282218333932
769.5,9.940016154296526e-05
769.5833333333333,6.5039081470092e-05
769.6666666666666,0.0001397267898276137
769.75,0.00019707290410307
769.8333333333333,0.00030142987749006453
769.9166666666666,0.00031459588724105377
770.0,0.0006777556530727886
770.0833333333333,0.0004196180627877469
770.1666666666666,0.0005316973518855108
770.25,0.0005663459939042448
770.3333333333333,0.0004820707589916952
770.4166666666666,0.0006863306879585519
770.5,0.0005398679659219415
770.5833333333333,0.00042988634924567056
770.6666666666666,0.0005567214020464126
770.75,0.0005350698205989526
770.8333333333333,0.0004575110424264961
770.9166666666666,0.0004367588468095468
771.0,0.00031584437068256713
771.0833333333333,0.00045452904922001154
771.1666666666666,0.0005172225414638565
771.25,0.0002341040944183057
771.3333333333333,0.0005574036483875681
771.4166666666666,0.00015399170808716073
771.5,0.0004278492712493358
771.5833333333333,0.00018874654291242855
771.6666666666666,0.0006064631083783455
771.75,0.0006670947850657625
771.8333333333333,0.000736171790812694
771.9166666666666,0.0005563889173856833
772.0,0.0003069275437566945
772.0833333333333,0.000503489698161757
772.1666666666666,0.00043121097463038704
772.25,0.00048654467699662103
772.3333333333333,0.00032926540479280537
772.4166666666666,0.0003536216520601411
772.5,0.0005062507447379284
772.5833333333333,0.0003567243062514134
772.6666666666666,0.00027680969213596203
772.75,0.0001661117392699184
772.8333333333333,0.0001607395204619934
772.9166666666666,0.00017260203443827772
773.0,0.0004672323340313212
773.0833333333333,0.0002345254300500782
773.1666666666666,0.0002578030375167397
773.25,0.0006683018991093658
773.3333333333333,0.000853563350035124
773.4166666666666,0.00028137218997278317
773.5,0.00020569650943831605
773.5833333333333,0.0003820720971612877
773.6666666666666,0.00028919473210623446
773.75,0.00021671354171133591
773.8333333333333,0.00042294951630484197
773.9166666666666,0.00017222221713496523
774.0,0.00010986365477856926
774.0833333333333,3.926955160699075e-05
774.1666666666666,0.0003452528858507063
774.25,0.00030156327618385
774.3333333333333,0.00026796754404869236
774.4166666666666,0.000705914286063063
774.5,0.0006701856599004788
774.5833333333333,0.0004983191481555534
774.6666666666666,4.0784449448012405e-05
774.75,0.0001885393973281459
774.8333333333333,0.0002999699973188118
774.9166666666666,0.0004644909867202585
775.0,0.00019761487178739093
775.0833333333333,0.00019234371682027104
775.1666666666666,0.0004441098843178907
775.25,0.0004437885629099412
775.3333333333333,0.00041375571949904647
775.4166666666666,0.0004752289477970322
775.5,0.00044267355294061613
775.5833333333333,0.0005816793824266192
775.6666666666666,0.0004352917465670312
775.75,0.00030810662176433695
775.8333333333333,0.00015778769804304047
775.9166666666666,0.00010015391441050184
776.0,0.00018743276603555727
776.0833333333333,0.0006200757641131584
776.1666666666666,0.0007741103553506488
776.25,0.0005235772765917851
776.3333333333333,0.00025417503603463603
776.4166666666666,0.0004204579456096052
776.5,0.0004384478419767642
776.5833333333333,0.00028431689619660733
776.6666666666666,0.0004162699136719226
776.75,0.0002984359886489115
776.8333333333333,0.0002569292302040127
776.9166666666666,0.0005032995740124237
777.0,0.000500585365420021
777.0833333333333,0.0004327782802767805
777.1666666666666,0.0005200324632238398
777.25,0.0004236113615558569
777.3333333333333,0.00024000171052852753
777.4166666666666,0.00037466145605488324
777.5,0.00032927984046772794
777.5833333333333,0.0002242802539547036
777.6666666666666,0.0008017445348311524
777.75,0.0006549912795625991
777.8333333333333,0.00013109672524029637
777.9166666666666,0.0005238658008126768
778.0,0.00010478350740506576
778.0833333333333,0.0006565462274225508
778.1666666666666,0.0002333393938616761
778.25,0.0005771367542747841
778.3333333333333,0.0001793316781444027
778.4166666666666,0.0006253111624460177
778.5,0.0005406797072098067
778.5833333333333,0.0002047593598392358
778.6666666666666,0.0001466001053607248
778.75,0.00023761048189760133
778.8333333333333,0.0004592453220660608
778.9166666666666,0.0005795119006168897
779.0,0.00046850446508181167
779.0833333333333,0.0005624161605467857
779.1666666666666,0.0003630308019929167
779.25,0.0002813587823274207
779.3333333333333,0.00021923215175327488
779.4166666666666,0.00015574998886973393
779.5,0.0006311738748952121
779.5833333333333,0.0010342555935118432
779.6666666666666,0.000504686259230164
779.75,0.00021151450038518695
779.8333333333333,0.0005801844676701483
779.9166666666666,0.0008515195683285277
780.0,0.0009473251404053156
780.0833333333333,0.0006070793997275042
780.1666666666666,0.0002307702386851014
780.25,0.00017805648013712573
780.3333333333333,0.00042262436047649953
780.4166666666666,0.00015151863018495878
780.5,0.0004328229311924043
780.5833333333333,0.0003835786388180437
780.6666666666666,0.0003912922327947659
780.75,0.0003421171306342378
780.8333333333333,0.00016336830990482858
780.9166666666666,0.00020530105035745913
781.0,0.00022311406302624127
781.0833333333333,0.0007969416860459728
781.1666666666666,0.0009645605540721718
781.25,0.0006021922786915209
781.3333333333333,0.0002908163029060745
781.4166666666666,0.0005428668343485474
781.5,0.000837101646470002
781.5833333333333,0.00011102941942462327
781.6666666666666,0.0001956949513788565
781.75,0.0005570940432134941
781.8333333333333,0.0008978510019253009
781.9166666666666,0.0007037722579863515
782.0,0.0005091608397012782
782.0833333333333,0.0005885176765704246
782.1666666666666,0.00027355992266335304
782.25,0.00030120647836115206
782.3333333333333,0.0001061040807597099
782.4166666666666,0.0003185488427155751
782.5,0.0006064734845967889
782.5833333333333,0.0005849873183945301
782.6666666666666,0.0001146560032076816
782.75,7.760886487042836e-05
782.8333333333333,0.0006541533432020312
782.9166666666666,0.0006780716681019145
783.0,0.0003082634877851871
783.0833333333333,0.00031311684918585326
783.1666666666666,0.00034385329554771106
783.25,0.000534694430027143
783.3333333333333,0.0002584666082234515
783.4166666666666,0.0006645611378972186
783.5,0.0005793909246995909
783.5833333333333,0.00039439746542039667
783.6666666666666,0.0006250454531320618
783.75,0.0005786594304238485
783.8333333333333,0.0004855872702358199
783.9166666666666,0.0002162234555586294
784.0,0.0009442703289497475
784.0833333333333,0.0005344324374205905
784.1666666666666,0.0004969782677400499
784.25,0.0005044473241817605
784.3333333333333,0.000673813614424669
784.4166666666666,0.0011053024162900181
784.5,0.0005522287285601196
784.5833333333333,0.0004888597486890615
784.6666666666666,0.0003918335919638225
784.75,0.0001949388071238511
784.8333333333333,0.0002018715556762199
784.9166666666666,0.0002894548226192625
785.0,0.0002835952605571671
785.0833333333333,0.0007285909604940346
785.1666666666666,0.00027850713108035013
785.25,0.0006072368470299394
785.3333333333333,0.0004321590768475503
785.4166666666666,0.0001522753478785375
785.5,0.00019004036274584957
785.5833333333333,0.00046591449529043274
785.6666666666666,0.000359276368182723
785.75,0.0007573444644363651
785.8333333333333,0.0006040032204465483
785.9166666666666,0.00048471922409348606
786.0,0.00039334788079096143
786.0833333333333,0.00020265729208022732
786.1666666666666,0.00014806697811444643
786.25,0.0001835644797180282
786.3333333333333,0.0003669094815564899
786.4166666666666,0.0007415960591198216
786.5,0.0007070675693697112
786.5833333333333,0.00035686635175292275
786.6666666666666,0.00014335381666552555
786.75,0.0007108953436355326
786.8333333333333,0.00045593705884444365
786.9166666666666,5.1123696957247576e-05
787.0,0.00023826889695682333
787.0833333333333,0.0007125875008994575
787.1666666666666,0.0010157350704905308
787.25,0.0005391736202525863
787.3333333333333,0.00033710607141313755
787.4166666666666,0.0004696542511035623
787.5,0.0006423220528236659
787.5833333333333,0.0001734233195433024
787.6666666666666,0.0002486585055669243
787.75,0.00026714382923205326
787.8333333333333,0.00034278799091608204
787.9166666666666,0.00010096221918503866
788.0,0.0004137130942194293
788.0833333333333,0.00024926383002111055
788.1666666666666,0.00044380240966472264
788.25,0.0005224990785115261
788.3333333333333,0.000673005004489929
788.4166666666666,0.00064855558230782
788.5,0.0003200920056214184
788.5833333333333,0.00026375094632026687
788.6666666666666,9.778659925843486e-05
788.75,0.0001644355226167288
788.8333333333333,0.0002873772824959674
788.9166666666666,0.0001085590233562352
789.0,0.0002451393600740684
789.0833333333333,0.00040992438653329283
789.1666666666666,0.0006961639222587284
789.25,0.0005798467366644456
789.3333333333333,0.00021096518015856338
789.4166666666666,0.0007604465246358923
789.5,0.0006535113927588623
789.5833333333333,0.00028798416073847534
789.6666666666666,0.0006705523028223005
789.75,0.00027538998486233217
789.8333333333333,0.0006587447039183459
789.9166666666666,0.0005441741872457832
790.0,0.00021175841324933806
790.0833333333333,0.0005669786272178924
790.1666666666666,0.0004959627184652116
790.25,0.0009854909365960166
790.3333333333333,0.0009272330629220084
790.4166666666666,0.00018824786185255978
790.5,0.0004044446298228646
790.5833333333333,0.0003442266708395269
790.6666666666666,0.00039189609448710486
790.75,0.0008966466698654594
790.8333333333333,0.00042793245738471404
790.9166666666666,0.0002046948601029736
791.0,0.00019395564325796604
791.0833333333333,0.00032948275756970925
791.1666666666666,0.0002474265880899738
791.25,0.00044256365468086495
791.3333333333333,0.00047154033989001143
791.4166666666666,0.0007140972796265068
791.5,0.0005870619436514602
791.5833333333333,0.0006447433213667435
791.6666666666666,0.0003502290155699045
791.75,0.0005042595483363891
791.8333333333333,0.00033879930384249487
791.9166666666666,0.0004518839155544782
792.0,0.00024234765849470905
792.0833333333333,0.0004356339480999552
792.1666666666666,0.0003913647289747692
792.25,0.0003447268347432558
792.3333333333333,6.0735623361544444e-05
792.4166666666666,0.00029407634883459104
792.5,0.00024350710828064
792.5833333333333,0.0005023919439284783
792.6666666666666,0.0007353100890982551
792.75,0.0003466231570223897
792.8333333333333,0.00022513486483661935
792.9166666666666,0.00025163479494942436
793.0,0.00020194651864686913
793.0833333333333,0.0003318324820156725
793.1666666666666,0.0006189441913026343
793.25,0.0002327954651648094
793.3333333333333,0.000685969115849035
793.4166666666666,0.0010773587030102722
793.5,0.0005778129481357096
793.5833333333333,0.00029996540333372267
793.6666666666666,0.0007961467560780197
793.75,0.0007263879199209805
793.8333333333333,0.0004697158274172671
793.9166666666666,0.0002632825877755065
794.0,0.0006845698681304137
794.0833333333333,0.00026271152396481197
794.1666666666666,0.0009418222191580667
794.25,0.0007476005784829944
794.3333333333333,0.0004160554883873532
794.4166666666666,0.0009631648241290812
794.5,0.0008397117405277004
794.5833333333333,0.0008042260606775781
794.6666666666666,0.0005724861767719379
794.75,0.00020591035800617179
794.8333333333333,0.0006672383387829621
794.9166666666666,0.0004323126368993294
795.0,0.0006151239706929963
795.0833333333333,0.00017868958383576377
795.1666666666666,0.000706746647039198
795.25,0.0011074485884275773
795.3333333333333,0.0007737502857519068
795.4166666666666,0.0003965367850010163
795.5,9.879665936975551e-05
795.5833333333333,0.00027168927237745716
795.6666666666666,0.0001401930960229474
795.75,0.00024163798559517137
795.8333333333333,0.0005247611992837997
795.9166666666666,0.0007530700492603441
796.0,0.000565691535095358
796.0833333333333,0.00021642015003006136
796.1666666666666,0.0002383096861506849
796.25,0.00024091565502130084
796.3333333333333,0.0002627919274454773
796.4166666666666,0.0006429995812065162
796.5,0.00024843621791481623
796.5833333333333,0.00036634665989837084
796.6666666666666,0.0003661235136769975
796.75,0.00033252539710037615
796.8333333333333,0.0005322963515249675
796.9166666666666,0.00047229411648990214
797.0,0.00045618018629971647
797.0833333333333,0.0004006700873635964
797.1666666666666,7.013244592944735e-05
797.25,0.0003494753806493125
797.3333333333333,0.0004057115181559429
797.4166666666666,0.0004024456416387687
797.5,0.0003405190776860347
797.5833333333333,0.0005287729925854643
797.6666666666666,0.00048373561704513954
797.75,0.0006501729071878729
797.8333333333333,0.0003369300842112781
797.9166666666666,0.00012327688401865558
798.0,0.00031313840695101593
798.0833333333333,0.00036379024096742083
798.1666666666666,0.0004199468241115769
798.25,0.0005826677907831045
798.3333333333333,0.00015491112364899372
798.4166666666666,0.0002535594250851265
798.5,0.0005212564081912546
798.5833333333333,0.00016927987309643737
798.6666666666666,0.0003027374112084218
798.75,0.00045578696029882404
798.8333333333333,0.0002643158613779685
798.9166666666666,0.00027712174279060617
799.0,0.0005260899820687737
799.0833333333333,0.0003504344347759711
799.1666666666666,0.0004970733240310362
799.25,0.0006437206005995664
799.3333333333333,0.000719739745003776
799.4166666666666,0.00012594919404783068
799.5,0.0004200310412377746
799.5833333333333,0.00017193562732749048
799.6666666666666,0.0002640408338066894
799.75,0.00035501281067965907
799.8333333333333,0.00036291387876280306
799.9166666666666,0.000261330529107603
800.0,0.0008298900414461424
800.0833333333333,0.0005860438010324528
800.1666666666666,0.000479580218010819
800.25,0.00046366098570544247
800.3333333333333,0.00036629766803868635
800.4166666666666,0.0004161183065210612
800.5,0.00018583142637208569
800.5833333333333,0.0002773901321346495
800.6666666666666,0.0003234497836532652
800.75,0.0004883147102066014
800.8333333333333,0.00032317002983900384
800.9166666666666,0.00026410156351325725
801.0,0.0003147237508823601
801.0833333333333,0.0003448010295625782
801.1666666666666,0.0002931375797554473
801.25,8.523755308101061e-05
801.3333333333333,0.00016220627756259595
801.4166666666666,0.0008061137106738218
801.5,0.0010076690524920128
801.5833333333333,0.00042731056216368173
801.6666666666666,0.00023207807272986497
801.75,0.0004328976956301579
801.8333333333333,0.00022131415783384041
801.9166666666666,0.00036895825625812297
802.0,0.0006129529290023858
802.0833333333333,0.0009357304896125103
802.1666666666666,0.0009640909371204112
802.25,0.0006120433324344931
802.3333333333333,8.132790158204913e-05
802.4166666666666,0.0002425467056732997
802.5,0.00042758743118198893
802.5833333333333,0.00044434656211185866
802.6666666666666,9.686482997819656e-05
802.75,0.00021074155934776967
802.8333333333333,0.00046672547830237386
802.9166666666666,0.0007472241309930601
803.0,0.0005441363926754748
803.0833333333333,0.00032346954601520083
803.1666666666666,0.0005160235822562618
803.25,0.000303054950865345
803.3333333333333,0.0004649302314804715
803.4166666666666,0.000632951711490945
803.5,0.0005061037741816452
803.5833333333333,0.0006092450362690881
803.6666666666666,0.00045052518971071574
803.75,0.0002283737373416984
803.8333333333333,0.0004518087321792619
803.9166666666666,0.0008046732138695105
804.0,0.00042226072438393254
804.0833333333333,0.00017101948499349313
804.1666666666666,0.00029976519370611366
804.25,0.0003069882302011718
804.3333333333333,0.00020311771619377516
804.4166666666666,2.284482185678546e-05
804.5,0.00037759669199817605
804.5833333333333,0.0006922417940924046
804.6666666666666,0.00052321584447333
804.75,0.0006441818612539414
804.8333333333333,0.0005333888891606407
804.9166666666666,0.00042386802439768194
805.0,0.0008644473434757192
805.0833333333333,0.0007912605957516701
805.1666666666666,0.0006814912471006935
805.25,0.0006823081572466158
805.3333333333333,0.000589520605380522
805.4166666666666,0.0004528600950884146
805.5,0.0005677443787439393
805.5833333333333,0.0004894528039454176
805.6666666666666,0.0004261638835646204
805.75,0.0004093094569871969
805.8333333333333,0.00013777628668327018
805.9166666666666,0.00023604010524572972
806.0,0.0006094796221913943
806.0833333333333,0.0004248558328145807
806.1666666666666,0.0002899361596343399
806.25,0.00041996313304611924
806.3333333333333,0.000568448886744854
806.4166666666666,0.0010745438909385168
806.5,0.0005249827917624616
806.5833333333333,0.00024493890494203493
806.6666666666666,0.00031059582953430734
806.75,0.0004124919350503554
806.8333333333333,0.00022224964125932848
806.9166666666666,0.0003775119592853393
807.0,0.0007390948862178142
807.0833333333333,0.0004454369784024632
807.1666666666666,0.0004572282040180904
807.25,0.00037757696597915096
807.3333333333333,0.0005403427333006141
807.4166666666666,0.0005524698845319911
807.5,0.0003429978842913849
807.5833333333333,0.0003680344250432755
807.6666666666666,0.0004616354354224199
807.75,0.00040018911015311234
807.8333333333333,0.0003278634796834918
807.9166666666666,0.0004807473017403008
808.0,0.0003655974875248135
808.0833333333333,0.00029074201567536636
808.1666666666666,0.00029517478653188144
808.25,0.0005153678584447985
808.3333333333333,0.0005094301339513317
808.4166666666666,0.0002612045509926268
808.5,0.0005073317189862867
808.5833333333333,0.000479954571425722
808.6666666666666,0.00044950238856895095
808.75,0.00038760488964928534
808.8333333333333,0.00014630598127839426
808.9166666666666,0.0002907764661641508
809.0,0.0007541064148684595
809.0833333333333,0.0012456547142296068
809.1666666666666,0.0007385466968205714
809.25,0.00036183470060385716
809.3333333333333,0.0005047904050923591
809.4166666666666,9.181079408852378e-05
809.5,8.971305355527804e-05
809.5833333333333,0.0002623147686428954
809.6666666666666,0.0004059388558141687
809.75,0.0005844003134043984
809.8333333333333,0.00036552576930238813
809.9166666666666,7.259346758114077e-05
810.0,0.0003983216271141606
810.0833333333333,0.0003564570372116765
810.1666666666666,7.627519626362704e-05
810.25,5.816752329775685e-05
810.3333333333333,0.00019758911485778818
810.4166666666666,0.0001244454870816018
810.5,0.0005602100632223947
810.5833333333333,0.000279218051808929
810.6666666666666,0.00021222768046343066
810.75,0.00037224767331859085
810.8333333333333,0.00036488077221432215
810.9166666666666,0.0005799100941231106
811.0,0.0005139198391144469
811.0833333333333,0.00044927009600617056
811.1666666666666,0.00045168778522507684
811.25,0.0005511702623846742
811.3333333333333,0.00031771266118179415
811.4166666666666,0.00021086919267374724
811.5,0.00020502838349838184
811.5833333333333,0.0006906642330215687
811.6666666666666,0.00085896368366116
811.75,0.0004296203796253655
811.8333333333333,0.0005652074151807438
811.9166666666666,0.0008246588129533612
812.0,0.0007027111370007811
812.0833333333333,0.0001507737534176827
812.1666666666666,0.00037981973792749796
812.25,0.0004413992167386649
812.3333333333333,0.0005545828003147663
812.4166666666666,0.0006846746976073014
812.5,0.0006579854587225258
812.5833333333333,9.428555430823985e-05
812.6666666666666,0.0005734770441513931
812.75,0.0007329198738593149
812.8333333333333,0.0005935931174093736
812.9166666666666,0.00024822510986259735
813.0,0.0002352358574100403
813.0833333333333,0.000828586486917455
813.1666666666666,0.0010080916011736456
813.25,0.0005274036424469235
813.3333333333333,0.0002602185439345447
813.4166666666666,0.0006457907281924328
813.5,0.0005195941060533587
813.5833333333333,0.00016105201505641056
813.6666666666666,0.0003425025027262993
813.75,0.0006538575598439792
813.8333333333333,0.00024222206503841432
813.9166666666666,0.0004721364172964866
814.0,0.0004889346434348298
814.0833333333333,0.0003655335010051304
814.1666666666666,0.0002641082898671245
814.25,0.00048735206562038654
814.3333333333333,0.0009129593396655142
814.4166666666666,0.0006951252906562985
814.5,0.0005331004955323997
814.5833333333333,0.0008146912441084116
814.6666666666666,0.00041408062982602
814.75,0.0004960849340246509
814.8333333333333,0.0005713713433943831
814.9166666666666,0.0008863352069812204
815.0,0.0008645093534234658
815.0833333333333,0.00041330834908728564
815.1666666666666,0.0008899591848769698
815.25,0.0006368267100675835
815.3333333333333,0.0005624168542779902
815.4166666666666,0.00045564996517374613
815.5,0.0001775423214877473
815.5833333333333,0.0003985177319443495
815.6666666666666,0.00040881999472543575
815.75,0.0004563349651267831
815.8333333333333,0.00035059023540224323
815.9166666666666,0.0002930126920958177
816.0,0.00028117454048765266
816.0833333333333,4.054873333384033e-05
816.1666666666666,0.00018352452639812324
816.25,0.000250169046203438
816.3333333333333,0.00010786228327847154
816.4166666666666,0.00041417891404508926
816.5,0.0005804641153971366
816.5833333333333,0.00047255383460544206
816.6666666666666,0.0005539984965354144
816.75,0.0007028170151702573
816.8333333333333,0.0005532176454085849
816.9166666666666,0.00022151476269582216
817.0,0.00059043068547319
817.0833333333333,0.00045355033553712954
817.1666666666666,0.00037543455057744606
817.25,0.00021069740858896096
817.3333333333333,0.0006615296968115418
817.4166666666666,0.0010029749692503454
817.5,0.001023094924618764
817.5833333333333,0.0008180524955681595
817.6666666666666,0.0007315820890305448
817.75,0.0006478161861170939
817.8333333333333,0.0007774340322715744
817.9166666666666,0.0008252188057165506
818.0,0.0005345139803819523
818.0833333333333,0.00027388000841614994
818.1666666666666,0.0005205687969976842
818.25,0.0006902445578304699
818.3333333333333,0.0005450309405265497
818.4166666666666,0.0006466430770971212
818.5,0.0005673995461556116
818.5833333333333,0.0005607467793418516
818.6666666666666,0.0006869506804346693
818.75,0.0004994465665317471
818.8333333333333,0.00041807873157722204
818.9166666666666,0.00022972927695069875
819.0,0.0001682742516520323
819.0833333333333,0.000790264874551736
819.1666666666666,0.0004212383636067735
819.25,0.0005209301313747534
819.3333333333333,0.00044370572223265424
819.4166666666666,0.00047721644348603683
819.5,0.001082210141814506
819.5833333333333,0.0005372805413781509
819.6666666666666,0.0012526580435816073
819.75,0.001303102193849999
819.8333333333333,0.0005908010429010949
819.9166666666666,0.0006218809789377934
820.0,0.0007524120507566989
820.0833333333333,0.00019404504546431672
820.1666666666666,0.0005467791527478043
820.25,0.0006296573499496175
820.3333333333333,0.0006444576609951318
820.4166666666666,0.0006959339774635589
820.5,0.00042514298740896545
820.5833333333333,0.0005817619149578682
820.6666666666666,0.0007794769148071716
820.75,0.0006204821027483694
820.8333333333333,0.00014929963974546928
820.9166666666666,0.0004130019906814099
821.0,0.0004498027777995351
821.0833333333333,0.000491460125052367
821.1666666666666,0.00026771221798809977
821.25,0.0005624472551273015
821.3333333333333,0.0004434884325090692
821.4166666666666,0.00019977810039802573
821.5,0.00018573808852784352
821.5833333333333,0.00023208798276701554
821.6666666666666,0.00018762839809104964
821.75,0.000549884101406351
821.8333333333333,0.0002699049714277452
821.9166666666666,0.0003474133945962632
822.0,0.00022822773653713302
822.0833333333333,0.00026201440240803666
822.1666666666666,0.000552403112788987
822.25,0.0007567826038120056
822.3333333333333,0.0007713952285223934
822.4166666666666,0.0002997266246921182
822.5,0.00036544291050144204
822.5833333333333,0.0007767509566998105
822.6666666666666,0.0007101521737283797
822.75,8.126368165422684e-05
822.8333333333333,0.0003047420834841159
822.9166666666666,0.0004504741046779614
823.0,0.0004332632195613059
823.0833333333333,0.00012332337791142527
823.1666666666666,0.00014210806109279207
823.25,0.00032584197718531915
823.3333333333333,0.0001631879699044775
823.4166666666666,0.0003094481903642289
823.5,0.00044501410555544387
823.5833333333333,0.0004535357490888723
823.6666666666666,0.0008346344744768393
823.75,0.0007431149415556422
823.8333333333333,0.000512897201777266
823.9166666666666,0.00046521664450740124
824.0,0.0007524386683723269
824.0833333333333,0.0009442361241234718
824.1666666666666,0.0004779711277488276
824.25,0.0002496481844580042
824.3333333333333,7.876988407039742e-05
824.4166666666666,0.0006116637604582174
824.5,0.0003282401745994218
824.5833333333333,0.0003243570976667556
824.6666666666666,0.0005758264591726087
824.75,0.00036588911641988474
824.8333333333333,0.00035263229642706575
824.9166666666666,0.0004447856419472615
825.0,0.00031830217806400307
825.0833333333333,0.0001617835303334891
825.1666666666666,0.0001699488797143811
825.25,0.00022997321000532323
825.3333333333333,0.0005501259503016689
825.4166666666666,0.0006490873485334034
825.5,0.0005653068339613836
825.5833333333333,0.000912225034865979
825.6666666666666,0.0007492974475961797
825.75,0.00046726958374558917
825.8333333333333,0.000606505598224176
825.9166666666666,0.0005067614966916538
826.0,0.0005520905144793093
826.0833333333333,0.00016031702398184715
826.1666666666666,0.0002446941117804601
826.25,0.00047007281019332485
826.3333333333333,0.00019753586083389422
826.4166666666666,0.00046518109612624016
826.5,0.0003972375439713166
826.5833333333333,0.0005300699012968961
826.6666666666666,0.0004719047219234473
826.75,0.00025146514881703176
826.8333333333333,0.0003465835071904903
826.9166666666666,0.0008099799720230371
827.0,0.0007910175283695589
827.0833333333333,0.00020083613696881598
827.1666666666666,0.0006709853538565647
827.25,0.0006433692184807221
827.3333333333333,0.0002625678811616651
827.4166666666666,0.00037846226307694595
827.5,0.0006186242100228133
827.5833333333333,0.00032424754004235925
827.6666666666666,0.00010480199162706078
827.75,0.00032044639987368847
827.8333333333333,0.0004645556189988552
827.9166666666666,0.00023649939987728088
828.0,0.0006177190886356786
828.0833333333333,0.0004008447559623175
828.1666666666666,0.0004953545404331445
828.25,0.0005393675846664029
828.3333333333333,0.0004938111679629687
828.4166666666666,0.0005840826814162829
828.5,0.0006795796197225775
828.5833333333333,0.0007109124531756643
828.6666666666666,0.0006390583715770627
828.75,0.0004914189135310114
828.8333333333333,0.00035201508477052904
828.9166666666666,0.0006650036241119
829.0,0.00013054448767097092
829.0833333333333,0.0008420856180312602
829.1666666666666,0.0009733792840287207
829.25,7.874378196008696e-05
829.3333333333333,0.0006012646904966406
829.4166666666666,0.0011112723642920123
829.5,0.001123916392971617
829.5833333333333,0.0006913475975041853
829.6666666666666,0.0006584809224529458
829.75,0.001085120708696334
829.8333333333333,0.0004718635405867531
829.9166666666666,0.00035125875006003976
830.0,0.00033664570666593795
830.0833333333333,0.00019000091171114737
830.1666666666666,0.0003449591350044341
830.25,0.00036819035985881073
830.3333333333333,0.0004328248659056769
830.4166666666666,0.0006474872522734106
830.5,0.0003231779288344958
830.5833333333333,0.0007956251187689171
830.6666666666666,0.0007217219348383166
830.75,0.00044253421378957113
830.8333333333333,0.0004557361803114542
830.9166666666666,0.0002099236947661364
831.0,0.0005353808376935541
831.0833333333333,0.0008090901388352373
831.1666666666666,0.0008689109522361174
831.25,0.00026897573205116694
831.3333333333333,0.0002679315982033205
831.4166666666666,0.0004181762384846309
831.5,0.0003999403640433984
831.5833333333333,0.0004915505018403315
831.6666666666666,0.00033617508847661696
831.75,8.925709745866706e-05
831.8333333333333,0.0006044948230100936
831.9166666666666,0.0006409011431853602
832.0,0.0004825418871262229
832.0833333333333,0.0007084267408133345
832.1666666666666,0.0002498063645219614
832.25,0.0003983277228253627
832.3333333333333,0.0002509814418741812
832.4166666666666,0.0004428091878812333
832.5,0.0006758607507106773
832.5833333333333,0.0003826720652737107
832.6666666666666,0.0002197146224434265
832.75,0.0002953533869583066
832.8333333333333,0.0005564138703072948
832.9166666666666,0.0007484824547863548
833.0,0.0006937809509263888
833.0833333333333,0.000742579543196507
833.1666666666666,0.0004841577701259024
833.25,0.00010296903019571425
833.3333333333333,0.0001386812707340162
833.4166666666666,3.658560186337004e-05
833.5,0.00037209606626150993
833.5833333333333,0.0004998119919292024
833.6666666666666,0.00013707411820763248
833.75,0.00034908642163289323
833.8333333333333,0.00014136328693198163
833.9166666666666,0.0005024753481569666
834.0,0.00019058504514314644
834.0833333333333,0.0007183950718916024
834.1666666666666,0.0009174937114488966
834.25,0.0005867682937269629
834.3333333333333,0.0005100276035636796
834.4166666666666,0.00010079012420555163
834.5,0.0004827790905759636
834.5833333333333,0.0001976575376530766
834.6666666666666,0.00011505387209152668
834.75,0.00045157524048170515
834.8333333333333,7.97959269339612e-05
834.9166666666666,0.0006728401271071571
835.0,0.0004830034826286416
835.0833333333333,0.00036076837264192114
835.1666666666666,0.0006074076530801181
835.25,0.0007826342441076784
835.3333333333333,0.00039304413184187786
835.4166666666666,0.00036806775156126475
835.5,0.00016665920264120635
835.5833333333333,0.0005390256681314262
835.6666666666666,0.0008456902264414867
835.75,0.0003411863924725923
835.8333333333333,0.00010703663690892383
835.9166666666666,0.00017651134825617893
836.0,0.00027158892792232027
836.0833333333333,0.00012356845305050765
836.1666666666666,0.0007157124532917526
836.25,0.0007447065061021456
836.3333333333333,9.293361986869119e-05
836.4166666666666,0.0005590488795939527
836.5,0.0009567426376018545
836.5833333333333,0.00045158198857141055
836.6666666666666,0.0002763734827414711
836.75,0.00025809676018771776
836.8333333333333,0.00028685127646664577
836.9166666666666,0.0006595335500623583
837.0,0.00048750862532377767
837.0833333333333,0.0003095767603560082
837.1666666666666,0.0008172553975160869
837.25,0.0008243365126468608
837.3333333333333,0.0010424592289810363
837.4166666666666,0.0011737605017706598
837.5,0.0009578245775576079
837.5833333333333,0.00033507511064737993
837.6666666666666,6.599467517430857e-05
837.75,0.0004031092970016954
837.8333333333333,0.00035726378042338973
837.9166666666666,8.36119961448645e-05
838.0,3.600816484431733e-05
838.0833333333333,0.00013707116272458733
838.1666666666666,0.00018422817196985569
838.25,0.00033256761164176705
838.3333333333333,0.000672042814465527
838.4166666666666,0.001081249494682295
838.5,0.0006389256872191567
838.5833333333333,8.355427021457765e-05
838.6666666666666,0.000142135020448625
838.75,0.0001202703019031951
838.8333333333333,0.0004897023114660586
838.9166666666666,0.0004909355573833281
839.0,0.00012019094829940574
839.0833333333333,0.0002727908954587498
839.1666666666666,0.0003445102432476829
839.25,0.0004078351130919861
839.3333333333333,0.00026366759258974234
839.4166666666666,0.0001261925443143882
839.5,9.419298946164135e-05
839.5833333333333,0.0005959726237346107
839.6666666666666,0.0005768094833227239
839.75,7.392009247667096e-05
839.8333333333333,0.0003011788378274812
839.9166666666666,0.0002844402284297244
840.0,0.0007504560918805993
840.0833333333333,0.0008319769654328175
840.1666666666666,0.0010594923709987291
840.25,0.0008365807719633685
840.3333333333333,0.0007746300150859764
840.4166666666666,0.0006517304105432136
840.5,0.000499000477644699
840.5833333333333,0.0003464675817941977
840.6666666666666,9.0106644998181e-05
840.75,0.0003698473126151635
840.8333333333333,0.00013624407947458234
840.9166666666666,0.0007801677350957355
841.0,0.0007422515011224863
841.0833333333333,0.0004477010477231994
841.1666666666666,0.00016619555986912283
841.25,0.0004933347858645534
841.3333333333333,0.0005456594442694943
841.4166666666666,0.00045925350352416487
841.5,0.0004067450378687379
841.5833333333333,0.00051147421322109
841.6666666666666,0.00031255527252535423
841.75,0.0003759447047175836
841.8333333333333,0.000562857645594128
841.9166666666666,0.00010821372919625053
842.0,0.001015415800095792
842.0833333333333,0.0012601502923997436
842.1666666666666,0.0004914137533985974
842.25,0.0002698722082022039
842.3333333333333,0.0003595334115469325
842.4166666666666,0.0006159927541320631
842.5,0.0009367395615437944
842.5833333333333,0.0010334231559324981
842.6666666666666,0.0007869423407253716
842.75,0.00037516649820458194
842.8333333333333,0.0002791756611811783
842.9166666666666,0.00033693849120170025
843.0,0.00041066154441586123
843.0833333333333,0.000663729329904516
843.1666666666666,0.0005388421338229514
843.25,0.0005108890980268239
843.3333333333333,0.0007480418217239861
843.4166666666666,0.00047014807457730043
843.5,0.00021508485671762137
843.5833333333333,0.0004478904698149299
843.6666666666666,0.0006827602832674333
843.75,0.00018189992431859767
843.8333333333333,0.00045321527484088814
843.9166666666666,0.0004025168730226986
844.0,0.0006728338005864107
844.0833333333333,0.0002574270269796596
844.1666666666666,0.00027647906120715484
844.25,0.00023431971297908734
844.3333333333333,0.0008695753003614226
844.4166666666666,0.0007579481968054319
844.5,0.00036269208766996776
844.5833333333333,0.00026152224263132083
844.6666666666666,0.00025493318228648717
844.75,0.0004958229423662662
844.8333333333333,0.0005739851893356136
844.9166666666666,0.00037650737228145137
845.0,0.0001624178951481918
845.0833333333333,0.0002029891173593581
845.1666666666666,0.00034187632833208176
845.25,0.0006451181107685662
845.3333333333333,0.0007615897212974028
845.4166666666666,0.00037167227779420374
845.5,5.032473572454691e-05
845.5833333333333,0.00024110046811816674
845.6666666666666,0.00019947257361116415
845.75,0.00016419127350797034
845.8333333333333,9.509644681617481e-05
845.9166666666666,0.00032103935872667083
846.0,0.0007568329707019011
846.0833333333333,0.0008821415717946717
846.1666666666666,0.0006521247420192217
846.25,0.0004573599823789882
846.3333333333333,0.0005030016688935275
846.4166666666666,0.0001827244798471863
846.5,0.0004984489417941309
846.5833333333333,0.0006378945011694988
846.6666666666666,0.0002595480502669414
846.75,0.0002429376806653355
846.8333333333333,0.00021374314566601114
846.9166666666666,0.00018681883572123573
847.0,0.00013465834409571894
847.0833333333333,0.0004926814386041952
847.1666666666666,0.00045488233304437386
847.25,0.00033591909291645075
847.3333333333333,0.0006752407040304142
847.4166666666666,0.0008504105161038409
847.5,0.0009254552540085971
847.5833333333333,0.0007607030752027618
847.6666666666666,0.0008421464340316978
847.75,0.0005457218012149024
847.8333333333333,0.00017303118203081366
847.9166666666666,0.0004908628919213722
848.0,0.0003867213672078133
848.0833333333333,0.00030001527823868686
848.1666666666666,8.672987719890667e-05
848.25,0.00018731051256844133
848.3333333333333,0.0003820599733691947
848.4166666666666,0.0004565686739261395
848.5,0.0007474093718802268
848.5833333333333,0.0007174421135138627
848.6666666666666,0.0005429488867077094
848.75,5.5568466646234716e-05
848.8333333333333,0.0003927341932968456
848.9166666666666,0.000511091447661151
849.0,0.0008464188526749057
849.0833333333333,0.0007493565811150895
849.1666666666666,0.00045077923414461846
849.25,0.0004950623627625731
849.3333333333333,0.0005604008022313384
849.4166666666666,0.0007285806061990451
849.5,0.00045689886107135356
849.5833333333333,0.0005062125666867347
849.6666666666666,0.0004722445920586982
849.75,0.0006505953529827412
849.8333333333333,0.0002939377366888166
849.9166666666666,0.00030635979523717583
850.0,0.00025250261442389516
850.0833333333333,0.0005917082015781894
850.1666666666666,0.0008475324002325934
850.25,0.0005147135985845768
850.3333333333333,0.00046027062160736295
850.4166666666666,0.00032874031174596926
850.5,0.00039202237760914806
850.5833333333333,0.0007586077341125892
850.6666666666666,0.0010784182779601554
850.75,0.00028932069450115556
850.8333333333333,0.00026594581500397036
850.9166666666666,0.00014162490232682927
851.0,0.00013236378061357162
851.0833333333333,0.000597522197137641
851.1666666666666,0.0006556912421440001
851.25,0.000652189220759743
851.3333333333333,0.0006646906423954841
851.4166666666666,0.0005060318610813892
851.5,0.00042902758690898193
851.5833333333333,0.0005422833044325883
851.6666666666666,0.0006274541500890164
851.75,0.00015883987870056479
851.8333333333333,0.00018294131766666638
851.9166666666666,0.00021133257449198456
852.0,0.0004478096811719695
852.0833333333333,0.00024214502934721935
852.1666666666666,0.00016660106202759492
852.25,0.00021515657790011533
852.3333333333333,0.0005895687491625877
852.4166666666666,0.0005764010183800149
852.5,0.0006280350546109568
852.5833333333333,0.0005613929684844332
852.6666666666666,0.0005476925399533209
852.75,0.0005048117163057855
852.8333333333333,0.00033724681916054444
852.9166666666666,0.0003022749192937071
853.0,0.0009118341711476885
853.0833333333333,0.0007763788057995077
853.1666666666666,0.00047390850390972806
853.25,0.0004499731202911125
853.3333333333333,0.0002425616156575517
853.4166666666666,0.0003750218621295151
853.5,6.870112759401152e-05
853.5833333333333,0.00046698767543905254
853.6666666666666,0.0003541826888928985
853.75,0.00039814649552520094
853.8333333333333,0.0006662896963981708
853.9166666666666,0.0002520765922102633
854.0,0.00017527903067313713
854.0833333333333,0.00026781738267126506
854.1666666666666,0.000345287556338717
854.25,0.00018126024320390063
854.3333333333333,0.0002953972023396772
854.4166666666666,0.00048516418798649205
854.5,0.00052762127999459
854.5833333333333,0.00041977793459556763
854.6666666666666,0.00016199002599502976
854.75,9.832448494927337e-05
854.8333333333333,0.0003390763753176261
854.9166666666666,0.0004509713334017827
855.0,0.00019855896841035204
855.0833333333333,0.0007909241918365535
855.1666666666666,0.0012202504364950011
855.25,0.0005717611748537749
855.3333333333333,0.00031331802346143276
855.4166666666666,0.0001870950451409709
855.5,0.0006342001278875017
855.5833333333333,0.00027238982135829724
855.6666666666666,0.00034257915428895263
855.75,0.0003851471875926884
855.8333333333333,0.0004484893119836315
855.9166666666666,0.000351649336142031
856.0,0.0006718140322576453
856.0833333333333,0.0006666696973084951
856.1666666666666,0.000768081606806095
856.25,0.0004582098908859237
856.3333333333333,0.0003507527247989262
856.4166666666666,0.0003079284521555944
856.5,0.0002938279299799937
856.5833333333333,0.000625511771105815
856.6666666666666,0.0007446684109337445
856.75,0.000403296340393387
856.8333333333333,0.00032521182122332735
856.9166666666666,0.00030207789697704786
857.0,0.000136929893307659
857.0833333333333,0.0004381802411818483
857.1666666666666,0.00034547040213929605
857.25,0.00030022565540335934
857.3333333333333,0.0008104223374252954
857.4166666666666,0.000574649612691738
857.5,0.0008847211785716581
857.5833333333333,0.001272182833703019
857.6666666666666,0.0005941100143175681
857.75,0.0001651594454989445
857.8333333333333,0.00024147778703783741
857.9166666666666,0.00028268120713991727
858.0,0.0004915203485750886
858.0833333333333,0.0007034880661219655
858.1666666666666,0.0009153910266569478
858.25,0.0013476418233596135
858.3333333333333,0.0014330819835885974
858.4166666666666,0.0007685148092007116
858.5,0.00048793330271732947
858.5833333333333,0.0007014113215080531
858.6666666666666,0.0003814407222429489
858.75,0.0002385536154804416
858.8333333333333,0.0002610283912045515
858.9166666666666,0.0004596654789600578
859.0,0.00036783207623954784
859.0833333333333,0.0005361092595240573
859.1666666666666,0.0004759370504321428
859.25,0.00022800944805775536
859.3333333333333,0.0003259057060040282
859.4166666666666,0.0008538445909644903
859.5,0.0011183635185910694
859.5833333333333,0.00045722474194653584
859.6666666666666,0.00019488578133960307
859.75,0.00025782012696878935
859.8333333333333,0.00041617575825436665
859.9166666666666,0.0007251877826723746
860.0,0.000804454796305766
860.0833333333333,9.599696792939895e-05
860.1666666666666,0.00033917413559282666
860.25,0.00016689191680153309
860.3333333333333,0.00045806249983000797
860.4166666666666,0.0004201325846598245
860.5,0.0005474142141010515
860.5833333333333,0.0005124881696440769
860.6666666666666,0.00020206542540950937
860.75,0.0003178752603939322
860.8333333333333,0.0002666602332784966
860.9166666666666,0.00028183104609444165
861.0,0.0003761902084823982
861.0833333333333,0.00024738007137698766
861.1666666666666,0.0005411290314494251
861.25,0.0008549597110971033
861.3333333333333,0.0007366618738621951
861.4166666666666,0.0004982631605066455
861.5,0.0002933129799599275
861.5833333333333,0.0004409886674335043
861.6666666666666,0.0003361788012260548
861.75,0.0002546085896310136
861.8333333333333,0.0003386662790741931
861.9166666666666,6.991473731811566e-05
862.0,0.00039675049530999985
862.0833333333333,0.0008846039265511656
862.1666666666666,0.0005548569498196649
862.25,0.00040942884903854464
862.3333333333333,0.00037939666277182434
862.4166666666666,0.0005213859391118921
862.5,0.00033216620838015775
862.5833333333333,0.0006530519625614433
862.6666666666666,0.0007550154826456825
862.75,0.0005554575381086909
862.8333333333333,0.0007343124397279306
862.9166666666666,0.0005004395244480959
863.0,0.00017556689205694678
863.0833333333333,0.0002093087400461998
863.1666666666666,0.00028971594348986356
863.25,0.0006797460721965065
863.3333333333333,0.00040274076472032126
863.4166666666666,0.00011513025840142762
863.5,0.00017223321835216655
863.5833333333333,2.1665791275932025e-05
863.6666666666666,0.00042478595839021203
863.75,0.000595538852360538
863.8333333333333,0.0008400466841992545
863.9166666666666,0.0009934653556404678
864.0,0.00043645880199489153
864.0833333333333,0.0004148836879755116
864.1666666666666,0.0005447444669358982
864.25,0.0004619939409672347
864.3333333333333,0.00037496716284760436
864.4166666666666,0.0006511894875805228
864.5,0.00054037782633673
864.5833333333333,0.00023595466384013805
864.6666666666666,0.00041457673273332215
864.75,0.0005058724359128715
864.8333333333333,0.0002960877921427648
864.9166666666666,0.0002860994340404609
865.0,9.694262848840347e-05
865.0833333333333,0.0004396416422845659
865.1666666666666,0.00048478033295469016
865.25,0.0004361180998642574
865.3333333333333,0.0006147947470830615
865.4166666666666,0.0002474918378651133
865.5,0.0002364025806653991
865.5833333333333,0.0005139195403221331
865.6666666666666,0.0002847548528431777
865.75,0.0004884707048968265
865.8333333333333,0.000588786538081152
865.9166666666666,0.0004611182535497578
866.0,0.00012596527457704078
866.0833333333333,0.0006258700085571519
866.1666666666666,0.0005864133228229452
866.25,0.00029790620318092756
866.3333333333333,0.0005588815271513592
866.4166666666666,0.000627475629499677
866.5,6.715055018326417e-05
866.5833333333333,0.0005062166604595113
866.6666666666666,0.0004103482732188476
866.75,0.00041858410245738107
866.8333333333333,0.00012856728499367878
866.9166666666666,0.00038346828384771506
867.0,0.0008110837605681887
867.0833333333333,0.0007780805741985102
867.1666666666666,0.0003022934978167493
867.25,0.0004977581963382488
867.3333333333333,0.0004465730097006102
867.4166666666666,0.00015172931900492168
867.5,0.0005586707055279305
867.5833333333333,0.000546798398720543
867.6666666666666,0.00030217799736775055
867.75,0.0002632628308575088
867.8333333333333,0.00014990306980281815
867.9166666666666,0.00037105923017118953
868.0,0.0001921926623685213
868.0833333333333,0.000185799425469374
868.1666666666666,0.0001647547287696837
868.25,0.00021626108829648092
868.3333333333333,0.0005458988378498375
868.4166666666666,0.0004371125780514041
868.5,0.00020570834353905815
868.5833333333333,0.0003162533224183543
868.6666666666666,0.0002514090080260978
868.75,0.0003290533805222938
868.8333333333333,0.00032685043202100366
868.9166666666666,0.00020762181833917934
869.0,0.0002553040131135749
869.0833333333333,0.0001242319830099927
869.1666666666666,0.0002664993993837248
869.25,0.0008959472091781789
869.3333333333333,0.0010785187403849481
869.4166666666666,0.0005857860162977669
869.5,0.0006159615794652164
869.5833333333333,0.0006660717770486405
869.6666666666666,0.0009360754898178987
869.75,0.0007513960909034561
869.8333333333333,0.00025917758693229067
869.9166666666666,0.0006097778324771586
870.0,0.0006964700542265376
870.0833333333333,0.0003871399820665858
870.1666666666666,0.00019321670201044827
870.25,0.0004713032968128777
870.3333333333333,0.0005128825354111978
870.4166666666666,0.0002702032389726736
870.5,0.0007513042673628383
870.5833333333333,0.0010101998187791548
870.6666666666666,0.000704742786134021
870.75,0.0005582761194907775
870.8333333333333,0.00023843766162783605
870.9166666666666,0.00045510031990150346
871.0,0.0004368661112766181
871.0833333333333,0.0004934302687405844
871.1666666666666,0.0005087984477144691
871.25,0.0003709828807233532
871.3333333333333,0.00042045737162049463
871.4166666666666,0.0005085254825919526
871.5,0.0005026824112074676
871.5833333333333,0.00013775278186300426
871.6666666666666,0.0002693486737563187
871.75,9.475103258388187e-05
871.8333333333333,0.0004607840123482096
871.9166666666666,0.0006479131794857522
872.0,0.000466629942885972
872.0833333333333,0.0007824285198017306
872.1666666666666,0.0005263723417348259
872.25,0.00016800206253469524
872.3333333333333,0.00042611687749257365
872.4166666666666,0.0006413536886392263
872.5,0.00031431303771222054
872.5833333333333,0.00012379107874635793
872.6666666666666,0.0003553785457950928
872.75,0.0007119308917123606
872.8333333333333,0.0006432999567912647
872.9166666666666,0.000390952972259213
873.0,0.0006957312558341585
873.0833333333333,0.000983384589685749
873.1666666666666,0.00045253260013175425
873.25,0.00022941466919834536
873.3333333333333,0.0005543654187818352
873.4166666666666,0.0006795126299790189
873.5,0.0010598699273118943
873.5833333333333,0.0009063018884840371
873.6666666666666,0.000701646291161942
873.75,0.00010550611799817546
873.8333333333333,0.0007458377475154518
873.9166666666666,0.0002878250520290211
874.0,0.0006378873098364324
874.0833333333333,0.0006527679760355069
874.1666666666666,0.00037071503758539143
874.25,0.0002929501386083075
874.3333333333333,0.0003523649224315865
874.4166666666666,0.00037419338753228603
874.5,5.686859647050808e-05
874.5833333333333,0.0004727410022263306
874.6666666666666,0.00036312979617452546
874.75,6.498903599846118e-05
874.8333333333333,0.0002793414433223776
874.9166666666666,0.0003172435678914113
875.0,0.0002052489470171226
875.0833333333333,0.0007313129496638799
875.1666666666666,0.0006261097805167325
875.25,0.00014462321073413766
875.3333333333333,0.0004999358206913611
875.4166666666666,0.0008457561592488126
875.5,0.0004010799937519462
875.5833333333333,0.0003469500111315822
875.6666666666666,0.0004965333562073686
875.75,0.0005764435620790101
875.8333333333333,0.0008536148378440414
875.9166666666666,0.000701217577683176
876.0,0.00013805146217176837
876.0833333333333,0.0005083062570831756
876.1666666666666,0.0005046606763485908
876.25,0.0003152052880601415
876.3333333333333,0.00019538670661290635
876.4166666666666,0.0008527798547079804
876.5,0.0007593728623965827
876.5833333333333,0.00016394410022179282
876.6666666666666,3.8449309329702854e-05
876.75,0.00024134385185431304
876.8333333333333,0.0006324716994758343
876.9166666666666,0.00048635418593085365
877.0,0.0002796981220645503
877.0833333333333,8.172716106361425e-05
877.1666666666666,0.00015287373675546356
877.25,4.458096082448175e-05
877.3333333333333,0.0005797074297250251
877.4166666666666,0.0006661283807201283
877.5,0.0004203944729137153
877.5833333333333,2.7247096473329022e-05
877.6666666666666,0.00013951211382848033
877.75,0.0005231986106938793
877.8333333333333,0.000198397438684833
877.9166666666666,0.00043008535141987966
878.0,0.0005506568198020486
878.0833333333333,0.00021989664618506918
878.1666666666666,0.0005707858890305279
878.25,0.00047112618878701737
878.3333333333333,0.00037761326201329675
878.4166666666666,0.00017620241273667747
878.5,0.0009411799396968594
878.5833333333333,0.0015630439968048128
878.6666666666666,0.0008318474145232024
878.75,0.0004689637949806385
878.8333333333333,0.00038267381644203875
878.9166666666666,0.0006477969567867038
879.0,0.0005588822269331931
879.0833333333333,8.517664424941517e-05
879.1666666666666,0.0002953954986430939
879.25,0.00018951350139261513
879.3333333333333,0.0006194250961143982
879.4166666666666,0.0006178924886863069
879.5,0.0003035026953900282
879.5833333333333,0.0002608699314281851
879.6666666666666,0.0009394728825737846
879.75,0.0007529674027895136
879.8333333333333,0.0005405015975559428
879.9166666666666,0.0007224046511660047
880.0,0.00041490585883343576
880.0833333333333,0.00014251989111403743
880.1666666666666,0.0002962012374727082
880.25,0.0004014251368609543
880.3333333333333,0.0005579177328861967
880.4166666666666,0.0005738237471007524
880.5,0.0007882068123090547
880.5833333333333,0.000623402904086841
880.6666666666666,0.0008053108939638206
880.75,0.0009270249908822035
880.8333333333333,0.0006436843553528326
880.9166666666666,0.00039657393519672247
881.0,0.00043052861366542865
881.0833333333333,0.00046189642494087974
881.1666666666666,0.000733316990890368
881.25,0.0005047241883197123
881.3333333333333,9.526033601898285e-05
881.4166666666666,0.0003549443454469401
881.5,0.00029069060169429814
881.5833333333333,0.00023412388816586538
881.6666666666666,0.0005610745934344287
881.75,0.00037553298041891053
881.8333333333333,0.0005046098801473482
881.9166666666666,0.0006310563460781454
882.0,0.0004266214970686576
882.0833333333333,0.0005771119619660286
882.1666666666666,0.0005804993962599755
882.25,0.0003455135399461132
882.3333333333333,0.000773567877931291
882.4166666666666,0.0005394436504651697
882.5,0.00016635320179925116
882.5833333333333,7.73839450952292e-05
882.6666666666666,0.0002538638105666363
882.75,0.00041369313409198846
882.8333333333333,9.099996589754242e-05
882.9166666666666,0.0005486054702073614
883.0,0.0005768159966174617
883.0833333333333,0.0003457953719262857
883.1666666666666,0.0006533634111027667
883.25,0.0009857756476621665
883.3333333333333,0.0003036520975230142
883.4166666666666,0.00026774685172047845
883.5,0.0006578505475123068
883.5833333333333,0.0006487119910258219
883.6666666666666,0.000490585402996412
883.75,0.00043752708211725755
883.8333333333333,0.0006048209801658118
883.9166666666666,0.0007343018804660038
884.0,0.0003329938686339898
884.0833333333333,0.0003953478234920023
884.1666666666666,0.000610892042825337
884.25,0.0007977050363941115
884.3333333333333,0.0006522070541353853
884.4166666666666,0.0005615289778631194
884.5,0.000576823828684336
884.5833333333333,0.0008769440917450883
884.6666666666666,0.0009352911692091441
884.75,0.0005555502449725171
884.8333333333333,0.0003547831586107295
884.9166666666666,0.0003929680600178782
885.0,0.0005504481633953773
885.0833333333333,0.00041729660562501666
885.1666666666666,0.00025603064086197094
885.25,0.0004974638144129877
885.3333333333333,0.0005135880558323599
885.4166666666666,0.0006236017077378132
885.5,0.0004272483096845191
885.5833333333333,0.0001560243935261023
885.6666666666666,0.00022039465369766057
885.75,0.0005258202582164278
885.8333333333333,0.0004335164889929683
885.9166666666666,0.00034048450987645996
886.0,7.657497470802502e-05
886.0833333333333,0.0004178569624630333
886.1666666666666,0.0009509132553532463
886.25,0.0007599169445589953
886.3333333333333,0.0003239739693620914
886.4166666666666,0.0002943788789944828
886.5,0.0002662346586960126
886.5833333333333,0.00011778305575255055
886.6666666666666,0.00020113826281795743
886.75,0.00017936721715564627
886.8333333333333,0.000243288591951378
886.9166666666666,0.0005671661570806078
887.0,0.0008093091416331227
887.0833333333333,0.0010097916989372162
887.1666666666666,0.0007396518349093346
887.25,0.00024961664631627234
887.3333333333333,0.0003301559885839302
887.4166666666666,0.0002473181851164374
887.5,0.0005053750429842348
887.5833333333333,0.0004430320655673086
887.6666666666666,0.00029521628258545943
887.75,0.0003392786158768817
887.8333333333333,0.00032683333040117724
887.9166666666666,0.00017906030337533894
888.0,0.0006844220384126067
888.0833333333333,0.0008857240770944762
888.1666666666666,0.0005310925747387059
888.25,0.0003542954893894624
888.3333333333333,0.0006775797274722359
888.4166666666666,0.0005581658117354135
888.5,0.0007887050071062554
888.5833333333333,0.0007425462165932421
888.6666666666666,0.0002911739185375158
888.75,0.00012977980808523727
888.8333333333333,0.00017428338733206717
888.9166666666666,0.0002775608299457869
889.0,0.0006532470504949087
889.0833333333333,0.0009802481420593512
889.1666666666666,0.0007478045080182248
889.25,0.0006047112284512745
889.3333333333333,0.0007394061409471749
889.4166666666666,0.0003257963789791815
889.5,0.00036067316974683654
889.5833333333333,0.0004390507047585108
889.6666666666666,0.00010685701852175051
889.75,0.00032707947187041083
889.8333333333333,0.0003113437128278069
889.9166666666666,0.00034887048380407253
890.0,0.00016454443855316717
890.0833333333333,0.00012157144361831971
890.1666666666666,0.00015744474563359175
890.25,0.00020816876380357549
890.3333333333333,0.0006328864640756136
890.4166666666666,0.0009266673270558116
890.5,0.00027802563120402015
890.5833333333333,0.0003305107222572459
890.6666666666666,0.00037358814647245515
890.75,0.0005499139000268771
890.8333333333333,0.00016993386823344698
890.9166666666666,0.0007386667895912148
891.0,0.0005413187586652488
891.0833333333333,9.258657279008888e-05
891.1666666666666,0.00017636722679023126
891.25,0.0001366242422151008
891.3333333333333,0.00017969585538832943
891.4166666666666,0.0007024432229049943
891.5,0.0006512008602331919
891.5833333333333,0.00019601577785955358
891.6666666666666,0.00037020956580119933
891.75,0.0006517715367033331
891.8333333333333,0.00019345841480764055
891.9166666666666,0.0004739324469117031
892.0,0.0005888266079534793
892.0833333333333,0.00039356659808038045
892.1666666666666,0.00022438555713503845
892.25,0.0002606075069676507
892.3333333333333,0.0003324089801072721
892.4166666666666,0.00026275292596123195
892.5,0.00028893267996396045
892.5833333333333,0.00036998312669000104
892.6666666666666,0.0001709645380186005
892.75,0.00016142903918071118
892.8333333333333,9.362554503806507e-05
892.9166666666666,0.00040045666620693704
893.0,0.0008337296880820706
893.0833333333333,0.0007830820905116369
893.1666666666666,0.0008117448893390269
893.25,0.0005630363453086664
893.3333333333333,0.00029454281185244824
893.4166666666666,0.0004937171355904855
893.5,3.0572409224955895e-05
893.5833333333333,0.0005256060528239413
893.6666666666666,0.00028983700041004796
893.75,0.0007044082354381524
893.8333333333333,0.000990794120872003
893.9166666666666,0.0002913466470234777
894.0,0.00031457015282206654
894.0833333333333,0.0008552551450230172
894.1666666666666,0.0010232976061859353
894.25,0.0008760526496119291
894.3333333333333,0.0004713449353395111
894.4166666666666,0.0005559207810622894
894.5,0.0006332853460925425
894.5833333333333,0.00031000607275142813
894.6666666666666,0.00020131836546651835
894.75,0.0003772459686766099
894.8333333333333,0.00031746032332594565
894.9166666666666,0.0008503641126006138
895.0,0.0009316390905667412
895.0833333333333,0.0007787524452711831
895.1666666666666,0.0006203703064276716
895.25,0.0004463683991580852
895.3333333333333,0.00047512902218247675
895.4166666666666,0.0005347543405359253
895.5,0.0006221446654047333
895.5833333333333,0.000575543486083899
895.6666666666666,0.0002337978967494087
895.75,0.00026740432130963656
895.8333333333333,0.00031530201816600223
895.9166666666666,0.0003907393011067254
896.0,0.00026687954325907486
896.0833333333333,0.0004739716937994734
896.1666666666666,0.0003741633998135262
896.25,0.0004083968606240777
896.3333333333333,0.0006470586320607931
896.4166666666666,0.001122326895817235
896.5,0.0014864362607906643
896.5833333333333,0.0009545008423087498
896.6666666666666,0.0001879738047032745
896.75,0.0007184199647636977
896.8333333333333,0.0006166678149509937
896.9166666666666,0.0003067873116693408
897.0,0.0001193112899114152
897.0833333333333,0.00037810218691705747
897.1666666666666,9.823862947126873e-05
897.25,0.0002649403846282639
897.3333333333333,0.0005365061908717307
897.4166666666666,0.0003541730682321416
897.5,0.0003577769328340722
897.5833333333333,0.0004901861548539709
897.6666666666666,0.00015726618690981584
897.75,0.0001698518481293866
897.8333333333333,0.0006062076050235802
897.9166666666666,0.0009175994580964609
898.0,0.0006874571927547762
898.0833333333333,0.0007268126810608114
898.1666666666666,0.0006940388552678146
898.25,0.0005202618357943069
898.3333333333333,0.00017766569822955507
898.4166666666666,0.0006781358621959162
898.5,0.000708125237060997
898.5833333333333,0.0007796456331003311
898.6666666666666,0.0009470871066012371
898.75,0.0005196920556350142
898.8333333333333,0.0006430434448987704
898.9166666666666,0.0009391419579296737
899.0,0.0006454485291452242
899.0833333333333,0.00026014368179782334
899.1666666666666,0.0002903300036212145
899.25,0.0002623444830833535
899.3333333333333,0.0002449286156038476
899.4166666666666,0.0001830496418087698
899.5,0.00042381572722160235
899.5833333333333,0.00018873495355450998
899.6666666666666,0.0005249104889533931
899.75,0.00045471223766449563
899.8333333333333,0.0003854901348351227
899.9166666666666,0.0003528956585258767
900.0,0.00023526985461515759
900.0833333333333,0.00040539788069870986
900.1666666666666,0.00036242085552120316
900.25,0.00038848375325671873
900.3333333333333,0.000818379543730349
900.4166666666666,0.0005825250001042088
900.5,0.0001327796194791107
900.5833333333333,0.00018419067221721756
900.6666666666666,0.0003640889450114167
900.75,0.0005779374540439799
900.8333333333333,0.0006181335891421873
900.9166666666666,0.0004877932487188126
901.0,0.00017807260023647203
901.0833333333333,0.0002120541441771811
901.1666666666666,0.0005056331760735504
901.25,0.0003712487266604842
901.3333333333333,0.0007083165521867032
901.4166666666666,0.0007923265036257107
901.5,0.00039478344451333733
901.5833333333333,0.00028360105540733424
901.6666666666666,0.0002874464074894717
901.75,0.00021162853078583813
901.8333333333333,0.0005020737274901318
901.9166666666666,0.0004278795954549826
902.0,0.0004781194966437437
902.0833333333333,0.0007559665878336102
902.1666666666666,0.0007597369968272729
902.25,0.0006080200073278959
902.3333333333333,0.0003019621377893905
902.4166666666666,0.00040479879118159224
902.5,0.0006866626279909711
902.5833333333333,6.586975878043874e-05
902.6666666666666,0.00017115950682749443
902.75,0.0001916672782007429
902.8333333333333,0.00037359499785233346
902.9166666666666,0.00047286271072603087
903.0,0.0004054364890935546
903.0833333333333,0.0007756043109541858
903.1666666666666,0.0006828671906017864
903.25,0.0006939515547557669
903.3333333333333,0.0006655364540738225
903.4166666666666,0.00025460926861447413
903.5,0.0005243795653469089
903.5833333333333,0.00031158786056442733
903.6666666666666,0.0004463269481978222
903.75,0.0003246089559729598
903.8333333333333,0.0002216228287724302
903.9166666666666,0.0003872332156317082
904.0,0.001158821065983069
904.0833333333333,0.0011591203000337494
904.1666666666666,0.0007088462486656566
904.25,0.00017007736340648086
904.3333333333333,0.00030653316456949085
904.4166666666666,0.00044735063592760317
904.5,0.00039194996452731826
904.5833333333333,0.00018313536510091287
904.6666666666666,0.0004057859785900973
904.75,0.0006887326818163403
904.8333333333333,0.0005414409905733474
904.9166666666666,0.0005733332601851507
905.0,0.0006578962052145615
905.0833333333333,0.00035717611158465743
905.1666666666666,0.0004097275092439502
905.25,0.0005053179990133369
905.3333333333333,0.0004798956347614229
905.4166666666666,0.0005405675628260437
905.5,0.0004329494931873244
905.5833333333333,0.0001722859916753998
905.6666666666666,0.000545266662927014
905.75,0.0007383174452287172
905.8333333333333,0.0004950029038826598
905.9166666666666,0.0004829165301715302
906.0,0.0007295194383596681
906.0833333333333,0.00025594248934604865
906.1666666666666,0.0002905547518241305
906.25,0.00017855002436164272
906.3333333333333,9.298869844811114e-05
906.4166666666666,0.00035814379703392904
906.5,0.0007119001738177042
906.5833333333333,0.0006878619707878354
906.6666666666666,0.0004232852921596508
906.75,0.0003742860746735958
906.8333333333333,0.0007386156407962858
906.9166666666666,0.0010604435803155
907.0,0.0004523230390771623
907.0833333333333,0.00022835662611024008
907.1666666666666,0.00032219823788739803
907.25,0.0006916353744073155
907.3333333333333,0.000687770508433522
907.4166666666666,0.0006959572314826797
907.5,0.00022120171472473718
907.5833333333333,0.0001816684547770579
907.6666666666666,0.00012045802599939267
907.75,0.0003365901218604824
907.8333333333333,0.0006849236330317734
907.9166666666666,0.0009638940269731138
908.0,0.0004998838165873991
908.0833333333333,0.0005768678501784068
908.1666666666666,0.00023278532947571088
908.25,0.0003240083122177441
908.3333333333333,0.000267700673495766
908.4166666666666,0.00011929407730209208
908.5,0.0005106757952768792
908.5833333333333,0.0009285970458086209
908.6666666666666,0.0006842607981384512
908.75,0.00022405467944897322
908.8333333333333,0.0007087742445973254
908.9166666666666,0.0005193904706324518
909.0,0.00028567786528961353
909.0833333333333,6.404077539867371e-05
909.1666666666666,0.00044936502607289294
909.25,0.00036822056033623184
909.3333333333333,0.00017485506910007654
909.4166666666666,0.00020861755845613954
909.5,0.00035225639652822286
909.5833333333333,0.00034628051105330197
909.6666666666666,0.0005987979358511453
909.75,0.0006446444030065433
909.8333333333333,0.000288089086087391
909.9166666666666,0.0002869462550214761
910.0,0.0001584491994941509
910.0833333333333,0.000588249989317496
910.1666666666666,0.0007357906424215048
910.25,0.00030050404813601665
910.3333333333333,0.00015548713438230885
910.4166666666666,0.0006593298981255927
910.5,0.0008978218087609093
910.5833333333333,0.0009592438492675711
910.6666666666666,0.001122727593532893
910.75,0.000694425462933221
910.8333333333333,0.000284620279260025
910.9166666666666,0.00013018765336684007
911.0,0.00036985750106295195
911.0833333333333,0.000368863158391964
911.1666666666666,0.0004285589614893555
911.25,0.00029034191986801824
911.3333333333333,0.0005586440821000348
911.4166666666666,0.0007166773952484353
911.5,0.0010929220175726038
911.5833333333333,0.0010673263099022475
911.6666666666666,0.0008308467595147988
911.75,0.00017191253367513314
911.8333333333333,0.0005629813381635665
911.9166666666666,0.00034899837954086824
912.0,0.0003114430798259357
912.0833333333333,0.00036683023256051713
912.1666666666666,0.000475891262204581
912.25,0.0006276267232974372
912.3333333333333,0.0008672178861781295
912.4166666666666,0.000884705844808556
912.5,0.0005818355810330406
912.5833333333333,0.00022824294479893245
912.6666666666666,0.0003482698926320233
912.75,0.000475654365904469
912.8333333333333,0.0008135072214963833
912.9166666666666,0.0006219741608486872
913.0,0.0002272242796250281
913.0833333333333,0.0002891891625686192
913.1666666666666,0.00040742244967924176
913.25,0.00015586257913389193
913.3333333333333,0.0004179436645659593
913.4166666666666,0.000406859108054414
913.5,0.0002495812928043318
913.5833333333333,2.9305340406663565e-05
913.6666666666666,0.0006445159247740214
913.75,0.0004894897196167221
913.8333333333333,0.00028094250561781466
913.9166666666666,0.00037698864175498333
914.0,0.0005126378310547748
914.0833333333333,0.0007235571547100381
914.1666666666666,0.0006566793762450441
914.25,0.00010308093329683269
914.3333333333333,0.0005909278722636617
914.4166666666666,0.0004599615944461994
914.5,0.00045352676921884367
914.5833333333333,0.0002878858866577649
914.6666666666666,0.00032303079184817343
914.75,0.0005086744556034197
914.8333333333333,0.0001493673213538341
914.9166666666666,0.0006885778125021104
915.0,0.0008703198429559729
915.0833333333333,0.0007527134101646843
915.1666666666666,0.0005295200413567624
915.25,0.0005375251564368294
915.3333333333333,0.0001289895981327522
915.4166666666666,6.548364342779577e-05
915.5,0.000470582028640005
915.5833333333333,0.0004012217397291726
915.6666666666666,0.00030724996507261476
915.75,8.685546180712726e-05
915.8333333333333,0.0001527128155699185
915.9166666666666,0.0005700215338961015
916.0,0.0009568634843548287
916.0833333333333,0.0007455018274537396
916.1666666666666,0.00032054679565132933
916.25,9.440477885525033e-05
916.3333333333333,0.0002739406994985306
916.4166666666666,0.0001932495709545051
916.5,0.0006903168466841238
916.5833333333333,0.0010296596140171013
916.6666666666666,0.0008474840615735613
916.75,0.0003377409209355161
916.8333333333333,0.00020168224208669936
916.9166666666666,0.000289194736575323
917.0,0.00032207663278132763
917.0833333333333,0.00030811356911470035
917.1666666666666,0.0006627777726067742
917.25,0.0006532467285969078
917.3333333333333,0.0005799376602383156
917.4166666666666,0.0005036257801397024
917.5,0.0001075947674441293
917.5833333333333,0.0003176117936587604
917.6666666666666,8.775041373973945e-05
917.75,0.00035514864986569637
917.8333333333333,0.000591686821726416
917.9166666666666,0.0005960577649030718
918.0,0.00027975954801427787
918.0833333333333,0.0005824112187672367
918.1666666666666,0.0002962614821380969
918.25,7.320881382647516e-05
918.3333333333333,0.00016574462473980847
918.4166666666666,0.0005999683987176498
918.5,0.0005515979875818279
918.5833333333333,0.000701709649563192
918.6666666666666,0.000802862914263608
918.75,0.0004071640552823377
918.8333333333333,0.0002048881166653202
918.9166666666666,0.0005081284767002115
919.0,0.0007807759521984171
919.0833333333333,0.0006036628795297366
919.1666666666666,0.00012600014351148308
919.25,0.0005997355359381304
919.3333333333333,0.0009732329799180601
919.4166666666666,0.0008036650467459401
919.5,0.0007780111654013157
919.5833333333333,0.0006373731396353583
919.6666666666666,0.0004693898115730181
919.75,0.00040495688377838244
919.8333333333333,0.0004886916615717987
919.9166666666666,0.0010074546442517148
920.0,0.0007946575183877916
920.0833333333333,0.00013690001324980603
920.1666666666666,0.0005613711715635999
920.25,0.0005210121232681929
920.3333333333333,0.00020201405333168603
920.4166666666666,0.00043214159381171576
920.5,0.00023779658183477654
920.5833333333333,0.00013041594079107118
920.6666666666666,0.0003314990699278938
920.75,0.0005914799747235205
920.8333333333333,0.0007836214799815453
920.9166666666666,0.0004453229806811197
921.0,0.00044143821089226003
921.0833333333333,0.0009619626814839063
921.1666666666666,0.0004280522082805101
921.25,0.00048346232236700965
921.3333333333333,0.0004353709485280723
921.4166666666666,0.000235331140326052
921.5,0.0005123303204920281
921.5833333333333,0.0006251895625615097
921.6666666666666,0.0002134081904116236
921.75,0.0003461078229169714
921.8333333333333,0.0005541117160742753
921.9166666666666,0.00045300074654776453
922.0,0.0001246062957467107
922.0833333333333,0.0004618282767116043
922.1666666666666,0.00034652000654413693
922.25,0.0007172044797804827
922.3333333333333,0.0005948757993783966
922.4166666666666,0.0006755001551124556
922.5,0.0010109004352911281
922.5833333333333,0.0008173596368743798
922.6666666666666,0.0003356569768210952
922.75,0.0005761079657558297
922.8333333333333,9.808180916889808e-05
922.9166666666666,0.00036246535030474357
923.0,0.00025150667988555354
923.0833333333333,0.00018148185543436052
923.1666666666666,0.0001418433959080665
923.25,0.0005703988395021517
923.3333333333333,0.0005627210712117801
923.4166666666666,0.0003276333207500959
923.5,0.000940478202515169
923.5833333333333,0.0010493923534131123
923.6666666666666,0.00045815826731203087
923.75,0.0005102661487096812
923.8333333333333,0.0004714437676853133
923.9166666666666,0.0004150704454966038
924.0,0.000801102169742846
924.0833333333333,0.0008241106302130443
924.1666666666666,0.0004893736609694637
924.25,0.00018349656735208426
924.3333333333333,0.00015618522431075517
924.4166666666666,0.0004515053220491635
924.5,0.0003372044401208678
924.5833333333333,0.0005817611687057846
924.6666666666666,0.0007884182423322362
924.75,0.0005037793195025437
924.8333333333333,0.0005476947894492368
924.9166666666666,0.0007747715480683151
925.0,0.00047093407091232685
925.0833333333333,0.0003646979453157869
925.1666666666666,0.0001934919550937467
925.25,8.768979863809926e-05
925.3333333333333,0.0005450876625488829
925.4166666666666,0.0005919762527624053
925.5,0.0004686435658138624
925.5833333333333,0.00032751592720303366
925.6666666666666,0.00015713021092986367
925.75,0.0004021599149525311
925.8333333333333,0.0003884965565775394
925.9166666666666,9.00186038758861e-05
926.0,0.0002555344008379981
926.0833333333333,0.0004675582246365451
926.1666666666666,0.0008851377607638539
926.25,0.00025328091099650137
926.3333333333333,7.792153733409467e-05
926.4166666666666,0.0005711200460185735
926.5,0.0006201432592598222
926.5833333333333,0.0006256808090696636
926.6666666666666,0.0005475279486242741
926.75,0.00041621235683400815
926.8333333333333,0.00021840111321517184
926.9166666666666,0.0004720555868870862
927.0,0.0004868475121880643
927.0833333333333,0.00046941036443732154
927.1666666666666,0.00030227834405816733
927.25,0.00025032180937072714
927.3333333333333,0.0006415797449891125
927.4166666666666,0.000942235540333747
927.5,0.0010976839783537523
927.5833333333333,0.0006758038774848075
927.6666666666666,0.00021462384817014596
927.75,7.398182383514166e-05
927.8333333333333,4.897058808475116e-05
927.9166666666666,0.00041697036289793784
928.0,0.0003718643112783994
928.0833333333333,0.0004951853963613202
928.1666666666666,0.00017911443137676115
928.25,0.0003433293885600799
928.3333333333333,0.0002657614800206781
928.4166666666666,0.00027744438914181335
928.5,0.0011208687556905315
928.5833333333333,0.001363546869661025
928.6666666666666,0.0008104156237184024
928.75,0.00040110176318149934
928.8333333333333,0.00015216652130745038
928.9166666666666,0.0003396237414142791
929.0,0.0002101404045907385
929.0833333333333,0.0003184858466083087
929.1666666666666,4.711644061048306e-05
929.25,0.0005125997705504946
929.3333333333333,0.00032965675081956944
929.4166666666666,0.0003530512571375922
929.5,0.0005303246698527829
929.5833333333333,0.0006006068600046463
929.6666666666666,0.000297833821280878
929.75,0.00045758345231122695
929.8333333333333,0.0005722049584827039
929.9166666666666,0.0005043814349487716
930.0,0.0003957233106634235
930.0833333333333,0.0005975279253397776
930.1666666666666,0.0008724697147889229
930.25,0.0007388048682215147
930.3333333333333,0.00025682358383666157
930.4166666666666,0.00014523558341901803
930.5,0.0005724993913002239
930.5833333333333,0.0007291966029285807
930.6666666666666,0.00046917603605942077
930.75,0.0003149296976091639
930.8333333333333,0.00041857798247994294
930.9166666666666,0.00025172320362759425
931.0,0.00021674185464469898
931.0833333333333,0.00014773965875522008
931.1666666666666,0.00030720373385268904
931.25,0.0007827727970190879
931.3333333333333,0.0004842262736652656
931.4166666666666,0.0008248263043074176
931.5,0.0006938056602999381
931.5833333333333,0.00039025845452994796
931.6666666666666,0.00048385344539563543
931.75,0.0011319030073199446
931.8333333333333,0.0007377584748304632
931.9166666666666,0.0004196662475285904
932.0,0.0004969185624840665
932.0833333333333,0.00020437274740900342
932.1666666666666,0.0003997471939299395
932.25,0.0006173052921833292
932.3333333333333,0.0006570438774051787
932.4166666666666,0.0008821070625455523
932.5,0.0008521385469886769
932.5833333333333,0.0004930202950576802
932.6666666666666,0.00014739851070570413
932.75,0.00010028639080480136
932.8333333333333,0.00032931711857584015
932.9166666666666,0.0007697985959478606
933.0,0.0006118752181302459
933.0833333333333,0.00023618784296324758
933.1666666666666,5.001033216522935e-05
933.25,0.00033728499927071845
933.3333333333333,0.0006534492741555793
933.4166666666666,0.0011687625111202276
933.5,0.0005691771550139615
933.5833333333333,0.0006074363820552041
933.6666666666666,0.00022774077879933406
933.75,0.0007465496982048238
933.8333333333333,0.0006684010434676468
933.9166666666666,0.0003192223641262367
934.0,0.0004954384143695739
934.0833333333333,0.00020353469759511422
934.1666666666666,0.00041641371567885984
934.25,0.00036880251987190366
934.3333333333333,0.000303193280759638
934.4166666666666,0.0003351115567086526
934.5,0.0004069769819998032
934.5833333333333,0.00021254139256420536
934.6666666666666,0.0005672682921891223
934.75,0.0008056356653136874
934.8333333333333,0.0009165682010088832
934.9166666666666,0.0003964092916400556
935.0,9.537119097400199e-05
935.0833333333333,0.00035542147132671157
935.1666666666666,0.000565808586281565
935.25,0.0007216381319982082
935.3333333333333,0.0009818449955147181
935.4166666666666,0.0010329725495079203
935.5,0.0006621700096563284
935.5833333333333,0.00037661894591978754
935.6666666666666,0.0005056491688503704
935.75,0.0005460054009994621
935.8333333333333,0.0007793250493577155
935.9166666666666,0.0006361290882161129
936.0,0.00035162558903101195
936.0833333333333,0.00013519340969550905
936.1666666666666,0.0001326416925366376
936.25,0.0003993778407825604
936.3333333333333,0.0008330454110330387
936.4166666666666,0.0007304858831827704
936.5,0.0001293092497252709
936.5833333333333,0.0001600372952921574
936.6666666666666,0.00010827605423949863
936.75,0.0003760171420335255
936.8333333333333,0.00046921476512253003
936.9166666666666,0.0004768402506063571
937.0,0.0004816207612618404
937.0833333333333,0.00031393025039076636
937.1666666666666,0.00037710630744624613
937.25,0.0003107888809389514
937.3333333333333,0.0002485595400261877
937.4166666666666,0.00026616641000990306
937.5,0.00017933773534390757
937.5833333333333,0.0003024076222783324
937.6666666666666,0.00019722017716107925
937.75,0.00033576968980763205
937.8333333333333,0.0004458820695269442
937.9166666666666,0.00046377148599828613
938.0,0.0005234672198850577
938.0833333333333,0.0006855781887592774
938.1666666666666,0.0011348514078205571
938.25,0.00028016182286276216
938.3333333333333,0.00033674761616465015
938.4166666666666,0.0003597395964481135
938.5,0.00040217168905313605
938.5833333333333,0.0007032261946821898
938.6666666666666,0.0006814465284951571
938.75,0.00042075740252788674
938.8333333333333,0.0002800759042129016
938.9166666666666,0.00028811078782642595
939.0,0.00036626687517837754
939.0833333333333,0.0009549784400844493
939.1666666666666,0.0009753058303402303
939.25,0.0004760099832513992
939.3333333333333,6.37102561422789e-05
939.4166666666666,0.0005184286056570348
939.5,0.0005362846848087319
939.5833333333333,0.0002534835549839565
939.6666666666666,0.00028203648233173374
939.75,0.0005375331594814705
939.8333333333333,0.00013168109543728996
939.9166666666666,0.0006314250990456559
940.0,0.0008819778527167873
940.0833333333333,0.000401695064924272
940.1666666666666,0.0005237517683456432
940.25,0.0005267831160026835
940.3333333333333,0.00036415209394223314
940.4166666666666,0.0005159339693510676
940.5,0.0005055047601541869
940.5833333333333,0.00046192037377279694
940.6666666666666,0.00020894494546337312
940.75,8.886856735498258e-05
940.8333333333333,0.00013718951753599802
940.9166666666666,0.0002883515917097731
941.0,0.0009981674178578708
941.0833333333333,0.0009852506276324436
941.1666666666666,0.0004716093317910675
941.25,0.00022327256537928896
941.3333333333333,0.000657669305729173
941.4166666666666,0.0006196169345472612
941.5,0.0004970121700096297
941.5833333333333,0.0006046975349085419
941.6666666666666,0.0006136701052889107
941.75,0.00032960856476597987
941.8333333333333,0.00020192751178770444
941.9166666666666,0.00041009656181330225
942.0,0.0003172867755539471
942.0833333333333,4.523524634186057e-05
942.1666666666666,0.0003277066927651958
942.25,0.0005352096083918467
942.3333333333333,0.0004549307803735645
942.4166666666666,0.0003522005208999944
942.5,0.00038634060250356103
942.5833333333333,0.0005327169975855374
942.6666666666666,0.0006438891782196419
942.75,0.00032413999270313577
942.8333333333333,0.00030084085992426783
942.9166666666666,0.00018324678746515043
943.0,0.0005402198398697245
943.0833333333333,0.000703437581542498
943.1666666666666,0.00036857702140117644
943.25,0.00034248911588005134
943.3333333333333,0.0002713199522595098
943.4166666666666,0.00010096041292323411
943.5,0.0003627291232779061
943.5833333333333,0.0003075056945544947
943.6666666666666,0.00019674427588232436
943.75,0.0005069257270544954
943.8333333333333,0.0005611906729568246
943.9166666666666,0.00043413169093978524
944.0,0.0006863099993125473
944.0833333333333,0.0010046855798092665
944.1666666666666,0.0009818272384170689
944.25,0.0007210973819647355
944.3333333333333,0.0004789578344942974
944.4166666666666,0.0005484598014066786
944.5,0.0006254195888536433
944.5833333333333,0.0005054554864741543
944.6666666666666,0.00029458508611364495
944.75,0.0005470716145832662
944.8333333333333,0.00026440948717076
944.9166666666666,0.00026174175265999267
945.0,0.0005882430708850845
945.0833333333333,0.0005118959099206938
945.1666666666666,0.0002650629444723932
945.25,0.00021990653475714408
945.3333333333333,0.000264284422219955
945.4166666666666,0.00034809434231716156
945.5,0.00043970953395442276
945.5833333333333,0.00029036514457235214
945.6666666666666,0.00027556004934808936
945.75,0.0003593965252379023
945.8333333333333,0.0008248198002503913
945.9166666666666,0.0008761383161904317
946.0,9.158473961380474e-05
946.0833333333333,0.0005414629784283614
946.1666666666666,0.0006312424859990692
946.25,0.0007436300476957909
946.3333333333333,0.0006017677484856139
946.4166666666666,0.0005945804555978118
946.5,0.0006457052478337711
946.5833333333333,0.00025170383117577197
946.6666666666666,0.00016948190143306158
946.75,0.00013280700499182412
946.8333333333333,0.00045352341740959756
946.9166666666666,0.0008716321698868316
947.0,0.0005202452708921658
947.0833333333333,0.0001369950716183734
947.1666666666666,0.00022626102354728474
947.25,0.00047658068724719567
947.3333333333333,0.0008938301327380859
947.4166666666666,0.0009583045941832658
947.5,0.0003190185682288169
947.5833333333333,0.0003296241386303488
947.6666666666666,0.0005886191410229298
947.75,0.0005410133683334258
947.8333333333333,0.00047848252515864207
947.9166666666666,0.0006415452621520013
948.0,0.00033762232749796125
948.0833333333333,0.0009000665122461608
948.1666666666666,0.0002627631903591331
948.25,0.0005091878538475489
948.3333333333333,4.23405362273006e-05
948.4166666666666,0.0004250289334692798
948.5,0.0002482074980753933
948.5833333333333,0.0002961944735451871
948.6666666666666,0.00038976566738409653
948.75,0.00046684610212260566
948.8333333333333,0.0005772910059170355
948.9166666666666,0.00048475031962681974
949.0,0.00035959164034005277
949.0833333333333,0.0002618705031786214
949.1666666666666,0.0003245114023168485
949.25,0.00039982923539730883
949.3333333333333,0.0007125309595648626
949.4166666666666,0.0006134409580563011
949.5,0.00018255158217236653
949.5833333333333,0.00045374595834518004
949.6666666666666,0.00035340045474670635
949.75,0.00012101494928936474
949.8333333333333,8.828960313695963e-05
949.9166666666666,0.00023935744323029022
950.0,0.00044731946402470636
950.0833333333333,0.0002316527206097037
950.1666666666666,0.00019197615268660997
950.25,0.0005170359012811127
950.3333333333333,0.0003783912073887938
950.4166666666666,0.0003876255538791247
950.5,0.0002651054210434308
950.5833333333333,0.0006250032846459799
950.6666666666666,0.0008130566987349935
950.75,0.00033068022646742497
950.8333333333333,0.0006233438810457887
950.9166666666666,0.0006230478137296445
951.0,0.0010209952858402558
951.0833333333333,0.00044761384513287945
951.1666666666666,0.000298694361575964
951.25,0.00047769569022372587
951.3333333333333,0.0008462129846059581
951.4166666666666,0.0011478521516517582
951.5,0.0005740385898979535
951.5833333333333,0.00017270118902187087
951.6666666666666,0.0002720680656990616
951.75,0.00024838207943415143
951.8333333333333,0.0006939623137416979
951.9166666666666,0.0006271018060076795
952.0,0.0003601346414095091
952.0833333333333,0.00026652393782619697
952.1666666666666,0.0004928696352254644
952.25,0.000887401357943661
952.3333333333333,0.0006025563429565779
952.4166666666666,0.0005001297034968441
952.5,0.00036779473920732877
952.5833333333333,0.0004956663492383912
952.6666666666666,0.0012142133722436766
952.75,0.001174238779048512
952.8333333333333,0.0007198879501701772
952.9166666666666,0.000390518465772807
953.0,0.0002695071215882805
953.0833333333333,0.0003560112688458433
953.1666666666666,0.00021713458142671457
953.25,5.411317563952735e-05
953.3333333333333,0.00037512736199040055
953.4166666666666,0.0004093993689248199
953.5,0.00040708224011287155
953.5833333333333,0.00030336591668330917
953.6666666666666,0.0006653042194449385
953.75,0.00035132616187251816
953.8333333333333,0.0005472293346248083
953.9166666666666,0.000424644264617594
954.0,0.0006160423226176007
954.0833333333333,0.0010363520039084176
954.1666666666666,0.0010411342594846338
954.25,0.0006375435627672117
954.3333333333333,0.00044100600840534096
954.4166666666666,0.0006515207887251129
954.5,0.0008771279090592995
954.5833333333333,0.0004966545622756886
954.6666666666666,0.00032030750904445837
954.75,0.00023456192190647091
954.8333333333333,0.00030162010642950155
954.9166666666666,0.000503040340454458
955.0,0.00030056262661571986
955.0833333333333,0.00021214662072068413
955.1666666666666,0.0003305118080259631
955.25,0.0002086732931081632
955.3333333333333,0.00014625202716600426
955.4166666666666,0.0002741992036925926
955.5,0.0005640386360133834
955.5833333333333,0.0006993500898806216
955.6666666666666,0.0003340368391965866
955.75,0.00016246563186212077
955.8333333333333,0.0005095817103831262
955.9166666666666,0.0006951489772092649
956.0,0.0008550317587769497
956.0833333333333,0.0007953117740987987
956.1666666666666,0.0002495385074507984
956.25,0.00034010706105322517
956.3333333333333,0.00043282369746244634
956.4166666666666,0.000417635362828549
956.5,0.0005730433316973869
956.5833333333333,0.0005270854761794362
956.6666666666666,0.00019247197342968595
956.75,0.00016453981789993103
956.8333333333333,0.0003681546254959867
956.9166666666666,0.00040070019487828705
957.0,0.0005359094242705118
957.0833333333333,0.00018407557027977405
957.1666666666666,0.000532153561753196
957.25,0.0005572920669846302
957.3333333333333,0.0006935857348967625
957.4166666666666,0.00020512466105514478
957.5,0.00025231251781017227
957.5833333333333,0.0002643821754926003
957.6666666666666,0.000240117581400074
957.75,0.0003947687530158966
957.8333333333333,0.0003307068965505304
957.9166666666666,0.0006792684474327101
958.0,0.0008699910139638974
958.0833333333333,0.0009272337492697554
958.1666666666666,0.0004137620448791981
958.25,0.0009518049974344277
958.3333333333333,0.0010532376584276913
958.4166666666666,0.0007043404815907881
958.5,0.000826087917170494
958.5833333333333,0.001083090110366352
958.6666666666666,0.0005156340627062692
958.75,0.0004616981330086953
958.8333333333333,0.0005489393083485633
958.9166666666666,0.0004475028715228739
959.0,0.0005980205875078712
959.0833333333333,0.0010070278884852565
959.1666666666666,0.0009570374573446182
959.25,0.00046656364667638965
959.3333333333333,0.0003293696943815758
959.4166666666666,0.00023981951104963265
959.5,0.00018948077901747556
959.5833333333333,0.00031145474774547076
959.6666666666666,0.0003321577806777326
959.75,0.0003700938129312008
959.8333333333333,0.0005296320142090446
959.9166666666666,0.0005808183588066881
960.0,0.00016248700736752733
960.0833333333333,0.0002772664748255468
960.1666666666666,0.0001073155433388296
960.25,0.00019515998159122872
960.3333333333333,0.00029683722470891607
960.4166666666666,0.0004200906770799827
960.5,0.000639845705222883
960.5833333333333,0.0007439559723949699
960.6666666666666,0.0008145376527057185
960.75,0.00047048772401898795
960.8333333333333,0.00011047225051813333
960.9166666666666,0.0002602309637487709
961.0,0.00016887788100224116
961.0833333333333,0.0003491127095387752
961.1666666666666,0.0004259939661691612
961.25,0.0005988457835623503
961.3333333333333,0.00039834225511011705
961.4166666666666,0.00047996154198348673
961.5,0.00046180196083792227
961.5833333333333,0.00021665961690812705
961.6666666666666,0.00028399894268453285
961.75,0.0005362604393939896
961.8333333333333,0.0004583712110085589
961.9166666666666,0.0001679534727201916
962.0,7.756197512867832e-05
962.0833333333333,0.0005539492505330774
962.1666666666666,0.0005171586253197836
962.25,0.0003622800215289175
962.3333333333333,0.0004424061595538776
962.4166666666666,0.00032008206489107257
962.5,0.0002926569184679576
962.5833333333333,0.0008936495276116239
962.6666666666666,0.001022584190252329
962.75,0.0004367887098233993
962.8333333333333,0.0001673356322546706
962.9166666666666,0.0003822457664757721
963.0,0.0008115591647215042
963.0833333333333,0.0008187833366816793
963.1666666666666,0.0005647852195437602
963.25,0.00047312543969554855
963.3333333333333,0.0001497574228899194
963.4166666666666,8.15911315455347e-05
963.5,0.0006868362639265882
963.5833333333333,0.0006743695700413448
963.6666666666666,0.0009151058021592683
963.75,0.0009882822816703399
963.8333333333333,0.0006309697934753018
963.9166666666666,0.0006353538801537827
964.0,0.0005813361625756244
964.0833333333333,0.0001767260049425471
964.1666666666666,0.00024190721835134742
964.25,0.000578910854414227
964.3333333333333,0.0005040580853900614
964.4166666666666,0.0003587538654653205
964.5,0.0004271437009168647
964.5833333333333,0.0004285892886574009
964.6666666666666,0.0005923938400805501
964.75,0.00013170522531756623
964.8333333333333,0.0008574954769865029
964.9166666666666,0.0007457100513409097
965.0,0.00022489907839983442
965.0833333333333,6.895930882829685e-05
965.1666666666666,0.0007512541052282913
965.25,0.0013320681381210134
965.3333333333333,0.0012807155081742065
965.4166666666666,0.0010973926270032317
965.5,0.0005595578628194564
965.5833333333333,0.00020337741846265345
965.6666666666666,0.0002680593543476988
965.75,0.0001761040975526637
965.8333333333333,0.0001782938680331696
965.9166666666666,0.0004572850868753083
966.0,0.0008924602983146221
966.0833333333333,0.0005759879939364743
966.1666666666666,5.215575019082812e-05
966.25,3.447309403578602e-05
966.3333333333333,0.00030560164257353075
966.4166666666666,0.0005563772347815371
966.5,0.0005519883917572937
966.5833333333333,0.0005963910789744181
966.6666666666666,0.0005103975206229175
966.75,0.0002824470761102286
966.8333333333333,0.00027588605326441245
966.9166666666666,0.0006005667249501015
967.0,0.0010011892499861477
967.0833333333333,0.0003580020256556736
967.1666666666666,0.00032729874530244325
967.25,0.00046145594932706774
967.3333333333333,0.00048206730431216784
967.4166666666666,0.0002744489702916403
967.5,0.0006412866954626822
967.5833333333333,0.0010117834291742465
967.6666666666666,0.0009709092960574272
967.75,0.0003463799193966003
967.8333333333333,0.0003452012947501336
967.9166666666666,0.00043142162609762245
968.0,0.00012959810736507893
968.0833333333333,0.0005651379667718533
968.1666666666666,0.000618375621993896
968.25,0.000178783161175557
968.3333333333333,0.00033330057955511155
968.4166666666666,0.0002721452702295013
968.5,0.0006786318977083999
968.5833333333333,0.0005213347910075866
968.6666666666666,0.00032320993259359564
968.75,0.0006108949103953019
968.8333333333333,0.0006042246673001205
968.9166666666666,0.0002966419850910028
969.0,0.00038012999996852123
969.0833333333333,0.000699334879997126
969.1666666666666,0.00033637000871511306
969.25,0.00018513632940675548
969.3333333333333,0.00029825406962145153
969.4166666666666,0.0003341970252856408
969.5,0.00035469833905511577
969.5833333333333,0.0004247691023931675
969.6666666666666,0.0006310282080754472
969.75,0.00082396423008915
969.8333333333333,0.0007702307139368982
969.9166666666666,0.0005699588342227877
970.0,0.0006878965081708807
970.0833333333333,0.0011144463214015417
970.1666666666666,0.0007861010279844338
970.25,0.000223408680832276
970.3333333333333,0.0003203358832634849
970.4166666666666,0.0003095608012639121
970.5,0.0007610352462601364
970.5833333333333,0.0011055644944639124
970.6666666666666,0.0012620744533221847
970.75,0.0009311904024079768
970.8333333333333,0.00019463577376690607
970.9166666666666,0.00018716279217079686
971.0,0.0003928087091298666
971.0833333333333,0.0006077088234477212
971.1666666666666,0.00012116762974799534
971.25,0.0005208246424587337
971.3333333333333,0.00045283870532292865
971.4166666666666,0.00017336499404642809
971.5,0.00023186816153993704
971.5833333333333,0.00023867033018206432
971.6666666666666,0.00016248272313508792
971.75,0.00036340290208855373
971.8333333333333,0.0005225664887554628
971.9166666666666,0.00040052264975711205
972.0,0.0003725233098847745
972.0833333333333,0.00043489389936363196
972.1666666666666,0.0008622386056140075
972.25,0.0006530401129071997
972.3333333333333,0.00031048310883777545
972.4166666666666,0.00022497731012099495
972.5,0.00040488255070409335
972.5833333333333,0.0009584434019779418
972.6666666666666,0.0007060871176640787
972.75,0.0005097232289624936
972.8333333333333,0.0003173793452781729
972.9166666666666,0.0005870454626150316
973.0,0.00046825275503758676
973.0833333333333,0.000180506520604081
973.1666666666666,0.0002205599856822328
973.25,0.0002317409883140455
973.3333333333333,0.00022286207533149971
973.4166666666666,0.0002823190874978825
973.5,0.0007625709136132447
973.5833333333333,0.0008261861808538266
973.6666666666666,0.0004075361652676948
973.75,0.00013940783907522868
973.8333333333333,0.0003760850476085207
973.9166666666666,0.000892831812360338
974.0,0.0006492039278859439
974.0833333333333,0.0005068895393529881
974.1666666666666,0.0004280363562729897
974.25,0.0001257608171176046
974.3333333333333,0.00029973230827900875
974.4166666666666,0.0005080806336599501
974.5,0.0005092658793972905
974.5833333333333,0.000581572382571197
974.6666666666666,0.0002509226285979711
974.75,0.00042704820580186315
974.8333333333333,0.0007786050291605878
974.9166666666666,0.0008886218575717117
975.0,0.0007568930017739453
975.0833333333333,0.00024829074026511556
975.1666666666666,0.0002528880006987041
975.25,0.00022123615767599117
975.3333333333333,0.0005476197079876742
975.4166666666666,0.000742704608531855
975.5,0.00029426082007978784
975.5833333333333,0.0004736443427864175
975.6666666666666,0.00040915132382657066
975.75,0.0002928328571962588
975.8333333333333,0.00013366950400746816
975.9166666666666,0.00017035315352421435
976.0,0.0006187972502982774
976.0833333333333,0.0005982153962211922
976.1666666666666,0.0007370686880796027
976.25,0.0006123408461660648
976.3333333333333,0.0003102868301239961
976.4166666666666,0.00021234750025352235
976.5,0.0005858520255556442
976.5833333333333,0.0007019251671807516
976.6666666666666,0.0006772661385225713
976.75,0.0005956847285447762
976.8333333333333,0.0004748303004351935
976.9166666666666,0.0008099814536848515
977.0,0.00031460150120147113
977.0833333333333,0.0006831196995261451
977.1666666666666,0.00035073338410155345
977.25,0.00032470953842960647
977.3333333333333,0.0002189492095818842
977.4166666666666,0.00017189921929723883
977.5,0.0003182501018079144
977.5833333333333,9.964224749907231e-05
977.6666666666666,0.000298371970495066
977.75,0.0005478189726761291
977.8333333333333,0.00047198978090079273
977.9166666666666,0.00024006211042880245
978.0,0.00035109792839923805
978.0833333333333,0.0006028872864816362
978.1666666666666,0.0008432975116428857
978.25,0.0004979519786234115
978.3333333333333,0.000183426690516048
978.4166666666666,0.0002477814341045326
978.5,0.0006645098217627019
978.5833333333333,0.0010160012504264468
978.6666666666666,0.0006278000510923188
978.75,0.0005384094024687153
978.8333333333333,0.00047137604248359576
978.9166666666666,0.00047195785121781684
979.0,0.0005949900052415495
979.0833333333333,0.0005512672535304163
979.1666666666666,0.000444095078971417
979.25,0.00032134819501508855
979.3333333333333,0.0007824561214128259
979.4166666666666,0.0010118527198435382
979.5,0.0006560296762055092
979.5833333333333,0.0007119927038593983
979.6666666666666,0.0009273578366397378
979.75,0.000862081841824105
979.8333333333333,0.00048578711062312064
979.9166666666666,0.0001432401883567089
980.0,0.0005074814551756592
980.0833333333333,0.0004518305615500231
980.1666666666666,0.0005533189711402319
980.25,0.0003860346174230673
980.3333333333333,0.0003377375670351021
980.4166666666666,0.00033971556087367295
980.5,0.0005356153666847562
980.5833333333333,0.000450628642297212
980.6666666666666,0.00024873117110318547
980.75,0.0009245462237932076
980.8333333333333,0.00027458013312979236
980.9166666666666,0.00019698632030870278
981.0,0.00047493279020253466
981.0833333333333,0.0004096934855777074
981.1666666666666,0.0006368626442998715
981.25,0.0006363609813680785
981.3333333333333,0.0004634389237059269
981.4166666666666,0.00025050943706817136
981.5,0.00033662055995276513
981.5833333333333,0.0006597217728981389
981.6666666666666,0.00029968765414617677
981.75,0.00012773766768366115
981.8333333333333,0.0004972665067199296
981.9166666666666,0.00048286223729215405
982.0,0.0003129848812097911
982.0833333333333,0.0004218565258997184
982.1666666666666,0.00030627726276285535
982.25,0.00022999208532844485
982.3333333333333,0.00019596818644429854
982.4166666666666,0.00038742368395619655
982.5,0.0002730573421411028
982.5833333333333,0.0005003966865616471
982.6666666666666,0.00040284664822097337
982.75,0.0004198351464787681
982.8333333333333,0.0005860797662944451
982.9166666666666,0.00036328979826550636
983.0,0.0004751521785292457
983.0833333333333,0.0005228135403327356
983.1666666666666,0.00013715763313085016
983.25,0.0005409365865807717
983.3333333333333,0.0009068915266193467
983.4166666666666,0.0006379113402460338
983.5,0.0006235474386492577
983.5833333333333,0.0006313606728423555
983.6666666666666,0.000798156635268155
983.75,0.0009154373974258759
983.8333333333333,0.000488680915815662
983.9166666666666,7.949818811381258e-05
984.0,0.0004160487570919606
984.0833333333333,0.00019262430368453175
984.1666666666666,0.0004899723634749136
984.25,0.00020886655769462834
984.3333333333333,0.00021162243957846332
984.4166666666666,6.727119635553331e-05
984.5,0.0002585347309930991
984.5833333333333,0.00016263416563946234
984.6666666666666,0.00043382260611458603
984.75,0.00032765594322933756
984.8333333333333,0.00011867429611414875
984.9166666666666,0.0006079246991806686
985.0,0.0003472944907920117
985.0833333333333,0.0002123443430157476
985.1666666666666,6.339824921528092e-05
985.25,0.0005195041477182316
985.3333333333333,0.0008769127534274016
985.4166666666666,0.0007603466231115069
985.5,0.0005235147479447515
985.5833333333333,0.0003210240858977932
985.6666666666666,0.0004541170634542542
985.75,0.0003955596532116699
985.8333333333333,0.00016606313447214432
985.9166666666666,0.000298163003404263
986.0,0.0003724148208249825
986.0833333333333,0.00048083023800670204
986.1666666666666,0.0003356503829936539
986.25,0.00043217005801675606
986.3333333333333,0.00046749152715818256
986.4166666666666,0.000358693679413203
986.5,0.00024597670048588877
986.5833333333333,0.00025038098934148745
986.6666666666666,0.0001607924099979493
986.75,0.00043810469883615
986.8333333333333,0.00035229579022356673
986.9166666666666,0.00033482314917895303
987.0,0.0007413266102342778
987.0833333333333,0.00042192465582448007
987.1666666666666,0.0007036137878621873
987.25,0.000591665685052445
987.3333333333333,0.00017053840180875928
987.4166666666666,0.000384488882475881
987.5,0.0001069298671080394
987.5833333333333,0.00019288054564125056
987.6666666666666,0.00017003989265020704
987.75,0.0004369725474987571
987.8333333333333,0.0006635593683899211
987.9166666666666,0.0010387972632736006
988.0,0.0008633441916185238
988.0833333333333,0.0003009701135981926
988.1666666666666,0.0004508520508309701
988.25,0.0003578288174751505
988.3333333333333,0.00016730183859195493
988.4166666666666,0.00038691892003739293
988.5,0.000208270413002975
988.5833333333333,0.0003816235499087508
988.6666666666666,0.00034353661226630864
988.75,0.00019314273837562704
988.8333333333333,0.0010813668500209012
988.9166666666666,0.0009928306246414409
989.0,0.00033761675811088836
989.0833333333333,0.0006947519990821056
989.1666666666666,0.0008236565782792838
989.25,0.0002637520667766485
989.3333333333333,0.0003354589735001257
989.4166666666666,0.0004310740000663085
989.5,0.00011370852273994024
989.5833333333333,0.0002286039436597311
989.6666666666666,0.0006378958532133646
989.75,0.0005146951006446977
989.8333333333333,0.00019245079334240535
989.9166666666666,0.0001327301347037711
990.0,0.0004251649059902769
990.0833333333333,0.0005932377372360781
990.1666666666666,0.0007735927295298983
990.25,0.00038655790076306217
990.3333333333333,0.0002139436434926072
990.4166666666666,0.00030982652552435843
990.5,0.0001774715508099238
990.5833333333333,7.563381828530124e-05
990.6666666666666,0.00030054127377401093
990.75,0.0003252904505794825
990.8333333333333,0.00023365290400934264
990.9166666666666,0.000689926945111303
991.0,0.0006742372574989027
991.0833333333333,0.000272447813889474
991.1666666666666,0.00033625674555054535
991.25,0.0005117666915108095
991.3333333333333,0.00034721785970661236
991.4166666666666,0.0007106544175637142
991.5,0.0011363365273622265
991.5833333333333,0.0006606938314451464
991.6666666666666,0.0002010602305382811
991.75,0.00046139278273833875
991.8333333333333,0.0004585959603096085
991.9166666666666,0.0005316895226982347
992.0,0.0003942436243045945
992.0833333333333,0.0005457951479030298
992.1666666666666,0.0006177065267893911
992.25,0.0007461997999363805
992.3333333333333,0.0008549692731450374
992.4166666666666,0.0004000793344054075
992.5,0.000418039203146111
992.5833333333333,0.0009170899222679822
992.6666666666666,0.0006092553219361435
992.75,0.0003873923403446614
992.8333333333333,0.00025397665495720294
992.9166666666666,0.0005676311981452569
993.0,0.0007417640219310601
993.0833333333333,0.00033576860670239477
993.1666666666666,0.0007034149555931173
993.25,0.0004571306826412668
993.3333333333333,0.0002746807195620667
993.4166666666666,0.00035894947899219737
993.5,0.0004331333035529723
993.5833333333333,0.0005859448237226667
993.6666666666666,0.0007344236011151192
993.75,0.0012224213840078698
993.8333333333333,0.0010729315908238547
993.9166666666666,0.0002847696416350563
994.0,0.00040150328132256674
994.0833333333333,0.00026139694473278604
994.1666666666666,7.564416008879774e-05
994.25,0.0002368216180155444
994.3333333333333,7.548862866440893e-05
994.4166666666666,0.0001498379040044249
994.5,0.000389529745907854
994.5833333333333,0.00033040328499444975
994.6666666666666,0.0005007884792249213
994.75,0.00042449664558369063
994.8333333333333,0.000534015476831593
994.9166666666666,0.0003773305728009366
995.0,0.00020793652606766427
995.0833333333333,0.00023728344165597316
995.1666666666666,0.0002507283739851105
995.25,0.00044541155777358583
995.3333333333333,0.00043815162758732663
995.4166666666666,0.00017757165415852846
995.5,0.00034779195834346314
995.5833333333333,0.0005119316093101563
995.6666666666666,0.00037144607234275347
995.75,0.0005752959445662134
995.8333333333333,0.0007164039498637026
995.9166666666666,0.0003522790908516783
996.0,0.00020311074643962333
996.0833333333333,0.0008074999468281557
996.1666666666666,0.0008210564293779746
996.25,0.0004111545564831064
996.3333333333333,0.0004374731479490902
996.4166666666666,0.0004007859398087811
996.5,0.00020281703165306517
996.5833333333333,0.0004364229685935507
996.6666666666666,0.00035044852618974326
996.75,0.0006900984542069249
996.8333333333333,0.0005668081896994528
996.9166666666666,0.00026209529440566494
997.0,0.0001085623078751446
997.0833333333333,0.00016985801032764146
997.1666666666666,0.0005559629985400385
997.25,0.0005454602582237625
997.3333333333333,0.0005672771097087775
997.4166666666666,0.0006128460055882556
997.5,0.0005791194405943773
997.5833333333333,0.0008956194514499859
997.6666666666666,0.0008126444134374332
997.75,0.00015766569349929963
997.8333333333333,0.0005997799025845333
997.9166666666666,0.00042222231218447856
998.0,0.0003351397682167299
998.0833333333333,0.0007709311514750609
998.1666666666666,0.0004731680089418683
998.25,0.00046477881707780407
998.3333333333333,0.0006380871839760264
998.4166666666666,0.0011231038936280837
998.5,0.000613750903767439
998.5833333333333,0.0004982560497394481
998.6666666666666,0.0008647162774092919
998.75,0.0007293041539771796
998.8333333333333,0.0002410593663195433
998.9166666666666,0.0003548153161498312
999.0,0.00038670676364416636
999.0833333333333,0.000549422172211937
999.1666666666666,0.0005359025710577154
999.25,0.0002614561864451182
999.3333333333333,0.0002485068078111069
999.4166666666666,0.00017915608268626675
999.5,0.00041366427022884527
999.5833333333333,0.0006266738667493637
999.6666666666666,0.0006466904778523227
999.75,0.0002714695059059483
999.8333333333333,0.0007492997984827595
999.9166666666666,0.0004841642610546687
1000.0,0.0002489726341147956
