group_id,true_label,pred_label,device_id,speed_percent,rpm,source_file,record_index,proba_正常,proba_转子不平衡,proba_联轴器不对中,proba_松动,proba_轴承故障,proba_汽蚀
Motor-2::50::/Users/hewenhao/Documents/电机驱动离心泵多故障电流与振动监测数据集/数据集/原始数据集/Vibration/Motor-2/50/正常状态1/振动_电机2_50_时域-正常状态1-通道4.csv::record_0,正常,正常,Motor-2,50,740.0,/Users/hewenhao/Documents/电机驱动离心泵多故障电流与振动监测数据集/数据集/原始数据集/Vibration/Motor-2/50/正常状态1/振动_电机2_50_时域-正常状态1-通道4.csv,0,0.9999992817633824,5.775861106212478e-19,6.484545106333104e-16,6.046949570576363e-19,7.182366170122117e-07,1.9711933018645402e-22
Motor-2::50::/Users/hewenhao/Documents/电机驱动离心泵多故障电流与振动监测数据集/数据集/原始数据集/Vibration/Motor-2/50/正常状态1/振动_电机2_50_时域-正常状态1-通道4.csv::record_1,正常,正常,Motor-2,50,740.0,/Users/hewenhao/Documents/电机驱动离心泵多故障电流与振动监测数据集/数据集/原始数据集/Vibration/Motor-2/50/正常状态1/振动_电机2_50_时域-正常状态1-通道4.csv,1,0.9993738515488008,8.470345260840157e-19,2.868077543657721e-16,1.8551798824016003e-18,0.0006261484511989666,1.0892239467528231e-19
Motor-2::50::/Users/hewenhao/Documents/电机驱动离心泵多故障电流与振动监测数据集/数据集/原始数据集/Vibration/Motor-2/50/正常状态1/振动_电机2_50_时域-正常状态1-通道4.csv::record_3,正常,正常,Motor-2,50,740.0,/Users/hewenhao/Documents/电机驱动离心泵多故障电流与振动监测数据集/数据集/原始数据集/Vibration/Motor-2/50/正常状态1/振动_电机2_50_时域-正常状态1-通道4.csv,3,0.9999985401892563,2.612808111056377e-19,2.205495548940361e-17,7.010389896150767e-22,1.4598107436230028e-06,1.0131618015873772e-16
Motor-2::50::/Users/hewenhao/Documents/电机驱动离心泵多故障电流与振动监测数据集/数据集/原始数据集/Vibration/Motor-2/50/正常状态1/振动_电机2_50_时域-正常状态1-通道4.csv::record_4,正常,正常,Motor-2,50,740.0,/Users/hewenhao/Documents/电机驱动离心泵多故障电流与振动监测数据集/数据集/原始数据集/Vibration/Motor-2/50/正常状态1/振动_电机2_50_时域-正常状态1-通道4.csv,4,0.9999701114714725,7.21927669056935e-19,4.0358148110964387e-16,9.70788293677614e-23,2.9888528527313175e-05,1.085426672232334e-19
Motor-2::50::/Users/hewenhao/Documents/电机驱动离心泵多故障电流与振动监测数据集/数据集/原始数据集/Vibration/Motor-2/50/正常状态1/振动_电机2_50_时域-正常状态1-通道4.csv::record_5,正常,正常,Motor-2,50,740.0,/Users/hewenhao/Documents/电机驱动离心泵多故障电流与振动监测数据集/数据集/原始数据集/Vibration/Motor-2/50/正常状态1/振动_电机2_50_时域-正常状态1-通道4.csv,5,0.9999962575481139,1.9470139647277438e-17,3.6761567525103495e-17,7.97732367649197e-21,3.74245188466079e-06,1.1951565275375377e-15
Motor-2::50::/Users/hewenhao/Documents/电机驱动离心泵多故障电流与振动监测数据集/数据集/原始数据集/Vibration/Motor-2/50/正常状态1/振动_电机2_50_时域-正常状态1-通道4.csv::record_11,正常,正常,Motor-2,50,740.0,/Users/hewenhao/Documents/电机驱动离心泵多故障电流与振动监测数据集/数据集/原始数据集/Vibration/Motor-2/50/正常状态1/振动_电机2_50_时域-正常状态1-通道4.csv,11,0.9964750746337488,3.574304853808237e-21,1.6640633555886613e-14,8.777141469565008e-15,0.003524925366225691,2.2988635740335305e-25
Motor-2::50::/Users/hewenhao/Documents/电机驱动离心泵多故障电流与振动监测数据集/数据集/原始数据集/Vibration/Motor-2/50/正常状态1/振动_电机2_50_时域-正常状态1-通道4.csv::record_15,正常,正常,Motor-2,50,740.0,/Users/hewenhao/Documents/电机驱动离心泵多故障电流与振动监测数据集/数据集/原始数据集/Vibration/Motor-2/50/正常状态1/振动_电机2_50_时域-正常状态1-通道4.csv,15,0.9551745945355432,4.196157422638133e-21,1.9725713520432742e-13,0.00022168440713716463,0.044603721057122264,1.0713699389609333e-25
Motor-2::50::/Users/hewenhao/Documents/电机驱动离心泵多故障电流与振动监测数据集/数据集/原始数据集/Vibration/Motor-2/50/正常状态1/振动_电机2_50_时域-正常状态1-通道4.csv::record_19,正常,正常,Motor-2,50,740.0,/Users/hewenhao/Documents/电机驱动离心泵多故障电流与振动监测数据集/数据集/原始数据集/Vibration/Motor-2/50/正常状态1/振动_电机2_50_时域-正常状态1-通道4.csv,19,0.9827569154751102,8.462283362158845e-22,1.0523411510590927e-13,5.346747875520639e-09,0.01724307917803666,2.4431314378612708e-25
Motor-2::50::/Users/hewenhao/Documents/电机驱动离心泵多故障电流与振动监测数据集/数据集/原始数据集/Vibration/Motor-2/50/正常状态1/振动_电机2_50_时域-正常状态1-通道4.csv::record_22,正常,正常,Motor-2,50,740.0,/Users/hewenhao/Documents/电机驱动离心泵多故障电流与振动监测数据集/数据集/原始数据集/Vibration/Motor-2/50/正常状态1/振动_电机2_50_时域-正常状态1-通道4.csv,22,0.9987402710022305,8.190002007836704e-18,1.3495947857957741e-15,4.928891317379019e-08,0.0012596797088549828,1.5396382740105062e-21
Motor-2::50::/Users/hewenhao/Documents/电机驱动离心泵多故障电流与振动监测数据集/数据集/原始数据集/Vibration/Motor-2/50/正常状态1/振动_电机2_50_时域-正常状态1-通道4.csv::record_34,正常,正常,Motor-2,50,740.0,/Users/hewenhao/Documents/电机驱动离心泵多故障电流与振动监测数据集/数据集/原始数据集/Vibration/Motor-2/50/正常状态1/振动_电机2_50_时域-正常状态1-通道4.csv,34,0.9892617728287807,1.1344639474653307e-13,4.909498809513604e-14,3.2279676863695476e-15,0.010738223797574031,3.373479515751405e-09
Motor-2::50::/Users/hewenhao/Documents/电机驱动离心泵多故障电流与振动监测数据集/数据集/原始数据集/Vibration/Motor-2/50/正常状态1/振动_电机2_50_时域-正常状态1-通道4.csv::record_38,正常,正常,Motor-2,50,740.0,/Users/hewenhao/Documents/电机驱动离心泵多故障电流与振动监测数据集/数据集/原始数据集/Vibration/Motor-2/50/正常状态1/振动_电机2_50_时域-正常状态1-通道4.csv,38,0.7962408875605176,7.696049887066095e-20,1.899510692286268e-10,1.134107027881968e-06,0.20375797814250335,8.350212772095643e-30
Motor-2::50::/Users/hewenhao/Documents/电机驱动离心泵多故障电流与振动监测数据集/数据集/原始数据集/Vibration/Motor-2/50/正常状态1/振动_电机2_50_时域-正常状态1-通道4.csv::record_47,正常,正常,Motor-2,50,740.0,/Users/hewenhao/Documents/电机驱动离心泵多故障电流与振动监测数据集/数据集/原始数据集/Vibration/Motor-2/50/正常状态1/振动_电机2_50_时域-正常状态1-通道4.csv,47,0.9562456184626086,3.99484841953705e-27,3.0324728633566133e-12,0.006887587831615729,0.036866793702743185,1.6565049247468785e-48
Motor-2::50::/Users/hewenhao/Documents/电机驱动离心泵多故障电流与振动监测数据集/数据集/原始数据集/Vibration/Motor-2/50/正常状态1/振动_电机2_50_时域-正常状态1-通道4.csv::record_48,正常,正常,Motor-2,50,740.0,/Users/hewenhao/Documents/电机驱动离心泵多故障电流与振动监测数据集/数据集/原始数据集/Vibration/Motor-2/50/正常状态1/振动_电机2_50_时域-正常状态1-通道4.csv,48,0.9225812998595786,7.239989767466352e-27,2.319723680544901e-12,0.05408917197788622,0.02332952816021553,7.012675101455627e-47
Motor-2::50::/Users/hewenhao/Documents/电机驱动离心泵多故障电流与振动监测数据集/数据集/原始数据集/Vibration/Motor-2/50/正常状态2/振动_电机2_50_时域-正常状态2-通道4.csv::record_4,正常,正常,Motor-2,50,740.0,/Users/hewenhao/Documents/电机驱动离心泵多故障电流与振动监测数据集/数据集/原始数据集/Vibration/Motor-2/50/正常状态2/振动_电机2_50_时域-正常状态2-通道4.csv,4,0.9866692369159047,4.515077350490578e-09,5.839823572053645e-15,0.012218615611388668,0.0011121429576231238,2.245861470817821e-16
Motor-2::50::/Users/hewenhao/Documents/电机驱动离心泵多故障电流与振动监测数据集/数据集/原始数据集/Vibration/Motor-2/50/正常状态2/振动_电机2_50_时域-正常状态2-通道4.csv::record_5,正常,正常,Motor-2,50,740.0,/Users/hewenhao/Documents/电机驱动离心泵多故障电流与振动监测数据集/数据集/原始数据集/Vibration/Motor-2/50/正常状态2/振动_电机2_50_时域-正常状态2-通道4.csv,5,0.9927854829276526,2.271320992124811e-08,2.8952048319939432e-11,0.0064571336046917996,0.0007573607254936143,1.3065411973540504e-16
Motor-2::50::/Users/hewenhao/Documents/电机驱动离心泵多故障电流与振动监测数据集/数据集/原始数据集/Vibration/Motor-2/50/正常状态2/振动_电机2_50_时域-正常状态2-通道4.csv::record_17,正常,正常,Motor-2,50,740.0,/Users/hewenhao/Documents/电机驱动离心泵多故障电流与振动监测数据集/数据集/原始数据集/Vibration/Motor-2/50/正常状态2/振动_电机2_50_时域-正常状态2-通道4.csv,17,0.995613236431207,3.595167617182553e-11,1.252086270196186e-13,0.001298258909878926,0.003088504622837172,1.0381422932114112e-25
Motor-2::50::/Users/hewenhao/Documents/电机驱动离心泵多故障电流与振动监测数据集/数据集/原始数据集/Vibration/Motor-2/50/正常状态2/振动_电机2_50_时域-正常状态2-通道4.csv::record_19,正常,正常,Motor-2,50,740.0,/Users/hewenhao/Documents/电机驱动离心泵多故障电流与振动监测数据集/数据集/原始数据集/Vibration/Motor-2/50/正常状态2/振动_电机2_50_时域-正常状态2-通道4.csv,19,0.9992968770256899,4.086312252161659e-13,5.070852563460622e-14,0.0003911418899502669,0.00031198108390056534,5.067168526645583e-19
Motor-2::50::/Users/hewenhao/Documents/电机驱动离心泵多故障电流与振动监测数据集/数据集/原始数据集/Vibration/Motor-2/50/正常状态2/振动_电机2_50_时域-正常状态2-通道4.csv::record_20,正常,正常,Motor-2,50,740.0,/Users/hewenhao/Documents/电机驱动离心泵多故障电流与振动监测数据集/数据集/原始数据集/Vibration/Motor-2/50/正常状态2/振动_电机2_50_时域-正常状态2-通道4.csv,20,0.9956281392923778,1.5475403092620294e-05,6.402023155273469e-13,0.004203304881535912,0.00015307926934247592,1.1530110853141679e-09
Motor-2::50::/Users/hewenhao/Documents/电机驱动离心泵多故障电流与振动监测数据集/数据集/原始数据集/Vibration/Motor-2/50/正常状态2/振动_电机2_50_时域-正常状态2-通道4.csv::record_25,正常,正常,Motor-2,50,740.0,/Users/hewenhao/Documents/电机驱动离心泵多故障电流与振动监测数据集/数据集/原始数据集/Vibration/Motor-2/50/正常状态2/振动_电机2_50_时域-正常状态2-通道4.csv,25,0.9927521857510382,1.4644129959022363e-07,1.8629075567995974e-15,0.00046948933668415697,0.006778178470827872,1.4828514279616941e-13
Motor-2::50::/Users/hewenhao/Documents/电机驱动离心泵多故障电流与振动监测数据集/数据集/原始数据集/Vibration/Motor-2/50/正常状态2/振动_电机2_50_时域-正常状态2-通道4.csv::record_30,正常,正常,Motor-2,50,740.0,/Users/hewenhao/Documents/电机驱动离心泵多故障电流与振动监测数据集/数据集/原始数据集/Vibration/Motor-2/50/正常状态2/振动_电机2_50_时域-正常状态2-通道4.csv,30,0.9990411354581951,6.439977593825908e-13,2.6017228851143742e-14,0.0007878347427318133,0.00017102979840295904,5.220140501781149e-29
Motor-2::50::/Users/hewenhao/Documents/电机驱动离心泵多故障电流与振动监测数据集/数据集/原始数据集/Vibration/Motor-2/50/正常状态2/振动_电机2_50_时域-正常状态2-通道4.csv::record_31,正常,正常,Motor-2,50,740.0,/Users/hewenhao/Documents/电机驱动离心泵多故障电流与振动监测数据集/数据集/原始数据集/Vibration/Motor-2/50/正常状态2/振动_电机2_50_时域-正常状态2-通道4.csv,31,0.9988891847763962,6.523427432990642e-12,2.0900099331652746e-14,0.0009539437348382408,0.00015687148222115477,2.5097382284180797e-16
Motor-2::50::/Users/hewenhao/Documents/电机驱动离心泵多故障电流与振动监测数据集/数据集/原始数据集/Vibration/Motor-2/50/正常状态2/振动_电机2_50_时域-正常状态2-通道4.csv::record_34,正常,正常,Motor-2,50,740.0,/Users/hewenhao/Documents/电机驱动离心泵多故障电流与振动监测数据集/数据集/原始数据集/Vibration/Motor-2/50/正常状态2/振动_电机2_50_时域-正常状态2-通道4.csv,34,0.9991564412254695,1.0846894127022917e-11,4.090452107119214e-16,0.0007346772636105351,0.00010888150007272549,2.647538001414358e-22
Motor-2::50::/Users/hewenhao/Documents/电机驱动离心泵多故障电流与振动监测数据集/数据集/原始数据集/Vibration/Motor-2/50/正常状态2/振动_电机2_50_时域-正常状态2-通道4.csv::record_42,正常,正常,Motor-2,50,740.0,/Users/hewenhao/Documents/电机驱动离心泵多故障电流与振动监测数据集/数据集/原始数据集/Vibration/Motor-2/50/正常状态2/振动_电机2_50_时域-正常状态2-通道4.csv,42,0.9982352784523858,1.9748946672823885e-10,3.265349176913683e-14,0.0015680440164378597,0.0001966773336539455,9.628747537523592e-17
Motor-2::50::/Users/hewenhao/Documents/电机驱动离心泵多故障电流与振动监测数据集/数据集/原始数据集/Vibration/Motor-2/50/正常状态2/振动_电机2_50_时域-正常状态2-通道4.csv::record_44,正常,正常,Motor-2,50,740.0,/Users/hewenhao/Documents/电机驱动离心泵多故障电流与振动监测数据集/数据集/原始数据集/Vibration/Motor-2/50/正常状态2/振动_电机2_50_时域-正常状态2-通道4.csv,44,0.9998674061230856,1.94073604136294e-09,2.209868232322764e-14,5.48778134202028e-05,7.771412273518727e-05,8.614351209118108e-16
Motor-2::50::/Users/hewenhao/Documents/电机驱动离心泵多故障电流与振动监测数据集/数据集/原始数据集/Vibration/Motor-2/50/正常状态2/振动_电机2_50_时域-正常状态2-通道4.csv::record_45,正常,正常,Motor-2,50,740.0,/Users/hewenhao/Documents/电机驱动离心泵多故障电流与振动监测数据集/数据集/原始数据集/Vibration/Motor-2/50/正常状态2/振动_电机2_50_时域-正常状态2-通道4.csv,45,0.9926989478732329,1.4364008120629683e-13,1.7678505075846226e-14,0.00048623768742332517,0.0068148144391826085,4.9526338113720394e-24
Motor-2::50::/Users/hewenhao/Documents/电机驱动离心泵多故障电流与振动监测数据集/数据集/原始数据集/Vibration/Motor-2/50/正常状态3/振动_电机2_50_时域-正常状态3-通道4.csv::record_20,正常,正常,Motor-2,50,740.0,/Users/hewenhao/Documents/电机驱动离心泵多故障电流与振动监测数据集/数据集/原始数据集/Vibration/Motor-2/50/正常状态3/振动_电机2_50_时域-正常状态3-通道4.csv,20,0.9820821577180177,8.594369278204309e-10,3.2097075208663335e-13,0.017826101088868836,9.174033335511002e-05,3.539568729261413e-16
Motor-2::50::/Users/hewenhao/Documents/电机驱动离心泵多故障电流与振动监测数据集/数据集/原始数据集/Vibration/Motor-2/50/正常状态3/振动_电机2_50_时域-正常状态3-通道4.csv::record_24,正常,正常,Motor-2,50,740.0,/Users/hewenhao/Documents/电机驱动离心泵多故障电流与振动监测数据集/数据集/原始数据集/Vibration/Motor-2/50/正常状态3/振动_电机2_50_时域-正常状态3-通道4.csv,24,0.9926199663640052,2.94765126948211e-09,5.09915019988663e-17,0.004360609969072691,0.003019420719047917,2.228204271422091e-13
Motor-2::50::/Users/hewenhao/Documents/电机驱动离心泵多故障电流与振动监测数据集/数据集/原始数据集/Vibration/Motor-2/50/正常状态3/振动_电机2_50_时域-正常状态3-通道4.csv::record_26,正常,正常,Motor-2,50,740.0,/Users/hewenhao/Documents/电机驱动离心泵多故障电流与振动监测数据集/数据集/原始数据集/Vibration/Motor-2/50/正常状态3/振动_电机2_50_时域-正常状态3-通道4.csv,26,0.9524286704067971,9.682245832435249e-05,4.4551541438747245e-06,0.03279010777397794,0.014679917996429358,2.621032737554449e-08
Motor-2::50::/Users/hewenhao/Documents/电机驱动离心泵多故障电流与振动监测数据集/数据集/原始数据集/Vibration/Motor-2/50/正常状态3/振动_电机2_50_时域-正常状态3-通道4.csv::record_31,正常,正常,Motor-2,50,740.0,/Users/hewenhao/Documents/电机驱动离心泵多故障电流与振动监测数据集/数据集/原始数据集/Vibration/Motor-2/50/正常状态3/振动_电机2_50_时域-正常状态3-通道4.csv,31,0.9862685070783423,2.014568645478797e-10,8.142893791122801e-16,0.010644464448238999,0.0030870282719610144,5.513493292282346e-20
Motor-2::50::/Users/hewenhao/Documents/电机驱动离心泵多故障电流与振动监测数据集/数据集/原始数据集/Vibration/Motor-2/50/正常状态3/振动_电机2_50_时域-正常状态3-通道4.csv::record_35,正常,正常,Motor-2,50,740.0,/Users/hewenhao/Documents/电机驱动离心泵多故障电流与振动监测数据集/数据集/原始数据集/Vibration/Motor-2/50/正常状态3/振动_电机2_50_时域-正常状态3-通道4.csv,35,0.9916055376299461,2.370175767160977e-13,1.7086429003942657e-16,0.008104269718675436,0.00029019265114131734,9.166743261918587e-19
Motor-2::50::/Users/hewenhao/Documents/电机驱动离心泵多故障电流与振动监测数据集/数据集/原始数据集/Vibration/Motor-2/50/正常状态3/振动_电机2_50_时域-正常状态3-通道4.csv::record_36,正常,正常,Motor-2,50,740.0,/Users/hewenhao/Documents/电机驱动离心泵多故障电流与振动监测数据集/数据集/原始数据集/Vibration/Motor-2/50/正常状态3/振动_电机2_50_时域-正常状态3-通道4.csv,36,0.9995484019477693,6.8772672930512e-10,1.4141469236854212e-15,0.00040285902062669495,4.873834387578973e-05,2.8214402100074144e-18
Motor-2::50::/Users/hewenhao/Documents/电机驱动离心泵多故障电流与振动监测数据集/数据集/原始数据集/Vibration/Motor-2/50/正常状态3/振动_电机2_50_时域-正常状态3-通道4.csv::record_44,正常,正常,Motor-2,50,740.0,/Users/hewenhao/Documents/电机驱动离心泵多故障电流与振动监测数据集/数据集/原始数据集/Vibration/Motor-2/50/正常状态3/振动_电机2_50_时域-正常状态3-通道4.csv,44,0.9761442168493972,3.1018529199715144e-11,2.8799947889728865e-16,0.023814719452197767,4.1063667350762436e-05,3.551253347960753e-14
Motor-2::50::/Users/hewenhao/Documents/电机驱动离心泵多故障电流与振动监测数据集/数据集/原始数据集/Vibration/Motor-2/50/正常状态3/振动_电机2_50_时域-正常状态3-通道4.csv::record_46,正常,正常,Motor-2,50,740.0,/Users/hewenhao/Documents/电机驱动离心泵多故障电流与振动监测数据集/数据集/原始数据集/Vibration/Motor-2/50/正常状态3/振动_电机2_50_时域-正常状态3-通道4.csv,46,0.990871683943346,5.078508012875388e-11,1.2849408138407563e-15,0.009072558334086288,5.575767178113152e-05,7.735306831303976e-22
Motor-2::50::/Users/hewenhao/Documents/电机驱动离心泵多故障电流与振动监测数据集/数据集/原始数据集/Vibration/Motor-2/50/泵地脚松动/振动_电机2_50_时域-泵地脚松动-通道4.csv::record_0,松动,松动,Motor-2,50,740.0,/Users/hewenhao/Documents/电机驱动离心泵多故障电流与振动监测数据集/数据集/原始数据集/Vibration/Motor-2/50/泵地脚松动/振动_电机2_50_时域-泵地脚松动-通道4.csv,0,1.227859948182611e-05,6.042028411288383e-14,1.0704899424440638e-12,0.8779012798098288,0.1220864415895585,4.288003123289919e-29
Motor-2::50::/Users/hewenhao/Documents/电机驱动离心泵多故障电流与振动监测数据集/数据集/原始数据集/Vibration/Motor-2/50/泵地脚松动/振动_电机2_50_时域-泵地脚松动-通道4.csv::record_5,松动,松动,Motor-2,50,740.0,/Users/hewenhao/Documents/电机驱动离心泵多故障电流与振动监测数据集/数据集/原始数据集/Vibration/Motor-2/50/泵地脚松动/振动_电机2_50_时域-泵地脚松动-通道4.csv,5,0.03500334951823891,1.1846361708928298e-14,2.8504008533693587e-14,0.9393899616888213,0.02560668879289941,2.076581136013282e-31
Motor-2::50::/Users/hewenhao/Documents/电机驱动离心泵多故障电流与振动监测数据集/数据集/原始数据集/Vibration/Motor-2/50/泵地脚松动/振动_电机2_50_时域-泵地脚松动-通道4.csv::record_9,松动,松动,Motor-2,50,740.0,/Users/hewenhao/Documents/电机驱动离心泵多故障电流与振动监测数据集/数据集/原始数据集/Vibration/Motor-2/50/泵地脚松动/振动_电机2_50_时域-泵地脚松动-通道4.csv,9,0.040542224638890026,6.42835504604717e-13,1.0436791696488099e-13,0.8999016179442708,0.05955615741609204,2.5064566421599084e-19
Motor-2::50::/Users/hewenhao/Documents/电机驱动离心泵多故障电流与振动监测数据集/数据集/原始数据集/Vibration/Motor-2/50/泵地脚松动/振动_电机2_50_时域-泵地脚松动-通道4.csv::record_10,松动,松动,Motor-2,50,740.0,/Users/hewenhao/Documents/电机驱动离心泵多故障电流与振动监测数据集/数据集/原始数据集/Vibration/Motor-2/50/泵地脚松动/振动_电机2_50_时域-泵地脚松动-通道4.csv,10,0.1209403589442597,2.9507765717045856e-13,5.8165623655207125e-15,0.8560996866921822,0.022959954363257103,3.1512429245150814e-24
Motor-2::50::/Users/hewenhao/Documents/电机驱动离心泵多故障电流与振动监测数据集/数据集/原始数据集/Vibration/Motor-2/50/泵地脚松动/振动_电机2_50_时域-泵地脚松动-通道4.csv::record_12,松动,松动,Motor-2,50,740.0,/Users/hewenhao/Documents/电机驱动离心泵多故障电流与振动监测数据集/数据集/原始数据集/Vibration/Motor-2/50/泵地脚松动/振动_电机2_50_时域-泵地脚松动-通道4.csv,12,0.2341446718790732,6.84685868521841e-14,1.048279514526083e-16,0.7650552726015768,0.0008000555192814958,5.360674326484747e-21
Motor-2::50::/Users/hewenhao/Documents/电机驱动离心泵多故障电流与振动监测数据集/数据集/原始数据集/Vibration/Motor-2/50/泵轴承故障1/振动_电机2_50_时域-泵轴承故障1-通道4.csv::record_0,轴承故障,轴承故障,Motor-2,50,740.0,/Users/hewenhao/Documents/电机驱动离心泵多故障电流与振动监测数据集/数据集/原始数据集/Vibration/Motor-2/50/泵轴承故障1/振动_电机2_50_时域-泵轴承故障1-通道4.csv,0,7.197842736014192e-08,3.927499231762183e-09,1.6565738453909016e-05,1.1523880497065349e-06,0.9999820613586424,1.4460892751609735e-07
Motor-2::50::/Users/hewenhao/Documents/电机驱动离心泵多故障电流与振动监测数据集/数据集/原始数据集/Vibration/Motor-2/50/泵轴承故障1/振动_电机2_50_时域-泵轴承故障1-通道4.csv::record_2,轴承故障,轴承故障,Motor-2,50,740.0,/Users/hewenhao/Documents/电机驱动离心泵多故障电流与振动监测数据集/数据集/原始数据集/Vibration/Motor-2/50/泵轴承故障1/振动_电机2_50_时域-泵轴承故障1-通道4.csv,2,2.8181844321028115e-07,1.7937105015408324e-06,2.022568743665858e-05,1.3016192079799737e-05,0.999432264744822,0.0005324178467167619
Motor-2::50::/Users/hewenhao/Documents/电机驱动离心泵多故障电流与振动监测数据集/数据集/原始数据集/Vibration/Motor-2/50/泵轴承故障1/振动_电机2_50_时域-泵轴承故障1-通道4.csv::record_6,轴承故障,轴承故障,Motor-2,50,740.0,/Users/hewenhao/Documents/电机驱动离心泵多故障电流与振动监测数据集/数据集/原始数据集/Vibration/Motor-2/50/泵轴承故障1/振动_电机2_50_时域-泵轴承故障1-通道4.csv,6,3.110457471942359e-07,6.330096805433228e-09,1.5097049759595126e-05,1.1831464858765351e-05,0.999970812281186,1.9418283518039887e-06
Motor-2::50::/Users/hewenhao/Documents/电机驱动离心泵多故障电流与振动监测数据集/数据集/原始数据集/Vibration/Motor-2/50/泵轴承故障1/振动_电机2_50_时域-泵轴承故障1-通道4.csv::record_8,轴承故障,轴承故障,Motor-2,50,740.0,/Users/hewenhao/Documents/电机驱动离心泵多故障电流与振动监测数据集/数据集/原始数据集/Vibration/Motor-2/50/泵轴承故障1/振动_电机2_50_时域-泵轴承故障1-通道4.csv,8,5.358437959137065e-07,5.862943654047425e-09,1.8278473700128431e-06,4.256568754012261e-06,0.999993224683225,1.4919391133393692e-07
Motor-2::50::/Users/hewenhao/Documents/电机驱动离心泵多故障电流与振动监测数据集/数据集/原始数据集/Vibration/Motor-2/50/泵轴承故障1/振动_电机2_50_时域-泵轴承故障1-通道4.csv::record_10,轴承故障,轴承故障,Motor-2,50,740.0,/Users/hewenhao/Documents/电机驱动离心泵多故障电流与振动监测数据集/数据集/原始数据集/Vibration/Motor-2/50/泵轴承故障1/振动_电机2_50_时域-泵轴承故障1-通道4.csv,10,1.4068135103748378e-06,8.536635378864226e-08,8.903867935581263e-08,0.0001712044477598733,0.9998270428284897,1.7150520701769437e-07
Motor-2::50::/Users/hewenhao/Documents/电机驱动离心泵多故障电流与振动监测数据集/数据集/原始数据集/Vibration/Motor-2/50/泵轴承故障2/振动_电机2_50_时域-泵轴承故障2-通道4.csv::record_0,轴承故障,轴承故障,Motor-2,50,740.0,/Users/hewenhao/Documents/电机驱动离心泵多故障电流与振动监测数据集/数据集/原始数据集/Vibration/Motor-2/50/泵轴承故障2/振动_电机2_50_时域-泵轴承故障2-通道4.csv,0,6.744609218592594e-05,5.4228410497502804e-18,5.563949089921322e-11,0.0016530978364029559,0.9982794560157716,4.91390658405661e-19
Motor-2::50::/Users/hewenhao/Documents/电机驱动离心泵多故障电流与振动监测数据集/数据集/原始数据集/Vibration/Motor-2/50/泵轴承故障2/振动_电机2_50_时域-泵轴承故障2-通道4.csv::record_12,轴承故障,轴承故障,Motor-2,50,740.0,/Users/hewenhao/Documents/电机驱动离心泵多故障电流与振动监测数据集/数据集/原始数据集/Vibration/Motor-2/50/泵轴承故障2/振动_电机2_50_时域-泵轴承故障2-通道4.csv,12,0.01724501989337275,4.810067081792448e-15,1.6123214158660056e-09,0.00030170610029970604,0.9824532723940013,2.1475964555188778e-17
Motor-2::50::/Users/hewenhao/Documents/电机驱动离心泵多故障电流与振动监测数据集/数据集/原始数据集/Vibration/Motor-2/50/泵轴承故障3/振动_电机2_50_时域-泵轴承故障3-通道4.csv::record_8,轴承故障,轴承故障,Motor-2,50,740.0,/Users/hewenhao/Documents/电机驱动离心泵多故障电流与振动监测数据集/数据集/原始数据集/Vibration/Motor-2/50/泵轴承故障3/振动_电机2_50_时域-泵轴承故障3-通道4.csv,8,2.067151154923624e-07,1.1678542220719849e-18,1.278695829342921e-13,6.19478441518381e-05,0.9999378454389314,1.6732889752662314e-12
Motor-2::50::/Users/hewenhao/Documents/电机驱动离心泵多故障电流与振动监测数据集/数据集/原始数据集/Vibration/Motor-2/50/软脚1/振动_电机2_50_时域-软脚1-通道4.csv::record_3,松动,松动,Motor-2,50,740.0,/Users/hewenhao/Documents/电机驱动离心泵多故障电流与振动监测数据集/数据集/原始数据集/Vibration/Motor-2/50/软脚1/振动_电机2_50_时域-软脚1-通道4.csv,3,0.04008913724032529,4.297240688599447e-20,2.3014749689130876e-08,0.9213358910533566,0.03857494869156855,2.9796495829199823e-35
Motor-2::50::/Users/hewenhao/Documents/电机驱动离心泵多故障电流与振动监测数据集/数据集/原始数据集/Vibration/Motor-2/50/软脚1/振动_电机2_50_时域-软脚1-通道4.csv::record_7,松动,松动,Motor-2,50,740.0,/Users/hewenhao/Documents/电机驱动离心泵多故障电流与振动监测数据集/数据集/原始数据集/Vibration/Motor-2/50/软脚1/振动_电机2_50_时域-软脚1-通道4.csv,7,0.015061852146631754,1.0861137719772366e-16,2.3722396822079133e-09,0.9424038418937183,0.042534303587410144,1.6861301213758201e-37
Motor-2::50::/Users/hewenhao/Documents/电机驱动离心泵多故障电流与振动监测数据集/数据集/原始数据集/Vibration/Motor-2/50/软脚2/振动_电机2_50_时域-软脚2-通道4.csv::record_0,松动,松动,Motor-2,50,740.0,/Users/hewenhao/Documents/电机驱动离心泵多故障电流与振动监测数据集/数据集/原始数据集/Vibration/Motor-2/50/软脚2/振动_电机2_50_时域-软脚2-通道4.csv,0,0.0071214033958275245,8.713550462303571e-15,3.439569261796311e-12,0.992112117930655,0.0007664786700692379,7.562489769514337e-34
Motor-2::50::/Users/hewenhao/Documents/电机驱动离心泵多故障电流与振动监测数据集/数据集/原始数据集/Vibration/Motor-2/50/软脚2/振动_电机2_50_时域-软脚2-通道4.csv::record_5,松动,松动,Motor-2,50,740.0,/Users/hewenhao/Documents/电机驱动离心泵多故障电流与振动监测数据集/数据集/原始数据集/Vibration/Motor-2/50/软脚2/振动_电机2_50_时域-软脚2-通道4.csv,5,0.003989712236228551,5.153940950070635e-15,5.613662930802399e-13,0.9959123899609272,9.789780227773447e-05,2.8524089751684487e-29
Motor-2::50::/Users/hewenhao/Documents/电机驱动离心泵多故障电流与振动监测数据集/数据集/原始数据集/Vibration/Motor-2/50/轴承内圈故障1/振动_电机2_50_时域-轴承内圈故障1-通道4.csv::record_1,轴承故障,轴承故障,Motor-2,50,740.0,/Users/hewenhao/Documents/电机驱动离心泵多故障电流与振动监测数据集/数据集/原始数据集/Vibration/Motor-2/50/轴承内圈故障1/振动_电机2_50_时域-轴承内圈故障1-通道4.csv,1,5.854339826332904e-07,1.6712199250235183e-32,8.459106342611281e-29,5.555740193683019e-09,0.9999994090102771,2.854906997027554e-58
Motor-2::50::/Users/hewenhao/Documents/电机驱动离心泵多故障电流与振动监测数据集/数据集/原始数据集/Vibration/Motor-2/50/轴承内圈故障1/振动_电机2_50_时域-轴承内圈故障1-通道4.csv::record_2,轴承故障,轴承故障,Motor-2,50,740.0,/Users/hewenhao/Documents/电机驱动离心泵多故障电流与振动监测数据集/数据集/原始数据集/Vibration/Motor-2/50/轴承内圈故障1/振动_电机2_50_时域-轴承内圈故障1-通道4.csv,2,1.123951742207446e-13,1.5602406243535662e-34,8.094556057682841e-32,2.0900934744730437e-08,0.9999999790989529,3.5616914868506683e-60
Motor-2::50::/Users/hewenhao/Documents/电机驱动离心泵多故障电流与振动监测数据集/数据集/原始数据集/Vibration/Motor-2/50/轴承内圈故障1/振动_电机2_50_时域-轴承内圈故障1-通道4.csv::record_5,轴承故障,轴承故障,Motor-2,50,740.0,/Users/hewenhao/Documents/电机驱动离心泵多故障电流与振动监测数据集/数据集/原始数据集/Vibration/Motor-2/50/轴承内圈故障1/振动_电机2_50_时域-轴承内圈故障1-通道4.csv,5,0.03154388483758327,1.1724640890505767e-15,1.1227921147415784e-12,3.771607085420693e-05,0.9684183990904386,3.2434510731863057e-32
Motor-2::50::/Users/hewenhao/Documents/电机驱动离心泵多故障电流与振动监测数据集/数据集/原始数据集/Vibration/Motor-2/50/轴承内圈故障1/振动_电机2_50_时域-轴承内圈故障1-通道4.csv::record_11,轴承故障,轴承故障,Motor-2,50,740.0,/Users/hewenhao/Documents/电机驱动离心泵多故障电流与振动监测数据集/数据集/原始数据集/Vibration/Motor-2/50/轴承内圈故障1/振动_电机2_50_时域-轴承内圈故障1-通道4.csv,11,9.393929747838979e-08,1.1003271808849959e-12,5.408897715197834e-22,1.632008156328362e-09,0.9999999044275939,1.0457541943435099e-24
Motor-2::50::/Users/hewenhao/Documents/电机驱动离心泵多故障电流与振动监测数据集/数据集/原始数据集/Vibration/Motor-2/50/轴承内圈故障1/振动_电机2_50_时域-轴承内圈故障1-通道4.csv::record_16,轴承故障,轴承故障,Motor-2,50,740.0,/Users/hewenhao/Documents/电机驱动离心泵多故障电流与振动监测数据集/数据集/原始数据集/Vibration/Motor-2/50/轴承内圈故障1/振动_电机2_50_时域-轴承内圈故障1-通道4.csv,16,0.004850841857763271,1.1389921230980714e-26,5.526112504645769e-16,1.576023947715742e-05,0.9951333979027591,6.6150427006484786e-49
Motor-2::50::/Users/hewenhao/Documents/电机驱动离心泵多故障电流与振动监测数据集/数据集/原始数据集/Vibration/Motor-2/50/轴承内圈故障1/振动_电机2_50_时域-轴承内圈故障1-通道4.csv::record_18,轴承故障,轴承故障,Motor-2,50,740.0,/Users/hewenhao/Documents/电机驱动离心泵多故障电流与振动监测数据集/数据集/原始数据集/Vibration/Motor-2/50/轴承内圈故障1/振动_电机2_50_时域-轴承内圈故障1-通道4.csv,18,0.025072007561019488,3.2848800103165045e-16,6.159115829590161e-16,2.7716961996556407e-06,0.9749252207427802,6.594786567386565e-34
Motor-2::50::/Users/hewenhao/Documents/电机驱动离心泵多故障电流与振动监测数据集/数据集/原始数据集/Vibration/Motor-2/50/轴承内圈故障2/振动_电机2_50_时域-轴承内圈故障2-通道4.csv::record_3,轴承故障,轴承故障,Motor-2,50,740.0,/Users/hewenhao/Documents/电机驱动离心泵多故障电流与振动监测数据集/数据集/原始数据集/Vibration/Motor-2/50/轴承内圈故障2/振动_电机2_50_时域-轴承内圈故障2-通道4.csv,3,0.010472095029550703,6.619355297112287e-18,3.1683655831584136e-07,0.012084516937952636,0.9774430711959384,2.4987998190982155e-29
Motor-2::50::/Users/hewenhao/Documents/电机驱动离心泵多故障电流与振动监测数据集/数据集/原始数据集/Vibration/Motor-2/50/轴承内圈故障2/振动_电机2_50_时域-轴承内圈故障2-通道4.csv::record_9,轴承故障,轴承故障,Motor-2,50,740.0,/Users/hewenhao/Documents/电机驱动离心泵多故障电流与振动监测数据集/数据集/原始数据集/Vibration/Motor-2/50/轴承内圈故障2/振动_电机2_50_时域-轴承内圈故障2-通道4.csv,9,0.0008967235013818256,6.099425799386134e-22,3.4980489468346787e-10,1.794171457385064e-06,0.9991014819773559,6.734082455234775e-33
Motor-2::50::/Users/hewenhao/Documents/电机驱动离心泵多故障电流与振动监测数据集/数据集/原始数据集/Vibration/Motor-2/50/轴承外圈故障1/振动_电机2_50_时域-轴承外圈故障1-通道4.csv::record_4,轴承故障,轴承故障,Motor-2,50,740.0,/Users/hewenhao/Documents/电机驱动离心泵多故障电流与振动监测数据集/数据集/原始数据集/Vibration/Motor-2/50/轴承外圈故障1/振动_电机2_50_时域-轴承外圈故障1-通道4.csv,4,0.20853396216077869,5.5917266816919015e-18,5.06657656124459e-09,0.00028489556416783145,0.7911811372084766,2.156845263993783e-21
Motor-2::50::/Users/hewenhao/Documents/电机驱动离心泵多故障电流与振动监测数据集/数据集/原始数据集/Vibration/Motor-2/50/轴承外圈故障1/振动_电机2_50_时域-轴承外圈故障1-通道4.csv::record_6,轴承故障,轴承故障,Motor-2,50,740.0,/Users/hewenhao/Documents/电机驱动离心泵多故障电流与振动监测数据集/数据集/原始数据集/Vibration/Motor-2/50/轴承外圈故障1/振动_电机2_50_时域-轴承外圈故障1-通道4.csv,6,0.0812745620652896,9.19497408002339e-20,1.7900895532405086e-10,1.4251019860563626e-08,0.9187254235046817,6.591568198969011e-18
Motor-2::50::/Users/hewenhao/Documents/电机驱动离心泵多故障电流与振动监测数据集/数据集/原始数据集/Vibration/Motor-2/50/轴承外圈故障2/振动_电机2_50_时域-轴承外圈故障2-通道4.csv::record_14,轴承故障,轴承故障,Motor-2,50,740.0,/Users/hewenhao/Documents/电机驱动离心泵多故障电流与振动监测数据集/数据集/原始数据集/Vibration/Motor-2/50/轴承外圈故障2/振动_电机2_50_时域-轴承外圈故障2-通道4.csv,14,0.14996440035089004,1.4963419561241057e-17,3.9134306463523125e-07,8.879233736498774e-05,0.8499464159686805,7.068407492260732e-28
Motor-2::50::/Users/hewenhao/Documents/电机驱动离心泵多故障电流与振动监测数据集/数据集/原始数据集/Vibration/Motor-2/50/轴承外圈故障3/振动_电机2_50_时域-轴承外圈故障3-通道4.csv::record_4,轴承故障,轴承故障,Motor-2,50,740.0,/Users/hewenhao/Documents/电机驱动离心泵多故障电流与振动监测数据集/数据集/原始数据集/Vibration/Motor-2/50/轴承外圈故障3/振动_电机2_50_时域-轴承外圈故障3-通道4.csv,4,0.04134045934674229,1.0493856332292368e-10,7.921574337243336e-07,0.0002276826348302925,0.958431065756055,1.8394666131858713e-20
Motor-2::50::/Users/hewenhao/Documents/电机驱动离心泵多故障电流与振动监测数据集/数据集/原始数据集/Vibration/Motor-2/50/轴承外圈故障3/振动_电机2_50_时域-轴承外圈故障3-通道4.csv::record_10,轴承故障,轴承故障,Motor-2,50,740.0,/Users/hewenhao/Documents/电机驱动离心泵多故障电流与振动监测数据集/数据集/原始数据集/Vibration/Motor-2/50/轴承外圈故障3/振动_电机2_50_时域-轴承外圈故障3-通道4.csv,10,0.08499720080990782,1.2705437115000108e-13,3.0877680881625615e-06,0.0007640868255526023,0.9142356245963242,7.340115193640099e-24
Motor-2::50::/Users/hewenhao/Documents/电机驱动离心泵多故障电流与振动监测数据集/数据集/原始数据集/Vibration/Motor-2/50/轴承外圈故障3/振动_电机2_50_时域-轴承外圈故障3-通道4.csv::record_14,轴承故障,轴承故障,Motor-2,50,740.0,/Users/hewenhao/Documents/电机驱动离心泵多故障电流与振动监测数据集/数据集/原始数据集/Vibration/Motor-2/50/轴承外圈故障3/振动_电机2_50_时域-轴承外圈故障3-通道4.csv,14,0.03598251217522357,2.2104960898729037e-13,3.9786619878819415e-07,8.849174850147561e-05,0.9639285982098551,6.011436105824683e-20
Motor-2::50::/Users/hewenhao/Documents/电机驱动离心泵多故障电流与振动监测数据集/数据集/原始数据集/Vibration/Motor-2/50/轴承外圈故障3/振动_电机2_50_时域-轴承外圈故障3-通道4.csv::record_15,轴承故障,轴承故障,Motor-2,50,740.0,/Users/hewenhao/Documents/电机驱动离心泵多故障电流与振动监测数据集/数据集/原始数据集/Vibration/Motor-2/50/轴承外圈故障3/振动_电机2_50_时域-轴承外圈故障3-通道4.csv,15,0.044560614779297306,2.3085111828936925e-14,3.8548262170232486e-08,8.18487694978132e-06,0.9554311617954676,1.6948631637495923e-26
Motor-2::50::/Users/hewenhao/Documents/电机驱动离心泵多故障电流与振动监测数据集/数据集/原始数据集/Vibration/Motor-2/50/轴承污染/振动_电机2_50_时域-轴承污染-通道4.csv::record_8,轴承故障,轴承故障,Motor-2,50,740.0,/Users/hewenhao/Documents/电机驱动离心泵多故障电流与振动监测数据集/数据集/原始数据集/Vibration/Motor-2/50/轴承污染/振动_电机2_50_时域-轴承污染-通道4.csv,8,4.863499129686695e-06,2.528641007930581e-13,1.799200011010631e-11,0.04655827738541145,0.9534368590972139,5.844352765346708e-22
Motor-2::50::/Users/hewenhao/Documents/电机驱动离心泵多故障电流与振动监测数据集/数据集/原始数据集/Vibration/Motor-2/50/轴承污染/振动_电机2_50_时域-轴承污染-通道4.csv::record_12,轴承故障,轴承故障,Motor-2,50,740.0,/Users/hewenhao/Documents/电机驱动离心泵多故障电流与振动监测数据集/数据集/原始数据集/Vibration/Motor-2/50/轴承污染/振动_电机2_50_时域-轴承污染-通道4.csv,12,3.1415654265073376e-05,8.965491043972163e-16,2.699459942420522e-13,0.04549405401405763,0.9544745303314067,3.458396193243745e-18
Motor-2::50::/Users/hewenhao/Documents/电机驱动离心泵多故障电流与振动监测数据集/数据集/原始数据集/Vibration/Motor-2/50/轴承污染/振动_电机2_50_时域-轴承污染-通道4.csv::record_14,轴承故障,轴承故障,Motor-2,50,740.0,/Users/hewenhao/Documents/电机驱动离心泵多故障电流与振动监测数据集/数据集/原始数据集/Vibration/Motor-2/50/轴承污染/振动_电机2_50_时域-轴承污染-通道4.csv,14,3.574514970185367e-05,3.138476885629467e-14,2.629009523632704e-15,0.055079702486469984,0.944884552363794,2.2066545427927036e-26
Motor-2::50::/Users/hewenhao/Documents/电机驱动离心泵多故障电流与振动监测数据集/数据集/原始数据集/Vibration/Motor-2/50/轴承滚动体故障/振动_电机2_50_时域-轴承滚动体故障-通道4.csv::record_4,轴承故障,轴承故障,Motor-2,50,740.0,/Users/hewenhao/Documents/电机驱动离心泵多故障电流与振动监测数据集/数据集/原始数据集/Vibration/Motor-2/50/轴承滚动体故障/振动_电机2_50_时域-轴承滚动体故障-通道4.csv,4,0.08361561831481748,7.850611528116305e-07,2.5909542709638044e-10,0.012065518281976469,0.9043180780829339,2.38931691541903e-14
Motor-2::50::/Users/hewenhao/Documents/电机驱动离心泵多故障电流与振动监测数据集/数据集/原始数据集/Vibration/Motor-2/50/轴承滚动体故障/振动_电机2_50_时域-轴承滚动体故障-通道4.csv::record_5,轴承故障,轴承故障,Motor-2,50,740.0,/Users/hewenhao/Documents/电机驱动离心泵多故障电流与振动监测数据集/数据集/原始数据集/Vibration/Motor-2/50/轴承滚动体故障/振动_电机2_50_时域-轴承滚动体故障-通道4.csv,5,0.010420085383711692,1.765329462125122e-07,3.730086100935714e-08,0.036317655778365855,0.9532620450041126,2.539776027694179e-15
Motor-2::50::/Users/hewenhao/Documents/电机驱动离心泵多故障电流与振动监测数据集/数据集/原始数据集/Vibration/Motor-2/50/轴承滚动体故障/振动_电机2_50_时域-轴承滚动体故障-通道4.csv::record_6,轴承故障,轴承故障,Motor-2,50,740.0,/Users/hewenhao/Documents/电机驱动离心泵多故障电流与振动监测数据集/数据集/原始数据集/Vibration/Motor-2/50/轴承滚动体故障/振动_电机2_50_时域-轴承滚动体故障-通道4.csv,6,0.0009531601341409679,1.6067620179603465e-07,3.884907828776668e-07,0.028070504250610542,0.9709757864482342,2.9659118824044674e-14
Motor-2::50::/Users/hewenhao/Documents/电机驱动离心泵多故障电流与振动监测数据集/数据集/原始数据集/Vibration/Motor-2/50/轴承滚动体故障/振动_电机2_50_时域-轴承滚动体故障-通道4.csv::record_12,轴承故障,轴承故障,Motor-2,50,740.0,/Users/hewenhao/Documents/电机驱动离心泵多故障电流与振动监测数据集/数据集/原始数据集/Vibration/Motor-2/50/轴承滚动体故障/振动_电机2_50_时域-轴承滚动体故障-通道4.csv,12,0.0003327530804470176,2.0491983112158155e-10,3.099602115121373e-08,0.07050395054171474,0.9291632651768974,7.217014975679955e-20
Motor-2::50::/Users/hewenhao/Documents/电机驱动离心泵多故障电流与振动监测数据集/数据集/原始数据集/Vibration/Motor-2/50/轴承滚动体故障/振动_电机2_50_时域-轴承滚动体故障-通道4.csv::record_14,轴承故障,轴承故障,Motor-2,50,740.0,/Users/hewenhao/Documents/电机驱动离心泵多故障电流与振动监测数据集/数据集/原始数据集/Vibration/Motor-2/50/轴承滚动体故障/振动_电机2_50_时域-轴承滚动体故障-通道4.csv,14,0.018098363899462545,2.9976609512753127e-12,1.0999133407034273e-09,0.06895739195988745,0.9129442430377388,1.5010298793631529e-30
Motor-2::75::/Users/hewenhao/Documents/电机驱动离心泵多故障电流与振动监测数据集/数据集/原始数据集/Vibration/Motor-2/75/正常状态1/振动_电机2_75_时域-正常状态1-通道4.csv::record_2,正常,正常,Motor-2,75,1110.0,/Users/hewenhao/Documents/电机驱动离心泵多故障电流与振动监测数据集/数据集/原始数据集/Vibration/Motor-2/75/正常状态1/振动_电机2_75_时域-正常状态1-通道4.csv,2,0.7759253775462145,9.564974303747739e-08,1.5726956875556065e-08,0.01601438726192723,0.20806012374003235,7.512596209536482e-11
Motor-2::75::/Users/hewenhao/Documents/电机驱动离心泵多故障电流与振动监测数据集/数据集/原始数据集/Vibration/Motor-2/75/正常状态1/振动_电机2_75_时域-正常状态1-通道4.csv::record_10,正常,正常,Motor-2,75,1110.0,/Users/hewenhao/Documents/电机驱动离心泵多故障电流与振动监测数据集/数据集/原始数据集/Vibration/Motor-2/75/正常状态1/振动_电机2_75_时域-正常状态1-通道4.csv,10,0.941229442310476,2.4128934017192254e-11,2.3694165545056915e-10,0.00289530029925818,0.05587525712916811,2.7066390952344034e-14
Motor-2::75::/Users/hewenhao/Documents/电机驱动离心泵多故障电流与振动监测数据集/数据集/原始数据集/Vibration/Motor-2/75/正常状态1/振动_电机2_75_时域-正常状态1-通道4.csv::record_14,正常,正常,Motor-2,75,1110.0,/Users/hewenhao/Documents/电机驱动离心泵多故障电流与振动监测数据集/数据集/原始数据集/Vibration/Motor-2/75/正常状态1/振动_电机2_75_时域-正常状态1-通道4.csv,14,0.9292781540978015,1.0703586799640922e-05,2.54160563957539e-09,0.0002299514551365333,0.07048118831559132,3.065469329932377e-12
Motor-2::75::/Users/hewenhao/Documents/电机驱动离心泵多故障电流与振动监测数据集/数据集/原始数据集/Vibration/Motor-2/75/正常状态1/振动_电机2_75_时域-正常状态1-通道4.csv::record_15,正常,正常,Motor-2,75,1110.0,/Users/hewenhao/Documents/电机驱动离心泵多故障电流与振动监测数据集/数据集/原始数据集/Vibration/Motor-2/75/正常状态1/振动_电机2_75_时域-正常状态1-通道4.csv,15,0.9090107737640084,1.5002359797483785e-10,1.4221445899505102e-11,0.00017841383337750474,0.09081081222503325,1.3335941218150736e-11
Motor-2::75::/Users/hewenhao/Documents/电机驱动离心泵多故障电流与振动监测数据集/数据集/原始数据集/Vibration/Motor-2/75/正常状态1/振动_电机2_75_时域-正常状态1-通道4.csv::record_20,正常,正常,Motor-2,75,1110.0,/Users/hewenhao/Documents/电机驱动离心泵多故障电流与振动监测数据集/数据集/原始数据集/Vibration/Motor-2/75/正常状态1/振动_电机2_75_时域-正常状态1-通道4.csv,20,0.9706930416563188,1.056938202748566e-07,5.760161622161639e-10,0.00012483683376834342,0.02918199762701517,1.7613061269804835e-08
Motor-2::75::/Users/hewenhao/Documents/电机驱动离心泵多故障电流与振动监测数据集/数据集/原始数据集/Vibration/Motor-2/75/正常状态1/振动_电机2_75_时域-正常状态1-通道4.csv::record_21,正常,正常,Motor-2,75,1110.0,/Users/hewenhao/Documents/电机驱动离心泵多故障电流与振动监测数据集/数据集/原始数据集/Vibration/Motor-2/75/正常状态1/振动_电机2_75_时域-正常状态1-通道4.csv,21,0.9440386494545292,3.8874722422338694e-11,7.393610386388796e-12,7.134881312264941e-05,0.05589000168546717,6.127190063917956e-13
Motor-2::75::/Users/hewenhao/Documents/电机驱动离心泵多故障电流与振动监测数据集/数据集/原始数据集/Vibration/Motor-2/75/正常状态1/振动_电机2_75_时域-正常状态1-通道4.csv::record_23,正常,正常,Motor-2,75,1110.0,/Users/hewenhao/Documents/电机驱动离心泵多故障电流与振动监测数据集/数据集/原始数据集/Vibration/Motor-2/75/正常状态1/振动_电机2_75_时域-正常状态1-通道4.csv,23,0.9818245697028128,9.057579237868477e-07,3.054482149088647e-11,0.002719268244007911,0.015455256263053736,1.6568788027401083e-12
Motor-2::75::/Users/hewenhao/Documents/电机驱动离心泵多故障电流与振动监测数据集/数据集/原始数据集/Vibration/Motor-2/75/正常状态1/振动_电机2_75_时域-正常状态1-通道4.csv::record_24,正常,正常,Motor-2,75,1110.0,/Users/hewenhao/Documents/电机驱动离心泵多故障电流与振动监测数据集/数据集/原始数据集/Vibration/Motor-2/75/正常状态1/振动_电机2_75_时域-正常状态1-通道4.csv,24,0.9846374200798172,0.00028179280333500627,9.62554350338647e-07,0.0001572605414952519,0.014922064443560638,4.995774417019243e-07
Motor-2::75::/Users/hewenhao/Documents/电机驱动离心泵多故障电流与振动监测数据集/数据集/原始数据集/Vibration/Motor-2/75/正常状态1/振动_电机2_75_时域-正常状态1-通道4.csv::record_30,正常,正常,Motor-2,75,1110.0,/Users/hewenhao/Documents/电机驱动离心泵多故障电流与振动监测数据集/数据集/原始数据集/Vibration/Motor-2/75/正常状态1/振动_电机2_75_时域-正常状态1-通道4.csv,30,0.9706658974477068,1.147692306707565e-11,6.586681933634298e-14,8.181580794157057e-07,0.029333284382649864,2.11509839803983e-14
Motor-2::75::/Users/hewenhao/Documents/电机驱动离心泵多故障电流与振动监测数据集/数据集/原始数据集/Vibration/Motor-2/75/正常状态1/振动_电机2_75_时域-正常状态1-通道4.csv::record_33,正常,正常,Motor-2,75,1110.0,/Users/hewenhao/Documents/电机驱动离心泵多故障电流与振动监测数据集/数据集/原始数据集/Vibration/Motor-2/75/正常状态1/振动_电机2_75_时域-正常状态1-通道4.csv,33,0.9619185558060044,1.2348105160732564e-09,8.414322072390044e-12,1.920609792941049e-05,0.038062236852822506,1.8834957532214483e-14
Motor-2::75::/Users/hewenhao/Documents/电机驱动离心泵多故障电流与振动监测数据集/数据集/原始数据集/Vibration/Motor-2/75/正常状态1/振动_电机2_75_时域-正常状态1-通道4.csv::record_39,正常,正常,Motor-2,75,1110.0,/Users/hewenhao/Documents/电机驱动离心泵多故障电流与振动监测数据集/数据集/原始数据集/Vibration/Motor-2/75/正常状态1/振动_电机2_75_时域-正常状态1-通道4.csv,39,0.9480381534454001,1.1446483197863576e-12,7.19443160174059e-13,1.2689928067144404e-05,0.051949156624668355,3.7603884230755783e-16
Motor-2::75::/Users/hewenhao/Documents/电机驱动离心泵多故障电流与振动监测数据集/数据集/原始数据集/Vibration/Motor-2/75/正常状态1/振动_电机2_75_时域-正常状态1-通道4.csv::record_42,正常,正常,Motor-2,75,1110.0,/Users/hewenhao/Documents/电机驱动离心泵多故障电流与振动监测数据集/数据集/原始数据集/Vibration/Motor-2/75/正常状态1/振动_电机2_75_时域-正常状态1-通道4.csv,42,0.9344587081760825,1.5021765364696967e-15,2.884395335273753e-16,9.554729012734103e-06,0.06553173709490286,2.2063520754416543e-20
Motor-2::75::/Users/hewenhao/Documents/电机驱动离心泵多故障电流与振动监测数据集/数据集/原始数据集/Vibration/Motor-2/75/正常状态1/振动_电机2_75_时域-正常状态1-通道4.csv::record_43,正常,正常,Motor-2,75,1110.0,/Users/hewenhao/Documents/电机驱动离心泵多故障电流与振动监测数据集/数据集/原始数据集/Vibration/Motor-2/75/正常状态1/振动_电机2_75_时域-正常状态1-通道4.csv,43,0.9556750941652287,1.0234151768870549e-17,1.0958457483400242e-17,2.5590957535674504e-07,0.044324649925195705,2.1213672880249894e-23
Motor-2::75::/Users/hewenhao/Documents/电机驱动离心泵多故障电流与振动监测数据集/数据集/原始数据集/Vibration/Motor-2/75/正常状态1/振动_电机2_75_时域-正常状态1-通道4.csv::record_48,正常,正常,Motor-2,75,1110.0,/Users/hewenhao/Documents/电机驱动离心泵多故障电流与振动监测数据集/数据集/原始数据集/Vibration/Motor-2/75/正常状态1/振动_电机2_75_时域-正常状态1-通道4.csv,48,0.947983312479614,7.546586293468144e-10,2.6487507547015775e-12,4.104939292783486e-06,0.052012581821727945,2.0580784403049214e-12
Motor-2::75::/Users/hewenhao/Documents/电机驱动离心泵多故障电流与振动监测数据集/数据集/原始数据集/Vibration/Motor-2/75/正常状态1/振动_电机2_75_时域-正常状态1-通道4.csv::record_59,正常,正常,Motor-2,75,1110.0,/Users/hewenhao/Documents/电机驱动离心泵多故障电流与振动监测数据集/数据集/原始数据集/Vibration/Motor-2/75/正常状态1/振动_电机2_75_时域-正常状态1-通道4.csv,59,0.9489990168162434,2.7931286624613635e-11,1.2274810803713336e-12,0.0006241201984149859,0.05037686295618266,2.0062894355151267e-16
Motor-2::75::/Users/hewenhao/Documents/电机驱动离心泵多故障电流与振动监测数据集/数据集/原始数据集/Vibration/Motor-2/75/正常状态2/振动_电机2_75_时域-正常状态2-通道4.csv::record_8,正常,正常,Motor-2,75,1110.0,/Users/hewenhao/Documents/电机驱动离心泵多故障电流与振动监测数据集/数据集/原始数据集/Vibration/Motor-2/75/正常状态2/振动_电机2_75_时域-正常状态2-通道4.csv,8,0.8852591681819293,2.717789872968979e-09,5.881792824411696e-10,0.07138710386334664,0.0433490514160924,4.673232662349738e-06
Motor-2::75::/Users/hewenhao/Documents/电机驱动离心泵多故障电流与振动监测数据集/数据集/原始数据集/Vibration/Motor-2/75/正常状态2/振动_电机2_75_时域-正常状态2-通道4.csv::record_14,正常,正常,Motor-2,75,1110.0,/Users/hewenhao/Documents/电机驱动离心泵多故障电流与振动监测数据集/数据集/原始数据集/Vibration/Motor-2/75/正常状态2/振动_电机2_75_时域-正常状态2-通道4.csv,14,0.9298748196933142,8.62914469093092e-08,4.0491231794700523e-10,0.04006040267883238,0.030064690913149596,1.8344341022935395e-11
Motor-2::75::/Users/hewenhao/Documents/电机驱动离心泵多故障电流与振动监测数据集/数据集/原始数据集/Vibration/Motor-2/75/正常状态2/振动_电机2_75_时域-正常状态2-通道4.csv::record_15,正常,正常,Motor-2,75,1110.0,/Users/hewenhao/Documents/电机驱动离心泵多故障电流与振动监测数据集/数据集/原始数据集/Vibration/Motor-2/75/正常状态2/振动_电机2_75_时域-正常状态2-通道4.csv,15,0.9066613762471241,2.6116790592468936e-09,3.87880526874823e-10,0.0503127079254526,0.04302591255024346,2.776203111721264e-10
Motor-2::75::/Users/hewenhao/Documents/电机驱动离心泵多故障电流与振动监测数据集/数据集/原始数据集/Vibration/Motor-2/75/正常状态2/振动_电机2_75_时域-正常状态2-通道4.csv::record_31,正常,正常,Motor-2,75,1110.0,/Users/hewenhao/Documents/电机驱动离心泵多故障电流与振动监测数据集/数据集/原始数据集/Vibration/Motor-2/75/正常状态2/振动_电机2_75_时域-正常状态2-通道4.csv,31,0.9009890197214615,1.869326581264332e-08,7.644540504158299e-10,0.058835089206597566,0.040175871610360764,3.860299191450748e-12
Motor-2::75::/Users/hewenhao/Documents/电机驱动离心泵多故障电流与振动监测数据集/数据集/原始数据集/Vibration/Motor-2/75/正常状态2/振动_电机2_75_时域-正常状态2-通道4.csv::record_50,正常,正常,Motor-2,75,1110.0,/Users/hewenhao/Documents/电机驱动离心泵多故障电流与振动监测数据集/数据集/原始数据集/Vibration/Motor-2/75/正常状态2/振动_电机2_75_时域-正常状态2-通道4.csv,50,0.8473312692080832,2.1453423521299378e-07,4.626445106330181e-11,0.09680074776198358,0.055867768389773115,5.966049564855453e-11
Motor-2::75::/Users/hewenhao/Documents/电机驱动离心泵多故障电流与振动监测数据集/数据集/原始数据集/Vibration/Motor-2/75/正常状态2/振动_电机2_75_时域-正常状态2-通道4.csv::record_52,正常,正常,Motor-2,75,1110.0,/Users/hewenhao/Documents/电机驱动离心泵多故障电流与振动监测数据集/数据集/原始数据集/Vibration/Motor-2/75/正常状态2/振动_电机2_75_时域-正常状态2-通道4.csv,52,0.8708164751361788,1.3648527817809915e-08,1.1869893309731923e-08,0.09017490877521227,0.03900859053543046,3.4757335745853524e-11
Motor-2::75::/Users/hewenhao/Documents/电机驱动离心泵多故障电流与振动监测数据集/数据集/原始数据集/Vibration/Motor-2/75/正常状态2/振动_电机2_75_时域-正常状态2-通道4.csv::record_54,正常,正常,Motor-2,75,1110.0,/Users/hewenhao/Documents/电机驱动离心泵多故障电流与振动监测数据集/数据集/原始数据集/Vibration/Motor-2/75/正常状态2/振动_电机2_75_时域-正常状态2-通道4.csv,54,0.8690100625451792,6.293166671626774e-07,8.158186310880254e-10,0.10203106699374839,0.02895824017153414,1.5705237538340604e-10
Motor-2::75::/Users/hewenhao/Documents/电机驱动离心泵多故障电流与振动监测数据集/数据集/原始数据集/Vibration/Motor-2/75/正常状态2/振动_电机2_75_时域-正常状态2-通道4.csv::record_58,正常,正常,Motor-2,75,1110.0,/Users/hewenhao/Documents/电机驱动离心泵多故障电流与振动监测数据集/数据集/原始数据集/Vibration/Motor-2/75/正常状态2/振动_电机2_75_时域-正常状态2-通道4.csv,58,0.8469683984256494,3.485117391539772e-09,2.3570918852968794e-11,0.08414065912243364,0.06889093894310112,1.2765289725986837e-13
Motor-2::75::/Users/hewenhao/Documents/电机驱动离心泵多故障电流与振动监测数据集/数据集/原始数据集/Vibration/Motor-2/75/正常状态3/振动_电机2_75_时域-正常状态3-通道4.csv::record_8,正常,正常,Motor-2,75,1110.0,/Users/hewenhao/Documents/电机驱动离心泵多故障电流与振动监测数据集/数据集/原始数据集/Vibration/Motor-2/75/正常状态3/振动_电机2_75_时域-正常状态3-通道4.csv,8,0.9872331807216117,2.756341984682543e-17,2.0012818361529046e-13,0.006266820442852967,0.006499998834741559,5.93285777219036e-13
Motor-2::75::/Users/hewenhao/Documents/电机驱动离心泵多故障电流与振动监测数据集/数据集/原始数据集/Vibration/Motor-2/75/正常状态3/振动_电机2_75_时域-正常状态3-通道4.csv::record_13,正常,正常,Motor-2,75,1110.0,/Users/hewenhao/Documents/电机驱动离心泵多故障电流与振动监测数据集/数据集/原始数据集/Vibration/Motor-2/75/正常状态3/振动_电机2_75_时域-正常状态3-通道4.csv,13,0.9800302884138755,7.169266724134848e-15,1.7137558817439024e-12,0.006962148561082353,0.013007561229057612,1.794263515228351e-09
Motor-2::75::/Users/hewenhao/Documents/电机驱动离心泵多故障电流与振动监测数据集/数据集/原始数据集/Vibration/Motor-2/75/正常状态3/振动_电机2_75_时域-正常状态3-通道4.csv::record_17,正常,正常,Motor-2,75,1110.0,/Users/hewenhao/Documents/电机驱动离心泵多故障电流与振动监测数据集/数据集/原始数据集/Vibration/Motor-2/75/正常状态3/振动_电机2_75_时域-正常状态3-通道4.csv,17,0.9838273000286428,1.5658624351777277e-15,1.1751585401156137e-12,0.009317356841275146,0.006855343126174659,2.7307259538030337e-12
Motor-2::75::/Users/hewenhao/Documents/电机驱动离心泵多故障电流与振动监测数据集/数据集/原始数据集/Vibration/Motor-2/75/正常状态3/振动_电机2_75_时域-正常状态3-通道4.csv::record_24,正常,正常,Motor-2,75,1110.0,/Users/hewenhao/Documents/电机驱动离心泵多故障电流与振动监测数据集/数据集/原始数据集/Vibration/Motor-2/75/正常状态3/振动_电机2_75_时域-正常状态3-通道4.csv,24,0.9866053052221467,6.767850352043154e-17,8.194788059880491e-12,0.006425274057915286,0.006969419695000634,1.0167425192911403e-09
Motor-2::75::/Users/hewenhao/Documents/电机驱动离心泵多故障电流与振动监测数据集/数据集/原始数据集/Vibration/Motor-2/75/正常状态3/振动_电机2_75_时域-正常状态3-通道4.csv::record_30,正常,正常,Motor-2,75,1110.0,/Users/hewenhao/Documents/电机驱动离心泵多故障电流与振动监测数据集/数据集/原始数据集/Vibration/Motor-2/75/正常状态3/振动_电机2_75_时域-正常状态3-通道4.csv,30,0.9832884626998706,2.4870609347461056e-14,3.538039524866806e-10,0.004515774203055801,0.012195709538684941,5.320455983718866e-08
Motor-2::75::/Users/hewenhao/Documents/电机驱动离心泵多故障电流与振动监测数据集/数据集/原始数据集/Vibration/Motor-2/75/正常状态3/振动_电机2_75_时域-正常状态3-通道4.csv::record_31,正常,正常,Motor-2,75,1110.0,/Users/hewenhao/Documents/电机驱动离心泵多故障电流与振动监测数据集/数据集/原始数据集/Vibration/Motor-2/75/正常状态3/振动_电机2_75_时域-正常状态3-通道4.csv,31,0.9886411384416065,5.150104440209605e-15,8.18332643625122e-09,0.003997899946190803,0.007360730262341349,2.2316652977124524e-07
Motor-2::75::/Users/hewenhao/Documents/电机驱动离心泵多故障电流与振动监测数据集/数据集/原始数据集/Vibration/Motor-2/75/正常状态3/振动_电机2_75_时域-正常状态3-通道4.csv::record_33,正常,正常,Motor-2,75,1110.0,/Users/hewenhao/Documents/电机驱动离心泵多故障电流与振动监测数据集/数据集/原始数据集/Vibration/Motor-2/75/正常状态3/振动_电机2_75_时域-正常状态3-通道4.csv,33,0.9658254716891018,3.2065968838987307e-15,8.293381445100964e-13,0.017112902449734256,0.017061625837869385,2.2461890894349127e-11
Motor-2::75::/Users/hewenhao/Documents/电机驱动离心泵多故障电流与振动监测数据集/数据集/原始数据集/Vibration/Motor-2/75/正常状态3/振动_电机2_75_时域-正常状态3-通道4.csv::record_34,正常,正常,Motor-2,75,1110.0,/Users/hewenhao/Documents/电机驱动离心泵多故障电流与振动监测数据集/数据集/原始数据集/Vibration/Motor-2/75/正常状态3/振动_电机2_75_时域-正常状态3-通道4.csv,34,0.9815918123801406,2.902666778915454e-09,7.027716356697299e-09,0.005106615654395392,0.013301559691988162,2.343092731782011e-09
Motor-2::75::/Users/hewenhao/Documents/电机驱动离心泵多故障电流与振动监测数据集/数据集/原始数据集/Vibration/Motor-2/75/正常状态3/振动_电机2_75_时域-正常状态3-通道4.csv::record_36,正常,正常,Motor-2,75,1110.0,/Users/hewenhao/Documents/电机驱动离心泵多故障电流与振动监测数据集/数据集/原始数据集/Vibration/Motor-2/75/正常状态3/振动_电机2_75_时域-正常状态3-通道4.csv,36,0.9919977663519131,1.201723482743343e-16,3.4178336475292873e-12,0.0032493889142972553,0.004752844693218488,3.7153303474762784e-11
Motor-2::75::/Users/hewenhao/Documents/电机驱动离心泵多故障电流与振动监测数据集/数据集/原始数据集/Vibration/Motor-2/75/正常状态3/振动_电机2_75_时域-正常状态3-通道4.csv::record_39,正常,正常,Motor-2,75,1110.0,/Users/hewenhao/Documents/电机驱动离心泵多故障电流与振动监测数据集/数据集/原始数据集/Vibration/Motor-2/75/正常状态3/振动_电机2_75_时域-正常状态3-通道4.csv,39,0.9823519932065725,2.4951836435746728e-14,1.049122153457212e-09,0.005762799196935325,0.011885206501650833,4.569427499887397e-11
Motor-2::75::/Users/hewenhao/Documents/电机驱动离心泵多故障电流与振动监测数据集/数据集/原始数据集/Vibration/Motor-2/75/正常状态3/振动_电机2_75_时域-正常状态3-通道4.csv::record_42,正常,正常,Motor-2,75,1110.0,/Users/hewenhao/Documents/电机驱动离心泵多故障电流与振动监测数据集/数据集/原始数据集/Vibration/Motor-2/75/正常状态3/振动_电机2_75_时域-正常状态3-通道4.csv,42,0.9667735922233884,8.966663066994722e-15,1.2382335569668219e-11,0.006309203204799153,0.02691665535974341,5.491996778232493e-07
Motor-2::75::/Users/hewenhao/Documents/电机驱动离心泵多故障电流与振动监测数据集/数据集/原始数据集/Vibration/Motor-2/75/正常状态3/振动_电机2_75_时域-正常状态3-通道4.csv::record_55,正常,正常,Motor-2,75,1110.0,/Users/hewenhao/Documents/电机驱动离心泵多故障电流与振动监测数据集/数据集/原始数据集/Vibration/Motor-2/75/正常状态3/振动_电机2_75_时域-正常状态3-通道4.csv,55,0.9832691003819932,1.0145062189208397e-14,6.96866090240321e-10,0.00942678051902813,0.007304060490071968,5.79120304435754e-08
Motor-2::75::/Users/hewenhao/Documents/电机驱动离心泵多故障电流与振动监测数据集/数据集/原始数据集/Vibration/Motor-2/75/正常状态3/振动_电机2_75_时域-正常状态3-通道4.csv::record_58,正常,正常,Motor-2,75,1110.0,/Users/hewenhao/Documents/电机驱动离心泵多故障电流与振动监测数据集/数据集/原始数据集/Vibration/Motor-2/75/正常状态3/振动_电机2_75_时域-正常状态3-通道4.csv,58,0.9808245768706224,2.771576918473659e-14,6.661365971155426e-11,0.007197184758581025,0.01197750320123017,7.351029248832841e-07
Motor-2::75::/Users/hewenhao/Documents/电机驱动离心泵多故障电流与振动监测数据集/数据集/原始数据集/Vibration/Motor-2/75/泵地脚松动/振动_电机2_75_时域-泵地脚松动-通道4.csv::record_2,松动,松动,Motor-2,75,1110.0,/Users/hewenhao/Documents/电机驱动离心泵多故障电流与振动监测数据集/数据集/原始数据集/Vibration/Motor-2/75/泵地脚松动/振动_电机2_75_时域-泵地脚松动-通道4.csv,2,0.24721326406283478,4.07134152133704e-09,8.903704266025687e-11,0.6023595069705063,0.15042722480558857,6.914856506661557e-13
Motor-2::75::/Users/hewenhao/Documents/电机驱动离心泵多故障电流与振动监测数据集/数据集/原始数据集/Vibration/Motor-2/75/泵地脚松动/振动_电机2_75_时域-泵地脚松动-通道4.csv::record_5,松动,松动,Motor-2,75,1110.0,/Users/hewenhao/Documents/电机驱动离心泵多故障电流与振动监测数据集/数据集/原始数据集/Vibration/Motor-2/75/泵地脚松动/振动_电机2_75_时域-泵地脚松动-通道4.csv,5,0.24369950686342426,8.505409734679234e-07,2.0035625483979617e-09,0.6880912239207543,0.06820841667039251,8.92900316842889e-13
Motor-2::75::/Users/hewenhao/Documents/电机驱动离心泵多故障电流与振动监测数据集/数据集/原始数据集/Vibration/Motor-2/75/泵地脚松动/振动_电机2_75_时域-泵地脚松动-通道4.csv::record_11,松动,松动,Motor-2,75,1110.0,/Users/hewenhao/Documents/电机驱动离心泵多故障电流与振动监测数据集/数据集/原始数据集/Vibration/Motor-2/75/泵地脚松动/振动_电机2_75_时域-泵地脚松动-通道4.csv,11,0.27055864919189454,1.7288935706987297e-05,1.147096780000145e-08,0.6298403503287175,0.0995835972297271,1.0284298588009905e-07
Motor-2::75::/Users/hewenhao/Documents/电机驱动离心泵多故障电流与振动监测数据集/数据集/原始数据集/Vibration/Motor-2/75/泵轴承故障1/振动_电机2_75_时域-泵轴承故障1-通道4.csv::record_4,轴承故障,轴承故障,Motor-2,75,1110.0,/Users/hewenhao/Documents/电机驱动离心泵多故障电流与振动监测数据集/数据集/原始数据集/Vibration/Motor-2/75/泵轴承故障1/振动_电机2_75_时域-泵轴承故障1-通道4.csv,4,6.75225674838433e-05,1.961169025427109e-15,7.136927221095849e-16,2.6544866717364618e-08,0.9999324508876467,3.069524804288028e-17
Motor-2::75::/Users/hewenhao/Documents/电机驱动离心泵多故障电流与振动监测数据集/数据集/原始数据集/Vibration/Motor-2/75/泵轴承故障1/振动_电机2_75_时域-泵轴承故障1-通道4.csv::record_9,轴承故障,轴承故障,Motor-2,75,1110.0,/Users/hewenhao/Documents/电机驱动离心泵多故障电流与振动监测数据集/数据集/原始数据集/Vibration/Motor-2/75/泵轴承故障1/振动_电机2_75_时域-泵轴承故障1-通道4.csv,9,0.007707439571590644,0.00026684719293180233,1.3393449220329391e-06,0.0008274574659188124,0.976678526236535,0.014518390188101717
Motor-2::75::/Users/hewenhao/Documents/电机驱动离心泵多故障电流与振动监测数据集/数据集/原始数据集/Vibration/Motor-2/75/泵轴承故障1/振动_电机2_75_时域-泵轴承故障1-通道4.csv::record_12,轴承故障,轴承故障,Motor-2,75,1110.0,/Users/hewenhao/Documents/电机驱动离心泵多故障电流与振动监测数据集/数据集/原始数据集/Vibration/Motor-2/75/泵轴承故障1/振动_电机2_75_时域-泵轴承故障1-通道4.csv,12,0.007695795176059473,4.29654962371671e-13,7.100738769055177e-13,1.6551976036208202e-06,0.9923025496248526,3.445850794478869e-13
Motor-2::75::/Users/hewenhao/Documents/电机驱动离心泵多故障电流与振动监测数据集/数据集/原始数据集/Vibration/Motor-2/75/泵轴承故障3/振动_电机2_75_时域-泵轴承故障3-通道4.csv::record_2,轴承故障,轴承故障,Motor-2,75,1110.0,/Users/hewenhao/Documents/电机驱动离心泵多故障电流与振动监测数据集/数据集/原始数据集/Vibration/Motor-2/75/泵轴承故障3/振动_电机2_75_时域-泵轴承故障3-通道4.csv,2,3.172885026341703e-07,3.3511601561629146e-16,1.763408949990314e-11,0.00033286839715435237,0.9996668142967087,2.4146083570228666e-21
Motor-2::75::/Users/hewenhao/Documents/电机驱动离心泵多故障电流与振动监测数据集/数据集/原始数据集/Vibration/Motor-2/75/泵轴承故障3/振动_电机2_75_时域-泵轴承故障3-通道4.csv::record_6,轴承故障,轴承故障,Motor-2,75,1110.0,/Users/hewenhao/Documents/电机驱动离心泵多故障电流与振动监测数据集/数据集/原始数据集/Vibration/Motor-2/75/泵轴承故障3/振动_电机2_75_时域-泵轴承故障3-通道4.csv,6,6.680270813088387e-08,2.463122240758773e-17,3.5591723355567102e-12,0.0016745056285957936,0.9983254275651366,4.411637840719329e-28
Motor-2::75::/Users/hewenhao/Documents/电机驱动离心泵多故障电流与振动监测数据集/数据集/原始数据集/Vibration/Motor-2/75/泵轴承故障3/振动_电机2_75_时域-泵轴承故障3-通道4.csv::record_10,轴承故障,轴承故障,Motor-2,75,1110.0,/Users/hewenhao/Documents/电机驱动离心泵多故障电流与振动监测数据集/数据集/原始数据集/Vibration/Motor-2/75/泵轴承故障3/振动_电机2_75_时域-泵轴承故障3-通道4.csv,10,1.3901365971816142e-07,2.3310098557450497e-16,2.4739061906418393e-11,0.003098114905168344,0.9969017460564327,2.436722632457505e-23
Motor-2::75::/Users/hewenhao/Documents/电机驱动离心泵多故障电流与振动监测数据集/数据集/原始数据集/Vibration/Motor-2/75/电机地脚松动/振动_电机2_75_时域-电机地脚松动-通道4.csv::record_0,松动,松动,Motor-2,75,1110.0,/Users/hewenhao/Documents/电机驱动离心泵多故障电流与振动监测数据集/数据集/原始数据集/Vibration/Motor-2/75/电机地脚松动/振动_电机2_75_时域-电机地脚松动-通道4.csv,0,0.0013893771398757859,2.0616755973543016e-06,6.548923045425747e-08,0.987548239833623,0.011059310218652198,9.456430210773393e-07
Motor-2::75::/Users/hewenhao/Documents/电机驱动离心泵多故障电流与振动监测数据集/数据集/原始数据集/Vibration/Motor-2/75/电机地脚松动/振动_电机2_75_时域-电机地脚松动-通道4.csv::record_2,松动,松动,Motor-2,75,1110.0,/Users/hewenhao/Documents/电机驱动离心泵多故障电流与振动监测数据集/数据集/原始数据集/Vibration/Motor-2/75/电机地脚松动/振动_电机2_75_时域-电机地脚松动-通道4.csv,2,0.021656273877278556,3.355775458435267e-07,1.7697523926052938e-09,0.9754107964761429,0.0029325922411748743,5.810552753163389e-11
Motor-2::75::/Users/hewenhao/Documents/电机驱动离心泵多故障电流与振动监测数据集/数据集/原始数据集/Vibration/Motor-2/75/软脚1/振动_电机2_75_时域-软脚1-通道4.csv::record_0,松动,松动,Motor-2,75,1110.0,/Users/hewenhao/Documents/电机驱动离心泵多故障电流与振动监测数据集/数据集/原始数据集/Vibration/Motor-2/75/软脚1/振动_电机2_75_时域-软脚1-通道4.csv,0,0.03557617218668826,4.3920365110600274e-10,1.311431359596713e-10,0.7569692819903969,0.20745454525256765,3.8147024791883802e-16
Motor-2::75::/Users/hewenhao/Documents/电机驱动离心泵多故障电流与振动监测数据集/数据集/原始数据集/Vibration/Motor-2/75/软脚1/振动_电机2_75_时域-软脚1-通道4.csv::record_7,松动,松动,Motor-2,75,1110.0,/Users/hewenhao/Documents/电机驱动离心泵多故障电流与振动监测数据集/数据集/原始数据集/Vibration/Motor-2/75/软脚1/振动_电机2_75_时域-软脚1-通道4.csv,7,0.04750204914194976,2.6784583200685607e-10,1.0459924238014595e-09,0.7732542036603525,0.17924374588376724,9.206825762505231e-14
Motor-2::75::/Users/hewenhao/Documents/电机驱动离心泵多故障电流与振动监测数据集/数据集/原始数据集/Vibration/Motor-2/75/软脚2/振动_电机2_75_时域-软脚2-通道4.csv::record_1,松动,松动,Motor-2,75,1110.0,/Users/hewenhao/Documents/电机驱动离心泵多故障电流与振动监测数据集/数据集/原始数据集/Vibration/Motor-2/75/软脚2/振动_电机2_75_时域-软脚2-通道4.csv,1,0.05798520847513768,3.736239168702292e-11,5.2235574271996337e-11,0.8049941687797958,0.13702062265411177,1.3569352231977578e-12
Motor-2::75::/Users/hewenhao/Documents/电机驱动离心泵多故障电流与振动监测数据集/数据集/原始数据集/Vibration/Motor-2/75/软脚2/振动_电机2_75_时域-软脚2-通道4.csv::record_3,松动,松动,Motor-2,75,1110.0,/Users/hewenhao/Documents/电机驱动离心泵多故障电流与振动监测数据集/数据集/原始数据集/Vibration/Motor-2/75/软脚2/振动_电机2_75_时域-软脚2-通道4.csv,3,0.07500882450055131,1.6383751155950668e-12,3.2066389412497566e-10,0.7404578058921546,0.18453336928496553,2.6244631936425242e-14
Motor-2::75::/Users/hewenhao/Documents/电机驱动离心泵多故障电流与振动监测数据集/数据集/原始数据集/Vibration/Motor-2/75/软脚2/振动_电机2_75_时域-软脚2-通道4.csv::record_7,松动,松动,Motor-2,75,1110.0,/Users/hewenhao/Documents/电机驱动离心泵多故障电流与振动监测数据集/数据集/原始数据集/Vibration/Motor-2/75/软脚2/振动_电机2_75_时域-软脚2-通道4.csv,7,0.015387536423022652,3.874554875856789e-12,1.9729172606594217e-10,0.8333541294871797,0.15125833388862842,3.0208770490495323e-15
Motor-2::75::/Users/hewenhao/Documents/电机驱动离心泵多故障电流与振动监测数据集/数据集/原始数据集/Vibration/Motor-2/75/软脚2/振动_电机2_75_时域-软脚2-通道4.csv::record_10,松动,松动,Motor-2,75,1110.0,/Users/hewenhao/Documents/电机驱动离心泵多故障电流与振动监测数据集/数据集/原始数据集/Vibration/Motor-2/75/软脚2/振动_电机2_75_时域-软脚2-通道4.csv,10,0.10827525950016265,3.609336424584671e-11,5.864956265817071e-11,0.7419100292033004,0.149814711201775,1.887226170501739e-14
Motor-2::75::/Users/hewenhao/Documents/电机驱动离心泵多故障电流与振动监测数据集/数据集/原始数据集/Vibration/Motor-2/75/软脚2/振动_电机2_75_时域-软脚2-通道4.csv::record_13,松动,松动,Motor-2,75,1110.0,/Users/hewenhao/Documents/电机驱动离心泵多故障电流与振动监测数据集/数据集/原始数据集/Vibration/Motor-2/75/软脚2/振动_电机2_75_时域-软脚2-通道4.csv,13,0.07738113669888744,7.590542478772052e-11,1.0052795785698496e-10,0.7814733557555329,0.14114550736914613,5.672345942698241e-17
Motor-2::75::/Users/hewenhao/Documents/电机驱动离心泵多故障电流与振动监测数据集/数据集/原始数据集/Vibration/Motor-2/75/轴承内圈故障1/振动_电机2_75_时域-轴承内圈故障1-通道4.csv::record_1,轴承故障,轴承故障,Motor-2,75,1110.0,/Users/hewenhao/Documents/电机驱动离心泵多故障电流与振动监测数据集/数据集/原始数据集/Vibration/Motor-2/75/轴承内圈故障1/振动_电机2_75_时域-轴承内圈故障1-通道4.csv,1,0.17984187471356958,7.686556133564856e-13,2.388784662432945e-15,1.146724839353986e-05,0.8201466580372658,7.851582683051705e-22
Motor-2::75::/Users/hewenhao/Documents/电机驱动离心泵多故障电流与振动监测数据集/数据集/原始数据集/Vibration/Motor-2/75/轴承内圈故障2/振动_电机2_75_时域-轴承内圈故障2-通道4.csv::record_2,轴承故障,轴承故障,Motor-2,75,1110.0,/Users/hewenhao/Documents/电机驱动离心泵多故障电流与振动监测数据集/数据集/原始数据集/Vibration/Motor-2/75/轴承内圈故障2/振动_电机2_75_时域-轴承内圈故障2-通道4.csv,2,0.034553852794517836,9.598079199047166e-12,4.4584785789110174e-08,0.03856903419092366,0.9268770684201256,4.8937505469115656e-14
Motor-2::75::/Users/hewenhao/Documents/电机驱动离心泵多故障电流与振动监测数据集/数据集/原始数据集/Vibration/Motor-2/75/轴承内圈故障2/振动_电机2_75_时域-轴承内圈故障2-通道4.csv::record_8,轴承故障,轴承故障,Motor-2,75,1110.0,/Users/hewenhao/Documents/电机驱动离心泵多故障电流与振动监测数据集/数据集/原始数据集/Vibration/Motor-2/75/轴承内圈故障2/振动_电机2_75_时域-轴承内圈故障2-通道4.csv,8,0.027580072798861818,1.3553215549283208e-13,7.528050789987257e-14,0.0427372421352434,0.9296826850656839,1.5528607017840666e-16
Motor-2::75::/Users/hewenhao/Documents/电机驱动离心泵多故障电流与振动监测数据集/数据集/原始数据集/Vibration/Motor-2/75/轴承内圈故障2/振动_电机2_75_时域-轴承内圈故障2-通道4.csv::record_13,轴承故障,轴承故障,Motor-2,75,1110.0,/Users/hewenhao/Documents/电机驱动离心泵多故障电流与振动监测数据集/数据集/原始数据集/Vibration/Motor-2/75/轴承内圈故障2/振动_电机2_75_时域-轴承内圈故障2-通道4.csv,13,0.032232152235022335,7.381485921300631e-15,4.590486888111837e-14,0.03275199339454918,0.9350158543703535,2.1826168461553234e-14
Motor-2::75::/Users/hewenhao/Documents/电机驱动离心泵多故障电流与振动监测数据集/数据集/原始数据集/Vibration/Motor-2/75/轴承内圈故障2/振动_电机2_75_时域-轴承内圈故障2-通道4.csv::record_14,轴承故障,轴承故障,Motor-2,75,1110.0,/Users/hewenhao/Documents/电机驱动离心泵多故障电流与振动监测数据集/数据集/原始数据集/Vibration/Motor-2/75/轴承内圈故障2/振动_电机2_75_时域-轴承内圈故障2-通道4.csv,14,0.03635068872214291,3.54950301300045e-13,2.1077375677905462e-13,0.019910370381238426,0.9437389408960408,1.2099423877882055e-14
Motor-2::75::/Users/hewenhao/Documents/电机驱动离心泵多故障电流与振动监测数据集/数据集/原始数据集/Vibration/Motor-2/75/轴承内圈故障3/振动_电机2_75_时域-轴承内圈故障3-通道4.csv::record_0,轴承故障,轴承故障,Motor-2,75,1110.0,/Users/hewenhao/Documents/电机驱动离心泵多故障电流与振动监测数据集/数据集/原始数据集/Vibration/Motor-2/75/轴承内圈故障3/振动_电机2_75_时域-轴承内圈故障3-通道4.csv,0,0.01774274978348596,1.7538762632951672e-10,1.943593879377727e-11,0.08884041584496126,0.8934168327912141,1.3855152757519464e-09
Motor-2::75::/Users/hewenhao/Documents/电机驱动离心泵多故障电流与振动监测数据集/数据集/原始数据集/Vibration/Motor-2/75/轴承内圈故障3/振动_电机2_75_时域-轴承内圈故障3-通道4.csv::record_5,轴承故障,轴承故障,Motor-2,75,1110.0,/Users/hewenhao/Documents/电机驱动离心泵多故障电流与振动监测数据集/数据集/原始数据集/Vibration/Motor-2/75/轴承内圈故障3/振动_电机2_75_时域-轴承内圈故障3-通道4.csv,5,0.016475597802819476,4.208514394300147e-15,9.513279055745881e-15,0.04126122344315189,0.9422631787540147,2.2458230751022644e-17
Motor-2::75::/Users/hewenhao/Documents/电机驱动离心泵多故障电流与振动监测数据集/数据集/原始数据集/Vibration/Motor-2/75/轴承外圈故障1/振动_电机2_75_时域-轴承外圈故障1-通道4.csv::record_12,轴承故障,轴承故障,Motor-2,75,1110.0,/Users/hewenhao/Documents/电机驱动离心泵多故障电流与振动监测数据集/数据集/原始数据集/Vibration/Motor-2/75/轴承外圈故障1/振动_电机2_75_时域-轴承外圈故障1-通道4.csv,12,0.0029795464260834012,6.330565352292676e-18,1.8787304708974589e-16,0.0010255098258725656,0.9959949437480438,4.607703958049465e-20
Motor-2::75::/Users/hewenhao/Documents/电机驱动离心泵多故障电流与振动监测数据集/数据集/原始数据集/Vibration/Motor-2/75/轴承外圈故障1/振动_电机2_75_时域-轴承外圈故障1-通道4.csv::record_14,轴承故障,轴承故障,Motor-2,75,1110.0,/Users/hewenhao/Documents/电机驱动离心泵多故障电流与振动监测数据集/数据集/原始数据集/Vibration/Motor-2/75/轴承外圈故障1/振动_电机2_75_时域-轴承外圈故障1-通道4.csv,14,0.0010996378130636952,5.456696627122968e-19,3.564869953879935e-15,6.539721482203549e-06,0.9988938224654507,1.666729564899409e-19
Motor-2::75::/Users/hewenhao/Documents/电机驱动离心泵多故障电流与振动监测数据集/数据集/原始数据集/Vibration/Motor-2/75/轴承外圈故障2/振动_电机2_75_时域-轴承外圈故障2-通道4.csv::record_4,轴承故障,轴承故障,Motor-2,75,1110.0,/Users/hewenhao/Documents/电机驱动离心泵多故障电流与振动监测数据集/数据集/原始数据集/Vibration/Motor-2/75/轴承外圈故障2/振动_电机2_75_时域-轴承外圈故障2-通道4.csv,4,0.0077602640222256165,2.31790107305539e-10,5.611339894272195e-06,0.0034967377512055003,0.9887373863911196,2.637645593070543e-10
Motor-2::75::/Users/hewenhao/Documents/电机驱动离心泵多故障电流与振动监测数据集/数据集/原始数据集/Vibration/Motor-2/75/轴承外圈故障2/振动_电机2_75_时域-轴承外圈故障2-通道4.csv::record_7,轴承故障,轴承故障,Motor-2,75,1110.0,/Users/hewenhao/Documents/电机驱动离心泵多故障电流与振动监测数据集/数据集/原始数据集/Vibration/Motor-2/75/轴承外圈故障2/振动_电机2_75_时域-轴承外圈故障2-通道4.csv,7,0.00868364222512818,5.436433162986199e-14,9.077562731222365e-14,0.0032757750315445065,0.9880405827431292,5.2980848168687174e-14
Motor-2::75::/Users/hewenhao/Documents/电机驱动离心泵多故障电流与振动监测数据集/数据集/原始数据集/Vibration/Motor-2/75/轴承外圈故障2/振动_电机2_75_时域-轴承外圈故障2-通道4.csv::record_11,轴承故障,轴承故障,Motor-2,75,1110.0,/Users/hewenhao/Documents/电机驱动离心泵多故障电流与振动监测数据集/数据集/原始数据集/Vibration/Motor-2/75/轴承外圈故障2/振动_电机2_75_时域-轴承外圈故障2-通道4.csv,11,0.05742567700186212,2.7295581625258e-14,8.15934252999642e-14,0.0019938989227274695,0.9405804240753013,1.7251136702786995e-16
Motor-2::75::/Users/hewenhao/Documents/电机驱动离心泵多故障电流与振动监测数据集/数据集/原始数据集/Vibration/Motor-2/75/轴承外圈故障2/振动_电机2_75_时域-轴承外圈故障2-通道4.csv::record_13,轴承故障,轴承故障,Motor-2,75,1110.0,/Users/hewenhao/Documents/电机驱动离心泵多故障电流与振动监测数据集/数据集/原始数据集/Vibration/Motor-2/75/轴承外圈故障2/振动_电机2_75_时域-轴承外圈故障2-通道4.csv,13,0.030554204602037862,4.536316390408468e-11,5.16376724899785e-12,0.015074382433834022,0.9543714129133162,2.850576715367068e-13
Motor-2::75::/Users/hewenhao/Documents/电机驱动离心泵多故障电流与振动监测数据集/数据集/原始数据集/Vibration/Motor-2/75/轴承外圈故障3/振动_电机2_75_时域-轴承外圈故障3-通道4.csv::record_4,轴承故障,轴承故障,Motor-2,75,1110.0,/Users/hewenhao/Documents/电机驱动离心泵多故障电流与振动监测数据集/数据集/原始数据集/Vibration/Motor-2/75/轴承外圈故障3/振动_电机2_75_时域-轴承外圈故障3-通道4.csv,4,0.11280626204398221,4.696125272185997e-13,9.454956043079275e-14,0.011029896756904385,0.8761638411985487,5.665318458412954e-16
Motor-2::75::/Users/hewenhao/Documents/电机驱动离心泵多故障电流与振动监测数据集/数据集/原始数据集/Vibration/Motor-2/75/轴承外圈故障3/振动_电机2_75_时域-轴承外圈故障3-通道4.csv::record_8,轴承故障,轴承故障,Motor-2,75,1110.0,/Users/hewenhao/Documents/电机驱动离心泵多故障电流与振动监测数据集/数据集/原始数据集/Vibration/Motor-2/75/轴承外圈故障3/振动_电机2_75_时域-轴承外圈故障3-通道4.csv,8,0.06561186474816813,2.8275809147339865e-09,2.280418140808455e-09,0.019381672938479463,0.9150064572053465,6.873340927978895e-15
Motor-2::75::/Users/hewenhao/Documents/电机驱动离心泵多故障电流与振动监测数据集/数据集/原始数据集/Vibration/Motor-2/75/轴承外圈故障3/振动_电机2_75_时域-轴承外圈故障3-通道4.csv::record_9,轴承故障,轴承故障,Motor-2,75,1110.0,/Users/hewenhao/Documents/电机驱动离心泵多故障电流与振动监测数据集/数据集/原始数据集/Vibration/Motor-2/75/轴承外圈故障3/振动_电机2_75_时域-轴承外圈故障3-通道4.csv,9,0.09427168239867678,1.6278512762064177e-08,2.4032478388365194e-09,0.008976940758932038,0.896751357973046,1.8758487257129928e-10
Motor-2::75::/Users/hewenhao/Documents/电机驱动离心泵多故障电流与振动监测数据集/数据集/原始数据集/Vibration/Motor-2/75/轴承外圈故障3/振动_电机2_75_时域-轴承外圈故障3-通道4.csv::record_10,轴承故障,轴承故障,Motor-2,75,1110.0,/Users/hewenhao/Documents/电机驱动离心泵多故障电流与振动监测数据集/数据集/原始数据集/Vibration/Motor-2/75/轴承外圈故障3/振动_电机2_75_时域-轴承外圈故障3-通道4.csv,10,0.039023998913826505,3.918554184305439e-13,2.317317567627068e-12,0.01833499668144731,0.9426410044020133,3.7483854075069654e-15
Motor-2::75::/Users/hewenhao/Documents/电机驱动离心泵多故障电流与振动监测数据集/数据集/原始数据集/Vibration/Motor-2/75/轴承污染/振动_电机2_75_时域-轴承污染-通道4.csv::record_0,轴承故障,轴承故障,Motor-2,75,1110.0,/Users/hewenhao/Documents/电机驱动离心泵多故障电流与振动监测数据集/数据集/原始数据集/Vibration/Motor-2/75/轴承污染/振动_电机2_75_时域-轴承污染-通道4.csv,0,0.00029451592493428397,5.099749510746589e-13,5.013890965590955e-13,0.19745982707610574,0.8022456569979486,7.362734849887128e-17
Motor-2::75::/Users/hewenhao/Documents/电机驱动离心泵多故障电流与振动监测数据集/数据集/原始数据集/Vibration/Motor-2/75/轴承污染/振动_电机2_75_时域-轴承污染-通道4.csv::record_2,轴承故障,轴承故障,Motor-2,75,1110.0,/Users/hewenhao/Documents/电机驱动离心泵多故障电流与振动监测数据集/数据集/原始数据集/Vibration/Motor-2/75/轴承污染/振动_电机2_75_时域-轴承污染-通道4.csv,2,0.008131633007877215,3.4489184178277913e-12,3.2199725937928464e-14,0.16670244238598908,0.8251659246026525,2.708875984093425e-17
Motor-2::75::/Users/hewenhao/Documents/电机驱动离心泵多故障电流与振动监测数据集/数据集/原始数据集/Vibration/Motor-2/75/轴承污染/振动_电机2_75_时域-轴承污染-通道4.csv::record_9,轴承故障,轴承故障,Motor-2,75,1110.0,/Users/hewenhao/Documents/电机驱动离心泵多故障电流与振动监测数据集/数据集/原始数据集/Vibration/Motor-2/75/轴承污染/振动_电机2_75_时域-轴承污染-通道4.csv,9,0.009261298202615967,1.1828325323308398e-10,3.881846684023437e-11,0.15447907666697192,0.8362596249733086,1.7890808429832098e-15
Motor-2::75::/Users/hewenhao/Documents/电机驱动离心泵多故障电流与振动监测数据集/数据集/原始数据集/Vibration/Motor-2/75/轴承污染/振动_电机2_75_时域-轴承污染-通道4.csv::record_13,轴承故障,轴承故障,Motor-2,75,1110.0,/Users/hewenhao/Documents/电机驱动离心泵多故障电流与振动监测数据集/数据集/原始数据集/Vibration/Motor-2/75/轴承污染/振动_电机2_75_时域-轴承污染-通道4.csv,13,0.0005303599796265051,6.917886623125385e-12,1.328357298441594e-12,0.15366692356183484,0.8458027164502867,5.78250292606108e-15
Motor-2::75::/Users/hewenhao/Documents/电机驱动离心泵多故障电流与振动监测数据集/数据集/原始数据集/Vibration/Motor-2/75/轴承滚动体故障/振动_电机2_75_时域-轴承滚动体故障-通道4.csv::record_2,轴承故障,轴承故障,Motor-2,75,1110.0,/Users/hewenhao/Documents/电机驱动离心泵多故障电流与振动监测数据集/数据集/原始数据集/Vibration/Motor-2/75/轴承滚动体故障/振动_电机2_75_时域-轴承滚动体故障-通道4.csv,2,0.08284425671088251,2.053198861208751e-08,5.275054505766446e-09,0.3394026376229236,0.5777530603471116,1.9512039268533127e-08
Motor-2::75::/Users/hewenhao/Documents/电机驱动离心泵多故障电流与振动监测数据集/数据集/原始数据集/Vibration/Motor-2/75/轴承滚动体故障/振动_电机2_75_时域-轴承滚动体故障-通道4.csv::record_3,轴承故障,轴承故障,Motor-2,75,1110.0,/Users/hewenhao/Documents/电机驱动离心泵多故障电流与振动监测数据集/数据集/原始数据集/Vibration/Motor-2/75/轴承滚动体故障/振动_电机2_75_时域-轴承滚动体故障-通道4.csv,3,0.13163625145317576,0.00024581405084500715,2.7692128134847826e-07,0.22569780127126293,0.6424196431257014,2.1317773356534617e-07
Motor-2::75::/Users/hewenhao/Documents/电机驱动离心泵多故障电流与振动监测数据集/数据集/原始数据集/Vibration/Motor-2/75/轴承滚动体故障/振动_电机2_75_时域-轴承滚动体故障-通道4.csv::record_5,轴承故障,轴承故障,Motor-2,75,1110.0,/Users/hewenhao/Documents/电机驱动离心泵多故障电流与振动监测数据集/数据集/原始数据集/Vibration/Motor-2/75/轴承滚动体故障/振动_电机2_75_时域-轴承滚动体故障-通道4.csv,5,0.05225710961113094,7.816817906787861e-05,1.1714589824906113e-05,0.2992339949031918,0.6484156771097558,3.335607028804616e-06
Motor-2::75::/Users/hewenhao/Documents/电机驱动离心泵多故障电流与振动监测数据集/数据集/原始数据集/Vibration/Motor-2/75/轴承滚动体故障/振动_电机2_75_时域-轴承滚动体故障-通道4.csv::record_12,轴承故障,轴承故障,Motor-2,75,1110.0,/Users/hewenhao/Documents/电机驱动离心泵多故障电流与振动监测数据集/数据集/原始数据集/Vibration/Motor-2/75/轴承滚动体故障/振动_电机2_75_时域-轴承滚动体故障-通道4.csv,12,0.14714281587677777,3.4439208006352806e-09,2.352199696306067e-10,0.16006252100352863,0.6927946548865858,4.55396706122198e-09
Motor-2::75::/Users/hewenhao/Documents/电机驱动离心泵多故障电流与振动监测数据集/数据集/原始数据集/Vibration/Motor-2/75/轴承滚动体故障/振动_电机2_75_时域-轴承滚动体故障-通道4.csv::record_13,轴承故障,轴承故障,Motor-2,75,1110.0,/Users/hewenhao/Documents/电机驱动离心泵多故障电流与振动监测数据集/数据集/原始数据集/Vibration/Motor-2/75/轴承滚动体故障/振动_电机2_75_时域-轴承滚动体故障-通道4.csv,13,0.18815729760009162,2.159962536426118e-10,2.653191650344648e-10,0.24569718396685836,0.5661455111274555,6.824279325729969e-09
Motor-2::75::/Users/hewenhao/Documents/电机驱动离心泵多故障电流与振动监测数据集/数据集/原始数据集/Vibration/Motor-2/75/轴承滚动体故障/振动_电机2_75_时域-轴承滚动体故障-通道4.csv::record_14,轴承故障,轴承故障,Motor-2,75,1110.0,/Users/hewenhao/Documents/电机驱动离心泵多故障电流与振动监测数据集/数据集/原始数据集/Vibration/Motor-2/75/轴承滚动体故障/振动_电机2_75_时域-轴承滚动体故障-通道4.csv,14,0.17285795272132984,1.6963014588889415e-07,2.687322388993896e-06,0.20567109484924292,0.6214680170777817,7.839911057242771e-08
Motor-2::100::/Users/hewenhao/Documents/电机驱动离心泵多故障电流与振动监测数据集/数据集/原始数据集/Vibration/Motor-2/100/正常状态1/振动_电机2_100_时域-正常状态1-通道4.csv::record_1,正常,正常,Motor-2,100,1480.0,/Users/hewenhao/Documents/电机驱动离心泵多故障电流与振动监测数据集/数据集/原始数据集/Vibration/Motor-2/100/正常状态1/振动_电机2_100_时域-正常状态1-通道4.csv,1,0.9999772066899634,3.0337265746554745e-09,5.1745777490890825e-09,9.734239131766524e-07,2.1811650833168898e-05,2.698610820847029e-11
Motor-2::100::/Users/hewenhao/Documents/电机驱动离心泵多故障电流与振动监测数据集/数据集/原始数据集/Vibration/Motor-2/100/正常状态1/振动_电机2_100_时域-正常状态1-通道4.csv::record_3,正常,正常,Motor-2,100,1480.0,/Users/hewenhao/Documents/电机驱动离心泵多故障电流与振动监测数据集/数据集/原始数据集/Vibration/Motor-2/100/正常状态1/振动_电机2_100_时域-正常状态1-通道4.csv,3,0.9956867309840376,2.1127472816008894e-09,5.684231947890907e-11,6.678800177069167e-07,0.004312598718793656,2.4756160407568753e-10
Motor-2::100::/Users/hewenhao/Documents/电机驱动离心泵多故障电流与振动监测数据集/数据集/原始数据集/Vibration/Motor-2/100/正常状态1/振动_电机2_100_时域-正常状态1-通道4.csv::record_4,正常,正常,Motor-2,100,1480.0,/Users/hewenhao/Documents/电机驱动离心泵多故障电流与振动监测数据集/数据集/原始数据集/Vibration/Motor-2/100/正常状态1/振动_电机2_100_时域-正常状态1-通道4.csv,4,0.9998288373182131,3.825112537877258e-09,1.1817309716208016e-10,9.022119942736901e-07,0.00017025519892253682,1.32758466373461e-09
Motor-2::100::/Users/hewenhao/Documents/电机驱动离心泵多故障电流与振动监测数据集/数据集/原始数据集/Vibration/Motor-2/100/正常状态1/振动_电机2_100_时域-正常状态1-通道4.csv::record_11,正常,正常,Motor-2,100,1480.0,/Users/hewenhao/Documents/电机驱动离心泵多故障电流与振动监测数据集/数据集/原始数据集/Vibration/Motor-2/100/正常状态1/振动_电机2_100_时域-正常状态1-通道4.csv,11,0.9916587165741463,2.411247835617367e-06,3.3342616625890716e-05,7.612483974035632e-07,0.008304711482694642,5.683030016684313e-08
Motor-2::100::/Users/hewenhao/Documents/电机驱动离心泵多故障电流与振动监测数据集/数据集/原始数据集/Vibration/Motor-2/100/正常状态1/振动_电机2_100_时域-正常状态1-通道4.csv::record_16,正常,正常,Motor-2,100,1480.0,/Users/hewenhao/Documents/电机驱动离心泵多故障电流与振动监测数据集/数据集/原始数据集/Vibration/Motor-2/100/正常状态1/振动_电机2_100_时域-正常状态1-通道4.csv,16,0.9958712001974606,7.408545230463368e-06,9.819740880767796e-08,4.87740995242177e-08,0.004121243304401701,9.813989463228232e-10
Motor-2::100::/Users/hewenhao/Documents/电机驱动离心泵多故障电流与振动监测数据集/数据集/原始数据集/Vibration/Motor-2/100/正常状态1/振动_电机2_100_时域-正常状态1-通道4.csv::record_20,正常,正常,Motor-2,100,1480.0,/Users/hewenhao/Documents/电机驱动离心泵多故障电流与振动监测数据集/数据集/原始数据集/Vibration/Motor-2/100/正常状态1/振动_电机2_100_时域-正常状态1-通道4.csv,20,0.9991170928193253,7.620523281168301e-10,1.0075831727850732e-11,4.303919524687058e-08,0.0008828632153586955,1.539925104982736e-10
Motor-2::100::/Users/hewenhao/Documents/电机驱动离心泵多故障电流与振动监测数据集/数据集/原始数据集/Vibration/Motor-2/100/正常状态1/振动_电机2_100_时域-正常状态1-通道4.csv::record_21,正常,正常,Motor-2,100,1480.0,/Users/hewenhao/Documents/电机驱动离心泵多故障电流与振动监测数据集/数据集/原始数据集/Vibration/Motor-2/100/正常状态1/振动_电机2_100_时域-正常状态1-通道4.csv,21,0.999958691733443,4.911500322490212e-10,1.574544900540904e-10,6.306194600842088e-09,4.1301311090127545e-05,6.67701363848547e-13
Motor-2::100::/Users/hewenhao/Documents/电机驱动离心泵多故障电流与振动监测数据集/数据集/原始数据集/Vibration/Motor-2/100/正常状态1/振动_电机2_100_时域-正常状态1-通道4.csv::record_44,正常,正常,Motor-2,100,1480.0,/Users/hewenhao/Documents/电机驱动离心泵多故障电流与振动监测数据集/数据集/原始数据集/Vibration/Motor-2/100/正常状态1/振动_电机2_100_时域-正常状态1-通道4.csv,44,0.999165289953909,2.7187831235783803e-09,3.7900572305527734e-08,4.821998991457193e-05,0.0007864494359272574,8.938209127915987e-13
Motor-2::100::/Users/hewenhao/Documents/电机驱动离心泵多故障电流与振动监测数据集/数据集/原始数据集/Vibration/Motor-2/100/正常状态1/振动_电机2_100_时域-正常状态1-通道4.csv::record_45,正常,正常,Motor-2,100,1480.0,/Users/hewenhao/Documents/电机驱动离心泵多故障电流与振动监测数据集/数据集/原始数据集/Vibration/Motor-2/100/正常状态1/振动_电机2_100_时域-正常状态1-通道4.csv,45,0.9991844920715627,9.057550420811559e-10,6.640918958328633e-11,3.60111128822048e-06,0.0008119058438195584,1.1652477813682069e-12
Motor-2::100::/Users/hewenhao/Documents/电机驱动离心泵多故障电流与振动监测数据集/数据集/原始数据集/Vibration/Motor-2/100/正常状态1/振动_电机2_100_时域-正常状态1-通道4.csv::record_48,正常,正常,Motor-2,100,1480.0,/Users/hewenhao/Documents/电机驱动离心泵多故障电流与振动监测数据集/数据集/原始数据集/Vibration/Motor-2/100/正常状态1/振动_电机2_100_时域-正常状态1-通道4.csv,48,0.9966980042923509,7.866686149424817e-09,2.0386306737240548e-10,3.629610888458056e-08,0.0033019513301870886,1.080378484729187e-11
Motor-2::100::/Users/hewenhao/Documents/电机驱动离心泵多故障电流与振动监测数据集/数据集/原始数据集/Vibration/Motor-2/100/正常状态1/振动_电机2_100_时域-正常状态1-通道4.csv::record_49,正常,正常,Motor-2,100,1480.0,/Users/hewenhao/Documents/电机驱动离心泵多故障电流与振动监测数据集/数据集/原始数据集/Vibration/Motor-2/100/正常状态1/振动_电机2_100_时域-正常状态1-通道4.csv,49,0.99989784031443,1.4057029231002133e-08,5.380211569723585e-11,3.5804716631435154e-08,0.00010210973258361269,3.7438553948353726e-11
Motor-2::100::/Users/hewenhao/Documents/电机驱动离心泵多故障电流与振动监测数据集/数据集/原始数据集/Vibration/Motor-2/100/正常状态1/振动_电机2_100_时域-正常状态1-通道4.csv::record_51,正常,正常,Motor-2,100,1480.0,/Users/hewenhao/Documents/电机驱动离心泵多故障电流与振动监测数据集/数据集/原始数据集/Vibration/Motor-2/100/正常状态1/振动_电机2_100_时域-正常状态1-通道4.csv,51,0.9561860994635456,3.1334551814913265e-09,2.074098956435439e-10,5.594358071064429e-07,0.04381333775867879,1.1033521150227712e-12
Motor-2::100::/Users/hewenhao/Documents/电机驱动离心泵多故障电流与振动监测数据集/数据集/原始数据集/Vibration/Motor-2/100/正常状态1/振动_电机2_100_时域-正常状态1-通道4.csv::record_53,正常,正常,Motor-2,100,1480.0,/Users/hewenhao/Documents/电机驱动离心泵多故障电流与振动监测数据集/数据集/原始数据集/Vibration/Motor-2/100/正常状态1/振动_电机2_100_时域-正常状态1-通道4.csv,53,0.9998047428416278,4.83254858309879e-10,2.755497066798418e-05,7.137909696677931e-07,0.00016698771212681773,2.0135289136937518e-10
Motor-2::100::/Users/hewenhao/Documents/电机驱动离心泵多故障电流与振动监测数据集/数据集/原始数据集/Vibration/Motor-2/100/正常状态1/振动_电机2_100_时域-正常状态1-通道4.csv::record_56,正常,正常,Motor-2,100,1480.0,/Users/hewenhao/Documents/电机驱动离心泵多故障电流与振动监测数据集/数据集/原始数据集/Vibration/Motor-2/100/正常状态1/振动_电机2_100_时域-正常状态1-通道4.csv,56,0.9999507202499591,1.1029059770534186e-09,2.4247647726941175e-08,8.984438247594835e-07,4.8355872243129226e-05,8.341945744162926e-11
Motor-2::100::/Users/hewenhao/Documents/电机驱动离心泵多故障电流与振动监测数据集/数据集/原始数据集/Vibration/Motor-2/100/正常状态1/振动_电机2_100_时域-正常状态1-通道4.csv::record_57,正常,正常,Motor-2,100,1480.0,/Users/hewenhao/Documents/电机驱动离心泵多故障电流与振动监测数据集/数据集/原始数据集/Vibration/Motor-2/100/正常状态1/振动_电机2_100_时域-正常状态1-通道4.csv,57,0.9983449946696952,6.931750835481241e-10,6.396100555062966e-11,1.9837845570657957e-07,0.001654806191946956,2.7662096767693082e-12
Motor-2::100::/Users/hewenhao/Documents/电机驱动离心泵多故障电流与振动监测数据集/数据集/原始数据集/Vibration/Motor-2/100/正常状态1/振动_电机2_100_时域-正常状态1-通道4.csv::record_67,正常,正常,Motor-2,100,1480.0,/Users/hewenhao/Documents/电机驱动离心泵多故障电流与振动监测数据集/数据集/原始数据集/Vibration/Motor-2/100/正常状态1/振动_电机2_100_时域-正常状态1-通道4.csv,67,0.9445318185943957,6.2181872927342845e-09,7.806978831469648e-08,1.3395700133857775e-08,0.05518677847318623,0.0002813052487424358
Motor-2::100::/Users/hewenhao/Documents/电机驱动离心泵多故障电流与振动监测数据集/数据集/原始数据集/Vibration/Motor-2/100/正常状态2/振动_电机2_100_时域-正常状态2-通道4.csv::record_2,正常,正常,Motor-2,100,1480.0,/Users/hewenhao/Documents/电机驱动离心泵多故障电流与振动监测数据集/数据集/原始数据集/Vibration/Motor-2/100/正常状态2/振动_电机2_100_时域-正常状态2-通道4.csv,2,0.9623614904217499,1.5396709181268963e-07,9.546038958946577e-08,0.014699474961440138,0.0228256850716892,0.0001131001176391876
Motor-2::100::/Users/hewenhao/Documents/电机驱动离心泵多故障电流与振动监测数据集/数据集/原始数据集/Vibration/Motor-2/100/正常状态2/振动_电机2_100_时域-正常状态2-通道4.csv::record_10,正常,正常,Motor-2,100,1480.0,/Users/hewenhao/Documents/电机驱动离心泵多故障电流与振动监测数据集/数据集/原始数据集/Vibration/Motor-2/100/正常状态2/振动_电机2_100_时域-正常状态2-通道4.csv,10,0.9554694427389989,4.6398024485969756e-07,3.842635322371841e-07,0.007633631453500782,0.03688244296934745,1.3634594375784976e-05
Motor-2::100::/Users/hewenhao/Documents/电机驱动离心泵多故障电流与振动监测数据集/数据集/原始数据集/Vibration/Motor-2/100/正常状态2/振动_电机2_100_时域-正常状态2-通道4.csv::record_20,正常,正常,Motor-2,100,1480.0,/Users/hewenhao/Documents/电机驱动离心泵多故障电流与振动监测数据集/数据集/原始数据集/Vibration/Motor-2/100/正常状态2/振动_电机2_100_时域-正常状态2-通道4.csv,20,0.9209892559112365,6.605121401787795e-08,7.340128574155098e-08,0.004263385039733611,0.07474713510566856,8.449086127393466e-08
Motor-2::100::/Users/hewenhao/Documents/电机驱动离心泵多故障电流与振动监测数据集/数据集/原始数据集/Vibration/Motor-2/100/正常状态2/振动_电机2_100_时域-正常状态2-通道4.csv::record_26,正常,正常,Motor-2,100,1480.0,/Users/hewenhao/Documents/电机驱动离心泵多故障电流与振动监测数据集/数据集/原始数据集/Vibration/Motor-2/100/正常状态2/振动_电机2_100_时域-正常状态2-通道4.csv,26,0.943191664683839,6.444911306881269e-07,1.7752146690356187e-05,0.01442348218239683,0.04234245687469055,2.3999621252499458e-05
Motor-2::100::/Users/hewenhao/Documents/电机驱动离心泵多故障电流与振动监测数据集/数据集/原始数据集/Vibration/Motor-2/100/正常状态2/振动_电机2_100_时域-正常状态2-通道4.csv::record_27,正常,正常,Motor-2,100,1480.0,/Users/hewenhao/Documents/电机驱动离心泵多故障电流与振动监测数据集/数据集/原始数据集/Vibration/Motor-2/100/正常状态2/振动_电机2_100_时域-正常状态2-通道4.csv,27,0.9337740440596501,3.5050713627939476e-08,2.0083481222658906e-07,0.003246598139051588,0.06297844170094502,6.802148273695164e-07
Motor-2::100::/Users/hewenhao/Documents/电机驱动离心泵多故障电流与振动监测数据集/数据集/原始数据集/Vibration/Motor-2/100/正常状态2/振动_电机2_100_时域-正常状态2-通道4.csv::record_32,正常,正常,Motor-2,100,1480.0,/Users/hewenhao/Documents/电机驱动离心泵多故障电流与振动监测数据集/数据集/原始数据集/Vibration/Motor-2/100/正常状态2/振动_电机2_100_时域-正常状态2-通道4.csv,32,0.9281130370637457,1.2219705726758574e-07,2.821424388701389e-07,0.008718523594169957,0.06277427671203359,0.00039375829055486437
Motor-2::100::/Users/hewenhao/Documents/电机驱动离心泵多故障电流与振动监测数据集/数据集/原始数据集/Vibration/Motor-2/100/正常状态2/振动_电机2_100_时域-正常状态2-通道4.csv::record_40,正常,正常,Motor-2,100,1480.0,/Users/hewenhao/Documents/电机驱动离心泵多故障电流与振动监测数据集/数据集/原始数据集/Vibration/Motor-2/100/正常状态2/振动_电机2_100_时域-正常状态2-通道4.csv,40,0.9416763962465311,4.3598342938041077e-07,3.810561608862525e-07,0.0077544097017651975,0.05056128290997151,7.094102142187164e-06
Motor-2::100::/Users/hewenhao/Documents/电机驱动离心泵多故障电流与振动监测数据集/数据集/原始数据集/Vibration/Motor-2/100/正常状态2/振动_电机2_100_时域-正常状态2-通道4.csv::record_42,正常,正常,Motor-2,100,1480.0,/Users/hewenhao/Documents/电机驱动离心泵多故障电流与振动监测数据集/数据集/原始数据集/Vibration/Motor-2/100/正常状态2/振动_电机2_100_时域-正常状态2-通道4.csv,42,0.9589604491993136,4.7191799792484065e-07,2.1338765940731134e-06,0.0035587531252218875,0.03747395128430238,4.240596570234842e-06
Motor-2::100::/Users/hewenhao/Documents/电机驱动离心泵多故障电流与振动监测数据集/数据集/原始数据集/Vibration/Motor-2/100/正常状态2/振动_电机2_100_时域-正常状态2-通道4.csv::record_47,正常,正常,Motor-2,100,1480.0,/Users/hewenhao/Documents/电机驱动离心泵多故障电流与振动监测数据集/数据集/原始数据集/Vibration/Motor-2/100/正常状态2/振动_电机2_100_时域-正常状态2-通道4.csv,47,0.9485316415494223,2.9417560874713807e-07,7.113175084585568e-07,0.00855928589209357,0.0429077507163634,3.1634900347187976e-07
Motor-2::100::/Users/hewenhao/Documents/电机驱动离心泵多故障电流与振动监测数据集/数据集/原始数据集/Vibration/Motor-2/100/正常状态2/振动_电机2_100_时域-正常状态2-通道4.csv::record_59,正常,正常,Motor-2,100,1480.0,/Users/hewenhao/Documents/电机驱动离心泵多故障电流与振动监测数据集/数据集/原始数据集/Vibration/Motor-2/100/正常状态2/振动_电机2_100_时域-正常状态2-通道4.csv,59,0.9306168627131659,6.653843529350697e-08,6.520054312812531e-08,0.0029581971760533694,0.06642388302639342,9.253454087442796e-07
Motor-2::100::/Users/hewenhao/Documents/电机驱动离心泵多故障电流与振动监测数据集/数据集/原始数据集/Vibration/Motor-2/100/正常状态3/振动_电机2_100_时域-正常状态3-通道4.csv::record_0,正常,正常,Motor-2,100,1480.0,/Users/hewenhao/Documents/电机驱动离心泵多故障电流与振动监测数据集/数据集/原始数据集/Vibration/Motor-2/100/正常状态3/振动_电机2_100_时域-正常状态3-通道4.csv,0,0.8803573476732149,0.00014007222320326328,6.174853454902316e-05,0.009299248392349514,0.11014150066138481,8.251529837424665e-08
Motor-2::100::/Users/hewenhao/Documents/电机驱动离心泵多故障电流与振动监测数据集/数据集/原始数据集/Vibration/Motor-2/100/正常状态3/振动_电机2_100_时域-正常状态3-通道4.csv::record_11,正常,正常,Motor-2,100,1480.0,/Users/hewenhao/Documents/电机驱动离心泵多故障电流与振动监测数据集/数据集/原始数据集/Vibration/Motor-2/100/正常状态3/振动_电机2_100_时域-正常状态3-通道4.csv,11,0.9543332468766721,4.605185422317734e-05,0.00017183313271016418,0.0037559797656372793,0.04169266719072674,2.2118003059315203e-07
Motor-2::100::/Users/hewenhao/Documents/电机驱动离心泵多故障电流与振动监测数据集/数据集/原始数据集/Vibration/Motor-2/100/正常状态3/振动_电机2_100_时域-正常状态3-通道4.csv::record_13,正常,正常,Motor-2,100,1480.0,/Users/hewenhao/Documents/电机驱动离心泵多故障电流与振动监测数据集/数据集/原始数据集/Vibration/Motor-2/100/正常状态3/振动_电机2_100_时域-正常状态3-通道4.csv,13,0.9571770422077358,4.674597375026126e-06,0.0005804342240349436,0.005558410188995266,0.03667623344235202,3.2053395069333354e-06
Motor-2::100::/Users/hewenhao/Documents/电机驱动离心泵多故障电流与振动监测数据集/数据集/原始数据集/Vibration/Motor-2/100/正常状态3/振动_电机2_100_时域-正常状态3-通道4.csv::record_15,正常,正常,Motor-2,100,1480.0,/Users/hewenhao/Documents/电机驱动离心泵多故障电流与振动监测数据集/数据集/原始数据集/Vibration/Motor-2/100/正常状态3/振动_电机2_100_时域-正常状态3-通道4.csv,15,0.9456746830956035,1.6703397176132983e-06,9.247170663377378e-05,0.009682433427463085,0.044548128135461246,6.132951206165323e-07
Motor-2::100::/Users/hewenhao/Documents/电机驱动离心泵多故障电流与振动监测数据集/数据集/原始数据集/Vibration/Motor-2/100/正常状态3/振动_电机2_100_时域-正常状态3-通道4.csv::record_24,正常,正常,Motor-2,100,1480.0,/Users/hewenhao/Documents/电机驱动离心泵多故障电流与振动监测数据集/数据集/原始数据集/Vibration/Motor-2/100/正常状态3/振动_电机2_100_时域-正常状态3-通道4.csv,24,0.9383885143608585,1.5885122588500856e-06,5.175863411594331e-05,0.005711425873201245,0.05584486111845657,1.8515011089716503e-06
Motor-2::100::/Users/hewenhao/Documents/电机驱动离心泵多故障电流与振动监测数据集/数据集/原始数据集/Vibration/Motor-2/100/正常状态3/振动_电机2_100_时域-正常状态3-通道4.csv::record_31,正常,正常,Motor-2,100,1480.0,/Users/hewenhao/Documents/电机驱动离心泵多故障电流与振动监测数据集/数据集/原始数据集/Vibration/Motor-2/100/正常状态3/振动_电机2_100_时域-正常状态3-通道4.csv,31,0.963066819149294,2.368164684003993e-07,1.3144753668606553e-05,0.0010293170313886851,0.03589046064362363,2.160555674225392e-08
Motor-2::100::/Users/hewenhao/Documents/电机驱动离心泵多故障电流与振动监测数据集/数据集/原始数据集/Vibration/Motor-2/100/正常状态3/振动_电机2_100_时域-正常状态3-通道4.csv::record_34,正常,正常,Motor-2,100,1480.0,/Users/hewenhao/Documents/电机驱动离心泵多故障电流与振动监测数据集/数据集/原始数据集/Vibration/Motor-2/100/正常状态3/振动_电机2_100_时域-正常状态3-通道4.csv,34,0.9403550061216804,1.36127912522865e-06,1.7017065938591755e-05,0.0022458787720081373,0.05738059758380241,1.3917744511657357e-07
Motor-2::100::/Users/hewenhao/Documents/电机驱动离心泵多故障电流与振动监测数据集/数据集/原始数据集/Vibration/Motor-2/100/正常状态3/振动_电机2_100_时域-正常状态3-通道4.csv::record_39,正常,正常,Motor-2,100,1480.0,/Users/hewenhao/Documents/电机驱动离心泵多故障电流与振动监测数据集/数据集/原始数据集/Vibration/Motor-2/100/正常状态3/振动_电机2_100_时域-正常状态3-通道4.csv,39,0.973849541082858,1.2188608961038682e-06,1.0671436119105458e-05,0.0007366033687356937,0.02540186730181855,9.794957249490684e-08
Motor-2::100::/Users/hewenhao/Documents/电机驱动离心泵多故障电流与振动监测数据集/数据集/原始数据集/Vibration/Motor-2/100/正常状态3/振动_电机2_100_时域-正常状态3-通道4.csv::record_40,正常,正常,Motor-2,100,1480.0,/Users/hewenhao/Documents/电机驱动离心泵多故障电流与振动监测数据集/数据集/原始数据集/Vibration/Motor-2/100/正常状态3/振动_电机2_100_时域-正常状态3-通道4.csv,40,0.9682091595104936,1.0006174685405678e-06,1.2715109734593426e-05,0.006102610478712444,0.02567325504515707,1.2592384339496268e-06
Motor-2::100::/Users/hewenhao/Documents/电机驱动离心泵多故障电流与振动监测数据集/数据集/原始数据集/Vibration/Motor-2/100/正常状态3/振动_电机2_100_时域-正常状态3-通道4.csv::record_45,正常,正常,Motor-2,100,1480.0,/Users/hewenhao/Documents/电机驱动离心泵多故障电流与振动监测数据集/数据集/原始数据集/Vibration/Motor-2/100/正常状态3/振动_电机2_100_时域-正常状态3-通道4.csv,45,0.8170528396449236,1.8321008012584968e-07,4.249251831058185e-07,0.04195975645340377,0.1409866261785106,1.6958789883647402e-07
Motor-2::100::/Users/hewenhao/Documents/电机驱动离心泵多故障电流与振动监测数据集/数据集/原始数据集/Vibration/Motor-2/100/正常状态3/振动_电机2_100_时域-正常状态3-通道4.csv::record_50,正常,正常,Motor-2,100,1480.0,/Users/hewenhao/Documents/电机驱动离心泵多故障电流与振动监测数据集/数据集/原始数据集/Vibration/Motor-2/100/正常状态3/振动_电机2_100_时域-正常状态3-通道4.csv,50,0.8220311706109907,3.460822330920917e-06,3.130321858928817e-06,0.01772717170972164,0.16023499440132802,7.213376958041387e-08
Motor-2::100::/Users/hewenhao/Documents/电机驱动离心泵多故障电流与振动监测数据集/数据集/原始数据集/Vibration/Motor-2/100/正常状态3/振动_电机2_100_时域-正常状态3-通道4.csv::record_54,正常,正常,Motor-2,100,1480.0,/Users/hewenhao/Documents/电机驱动离心泵多故障电流与振动监测数据集/数据集/原始数据集/Vibration/Motor-2/100/正常状态3/振动_电机2_100_时域-正常状态3-通道4.csv,54,0.7952986231382917,4.1703479683664086e-07,1.937021569266054e-06,0.04342273462649081,0.16002602560071183,0.0012502625781395493
Motor-2::100::/Users/hewenhao/Documents/电机驱动离心泵多故障电流与振动监测数据集/数据集/原始数据集/Vibration/Motor-2/100/泵地脚松动/振动_电机2_100_时域-泵地脚松动-通道4.csv::record_2,松动,松动,Motor-2,100,1480.0,/Users/hewenhao/Documents/电机驱动离心泵多故障电流与振动监测数据集/数据集/原始数据集/Vibration/Motor-2/100/泵地脚松动/振动_电机2_100_时域-泵地脚松动-通道4.csv,2,0.045293708969683884,4.072196086415308e-05,0.00015150666729001628,0.7410310008022581,0.2118814801661303,0.0016015814337735415
Motor-2::100::/Users/hewenhao/Documents/电机驱动离心泵多故障电流与振动监测数据集/数据集/原始数据集/Vibration/Motor-2/100/泵地脚松动/振动_电机2_100_时域-泵地脚松动-通道4.csv::record_5,松动,松动,Motor-2,100,1480.0,/Users/hewenhao/Documents/电机驱动离心泵多故障电流与振动监测数据集/数据集/原始数据集/Vibration/Motor-2/100/泵地脚松动/振动_电机2_100_时域-泵地脚松动-通道4.csv,5,0.026633517828984838,3.406008235284098e-05,0.00014702157641906406,0.8049491646879975,0.16813153895420793,0.00010469687003804472
Motor-2::100::/Users/hewenhao/Documents/电机驱动离心泵多故障电流与振动监测数据集/数据集/原始数据集/Vibration/Motor-2/100/泵地脚松动/振动_电机2_100_时域-泵地脚松动-通道4.csv::record_9,松动,松动,Motor-2,100,1480.0,/Users/hewenhao/Documents/电机驱动离心泵多故障电流与振动监测数据集/数据集/原始数据集/Vibration/Motor-2/100/泵地脚松动/振动_电机2_100_时域-泵地脚松动-通道4.csv,9,0.027435532150405353,5.33648840157899e-06,5.259176566624789e-06,0.7781635677402775,0.1943888670852928,1.4373590560928135e-06
Motor-2::100::/Users/hewenhao/Documents/电机驱动离心泵多故障电流与振动监测数据集/数据集/原始数据集/Vibration/Motor-2/100/泵轴承故障1/振动_电机2_100_时域-泵轴承故障1-通道4.csv::record_1,轴承故障,轴承故障,Motor-2,100,1480.0,/Users/hewenhao/Documents/电机驱动离心泵多故障电流与振动监测数据集/数据集/原始数据集/Vibration/Motor-2/100/泵轴承故障1/振动_电机2_100_时域-泵轴承故障1-通道4.csv,1,0.00268898155278001,8.950717748391488e-09,2.002286811363491e-08,8.772084563588344e-09,0.9973106972870895,2.8341445975506343e-07
Motor-2::100::/Users/hewenhao/Documents/电机驱动离心泵多故障电流与振动监测数据集/数据集/原始数据集/Vibration/Motor-2/100/泵轴承故障1/振动_电机2_100_时域-泵轴承故障1-通道4.csv::record_3,轴承故障,轴承故障,Motor-2,100,1480.0,/Users/hewenhao/Documents/电机驱动离心泵多故障电流与振动监测数据集/数据集/原始数据集/Vibration/Motor-2/100/泵轴承故障1/振动_电机2_100_时域-泵轴承故障1-通道4.csv,3,0.0013358120853706429,2.989248546507505e-11,1.0610753928989416e-13,1.5734598462468055e-09,0.9818573927033835,0.01680679360778726
Motor-2::100::/Users/hewenhao/Documents/电机驱动离心泵多故障电流与振动监测数据集/数据集/原始数据集/Vibration/Motor-2/100/泵轴承故障1/振动_电机2_100_时域-泵轴承故障1-通道4.csv::record_14,轴承故障,轴承故障,Motor-2,100,1480.0,/Users/hewenhao/Documents/电机驱动离心泵多故障电流与振动监测数据集/数据集/原始数据集/Vibration/Motor-2/100/泵轴承故障1/振动_电机2_100_时域-泵轴承故障1-通道4.csv,14,0.002077021649584662,2.0983572526294952e-08,2.8572164899956866e-10,0.0002806101251323922,0.9969842140631359,0.0006581328928531136
Motor-2::100::/Users/hewenhao/Documents/电机驱动离心泵多故障电流与振动监测数据集/数据集/原始数据集/Vibration/Motor-2/100/泵轴承故障3/振动_电机2_100_时域-泵轴承故障3-通道4.csv::record_6,轴承故障,轴承故障,Motor-2,100,1480.0,/Users/hewenhao/Documents/电机驱动离心泵多故障电流与振动监测数据集/数据集/原始数据集/Vibration/Motor-2/100/泵轴承故障3/振动_电机2_100_时域-泵轴承故障3-通道4.csv,6,1.34230556947977e-12,4.589586296498709e-10,2.4932322078635e-14,0.002164171250698306,0.9978358282889759,3.0576327179777666e-32
Motor-2::100::/Users/hewenhao/Documents/电机驱动离心泵多故障电流与振动监测数据集/数据集/原始数据集/Vibration/Motor-2/100/泵轴承故障3/振动_电机2_100_时域-泵轴承故障3-通道4.csv::record_14,轴承故障,轴承故障,Motor-2,100,1480.0,/Users/hewenhao/Documents/电机驱动离心泵多故障电流与振动监测数据集/数据集/原始数据集/Vibration/Motor-2/100/泵轴承故障3/振动_电机2_100_时域-泵轴承故障3-通道4.csv,14,1.2007229699963833e-09,2.1366454696279387e-10,1.917447809816382e-12,8.100276725624859e-05,0.9999189958164331,5.7568734033473666e-15
Motor-2::100::/Users/hewenhao/Documents/电机驱动离心泵多故障电流与振动监测数据集/数据集/原始数据集/Vibration/Motor-2/100/电机地脚松动/振动_电机2_100_时域-电机地脚松动-通道4.csv::record_2,松动,松动,Motor-2,100,1480.0,/Users/hewenhao/Documents/电机驱动离心泵多故障电流与振动监测数据集/数据集/原始数据集/Vibration/Motor-2/100/电机地脚松动/振动_电机2_100_时域-电机地脚松动-通道4.csv,2,0.003321824128615419,1.6553143478722788e-05,0.00043761187648685957,0.9946052513371341,0.001618758329143114,1.1851418721877978e-09
Motor-2::100::/Users/hewenhao/Documents/电机驱动离心泵多故障电流与振动监测数据集/数据集/原始数据集/Vibration/Motor-2/100/电机地脚松动/振动_电机2_100_时域-电机地脚松动-通道4.csv::record_3,松动,松动,Motor-2,100,1480.0,/Users/hewenhao/Documents/电机驱动离心泵多故障电流与振动监测数据集/数据集/原始数据集/Vibration/Motor-2/100/电机地脚松动/振动_电机2_100_时域-电机地脚松动-通道4.csv,3,0.013443853608914959,6.395141415436456e-08,3.9388593093914675e-06,0.9811811743722084,0.005370968156655619,1.0514974366364718e-09
Motor-2::100::/Users/hewenhao/Documents/电机驱动离心泵多故障电流与振动监测数据集/数据集/原始数据集/Vibration/Motor-2/100/电机地脚松动/振动_电机2_100_时域-电机地脚松动-通道4.csv::record_8,松动,松动,Motor-2,100,1480.0,/Users/hewenhao/Documents/电机驱动离心泵多故障电流与振动监测数据集/数据集/原始数据集/Vibration/Motor-2/100/电机地脚松动/振动_电机2_100_时域-电机地脚松动-通道4.csv,8,0.001552826712657695,1.8980119883594197e-06,1.2417329485239532e-06,0.9716416851036742,0.026802346472795714,1.9659354339307086e-09
Motor-2::100::/Users/hewenhao/Documents/电机驱动离心泵多故障电流与振动监测数据集/数据集/原始数据集/Vibration/Motor-2/100/电机地脚松动/振动_电机2_100_时域-电机地脚松动-通道4.csv::record_11,松动,松动,Motor-2,100,1480.0,/Users/hewenhao/Documents/电机驱动离心泵多故障电流与振动监测数据集/数据集/原始数据集/Vibration/Motor-2/100/电机地脚松动/振动_电机2_100_时域-电机地脚松动-通道4.csv,11,0.0076777921629040975,6.440074785834079e-08,6.606155782523327e-06,0.990471398939755,0.0018441243201478249,1.4020662594912934e-08
Motor-2::100::/Users/hewenhao/Documents/电机驱动离心泵多故障电流与振动监测数据集/数据集/原始数据集/Vibration/Motor-2/100/电机地脚松动/振动_电机2_100_时域-电机地脚松动-通道4.csv::record_13,松动,松动,Motor-2,100,1480.0,/Users/hewenhao/Documents/电机驱动离心泵多故障电流与振动监测数据集/数据集/原始数据集/Vibration/Motor-2/100/电机地脚松动/振动_电机2_100_时域-电机地脚松动-通道4.csv,13,0.00040134957020662645,2.6748376083916662e-08,2.9019495237490507e-05,0.9894104003671618,0.010159203791763856,2.7253851681597868e-11
Motor-2::100::/Users/hewenhao/Documents/电机驱动离心泵多故障电流与振动监测数据集/数据集/原始数据集/Vibration/Motor-2/100/软脚1/振动_电机2_100_时域-软脚1-通道4.csv::record_3,松动,松动,Motor-2,100,1480.0,/Users/hewenhao/Documents/电机驱动离心泵多故障电流与振动监测数据集/数据集/原始数据集/Vibration/Motor-2/100/软脚1/振动_电机2_100_时域-软脚1-通道4.csv,3,0.0010125536218999805,4.1710370602630585e-06,1.2748770292817054e-05,0.8857329530971549,0.11323756883857014,4.635021818705019e-09
Motor-2::100::/Users/hewenhao/Documents/电机驱动离心泵多故障电流与振动监测数据集/数据集/原始数据集/Vibration/Motor-2/100/软脚1/振动_电机2_100_时域-软脚1-通道4.csv::record_7,松动,松动,Motor-2,100,1480.0,/Users/hewenhao/Documents/电机驱动离心泵多故障电流与振动监测数据集/数据集/原始数据集/Vibration/Motor-2/100/软脚1/振动_电机2_100_时域-软脚1-通道4.csv,7,0.0030956333821085514,5.321767969633524e-05,7.845565337769063e-06,0.8970460376629474,0.09979549318241626,1.772527493585268e-06
Motor-2::100::/Users/hewenhao/Documents/电机驱动离心泵多故障电流与振动监测数据集/数据集/原始数据集/Vibration/Motor-2/100/软脚1/振动_电机2_100_时域-软脚1-通道4.csv::record_13,松动,松动,Motor-2,100,1480.0,/Users/hewenhao/Documents/电机驱动离心泵多故障电流与振动监测数据集/数据集/原始数据集/Vibration/Motor-2/100/软脚1/振动_电机2_100_时域-软脚1-通道4.csv,13,0.0048963469181911735,6.031875146877853e-07,1.2191493232635797e-06,0.806926373098385,0.1881754437706982,1.387588793866554e-08
Motor-2::100::/Users/hewenhao/Documents/电机驱动离心泵多故障电流与振动监测数据集/数据集/原始数据集/Vibration/Motor-2/100/软脚2/振动_电机2_100_时域-软脚2-通道4.csv::record_14,松动,松动,Motor-2,100,1480.0,/Users/hewenhao/Documents/电机驱动离心泵多故障电流与振动监测数据集/数据集/原始数据集/Vibration/Motor-2/100/软脚2/振动_电机2_100_时域-软脚2-通道4.csv,14,0.003752430159210028,1.0900514268666339e-05,8.855446410073078e-05,0.833116628225111,0.16303147942084512,7.216464454392964e-09
Motor-2::100::/Users/hewenhao/Documents/电机驱动离心泵多故障电流与振动监测数据集/数据集/原始数据集/Vibration/Motor-2/100/轴承内圈故障1/振动_电机2_100_时域-轴承内圈故障1-通道4.csv::record_3,轴承故障,轴承故障,Motor-2,100,1480.0,/Users/hewenhao/Documents/电机驱动离心泵多故障电流与振动监测数据集/数据集/原始数据集/Vibration/Motor-2/100/轴承内圈故障1/振动_电机2_100_时域-轴承内圈故障1-通道4.csv,3,0.02012416719969298,4.984870726399686e-06,4.377591111312301e-08,3.460700730534219e-05,0.9798361971094477,3.691651614461327e-11
Motor-2::100::/Users/hewenhao/Documents/电机驱动离心泵多故障电流与振动监测数据集/数据集/原始数据集/Vibration/Motor-2/100/轴承内圈故障1/振动_电机2_100_时域-轴承内圈故障1-通道4.csv::record_9,轴承故障,轴承故障,Motor-2,100,1480.0,/Users/hewenhao/Documents/电机驱动离心泵多故障电流与振动监测数据集/数据集/原始数据集/Vibration/Motor-2/100/轴承内圈故障1/振动_电机2_100_时域-轴承内圈故障1-通道4.csv,9,0.0014917972771547083,7.931688258554922e-09,2.5838900323524617e-09,0.0011524151611126514,0.9973557770320314,1.4123106087768238e-11
Motor-2::100::/Users/hewenhao/Documents/电机驱动离心泵多故障电流与振动监测数据集/数据集/原始数据集/Vibration/Motor-2/100/轴承内圈故障1/振动_电机2_100_时域-轴承内圈故障1-通道4.csv::record_10,轴承故障,轴承故障,Motor-2,100,1480.0,/Users/hewenhao/Documents/电机驱动离心泵多故障电流与振动监测数据集/数据集/原始数据集/Vibration/Motor-2/100/轴承内圈故障1/振动_电机2_100_时域-轴承内圈故障1-通道4.csv,10,0.0006482775272187261,1.7723864487371912e-08,1.3399718016956838e-10,0.0007152059677917519,0.9986364986170367,3.009106516352205e-11
Motor-2::100::/Users/hewenhao/Documents/电机驱动离心泵多故障电流与振动监测数据集/数据集/原始数据集/Vibration/Motor-2/100/轴承内圈故障2/振动_电机2_100_时域-轴承内圈故障2-通道4.csv::record_9,轴承故障,轴承故障,Motor-2,100,1480.0,/Users/hewenhao/Documents/电机驱动离心泵多故障电流与振动监测数据集/数据集/原始数据集/Vibration/Motor-2/100/轴承内圈故障2/振动_电机2_100_时域-轴承内圈故障2-通道4.csv,9,0.0730643856046999,8.150376108724861e-08,7.0620827675961935e-09,0.0005598644722181233,0.9095689368835422,0.016806724473695953
Motor-2::100::/Users/hewenhao/Documents/电机驱动离心泵多故障电流与振动监测数据集/数据集/原始数据集/Vibration/Motor-2/100/轴承内圈故障3/振动_电机2_100_时域-轴承内圈故障3-通道4.csv::record_3,轴承故障,轴承故障,Motor-2,100,1480.0,/Users/hewenhao/Documents/电机驱动离心泵多故障电流与振动监测数据集/数据集/原始数据集/Vibration/Motor-2/100/轴承内圈故障3/振动_电机2_100_时域-轴承内圈故障3-通道4.csv,3,0.0005064065664843473,3.150113972789748e-05,0.0001791323742401469,0.13443152124076488,0.864851427699508,1.0979274706103306e-08
Motor-2::100::/Users/hewenhao/Documents/电机驱动离心泵多故障电流与振动监测数据集/数据集/原始数据集/Vibration/Motor-2/100/轴承内圈故障3/振动_电机2_100_时域-轴承内圈故障3-通道4.csv::record_9,轴承故障,轴承故障,Motor-2,100,1480.0,/Users/hewenhao/Documents/电机驱动离心泵多故障电流与振动监测数据集/数据集/原始数据集/Vibration/Motor-2/100/轴承内圈故障3/振动_电机2_100_时域-轴承内圈故障3-通道4.csv,9,0.007596667648319994,1.4359094819829372e-07,1.074416842739932e-07,0.17117192752042876,0.8212311537609704,3.764810535249848e-11
Motor-2::100::/Users/hewenhao/Documents/电机驱动离心泵多故障电流与振动监测数据集/数据集/原始数据集/Vibration/Motor-2/100/轴承内圈故障3/振动_电机2_100_时域-轴承内圈故障3-通道4.csv::record_14,轴承故障,轴承故障,Motor-2,100,1480.0,/Users/hewenhao/Documents/电机驱动离心泵多故障电流与振动监测数据集/数据集/原始数据集/Vibration/Motor-2/100/轴承内圈故障3/振动_电机2_100_时域-轴承内圈故障3-通道4.csv,14,0.042967091271437885,2.0368703037119053e-07,8.540682392904584e-07,0.1851241533113332,0.7719076974616955,2.0026359473012088e-10
Motor-2::100::/Users/hewenhao/Documents/电机驱动离心泵多故障电流与振动监测数据集/数据集/原始数据集/Vibration/Motor-2/100/轴承外圈故障1/振动_电机2_100_时域-轴承外圈故障1-通道4.csv::record_3,轴承故障,轴承故障,Motor-2,100,1480.0,/Users/hewenhao/Documents/电机驱动离心泵多故障电流与振动监测数据集/数据集/原始数据集/Vibration/Motor-2/100/轴承外圈故障1/振动_电机2_100_时域-轴承外圈故障1-通道4.csv,3,0.002081890070964469,2.1606336522418015e-08,1.6123314512272297e-07,0.2294622597836322,0.7684556317071477,3.5598773981258695e-08
Motor-2::100::/Users/hewenhao/Documents/电机驱动离心泵多故障电流与振动监测数据集/数据集/原始数据集/Vibration/Motor-2/100/轴承外圈故障1/振动_电机2_100_时域-轴承外圈故障1-通道4.csv::record_8,轴承故障,轴承故障,Motor-2,100,1480.0,/Users/hewenhao/Documents/电机驱动离心泵多故障电流与振动监测数据集/数据集/原始数据集/Vibration/Motor-2/100/轴承外圈故障1/振动_电机2_100_时域-轴承外圈故障1-通道4.csv,8,0.003977426910367023,2.7959940292463663e-08,1.3199802491732884e-07,0.13891918952476212,0.8571030880942896,1.355126159933668e-07
Motor-2::100::/Users/hewenhao/Documents/电机驱动离心泵多故障电流与振动监测数据集/数据集/原始数据集/Vibration/Motor-2/100/轴承外圈故障1/振动_电机2_100_时域-轴承外圈故障1-通道4.csv::record_10,轴承故障,轴承故障,Motor-2,100,1480.0,/Users/hewenhao/Documents/电机驱动离心泵多故障电流与振动监测数据集/数据集/原始数据集/Vibration/Motor-2/100/轴承外圈故障1/振动_电机2_100_时域-轴承外圈故障1-通道4.csv,10,0.028178170112583372,3.925096414084801e-06,9.893633405709042e-07,0.3011812889451637,0.6706307312885754,4.895193922887415e-06
Motor-2::100::/Users/hewenhao/Documents/电机驱动离心泵多故障电流与振动监测数据集/数据集/原始数据集/Vibration/Motor-2/100/轴承外圈故障2/振动_电机2_100_时域-轴承外圈故障2-通道4.csv::record_4,轴承故障,轴承故障,Motor-2,100,1480.0,/Users/hewenhao/Documents/电机驱动离心泵多故障电流与振动监测数据集/数据集/原始数据集/Vibration/Motor-2/100/轴承外圈故障2/振动_电机2_100_时域-轴承外圈故障2-通道4.csv,4,0.0028315803787452533,1.8534516795876753e-06,2.0257183319547814e-05,0.11998939439053856,0.8771569103550263,4.240690799900472e-09
Motor-2::100::/Users/hewenhao/Documents/电机驱动离心泵多故障电流与振动监测数据集/数据集/原始数据集/Vibration/Motor-2/100/轴承外圈故障2/振动_电机2_100_时域-轴承外圈故障2-通道4.csv::record_12,轴承故障,轴承故障,Motor-2,100,1480.0,/Users/hewenhao/Documents/电机驱动离心泵多故障电流与振动监测数据集/数据集/原始数据集/Vibration/Motor-2/100/轴承外圈故障2/振动_电机2_100_时域-轴承外圈故障2-通道4.csv,12,0.0015362777725411896,1.847069476468672e-09,2.3168881112728717e-07,0.04259909047080057,0.9558643977734428,4.4733495765930754e-10
Motor-2::100::/Users/hewenhao/Documents/电机驱动离心泵多故障电流与振动监测数据集/数据集/原始数据集/Vibration/Motor-2/100/轴承外圈故障2/振动_电机2_100_时域-轴承外圈故障2-通道4.csv::record_14,轴承故障,轴承故障,Motor-2,100,1480.0,/Users/hewenhao/Documents/电机驱动离心泵多故障电流与振动监测数据集/数据集/原始数据集/Vibration/Motor-2/100/轴承外圈故障2/振动_电机2_100_时域-轴承外圈故障2-通道4.csv,14,0.00224839225832052,2.0604456353725005e-09,4.957067297668098e-06,0.029098495433944643,0.9686481531749781,5.013324864818354e-12
Motor-2::100::/Users/hewenhao/Documents/电机驱动离心泵多故障电流与振动监测数据集/数据集/原始数据集/Vibration/Motor-2/100/轴承外圈故障2/振动_电机2_100_时域-轴承外圈故障2-通道4.csv::record_15,轴承故障,轴承故障,Motor-2,100,1480.0,/Users/hewenhao/Documents/电机驱动离心泵多故障电流与振动监测数据集/数据集/原始数据集/Vibration/Motor-2/100/轴承外圈故障2/振动_电机2_100_时域-轴承外圈故障2-通道4.csv,15,0.006857264381890304,4.672656839162803e-09,7.003714074319307e-06,0.09250782720072408,0.9006279000292459,1.4086199711680556e-12
Motor-2::100::/Users/hewenhao/Documents/电机驱动离心泵多故障电流与振动监测数据集/数据集/原始数据集/Vibration/Motor-2/100/轴承外圈故障2/振动_电机2_100_时域-轴承外圈故障2-通道4.csv::record_18,轴承故障,轴承故障,Motor-2,100,1480.0,/Users/hewenhao/Documents/电机驱动离心泵多故障电流与振动监测数据集/数据集/原始数据集/Vibration/Motor-2/100/轴承外圈故障2/振动_电机2_100_时域-轴承外圈故障2-通道4.csv,18,0.0005628718773320241,3.7209854911135964e-09,8.358540136677084e-05,0.0940297516224156,0.9053237873722824,5.617705684744474e-12
Motor-2::100::/Users/hewenhao/Documents/电机驱动离心泵多故障电流与振动监测数据集/数据集/原始数据集/Vibration/Motor-2/100/轴承外圈故障3/振动_电机2_100_时域-轴承外圈故障3-通道4.csv::record_4,轴承故障,轴承故障,Motor-2,100,1480.0,/Users/hewenhao/Documents/电机驱动离心泵多故障电流与振动监测数据集/数据集/原始数据集/Vibration/Motor-2/100/轴承外圈故障3/振动_电机2_100_时域-轴承外圈故障3-通道4.csv,4,0.012574245063060166,3.880739267213939e-08,1.4848150681581872e-05,0.09904097610385217,0.8883698917866635,8.834990127251229e-11
Motor-2::100::/Users/hewenhao/Documents/电机驱动离心泵多故障电流与振动监测数据集/数据集/原始数据集/Vibration/Motor-2/100/轴承外圈故障3/振动_电机2_100_时域-轴承外圈故障3-通道4.csv::record_8,轴承故障,轴承故障,Motor-2,100,1480.0,/Users/hewenhao/Documents/电机驱动离心泵多故障电流与振动监测数据集/数据集/原始数据集/Vibration/Motor-2/100/轴承外圈故障3/振动_电机2_100_时域-轴承外圈故障3-通道4.csv,8,0.01432485679339166,1.698719394190634e-09,7.414786379839922e-08,0.04412799667604076,0.9415470705864051,9.757945662000488e-11
Motor-2::100::/Users/hewenhao/Documents/电机驱动离心泵多故障电流与振动监测数据集/数据集/原始数据集/Vibration/Motor-2/100/轴承外圈故障3/振动_电机2_100_时域-轴承外圈故障3-通道4.csv::record_10,轴承故障,轴承故障,Motor-2,100,1480.0,/Users/hewenhao/Documents/电机驱动离心泵多故障电流与振动监测数据集/数据集/原始数据集/Vibration/Motor-2/100/轴承外圈故障3/振动_电机2_100_时域-轴承外圈故障3-通道4.csv,10,0.0977034399175904,0.000997597286789236,0.012353297284975338,0.023266600669980743,0.8656778245629099,1.2402777543487563e-06
Motor-2::100::/Users/hewenhao/Documents/电机驱动离心泵多故障电流与振动监测数据集/数据集/原始数据集/Vibration/Motor-2/100/轴承外圈故障3/振动_电机2_100_时域-轴承外圈故障3-通道4.csv::record_11,轴承故障,轴承故障,Motor-2,100,1480.0,/Users/hewenhao/Documents/电机驱动离心泵多故障电流与振动监测数据集/数据集/原始数据集/Vibration/Motor-2/100/轴承外圈故障3/振动_电机2_100_时域-轴承外圈故障3-通道4.csv,11,0.1491465940295072,2.290646668455901e-07,4.349876524466677e-06,0.1712040061707932,0.6796448200090168,8.494916385433894e-10
Motor-2::100::/Users/hewenhao/Documents/电机驱动离心泵多故障电流与振动监测数据集/数据集/原始数据集/Vibration/Motor-2/100/轴承外圈故障3/振动_电机2_100_时域-轴承外圈故障3-通道4.csv::record_13,轴承故障,轴承故障,Motor-2,100,1480.0,/Users/hewenhao/Documents/电机驱动离心泵多故障电流与振动监测数据集/数据集/原始数据集/Vibration/Motor-2/100/轴承外圈故障3/振动_电机2_100_时域-轴承外圈故障3-通道4.csv,13,0.05783136811189708,1.1599810141768633e-09,5.982689432955588e-07,0.004160661992153328,0.9380073532610229,1.7206002509394487e-08
Motor-2::100::/Users/hewenhao/Documents/电机驱动离心泵多故障电流与振动监测数据集/数据集/原始数据集/Vibration/Motor-2/100/轴承污染/振动_电机2_100_时域-轴承污染-通道4.csv::record_1,轴承故障,轴承故障,Motor-2,100,1480.0,/Users/hewenhao/Documents/电机驱动离心泵多故障电流与振动监测数据集/数据集/原始数据集/Vibration/Motor-2/100/轴承污染/振动_电机2_100_时域-轴承污染-通道4.csv,1,0.015091119970623472,1.4144937097835293e-06,1.1838842109814847e-07,0.20494300825400563,0.7799643219506277,1.694261231987002e-08
Motor-2::100::/Users/hewenhao/Documents/电机驱动离心泵多故障电流与振动监测数据集/数据集/原始数据集/Vibration/Motor-2/100/轴承污染/振动_电机2_100_时域-轴承污染-通道4.csv::record_4,轴承故障,轴承故障,Motor-2,100,1480.0,/Users/hewenhao/Documents/电机驱动离心泵多故障电流与振动监测数据集/数据集/原始数据集/Vibration/Motor-2/100/轴承污染/振动_电机2_100_时域-轴承污染-通道4.csv,4,0.0004323438794547039,1.3536040626646155e-06,2.0005002957748702e-07,0.189994652219226,0.8095714483790826,1.868144388873916e-09
Motor-2::100::/Users/hewenhao/Documents/电机驱动离心泵多故障电流与振动监测数据集/数据集/原始数据集/Vibration/Motor-2/100/轴承污染/振动_电机2_100_时域-轴承污染-通道4.csv::record_9,轴承故障,轴承故障,Motor-2,100,1480.0,/Users/hewenhao/Documents/电机驱动离心泵多故障电流与振动监测数据集/数据集/原始数据集/Vibration/Motor-2/100/轴承污染/振动_电机2_100_时域-轴承污染-通道4.csv,9,0.001606137300072137,1.576329243374716e-05,1.0392938546841602e-07,0.20641052396276624,0.7919674514963045,2.00190379178549e-08
Motor-2::100::/Users/hewenhao/Documents/电机驱动离心泵多故障电流与振动监测数据集/数据集/原始数据集/Vibration/Motor-2/100/轴承污染/振动_电机2_100_时域-轴承污染-通道4.csv::record_10,轴承故障,轴承故障,Motor-2,100,1480.0,/Users/hewenhao/Documents/电机驱动离心泵多故障电流与振动监测数据集/数据集/原始数据集/Vibration/Motor-2/100/轴承污染/振动_电机2_100_时域-轴承污染-通道4.csv,10,0.007609547628014596,8.854672290601153e-06,1.2773017873276074e-07,0.187205942451106,0.8051755024513355,2.5067074372497703e-08
Motor-2::100::/Users/hewenhao/Documents/电机驱动离心泵多故障电流与振动监测数据集/数据集/原始数据集/Vibration/Motor-2/100/轴承污染/振动_电机2_100_时域-轴承污染-通道4.csv::record_14,轴承故障,轴承故障,Motor-2,100,1480.0,/Users/hewenhao/Documents/电机驱动离心泵多故障电流与振动监测数据集/数据集/原始数据集/Vibration/Motor-2/100/轴承污染/振动_电机2_100_时域-轴承污染-通道4.csv,14,0.013954764591416997,6.60890957756575e-07,1.2536296749535892e-08,0.10722658884164696,0.8788179724634306,6.762508782225169e-10
Motor-2::100::/Users/hewenhao/Documents/电机驱动离心泵多故障电流与振动监测数据集/数据集/原始数据集/Vibration/Motor-2/100/轴承滚动体故障/振动_电机2_100_时域-轴承滚动体故障-通道4.csv::record_1,轴承故障,轴承故障,Motor-2,100,1480.0,/Users/hewenhao/Documents/电机驱动离心泵多故障电流与振动监测数据集/数据集/原始数据集/Vibration/Motor-2/100/轴承滚动体故障/振动_电机2_100_时域-轴承滚动体故障-通道4.csv,1,0.05057507887142274,1.0109321363488633e-05,2.5098358472256536e-06,0.4463680731709005,0.5030441064059205,1.2239454555426651e-07
Motor-2::100::/Users/hewenhao/Documents/电机驱动离心泵多故障电流与振动监测数据集/数据集/原始数据集/Vibration/Motor-2/100/轴承滚动体故障/振动_电机2_100_时域-轴承滚动体故障-通道4.csv::record_2,轴承故障,轴承故障,Motor-2,100,1480.0,/Users/hewenhao/Documents/电机驱动离心泵多故障电流与振动监测数据集/数据集/原始数据集/Vibration/Motor-2/100/轴承滚动体故障/振动_电机2_100_时域-轴承滚动体故障-通道4.csv,2,0.018834779393001724,2.3382503285954783e-07,2.854323652543422e-06,0.3545096717084428,0.6266524605875283,1.6234190541534149e-10
Motor-2::100::/Users/hewenhao/Documents/电机驱动离心泵多故障电流与振动监测数据集/数据集/原始数据集/Vibration/Motor-2/100/轴承滚动体故障/振动_电机2_100_时域-轴承滚动体故障-通道4.csv::record_4,轴承故障,轴承故障,Motor-2,100,1480.0,/Users/hewenhao/Documents/电机驱动离心泵多故障电流与振动监测数据集/数据集/原始数据集/Vibration/Motor-2/100/轴承滚动体故障/振动_电机2_100_时域-轴承滚动体故障-通道4.csv,4,0.04105450344731442,6.351358075984617e-06,5.657059070090893e-05,0.42149501987881927,0.5373859682744087,1.5864506807831762e-06
Motor-2::100::/Users/hewenhao/Documents/电机驱动离心泵多故障电流与振动监测数据集/数据集/原始数据集/Vibration/Motor-2/100/轴承滚动体故障/振动_电机2_100_时域-轴承滚动体故障-通道4.csv::record_8,轴承故障,轴承故障,Motor-2,100,1480.0,/Users/hewenhao/Documents/电机驱动离心泵多故障电流与振动监测数据集/数据集/原始数据集/Vibration/Motor-2/100/轴承滚动体故障/振动_电机2_100_时域-轴承滚动体故障-通道4.csv,8,0.026346243183910607,4.592083035574019e-07,4.745860470383387e-06,0.18745669470960036,0.7861918559328188,1.1048964258259015e-09
Motor-2::100::/Users/hewenhao/Documents/电机驱动离心泵多故障电流与振动监测数据集/数据集/原始数据集/Vibration/Motor-2/100/轴承滚动体故障/振动_电机2_100_时域-轴承滚动体故障-通道4.csv::record_12,轴承故障,轴承故障,Motor-2,100,1480.0,/Users/hewenhao/Documents/电机驱动离心泵多故障电流与振动监测数据集/数据集/原始数据集/Vibration/Motor-2/100/轴承滚动体故障/振动_电机2_100_时域-轴承滚动体故障-通道4.csv,12,0.12367477524238177,5.739045997702215e-06,0.00013759288107059148,0.1208078496589573,0.7553696309845886,4.412187003998156e-06
Motor-4::70::/Users/hewenhao/Documents/电机驱动离心泵多故障电流与振动监测数据集/数据集/原始数据集/Vibration/Motor-4/70/出口汽蚀1/振动_电机4_70_时域-出口汽蚀1-通道4.csv::record_2,汽蚀,汽蚀,Motor-4,70,2070.0,/Users/hewenhao/Documents/电机驱动离心泵多故障电流与振动监测数据集/数据集/原始数据集/Vibration/Motor-4/70/出口汽蚀1/振动_电机4_70_时域-出口汽蚀1-通道4.csv,2,5.0343137953015746e-05,0.01067800127168018,0.00835491881445874,5.968012071569258e-11,2.2065795843338073e-17,0.9809167367162278
Motor-4::70::/Users/hewenhao/Documents/电机驱动离心泵多故障电流与振动监测数据集/数据集/原始数据集/Vibration/Motor-4/70/出口汽蚀1/振动_电机4_70_时域-出口汽蚀1-通道4.csv::record_4,汽蚀,汽蚀,Motor-4,70,2070.0,/Users/hewenhao/Documents/电机驱动离心泵多故障电流与振动监测数据集/数据集/原始数据集/Vibration/Motor-4/70/出口汽蚀1/振动_电机4_70_时域-出口汽蚀1-通道4.csv,4,1.2723065339763687e-08,0.010151701232771667,2.777977806279769e-05,2.6846284877180973e-11,3.94785054413968e-15,0.9898205062392501
Motor-4::70::/Users/hewenhao/Documents/电机驱动离心泵多故障电流与振动监测数据集/数据集/原始数据集/Vibration/Motor-4/70/出口汽蚀1/振动_电机4_70_时域-出口汽蚀1-通道4.csv::record_7,汽蚀,汽蚀,Motor-4,70,2070.0,/Users/hewenhao/Documents/电机驱动离心泵多故障电流与振动监测数据集/数据集/原始数据集/Vibration/Motor-4/70/出口汽蚀1/振动_电机4_70_时域-出口汽蚀1-通道4.csv,7,3.97159600324093e-09,0.011097720362030378,1.993209500111013e-06,7.73272086084836e-14,8.816025869200194e-16,0.9889002824567952
Motor-4::70::/Users/hewenhao/Documents/电机驱动离心泵多故障电流与振动监测数据集/数据集/原始数据集/Vibration/Motor-4/70/出口汽蚀1/振动_电机4_70_时域-出口汽蚀1-通道4.csv::record_8,汽蚀,汽蚀,Motor-4,70,2070.0,/Users/hewenhao/Documents/电机驱动离心泵多故障电流与振动监测数据集/数据集/原始数据集/Vibration/Motor-4/70/出口汽蚀1/振动_电机4_70_时域-出口汽蚀1-通道4.csv,8,4.5063386220749675e-07,0.020229623623983638,4.453062368947693e-05,2.256095257439116e-14,5.333261856121546e-13,0.9797253951179088
Motor-4::70::/Users/hewenhao/Documents/电机驱动离心泵多故障电流与振动监测数据集/数据集/原始数据集/Vibration/Motor-4/70/出口汽蚀1/振动_电机4_70_时域-出口汽蚀1-通道4.csv::record_9,汽蚀,汽蚀,Motor-4,70,2070.0,/Users/hewenhao/Documents/电机驱动离心泵多故障电流与振动监测数据集/数据集/原始数据集/Vibration/Motor-4/70/出口汽蚀1/振动_电机4_70_时域-出口汽蚀1-通道4.csv,9,1.6076833571455374e-05,0.029809505915744595,0.0013726278757165643,5.063427710190565e-11,1.0462196742649918e-12,0.9688017893232869
Motor-4::70::/Users/hewenhao/Documents/电机驱动离心泵多故障电流与振动监测数据集/数据集/原始数据集/Vibration/Motor-4/70/出口汽蚀2/振动_电机4_70_时域-出口汽蚀2-通道4.csv::record_2,汽蚀,汽蚀,Motor-4,70,2070.0,/Users/hewenhao/Documents/电机驱动离心泵多故障电流与振动监测数据集/数据集/原始数据集/Vibration/Motor-4/70/出口汽蚀2/振动_电机4_70_时域-出口汽蚀2-通道4.csv,2,0.00027924511650071626,8.269204284805731e-05,0.012268292755586304,5.803007250622566e-13,1.32802217339275e-18,0.9873697700844843
Motor-4::70::/Users/hewenhao/Documents/电机驱动离心泵多故障电流与振动监测数据集/数据集/原始数据集/Vibration/Motor-4/70/出口汽蚀2/振动_电机4_70_时域-出口汽蚀2-通道4.csv::record_3,汽蚀,汽蚀,Motor-4,70,2070.0,/Users/hewenhao/Documents/电机驱动离心泵多故障电流与振动监测数据集/数据集/原始数据集/Vibration/Motor-4/70/出口汽蚀2/振动_电机4_70_时域-出口汽蚀2-通道4.csv,3,6.392156366979419e-07,4.719082256650825e-05,0.001123242461289759,1.5305434448959668e-11,1.6698238524102402e-20,0.9988289274852018
Motor-4::70::/Users/hewenhao/Documents/电机驱动离心泵多故障电流与振动监测数据集/数据集/原始数据集/Vibration/Motor-4/70/出口汽蚀2/振动_电机4_70_时域-出口汽蚀2-通道4.csv::record_9,汽蚀,汽蚀,Motor-4,70,2070.0,/Users/hewenhao/Documents/电机驱动离心泵多故障电流与振动监测数据集/数据集/原始数据集/Vibration/Motor-4/70/出口汽蚀2/振动_电机4_70_时域-出口汽蚀2-通道4.csv,9,3.386868106163209e-07,2.4554088166875804e-05,0.0012292140336147008,2.9900706145781947e-12,8.423530189495176e-19,0.9987458931884177
Motor-4::70::/Users/hewenhao/Documents/电机驱动离心泵多故障电流与振动监测数据集/数据集/原始数据集/Vibration/Motor-4/70/出口汽蚀2/振动_电机4_70_时域-出口汽蚀2-通道4.csv::record_11,汽蚀,汽蚀,Motor-4,70,2070.0,/Users/hewenhao/Documents/电机驱动离心泵多故障电流与振动监测数据集/数据集/原始数据集/Vibration/Motor-4/70/出口汽蚀2/振动_电机4_70_时域-出口汽蚀2-通道4.csv,11,3.5513658733315975e-06,5.7699795491961566e-05,0.0019331818338495484,3.396102832783487e-13,2.4485079475533728e-18,0.9980055670044453
Motor-4::70::/Users/hewenhao/Documents/电机驱动离心泵多故障电流与振动监测数据集/数据集/原始数据集/Vibration/Motor-4/70/出口汽蚀3/振动_电机4_70_时域-出口汽蚀3-通道4.csv::record_4,汽蚀,汽蚀,Motor-4,70,2070.0,/Users/hewenhao/Documents/电机驱动离心泵多故障电流与振动监测数据集/数据集/原始数据集/Vibration/Motor-4/70/出口汽蚀3/振动_电机4_70_时域-出口汽蚀3-通道4.csv,4,1.2463382268446899e-11,1.9737521405517413e-06,5.979787914755518e-08,6.399248491169244e-11,1.4017985045525247e-15,0.9999979663735231
Motor-4::70::/Users/hewenhao/Documents/电机驱动离心泵多故障电流与振动监测数据集/数据集/原始数据集/Vibration/Motor-4/70/出口汽蚀4/振动_电机4_70_时域-出口汽蚀4-通道4.csv::record_14,汽蚀,汽蚀,Motor-4,70,2070.0,/Users/hewenhao/Documents/电机驱动离心泵多故障电流与振动监测数据集/数据集/原始数据集/Vibration/Motor-4/70/出口汽蚀4/振动_电机4_70_时域-出口汽蚀4-通道4.csv,14,1.154081697586412e-15,1.0724190004463919e-07,2.5842718845223923e-12,6.729607734059704e-10,3.665344479153786e-17,0.9999998920825537
Motor-4::70::/Users/hewenhao/Documents/电机驱动离心泵多故障电流与振动监测数据集/数据集/原始数据集/Vibration/Motor-4/70/出口汽蚀5/振动_电机4_70_时域-出口汽蚀5-通道4.csv::record_7,汽蚀,汽蚀,Motor-4,70,2070.0,/Users/hewenhao/Documents/电机驱动离心泵多故障电流与振动监测数据集/数据集/原始数据集/Vibration/Motor-4/70/出口汽蚀5/振动_电机4_70_时域-出口汽蚀5-通道4.csv,7,4.886724758219583e-10,0.013251743819547348,3.0729268459417894e-12,1.3122160367743466e-07,0.00011073660522355438,0.98663738786188
Motor-4::70::/Users/hewenhao/Documents/电机驱动离心泵多故障电流与振动监测数据集/数据集/原始数据集/Vibration/Motor-4/70/出口汽蚀5/振动_电机4_70_时域-出口汽蚀5-通道4.csv::record_8,汽蚀,汽蚀,Motor-4,70,2070.0,/Users/hewenhao/Documents/电机驱动离心泵多故障电流与振动监测数据集/数据集/原始数据集/Vibration/Motor-4/70/出口汽蚀5/振动_电机4_70_时域-出口汽蚀5-通道4.csv,8,1.7364800422457498e-12,0.00015077049304749231,3.7362298529582205e-12,5.462336914233096e-07,8.659987159417805e-05,0.9997620833961944
Motor-4::70::/Users/hewenhao/Documents/电机驱动离心泵多故障电流与振动监测数据集/数据集/原始数据集/Vibration/Motor-4/70/出口汽蚀5/振动_电机4_70_时域-出口汽蚀5-通道4.csv::record_9,汽蚀,汽蚀,Motor-4,70,2070.0,/Users/hewenhao/Documents/电机驱动离心泵多故障电流与振动监测数据集/数据集/原始数据集/Vibration/Motor-4/70/出口汽蚀5/振动_电机4_70_时域-出口汽蚀5-通道4.csv,9,1.172684423674349e-18,3.032068450204177e-07,1.2646503488855085e-13,2.3826849843163536e-20,4.6556971519901415e-11,0.9999996967464716
Motor-4::70::/Users/hewenhao/Documents/电机驱动离心泵多故障电流与振动监测数据集/数据集/原始数据集/Vibration/Motor-4/70/出口汽蚀5/振动_电机4_70_时域-出口汽蚀5-通道4.csv::record_10,汽蚀,汽蚀,Motor-4,70,2070.0,/Users/hewenhao/Documents/电机驱动离心泵多故障电流与振动监测数据集/数据集/原始数据集/Vibration/Motor-4/70/出口汽蚀5/振动_电机4_70_时域-出口汽蚀5-通道4.csv,10,2.375193373627484e-15,1.2346688330678719e-05,2.3346266777082063e-14,9.777637223285412e-13,7.550783953944045e-07,0.9999868982322705
Motor-4::70::/Users/hewenhao/Documents/电机驱动离心泵多故障电流与振动监测数据集/数据集/原始数据集/Vibration/Motor-4/70/出口汽蚀5/振动_电机4_70_时域-出口汽蚀5-通道4.csv::record_11,汽蚀,汽蚀,Motor-4,70,2070.0,/Users/hewenhao/Documents/电机驱动离心泵多故障电流与振动监测数据集/数据集/原始数据集/Vibration/Motor-4/70/出口汽蚀5/振动_电机4_70_时域-出口汽蚀5-通道4.csv,11,3.2945149864035054e-16,7.169353742804271e-08,4.0093114976784196e-16,7.515815978177642e-11,1.4688447867015583e-10,0.9999999280844193
Motor-4::70::/Users/hewenhao/Documents/电机驱动离心泵多故障电流与振动监测数据集/数据集/原始数据集/Vibration/Motor-4/70/出口汽蚀5/振动_电机4_70_时域-出口汽蚀5-通道4.csv::record_12,汽蚀,汽蚀,Motor-4,70,2070.0,/Users/hewenhao/Documents/电机驱动离心泵多故障电流与振动监测数据集/数据集/原始数据集/Vibration/Motor-4/70/出口汽蚀5/振动_电机4_70_时域-出口汽蚀5-通道4.csv,12,3.2397916850288638e-12,1.4680629278607575e-05,3.444818143215126e-11,2.924396497325996e-13,2.516405635752571e-10,0.9999853190811004
Motor-4::70::/Users/hewenhao/Documents/电机驱动离心泵多故障电流与振动监测数据集/数据集/原始数据集/Vibration/Motor-4/70/吸入口汽蚀1/振动_电机4_70_时域-吸入口汽蚀1-通道4.csv::record_7,汽蚀,汽蚀,Motor-4,70,2070.0,/Users/hewenhao/Documents/电机驱动离心泵多故障电流与振动监测数据集/数据集/原始数据集/Vibration/Motor-4/70/吸入口汽蚀1/振动_电机4_70_时域-吸入口汽蚀1-通道4.csv,7,0.0033518998403987655,0.00017856750268079898,0.013799163522742394,3.6896873486607978e-06,1.6123858874146042e-07,0.9826665182082407
Motor-4::70::/Users/hewenhao/Documents/电机驱动离心泵多故障电流与振动监测数据集/数据集/原始数据集/Vibration/Motor-4/70/吸入口汽蚀1/振动_电机4_70_时域-吸入口汽蚀1-通道4.csv::record_12,汽蚀,汽蚀,Motor-4,70,2070.0,/Users/hewenhao/Documents/电机驱动离心泵多故障电流与振动监测数据集/数据集/原始数据集/Vibration/Motor-4/70/吸入口汽蚀1/振动_电机4_70_时域-吸入口汽蚀1-通道4.csv,12,0.00048664161830754856,7.418926190973601e-05,0.0016198950992641523,5.610649970459407e-06,0.0002218684448231997,0.9975917949257249
Motor-4::70::/Users/hewenhao/Documents/电机驱动离心泵多故障电流与振动监测数据集/数据集/原始数据集/Vibration/Motor-4/70/吸入口汽蚀1/振动_电机4_70_时域-吸入口汽蚀1-通道4.csv::record_14,汽蚀,汽蚀,Motor-4,70,2070.0,/Users/hewenhao/Documents/电机驱动离心泵多故障电流与振动监测数据集/数据集/原始数据集/Vibration/Motor-4/70/吸入口汽蚀1/振动_电机4_70_时域-吸入口汽蚀1-通道4.csv,14,0.0006513683567590837,8.18621907144151e-06,0.002066514176868972,9.861987189170912e-07,1.2640609898729203e-05,0.9972603044386829
Motor-4::70::/Users/hewenhao/Documents/电机驱动离心泵多故障电流与振动监测数据集/数据集/原始数据集/Vibration/Motor-4/70/吸入口汽蚀3/振动_电机4_70_时域-吸入口汽蚀3-通道4.csv::record_2,汽蚀,汽蚀,Motor-4,70,2070.0,/Users/hewenhao/Documents/电机驱动离心泵多故障电流与振动监测数据集/数据集/原始数据集/Vibration/Motor-4/70/吸入口汽蚀3/振动_电机4_70_时域-吸入口汽蚀3-通道4.csv,2,0.0013659657816727233,0.004023465149670814,0.02138751491540264,0.00015210565711851963,7.11869860548828e-08,0.9730708773091493
Motor-4::70::/Users/hewenhao/Documents/电机驱动离心泵多故障电流与振动监测数据集/数据集/原始数据集/Vibration/Motor-4/70/吸入口汽蚀3/振动_电机4_70_时域-吸入口汽蚀3-通道4.csv::record_6,汽蚀,汽蚀,Motor-4,70,2070.0,/Users/hewenhao/Documents/电机驱动离心泵多故障电流与振动监测数据集/数据集/原始数据集/Vibration/Motor-4/70/吸入口汽蚀3/振动_电机4_70_时域-吸入口汽蚀3-通道4.csv,6,7.045141744924345e-05,9.677722289707372e-05,0.00010838311221750875,1.5071697214516385e-05,2.5040117960497216e-10,0.9997093162998205
Motor-4::70::/Users/hewenhao/Documents/电机驱动离心泵多故障电流与振动监测数据集/数据集/原始数据集/Vibration/Motor-4/70/吸入口汽蚀3/振动_电机4_70_时域-吸入口汽蚀3-通道4.csv::record_9,汽蚀,汽蚀,Motor-4,70,2070.0,/Users/hewenhao/Documents/电机驱动离心泵多故障电流与振动监测数据集/数据集/原始数据集/Vibration/Motor-4/70/吸入口汽蚀3/振动_电机4_70_时域-吸入口汽蚀3-通道4.csv,9,0.0011231507734580598,0.0002973312038072892,0.003117596272609467,1.040257858521546e-06,5.409883783727829e-11,0.9954608814381677
Motor-4::70::/Users/hewenhao/Documents/电机驱动离心泵多故障电流与振动监测数据集/数据集/原始数据集/Vibration/Motor-4/70/吸入口汽蚀3/振动_电机4_70_时域-吸入口汽蚀3-通道4.csv::record_11,汽蚀,汽蚀,Motor-4,70,2070.0,/Users/hewenhao/Documents/电机驱动离心泵多故障电流与振动监测数据集/数据集/原始数据集/Vibration/Motor-4/70/吸入口汽蚀3/振动_电机4_70_时域-吸入口汽蚀3-通道4.csv,11,0.0026523832971142997,0.0023911234326213586,0.005572360773235402,8.280997646054222e-06,9.364763664687039e-11,0.9893758514057354
Motor-4::70::/Users/hewenhao/Documents/电机驱动离心泵多故障电流与振动监测数据集/数据集/原始数据集/Vibration/Motor-4/70/吸入口汽蚀4/振动_电机4_70_时域-吸入口汽蚀4-通道4.csv::record_13,汽蚀,汽蚀,Motor-4,70,2070.0,/Users/hewenhao/Documents/电机驱动离心泵多故障电流与振动监测数据集/数据集/原始数据集/Vibration/Motor-4/70/吸入口汽蚀4/振动_电机4_70_时域-吸入口汽蚀4-通道4.csv,13,0.0011200175380963863,1.1216781328601249e-10,4.163332866244645e-06,1.1720625387774477e-06,0.0013707788063214757,0.9975038681480093
Motor-4::70::/Users/hewenhao/Documents/电机驱动离心泵多故障电流与振动监测数据集/数据集/原始数据集/Vibration/Motor-4/70/平行不对中1/振动_电机4_70_时域-平行不对中1-通道4.csv::record_3,联轴器不对中,联轴器不对中,Motor-4,70,2070.0,/Users/hewenhao/Documents/电机驱动离心泵多故障电流与振动监测数据集/数据集/原始数据集/Vibration/Motor-4/70/平行不对中1/振动_电机4_70_时域-平行不对中1-通道4.csv,3,0.17783506633159818,0.013005546316738696,0.8090946192912457,1.890063560538252e-07,3.3725343372791833e-10,6.457871680806142e-05
Motor-4::70::/Users/hewenhao/Documents/电机驱动离心泵多故障电流与振动监测数据集/数据集/原始数据集/Vibration/Motor-4/70/平行不对中1/振动_电机4_70_时域-平行不对中1-通道4.csv::record_5,联轴器不对中,联轴器不对中,Motor-4,70,2070.0,/Users/hewenhao/Documents/电机驱动离心泵多故障电流与振动监测数据集/数据集/原始数据集/Vibration/Motor-4/70/平行不对中1/振动_电机4_70_时域-平行不对中1-通道4.csv,5,0.030826448640261645,0.002584840108400192,0.9665877880719317,1.3264425456227333e-08,9.22594143726365e-10,9.089923870232506e-07
Motor-4::70::/Users/hewenhao/Documents/电机驱动离心泵多故障电流与振动监测数据集/数据集/原始数据集/Vibration/Motor-4/70/平行不对中1/振动_电机4_70_时域-平行不对中1-通道4.csv::record_7,联轴器不对中,联轴器不对中,Motor-4,70,2070.0,/Users/hewenhao/Documents/电机驱动离心泵多故障电流与振动监测数据集/数据集/原始数据集/Vibration/Motor-4/70/平行不对中1/振动_电机4_70_时域-平行不对中1-通道4.csv,7,0.035740290954415915,0.005841570590380731,0.958417594825893,1.1105771774600295e-08,1.2246604049823976e-11,5.32511292040468e-07
Motor-4::70::/Users/hewenhao/Documents/电机驱动离心泵多故障电流与振动监测数据集/数据集/原始数据集/Vibration/Motor-4/70/平行不对中1/振动_电机4_70_时域-平行不对中1-通道4.csv::record_10,联轴器不对中,联轴器不对中,Motor-4,70,2070.0,/Users/hewenhao/Documents/电机驱动离心泵多故障电流与振动监测数据集/数据集/原始数据集/Vibration/Motor-4/70/平行不对中1/振动_电机4_70_时域-平行不对中1-通道4.csv,10,0.04501001758831995,0.0018976796438525,0.9530900149925667,1.4570012701863273e-09,4.781053727348249e-16,2.2863182590876737e-06
Motor-4::70::/Users/hewenhao/Documents/电机驱动离心泵多故障电流与振动监测数据集/数据集/原始数据集/Vibration/Motor-4/70/平行不对中1/振动_电机4_70_时域-平行不对中1-通道4.csv::record_12,联轴器不对中,联轴器不对中,Motor-4,70,2070.0,/Users/hewenhao/Documents/电机驱动离心泵多故障电流与振动监测数据集/数据集/原始数据集/Vibration/Motor-4/70/平行不对中1/振动_电机4_70_时域-平行不对中1-通道4.csv,12,0.06497190288899127,0.0017726352508410518,0.9328244249041655,2.2030069062991332e-10,0.0004309063489671168,1.3038673437938955e-07
Motor-4::70::/Users/hewenhao/Documents/电机驱动离心泵多故障电流与振动监测数据集/数据集/原始数据集/Vibration/Motor-4/70/平行不对中1/振动_电机4_70_时域-平行不对中1-通道4.csv::record_13,联轴器不对中,联轴器不对中,Motor-4,70,2070.0,/Users/hewenhao/Documents/电机驱动离心泵多故障电流与振动监测数据集/数据集/原始数据集/Vibration/Motor-4/70/平行不对中1/振动_电机4_70_时域-平行不对中1-通道4.csv,13,0.047895360256467026,0.009001486079086794,0.9431031342183158,7.458861144282693e-11,3.574013991990324e-15,1.9371538107593686e-08
Motor-4::70::/Users/hewenhao/Documents/电机驱动离心泵多故障电流与振动监测数据集/数据集/原始数据集/Vibration/Motor-4/70/平行不对中2/振动_电机4_70_时域-平行不对中2-通道4.csv::record_3,联轴器不对中,联轴器不对中,Motor-4,70,2070.0,/Users/hewenhao/Documents/电机驱动离心泵多故障电流与振动监测数据集/数据集/原始数据集/Vibration/Motor-4/70/平行不对中2/振动_电机4_70_时域-平行不对中2-通道4.csv,3,0.05030842245739699,0.00013497599231743527,0.949522276156421,1.5850328886697142e-09,2.5557149950260463e-09,3.43212531168654e-05
Motor-4::70::/Users/hewenhao/Documents/电机驱动离心泵多故障电流与振动监测数据集/数据集/原始数据集/Vibration/Motor-4/70/平行不对中2/振动_电机4_70_时域-平行不对中2-通道4.csv::record_12,联轴器不对中,联轴器不对中,Motor-4,70,2070.0,/Users/hewenhao/Documents/电机驱动离心泵多故障电流与振动监测数据集/数据集/原始数据集/Vibration/Motor-4/70/平行不对中2/振动_电机4_70_时域-平行不对中2-通道4.csv,12,0.010239291530945337,0.00016140777908412251,0.9895964819551116,1.0697508323231404e-09,2.6243084951293307e-16,2.8176651077896997e-06
Motor-4::70::/Users/hewenhao/Documents/电机驱动离心泵多故障电流与振动监测数据集/数据集/原始数据集/Vibration/Motor-4/70/平行不对中3/振动_电机4_70_时域-平行不对中3-通道4.csv::record_6,联轴器不对中,联轴器不对中,Motor-4,70,2070.0,/Users/hewenhao/Documents/电机驱动离心泵多故障电流与振动监测数据集/数据集/原始数据集/Vibration/Motor-4/70/平行不对中3/振动_电机4_70_时域-平行不对中3-通道4.csv,6,7.650851717419324e-07,4.839776048058338e-07,0.9999976742650566,7.732741677479314e-10,4.2554571919509126e-16,1.0758988921883566e-06
Motor-4::70::/Users/hewenhao/Documents/电机驱动离心泵多故障电流与振动监测数据集/数据集/原始数据集/Vibration/Motor-4/70/平行不对中4/振动_电机4_70_时域-平行不对中4-通道4.csv::record_5,联轴器不对中,联轴器不对中,Motor-4,70,2070.0,/Users/hewenhao/Documents/电机驱动离心泵多故障电流与振动监测数据集/数据集/原始数据集/Vibration/Motor-4/70/平行不对中4/振动_电机4_70_时域-平行不对中4-通道4.csv,5,0.016914546592876282,1.0963146178763344e-09,0.9827466464412407,0.0002588989642030345,2.7058093825292616e-08,7.987984727159102e-05
Motor-4::70::/Users/hewenhao/Documents/电机驱动离心泵多故障电流与振动监测数据集/数据集/原始数据集/Vibration/Motor-4/70/平行不对中4/振动_电机4_70_时域-平行不对中4-通道4.csv::record_6,联轴器不对中,联轴器不对中,Motor-4,70,2070.0,/Users/hewenhao/Documents/电机驱动离心泵多故障电流与振动监测数据集/数据集/原始数据集/Vibration/Motor-4/70/平行不对中4/振动_电机4_70_时域-平行不对中4-通道4.csv,6,4.400859931687625e-05,8.738489937427695e-11,0.9981861240719138,0.0017123898082719389,4.1211319560253154e-07,5.706531991669702e-05
Motor-4::70::/Users/hewenhao/Documents/电机驱动离心泵多故障电流与振动监测数据集/数据集/原始数据集/Vibration/Motor-4/70/平行不对中4/振动_电机4_70_时域-平行不对中4-通道4.csv::record_11,联轴器不对中,联轴器不对中,Motor-4,70,2070.0,/Users/hewenhao/Documents/电机驱动离心泵多故障电流与振动监测数据集/数据集/原始数据集/Vibration/Motor-4/70/平行不对中4/振动_电机4_70_时域-平行不对中4-通道4.csv,11,3.4741595823204777e-07,3.6443497345705716e-09,0.9995569498685264,9.204364527321747e-08,1.3278633803705148e-12,0.00044260702619223905
Motor-4::70::/Users/hewenhao/Documents/电机驱动离心泵多故障电流与振动监测数据集/数据集/原始数据集/Vibration/Motor-4/70/平行不对中4/振动_电机4_70_时域-平行不对中4-通道4.csv::record_14,联轴器不对中,联轴器不对中,Motor-4,70,2070.0,/Users/hewenhao/Documents/电机驱动离心泵多故障电流与振动监测数据集/数据集/原始数据集/Vibration/Motor-4/70/平行不对中4/振动_电机4_70_时域-平行不对中4-通道4.csv,14,2.557903180155421e-07,4.944041452398761e-09,0.9998650932188986,6.648821409423835e-08,2.847116805511485e-13,0.00013457955824326844
Motor-4::70::/Users/hewenhao/Documents/电机驱动离心泵多故障电流与振动监测数据集/数据集/原始数据集/Vibration/Motor-4/70/正常状态1/振动_电机4_70_时域-正常状态1-通道4.csv::record_4,正常,正常,Motor-4,70,2070.0,/Users/hewenhao/Documents/电机驱动离心泵多故障电流与振动监测数据集/数据集/原始数据集/Vibration/Motor-4/70/正常状态1/振动_电机4_70_时域-正常状态1-通道4.csv,4,0.6127760369314462,0.014742584989850555,0.3724601262025716,3.314927880327421e-08,1.7623725798315539e-09,2.1216964480340514e-05
Motor-4::70::/Users/hewenhao/Documents/电机驱动离心泵多故障电流与振动监测数据集/数据集/原始数据集/Vibration/Motor-4/70/正常状态1/振动_电机4_70_时域-正常状态1-通道4.csv::record_5,正常,正常,Motor-4,70,2070.0,/Users/hewenhao/Documents/电机驱动离心泵多故障电流与振动监测数据集/数据集/原始数据集/Vibration/Motor-4/70/正常状态1/振动_电机4_70_时域-正常状态1-通道4.csv,5,0.5253328595649948,0.02978123090269772,0.44483813702728714,5.767838908699852e-09,2.805721726605556e-10,4.776645660943823e-05
Motor-4::70::/Users/hewenhao/Documents/电机驱动离心泵多故障电流与振动监测数据集/数据集/原始数据集/Vibration/Motor-4/70/正常状态1/振动_电机4_70_时域-正常状态1-通道4.csv::record_6,正常,正常,Motor-4,70,2070.0,/Users/hewenhao/Documents/电机驱动离心泵多故障电流与振动监测数据集/数据集/原始数据集/Vibration/Motor-4/70/正常状态1/振动_电机4_70_时域-正常状态1-通道4.csv,6,0.537428456669224,0.02817138319333873,0.43424610963523874,1.0106225580538913e-09,6.9328568574727426e-12,0.000154049484643295
Motor-4::70::/Users/hewenhao/Documents/电机驱动离心泵多故障电流与振动监测数据集/数据集/原始数据集/Vibration/Motor-4/70/正常状态1/振动_电机4_70_时域-正常状态1-通道4.csv::record_14,正常,正常,Motor-4,70,2070.0,/Users/hewenhao/Documents/电机驱动离心泵多故障电流与振动监测数据集/数据集/原始数据集/Vibration/Motor-4/70/正常状态1/振动_电机4_70_时域-正常状态1-通道4.csv,14,0.6645098060249881,0.026449689407157605,0.30901095262876,8.227445099063423e-08,1.1700262565911997e-09,2.9468494617053932e-05
Motor-4::70::/Users/hewenhao/Documents/电机驱动离心泵多故障电流与振动监测数据集/数据集/原始数据集/Vibration/Motor-4/70/正常状态1/振动_电机4_70_时域-正常状态1-通道4.csv::record_15,正常,正常,Motor-4,70,2070.0,/Users/hewenhao/Documents/电机驱动离心泵多故障电流与振动监测数据集/数据集/原始数据集/Vibration/Motor-4/70/正常状态1/振动_电机4_70_时域-正常状态1-通道4.csv,15,0.6096376015753612,0.004796062750516465,0.3855661005814012,2.4601114410693054e-09,4.505493104500414e-08,1.8757767856556079e-07
Motor-4::70::/Users/hewenhao/Documents/电机驱动离心泵多故障电流与振动监测数据集/数据集/原始数据集/Vibration/Motor-4/70/正常状态1/振动_电机4_70_时域-正常状态1-通道4.csv::record_17,正常,正常,Motor-4,70,2070.0,/Users/hewenhao/Documents/电机驱动离心泵多故障电流与振动监测数据集/数据集/原始数据集/Vibration/Motor-4/70/正常状态1/振动_电机4_70_时域-正常状态1-通道4.csv,17,0.6051534623120638,0.004300002974087022,0.39054636892677197,1.6422931431734614e-08,6.410300230253046e-09,1.429538455341563e-07
Motor-4::70::/Users/hewenhao/Documents/电机驱动离心泵多故障电流与振动监测数据集/数据集/原始数据集/Vibration/Motor-4/70/正常状态1/振动_电机4_70_时域-正常状态1-通道4.csv::record_37,正常,正常,Motor-4,70,2070.0,/Users/hewenhao/Documents/电机驱动离心泵多故障电流与振动监测数据集/数据集/原始数据集/Vibration/Motor-4/70/正常状态1/振动_电机4_70_时域-正常状态1-通道4.csv,37,0.5422898944122561,0.002289677583096407,0.45537298149292255,3.074773365550261e-07,3.785412003375499e-09,4.7135248976507565e-05
Motor-4::70::/Users/hewenhao/Documents/电机驱动离心泵多故障电流与振动监测数据集/数据集/原始数据集/Vibration/Motor-4/70/正常状态1/振动_电机4_70_时域-正常状态1-通道4.csv::record_54,正常,正常,Motor-4,70,2070.0,/Users/hewenhao/Documents/电机驱动离心泵多故障电流与振动监测数据集/数据集/原始数据集/Vibration/Motor-4/70/正常状态1/振动_电机4_70_时域-正常状态1-通道4.csv,54,0.7420092733162473,0.0005697448460030962,0.25742094243515634,6.155082432645317e-09,4.3823550392960173e-10,3.28092753553611e-08
Motor-4::70::/Users/hewenhao/Documents/电机驱动离心泵多故障电流与振动监测数据集/数据集/原始数据集/Vibration/Motor-4/70/正常状态1/振动_电机4_70_时域-正常状态1-通道4.csv::record_57,正常,正常,Motor-4,70,2070.0,/Users/hewenhao/Documents/电机驱动离心泵多故障电流与振动监测数据集/数据集/原始数据集/Vibration/Motor-4/70/正常状态1/振动_电机4_70_时域-正常状态1-通道4.csv,57,0.7793299655900863,0.003131667811770986,0.21230852047592727,4.6236988674439574e-05,3.309145048982792e-10,0.005183608802626684
Motor-4::70::/Users/hewenhao/Documents/电机驱动离心泵多故障电流与振动监测数据集/数据集/原始数据集/Vibration/Motor-4/70/正常状态1/振动_电机4_70_时域-正常状态1-通道4.csv::record_58,正常,正常,Motor-4,70,2070.0,/Users/hewenhao/Documents/电机驱动离心泵多故障电流与振动监测数据集/数据集/原始数据集/Vibration/Motor-4/70/正常状态1/振动_电机4_70_时域-正常状态1-通道4.csv,58,0.7210166096825864,0.0007867068622089518,0.27819548556518736,2.1583995929841367e-07,1.2596178747359084e-10,9.819240963909375e-07
Motor-4::70::/Users/hewenhao/Documents/电机驱动离心泵多故障电流与振动监测数据集/数据集/原始数据集/Vibration/Motor-4/70/正常状态2/振动_电机4_70_时域-正常状态2-通道4.csv::record_9,正常,正常,Motor-4,70,2070.0,/Users/hewenhao/Documents/电机驱动离心泵多故障电流与振动监测数据集/数据集/原始数据集/Vibration/Motor-4/70/正常状态2/振动_电机4_70_时域-正常状态2-通道4.csv,9,0.9761056163942567,0.014488414889749683,0.00940524791378331,3.5938208755356005e-07,2.735265704969964e-07,8.789355213288121e-08
Motor-4::70::/Users/hewenhao/Documents/电机驱动离心泵多故障电流与振动监测数据集/数据集/原始数据集/Vibration/Motor-4/70/正常状态2/振动_电机4_70_时域-正常状态2-通道4.csv::record_12,正常,正常,Motor-4,70,2070.0,/Users/hewenhao/Documents/电机驱动离心泵多故障电流与振动监测数据集/数据集/原始数据集/Vibration/Motor-4/70/正常状态2/振动_电机4_70_时域-正常状态2-通道4.csv,12,0.9757493432086761,0.011215723334226596,0.013009296410439021,4.4788499584229945e-08,2.0947717852195877e-05,4.644540306614035e-06
Motor-4::70::/Users/hewenhao/Documents/电机驱动离心泵多故障电流与振动监测数据集/数据集/原始数据集/Vibration/Motor-4/70/正常状态2/振动_电机4_70_时域-正常状态2-通道4.csv::record_14,正常,正常,Motor-4,70,2070.0,/Users/hewenhao/Documents/电机驱动离心泵多故障电流与振动监测数据集/数据集/原始数据集/Vibration/Motor-4/70/正常状态2/振动_电机4_70_时域-正常状态2-通道4.csv,14,0.9531675489453976,0.014070260765975177,0.03275919633300711,1.1771608863029353e-06,4.045673728364341e-07,1.4122273608788904e-06
Motor-4::70::/Users/hewenhao/Documents/电机驱动离心泵多故障电流与振动监测数据集/数据集/原始数据集/Vibration/Motor-4/70/正常状态2/振动_电机4_70_时域-正常状态2-通道4.csv::record_19,正常,正常,Motor-4,70,2070.0,/Users/hewenhao/Documents/电机驱动离心泵多故障电流与振动监测数据集/数据集/原始数据集/Vibration/Motor-4/70/正常状态2/振动_电机4_70_时域-正常状态2-通道4.csv,19,0.9444308976444482,0.012706032639385516,0.042835505376677414,5.465128103536119e-07,9.772903945232762e-06,1.7244922733336418e-05
Motor-4::70::/Users/hewenhao/Documents/电机驱动离心泵多故障电流与振动监测数据集/数据集/原始数据集/Vibration/Motor-4/70/正常状态2/振动_电机4_70_时域-正常状态2-通道4.csv::record_20,正常,正常,Motor-4,70,2070.0,/Users/hewenhao/Documents/电机驱动离心泵多故障电流与振动监测数据集/数据集/原始数据集/Vibration/Motor-4/70/正常状态2/振动_电机4_70_时域-正常状态2-通道4.csv,20,0.9708438833533832,0.006321825593738428,0.022808967420264566,4.171445546558447e-08,1.1718429502469237e-07,2.516473386356871e-05
Motor-4::70::/Users/hewenhao/Documents/电机驱动离心泵多故障电流与振动监测数据集/数据集/原始数据集/Vibration/Motor-4/70/正常状态2/振动_电机4_70_时域-正常状态2-通道4.csv::record_24,正常,正常,Motor-4,70,2070.0,/Users/hewenhao/Documents/电机驱动离心泵多故障电流与振动监测数据集/数据集/原始数据集/Vibration/Motor-4/70/正常状态2/振动_电机4_70_时域-正常状态2-通道4.csv,24,0.9438117272916722,0.011150262700813781,0.04503378733396928,3.368062092380899e-08,3.556015540915826e-06,6.329773830761935e-07
Motor-4::70::/Users/hewenhao/Documents/电机驱动离心泵多故障电流与振动监测数据集/数据集/原始数据集/Vibration/Motor-4/70/正常状态2/振动_电机4_70_时域-正常状态2-通道4.csv::record_32,正常,正常,Motor-4,70,2070.0,/Users/hewenhao/Documents/电机驱动离心泵多故障电流与振动监测数据集/数据集/原始数据集/Vibration/Motor-4/70/正常状态2/振动_电机4_70_时域-正常状态2-通道4.csv,32,0.952377577998676,0.01467488229786637,0.032946219108194674,4.153177348306759e-08,1.6857625736939786e-07,1.110487232245184e-06
Motor-4::70::/Users/hewenhao/Documents/电机驱动离心泵多故障电流与振动监测数据集/数据集/原始数据集/Vibration/Motor-4/70/正常状态2/振动_电机4_70_时域-正常状态2-通道4.csv::record_33,正常,正常,Motor-4,70,2070.0,/Users/hewenhao/Documents/电机驱动离心泵多故障电流与振动监测数据集/数据集/原始数据集/Vibration/Motor-4/70/正常状态2/振动_电机4_70_时域-正常状态2-通道4.csv,33,0.9284771149685269,0.038300360264891385,0.032414439395392014,0.0007681947779164531,3.157285004397433e-05,8.317743229166879e-06
Motor-4::70::/Users/hewenhao/Documents/电机驱动离心泵多故障电流与振动监测数据集/数据集/原始数据集/Vibration/Motor-4/70/正常状态2/振动_电机4_70_时域-正常状态2-通道4.csv::record_37,正常,正常,Motor-4,70,2070.0,/Users/hewenhao/Documents/电机驱动离心泵多故障电流与振动监测数据集/数据集/原始数据集/Vibration/Motor-4/70/正常状态2/振动_电机4_70_时域-正常状态2-通道4.csv,37,0.9733781439876111,0.010012832635802245,0.016535648529960485,2.5380156176973184e-09,1.2558197221551848e-05,6.081411138914332e-05
Motor-4::70::/Users/hewenhao/Documents/电机驱动离心泵多故障电流与振动监测数据集/数据集/原始数据集/Vibration/Motor-4/70/正常状态2/振动_电机4_70_时域-正常状态2-通道4.csv::record_38,正常,正常,Motor-4,70,2070.0,/Users/hewenhao/Documents/电机驱动离心泵多故障电流与振动监测数据集/数据集/原始数据集/Vibration/Motor-4/70/正常状态2/振动_电机4_70_时域-正常状态2-通道4.csv,38,0.9718314199620282,0.005504402871424124,0.02176885531880588,1.0579888336194548e-07,3.6608089588290715e-07,0.0008948499679626079
Motor-4::70::/Users/hewenhao/Documents/电机驱动离心泵多故障电流与振动监测数据集/数据集/原始数据集/Vibration/Motor-4/70/正常状态2/振动_电机4_70_时域-正常状态2-通道4.csv::record_40,正常,正常,Motor-4,70,2070.0,/Users/hewenhao/Documents/电机驱动离心泵多故障电流与振动监测数据集/数据集/原始数据集/Vibration/Motor-4/70/正常状态2/振动_电机4_70_时域-正常状态2-通道4.csv,40,0.975658492450883,0.004740099571472889,0.019589972935239973,1.8021054530141554e-08,1.327608681097965e-07,1.1284260481447825e-05
Motor-4::70::/Users/hewenhao/Documents/电机驱动离心泵多故障电流与振动监测数据集/数据集/原始数据集/Vibration/Motor-4/70/正常状态2/振动_电机4_70_时域-正常状态2-通道4.csv::record_41,正常,正常,Motor-4,70,2070.0,/Users/hewenhao/Documents/电机驱动离心泵多故障电流与振动监测数据集/数据集/原始数据集/Vibration/Motor-4/70/正常状态2/振动_电机4_70_时域-正常状态2-通道4.csv,41,0.9758551807959215,0.006155579941060139,0.017988581388468358,2.3100702769550225e-09,4.1541173384312476e-07,2.4015274591115847e-07
Motor-4::70::/Users/hewenhao/Documents/电机驱动离心泵多故障电流与振动监测数据集/数据集/原始数据集/Vibration/Motor-4/70/正常状态2/振动_电机4_70_时域-正常状态2-通道4.csv::record_47,正常,正常,Motor-4,70,2070.0,/Users/hewenhao/Documents/电机驱动离心泵多故障电流与振动监测数据集/数据集/原始数据集/Vibration/Motor-4/70/正常状态2/振动_电机4_70_时域-正常状态2-通道4.csv,47,0.940289932612273,0.030832491391282663,0.028875671118006013,2.7755250255121943e-08,1.4212845246339942e-08,1.862910342789914e-06
Motor-4::70::/Users/hewenhao/Documents/电机驱动离心泵多故障电流与振动监测数据集/数据集/原始数据集/Vibration/Motor-4/70/正常状态2/振动_电机4_70_时域-正常状态2-通道4.csv::record_53,正常,正常,Motor-4,70,2070.0,/Users/hewenhao/Documents/电机驱动离心泵多故障电流与振动监测数据集/数据集/原始数据集/Vibration/Motor-4/70/正常状态2/振动_电机4_70_时域-正常状态2-通道4.csv,53,0.9742482448160134,0.00622670803647169,0.019523775106806206,5.719971566080468e-09,3.202162098931009e-08,1.2342991161938587e-06
Motor-4::70::/Users/hewenhao/Documents/电机驱动离心泵多故障电流与振动监测数据集/数据集/原始数据集/Vibration/Motor-4/70/正常状态3/振动_电机4_70_时域-正常状态3-通道4.csv::record_3,正常,正常,Motor-4,70,2070.0,/Users/hewenhao/Documents/电机驱动离心泵多故障电流与振动监测数据集/数据集/原始数据集/Vibration/Motor-4/70/正常状态3/振动_电机4_70_时域-正常状态3-通道4.csv,3,0.90588488737272,0.05248109183697748,0.041428550423236565,8.844209579676991e-07,1.2729161672595348e-05,0.00019185678443529275
Motor-4::70::/Users/hewenhao/Documents/电机驱动离心泵多故障电流与振动监测数据集/数据集/原始数据集/Vibration/Motor-4/70/正常状态3/振动_电机4_70_时域-正常状态3-通道4.csv::record_7,正常,正常,Motor-4,70,2070.0,/Users/hewenhao/Documents/电机驱动离心泵多故障电流与振动监测数据集/数据集/原始数据集/Vibration/Motor-4/70/正常状态3/振动_电机4_70_时域-正常状态3-通道4.csv,7,0.9391045880790219,0.01774716085634683,0.04310812886729909,1.5398533502856093e-07,6.00747041906761e-07,3.9367464955297026e-05
Motor-4::70::/Users/hewenhao/Documents/电机驱动离心泵多故障电流与振动监测数据集/数据集/原始数据集/Vibration/Motor-4/70/正常状态3/振动_电机4_70_时域-正常状态3-通道4.csv::record_11,正常,正常,Motor-4,70,2070.0,/Users/hewenhao/Documents/电机驱动离心泵多故障电流与振动监测数据集/数据集/原始数据集/Vibration/Motor-4/70/正常状态3/振动_电机4_70_时域-正常状态3-通道4.csv,11,0.948201573846561,0.0146341082414243,0.03548116548626123,3.374235029942008e-06,2.4782439954084774e-05,0.0016549957507691775
Motor-4::70::/Users/hewenhao/Documents/电机驱动离心泵多故障电流与振动监测数据集/数据集/原始数据集/Vibration/Motor-4/70/正常状态3/振动_电机4_70_时域-正常状态3-通道4.csv::record_18,正常,正常,Motor-4,70,2070.0,/Users/hewenhao/Documents/电机驱动离心泵多故障电流与振动监测数据集/数据集/原始数据集/Vibration/Motor-4/70/正常状态3/振动_电机4_70_时域-正常状态3-通道4.csv,18,0.9487555679450161,0.015392545846416257,0.03583377108806425,1.9519232115206062e-07,1.0469045782190872e-05,7.45088240008373e-06
Motor-4::70::/Users/hewenhao/Documents/电机驱动离心泵多故障电流与振动监测数据集/数据集/原始数据集/Vibration/Motor-4/70/正常状态3/振动_电机4_70_时域-正常状态3-通道4.csv::record_21,正常,正常,Motor-4,70,2070.0,/Users/hewenhao/Documents/电机驱动离心泵多故障电流与振动监测数据集/数据集/原始数据集/Vibration/Motor-4/70/正常状态3/振动_电机4_70_时域-正常状态3-通道4.csv,21,0.9655044297525073,0.007584983657946859,0.026595848373927634,1.9991136693546667e-08,2.6318394006113436e-06,0.00031208638508097865
Motor-4::70::/Users/hewenhao/Documents/电机驱动离心泵多故障电流与振动监测数据集/数据集/原始数据集/Vibration/Motor-4/70/正常状态3/振动_电机4_70_时域-正常状态3-通道4.csv::record_28,正常,正常,Motor-4,70,2070.0,/Users/hewenhao/Documents/电机驱动离心泵多故障电流与振动监测数据集/数据集/原始数据集/Vibration/Motor-4/70/正常状态3/振动_电机4_70_时域-正常状态3-通道4.csv,28,0.9533093566410918,0.022532183169559593,0.024146702665936104,4.523969447860442e-08,2.057061805407592e-06,9.655221912528482e-06
Motor-4::70::/Users/hewenhao/Documents/电机驱动离心泵多故障电流与振动监测数据集/数据集/原始数据集/Vibration/Motor-4/70/正常状态3/振动_电机4_70_时域-正常状态3-通道4.csv::record_32,正常,正常,Motor-4,70,2070.0,/Users/hewenhao/Documents/电机驱动离心泵多故障电流与振动监测数据集/数据集/原始数据集/Vibration/Motor-4/70/正常状态3/振动_电机4_70_时域-正常状态3-通道4.csv,32,0.9871560703987015,0.0017749741325085693,0.01106617161888582,4.4230037847627705e-08,5.984777241306892e-07,2.1411421421181174e-06
Motor-4::70::/Users/hewenhao/Documents/电机驱动离心泵多故障电流与振动监测数据集/数据集/原始数据集/Vibration/Motor-4/70/正常状态3/振动_电机4_70_时域-正常状态3-通道4.csv::record_46,正常,正常,Motor-4,70,2070.0,/Users/hewenhao/Documents/电机驱动离心泵多故障电流与振动监测数据集/数据集/原始数据集/Vibration/Motor-4/70/正常状态3/振动_电机4_70_时域-正常状态3-通道4.csv,46,0.926276480217101,0.054844323217502364,0.018877208202572018,8.42358943237399e-09,1.0776844305351237e-07,1.8721707922504602e-06
Motor-4::70::/Users/hewenhao/Documents/电机驱动离心泵多故障电流与振动监测数据集/数据集/原始数据集/Vibration/Motor-4/70/正常状态3/振动_电机4_70_时域-正常状态3-通道4.csv::record_49,正常,正常,Motor-4,70,2070.0,/Users/hewenhao/Documents/电机驱动离心泵多故障电流与振动监测数据集/数据集/原始数据集/Vibration/Motor-4/70/正常状态3/振动_电机4_70_时域-正常状态3-通道4.csv,49,0.9827797135141539,0.005788097701902692,0.01142144541352998,3.2795131703187675e-09,3.889520315626922e-07,1.0351138868792374e-05
Motor-4::70::/Users/hewenhao/Documents/电机驱动离心泵多故障电流与振动监测数据集/数据集/原始数据集/Vibration/Motor-4/70/正常状态3/振动_电机4_70_时域-正常状态3-通道4.csv::record_51,正常,正常,Motor-4,70,2070.0,/Users/hewenhao/Documents/电机驱动离心泵多故障电流与振动监测数据集/数据集/原始数据集/Vibration/Motor-4/70/正常状态3/振动_电机4_70_时域-正常状态3-通道4.csv,51,0.9714367204218095,0.013653197706918137,0.01473258299340889,0.00015215948565633672,8.968521581379596e-06,1.6370870625837632e-05
Motor-4::70::/Users/hewenhao/Documents/电机驱动离心泵多故障电流与振动监测数据集/数据集/原始数据集/Vibration/Motor-4/70/正常状态3/振动_电机4_70_时域-正常状态3-通道4.csv::record_54,正常,正常,Motor-4,70,2070.0,/Users/hewenhao/Documents/电机驱动离心泵多故障电流与振动监测数据集/数据集/原始数据集/Vibration/Motor-4/70/正常状态3/振动_电机4_70_时域-正常状态3-通道4.csv,54,0.9687602003255452,0.02034579369977587,0.010889633884749545,3.836282426577072e-08,4.020900825480482e-06,3.128262796417346e-07
Motor-4::70::/Users/hewenhao/Documents/电机驱动离心泵多故障电流与振动监测数据集/数据集/原始数据集/Vibration/Motor-4/70/正常状态3/振动_电机4_70_时域-正常状态3-通道4.csv::record_55,正常,正常,Motor-4,70,2070.0,/Users/hewenhao/Documents/电机驱动离心泵多故障电流与振动监测数据集/数据集/原始数据集/Vibration/Motor-4/70/正常状态3/振动_电机4_70_时域-正常状态3-通道4.csv,55,0.9884127246307229,0.0008141615353936893,0.010681327417412442,8.798380764798925e-09,6.325480782701072e-08,9.171436328238923e-05
Motor-4::70::/Users/hewenhao/Documents/电机驱动离心泵多故障电流与振动监测数据集/数据集/原始数据集/Vibration/Motor-4/70/泵不平衡1/振动_电机4_70_时域-泵不平衡1-通道4.csv::record_5,转子不平衡,转子不平衡,Motor-4,70,2070.0,/Users/hewenhao/Documents/电机驱动离心泵多故障电流与振动监测数据集/数据集/原始数据集/Vibration/Motor-4/70/泵不平衡1/振动_电机4_70_时域-泵不平衡1-通道4.csv,5,0.059992090854199286,0.7988847201626003,0.14111344398186879,2.4258226690939453e-08,6.3632796877351675e-09,9.714379825163023e-06
Motor-4::70::/Users/hewenhao/Documents/电机驱动离心泵多故障电流与振动监测数据集/数据集/原始数据集/Vibration/Motor-4/70/泵不平衡1/振动_电机4_70_时域-泵不平衡1-通道4.csv::record_10,转子不平衡,转子不平衡,Motor-4,70,2070.0,/Users/hewenhao/Documents/电机驱动离心泵多故障电流与振动监测数据集/数据集/原始数据集/Vibration/Motor-4/70/泵不平衡1/振动_电机4_70_时域-泵不平衡1-通道4.csv,10,0.02671705667388308,0.7841495811360869,0.18007972171371384,6.380911672821035e-09,8.049630956316825e-10,0.009053633290441555
Motor-4::70::/Users/hewenhao/Documents/电机驱动离心泵多故障电流与振动监测数据集/数据集/原始数据集/Vibration/Motor-4/70/泵不平衡2/振动_电机4_70_时域-泵不平衡2-通道4.csv::record_1,转子不平衡,转子不平衡,Motor-4,70,2070.0,/Users/hewenhao/Documents/电机驱动离心泵多故障电流与振动监测数据集/数据集/原始数据集/Vibration/Motor-4/70/泵不平衡2/振动_电机4_70_时域-泵不平衡2-通道4.csv,1,0.0001326609882506219,0.991651719356545,0.007018010845851796,5.121032570629243e-07,0.0011969983827088324,9.832338656532016e-08
Motor-4::70::/Users/hewenhao/Documents/电机驱动离心泵多故障电流与振动监测数据集/数据集/原始数据集/Vibration/Motor-4/70/泵不平衡2/振动_电机4_70_时域-泵不平衡2-通道4.csv::record_3,转子不平衡,转子不平衡,Motor-4,70,2070.0,/Users/hewenhao/Documents/电机驱动离心泵多故障电流与振动监测数据集/数据集/原始数据集/Vibration/Motor-4/70/泵不平衡2/振动_电机4_70_时域-泵不平衡2-通道4.csv,3,0.0018228543943857836,0.9861292470650492,0.006297181526414391,9.573683077853451e-05,0.005654559716673892,4.2046669824819907e-07
Motor-4::70::/Users/hewenhao/Documents/电机驱动离心泵多故障电流与振动监测数据集/数据集/原始数据集/Vibration/Motor-4/70/泵不平衡2/振动_电机4_70_时域-泵不平衡2-通道4.csv::record_6,转子不平衡,转子不平衡,Motor-4,70,2070.0,/Users/hewenhao/Documents/电机驱动离心泵多故障电流与振动监测数据集/数据集/原始数据集/Vibration/Motor-4/70/泵不平衡2/振动_电机4_70_时域-泵不平衡2-通道4.csv,6,0.007767087767716642,0.9858524748679324,0.006265315034688331,3.3407643859761946e-06,0.00011170604922432567,7.551605234594762e-08
Motor-4::70::/Users/hewenhao/Documents/电机驱动离心泵多故障电流与振动监测数据集/数据集/原始数据集/Vibration/Motor-4/70/泵不平衡3/振动_电机4_70_时域-泵不平衡3-通道4.csv::record_0,转子不平衡,转子不平衡,Motor-4,70,2070.0,/Users/hewenhao/Documents/电机驱动离心泵多故障电流与振动监测数据集/数据集/原始数据集/Vibration/Motor-4/70/泵不平衡3/振动_电机4_70_时域-泵不平衡3-通道4.csv,0,0.018913533891618102,0.9728083769109153,0.007969880613751376,0.0003081435702634478,6.486911680324495e-08,1.4433505079822176e-10
Motor-4::70::/Users/hewenhao/Documents/电机驱动离心泵多故障电流与振动监测数据集/数据集/原始数据集/Vibration/Motor-4/70/泵不平衡3/振动_电机4_70_时域-泵不平衡3-通道4.csv::record_1,转子不平衡,转子不平衡,Motor-4,70,2070.0,/Users/hewenhao/Documents/电机驱动离心泵多故障电流与振动监测数据集/数据集/原始数据集/Vibration/Motor-4/70/泵不平衡3/振动_电机4_70_时域-泵不平衡3-通道4.csv,1,0.0106115599492088,0.9812859457904937,0.0013661727154473465,0.00673629734888121,2.4108091871699363e-08,8.787702890229018e-11
Motor-4::70::/Users/hewenhao/Documents/电机驱动离心泵多故障电流与振动监测数据集/数据集/原始数据集/Vibration/Motor-4/70/泵不平衡3/振动_电机4_70_时域-泵不平衡3-通道4.csv::record_9,转子不平衡,转子不平衡,Motor-4,70,2070.0,/Users/hewenhao/Documents/电机驱动离心泵多故障电流与振动监测数据集/数据集/原始数据集/Vibration/Motor-4/70/泵不平衡3/振动_电机4_70_时域-泵不平衡3-通道4.csv,9,0.0016175139744420747,0.9770836375298002,0.0011535866012150552,0.0033330361152530408,5.5172401614902345e-06,0.016806708539128284
Motor-4::70::/Users/hewenhao/Documents/电机驱动离心泵多故障电流与振动监测数据集/数据集/原始数据集/Vibration/Motor-4/70/泵不平衡3/振动_电机4_70_时域-泵不平衡3-通道4.csv::record_11,转子不平衡,转子不平衡,Motor-4,70,2070.0,/Users/hewenhao/Documents/电机驱动离心泵多故障电流与振动监测数据集/数据集/原始数据集/Vibration/Motor-4/70/泵不平衡3/振动_电机4_70_时域-泵不平衡3-通道4.csv,11,0.04329188114477932,0.948483103690739,0.0009324337735975962,0.007292563268287614,1.5256692151277686e-08,2.8659040618880837e-09
Motor-4::70::/Users/hewenhao/Documents/电机驱动离心泵多故障电流与振动监测数据集/数据集/原始数据集/Vibration/Motor-4/70/电机不平衡1/振动_电机4_70_时域-电机不平衡1-通道4.csv::record_2,转子不平衡,转子不平衡,Motor-4,70,2070.0,/Users/hewenhao/Documents/电机驱动离心泵多故障电流与振动监测数据集/数据集/原始数据集/Vibration/Motor-4/70/电机不平衡1/振动_电机4_70_时域-电机不平衡1-通道4.csv,2,6.465833330549131e-05,0.9935101993289138,0.006413861447752545,2.991966790648197e-10,5.648191740036028e-06,5.632399091541787e-06
Motor-4::70::/Users/hewenhao/Documents/电机驱动离心泵多故障电流与振动监测数据集/数据集/原始数据集/Vibration/Motor-4/70/电机不平衡1/振动_电机4_70_时域-电机不平衡1-通道4.csv::record_6,转子不平衡,转子不平衡,Motor-4,70,2070.0,/Users/hewenhao/Documents/电机驱动离心泵多故障电流与振动监测数据集/数据集/原始数据集/Vibration/Motor-4/70/电机不平衡1/振动_电机4_70_时域-电机不平衡1-通道4.csv,6,0.0014164083767217756,0.8971395101932743,0.10143231812708828,1.1270048315338563e-09,1.060726088277497e-05,1.1549150282440353e-06
Motor-4::70::/Users/hewenhao/Documents/电机驱动离心泵多故障电流与振动监测数据集/数据集/原始数据集/Vibration/Motor-4/70/电机不平衡1/振动_电机4_70_时域-电机不平衡1-通道4.csv::record_9,转子不平衡,转子不平衡,Motor-4,70,2070.0,/Users/hewenhao/Documents/电机驱动离心泵多故障电流与振动监测数据集/数据集/原始数据集/Vibration/Motor-4/70/电机不平衡1/振动_电机4_70_时域-电机不平衡1-通道4.csv,9,0.00020626737433022418,0.8905567122679987,0.10923637033670329,3.1486695756168512e-09,4.2279315246253593e-07,2.2407914567952223e-07
Motor-4::70::/Users/hewenhao/Documents/电机驱动离心泵多故障电流与振动监测数据集/数据集/原始数据集/Vibration/Motor-4/70/电机不平衡1/振动_电机4_70_时域-电机不平衡1-通道4.csv::record_13,转子不平衡,转子不平衡,Motor-4,70,2070.0,/Users/hewenhao/Documents/电机驱动离心泵多故障电流与振动监测数据集/数据集/原始数据集/Vibration/Motor-4/70/电机不平衡1/振动_电机4_70_时域-电机不平衡1-通道4.csv,13,0.00023596449574867642,0.99313740723081,0.006442267883232426,5.053952868048377e-11,1.853316041793407e-06,0.0001825070236275261
Motor-4::70::/Users/hewenhao/Documents/电机驱动离心泵多故障电流与振动监测数据集/数据集/原始数据集/Vibration/Motor-4/70/电机不平衡2/振动_电机4_70_时域-电机不平衡2-通道4.csv::record_5,转子不平衡,转子不平衡,Motor-4,70,2070.0,/Users/hewenhao/Documents/电机驱动离心泵多故障电流与振动监测数据集/数据集/原始数据集/Vibration/Motor-4/70/电机不平衡2/振动_电机4_70_时域-电机不平衡2-通道4.csv,5,0.00015356955015228977,0.9557146328046082,0.04411677826621219,4.382588331844946e-09,2.2062537510302416e-06,1.280874268804065e-05
Motor-4::70::/Users/hewenhao/Documents/电机驱动离心泵多故障电流与振动监测数据集/数据集/原始数据集/Vibration/Motor-4/70/电机不平衡2/振动_电机4_70_时域-电机不平衡2-通道4.csv::record_14,转子不平衡,转子不平衡,Motor-4,70,2070.0,/Users/hewenhao/Documents/电机驱动离心泵多故障电流与振动监测数据集/数据集/原始数据集/Vibration/Motor-4/70/电机不平衡2/振动_电机4_70_时域-电机不平衡2-通道4.csv,14,0.021921223455376077,0.9273098511808859,0.04309345939943275,1.7003897173870203e-08,2.69088380099868e-07,0.007675179872028068
Motor-4::70::/Users/hewenhao/Documents/电机驱动离心泵多故障电流与振动监测数据集/数据集/原始数据集/Vibration/Motor-4/70/电机不平衡3/振动_电机4_70_时域-电机不平衡3-通道4.csv::record_4,转子不平衡,转子不平衡,Motor-4,70,2070.0,/Users/hewenhao/Documents/电机驱动离心泵多故障电流与振动监测数据集/数据集/原始数据集/Vibration/Motor-4/70/电机不平衡3/振动_电机4_70_时域-电机不平衡3-通道4.csv,4,9.293708477711347e-05,0.9933458502997615,0.00021820033665306254,4.634399917595735e-10,0.0031118135223219094,0.003231198293046543
Motor-4::70::/Users/hewenhao/Documents/电机驱动离心泵多故障电流与振动监测数据集/数据集/原始数据集/Vibration/Motor-4/70/电机不平衡3/振动_电机4_70_时域-电机不平衡3-通道4.csv::record_5,转子不平衡,转子不平衡,Motor-4,70,2070.0,/Users/hewenhao/Documents/电机驱动离心泵多故障电流与振动监测数据集/数据集/原始数据集/Vibration/Motor-4/70/电机不平衡3/振动_电机4_70_时域-电机不平衡3-通道4.csv,5,0.0004578421791158591,0.9963485867640061,0.0005499909947030927,4.834219150493776e-09,2.37502497156529e-08,0.002643551477706275
Motor-4::70::/Users/hewenhao/Documents/电机驱动离心泵多故障电流与振动监测数据集/数据集/原始数据集/Vibration/Motor-4/70/电机不平衡3/振动_电机4_70_时域-电机不平衡3-通道4.csv::record_10,转子不平衡,转子不平衡,Motor-4,70,2070.0,/Users/hewenhao/Documents/电机驱动离心泵多故障电流与振动监测数据集/数据集/原始数据集/Vibration/Motor-4/70/电机不平衡3/振动_电机4_70_时域-电机不平衡3-通道4.csv,10,0.0001464795623575463,0.9979721057316975,6.349248891899853e-06,2.1957159756264202e-08,6.947546627458452e-06,0.0018680959532656552
Motor-4::70::/Users/hewenhao/Documents/电机驱动离心泵多故障电流与振动监测数据集/数据集/原始数据集/Vibration/Motor-4/70/电机不平衡4/振动_电机4_70_时域-电机不平衡4-通道4.csv::record_0,转子不平衡,转子不平衡,Motor-4,70,2070.0,/Users/hewenhao/Documents/电机驱动离心泵多故障电流与振动监测数据集/数据集/原始数据集/Vibration/Motor-4/70/电机不平衡4/振动_电机4_70_时域-电机不平衡4-通道4.csv,0,0.016688809966103408,0.9724956298313289,0.0033333043080147912,0.00011300365029199907,0.0073640887846537694,5.163459607247672e-06
Motor-4::70::/Users/hewenhao/Documents/电机驱动离心泵多故障电流与振动监测数据集/数据集/原始数据集/Vibration/Motor-4/70/电机不平衡4/振动_电机4_70_时域-电机不平衡4-通道4.csv::record_4,转子不平衡,转子不平衡,Motor-4,70,2070.0,/Users/hewenhao/Documents/电机驱动离心泵多故障电流与振动监测数据集/数据集/原始数据集/Vibration/Motor-4/70/电机不平衡4/振动_电机4_70_时域-电机不平衡4-通道4.csv,4,1.221058964345986e-06,0.9983747787351562,0.0016194718583487037,7.306505668147836e-12,8.972393411128576e-07,3.631100883058535e-06
Motor-4::70::/Users/hewenhao/Documents/电机驱动离心泵多故障电流与振动监测数据集/数据集/原始数据集/Vibration/Motor-4/70/电机不平衡4/振动_电机4_70_时域-电机不平衡4-通道4.csv::record_5,转子不平衡,转子不平衡,Motor-4,70,2070.0,/Users/hewenhao/Documents/电机驱动离心泵多故障电流与振动监测数据集/数据集/原始数据集/Vibration/Motor-4/70/电机不平衡4/振动_电机4_70_时域-电机不平衡4-通道4.csv,5,0.0031455398263507913,0.9848398861228508,0.00474003583710762,1.7438186356215297e-10,0.00025539581189819516,0.007019142227410789
Motor-4::70::/Users/hewenhao/Documents/电机驱动离心泵多故障电流与振动监测数据集/数据集/原始数据集/Vibration/Motor-4/70/电机不平衡5/振动_电机4_70_时域-电机不平衡5-通道4.csv::record_1,转子不平衡,转子不平衡,Motor-4,70,2070.0,/Users/hewenhao/Documents/电机驱动离心泵多故障电流与振动监测数据集/数据集/原始数据集/Vibration/Motor-4/70/电机不平衡5/振动_电机4_70_时域-电机不平衡5-通道4.csv,1,0.003372879328131413,0.9945945899830463,0.0012712985619758516,0.00023993076488472052,6.73240853760639e-06,0.0005145689534241138
Motor-4::70::/Users/hewenhao/Documents/电机驱动离心泵多故障电流与振动监测数据集/数据集/原始数据集/Vibration/Motor-4/70/电机不平衡6/振动_电机4_70_时域-电机不平衡6-通道4.csv::record_3,转子不平衡,转子不平衡,Motor-4,70,2070.0,/Users/hewenhao/Documents/电机驱动离心泵多故障电流与振动监测数据集/数据集/原始数据集/Vibration/Motor-4/70/电机不平衡6/振动_电机4_70_时域-电机不平衡6-通道4.csv,3,0.02730940583047177,0.9692250145551754,0.0007303554526285659,4.274926607917393e-07,0.0027336807155900512,1.1159534731354159e-06
Motor-4::70::/Users/hewenhao/Documents/电机驱动离心泵多故障电流与振动监测数据集/数据集/原始数据集/Vibration/Motor-4/70/电机不平衡6/振动_电机4_70_时域-电机不平衡6-通道4.csv::record_4,转子不平衡,转子不平衡,Motor-4,70,2070.0,/Users/hewenhao/Documents/电机驱动离心泵多故障电流与振动监测数据集/数据集/原始数据集/Vibration/Motor-4/70/电机不平衡6/振动_电机4_70_时域-电机不平衡6-通道4.csv,4,0.012433311349802093,0.9657107003840149,0.02099415569237409,1.1500777145516857e-06,0.0008446501948580653,1.6032301236305087e-05
Motor-4::70::/Users/hewenhao/Documents/电机驱动离心泵多故障电流与振动监测数据集/数据集/原始数据集/Vibration/Motor-4/70/电机不平衡6/振动_电机4_70_时域-电机不平衡6-通道4.csv::record_7,转子不平衡,转子不平衡,Motor-4,70,2070.0,/Users/hewenhao/Documents/电机驱动离心泵多故障电流与振动监测数据集/数据集/原始数据集/Vibration/Motor-4/70/电机不平衡6/振动_电机4_70_时域-电机不平衡6-通道4.csv,7,0.0040971440185663555,0.9554808552435946,0.03217522663513765,1.8852556696275855e-07,2.21124650123892e-07,0.008246364452484186
Motor-4::70::/Users/hewenhao/Documents/电机驱动离心泵多故障电流与振动监测数据集/数据集/原始数据集/Vibration/Motor-4/70/电机不平衡6/振动_电机4_70_时域-电机不平衡6-通道4.csv::record_10,转子不平衡,转子不平衡,Motor-4,70,2070.0,/Users/hewenhao/Documents/电机驱动离心泵多故障电流与振动监测数据集/数据集/原始数据集/Vibration/Motor-4/70/电机不平衡6/振动_电机4_70_时域-电机不平衡6-通道4.csv,10,0.006644794258157728,0.9813407546096478,0.011924991878982607,2.229587908171363e-08,5.6465266469622676e-08,8.93804920664319e-05
Motor-4::70::/Users/hewenhao/Documents/电机驱动离心泵多故障电流与振动监测数据集/数据集/原始数据集/Vibration/Motor-4/70/组合不对中1/振动_电机4_70_时域-组合不对中1-通道4.csv::record_1,联轴器不对中,联轴器不对中,Motor-4,70,2070.0,/Users/hewenhao/Documents/电机驱动离心泵多故障电流与振动监测数据集/数据集/原始数据集/Vibration/Motor-4/70/组合不对中1/振动_电机4_70_时域-组合不对中1-通道4.csv,1,0.03826944366487949,0.09206095374547797,0.8694905214707485,1.4239292162669578e-07,0.00017890598268048663,3.2743292097965314e-08
Motor-4::70::/Users/hewenhao/Documents/电机驱动离心泵多故障电流与振动监测数据集/数据集/原始数据集/Vibration/Motor-4/70/组合不对中1/振动_电机4_70_时域-组合不对中1-通道4.csv::record_8,联轴器不对中,联轴器不对中,Motor-4,70,2070.0,/Users/hewenhao/Documents/电机驱动离心泵多故障电流与振动监测数据集/数据集/原始数据集/Vibration/Motor-4/70/组合不对中1/振动_电机4_70_时域-组合不对中1-通道4.csv,8,0.011351043401407914,0.015227502343244811,0.9733337350045765,7.524230125099797e-05,2.3766227324702423e-06,1.0100326787346107e-05
Motor-4::70::/Users/hewenhao/Documents/电机驱动离心泵多故障电流与振动监测数据集/数据集/原始数据集/Vibration/Motor-4/70/组合不对中1/振动_电机4_70_时域-组合不对中1-通道4.csv::record_10,联轴器不对中,联轴器不对中,Motor-4,70,2070.0,/Users/hewenhao/Documents/电机驱动离心泵多故障电流与振动监测数据集/数据集/原始数据集/Vibration/Motor-4/70/组合不对中1/振动_电机4_70_时域-组合不对中1-通道4.csv,10,0.002625144145810102,0.0008635002615253567,0.9965098092669935,6.357416787635704e-07,2.2931687203006275e-08,8.87652305032536e-07
Motor-4::70::/Users/hewenhao/Documents/电机驱动离心泵多故障电流与振动监测数据集/数据集/原始数据集/Vibration/Motor-4/70/组合不对中1/振动_电机4_70_时域-组合不对中1-通道4.csv::record_15,联轴器不对中,联轴器不对中,Motor-4,70,2070.0,/Users/hewenhao/Documents/电机驱动离心泵多故障电流与振动监测数据集/数据集/原始数据集/Vibration/Motor-4/70/组合不对中1/振动_电机4_70_时域-组合不对中1-通道4.csv,15,0.008280163059236434,0.0008400930182814075,0.9908794639221209,1.5349717144887604e-08,2.672820027205305e-08,2.379224438180604e-07
Motor-4::70::/Users/hewenhao/Documents/电机驱动离心泵多故障电流与振动监测数据集/数据集/原始数据集/Vibration/Motor-4/70/组合不对中1/振动_电机4_70_时域-组合不对中1-通道4.csv::record_16,联轴器不对中,联轴器不对中,Motor-4,70,2070.0,/Users/hewenhao/Documents/电机驱动离心泵多故障电流与振动监测数据集/数据集/原始数据集/Vibration/Motor-4/70/组合不对中1/振动_电机4_70_时域-组合不对中1-通道4.csv,16,0.0018464342268085128,0.0017281357111501425,0.9964248204866216,1.8851735352617626e-08,6.399094449246326e-10,5.900837749712191e-07
Motor-4::70::/Users/hewenhao/Documents/电机驱动离心泵多故障电流与振动监测数据集/数据集/原始数据集/Vibration/Motor-4/70/组合不对中2/振动_电机4_70_时域-组合不对中2-通道4.csv::record_9,联轴器不对中,联轴器不对中,Motor-4,70,2070.0,/Users/hewenhao/Documents/电机驱动离心泵多故障电流与振动监测数据集/数据集/原始数据集/Vibration/Motor-4/70/组合不对中2/振动_电机4_70_时域-组合不对中2-通道4.csv,9,9.233977320747537e-05,0.0025274562440472893,0.9973800804810726,1.1235430964330791e-09,1.6084501486205426e-08,1.0629362800801186e-07
Motor-4::70::/Users/hewenhao/Documents/电机驱动离心泵多故障电流与振动监测数据集/数据集/原始数据集/Vibration/Motor-4/70/组合不对中2/振动_电机4_70_时域-组合不对中2-通道4.csv::record_13,联轴器不对中,联轴器不对中,Motor-4,70,2070.0,/Users/hewenhao/Documents/电机驱动离心泵多故障电流与振动监测数据集/数据集/原始数据集/Vibration/Motor-4/70/组合不对中2/振动_电机4_70_时域-组合不对中2-通道4.csv,13,0.011371331593817091,0.007660827291437434,0.9807960523603229,2.0187295954402082e-09,9.547858859290227e-09,0.0001717771878341499
Motor-4::70::/Users/hewenhao/Documents/电机驱动离心泵多故障电流与振动监测数据集/数据集/原始数据集/Vibration/Motor-4/70/组合不对中3/振动_电机4_70_时域-组合不对中3-通道4.csv::record_0,联轴器不对中,联轴器不对中,Motor-4,70,2070.0,/Users/hewenhao/Documents/电机驱动离心泵多故障电流与振动监测数据集/数据集/原始数据集/Vibration/Motor-4/70/组合不对中3/振动_电机4_70_时域-组合不对中3-通道4.csv,0,6.836442535071286e-07,0.00029704397714589445,0.9996973837584447,4.880756448071586e-06,2.2911315217181533e-13,7.863478668907329e-09
Motor-4::70::/Users/hewenhao/Documents/电机驱动离心泵多故障电流与振动监测数据集/数据集/原始数据集/Vibration/Motor-4/70/组合不对中3/振动_电机4_70_时域-组合不对中3-通道4.csv::record_8,联轴器不对中,联轴器不对中,Motor-4,70,2070.0,/Users/hewenhao/Documents/电机驱动离心泵多故障电流与振动监测数据集/数据集/原始数据集/Vibration/Motor-4/70/组合不对中3/振动_电机4_70_时域-组合不对中3-通道4.csv,8,8.977677219201835e-08,1.388810674078957e-07,0.9999997113558401,5.973579531992703e-08,4.2596870307424837e-16,2.5052482473385615e-10
Motor-4::70::/Users/hewenhao/Documents/电机驱动离心泵多故障电流与振动监测数据集/数据集/原始数据集/Vibration/Motor-4/70/组合不对中3/振动_电机4_70_时域-组合不对中3-通道4.csv::record_10,联轴器不对中,联轴器不对中,Motor-4,70,2070.0,/Users/hewenhao/Documents/电机驱动离心泵多故障电流与振动监测数据集/数据集/原始数据集/Vibration/Motor-4/70/组合不对中3/振动_电机4_70_时域-组合不对中3-通道4.csv,10,1.6404136679480798e-07,1.3733572655819203e-05,0.9999829944642686,1.2498525017453243e-06,3.7826243956776875e-17,1.8580692068962472e-06
Motor-4::70::/Users/hewenhao/Documents/电机驱动离心泵多故障电流与振动监测数据集/数据集/原始数据集/Vibration/Motor-4/70/组合不对中3/振动_电机4_70_时域-组合不对中3-通道4.csv::record_14,联轴器不对中,联轴器不对中,Motor-4,70,2070.0,/Users/hewenhao/Documents/电机驱动离心泵多故障电流与振动监测数据集/数据集/原始数据集/Vibration/Motor-4/70/组合不对中3/振动_电机4_70_时域-组合不对中3-通道4.csv,14,5.756897318589369e-08,7.824159113561455e-06,0.9999821202050634,1.1111400306144193e-06,2.0478657100883303e-20,8.886926819157287e-06
Motor-4::70::/Users/hewenhao/Documents/电机驱动离心泵多故障电流与振动监测数据集/数据集/原始数据集/Vibration/Motor-4/70/组合不对中3/振动_电机4_70_时域-组合不对中3-通道4.csv::record_16,联轴器不对中,联轴器不对中,Motor-4,70,2070.0,/Users/hewenhao/Documents/电机驱动离心泵多故障电流与振动监测数据集/数据集/原始数据集/Vibration/Motor-4/70/组合不对中3/振动_电机4_70_时域-组合不对中3-通道4.csv,16,1.9684671183715225e-07,5.2869346467542725e-06,0.9999835533082111,1.0211445003890006e-05,4.0639306224626877e-19,7.514654263133417e-07
Motor-4::70::/Users/hewenhao/Documents/电机驱动离心泵多故障电流与振动监测数据集/数据集/原始数据集/Vibration/Motor-4/70/组合不对中3/振动_电机4_70_时域-组合不对中3-通道4.csv::record_19,联轴器不对中,联轴器不对中,Motor-4,70,2070.0,/Users/hewenhao/Documents/电机驱动离心泵多故障电流与振动监测数据集/数据集/原始数据集/Vibration/Motor-4/70/组合不对中3/振动_电机4_70_时域-组合不对中3-通道4.csv,19,3.5300327108897454e-06,0.00016007459317524803,0.9998216524683499,6.789852679015627e-06,7.58799632049426e-18,7.953053084933157e-06
Motor-4::70::/Users/hewenhao/Documents/电机驱动离心泵多故障电流与振动监测数据集/数据集/原始数据集/Vibration/Motor-4/70/组合不对中4/振动_电机4_70_时域-组合不对中4-通道4.csv::record_1,联轴器不对中,联轴器不对中,Motor-4,70,2070.0,/Users/hewenhao/Documents/电机驱动离心泵多故障电流与振动监测数据集/数据集/原始数据集/Vibration/Motor-4/70/组合不对中4/振动_电机4_70_时域-组合不对中4-通道4.csv,1,1.8422199499547993e-05,3.927004886875752e-08,0.9994700323104851,2.1195184439429335e-06,1.878978770014382e-09,0.0005093848225437434
Motor-4::70::/Users/hewenhao/Documents/电机驱动离心泵多故障电流与振动监测数据集/数据集/原始数据集/Vibration/Motor-4/70/组合不对中4/振动_电机4_70_时域-组合不对中4-通道4.csv::record_9,联轴器不对中,联轴器不对中,Motor-4,70,2070.0,/Users/hewenhao/Documents/电机驱动离心泵多故障电流与振动监测数据集/数据集/原始数据集/Vibration/Motor-4/70/组合不对中4/振动_电机4_70_时域-组合不对中4-通道4.csv,9,2.3960033910537427e-06,1.9490710584270117e-06,0.9999951920729748,2.6109557667218574e-09,2.2375364682179413e-17,4.6024161971782495e-07
Motor-4::70::/Users/hewenhao/Documents/电机驱动离心泵多故障电流与振动监测数据集/数据集/原始数据集/Vibration/Motor-4/70/组合不对中4/振动_电机4_70_时域-组合不对中4-通道4.csv::record_11,联轴器不对中,联轴器不对中,Motor-4,70,2070.0,/Users/hewenhao/Documents/电机驱动离心泵多故障电流与振动监测数据集/数据集/原始数据集/Vibration/Motor-4/70/组合不对中4/振动_电机4_70_时域-组合不对中4-通道4.csv,11,4.840421727347446e-06,0.00010600818305358518,0.9998869935493716,7.168089542250804e-09,1.8165411617965e-15,2.15067775629903e-06
Motor-4::70::/Users/hewenhao/Documents/电机驱动离心泵多故障电流与振动监测数据集/数据集/原始数据集/Vibration/Motor-4/70/组合不对中4/振动_电机4_70_时域-组合不对中4-通道4.csv::record_12,联轴器不对中,联轴器不对中,Motor-4,70,2070.0,/Users/hewenhao/Documents/电机驱动离心泵多故障电流与振动监测数据集/数据集/原始数据集/Vibration/Motor-4/70/组合不对中4/振动_电机4_70_时域-组合不对中4-通道4.csv,12,4.6426592306222e-06,4.2250525494601084e-06,0.9999875931092203,9.293486309079985e-07,1.9009448872643822e-15,2.6098303667467877e-06
Motor-4::70::/Users/hewenhao/Documents/电机驱动离心泵多故障电流与振动监测数据集/数据集/原始数据集/Vibration/Motor-4/70/组合不对中4/振动_电机4_70_时域-组合不对中4-通道4.csv::record_14,联轴器不对中,联轴器不对中,Motor-4,70,2070.0,/Users/hewenhao/Documents/电机驱动离心泵多故障电流与振动监测数据集/数据集/原始数据集/Vibration/Motor-4/70/组合不对中4/振动_电机4_70_时域-组合不对中4-通道4.csv,14,3.044505074878871e-07,1.0202794435889644e-07,0.9999786896545635,8.076209771130298e-10,4.52829965034417e-19,2.090305936359928e-05
Motor-4::70::/Users/hewenhao/Documents/电机驱动离心泵多故障电流与振动监测数据集/数据集/原始数据集/Vibration/Motor-4/70/角向不对中1/振动_电机4_70_时域-角向不对中1-通道4.csv::record_2,联轴器不对中,联轴器不对中,Motor-4,70,2070.0,/Users/hewenhao/Documents/电机驱动离心泵多故障电流与振动监测数据集/数据集/原始数据集/Vibration/Motor-4/70/角向不对中1/振动_电机4_70_时域-角向不对中1-通道4.csv,2,0.3041991455997397,0.019996008875237288,0.6740198948944064,2.6016345467938667e-08,1.37132922271851e-06,0.001783553285048433
Motor-4::70::/Users/hewenhao/Documents/电机驱动离心泵多故障电流与振动监测数据集/数据集/原始数据集/Vibration/Motor-4/70/角向不对中1/振动_电机4_70_时域-角向不对中1-通道4.csv::record_12,联轴器不对中,联轴器不对中,Motor-4,70,2070.0,/Users/hewenhao/Documents/电机驱动离心泵多故障电流与振动监测数据集/数据集/原始数据集/Vibration/Motor-4/70/角向不对中1/振动_电机4_70_时域-角向不对中1-通道4.csv,12,0.27469887255581626,0.004431573430845915,0.7207139756301567,1.1747856077192024e-07,1.2683502496231652e-12,0.00015546090335206034
Motor-4::70::/Users/hewenhao/Documents/电机驱动离心泵多故障电流与振动监测数据集/数据集/原始数据集/Vibration/Motor-4/70/角向不对中2/振动_电机4_70_时域-角向不对中2-通道4.csv::record_2,联轴器不对中,联轴器不对中,Motor-4,70,2070.0,/Users/hewenhao/Documents/电机驱动离心泵多故障电流与振动监测数据集/数据集/原始数据集/Vibration/Motor-4/70/角向不对中2/振动_电机4_70_时域-角向不对中2-通道4.csv,2,0.20611613361001566,0.044742073956544406,0.7490605585476366,8.62183169491603e-08,1.0830788889821322e-07,8.103935959750089e-05
Motor-4::70::/Users/hewenhao/Documents/电机驱动离心泵多故障电流与振动监测数据集/数据集/原始数据集/Vibration/Motor-4/70/角向不对中2/振动_电机4_70_时域-角向不对中2-通道4.csv::record_5,联轴器不对中,联轴器不对中,Motor-4,70,2070.0,/Users/hewenhao/Documents/电机驱动离心泵多故障电流与振动监测数据集/数据集/原始数据集/Vibration/Motor-4/70/角向不对中2/振动_电机4_70_时域-角向不对中2-通道4.csv,5,0.23025730437431433,0.015669398200588203,0.7514869895002112,6.157993341991008e-06,8.050954981649361e-10,0.002580149126448813
Motor-4::70::/Users/hewenhao/Documents/电机驱动离心泵多故障电流与振动监测数据集/数据集/原始数据集/Vibration/Motor-4/70/角向不对中3/振动_电机4_70_时域-角向不对中3-通道4.csv::record_1,联轴器不对中,联轴器不对中,Motor-4,70,2070.0,/Users/hewenhao/Documents/电机驱动离心泵多故障电流与振动监测数据集/数据集/原始数据集/Vibration/Motor-4/70/角向不对中3/振动_电机4_70_时域-角向不对中3-通道4.csv,1,0.035216953999298306,9.33543104303903e-06,0.9644806869318691,1.2721708822757318e-08,4.3937296268206847e-11,0.0002930108721436384
Motor-4::70::/Users/hewenhao/Documents/电机驱动离心泵多故障电流与振动监测数据集/数据集/原始数据集/Vibration/Motor-4/70/角向不对中3/振动_电机4_70_时域-角向不对中3-通道4.csv::record_4,联轴器不对中,联轴器不对中,Motor-4,70,2070.0,/Users/hewenhao/Documents/电机驱动离心泵多故障电流与振动监测数据集/数据集/原始数据集/Vibration/Motor-4/70/角向不对中3/振动_电机4_70_时域-角向不对中3-通道4.csv,4,0.015969921147558117,2.077525800287755e-05,0.9829718160264816,1.526161162868475e-07,5.59847534459122e-12,0.0010373349462426116
Motor-4::70::/Users/hewenhao/Documents/电机驱动离心泵多故障电流与振动监测数据集/数据集/原始数据集/Vibration/Motor-4/70/角向不对中3/振动_电机4_70_时域-角向不对中3-通道4.csv::record_5,联轴器不对中,联轴器不对中,Motor-4,70,2070.0,/Users/hewenhao/Documents/电机驱动离心泵多故障电流与振动监测数据集/数据集/原始数据集/Vibration/Motor-4/70/角向不对中3/振动_电机4_70_时域-角向不对中3-通道4.csv,5,0.02099053621582284,0.0006358696609646937,0.9782637323109091,2.5801000623717823e-08,2.3814746545278968e-14,0.0001098360112787262
Motor-4::70::/Users/hewenhao/Documents/电机驱动离心泵多故障电流与振动监测数据集/数据集/原始数据集/Vibration/Motor-4/70/角向不对中4/振动_电机4_70_时域-角向不对中4-通道4.csv::record_9,联轴器不对中,联轴器不对中,Motor-4,70,2070.0,/Users/hewenhao/Documents/电机驱动离心泵多故障电流与振动监测数据集/数据集/原始数据集/Vibration/Motor-4/70/角向不对中4/振动_电机4_70_时域-角向不对中4-通道4.csv,9,0.24348758448854188,0.0019383820060957,0.754564432805141,2.755788078083854e-08,1.4492483408175882e-06,8.123893999943065e-06
Motor-4::70::/Users/hewenhao/Documents/电机驱动离心泵多故障电流与振动监测数据集/数据集/原始数据集/Vibration/Motor-4/70/角向不对中5/振动_电机4_70_时域-角向不对中5-通道4.csv::record_2,联轴器不对中,联轴器不对中,Motor-4,70,2070.0,/Users/hewenhao/Documents/电机驱动离心泵多故障电流与振动监测数据集/数据集/原始数据集/Vibration/Motor-4/70/角向不对中5/振动_电机4_70_时域-角向不对中5-通道4.csv,2,0.0873068970160379,0.000258545481122037,0.9124326740328443,2.8583989771086703e-10,6.9224908784214726e-09,1.8762616650018843e-06
Motor-4::70::/Users/hewenhao/Documents/电机驱动离心泵多故障电流与振动监测数据集/数据集/原始数据集/Vibration/Motor-4/70/角向不对中5/振动_电机4_70_时域-角向不对中5-通道4.csv::record_9,联轴器不对中,联轴器不对中,Motor-4,70,2070.0,/Users/hewenhao/Documents/电机驱动离心泵多故障电流与振动监测数据集/数据集/原始数据集/Vibration/Motor-4/70/角向不对中5/振动_电机4_70_时域-角向不对中5-通道4.csv,9,0.12666675570663122,0.032379103946222176,0.8408462307558222,1.830980798791113e-08,1.2806325806503673e-09,0.00010789000088386717
Motor-4::70::/Users/hewenhao/Documents/电机驱动离心泵多故障电流与振动监测数据集/数据集/原始数据集/Vibration/Motor-4/70/角向不对中5/振动_电机4_70_时域-角向不对中5-通道4.csv::record_17,联轴器不对中,联轴器不对中,Motor-4,70,2070.0,/Users/hewenhao/Documents/电机驱动离心泵多故障电流与振动监测数据集/数据集/原始数据集/Vibration/Motor-4/70/角向不对中5/振动_电机4_70_时域-角向不对中5-通道4.csv,17,0.3106618823161058,0.01901216721352456,0.6701863692373647,1.3521566440251059e-06,1.5043653361203707e-09,0.00013822757199541673
Motor-4::70::/Users/hewenhao/Documents/电机驱动离心泵多故障电流与振动监测数据集/数据集/原始数据集/Vibration/Motor-4/70/角向不对中5/振动_电机4_70_时域-角向不对中5-通道4.csv::record_19,联轴器不对中,联轴器不对中,Motor-4,70,2070.0,/Users/hewenhao/Documents/电机驱动离心泵多故障电流与振动监测数据集/数据集/原始数据集/Vibration/Motor-4/70/角向不对中5/振动_电机4_70_时域-角向不对中5-通道4.csv,19,0.32725213059411007,0.01099092088420026,0.6617485297770079,1.5663618806089592e-07,7.503434133049081e-07,7.5117650805199395e-06
