time_s,amplitude
0.0,-0.0017802003025126664
8.333333333333333e-05,0.35530363300754797
0.00016666666666666666,0.13301675112638145
0.00025,0.10946809962754857
0.0003333333333333333,0.3085416475148329
0.0004166666666666667,0.3535522277208702
0.0005,0.4636177150721453
0.0005833333333333334,0.5590504410348295
0.0006666666666666666,0.2598177254278297
0.00075,-0.2722823066548243
0.0008333333333333334,-0.34944771647647904
0.0009166666666666666,-0.20788576478939777
0.001,-0.14598126576052803
0.0010833333333333333,-0.2179124449438068
0.0011666666666666668,-0.5250172762856478
0.00125,-0.42207435232056567
0.0013333333333333333,-0.2922882605091062
0.0014166666666666668,-0.29169616457270375
0.0015,-0.03130722478089592
0.0015833333333333333,0.0709492701345778
0.0016666666666666668,0.21066801134196605
0.00175,0.48799948958668216
0.0018333333333333333,0.6234375822751642
0.0019166666666666666,0.49620904076339634
0.002,0.40842845545409984
0.0020833333333333333,0.23764470958392125
0.0021666666666666666,-0.20921744606685552
0.00225,-0.10478885372996014
0.0023333333333333335,0.215833339900182
0.002416666666666667,0.14288975206859744
0.0025,0.08347089214658687
0.0025833333333333333,0.1239001458497424
0.0026666666666666666,-0.021238280868866654
0.00275,-0.42312285500159363
0.0028333333333333335,-0.7076457669420774
0.002916666666666667,-0.5179504925665729
0.003,-0.06619611213121666
0.0030833333333333333,-0.27539139622516934
0.0031666666666666666,-0.785323121878181
0.00325,-0.5573608539124659
0.0033333333333333335,-0.2692447674937552
0.003416666666666667,-0.15207423522421123
0.0035,0.10372133446163469
0.0035833333333333333,0.010864615505018143
0.0036666666666666666,-0.3228535901557971
0.00375,-0.28501555141659685
0.003833333333333333,-0.01849120830472457
0.003916666666666666,-0.09805381709362122
0.004,-0.19081119983635245
0.004083333333333333,0.15032908489801164
0.004166666666666667,0.27156271825283734
0.00425,0.22225770287965582
0.004333333333333333,0.535355331940364
0.004416666666666667,0.4867488554102734
0.0045,0.0956062599408775
0.004583333333333333,-0.031005464513405852
0.004666666666666667,-0.11754207719858958
0.00475,-0.10641127314777017
0.004833333333333334,-0.10113127870982046
0.004916666666666666,-0.4200823227613545
0.005,-0.8446629668686194
0.005083333333333333,-0.979526612083885
0.005166666666666667,-0.9738957090955715
0.00525,-1.0527901018421821
0.005333333333333333,-0.9653223742473505
0.005416666666666667,-0.716693833222113
0.0055,-0.3689254012015501
0.005583333333333333,-0.0466462493224437
0.005666666666666667,-0.004754822971537206
0.00575,-0.11779549954991765
0.005833333333333334,-0.1130382045805607
0.005916666666666666,-0.051821931826479144
0.006,0.006561925113322026
0.006083333333333333,0.13149747240866816
0.006166666666666667,0.20832631308152516
0.00625,0.24662143042243392
0.006333333333333333,0.1076966250260167
0.006416666666666667,-0.021518844407757257
0.0065,0.09769873705834532
0.006583333333333333,0.19983549467423187
0.006666666666666667,0.3580606016492079
0.00675,0.35676095619757237
0.006833333333333334,0.2941242893516401
0.0069166666666666664,0.42813269959575645
0.007,0.1104020984845643
0.007083333333333333,-0.3121340619900823
0.007166666666666667,-0.2914584300937548
0.00725,-0.2763259662548024
0.007333333333333333,-0.12274724903664978
0.007416666666666667,0.1723157377972169
0.0075,0.225161172187357
0.007583333333333333,0.18914522509214035
0.007666666666666666,0.26558245962457094
0.00775,0.3313133144980184
0.007833333333333333,0.19120233858896263
0.007916666666666667,0.2166756432034021
0.008,0.5056549816459139
0.008083333333333333,0.5412724610265718
0.008166666666666666,0.33367201702854776
0.00825,0.11202371612540417
0.008333333333333333,-0.07616330798005595
0.008416666666666666,-0.346514640871613
0.0085,-0.4214087273589257
0.008583333333333333,-0.07819099671195937
0.008666666666666666,0.04892852545162857
0.00875,-0.022302153969957033
0.008833333333333334,-0.28244111504143915
0.008916666666666666,-0.48963575951761884
0.009,-0.3040043189729196
0.009083333333333334,-0.4816407761386238
0.009166666666666667,-0.17966530941097075
0.00925,0.23372269769599385
0.009333333333333334,0.042458367214068614
0.009416666666666667,0.4039094916195756
0.0095,0.26938432674906726
0.009583333333333333,-0.18194935110278104
0.009666666666666667,-0.17066211875792453
0.00975,0.14658737182226084
0.009833333333333333,0.6609329733005629
0.009916666666666667,0.3313113984216889
0.01,0.25764835911337697
0.010083333333333333,0.3923531386011106
0.010166666666666666,0.08005259081536649
0.01025,0.33415783845308783
0.010333333333333333,0.31418581886827124
0.010416666666666666,0.15671051119204663
0.0105,0.2726806714906939
0.010583333333333333,0.14535358235324175
0.010666666666666666,0.16911359764480513
0.01075,-0.09310751417136424
0.010833333333333334,-0.4471271356559549
0.010916666666666667,-0.5532274245254277
0.011,-0.8132328305130186
0.011083333333333334,-0.545898521247155
0.011166666666666667,-0.3729456106559209
0.01125,-0.6103184517862064
0.011333333333333334,-0.4602345678323114
0.011416666666666667,-0.6398996827850236
0.0115,-0.5183627246408458
0.011583333333333333,-0.08343469943977484
0.011666666666666667,-0.45700594204812806
0.01175,-0.48383333262521516
0.011833333333333333,-0.27061231180910655
0.011916666666666667,-0.24234816424831196
0.012,0.17784842394070127
0.012083333333333333,0.32209175495989467
0.012166666666666666,0.2478980942678633
0.01225,0.19670856539718368
0.012333333333333333,0.08933050357405112
0.012416666666666666,0.06783836150557242
0.0125,-0.1232393000621451
0.012583333333333334,-0.14643574450240682
0.012666666666666666,0.30215779425542616
0.01275,0.464194634056924
0.012833333333333334,0.2268214453791127
0.012916666666666667,0.4569464811519627
0.013,0.4358816920858803
0.013083333333333334,0.2421770051685742
0.013166666666666667,0.5741198220241979
0.01325,0.3646846400565657
0.013333333333333334,0.46989176975094893
0.013416666666666667,0.801120677036043
0.0135,0.360517582130323
0.013583333333333333,0.17715884945427618
0.013666666666666667,0.05642749203349185
0.01375,0.08341400092797048
0.013833333333333333,0.28030032544023464
0.013916666666666667,0.08004156560041494
0.014,0.02232710081955075
0.014083333333333333,0.019281238437764428
0.014166666666666666,-0.11372886660237315
0.01425,-0.10715111271287463
0.014333333333333333,-0.34209310270466126
0.014416666666666666,-0.7508579519683953
0.0145,-0.6648704083358542
0.014583333333333334,-0.6336206579196778
0.014666666666666666,-0.835213552017229
0.01475,-0.7020658175318695
0.014833333333333334,-0.6153242097445516
0.014916666666666667,-0.7299668858519721
0.015,-0.9226641162560861
0.015083333333333334,-0.8479769684200417
0.015166666666666667,-0.47747167959193376
0.01525,-0.11688454024605112
0.015333333333333332,0.23332703017313705
0.015416666666666667,0.0764841381420766
0.0155,-0.09410959153863718
0.015583333333333333,0.1426553790679686
0.015666666666666666,0.12010330690313964
0.01575,0.013787131964628175
0.015833333333333335,-0.012015321078760789
0.015916666666666666,-0.01227706852203515
0.016,0.08690868113151683
0.016083333333333335,-0.07743635237150893
0.016166666666666666,-0.526332058609256
0.01625,-0.633753735407
0.01633333333333333,-0.694056689362732
0.016416666666666666,-0.55533417189525
0.0165,0.2615800215444572
0.016583333333333332,0.12826330014264786
0.016666666666666666,-0.3189826011571331
0.01675,0.04724529097312372
0.016833333333333332,-0.013493780574787517
0.016916666666666667,0.28525278372246915
0.017,0.4628878291042335
0.017083333333333332,-0.07927044131811749
0.017166666666666667,0.32615015866824887
0.01725,0.6783879345550721
0.017333333333333333,0.48735757401166935
0.017416666666666667,0.4852649433142355
0.0175,0.018790891872486244
0.017583333333333333,-0.30796463784416334
0.017666666666666667,-0.1733504091484337
0.01775,0.09789560672284787
0.017833333333333333,0.33899249730177733
0.017916666666666668,0.036062970055961284
0.018,-0.13594893901673885
0.018083333333333333,-0.3309660500145349
0.018166666666666668,-0.4648240548589598
0.01825,0.042036710781358684
0.018333333333333333,-0.24693151458138024
0.018416666666666668,-0.7363200157588814
0.0185,-0.540013750922504
0.018583333333333334,-0.45906455369461713
0.018666666666666668,-0.17907752473630295
0.01875,-0.14127635696026153
0.018833333333333334,-0.4149810551523258
0.018916666666666665,-0.2709448427407564
0.019,-0.06158550772096142
0.019083333333333334,-0.03464095476282841
0.019166666666666665,-0.07112452415181962
0.01925,-0.007600344079589145
0.019333333333333334,0.24035502536692427
0.019416666666666665,0.5148653288378879
0.0195,0.45808743276370556
0.019583333333333335,0.1984657611658212
0.019666666666666666,0.1251375647630549
0.01975,0.09239759751503014
0.019833333333333335,-0.09304319284864838
0.019916666666666666,-0.410773692402171
0.02,-0.4978180292534974
0.020083333333333335,-0.453341514106258
0.020166666666666666,-0.6212124697626665
0.02025,-0.49638921551471393
0.02033333333333333,-0.22149195367471075
0.020416666666666666,-0.2882841855553096
0.0205,-0.12642300816729787
0.020583333333333332,0.060090508181802636
0.020666666666666667,-0.13236940754179355
0.02075,-0.06995751287055317
0.020833333333333332,0.026618624566308664
0.020916666666666667,0.05740981967442029
0.021,0.2198714927258692
0.021083333333333332,0.22232148853813744
0.021166666666666667,0.2573256020602296
0.02125,0.09276625838664228
0.021333333333333333,0.07229574991350284
0.021416666666666667,0.35687221994041934
0.0215,0.127525046631703
0.021583333333333333,0.12929863525623667
0.021666666666666667,0.425755959644863
0.02175,0.42321731508720034
0.021833333333333333,0.6338933979646298
0.021916666666666668,0.6645468267644822
0.022,0.3233858918819595
0.022083333333333333,0.16336524638247119
0.022166666666666668,0.15929581235091234
0.02225,0.15546421147643166
0.022333333333333334,-0.02741579996962985
0.022416666666666668,-0.4252266962410768
0.0225,-0.5094999205958946
0.022583333333333334,-0.12318561675680444
0.02266666666666667,0.2560317954141641
0.02275,0.46081224266240567
0.022833333333333334,0.33591553810089414
0.022916666666666665,-0.09522420285723901
0.023,-0.06128409773978304
0.023083333333333334,0.4220114867593499
0.023166666666666665,0.35376477275209023
0.02325,-0.07409452556122846
0.023333333333333334,-0.25898804732036157
0.023416666666666665,-0.2967362578677457
0.0235,-0.1239245838308202
0.023583333333333335,-0.21862828765490386
0.023666666666666666,-0.5894731183568326
0.02375,-0.5700847351190842
0.023833333333333335,-0.5566774898376289
0.023916666666666666,-0.3044559574282452
0.024,0.14552785373140636
0.024083333333333335,-0.04672798828261979
0.024166666666666666,-0.0309067996957231
0.02425,0.21406551753394917
0.024333333333333332,0.16850366815521356
0.024416666666666666,0.22863775731341268
0.0245,0.14514347172037032
0.024583333333333332,0.09377241201828694
0.024666666666666667,0.2126862586537292
0.02475,0.21023369785375184
0.024833333333333332,0.09589744107217756
0.024916666666666667,0.03437749253683144
0.025,-0.17505624118608715
0.025083333333333332,-0.2983018803961425
0.025166666666666667,0.07070966520423912
0.02525,0.0191702405539803
0.025333333333333333,-0.05291983525959028
0.025416666666666667,0.15972818883053946
0.0255,0.11689869763056034
0.025583333333333333,0.36290531060869785
0.025666666666666667,0.4305135763650902
0.02575,0.31521049265253903
0.025833333333333333,0.2790065165837168
0.025916666666666668,0.1610460693778135
0.026,0.4258050372398418
0.026083333333333333,0.33328042514444395
0.026166666666666668,-0.14904136219465627
0.02625,-0.053763381514446956
0.026333333333333334,0.10609161853422287
0.026416666666666668,0.21088774056354298
0.0265,0.4459749315923603
0.026583333333333334,0.2775679753652807
0.02666666666666667,0.010565794566542485
0.02675,0.006734032017798927
0.026833333333333334,-0.0431030296715573
0.026916666666666665,-0.335769595937861
0.027,-0.486546970064939
0.027083333333333334,-0.3044119207026324
0.027166666666666665,-0.20572974758901108
0.02725,-0.17728770441654634
0.027333333333333334,-0.3990449605318324
0.027416666666666666,-0.48427193558533155
0.0275,-0.24262024109909774
0.027583333333333335,-0.2653515023932122
0.027666666666666666,-0.08911772244871871
0.02775,-0.2288122969476014
0.027833333333333335,-0.6234196705382234
0.027916666666666666,-0.44602420320935005
0.028,-0.35366398854901543
0.02808333333333333,-0.1819979500176014
0.028166666666666666,0.08670191348141777
0.02825,0.23274835092800344
0.028333333333333332,0.2849695524660952
0.028416666666666666,0.3281479201313305
0.0285,0.41677810671382237
0.028583333333333332,0.028224597475460692
0.028666666666666667,0.032790244110402454
0.02875,-0.008851890042290329
0.028833333333333332,-0.41525405583055486
0.028916666666666667,-0.0064123362889224
0.029,0.0209543454851758
0.029083333333333333,-0.0611172815572315
0.029166666666666667,0.006816953956461942
0.02925,-0.23726844196104624
0.029333333333333333,0.2742579590407018
0.029416666666666667,0.3506477182613334
0.0295,0.0028040383554622
0.029583333333333333,0.24016286384059302
0.029666666666666668,0.15892841911217295
0.02975,0.19310309154358288
0.029833333333333333,0.37911367263555534
0.029916666666666668,0.174637918563223
0.03,0.20941043269245221
0.030083333333333333,0.14792529869745374
0.030166666666666668,0.0656204997410074
0.03025,0.309101764821706
0.030333333333333334,-0.16432505940729722
0.030416666666666668,-0.30264103637245093
0.0305,0.19052945789608172
0.030583333333333334,-0.12077580295044207
0.030666666666666665,0.008558911025776179
0.03075,0.2896856308477281
0.030833333333333334,-0.1698204203121857
0.030916666666666665,-0.2972019893654636
0.031,-0.3169403722332213
0.031083333333333334,-0.5301380163382141
0.031166666666666665,-0.825071943213199
0.03125,-0.8836267173207017
0.03133333333333333,-0.5695638085898292
0.03141666666666667,-0.4629270942267053
0.0315,-0.48044416305083615
0.03158333333333333,-0.4387894738454995
0.03166666666666667,-0.5957614728768591
0.03175,-0.6107607968722724
0.03183333333333333,-0.036361388977582725
0.03191666666666667,0.2363495980219822
0.032,0.20518298462000342
0.03208333333333333,0.36849911328938983
0.03216666666666667,0.0999138318714786
0.03225,0.18450966621568243
0.03233333333333333,0.3791421554750096
0.03241666666666667,-0.04088967198929191
0.0325,0.021313394946215456
0.03258333333333333,-0.0555608331625513
0.03266666666666666,-0.20227513633034644
0.03275,0.19902899163529267
0.03283333333333333,-0.05674051957763857
0.032916666666666664,-0.2695810196629102
0.033,-0.14480902573192822
0.03308333333333333,-0.3016171052985381
0.033166666666666664,0.14122461576660797
0.03325,0.43676041588030706
0.03333333333333333,0.17272652997676827
0.033416666666666664,0.2355707335069101
0.0335,-0.023887917768896576
0.03358333333333333,-0.2905016087852018
0.033666666666666664,-0.13416163209973878
0.03375,-0.6113855084747596
0.03383333333333333,-0.7389126302891668
0.033916666666666664,-0.198011869852404
0.034,-0.1752663237202521
0.034083333333333334,0.16216055226822437
0.034166666666666665,0.32697652223552176
0.03425,-0.1492524758599041
0.034333333333333334,-0.2047762393014962
0.034416666666666665,-0.29430023015518497
0.0345,-0.32968460107429415
0.034583333333333334,-0.0897302281475867
0.034666666666666665,0.19594240678482994
0.03475,0.549534258067876
0.034833333333333334,0.45756944181678555
0.034916666666666665,0.2589142062946152
0.035,0.04695841307717246
0.035083333333333334,-0.4859049778239679
0.035166666666666666,-0.6311180846838689
0.03525,-0.3848077634331503
0.035333333333333335,-0.251817485841453
0.035416666666666666,-0.2497250979485373
0.0355,-0.2734538879464226
0.035583333333333335,-0.13733887325067715
0.035666666666666666,-0.10041568003099662
0.03575,-0.37743545185852995
0.035833333333333335,-0.43482361197115027
0.035916666666666666,-0.18011312068102703
0.036,0.10273173858067232
0.036083333333333335,0.37254967891936414
0.036166666666666666,0.33421557295328375
0.03625,0.1662580226688381
0.036333333333333336,0.21620539132750993
0.03641666666666667,0.3151927527837373
0.0365,0.0897637646762643
0.036583333333333336,-0.16231878217328827
0.03666666666666667,0.21218816524292827
0.03675,0.4112333751301237
0.036833333333333336,0.3900014163376445
0.03691666666666667,0.3260709549964244
0.037,-0.31815807566549176
0.037083333333333336,-0.20578292525712877
0.03716666666666667,0.3629274172716845
0.03725,0.28347062160532327
0.037333333333333336,0.3913293071967588
0.03741666666666667,0.2347497729447304
0.0375,-0.18510642376401623
0.03758333333333334,-0.1277518850932814
0.03766666666666667,-0.13528605387924728
0.03775,-0.17716023524603874
0.03783333333333333,-0.05902008120067715
0.03791666666666667,0.03008257600720775
0.038,0.14123619436018522
0.03808333333333333,0.2617359629499169
0.03816666666666667,0.32739459679619715
0.03825,0.21749135797724994
0.03833333333333333,0.1612263867984701
0.03841666666666667,0.27481784889859157
0.0385,0.5992012712354376
0.03858333333333333,1.088103676152739
0.03866666666666667,0.9910622596321539
0.03875,0.5265934639679449
0.03883333333333333,0.12838036870674827
0.03891666666666667,-0.31803176428216
0.039,-0.35224245743918703
0.03908333333333333,-0.1307894137913447
0.03916666666666667,0.005690118957791775
0.03925,0.18216344902274745
0.03933333333333333,0.24368156631941185
0.03941666666666667,0.12791914102838117
0.0395,0.06774164587637972
0.03958333333333333,-0.18472847111151106
0.03966666666666667,-0.49316046031128746
0.03975,-0.06250434539389109
0.03983333333333333,0.20595231140885173
0.03991666666666667,-0.06329098824581668
0.04,0.0702815911618566
0.04008333333333333,-0.09512136066280096
0.04016666666666667,-0.5488394852335643
0.04025,-0.3062952274433079
0.04033333333333333,-0.12825981986818225
0.04041666666666666,-0.40875455927121224
0.0405,-0.2252385109161863
0.04058333333333333,0.025340156513324625
0.04066666666666666,-0.10095193486677508
0.04075,-0.23305541914607988
0.04083333333333333,-0.33404796239251444
0.040916666666666664,-0.2128724303820746
0.041,-0.28046026303085553
0.04108333333333333,-0.24904389686246406
0.041166666666666664,-0.1687656592843253
0.04125,-0.5129870465124796
0.04133333333333333,-0.21780270267122193
0.041416666666666664,0.0675050262167005
0.0415,-0.03658418895266888
0.04158333333333333,-0.016638811388771258
0.041666666666666664,-0.19400695188046202
0.04175,-0.10413786112987218
0.041833333333333333,-0.049033211886959624
0.041916666666666665,0.1987684612197569
0.042,0.5381183671350427
0.042083333333333334,0.2653134265960225
0.042166666666666665,0.5754810208045885
0.04225,0.8861140120757698
0.042333333333333334,0.7376805330387279
0.042416666666666665,0.9066125950329088
0.0425,0.5878818412288118
0.042583333333333334,0.3900488931276361
0.042666666666666665,0.4364430029515224
0.04275,0.056893553710698826
0.042833333333333334,-0.06149769009703077
0.042916666666666665,-0.22779000381301315
0.043,-0.33401085269131153
0.043083333333333335,-0.3227886920921056
0.043166666666666666,-0.5551949874974672
0.04325,-0.36131316051328893
0.043333333333333335,-0.2867615198936751
0.043416666666666666,-0.43338805288055093
0.0435,-0.2836957507646163
0.043583333333333335,-0.4934508412660468
0.043666666666666666,-0.503222495512826
0.04375,-0.19458323887253548
0.043833333333333335,-0.38314530358928706
0.043916666666666666,-0.4968519093692149
0.044,-0.24948911996230758
0.044083333333333335,-0.24384040158218176
0.04416666666666667,-0.3413652735594559
0.04425,-0.01702585591515532
0.044333333333333336,0.038101864205853785
0.04441666666666667,0.017563462980449782
0.0445,0.2247099043433536
0.044583333333333336,-0.20891450338185866
0.04466666666666667,-0.23312179313252793
0.04475,0.07979765018073366
0.044833333333333336,0.005996322564687064
0.04491666666666667,0.3172970688050521
0.045,0.27179981427699873
0.045083333333333336,-0.07321120419633688
0.04516666666666667,0.024606842380731537
0.04525,-0.04361794497715493
0.04533333333333334,-0.3697195126219312
0.04541666666666667,-0.4329714135061497
0.0455,-0.192648941988036
0.04558333333333333,-0.003754420977491946
0.04566666666666667,0.17756281413058883
0.04575,0.4693753506307445
0.04583333333333333,0.5770023809666508
0.04591666666666667,0.4234318973790128
0.046,0.32767130168620645
0.04608333333333333,0.26036820207330963
0.04616666666666667,0.2216696034976201
0.04625,0.2192408345230206
0.04633333333333333,0.013679043941098246
0.04641666666666667,-0.25041677635335174
0.0465,-0.516955567625802
0.04658333333333333,-0.3542810471472333
0.04666666666666667,-0.021661122723030956
0.04675,-0.38326232640966984
0.04683333333333333,-0.7325958370284278
0.04691666666666667,-0.7145303005312357
0.047,-0.6647352616078555
0.04708333333333333,-0.42856657193114217
0.04716666666666667,-0.2627732462783499
0.04725,-0.427639969525627
0.04733333333333333,-0.3606199823066274
0.04741666666666667,-0.17817218233443033
0.0475,-0.33781221963309255
0.04758333333333333,-0.21514544259136403
0.04766666666666667,-0.14459367467574222
0.04775,-0.17222715746884742
0.04783333333333333,-0.02506955669824983
0.04791666666666667,-0.40972432110185175
0.048,-0.47699420958800587
0.04808333333333333,-0.2133469208122784
0.04816666666666667,-0.19895032384899747
0.04825,-0.011877246589983962
0.04833333333333333,-0.034071422985397136
0.04841666666666666,-0.004093474342955708
0.0485,0.015830336838867577
0.04858333333333333,-0.17349977270646197
0.048666666666666664,-0.22735177155136668
0.04875,-0.25654128030848433
0.04883333333333333,-0.05664225717506516
0.048916666666666664,0.034197233189415505
0.049,-0.10330583013104343
0.04908333333333333,-0.0772542302358755
0.049166666666666664,0.0180742668294064
0.04925,0.01395424615734073
0.04933333333333333,-0.24413794252270402
0.049416666666666664,-0.4705353626364135
0.0495,-0.1802282167962299
0.04958333333333333,0.2569808525734102
0.049666666666666665,0.3187631593107724
0.04975,0.2584771911803537
0.049833333333333334,-0.02056990182041944
0.049916666666666665,0.04761836225592125
0.05,0.5717260275942283
0.050083333333333334,0.434609243533505
0.050166666666666665,0.3292341870063774
0.05025,0.3395752491277164
0.050333333333333334,0.21466740943679635
0.050416666666666665,0.4100323607977387
0.0505,0.38929586252510145
0.050583333333333334,0.36440121116756746
0.050666666666666665,0.380470337732354
0.05075,0.507780336813164
0.050833333333333335,0.8587752131296721
0.050916666666666666,0.8769216161955212
0.051,0.8592166714440882
0.051083333333333335,0.7014337572519008
0.051166666666666666,0.5508580741628951
0.05125,0.7375345174138691
0.051333333333333335,0.620114279644457
0.051416666666666666,0.3828905098485882
0.0515,0.21700514980855692
0.051583333333333335,-0.040875043464618004
0.051666666666666666,-0.15412455395570188
0.05175,-0.09715607490909407
0.051833333333333335,-0.20767149599260515
0.051916666666666667,-0.5279365282058913
0.052,-0.5106103178623517
0.052083333333333336,-0.35601720166320133
0.05216666666666667,-0.2578557512888467
0.05225,-0.2182924989671137
0.052333333333333336,-0.3484802356211817
0.05241666666666667,-0.3570980508599888
0.0525,-0.4129563245796021
0.052583333333333336,-0.304360288739243
0.05266666666666667,-0.36230525786222195
0.05275,-0.6587791879164263
0.052833333333333336,-0.4738621386721559
0.05291666666666667,-0.37374403254658656
0.053,-0.20076274743565056
0.05308333333333334,0.04707829338277845
0.05316666666666667,-0.03270599139868075
0.05325,0.1851858407669189
0.05333333333333334,0.378026378110329
0.05341666666666667,0.2743161100693302
0.0535,0.29690016174512307
0.05358333333333333,0.3530421501713525
0.05366666666666667,0.2766723971451441
0.05375,0.11082981893756579
0.05383333333333333,0.11489444927054171
0.05391666666666667,0.17510754534937198
0.054,0.0010975382355312949
0.05408333333333333,-0.1929445030562034
0.05416666666666667,-0.1449902389746976
0.05425,0.30340995059237025
0.05433333333333333,0.45305578979177197
0.05441666666666667,0.16138327314179063
0.0545,0.22509614389901497
0.05458333333333333,0.0766934458558765
0.05466666666666667,0.13979000570024108
0.05475,0.8092629807667283
0.05483333333333333,0.8154791614727419
0.05491666666666667,0.780530254678581
0.055,0.9591549205288625
0.05508333333333333,0.6689052502296088
0.05516666666666667,0.4315625430180399
0.05525,0.2753980021978328
0.05533333333333333,0.47765987728577036
0.05541666666666667,0.6706360739032301
0.0555,0.34491530098348755
0.05558333333333333,0.4087599848103108
0.05566666666666667,0.4466509579759337
0.05575,0.22209335973164818
0.05583333333333333,-0.08133965511587109
0.05591666666666667,-0.6614245223763827
0.056,-0.6883490377444403
0.05608333333333333,-0.672642578098838
0.05616666666666666,-0.7912408493903643
0.05625,-0.37490923136390547
0.05633333333333333,-0.5393608607338777
0.056416666666666664,-0.8689679553161641
0.0565,-0.6256307654502044
0.05658333333333333,-0.7839013648165885
0.056666666666666664,-0.7825368704913711
0.05675,-0.6143868833477243
0.05683333333333333,-0.8848563624363673
0.056916666666666664,-0.7659486198354144
0.057,-0.4735630592475176
0.05708333333333333,-0.29130831362550613
0.057166666666666664,-0.1747937983825034
0.05725,-0.19243460134836354
0.05733333333333333,0.22446276526522096
0.057416666666666664,0.5118289038200113
0.0575,0.21279429088276175
0.057583333333333334,0.23175766602524162
0.057666666666666665,0.5331784534046928
0.05775,0.12379859732709095
0.057833333333333334,-0.32125400329582415
0.057916666666666665,0.039062154015907506
0.058,0.17377304083643252
0.058083333333333334,0.06653059047008421
0.058166666666666665,0.12742093633768503
0.05825,-0.014587632361069632
0.058333333333333334,-0.29867242282444734
0.058416666666666665,-0.44702057689896263
0.0585,-0.1462603064579563
0.058583333333333334,-0.03844143274300466
0.058666666666666666,-0.2553313277434292
0.05875,-0.005178237823446205
0.058833333333333335,0.3882982987559878
0.058916666666666666,0.45435413355950055
0.059,0.11142292211348699
0.059083333333333335,-0.16116413063471563
0.059166666666666666,-0.10996466846792409
0.05925,-0.27623724751156453
0.059333333333333335,-0.17077983918007508
0.059416666666666666,0.31116205552978415
0.0595,0.3919763378265155
0.059583333333333335,0.4270217443390885
0.059666666666666666,0.4198109475213537
0.05975,0.0707228043485787
0.059833333333333336,-0.13560164719152445
0.05991666666666667,-0.09307753762163683
0.06,0.11585398075480062
0.060083333333333336,0.3778450381290649
0.06016666666666667,0.570762954536525
0.06025,0.5960927204575202
0.060333333333333336,0.27409367514330846
0.06041666666666667,0.005410204928187058
0.0605,0.11153497274214137
0.060583333333333336,0.1642488876000277
0.06066666666666667,0.050485656971026804
0.06075,0.08434021415351628
0.060833333333333336,-0.04376472001739818
0.06091666666666667,-0.12019107900369458
0.061,0.16552602477235118
0.06108333333333334,-0.026804105169914178
0.06116666666666667,-0.25361977550214804
0.06125,-0.08620646879901463
0.06133333333333333,-0.19385155603347748
0.06141666666666667,-0.15703521513864882
0.0615,-0.29613902541412956
0.06158333333333333,-0.7953103341270051
0.06166666666666667,-0.5275864059750943
0.06175,-0.017468177471314315
0.06183333333333333,-0.06930990271074143
0.06191666666666667,-0.3456872271172727
0.062,-0.5373950014712991
0.06208333333333333,-0.41693740417901587
0.06216666666666667,-0.262280348948501
0.06225,-0.11637756275342974
0.06233333333333333,-0.09810994033071353
0.06241666666666667,-0.4564713829913427
0.0625,-0.4286646783929891
0.06258333333333334,-0.2299753874076581
0.06266666666666666,-0.3641011590564984
0.06275,-0.4243996405466419
0.06283333333333334,-0.4055071414630271
0.06291666666666666,-0.15109182575648716
0.063,0.04006360627200913
0.06308333333333334,0.04906940729935181
0.06316666666666666,0.10082579249773992
0.06325,-0.2442660141631634
0.06333333333333334,-0.30255999385977794
0.06341666666666666,-0.013180558386439962
0.0635,0.09365311394142024
0.06358333333333334,0.3564535922365281
0.06366666666666666,0.21696128088287192
0.06375,0.2250796696237245
0.06383333333333334,0.6223520879095276
0.06391666666666666,0.4653084089100002
0.064,0.37851733290823486
0.06408333333333334,0.5123551266261671
0.06416666666666666,0.5563626367583202
0.06425,0.32186091311363163
0.06433333333333334,0.07258288882915222
0.06441666666666666,0.11583276945027997
0.0645,-0.19440917114385617
0.06458333333333334,-0.01576259046794896
0.06466666666666666,0.2858911219423751
0.06475,-0.3242691403531156
0.06483333333333334,-0.5255957205182966
0.06491666666666666,-0.3814149113289183
0.065,-0.20038221541861506
0.06508333333333334,0.06695746858244708
0.06516666666666666,-0.09811818346436765
0.06525,-0.15252026128769977
0.06533333333333333,-0.07098138605202808
0.06541666666666666,-0.143565248954731
0.0655,-0.21233928624316104
0.06558333333333333,-0.2717411650030872
0.06566666666666666,-0.4557340700944786
0.06575,-0.433720489807942
0.06583333333333333,0.12310446299000534
0.06591666666666667,0.37242048518219006
0.066,0.39194256538439726
0.06608333333333333,0.5127437542147623
0.06616666666666667,0.3545906322487144
0.06625,0.1671628654816096
0.06633333333333333,-0.1433033097527868
0.06641666666666667,-0.07909471678252634
0.0665,0.3593929317954078
0.06658333333333333,0.242630379201287
0.06666666666666667,0.26676298979544
0.06675,0.4042802470609641
0.06683333333333333,0.13289458676208862
0.06691666666666667,0.21874766898906564
0.067,0.46536090383364126
0.06708333333333333,0.383684990836767
0.06716666666666667,0.4200418125415531
0.06725,0.6121077052786928
0.06733333333333333,0.34997794090836104
0.06741666666666667,-0.016776268069691014
0.0675,0.1967455108584818
0.06758333333333333,0.12964588561917806
0.06766666666666667,-0.129292076782775
0.06775,0.14358322537768908
0.06783333333333333,0.1560946622616244
0.06791666666666667,0.23100640216533744
0.068,0.4585126398677533
0.06808333333333333,0.21183417339566452
0.06816666666666667,0.1028685670103726
0.06825,-0.03729471105568854
0.06833333333333333,-0.2129367882942689
0.06841666666666667,-0.2296762136971832
0.0685,-0.4768186449925373
0.06858333333333333,-0.59365992425494
0.06866666666666667,-0.5539428835141751
0.06875,-0.46130268123620444
0.06883333333333333,-0.1710943298362138
0.06891666666666667,0.039290461499293265
0.069,0.07306267899675715
0.06908333333333333,0.14246652518120706
0.06916666666666667,0.08091583785950714
0.06925,0.0701913321847606
0.06933333333333333,0.21272131139688283
0.06941666666666667,-0.09110740009296817
0.0695,-0.3287978397118805
0.06958333333333333,-0.2682229412392525
0.06966666666666667,-0.09731891316516647
0.06975,0.03636996956316347
0.06983333333333333,-0.2107304561945828
0.06991666666666667,-0.15468911105839325
0.07,-0.21286930663206288
0.07008333333333333,-0.23553394596515906
0.07016666666666667,0.06162835452754297
0.07025,0.06222505562364001
0.07033333333333333,0.5336516712341587
0.07041666666666667,0.4845734274685532
0.0705,0.17685989025446344
0.07058333333333333,0.4273807027391598
0.07066666666666667,-0.1593304788534172
0.07075,-0.1776583112041663
0.07083333333333333,0.4520869641028123
0.07091666666666667,0.1512196316043337
0.071,0.0753764740330661
0.07108333333333333,0.5123145667406669
0.07116666666666667,0.34673007735730016
0.07125,0.13883489000252644
0.07133333333333333,0.4046735752091342
0.07141666666666667,0.3477141055252376
0.0715,0.23997688016401172
0.07158333333333333,0.16533665011558002
0.07166666666666667,0.25526338172931934
0.07175,0.3934814287559739
0.07183333333333333,-0.09948105923739681
0.07191666666666667,-0.37915996716799966
0.072,-0.6717893192533815
0.07208333333333333,-0.9726283408576561
0.07216666666666667,-0.6587409456974446
0.07225,-0.4944084601741348
0.07233333333333333,-0.41605192985189865
0.07241666666666667,-0.44501057649671116
0.0725,-0.5951755844200687
0.07258333333333333,-0.22483154428970722
0.07266666666666667,-0.20559612507519154
0.07275,-0.5312381552777931
0.07283333333333333,-0.10757857504864295
0.07291666666666667,-0.0749642288122339
0.073,-0.06940925745076863
0.07308333333333333,0.6961166188848444
0.07316666666666667,0.648914099850392
0.07325,0.025861154140962402
0.07333333333333333,-0.41441932889457517
0.07341666666666667,-0.23729042249546703
0.0735,0.10617336118598356
0.07358333333333333,-0.10310810965981156
0.07366666666666667,0.34618340391499
0.07375,0.5719238458684918
0.07383333333333333,0.12787077754528092
0.07391666666666667,0.06129019905493207
0.074,-0.36913523160509476
0.07408333333333333,-0.798280358391842
0.07416666666666667,-0.6359175822352282
0.07425,-0.18859902972055603
0.07433333333333333,0.24275455622818126
0.07441666666666667,0.3058269622434583
0.0745,0.3222212250996289
0.07458333333333333,0.28592448558462813
0.07466666666666667,-0.254705586638843
0.07475,-0.7657527333801625
0.07483333333333334,-0.6266957189353004
0.07491666666666667,-0.30517459169793815
0.075,0.06269629307999301
0.07508333333333334,0.40601757004185124
0.07516666666666667,0.6217985520107424
0.07525,0.5653689628066249
0.07533333333333334,0.06506165538729752
0.07541666666666667,0.13433353412553176
0.0755,0.007210447369624774
0.07558333333333334,-0.32102666837230814
0.07566666666666666,0.34802612314066933
0.07575,0.24696661486155533
0.07583333333333334,-0.15148988613272402
0.07591666666666666,-0.02114283395616304
0.076,-0.2883784738457837
0.07608333333333334,-0.11563844826779777
0.07616666666666666,0.03090647981960692
0.07625,-0.08684880430961651
0.07633333333333334,0.3279748020448167
0.07641666666666666,0.45480463667513477
0.0765,0.2727646138419321
0.07658333333333334,0.2871956686031865
0.07666666666666666,-0.17794353373259936
0.07675,-0.5714682252533942
0.07683333333333334,-0.17275378587951037
0.07691666666666666,-0.008880151459850563
0.077,-0.07448109955088474
0.07708333333333334,-0.22922106689997654
0.07716666666666666,-0.7559940737395366
0.07725,-0.732330758212656
0.07733333333333334,-0.4888304167767783
0.07741666666666666,-0.619632768361572
0.0775,-0.4464734390490518
0.07758333333333334,-0.2539322455732637
0.07766666666666666,-0.18189253689690815
0.07775,-0.0696981845104716
0.07783333333333334,-0.235073739411139
0.07791666666666666,-0.19721553298519562
0.078,-0.1836772489035644
0.07808333333333334,-0.35140285648424374
0.07816666666666666,-0.119877125532035
0.07825,-0.17175306639028415
0.07833333333333334,-0.23459522531253077
0.07841666666666666,0.07161169321202152
0.0785,-0.190463617009568
0.07858333333333334,-0.4461659530284252
0.07866666666666666,-0.09392358184153177
0.07875,0.04704088997533253
0.07883333333333334,-0.0363871566184914
0.07891666666666666,0.22256040835686897
0.079,0.3603316385858646
0.07908333333333334,0.3465379385925164
0.07916666666666666,0.39941510962782095
0.07925,0.0758097841773841
0.07933333333333334,0.020224113126834264
0.07941666666666666,0.20519049197028646
0.0795,0.09973731827966849
0.07958333333333334,0.27173241123248737
0.07966666666666666,0.2160303219349756
0.07975,-0.18287934528267116
0.07983333333333334,0.1667084877900088
0.07991666666666666,0.4351287588612586
0.08,-0.1205319729787818
0.08008333333333334,0.003280418086252516
0.08016666666666666,0.3085138651646874
0.08025,0.15371278731402485
0.08033333333333334,0.6864513221793856
0.08041666666666666,0.6349665723388224
0.0805,0.044258365029366954
0.08058333333333334,0.021237179713380325
0.08066666666666666,-0.20865599325062467
0.08075,0.13972278068474206
0.08083333333333333,0.45485827508353965
0.08091666666666666,-0.0365175852350506
0.081,0.03985389182273907
0.08108333333333333,0.1149617943055309
0.08116666666666666,0.03841365808128115
0.08125,0.2717159113828791
0.08133333333333333,0.3155207896686738
0.08141666666666666,0.39242067944786363
0.0815,0.49864625679542907
0.08158333333333333,0.5369960572067463
0.08166666666666667,0.4783431661822533
0.08175,0.03733387127887645
0.08183333333333333,-0.24486870186308898
0.08191666666666667,0.015510311245429582
0.082,0.09229319080675517
0.08208333333333333,0.1524741769136761
0.08216666666666667,0.33258136188172166
0.08225,0.13335265270890223
0.08233333333333333,0.1624753007381098
0.08241666666666667,0.23797809655111876
0.0825,0.14578935997748443
0.08258333333333333,0.23790824509036332
0.08266666666666667,0.25171664827161266
0.08275,0.45244816389018105
0.08283333333333333,0.6099990062786074
0.08291666666666667,0.30979545388393626
0.083,0.0490093212700159
0.08308333333333333,0.08421996109226335
0.08316666666666667,0.28482917196849117
0.08325,0.5660581960912346
0.08333333333333333,0.3988261503869117
0.08341666666666667,-0.20805142889074735
0.0835,-0.4907485744825508
0.08358333333333333,-0.4574493397848398
0.08366666666666667,0.005297027172105608
0.08375,0.3444759157202523
0.08383333333333333,0.05135670479238056
0.08391666666666667,0.05004887782048063
0.084,0.20802316419259748
0.08408333333333333,0.382883418811593
0.08416666666666667,0.36808673398945807
0.08425,-0.3151671373291944
0.08433333333333333,-0.6592692454966741
0.08441666666666667,-0.4790838378411528
0.0845,-0.15812063635919485
0.08458333333333333,0.3189690217942594
0.08466666666666667,0.34345558867585096
0.08475,-0.06176160242544362
0.08483333333333333,-0.3686676713950592
0.08491666666666667,-0.4924464376777371
0.085,-0.289802001112975
0.08508333333333333,0.007875844530980013
0.08516666666666667,0.11401886758047051
0.08525,0.26239516966000476
0.08533333333333333,0.18300539437191427
0.08541666666666667,0.04104166950523983
0.0855,0.04492157841832716
0.08558333333333333,-0.11351420807297168
0.08566666666666667,0.03984735820013754
0.08575,0.19109454374138757
0.08583333333333333,0.14902948757652715
0.08591666666666667,0.153184064285238
0.086,-0.1795969204117287
0.08608333333333333,-0.19781307677538518
0.08616666666666667,-0.09309529200495491
0.08625,-0.18148512689036292
0.08633333333333333,0.036639517866651976
0.08641666666666667,-0.3224248027846554
0.0865,-0.6375194099184309
0.08658333333333333,-0.05464860223946514
0.08666666666666667,0.28399020000179187
0.08675,0.31271291757106917
0.08683333333333333,0.26499023922425935
0.08691666666666667,0.2214324073246037
0.087,0.440415238523109
0.08708333333333333,0.4364727378277083
0.08716666666666667,0.15725142830786681
0.08725,0.029749168204899427
0.08733333333333333,-0.23426848645623569
0.08741666666666667,-0.45054419814377006
0.0875,-0.13168634357136458
0.08758333333333333,-0.24313648227842394
0.08766666666666667,-0.3851729270716125
0.08775,0.1534155766127464
0.08783333333333333,0.048321507811829374
0.08791666666666667,-0.1268284027054567
0.088,0.14241230167026067
0.08808333333333333,-0.15042812773300898
0.08816666666666667,-0.23013566753888187
0.08825,-0.1484473714741854
0.08833333333333333,-0.5344162347377726
0.08841666666666667,-0.5690168203266617
0.0885,-0.5650796908886285
0.08858333333333333,-0.3284136548720783
0.08866666666666667,0.33353520047545665
0.08875,0.23998999217168612
0.08883333333333333,-0.1709784009357203
0.08891666666666667,-0.34144453713186773
0.089,-0.38640493788762875
0.08908333333333333,-0.4254549742594258
0.08916666666666667,-0.17604749875112863
0.08925,0.4648037881560602
0.08933333333333333,0.3930591902137443
0.08941666666666667,0.3755262990375507
0.0895,0.6461857421899976
0.08958333333333333,-0.026165565650663383
0.08966666666666667,-0.4655895811021985
0.08975,-0.3661683884510394
0.08983333333333333,-0.4538210549911976
0.08991666666666667,-0.132152643623104
0.09,0.09019442805085327
0.09008333333333333,0.04512030441014497
0.09016666666666667,0.23276306962667984
0.09025,-0.07751774713352462
0.09033333333333333,-0.32380519097728927
0.09041666666666667,-0.12183770767675257
0.0905,-0.32332940860267084
0.09058333333333334,-0.2099368504157676
0.09066666666666667,0.19829217523079562
0.09075,-0.031407106078127744
0.09083333333333334,-0.14834781483219023
0.09091666666666667,-0.0398777375013189
0.091,-0.24467796247869233
0.09108333333333334,-0.1121413966369088
0.09116666666666666,0.20043689144600932
0.09125,0.424631447543344
0.09133333333333334,0.5852992342827591
0.09141666666666666,0.29203496790235123
0.0915,0.2530704276711217
0.09158333333333334,0.3167466436182374
0.09166666666666666,0.08083027463212067
0.09175,0.12634416978751623
0.09183333333333334,-0.003743281138584738
0.09191666666666666,-0.07652720343119213
0.092,0.30915230711301794
0.09208333333333334,0.3643928578929026
0.09216666666666666,0.19490072816709003
0.09225,-0.055018352675471845
0.09233333333333334,-0.63203545258275
0.09241666666666666,-0.7394892621896128
0.0925,-0.3860541053742128
0.09258333333333334,-0.3506000377774341
0.09266666666666666,-0.326494102672611
0.09275,-0.3439768869577005
0.09283333333333334,-0.4388944139926997
0.09291666666666666,-0.4650261297680458
0.093,-0.6754736305261617
0.09308333333333334,-0.6597252824743787
0.09316666666666666,-0.4039667526185616
0.09325,-0.12933259857265475
0.09333333333333334,0.21761876427983204
0.09341666666666666,0.3136598753856961
0.0935,0.05430298283576188
0.09358333333333334,-0.2455668240572884
0.09366666666666666,-0.2125364090515318
0.09375,-0.3158894056269478
0.09383333333333334,-0.45929820290625345
0.09391666666666666,-0.007053704531187082
0.094,0.09331097918373953
0.09408333333333334,-0.00783374720823607
0.09416666666666666,0.2374292879887665
0.09425,0.11135252866057442
0.09433333333333334,-0.010700837172630963
0.09441666666666666,-0.02677380941184808
0.0945,0.17210067016250002
0.09458333333333334,0.6090442802120496
0.09466666666666666,0.5863309422258742
0.09475,0.761302129085922
0.09483333333333334,0.770083090349785
0.09491666666666666,0.1890691801509237
0.095,0.2980269346620667
0.09508333333333334,0.6461842328817402
0.09516666666666666,0.4427151650360054
0.09525,0.3499731379529158
0.09533333333333334,0.46703061091309095
0.09541666666666666,0.4386232335516098
0.0955,0.5665751488423044
0.09558333333333334,0.6445154966192336
0.09566666666666666,0.18873717463532935
0.09575,-0.00792905625651794
0.09583333333333334,0.09840856009629143
0.09591666666666666,0.03465984833022444
0.096,0.2660198078077283
0.09608333333333334,0.0687875431877355
0.09616666666666666,-0.4620385336557002
0.09625,-0.10666948316608597
0.09633333333333334,-0.08452309440625468
0.09641666666666666,-0.6631833988587108
0.0965,-0.6504448046607884
0.09658333333333333,-0.5798279706536104
0.09666666666666666,-0.379787904539781
0.09675,0.046783658844156056
0.09683333333333333,0.08428838935891497
0.09691666666666666,-0.045705691312663145
0.097,-0.20609670199115465
0.09708333333333333,-0.198280277715334
0.09716666666666667,-0.11792779672693228
0.09725,-0.21374905289209808
0.09733333333333333,-0.22067142802169473
0.09741666666666667,-0.08619444350040707
0.0975,0.18499051830916202
0.09758333333333333,0.295422362631229
0.09766666666666667,0.18067799388504152
0.09775,0.08091877172223348
0.09783333333333333,-0.10585997789906564
0.09791666666666667,0.013909719540503115
0.098,0.3724059210417661
0.09808333333333333,0.39987030416087727
0.09816666666666667,0.3387678904473151
0.09825,0.20077892556893806
0.09833333333333333,0.10171941825135283
0.09841666666666667,0.24659991653501873
0.0985,0.1965823500824749
0.09858333333333333,0.2559368904017126
0.09866666666666667,0.5432149482201579
0.09875,0.6980441394572489
0.09883333333333333,0.7037698509611706
0.09891666666666667,0.3279039884367523
0.099,0.023835286615074017
0.09908333333333333,-0.13622412252349747
0.09916666666666667,-0.3369845960852819
0.09925,0.02181340252418253
0.09933333333333333,0.416049533962806
0.09941666666666667,0.44319364056884486
0.0995,0.5459387977070217
0.09958333333333333,0.34752605076143306
0.09966666666666667,-0.2150331584222899
0.09975,-0.3005602246326864
0.09983333333333333,-0.1845427874349359
0.09991666666666667,-0.325521347797086
0.1,-0.035269631526828236
0.10008333333333333,0.22208798074830827
0.10016666666666667,0.18319052065967278
0.10025,0.21467013922398448
0.10033333333333333,-0.20525599209018425
0.10041666666666667,-0.5379019724538298
0.1005,-0.4634072048758439
0.10058333333333333,-0.3329785087759564
0.10066666666666667,0.03892614675186719
0.10075,0.3195468715019822
0.10083333333333333,0.3145958361518764
0.10091666666666667,0.10906978341059591
0.101,-0.30095956439743116
0.10108333333333333,-0.6655287662207829
0.10116666666666667,-0.7695538706844094
0.10125,-0.7065977783229763
0.10133333333333333,-0.566185507250957
0.10141666666666667,-0.17987170005825892
0.1015,0.000555811080425139
0.10158333333333333,-0.13818302228128027
0.10166666666666667,-0.02818783660453347
0.10175,-0.24544292269762358
0.10183333333333333,-0.3168443201072784
0.10191666666666667,0.19999971908277936
0.102,-0.05404012341888119
0.10208333333333333,-0.16797620292710128
0.10216666666666667,-0.01740983211530791
0.10225,-0.3584322984135284
0.10233333333333333,-0.02664998228645257
0.10241666666666667,-0.0835855260690258
0.1025,-0.33994790189377333
0.10258333333333333,-0.04626409669298515
0.10266666666666667,-0.4696563659758609
0.10275,-0.4676895899112027
0.10283333333333333,-0.344481203981169
0.10291666666666667,-0.7847251677990503
0.103,-0.47903466458546573
0.10308333333333333,-0.30636812393226975
0.10316666666666667,-0.343272153938233
0.10325,0.058157860499852505
0.10333333333333333,0.092625019086295
0.10341666666666667,0.07145933706119452
0.1035,0.22550981371326487
0.10358333333333333,0.18870117242831702
0.10366666666666667,0.4024749023748475
0.10375,0.6240264484007094
0.10383333333333333,0.5167585945991894
0.10391666666666667,0.5021345455238816
0.104,0.4352458580698644
0.10408333333333333,0.4441271800167166
0.10416666666666667,0.5559340879002488
0.10425,0.5195658679411405
0.10433333333333333,0.5084128226307782
0.10441666666666667,0.5210416591009392
0.1045,0.8067380526236537
0.10458333333333333,0.6869769084410311
0.10466666666666667,0.07317923920701572
0.10475,-0.03589573708815994
0.10483333333333333,0.06212774372498436
0.10491666666666667,0.19803995978771155
0.105,0.20933010486163586
0.10508333333333333,0.40644971460024704
0.10516666666666667,0.6890082448958242
0.10525,0.4154209542079278
0.10533333333333333,0.24458164637657645
0.10541666666666667,-0.11051731787915538
0.1055,-0.6173272215179522
0.10558333333333333,-0.7021878238962791
0.10566666666666667,-0.7168139662769528
0.10575,-1.2075125122508237
0.10583333333333333,-1.769594338490349
0.10591666666666667,-1.3384735869475008
0.106,-1.1744048711692585
0.10608333333333334,-1.7204036056689282
0.10616666666666667,-1.908468045660473
0.10625,-2.1239178712107667
0.10633333333333334,-2.14276347966849
0.10641666666666667,-1.7050345660724477
0.1065,-1.3643069393785958
0.10658333333333334,-1.0850126530610693
0.10666666666666667,-0.6963927263193278
0.10675,-0.390531043398259
0.10683333333333334,0.10211435572082143
0.10691666666666666,0.27416174311843605
0.107,-0.06668362690493598
0.10708333333333334,0.40771874170061667
0.10716666666666666,1.1164976469315184
0.10725,1.328297511256756
0.10733333333333334,1.129488493347315
0.10741666666666666,0.9267035871460477
0.1075,1.3487426684293806
0.10758333333333334,1.2592386695478321
0.10766666666666666,1.1787998464938778
0.10775,1.2394041577563089
0.10783333333333334,0.44043806031998783
0.10791666666666666,0.09779089744223403
0.108,0.13906836534076245
0.10808333333333334,0.1489102509245454
0.10816666666666666,0.15994258169222636
0.10825,0.1126632193409789
0.10833333333333334,0.5780366611303047
0.10841666666666666,0.8063289719226631
0.1085,0.7548452996477384
0.10858333333333334,0.786689672448161
0.10866666666666666,0.5966450474061714
0.10875,0.4091439923425964
0.10883333333333334,0.4352070351012187
0.10891666666666666,0.7082262482446682
0.109,0.7318516652819427
0.10908333333333334,0.6751794328413422
0.10916666666666666,0.7819901688275337
0.10925,0.6338231906134739
0.10933333333333334,0.6688068550322842
0.10941666666666666,0.6261918392743908
0.1095,0.3766414557372853
0.10958333333333334,0.8342849622530513
0.10966666666666666,1.005575548288491
0.10975,0.4203839535829938
0.10983333333333334,0.39258459458401584
0.10991666666666666,0.3058422803263301
0.11,-0.007056372024770312
0.11008333333333334,0.2730806781324805
0.11016666666666666,0.273841224881575
0.11025,0.12390707529186999
0.11033333333333334,0.3641872779058383
0.11041666666666666,0.5511933368187423
0.1105,0.6937407799511375
0.11058333333333334,0.24129307656552174
0.11066666666666666,-0.4715727452474376
0.11075,-0.4360361618448706
0.11083333333333334,-0.24541538012688163
0.11091666666666666,-0.03326463134878931
0.111,-0.06829039720194012
0.11108333333333334,-0.5437966481130185
0.11116666666666666,-0.5749705565904603
0.11125,-0.6228751502067839
0.11133333333333334,-0.8988404111453988
0.11141666666666666,-1.0255088974112676
0.1115,-1.2272089483917463
0.11158333333333334,-1.2466491154462915
0.11166666666666666,-0.7147548971774513
0.11175,0.03554886503117618
0.11183333333333334,-0.12434887931369111
0.11191666666666666,-0.800587744215159
0.112,-0.976988695379833
0.11208333333333333,-1.1690311130187014
0.11216666666666666,-0.9560417302096544
0.11225,-0.34542817442407514
0.11233333333333333,-0.36752671974600354
0.11241666666666666,-0.5251418365789141
0.1125,-0.5173396893840584
0.11258333333333333,-0.30494051516264414
0.11266666666666666,0.012568695593962592
0.11275,-0.1505435882326258
0.11283333333333333,-0.044384102531158605
0.11291666666666667,0.5145142420284522
0.113,0.9449435174024627
0.11308333333333333,1.1747557164043654
0.11316666666666667,0.9289871952766932
0.11325,0.7345866272296001
0.11333333333333333,0.6598639889370181
0.11341666666666667,0.21747210155019903
0.1135,0.052854834554859016
0.11358333333333333,-0.10161398496924764
0.11366666666666667,-0.38409238546596564
0.11375,0.1450096835573697
0.11383333333333333,0.5558944902966947
0.11391666666666667,0.6231610319780887
0.114,0.9615712721817374
0.11408333333333333,0.9054902137490793
0.11416666666666667,0.864709040332078
0.11425,0.6508666020668725
0.11433333333333333,0.2247451920485888
0.11441666666666667,0.23993158234441458
0.1145,0.22279926414449136
0.11458333333333333,0.4827717176317222
0.11466666666666667,0.5556984158814616
0.11475,0.033767330313113714
0.11483333333333333,-0.2709755147414666
0.11491666666666667,-0.4965158750589695
0.115,-0.4562338196098157
0.11508333333333333,-0.16728605847553019
0.11516666666666667,-0.2351953454750686
0.11525,-0.34121006677190835
0.11533333333333333,-0.2590801054956391
0.11541666666666667,-0.2647735237092558
0.1155,-0.3228154021530107
0.11558333333333333,-0.29377615274210245
0.11566666666666667,-0.3163824696853855
0.11575,-0.35204130173517995
0.11583333333333333,-0.10538270202557527
0.11591666666666667,-0.07051558160446397
0.116,-0.66177437961771
0.11608333333333333,-0.998227692888883
0.11616666666666667,-1.0059070768275395
0.11625,-1.2546120533207834
0.11633333333333333,-1.0204005038999362
0.11641666666666667,-0.480819242533087
0.1165,-0.39550999283802685
0.11658333333333333,-0.0852877426084689
0.11666666666666667,-0.023499882045531766
0.11675,-0.49526995245723365
0.11683333333333333,-0.38984639333778487
0.11691666666666667,-0.2808989473056143
0.117,-0.08316416365988971
0.11708333333333333,0.6258137760131961
0.11716666666666667,0.6506442267406781
0.11725,0.5453902604138596
0.11733333333333333,0.589690127170249
0.11741666666666667,-0.061656392171876996
0.1175,-0.14419104131689478
0.11758333333333333,0.32710867850418734
0.11766666666666667,0.3471787787703955
0.11775,0.5339545224642734
0.11783333333333333,0.34357636487917914
0.11791666666666667,-0.06043608577682603
0.118,0.16015020724693937
0.11808333333333333,0.27217004364925
0.11816666666666667,0.2797098630975418
0.11825,0.3488629995259338
0.11833333333333333,0.37374621603143987
0.11841666666666667,0.32558538045006363
0.1185,0.2944665862683552
0.11858333333333333,0.38185423407690794
0.11866666666666667,-0.03695841961366406
0.11875,-0.363592866337388
0.11883333333333333,-0.09403617480868845
0.11891666666666667,0.08576665649483868
0.119,0.3104047043758009
0.11908333333333333,0.6021024801575457
0.11916666666666667,0.6644022901884459
0.11925,0.5510293206616684
0.11933333333333333,0.6835021965277316
0.11941666666666667,0.9407112499184844
0.1195,0.779364350804222
0.11958333333333333,0.65756746515439
0.11966666666666667,0.3365764285063489
0.11975,-0.48376062244716206
0.11983333333333333,-0.8634532541718466
0.11991666666666667,-0.8429183815931914
0.12,-0.5562565023152609
0.12008333333333333,0.007829228382581998
0.12016666666666667,0.012804424772087836
0.12025,-0.308851846008351
0.12033333333333333,-0.5490372270883904
0.12041666666666667,-0.7377428544201762
0.1205,-0.46097233087988165
0.12058333333333333,-0.09404748148980376
0.12066666666666667,-0.13033876753545842
0.12075,-0.4117403896244366
0.12083333333333333,-0.4450711493777993
0.12091666666666667,-0.27351756891461254
0.121,-0.23119267742473035
0.12108333333333333,-0.0829665996278026
0.12116666666666667,-0.3071876933424825
0.12125,-0.7468632658976951
0.12133333333333333,-0.7421767692635103
0.12141666666666667,-0.44844667073914973
0.1215,-0.08742115529885525
0.12158333333333333,-0.15278553871591477
0.12166666666666667,-0.24074096585332233
0.12175,-0.15871449372755042
0.12183333333333334,-0.2552643711606087
0.12191666666666667,-0.1440991817213821
0.122,-0.10805790027267816
0.12208333333333334,-0.3110848521546652
0.12216666666666667,-0.3627483812371565
0.12225,-0.26872616717466463
0.12233333333333334,-0.3364060708973245
0.12241666666666666,-0.5509133230490411
0.1225,-0.6654690974541317
0.12258333333333334,-0.7952001008460098
0.12266666666666666,-0.5722269355021898
0.12275,-0.025785704985390807
0.12283333333333334,0.2836063048424254
0.12291666666666666,0.5959717119219758
0.123,0.890147089259406
0.12308333333333334,0.8968591637286095
0.12316666666666666,0.8096851890223996
0.12325,0.7045898366485948
0.12333333333333334,0.506448840709486
0.12341666666666666,0.6579133195264348
0.1235,1.1099014358626915
0.12358333333333334,1.1382990978189973
0.12366666666666666,0.8103877367837833
0.12375,0.35382867469642776
0.12383333333333334,0.13766297513736658
0.12391666666666666,-0.05064742000285314
0.124,-0.40546770595274095
0.12408333333333334,-0.276553361770625
0.12416666666666666,-0.2916927242793305
0.12425,-0.2244209214413005
0.12433333333333334,0.19486396485659022
0.12441666666666666,0.08158399034717365
0.1245,0.021856421752402353
0.12458333333333334,0.1548416443033206
0.12466666666666666,0.3249376310598683
0.12475,0.5078685732363947
0.12483333333333334,0.40482996729049714
0.12491666666666666,0.279292024072767
0.125,-0.023184240126136593
0.12508333333333332,-0.24817687538584593
0.12516666666666668,-0.15808132448639498
0.12525,-0.30203362954489893
0.12533333333333332,-0.39543218301182687
0.12541666666666668,-0.1970493849447944
0.1255,-0.14865827231387432
0.12558333333333332,0.07365627462445282
0.12566666666666668,0.2515882483267981
0.12575,0.1269040904008275
0.12583333333333332,0.20517356479161397
0.12591666666666668,0.0960574732828781
0.126,0.1095076068445583
0.12608333333333333,0.21179112890361185
0.12616666666666668,0.030191034647237287
0.12625,-0.18519370590445247
0.12633333333333333,-0.5102987221084013
0.12641666666666668,-0.24132493201816463
0.1265,-0.2581260413605975
0.12658333333333333,-0.6485122664914965
0.12666666666666668,-0.3879593420738696
0.12675,-0.4064156129057837
0.12683333333333333,-0.0879597944451868
0.12691666666666668,0.39843519153680856
0.127,0.2811668555155395
0.12708333333333333,0.10745479050098165
0.12716666666666668,-0.1899645796797098
0.12725,-0.0245369278669724
0.12733333333333333,0.2367230670011091
0.12741666666666668,-0.000633906437047044
0.1275,-0.04788307681803131
0.12758333333333333,-0.10376200625580914
0.12766666666666668,-0.43240755995438845
0.12775,-0.3757124145662807
0.12783333333333333,-0.32610947232230864
0.12791666666666668,-0.7045853963686911
0.128,-0.24787236528444895
0.12808333333333333,0.5643022622772499
0.12816666666666668,0.6906233111028107
0.12825,0.6357841659922683
0.12833333333333333,0.35319220215463215
0.12841666666666668,0.09653319222657493
0.1285,0.06998451619034268
0.12858333333333333,0.12252364162111579
0.12866666666666668,0.43446446657739063
0.12875,0.511946035593524
0.12883333333333333,0.19732414961267852
0.12891666666666668,0.1687233818277894
0.129,0.14756323044331957
0.12908333333333333,-0.02446819373259178
0.12916666666666668,0.08941630855345162
0.12925,0.1264107415526916
0.12933333333333333,0.43420687119139234
0.12941666666666668,0.8981443068923222
0.1295,0.8171040130378269
0.12958333333333333,0.6254868016201306
0.12966666666666668,0.13679744534759417
0.12975,-0.2619632783625601
0.12983333333333333,-0.15917033447977869
0.12991666666666668,-0.13883446809207065
0.13,0.024235659429156942
0.13008333333333333,0.17284155833010117
0.13016666666666668,0.3446121462405212
0.13025,0.27272796768630353
0.13033333333333333,-0.42570814974135934
0.13041666666666665,-0.3259682151159616
0.1305,0.029353215771735646
0.13058333333333333,-0.08619181428165906
0.13066666666666665,0.25206191648002074
0.13075,0.14314994423437805
0.13083333333333333,-0.08339857985449238
0.13091666666666665,0.24147175296442272
0.131,0.11023382122648356
0.13108333333333333,-0.24445595134087733
0.13116666666666665,-0.43420871529612154
0.13125,-0.3862583507677623
0.13133333333333333,-0.2477380603395154
0.13141666666666665,-0.24754182951836629
0.1315,-0.11153634755153051
0.13158333333333333,-0.3091550212240057
0.13166666666666665,-0.7853889063810058
0.13175,-0.8220706473912922
0.13183333333333333,-0.7231513826847084
0.13191666666666665,-0.5881387044765778
0.132,-0.16920659241270747
0.13208333333333333,0.05001181644950843
0.13216666666666665,-0.08309977582354479
0.13225,0.06359372845824968
0.13233333333333333,0.2436254885776321
0.13241666666666665,-0.027551150993906103
0.1325,0.059746705264640605
0.13258333333333333,0.5377031175990125
0.13266666666666665,0.6111422267831895
0.13275,0.5985882396036796
0.13283333333333333,0.6006322111498573
0.13291666666666666,0.27397416046430784
0.133,0.11684036001023382
0.13308333333333333,0.22504655538609425
0.13316666666666666,0.18925231336857448
0.13325,0.29937521568314895
0.13333333333333333,0.2939927000013163
0.13341666666666666,0.2593156647286708
0.1335,0.5950783782086969
0.13358333333333333,0.24223290015229307
0.13366666666666666,-0.1655794279169857
0.13375,-0.04416026083813245
0.13383333333333333,-0.593692810038657
0.13391666666666666,-0.740652487596093
0.134,-0.31828086442784653
0.13408333333333333,-0.7358831192013985
0.13416666666666666,-1.0479935900177821
0.13425,-0.878330686774881
0.13433333333333333,-0.9986924682893655
0.13441666666666666,-0.9041106023431429
0.1345,-0.8007698369385485
0.13458333333333333,-1.0147280445221871
0.13466666666666666,-0.7927517769242436
0.13475,-0.5373062047534191
0.13483333333333333,-0.4244313456248226
0.13491666666666666,-0.29350851374387305
0.135,-0.3529908031339309
0.13508333333333333,-0.2744441413461797
0.13516666666666666,-0.32666741979910346
0.13525,-0.40560644301035637
0.13533333333333333,-0.16518727832942118
0.13541666666666666,0.2467302501092135
0.1355,0.272370781246295
0.13558333333333333,-0.1959573163122932
0.13566666666666666,-0.256655732424037
0.13575,-0.32287017754382447
0.13583333333333333,-0.11249315819994453
0.13591666666666666,0.3284516706908219
0.136,-0.17198990031169023
0.13608333333333333,-0.10798913373775916
0.13616666666666666,0.2465872966693853
0.13625,0.01594393729873057
0.13633333333333333,0.19685893656628065
0.13641666666666666,-0.043528160862274214
0.1365,0.07066778057395269
0.13658333333333333,0.7615090673455422
0.13666666666666666,0.5915556613589618
0.13675,0.5665146932082176
0.13683333333333333,0.45782916349839614
0.13691666666666666,0.1585755668089573
0.137,0.4741499436035666
0.13708333333333333,0.40677519648690325
0.13716666666666666,0.3097591650302691
0.13725,0.6927694855484384
0.13733333333333334,0.8061447379913582
0.13741666666666666,0.6236572858030796
0.1375,0.14669117096429451
0.13758333333333334,-0.38271514989832556
0.13766666666666666,-0.36866886227520035
0.13775,0.10633446711218379
0.13783333333333334,0.41165679014810086
0.13791666666666666,0.46829944190925765
0.138,0.4109906202911127
0.13808333333333334,0.16369030662921802
0.13816666666666666,6.328259939740222e-06
0.13825,-0.20796396222630273
0.13833333333333334,-0.2644028908707174
0.13841666666666666,-0.04447210283459519
0.1385,0.18341790059432625
0.13858333333333334,0.48798476496994736
0.13866666666666666,0.5914264580061023
0.13875,0.49916791944845623
0.13883333333333334,0.03474592755249208
0.13891666666666666,-0.1744442882261204
0.139,0.005008802033580719
0.13908333333333334,-0.05420461994049076
0.13916666666666666,0.4022313211860848
0.13925,0.25135458466205934
0.13933333333333334,-0.3463727321779465
0.13941666666666666,-0.1943856106116318
0.1395,-0.46996796194613283
0.13958333333333334,-0.6190591990790638
0.13966666666666666,-0.3429565428238292
0.13975,-0.12057502638914412
0.13983333333333334,0.19032033334111337
0.13991666666666666,0.1538848156942456
0.14,0.0106508166931605
0.14008333333333334,-0.023751714241309792
0.14016666666666666,0.02132273515130786
0.14025,0.2625080791433482
0.14033333333333334,0.16493934809471064
0.14041666666666666,-0.26486477171526407
0.1405,-0.10668926695536958
0.14058333333333334,0.31755003077204974
0.14066666666666666,0.4320870815968053
0.14075,0.33474625811082726
0.14083333333333334,0.030976450993469195
0.14091666666666666,0.08045530408064878
0.141,0.36480312429263423
0.14108333333333334,0.6882018717653813
0.14116666666666666,0.8409039470475217
0.14125,0.5219686458194528
0.14133333333333334,0.5822234377727517
0.14141666666666666,0.5772511710939321
0.1415,0.49409520945999763
0.14158333333333334,0.8238848432016925
0.14166666666666666,0.40030032153454037
0.14175,0.06891827071650602
0.14183333333333334,0.3982604394499078
0.14191666666666666,0.3398386132990275
0.142,0.5679760988506821
0.14208333333333334,0.8938735646164971
0.14216666666666666,0.5355467972663649
0.14225,0.05447745857906404
0.14233333333333334,-0.15344326293120666
0.14241666666666666,-0.08651723668292348
0.1425,0.11700551053308901
0.14258333333333334,0.5615769812726452
0.14266666666666666,0.7974164194574317
0.14275,0.21391578914123943
0.14283333333333334,-0.42965724144320055
0.14291666666666666,-0.6416635581751786
0.143,-0.7900374010228042
0.14308333333333334,-0.7675487023069376
0.14316666666666666,-0.5410767239131422
0.14325,-0.5278169028422957
0.14333333333333334,-0.37323168324950284
0.14341666666666666,-0.20907407030818975
0.1435,-0.6056650069510442
0.14358333333333334,-0.7723800342156659
0.14366666666666666,-0.9698588809929405
0.14375,-1.3522914439107465
0.14383333333333334,-0.9978948816418105
0.14391666666666666,-0.5797644183397397
0.144,-0.15891577136615725
0.14408333333333334,0.15253735563257287
0.14416666666666667,-0.29907643146592516
0.14425,-0.4550773477965329
0.14433333333333334,-0.2983408447034671
0.14441666666666667,-0.16296650810367178
0.1445,0.19544005402638592
0.14458333333333334,-0.012844708233601291
0.14466666666666667,-0.19740495889230353
0.14475,0.1885381499029378
0.14483333333333334,0.08738405911767942
0.14491666666666667,-0.025137751861638653
0.145,0.22536044693091192
0.14508333333333334,-0.051716698203153076
0.14516666666666667,-0.22083604484940267
0.14525,0.058346705129652544
0.14533333333333334,-0.05078604145187247
0.14541666666666667,-0.07042034381230369
0.1455,0.3731008737538811
0.14558333333333334,0.5731820240619553
0.14566666666666667,0.5097178406191964
0.14575,0.48207870013596754
0.14583333333333334,0.1843227832452762
0.14591666666666667,0.1396935429977451
0.146,0.7048237989060095
0.14608333333333334,0.7692181609764579
0.14616666666666667,0.5232652911387909
0.14625,0.5347645278037944
0.14633333333333334,0.5485214810346758
0.14641666666666667,0.5707549244017692
0.1465,0.3945737024279128
0.14658333333333334,0.460444036362578
0.14666666666666667,0.3214788939370218
0.14675,-0.3886879245173845
0.14683333333333334,-0.26149838346314824
0.14691666666666667,-0.15784347332445978
0.147,-0.6538639134015224
0.14708333333333334,-0.659374407783224
0.14716666666666667,-0.7865571767832229
0.14725,-0.9151215730847575
0.14733333333333334,-0.672257178288128
0.14741666666666667,-0.29254431766963657
0.1475,-0.20511103352814972
0.14758333333333334,-0.6079807466574796
0.14766666666666667,-0.34346074574486424
0.14775,-0.06263903343689702
0.14783333333333334,-0.10786824908146812
0.14791666666666667,0.1669481802983944
0.148,-0.016051560126062858
0.14808333333333334,-0.27940025259720985
0.14816666666666667,-0.29439014928644563
0.14825,-0.22867506889730194
0.14833333333333334,-0.144059529192505
0.14841666666666667,-0.06122611323073129
0.1485,0.15694151085168268
0.14858333333333335,0.07221857698349181
0.14866666666666667,-0.14773995360817427
0.14875,-0.36321916672829035
0.14883333333333335,-0.4578094617527137
0.14891666666666667,-0.3008977517669776
0.149,-0.17745471085338238
0.14908333333333335,-0.16954312598597487
0.14916666666666667,-0.4834862803218231
0.14925,-0.5661607857363641
0.14933333333333335,-0.2799816626666007
0.14941666666666667,-0.16150975632511672
0.1495,0.03273052157210513
0.14958333333333335,-0.04181347974580506
0.14966666666666667,-0.089977543655224
0.14975,0.5037425873135088
0.14983333333333335,0.7129806575302261
0.14991666666666667,0.5153692881680426
0.15,0.2997607130680879
0.15008333333333335,-0.14508160841892745
0.15016666666666667,-0.22839746764544894
0.15025,-0.037095690363045976
0.15033333333333335,0.1757398442517651
0.15041666666666667,0.33794741945658274
0.1505,0.048679811828987965
0.15058333333333335,-0.03420340854932334
0.15066666666666667,0.07845285261252623
0.15075,-0.22671689698549563
0.15083333333333335,-0.282916180076445
0.15091666666666667,-0.45369438849470406
0.151,-0.7735547772035828
0.15108333333333332,-0.4287132842088654
0.15116666666666667,-0.41947936170102923
0.15125,-0.4514353687664622
0.15133333333333332,0.0510582496024989
0.15141666666666667,0.11250817860409283
0.1515,0.018245758711251968
0.15158333333333332,0.01795971364378512
0.15166666666666667,-0.004159392826784853
0.15175,-0.02155403973311742
0.15183333333333332,0.16503851986797768
0.15191666666666667,0.611438652770063
0.152,0.504550457066648
0.15208333333333332,0.5157423469719148
0.15216666666666667,0.7687903316952389
0.15225,0.49324074449124916
0.15233333333333332,0.5797117416840303
0.15241666666666667,0.6206043172255464
0.1525,0.44090959754111897
0.15258333333333332,0.5986760963497199
0.15266666666666667,0.4886325867158425
0.15275,0.4576775526623226
0.15283333333333332,0.3677652068602589
0.15291666666666667,0.03698965121974849
0.153,0.17465694794771763
0.15308333333333332,0.3034528667343694
0.15316666666666667,0.19327260777710437
0.15325,0.17299568794864448
0.15333333333333332,0.042564697757001176
0.15341666666666667,-0.02359848216473268
0.1535,0.272896342271962
0.15358333333333332,0.6022114827383707
0.15366666666666667,0.4987966338174676
0.15375,0.10755816320784978
0.15383333333333332,-0.14988886866499987
0.15391666666666667,-0.24796242469064106
0.154,0.004484727416302983
0.15408333333333332,0.37354020007758826
0.15416666666666667,0.39999378494518206
0.15425,0.3721424625400568
0.15433333333333332,-0.03592309951668638
0.15441666666666667,-0.4888267589974951
0.1545,-0.3236731931876904
0.15458333333333332,-0.5438818879307956
0.15466666666666667,-1.0431053160028294
0.15475,-0.9235194278538648
0.15483333333333332,-0.7126757098201274
0.15491666666666667,-0.7063041288562841
0.155,-0.3700809988156443
0.15508333333333332,-0.08185748232826932
0.15516666666666667,-0.545007163230207
0.15525,-0.7988294215932338
0.15533333333333332,-0.27450072606827775
0.15541666666666668,-0.12683480380925455
0.1555,-0.20690084857245572
0.15558333333333332,0.11625398102927138
0.15566666666666668,0.04256824736293007
0.15575,-0.10004565767470695
0.15583333333333332,0.0744013954084884
0.15591666666666668,0.010190736837329729
0.156,-0.008052836214464586
0.15608333333333332,0.1605070114663041
0.15616666666666668,0.48509447971647063
0.15625,0.5214492121352626
0.15633333333333332,0.1503040438139613
0.15641666666666668,0.16707261177229066
0.1565,0.3676340601340276
0.15658333333333332,0.45270643366451746
0.15666666666666668,0.5462743091787339
0.15675,0.5886990696193253
0.15683333333333332,0.6736181385643017
0.15691666666666668,0.6911681387636043
0.157,0.4324128225003015
0.15708333333333332,0.21719438321178638
0.15716666666666668,0.23310041829867836
0.15725,0.20737639438444888
0.15733333333333333,0.47795252473777494
0.15741666666666668,0.9105117938386006
0.1575,0.7031923041337621
0.15758333333333333,0.3132563237329014
0.15766666666666668,0.02116523279236478
0.15775,-0.31957838627383023
0.15783333333333333,-0.19843391575408006
0.15791666666666668,-0.11748510779967268
0.158,-0.12984628909498883
0.15808333333333333,0.28218830917056503
0.15816666666666668,0.4433324544783388
0.15825,0.5628324947299171
0.15833333333333333,0.740447927724334
0.15841666666666668,0.4023491742011345
0.1585,0.13227452171779674
0.15858333333333333,0.14149060729971832
0.15866666666666668,0.08154776133984849
0.15875,0.07776589693655628
0.15883333333333333,-0.03102272016272883
0.15891666666666668,-0.08053092449137071
0.159,-0.0883054657485713
0.15908333333333333,-0.5164753967427288
0.15916666666666668,-0.5458468616889295
0.15925,-0.49010522242865606
0.15933333333333333,-0.7379420475243056
0.15941666666666668,-0.4132869255075041
0.1595,-0.3275421730440371
0.15958333333333333,-0.4195013728744916
0.15966666666666668,-0.3176258164755664
0.15975,-0.46818544595277506
0.15983333333333333,-0.4806655452603051
0.15991666666666668,-0.7802605979905353
0.16,-0.9970103666162798
0.16008333333333333,-0.5407899109739848
0.16016666666666668,-0.3818981519063461
0.16025,-0.4703668033232785
0.16033333333333333,-0.32181415431695404
0.16041666666666668,-0.4811237049898384
0.1605,-0.8774743185625048
0.16058333333333333,-0.7261274154199974
0.16066666666666668,-0.4887336346020707
0.16075,-0.4728565366599471
0.16083333333333333,-0.24391813065843995
0.16091666666666668,-0.3223676085780139
0.161,-0.5505216679523165
0.16108333333333333,-0.6308462078075894
0.16116666666666668,-0.7322525065540785
0.16125,-0.354433570784305
0.16133333333333333,-0.15621210745626812
0.16141666666666668,-0.21974063120859486
0.1615,0.3561828532271485
0.16158333333333333,0.3378009103528144
0.16166666666666665,-0.09858139758177394
0.16175,0.2124560981903299
0.16183333333333333,0.2772262080366285
0.16191666666666665,0.42861323877400853
0.162,0.7976036314110337
0.16208333333333333,0.7973963141816771
0.16216666666666665,0.9641644046999315
0.16225,0.8990307252697936
0.16233333333333333,0.8243103462872635
0.16241666666666665,0.9102042185068219
0.1625,0.5588008978068618
0.16258333333333333,0.39342887408606714
0.16266666666666665,0.5651302607046362
0.16275,0.566625497314899
0.16283333333333333,0.5185737614163337
0.16291666666666665,0.7438240936332235
0.163,0.7543885932895851
0.16308333333333333,0.3182023098463513
0.16316666666666665,0.04711040307156426
0.16325,-0.2654472317810546
0.16333333333333333,-0.23243622350416102
0.16341666666666665,0.03464413982773043
0.1635,-0.4814402967198695
0.16358333333333333,-0.6735987830245258
0.16366666666666665,-0.6494579911617037
0.16375,-0.771656165026223
0.16383333333333333,-0.46022303873928233
0.16391666666666665,-0.8031695745712086
0.164,-0.8434004359820447
0.16408333333333333,-0.47612429450949034
0.16416666666666666,-0.5715466543350619
0.16425,-0.28545383000838687
0.16433333333333333,-0.5498027452665185
0.16441666666666666,-0.8474346053650402
0.1645,-0.5149814535508018
0.16458333333333333,-0.4113660992140138
0.16466666666666666,-0.48775387479761384
0.16475,-0.48420268519762955
0.16483333333333333,-0.22290726006963293
0.16491666666666666,-0.48826688894325326
0.165,-0.5888989019848959
0.16508333333333333,-0.23820416277041165
0.16516666666666666,-0.45089137972485827
0.16525,-0.40596214817494825
0.16533333333333333,-0.18392028382099357
0.16541666666666666,-0.181731884471626
0.1655,-0.05048366596670607
0.16558333333333333,0.06361358862237283
0.16566666666666666,0.16223803541574894
0.16575,0.19197756632732618
0.16583333333333333,0.036437430549868956
0.16591666666666666,0.175216280742495
0.166,0.38055980369986225
0.16608333333333333,0.07720762655610837
0.16616666666666666,0.24699355301140138
0.16625,0.3846782131685374
0.16633333333333333,0.037656209049691296
0.16641666666666666,0.4814284241504127
0.1665,0.6839479332774174
0.16658333333333333,0.4855864301389769
0.16666666666666666,0.6769026922639293
0.16675,0.5070414432447229
0.16683333333333333,0.34528122078195644
0.16691666666666666,0.3477281648754072
0.167,0.25235033846510446
0.16708333333333333,0.19978950272632093
0.16716666666666666,0.347052080335365
0.16725,0.688810238951251
0.16733333333333333,0.5494977352388776
0.16741666666666666,0.5408673999410909
0.1675,0.8165035822821788
0.16758333333333333,0.5521340305219179
0.16766666666666666,0.36900183565505573
0.16775,0.3727062366289561
0.16783333333333333,0.37704395102878513
0.16791666666666666,0.6202981676977618
0.168,0.7154846562468627
0.16808333333333333,0.302106177548798
0.16816666666666666,-0.01815765316476815
0.16825,0.13185755942646948
0.16833333333333333,0.28036612308091374
0.16841666666666666,0.5645269091623519
0.1685,0.6322040173974984
0.16858333333333334,0.3710559875991889
0.16866666666666666,0.42264021683270436
0.16875,0.5153040086014954
0.16883333333333334,0.18121761203332595
0.16891666666666666,-0.3241682135327038
0.169,-0.25971187427538506
0.16908333333333334,-0.1931268024881358
0.16916666666666666,-0.09485323765971591
0.16925,0.38361991092961356
0.16933333333333334,0.13674474733613112
0.16941666666666666,-0.32576441211675256
0.1695,-0.3969143269692305
0.16958333333333334,-0.19678086582371782
0.16966666666666666,-0.1835258555332432
0.16975,-0.5702861222028189
0.16983333333333334,-0.45754976381723134
0.16991666666666666,-0.4504233543734396
0.17,-0.540958490017578
0.17008333333333334,-0.24034874526528477
0.17016666666666666,-0.3274221675997875
0.17025,-0.6285093582034451
0.17033333333333334,-0.7022022398497566
0.17041666666666666,-0.506912302160272
0.1705,-0.4400099268836848
0.17058333333333334,-0.5922221216683212
0.17066666666666666,-0.500611416035661
0.17075,-0.17427666324859875
0.17083333333333334,0.08773098498277242
0.17091666666666666,0.026635698664954185
0.171,-0.00508762065175044
0.17108333333333334,0.06160995972231656
0.17116666666666666,-0.031136458298719406
0.17125,-0.034519003416612376
0.17133333333333334,0.10960308291251357
0.17141666666666666,0.1564891992552564
0.1715,0.01472128943852907
0.17158333333333334,0.12339968772119753
0.17166666666666666,0.3390413630885382
0.17175,0.22607510890924776
0.17183333333333334,0.29606661467729223
0.17191666666666666,0.21101455103007946
0.172,-0.05668140120278272
0.17208333333333334,0.5130482687031489
0.17216666666666666,0.8721394054396052
0.17225,0.5830136772347354
0.17233333333333334,0.4369265231728927
0.17241666666666666,0.05349540766785992
0.1725,0.06349946810744814
0.17258333333333334,0.2209472706403406
0.17266666666666666,-0.14084937169855558
0.17275,-0.32191555717681614
0.17283333333333334,-0.4581885986037369
0.17291666666666666,-0.3846752326012658
0.173,-0.16119770080053897
0.17308333333333334,-0.09330580295351733
0.17316666666666666,-0.0014198295090164614
0.17325,0.031887733844087655
0.17333333333333334,0.09098262884515147
0.17341666666666666,-0.02969443802219279
0.1735,-0.21779019727166696
0.17358333333333334,-0.5285018686538548
0.17366666666666666,-0.7413462241006193
0.17375,-0.41671519991222244
0.17383333333333334,-0.3936083415587012
0.17391666666666666,-0.11654685008744417
0.174,0.23299226441942525
0.17408333333333334,-0.1684533111029457
0.17416666666666666,0.18361494730379757
0.17425,0.39751867714140426
0.17433333333333334,0.09220381023102937
0.17441666666666666,0.40930116683272916
0.1745,0.12769336311126944
0.17458333333333334,0.14928484501371037
0.17466666666666666,0.8866021330032234
0.17475,0.7498786004776898
0.17483333333333334,0.6309859726117855
0.17491666666666666,0.5124845370256651
0.175,-0.10265751243516964
0.17508333333333334,0.06930309006765913
0.17516666666666666,0.023114060408644603
0.17525,-0.4798420876866249
0.17533333333333334,-0.13224485447540218
0.17541666666666667,-0.33772173775652486
0.1755,-0.4965288564882249
0.17558333333333334,-0.26918339952851034
0.17566666666666667,-0.7654809361762315
0.17575,-0.5378445988626348
0.17583333333333334,-0.1907645364942494
0.17591666666666667,-0.05105645244505583
0.176,0.3830105552142554
0.17608333333333334,0.13803305002613747
0.17616666666666667,-0.035023026182361625
0.17625,0.16914331324915327
0.17633333333333334,0.10132031834730255
0.17641666666666667,-0.1740229379829426
0.1765,-0.09642487075838065
0.17658333333333334,0.1017940333314163
0.17666666666666667,0.0658563194336055
0.17675,0.37543169599422527
0.17683333333333334,0.35011131767131054
0.17691666666666667,0.0364547236488795
0.177,-0.19541007127376422
0.17708333333333334,-0.5913529588537946
0.17716666666666667,-0.498678809779359
0.17725,-0.3206482505869629
0.17733333333333334,-0.1452771031133928
0.17741666666666667,0.07726652545161292
0.1775,-0.17989310915315013
0.17758333333333334,-0.3612747651940989
0.17766666666666667,-0.24676370572624803
0.17775,-0.305686578787343
0.17783333333333334,-0.3877643844962125
0.17791666666666667,-0.03662867135221789
0.178,0.031102048076568408
0.17808333333333334,-0.04932287488891051
0.17816666666666667,0.40120110361799716
0.17825,0.3685888923412236
0.17833333333333334,0.24068319915667552
0.17841666666666667,0.5009807416119662
0.1785,0.43312726235350457
0.17858333333333334,0.3742387732381548
0.17866666666666667,0.18614434702313018
0.17875,-0.22579493563431724
0.17883333333333334,-0.48914467190185856
0.17891666666666667,-0.7471365257394524
0.179,-0.6351995187635767
0.17908333333333334,-0.3104139584921601
0.17916666666666667,-0.3631596428077894
0.17925,-0.3632584481068926
0.17933333333333334,-0.20800265631696857
0.17941666666666667,-0.17537228251779405
0.1795,-0.10567995381027165
0.17958333333333334,-0.11375803454546983
0.17966666666666667,-0.17954716598469242
0.17975,-0.2687596443798022
0.17983333333333335,-0.2446980537218675
0.17991666666666667,0.23422645537277317
0.18,0.19573620749994836
0.18008333333333335,-0.11035617974770683
0.18016666666666667,0.38344463574579096
0.18025,0.2532469533933022
0.18033333333333335,-0.11726234693884652
0.18041666666666667,0.3612524309376995
0.1805,0.12407860837193478
0.18058333333333335,-0.09855402518255395
0.18066666666666667,0.5010784951726246
0.18075,0.5190587918064115
0.18083333333333335,0.5382141634543927
0.18091666666666667,0.47625439128695196
0.181,0.04826556370725387
0.18108333333333335,0.14249105215490718
0.18116666666666667,-0.17463426449374525
0.18125,-0.33410177060318597
0.18133333333333335,0.0813200485287217
0.18141666666666667,-0.16593341891021013
0.1815,-0.03362207665600069
0.18158333333333335,0.17188353696856623
0.18166666666666667,-0.19339745006543593
0.18175,-0.10899082935042974
0.18183333333333335,-0.32577293522636586
0.18191666666666667,-0.39343826647827557
0.182,0.13953925346348953
0.18208333333333335,0.22765292872813583
0.18216666666666667,0.6587606480288588
0.18225,0.664835475410764
0.18233333333333332,-0.1104373575122979
0.18241666666666667,-0.09039877056051882
0.1825,-0.1343903733191356
0.18258333333333332,-0.16719538530374092
0.18266666666666667,0.2066716697452081
0.18275,0.21019602612834906
0.18283333333333332,0.2388878916143261
0.18291666666666667,0.040981166959115904
0.183,-0.12844028008423997
0.18308333333333332,-0.060523912275610985
0.18316666666666667,-0.24904779691698764
0.18325,-0.05172617308961191
0.18333333333333332,-0.08186330653237665
0.18341666666666667,-0.25869971436001316
0.1835,0.20078011361164771
0.18358333333333332,0.11172945995922605
0.18366666666666667,0.07555831225634713
0.18375,0.20424448777684212
0.18383333333333332,-0.2921362869398596
0.18391666666666667,0.0031902088173873006
0.184,0.34858258324840524
0.18408333333333332,0.15130881111400923
0.18416666666666667,0.24315245913406994
0.18425,-0.2181250126602351
0.18433333333333332,-0.4438103688861715
0.18441666666666667,-0.06420721771669814
0.1845,-0.05857759166521855
0.18458333333333332,0.14596282989568504
0.18466666666666667,0.12087268823541449
0.18475,-0.23632504175771393
0.18483333333333332,-0.1334494265576652
0.18491666666666667,-0.2405837095933288
0.185,-0.2935558384427254
0.18508333333333332,-0.09935021107741353
0.18516666666666667,-0.23800761056282996
0.18525,-0.03774178136262704
0.18533333333333332,0.13353320698848026
0.18541666666666667,-0.13508062202427198
0.1855,-0.1291625108727347
0.18558333333333332,-0.12505650030372437
0.18566666666666667,-0.00809279159795383
0.18575,0.4766290773624827
0.18583333333333332,0.7400553987310656
0.18591666666666667,0.7992490938996278
0.186,0.7153663122931708
0.18608333333333332,0.5738905916692502
0.18616666666666667,0.793142351553415
0.18625,0.8231370348112009
0.18633333333333332,0.3153703402911611
0.18641666666666667,0.16094702466044525
0.1865,0.4337374440941022
0.18658333333333332,0.41943873224861206
0.18666666666666668,0.6729125417644314
0.18675,0.9547588295491801
0.18683333333333332,0.2955345393846927
0.18691666666666668,0.1459098239803299
0.187,0.3514485076337818
0.18708333333333332,-0.18963257958230098
0.18716666666666668,-0.22392085333324135
0.18725,-0.16670763790875495
0.18733333333333332,-0.2814962140912368
0.18741666666666668,0.009971870512497556
0.1875,-0.09906251431524267
0.18758333333333332,-0.39506082491675293
0.18766666666666668,-0.5127650411316307
0.18775,-0.8241353212188768
0.18783333333333332,-0.839718246895676
0.18791666666666668,-0.42428478866719416
0.188,-0.6019564754194128
0.18808333333333332,-0.735927534260508
0.18816666666666668,-0.19293249186347258
0.18825,-0.068825678462646
0.18833333333333332,0.04137157993515634
0.18841666666666668,0.1283158049251951
0.1885,-0.37731705307353836
0.18858333333333333,-0.5514818849207321
0.18866666666666668,-0.38231336657190457
0.18875,-0.428641806144642
0.18883333333333333,-0.35439916637390895
0.18891666666666668,-0.25638452590853017
0.189,-0.41530139023274454
0.18908333333333333,-0.22687355124416428
0.18916666666666668,-0.20659679296417532
0.18925,-0.7365711975251026
0.18933333333333333,-0.6521989573794921
0.18941666666666668,-0.3167493109774465
0.1895,-0.35866706991571035
0.18958333333333333,-0.1863363680509959
0.18966666666666668,0.11864212209732189
0.18975,0.08514933260232653
0.18983333333333333,-0.01275795358177139
0.18991666666666668,0.12747425899877823
0.19,0.28669737141907553
0.19008333333333333,0.3175282851818954
0.19016666666666668,0.48284438361508775
0.19025,0.7578467816700313
0.19033333333333333,0.4507017299875681
0.19041666666666668,0.1749277866106898
0.1905,0.2802565113521314
0.19058333333333333,-0.004783966291189152
0.19066666666666668,0.11181964535664903
0.19075,0.42387539763654347
0.19083333333333333,0.3569096524133621
0.19091666666666668,0.38307878791368394
0.191,0.20577073362343534
0.19108333333333333,0.3749697506608207
0.19116666666666668,0.5339911743609737
0.19125,0.1788138723335113
0.19133333333333333,0.28974181571917423
0.19141666666666668,0.20215979760066063
0.1915,-0.18555445092938477
0.19158333333333333,-0.2423861697925471
0.19166666666666668,-0.2804194422308928
0.19175,0.03243017596449192
0.19183333333333333,0.41632963691792635
0.19191666666666668,0.419261982070645
0.192,0.2706767147016838
0.19208333333333333,-0.14491334285815607
0.19216666666666668,-0.4335929627541276
0.19225,-0.41209437117516023
0.19233333333333333,-0.6420407766911346
0.19241666666666668,-0.7474444082849303
0.1925,-0.41413486059933546
0.19258333333333333,-0.1318661389727781
0.19266666666666668,-0.13864797000203818
0.19275,-0.4645848087171623
0.19283333333333333,-0.9174157750035697
0.19291666666666665,-1.19866571360027
0.193,-1.2224133711452163
0.19308333333333333,-1.207565096617461
0.19316666666666665,-0.9946412165047023
0.19325,-0.8487820704714524
0.19333333333333333,-1.1151560272836076
0.19341666666666665,-0.8800536119766855
0.1935,-0.7796099488084992
0.19358333333333333,-1.0415316703895807
0.19366666666666665,-0.6012168890312178
0.19375,-0.5595541688858573
0.19383333333333333,-0.7171057776670025
0.19391666666666665,-0.43482765302323334
0.194,-0.5396153337510275
0.19408333333333333,-0.223688764258883
0.19416666666666665,0.14718824120541385
0.19425,0.048397171332173076
0.19433333333333333,0.4290017420492745
0.19441666666666665,0.4035803338183374
0.1945,0.22346672427461017
0.19458333333333333,0.46269804757552313
0.19466666666666665,0.3009777904077332
0.19475,0.35119084649726
0.19483333333333333,0.5195274200757833
0.19491666666666665,0.6189099048857443
0.195,0.7868961084241519
0.19508333333333333,0.4536775397094715
0.19516666666666665,0.34623086732334446
0.19525,0.5022143553125149
0.19533333333333333,0.4813152590683076
0.19541666666666666,0.8015459553923324
0.1955,1.02414324337101
0.19558333333333333,0.9324462906144765
0.19566666666666666,0.7750159112765836
0.19575,0.57898804958342
0.19583333333333333,0.5374233815512883
0.19591666666666666,0.35627241225211265
0.196,0.5269103226514129
0.19608333333333333,0.9873003752821623
0.19616666666666666,0.982557841302377
0.19625,1.1540675440052208
0.19633333333333333,0.8468420660543375
0.19641666666666666,0.19353179178679067
0.1965,0.41268345525820943
0.19658333333333333,0.35142504515977924
0.19666666666666666,0.2574019674745935
0.19675,0.44545926251663015
0.19683333333333333,-0.07763337240795443
0.19691666666666666,-0.13020772074952594
0.197,0.10447635696731108
0.19708333333333333,-0.018712498811439087
0.19716666666666666,0.34518895704127517
0.19725,0.1106649350914464
0.19733333333333333,-0.3100265600892076
0.19741666666666666,-0.009613772077493862
0.1975,-0.05652369154455394
0.19758333333333333,0.1315810180932458
0.19766666666666666,0.23137424389123545
0.19775,-0.414367542842114
0.19783333333333333,-0.5356235309241102
0.19791666666666666,-0.19823978088281707
0.198,-0.2117571914549517
0.19808333333333333,-0.1687687038128431
0.19816666666666666,-0.18797254988096287
0.19825,-0.6772270552556493
0.19833333333333333,-0.3990630766969105
0.19841666666666666,0.03142601810366271
0.1985,-0.20539799100326855
0.19858333333333333,-0.2427659791013794
0.19866666666666666,-0.5262030577595368
0.19875,-0.35490374331266583
0.19883333333333333,-0.18672740733460952
0.19891666666666666,-0.4492564478432803
0.199,-0.22424909383070593
0.19908333333333333,-0.4228755396876967
0.19916666666666666,-0.2831265466069752
0.19925,-0.07818589824970161
0.19933333333333333,-0.23352513301383732
0.19941666666666666,0.18597276204263183
0.1995,0.2234185599004091
0.19958333333333333,0.5090681891816919
0.19966666666666666,0.8439619068123883
0.19975,0.6384946120513534
0.19983333333333334,0.9112437275401926
0.19991666666666666,0.8150090170848888
0.2,0.37986010200732173
0.20008333333333334,0.10899670657881526
0.20016666666666666,-0.038248059076940184
0.20025,0.33355019014672055
0.20033333333333334,0.5959518361306017
0.20041666666666666,0.7585463357757755
0.2005,0.7301324299903909
0.20058333333333334,0.3530029369601564
0.20066666666666666,0.5714960393320135
0.20075,0.5874337940972179
0.20083333333333334,-0.03655984399326965
0.20091666666666666,-0.03199640223120648
0.201,0.13272130243342783
0.20108333333333334,0.024922784958781124
0.20116666666666666,0.18652858028072938
0.20125,0.1487591241767463
0.20133333333333334,-0.11945443785864986
0.20141666666666666,-0.45079470910273584
0.2015,-0.731742760020845
0.20158333333333334,-0.5713416702313397
0.20166666666666666,-0.471770350054826
0.20175,-0.2903937293466051
0.20183333333333334,0.0721481452916465
0.20191666666666666,0.10947016365008017
0.202,0.13070302260792616
0.20208333333333334,-0.05321299976516535
0.20216666666666666,-0.515121226428413
0.20225,-0.5991577475926817
0.20233333333333334,-0.5657585223987109
0.20241666666666666,-0.7381484010886896
0.2025,-0.5700100675431486
0.20258333333333334,-0.6311323370659471
0.20266666666666666,-0.9029160681993815
0.20275,-0.5750551214262153
0.20283333333333334,-0.488955427779775
0.20291666666666666,-0.06088569058672564
0.203,0.23948512491994986
0.20308333333333334,-0.338620870792859
0.20316666666666666,-0.09781247399408234
0.20325,-0.20167869734045546
0.20333333333333334,-0.2521641341571426
0.20341666666666666,0.3529657371864259
0.2035,-0.2477791114952215
0.20358333333333334,-0.1809758457912247
0.20366666666666666,0.2639227938692014
0.20375,-0.0898375373000718
0.20383333333333334,0.1612430319283878
0.20391666666666666,-0.09493725160723322
0.204,-0.5495992960307484
0.20408333333333334,-0.26803679536154795
0.20416666666666666,-0.09238322182361906
0.20425,0.32105069364008515
0.20433333333333334,0.6466166169756128
0.20441666666666666,0.2956958653231588
0.2045,-0.10765611978221624
0.20458333333333334,-0.200410649998043
0.20466666666666666,-0.18791104883802232
0.20475,-0.007786169254648023
0.20483333333333334,0.25715199408740297
0.20491666666666666,-0.049517149472876415
0.205,-0.1341525684570952
0.20508333333333334,0.12414375684016256
0.20516666666666666,-0.43860632106462205
0.20525,-0.4757515739930254
0.20533333333333334,0.06164306781404897
0.20541666666666666,-0.05192198181816679
0.2055,0.1115115999558476
0.20558333333333334,0.057430412346010894
0.20566666666666666,-0.5214109823679248
0.20575,-0.5043588681694167
0.20583333333333334,-0.1336962235312341
0.20591666666666666,0.31068864967128973
0.206,0.6001191108155585
0.20608333333333334,0.3677350088073691
0.20616666666666666,0.23279452897507175
0.20625,0.3898153362758338
0.20633333333333334,0.26043082877240514
0.20641666666666666,0.3971062934716966
0.2065,0.60608660361465
0.20658333333333334,0.07460806082334968
0.20666666666666667,0.0756013874028358
0.20675,0.35607926482776636
0.20683333333333334,0.06609913354136904
0.20691666666666667,0.08969719981106039
0.207,0.17847731000727388
0.20708333333333334,0.21768773910776265
0.20716666666666667,0.20396160195561103
0.20725,-0.0100426512297382
0.20733333333333334,-0.1255906071313131
0.20741666666666667,-0.3808882726228041
0.2075,-0.403761699476952
0.20758333333333334,-0.20336813211883564
0.20766666666666667,-0.23315320838041673
0.20775,-0.3027141180696576
0.20783333333333334,-0.4173639185829517
0.20791666666666667,-0.4261458839892438
0.208,-0.30555481394366113
0.20808333333333334,-0.19523414527011532
0.20816666666666667,-0.111749583250918
0.20825,-0.0671302639198318
0.20833333333333334,0.030744099796291457
0.20841666666666667,0.19131371909657652
0.2085,0.16985607705842665
0.20858333333333334,-0.08958967747382172
0.20866666666666667,-0.09093732932987161
0.20875,0.04829270988759939
0.20883333333333334,0.30239527240577685
0.20891666666666667,0.659093013277494
0.209,0.5999613338622076
0.20908333333333334,0.292675699658291
0.20916666666666667,-0.17693520868253632
0.20925,-0.5719664009815842
0.20933333333333334,-0.8828153326700028
0.20941666666666667,-0.8114259188094594
0.2095,-0.23269401893338099
0.20958333333333334,-0.20784157978677437
0.20966666666666667,-0.13667737091530707
0.20975,-0.0559650447929676
0.20983333333333334,-0.6149353362856974
0.20991666666666667,-0.6686073117623956
0.21,-0.32554802871525307
0.21008333333333334,-0.046929079316124084
0.21016666666666667,0.365104301826888
0.21025,0.36701197784808437
0.21033333333333334,0.06011308172033362
0.21041666666666667,0.06499599011285953
0.2105,0.1013284686987227
0.21058333333333334,0.041787520976305774
0.21066666666666667,0.006659678185673067
0.21075,0.0328469975144363
0.21083333333333334,0.31300684223421354
0.21091666666666667,0.7830457397523248
0.211,1.1112303841255837
0.21108333333333335,0.767295616673397
0.21116666666666667,0.4020914057349364
0.21125,0.3115403303494735
0.21133333333333335,0.20476404645303672
0.21141666666666667,0.4681344401291781
0.2115,0.17415176100799507
0.21158333333333335,-0.1571621731617144
0.21166666666666667,0.036403125077493145
0.21175,-0.24697862930973577
0.21183333333333335,-0.3140846741366787
0.21191666666666667,-0.22259616226711887
0.212,-0.19378920993978524
0.21208333333333335,0.15064124050526112
0.21216666666666667,0.5708284044048326
0.21225,0.8180183488603269
0.21233333333333335,0.5183160398425513
0.21241666666666667,0.15705341277846221
0.2125,0.13519808461589883
0.21258333333333335,0.23349724032773828
0.21266666666666667,0.288380770140098
0.21275,0.2489740307263809
0.21283333333333335,0.02367752762490872
0.21291666666666667,-0.3401896216628287
0.213,-0.28469043799996646
0.21308333333333335,-0.01217290971611142
0.21316666666666667,0.07703171578751941
0.21325,-0.0923892699210479
0.21333333333333335,-0.2606467439299256
0.21341666666666667,-0.07167026028062874
0.2135,-0.10630281827680817
0.21358333333333332,-0.1676407791751725
0.21366666666666667,-0.08774748215175862
0.21375,-0.39844509631394603
0.21383333333333332,-0.4410761053011582
0.21391666666666667,-0.3002568073213616
0.214,-0.4865055564969443
0.21408333333333332,-0.4594721816554428
0.21416666666666667,-0.4815504228515698
0.21425,-0.45457067077471625
0.21433333333333332,-0.15606174346502866
0.21441666666666667,-0.3016239252298595
0.2145,-0.22553121732358955
0.21458333333333332,0.1295681148901155
0.21466666666666667,-0.01744061650998972
0.21475,0.043554434106399316
0.21483333333333332,0.12284267443648143
0.21491666666666667,-0.10427937126793646
0.215,-0.018774774995620473
0.21508333333333332,0.028914164026164802
0.21516666666666667,-0.0780560592013273
0.21525,-0.07163126075031202
0.21533333333333332,-0.17374347387200834
0.21541666666666667,-0.16152534610080366
0.2155,-0.018444922605305943
0.21558333333333332,-0.05107402251729971
0.21566666666666667,-0.02047636524712554
0.21575,-0.08072851531314372
0.21583333333333332,-0.2634843372463099
0.21591666666666667,-0.19268308444243362
0.216,-0.169787583562397
0.21608333333333332,0.13967225286977006
0.21616666666666667,0.43209426536441353
0.21625,0.14994401727092668
0.21633333333333332,0.4196307291577865
0.21641666666666667,0.5593365557541655
0.2165,0.27548416494625483
0.21658333333333332,0.476318545125902
0.21666666666666667,0.563480711105464
0.21675,0.9558018892388642
0.21683333333333332,1.235570993424074
0.21691666666666667,0.6099209661069446
0.217,0.23835786801116876
0.21708333333333332,0.22662475905409993
0.21716666666666667,-0.2678106744758215
0.21725,-0.5639054656724989
0.21733333333333332,-0.2747723988200114
0.21741666666666667,-0.29833248691198744
0.2175,-0.06014724053698286
0.21758333333333332,0.20929389294635228
0.21766666666666667,-0.025672081671254846
0.21775,-0.09333610679589101
0.21783333333333332,-0.29371399192225345
0.21791666666666668,-0.14012824848811806
0.218,0.01710954049027887
0.21808333333333332,-0.15122087554195565
0.21816666666666668,0.027395976165161717
0.21825,0.11380557081350402
0.21833333333333332,0.48231528338387375
0.21841666666666668,1.0542583692670913
0.2185,1.3367102777187816
0.21858333333333332,1.1357566622873858
0.21866666666666668,0.5124479269425074
0.21875,0.0879875556752188
0.21883333333333332,-0.44327600609090395
0.21891666666666668,-0.827434492988486
0.219,-0.9389549540934272
0.21908333333333332,-1.2060074261627214
0.21916666666666668,-1.3844817858313456
0.21925,-1.4165694518347094
0.21933333333333332,-1.427720034917769
0.21941666666666668,-1.7050449308790254
0.2195,-1.798207560641189
0.21958333333333332,-1.6380081071531094
0.21966666666666668,-1.749777209119054
0.21975,-1.1889870345198914
0.21983333333333333,-0.06987430471121119
0.21991666666666668,0.345100230785661
0.22,0.6004341459545052
0.22008333333333333,0.8111700705726335
0.22016666666666668,0.5848447770256446
0.22025,0.7217240418429338
0.22033333333333333,0.7930702479941
0.22041666666666668,0.518541684897427
0.2205,0.4423115238070275
0.22058333333333333,0.5383992568378632
0.22066666666666668,0.9926606620747481
0.22075,1.2137807015060713
0.22083333333333333,1.0298118913166758
0.22091666666666668,0.6278803962095783
0.221,-0.06524661663154019
0.22108333333333333,-0.45999882515902685
0.22116666666666668,-0.6697066649657967
0.22125,-0.8692888291330776
0.22133333333333333,-0.8600236289076216
0.22141666666666668,-0.5395149652889474
0.2215,-0.1680427090493259
0.22158333333333333,-0.18463080256202394
0.22166666666666668,-0.32810860613296483
0.22175,-0.5220613490391364
0.22183333333333333,-0.526217891286766
0.22191666666666668,-0.13688352831619222
0.222,-0.01445693641046968
0.22208333333333333,-0.20583640569263234
0.22216666666666668,-0.22529320189403595
0.22225,0.18322197971416887
0.22233333333333333,0.8649749797530393
0.22241666666666668,1.1060285011271092
0.2225,0.9410381397436672
0.22258333333333333,0.8100342084433735
0.22266666666666668,0.6449646886924965
0.22275,0.7297070251531669
0.22283333333333333,0.6915445365049738
0.22291666666666668,0.12852764460014288
0.223,-0.1948912784497119
0.22308333333333333,-0.38319271553010426
0.22316666666666668,-0.31267839015652404
0.22325,0.06372992637849693
0.22333333333333333,-0.20524719085447563
0.22341666666666668,-0.4719102030132908
0.2235,-0.504774661748374
0.22358333333333333,-0.6018086781801627
0.22366666666666668,-0.2561986219122828
0.22375,-0.020138217795532393
0.22383333333333333,0.15119272354605975
0.22391666666666668,0.5072230814252521
0.224,0.5562830032814531
0.22408333333333333,0.7484928657093675
0.22416666666666665,0.7486947397464282
0.22425,0.1314279809296397
0.22433333333333333,0.038161616439490745
0.22441666666666665,0.1226465939570915
0.2245,-0.18978429508491765
0.22458333333333333,-0.07292284585515423
0.22466666666666665,0.1464285498120998
0.22475,0.07386223401531032
0.22483333333333333,-0.24990821816637182
0.22491666666666665,-0.6856889540194592
0.225,-0.87355247603277
0.22508333333333333,-0.8734407087018078
0.22516666666666665,-0.2755108700915947
0.22525,0.24653249526948268
0.22533333333333333,-0.20901029708408886
0.22541666666666665,-0.756396646933276
0.2255,-1.0075608790842931
0.22558333333333333,-0.8684691076275554
0.22566666666666665,-0.5489909858674934
0.22575,-0.4797792960649248
0.22583333333333333,-0.09101416880282273
0.22591666666666665,0.27142934772613336
0.226,0.43794127763222557
0.22608333333333333,0.9151942166947883
0.22616666666666665,0.7573758146357109
0.22625,0.19807368043439455
0.22633333333333333,0.34036535579775246
0.22641666666666665,0.6143270839901823
0.2265,0.6493748810893792
0.22658333333333333,0.35764345737037045
0.22666666666666666,-0.2482651100620676
0.22675,-0.5908044756390308
0.22683333333333333,-0.6869578828418573
0.22691666666666666,-0.4200687306976025
0.227,0.04108839182290617
0.22708333333333333,-0.06404864240006472
0.22716666666666666,0.0484229718378748
0.22725,0.8171057931938832
0.22733333333333333,1.2298841601894157
0.22741666666666666,1.0716874752311871
0.2275,0.8301584671587918
0.22758333333333333,0.8293047050423062
0.22766666666666666,0.9756209974228454
0.22775,1.331446703295911
0.22783333333333333,1.4131905810989602
0.22791666666666666,0.6213960246191284
0.228,-0.017218739519477232
0.22808333333333333,0.07040599982899554
0.22816666666666666,0.2701604447732893
0.22825,0.28786060171952305
0.22833333333333333,0.24308184708782024
0.22841666666666666,0.21182083025185766
0.2285,0.32775696086740147
0.22858333333333333,0.5006660692523449
0.22866666666666666,0.22534133302664228
0.22875,-0.2149078770770404
0.22883333333333333,-0.3432649209701501
0.22891666666666666,0.00442192315260662
0.229,0.4185623662517648
0.22908333333333333,0.14722993786637492
0.22916666666666666,-0.284783753552561
0.22925,-0.6715101727197288
0.22933333333333333,-0.8783841337704589
0.22941666666666666,-0.558974011724782
0.2295,-0.7274722064508099
0.22958333333333333,-0.9828104558273171
0.22966666666666666,-0.5668153418178253
0.22975,-0.6105389757332033
0.22983333333333333,-0.6140907851134964
0.22991666666666666,-0.27875204040523843
0.23,-0.6710225457172532
0.23008333333333333,-0.4885757515138497
0.23016666666666666,-0.10421152043640447
0.23025,-0.21839618228196825
0.23033333333333333,0.28063939004017163
0.23041666666666666,-0.11691745347868641
0.2305,-0.36463559020544883
0.23058333333333333,0.028265053139255068
0.23066666666666666,-0.7392745569788202
0.23075,-0.7209920443448391
0.23083333333333333,-0.5199197596530605
0.23091666666666666,-0.9458427045130036
0.231,-0.5860092864814678
0.23108333333333334,-0.30286450257778624
0.23116666666666666,-0.11142551263211224
0.23125,0.1729091977542805
0.23133333333333334,0.25993790853826754
0.23141666666666666,0.5032366786402461
0.2315,0.5083296218775682
0.23158333333333334,0.1168087844819997
0.23166666666666666,-0.0019501335616030793
0.23175,0.06032069163963045
0.23183333333333334,0.03224983689562257
0.23191666666666666,0.466350105773985
0.232,0.722597074085255
0.23208333333333334,0.48503873723508867
0.23216666666666666,0.4569837735333349
0.23225,0.4906402070742342
0.23233333333333334,0.9806995882047235
0.23241666666666666,1.0660109735682757
0.2325,0.5087379083623843
0.23258333333333334,0.7877927490273354
0.23266666666666666,0.7484646609351698
0.23275,0.4852393518473829
0.23283333333333334,0.7693828636845416
0.23291666666666666,0.3857265015605334
0.233,0.049648866462275294
0.23308333333333334,0.3171483511214186
0.23316666666666666,0.42222404377814565
0.23325,0.36156872619838476
0.23333333333333334,0.05944243997448206
0.23341666666666666,-0.3832991048555629
0.2335,-0.40746944610739083
0.23358333333333334,-0.299862128669309
0.23366666666666666,-0.32813337865958486
0.23375,-0.24597560684336683
0.23383333333333334,-0.4271936943389884
0.23391666666666666,-0.47344771662608065
0.234,-0.2086861917390523
0.23408333333333334,-0.4099813156120604
0.23416666666666666,-0.40223670299726033
0.23425,-0.1772047753428826
0.23433333333333334,-0.5526326638792456
0.23441666666666666,-0.5681580463814419
0.2345,-0.21907044970449735
0.23458333333333334,-0.4566021254092628
0.23466666666666666,-0.4612974573264078
0.23475,-0.2867707881330811
0.23483333333333334,-0.4328399350684341
0.23491666666666666,-0.2714328596774674
0.235,-0.4259573210772425
0.23508333333333334,-0.8251803809684881
0.23516666666666666,-0.888249439505216
0.23525,-0.8766398585145861
0.23533333333333334,-0.5574742644654108
0.23541666666666666,-0.5343488423457722
0.2355,-0.7349766465073959
0.23558333333333334,-0.6047439187128737
0.23566666666666666,-0.5599809057056894
0.23575,-0.3415916159142751
0.23583333333333334,-0.008825419342326297
0.23591666666666666,0.12075801897958201
0.236,0.30164557347927573
0.23608333333333334,0.590143544230833
0.23616666666666666,0.7540489544846618
0.23625,0.7966620181644458
0.23633333333333334,0.6874240783533849
0.23641666666666666,0.3334124870520167
0.2365,0.5171170990898416
0.23658333333333334,0.8018784460923097
0.23666666666666666,0.4628261887600776
0.23675,0.4089787570118338
0.23683333333333334,0.08365312340944367
0.23691666666666666,-0.22625217189187635
0.237,0.12781514428458166
0.23708333333333334,-0.31741622839281136
0.23716666666666666,-0.6015731164169763
0.23725,-0.32065496099292184
0.23733333333333334,-0.4508808233590226
0.23741666666666666,-0.24535185188148567
0.2375,-0.2754437525985088
0.23758333333333334,-0.38468994916682786
0.23766666666666666,-0.045251654445111596
0.23775,0.06793852480981019
0.23783333333333334,0.3096220207147458
0.23791666666666667,0.22885244907029917
0.238,-0.20124492576982012
0.23808333333333334,-0.2570752727889449
0.23816666666666667,-0.3574306916096744
0.23825,-0.2878834589386428
0.23833333333333334,-0.001082657667038699
0.23841666666666667,0.12876249811000157
0.2385,0.1934890398686211
0.23858333333333334,0.09201720089803704
0.23866666666666667,0.07881305685243749
0.23875,-0.01536654906979671
0.23883333333333334,-0.23880246749210296
0.23891666666666667,-0.14373299002838175
0.239,-0.3030228927359739
0.23908333333333334,-0.5003964026855999
0.23916666666666667,-0.3758943638687328
0.23925,-0.36926588220870943
0.23933333333333334,-0.3031119344436475
0.23941666666666667,-0.29044391650407536
0.2395,-0.14159817049111276
0.23958333333333334,0.1960375545607799
0.23966666666666667,0.305182394598788
0.23975,0.3074664067540395
0.23983333333333334,0.2216254459077437
0.23991666666666667,0.33319362488898335
0.24,0.27119472960167573
0.24008333333333334,0.152386425952656
0.24016666666666667,0.6023735407803302
0.24025,0.4607018582246372
0.24033333333333334,0.33014258838138194
0.24041666666666667,0.6538277073048798
0.2405,0.1896972588721656
0.24058333333333334,0.28609009592765827
0.24066666666666667,0.8627099769956217
0.24075,0.6997775717983998
0.24083333333333334,0.38975461446251924
0.24091666666666667,0.01172311380530611
0.241,-0.052075265537211486
0.24108333333333334,-0.17141702415771573
0.24116666666666667,-0.3417424911103446
0.24125,-0.09709345134772165
0.24133333333333334,-0.11814972126140591
0.24141666666666667,0.14638280874409565
0.2415,0.3198832831916368
0.24158333333333334,0.10855127159706891
0.24166666666666667,-0.04993878835327785
0.24175,-0.5340215180336819
0.24183333333333334,-0.4007761409256666
0.24191666666666667,-0.017341502370256983
0.242,0.16629290863549964
0.24208333333333334,0.6121236476880227
0.24216666666666667,0.45266965733865755
0.24225,0.13408538151575466
0.24233333333333335,-0.16591370507620515
0.24241666666666667,-0.4198610386966073
0.2425,0.08441984429658188
0.24258333333333335,0.2443887685697225
0.24266666666666667,0.0265022059645092
0.24275,-0.022876226280549538
0.24283333333333335,-0.42157720206260907
0.24291666666666667,-0.6288643057378253
0.243,-0.4285263497771946
0.24308333333333335,-0.19585977144455016
0.24316666666666667,-0.10277523750470262
0.24325,-0.23853814993327466
0.24333333333333335,0.03934729089588058
0.24341666666666667,0.2613984111381425
0.2435,-0.040161798571601966
0.24358333333333335,0.190123056554692
0.24366666666666667,0.138878160194283
0.24375,-0.25935213915696764
0.24383333333333335,0.1370584526686253
0.24391666666666667,0.38442281699081654
0.244,0.3291059443001017
0.24408333333333335,0.21975058944729298
0.24416666666666667,0.33338046223606504
0.24425,0.59985171899808
0.24433333333333335,0.41265800868386565
0.24441666666666667,0.3303863042701325
0.2445,0.02607665170023749
0.24458333333333335,-0.20739260915359495
0.24466666666666667,0.09317856082708705
0.24475,0.3073717699929647
0.24483333333333332,0.39367718452927897
0.24491666666666667,0.19543466461169043
0.245,0.12751911122612553
0.24508333333333332,0.17075573426176294
0.24516666666666667,0.08510303676096992
0.24525,0.05037721982028326
0.24533333333333332,0.029252022614021458
0.24541666666666667,0.20285272846440391
0.2455,0.3322967103583492
0.24558333333333332,0.3529847863742927
0.24566666666666667,0.02799216761487122
0.24575,-0.10608837210688506
0.24583333333333332,0.10849589728791638
0.24591666666666667,-0.1661695793561688
0.246,0.2075229312683019
0.24608333333333332,0.7237725873539833
0.24616666666666667,0.32900472452388824
0.24625,0.2557072223425022
0.24633333333333332,0.2461161480194181
0.24641666666666667,-0.18163776281774896
0.2465,-0.26743164077562825
0.24658333333333332,-0.13843387012007657
0.24666666666666667,-0.17849241574363106
0.24675,-0.09206653686813705
0.24683333333333332,-0.08117513109062355
0.24691666666666667,-0.3446071446570247
0.247,-0.7224223969213749
0.24708333333333332,-0.9341388135819024
0.24716666666666667,-0.8041709895115078
0.24725,-0.6130420971152707
0.24733333333333332,-0.2879478310637518
0.24741666666666667,-0.17823277704891946
0.2475,-0.24936381973139976
0.24758333333333332,-0.20841104355970252
0.24766666666666667,-0.15014490715977338
0.24775,0.16458980515316435
0.24783333333333332,0.07784522302339818
0.24791666666666667,-0.16854536557872377
0.248,-0.15244284653994758
0.24808333333333332,-0.3142184113335548
0.24816666666666667,-0.43810834309256064
0.24825,-0.5676275075396725
0.24833333333333332,-0.28837945095936474
0.24841666666666667,0.23632265368790867
0.2485,0.39569260601144246
0.24858333333333332,0.34667153744953144
0.24866666666666667,0.140599594935769
0.24875,-0.026559034220850587
0.24883333333333332,-0.25805727851358523
0.24891666666666667,-0.4228319520363855
0.249,-0.5524348027499829
0.24908333333333332,-0.5272926932725087
0.24916666666666668,-0.08878589234252972
0.24925,-0.043234615038260364
0.24933333333333332,-0.15312287760285243
0.24941666666666668,-0.24757090136316354
0.2495,-0.4414124017015752
0.24958333333333332,-0.22264190688953
0.24966666666666668,-0.014626397232793215
0.24975,0.3676706721921195
0.24983333333333332,0.710029322513975
0.24991666666666668,0.1802419415459439
0.25,-0.2677020733070137
0.2500833333333333,-0.3704045951057414
0.25016666666666665,-0.7924324223541804
0.25025,-0.6729326275790183
0.25033333333333335,-0.25105283747150714
0.2504166666666667,-0.41645077291296495
0.2505,-0.1592880701934325
0.2505833333333333,-0.14974075804451698
0.25066666666666665,-0.6413177279430612
0.25075,-0.3691887267654219
0.25083333333333335,-0.37449514959815217
0.2509166666666667,-0.346528495546739
0.251,-0.024585805161180547
0.2510833333333333,-0.34285415088822874
0.25116666666666665,-0.33434259890471496
0.25125,-0.4172852844198611
0.25133333333333335,-0.6571524806310053
0.2514166666666667,-0.2979852475950562
0.2515,-0.324108173539391
0.2515833333333333,-0.3221485459034747
0.25166666666666665,-0.20727013703820407
0.25175,-0.5420267154386635
0.25183333333333335,-0.2885301329363005
0.2519166666666667,-0.024135855378646372
0.252,-0.004207025555524833
0.2520833333333333,0.41726759269479546
0.25216666666666665,0.38802795331697837
0.25225,0.5851588390593067
0.25233333333333335,0.8062030917032306
0.2524166666666667,0.34332138057279066
0.2525,0.3016223245269379
0.2525833333333333,0.2704270813109699
0.25266666666666665,0.5744698884385689
0.25275,0.9810846703209855
0.25283333333333335,0.6640095441961641
0.2529166666666667,0.6321030748254178
0.253,0.3598381742638729
0.2530833333333333,0.05979933971586735
0.25316666666666665,0.1546391633891271
0.25325,0.16333116263616068
0.25333333333333335,0.7681064071383591
0.2534166666666667,1.2578989361679873
0.2535,1.1967060439268198
0.2535833333333333,1.0922574409584496
0.25366666666666665,0.5004384704719335
0.25375,-0.018100769697686207
0.25383333333333336,0.3316773917102354
0.2539166666666667,0.7900958958663293
0.254,0.7509803479845409
0.2540833333333333,0.35796436845779805
0.25416666666666665,-0.06683641308270312
0.25425,-0.3377834487661426
0.25433333333333336,-0.9012144765188316
0.2544166666666667,-1.1642517537581045
0.2545,-0.8251455650169159
0.25458333333333333,-0.8414222434138378
0.25466666666666665,-0.691336859169121
0.25475,-0.2927490502268686
0.25483333333333336,-0.33137938743634954
0.2549166666666667,-0.3739982010462416
0.255,-0.16926533010522588
0.25508333333333333,-0.05307043896002347
0.25516666666666665,-0.3411693657457177
0.25525,-0.4804827676298461
0.25533333333333336,-0.20012844640474894
0.2554166666666667,-0.2965240228609634
0.2555,-0.1827216147962713
0.25558333333333333,0.6117878582768516
0.25566666666666665,0.6181217395901831
0.25575,0.3661931900426178
0.25583333333333336,0.6444284411471636
0.2559166666666667,0.36723264540319367
0.256,0.45398449982245187
0.25608333333333333,0.7864423483002142
0.25616666666666665,0.5838344487701067
0.25625,0.73158383243169
0.25633333333333336,0.8184636242890128
0.2564166666666667,1.0473628453835087
0.2565,0.9454120253215791
0.25658333333333333,0.18118068357296896
0.25666666666666665,0.051562971190381245
0.25675,0.12769857713455424
0.25683333333333336,0.5533331431619991
0.2569166666666667,1.0267023569438856
0.257,0.6297125968152668
0.25708333333333333,0.29614523586753183
0.25716666666666665,0.0670150681255125
0.25725,0.03698421606847584
0.25733333333333336,0.46641456923215663
0.2574166666666667,0.4841013029131533
0.2575,0.4470169640939773
0.25758333333333333,0.633914766273138
0.25766666666666665,0.45022795532398935
0.25775,0.22943393490837732
0.25783333333333336,0.07874484419747753
0.2579166666666667,-0.10669499865578234
0.258,-0.0036633530692799193
0.25808333333333333,0.24151310518245533
0.25816666666666666,0.290490536280285
0.25825,0.006218746552509942
0.25833333333333336,-0.41244107947139846
0.2584166666666667,-0.548827618002036
0.2585,-0.6004481675694274
0.25858333333333333,-0.7160281291586037
0.25866666666666666,-0.369923786731599
0.25875,0.012456495066217071
0.25883333333333336,-0.002106273095936136
0.2589166666666667,-0.05378574983669044
0.259,-0.6851115260182322
0.25908333333333333,-1.371667543505063
0.25916666666666666,-1.1493517185577333
0.25925,-1.0781627649998637
0.25933333333333336,-1.059181166238682
0.2594166666666667,-0.6288400800381084
0.2595,-0.7437346291004504
0.25958333333333333,-0.6873626621202986
0.25966666666666666,-0.4368167991477711
0.25975,-0.869654242629457
0.25983333333333336,-1.1509866609834225
0.2599166666666667,-1.2004249787251546
0.26,-0.8812271914600321
0.26008333333333333,-0.49993512895986886
0.26016666666666666,-0.19637203802536193
0.26025,0.5055436625471883
0.26033333333333336,0.2072089185206998
0.2604166666666667,-0.319154873302907
0.2605,-0.36402385514070074
0.26058333333333333,-0.6931952756009254
0.26066666666666666,-0.5755559766828391
0.26075,-0.39787106556778046
0.2608333333333333,-0.08436588306356087
0.2609166666666667,0.12533676014092687
0.261,-0.08071548405604094
0.26108333333333333,0.3520614327632062
0.26116666666666666,0.5248658465238171
0.26125,0.46843129478056594
0.2613333333333333,1.0246854674703583
0.2614166666666667,1.0359658127936013
0.2615,0.6743027583221758
0.26158333333333333,0.5961293547001978
0.26166666666666666,0.42544523583405336
0.26175,0.47149714069155063
0.2618333333333333,0.6378348237361481
0.2619166666666667,0.8309637309932577
0.262,0.8162611463400038
0.26208333333333333,0.25371142540715824
0.26216666666666666,0.3042645940595137
0.26225,0.5271006974264447
0.2623333333333333,0.2198468593096625
0.2624166666666667,0.2475766321416543
0.2625,0.22673398431348882
0.26258333333333334,0.14079702985866968
0.26266666666666666,0.26867567719395846
0.26275,0.3701320520592943
0.2628333333333333,0.4568733024654321
0.2629166666666667,0.20739148584378653
0.263,-0.023251762198859712
0.26308333333333334,0.09293106630024418
0.26316666666666666,-0.00425750992449712
0.26325,-0.18973782302836575
0.2633333333333333,0.02083411229631774
0.2634166666666667,0.2220459645386999
0.2635,0.034174988700074176
0.26358333333333334,-0.1837392366241136
0.26366666666666666,-0.3048049591197897
0.26375,-0.4360434378693154
0.2638333333333333,-0.5575622146623584
0.2639166666666667,-0.4221984497460051
0.264,-0.26134326693887167
0.26408333333333334,-0.6225801942916408
0.26416666666666666,-0.62188844978162
0.26425,-0.44540193325182076
0.2643333333333333,-1.0772068833580968
0.2644166666666667,-1.3122467828175304
0.2645,-0.9312793845702758
0.26458333333333334,-0.7573805488221271
0.26466666666666666,-0.7564759722316337
0.26475,-0.6054406599451609
0.2648333333333333,-0.17103380568164675
0.2649166666666667,-0.3617665085266952
0.265,-0.4841027782151027
0.26508333333333334,0.04973244942745735
0.26516666666666666,-0.270755276021382
0.26525,-0.37263138636147486
0.2653333333333333,0.21902684084462956
0.2654166666666667,0.02566410545115911
0.2655,0.01178228733072621
0.26558333333333334,0.4242520272403117
0.26566666666666666,0.3504242592184617
0.26575,0.3501067253627465
0.2658333333333333,0.5191098732313905
0.2659166666666667,0.35207050390285083
0.266,0.19556289618104641
0.26608333333333334,0.1444977860203454
0.26616666666666666,0.16942039645933996
0.26625,0.3591925686347814
0.2663333333333333,0.18461988427023493
0.2664166666666667,0.13553100769840443
0.2665,0.36399536579560904
0.26658333333333334,0.1974253301530611
0.26666666666666666,0.30225207996592746
0.26675,0.45542140073786075
0.2668333333333333,0.2407797642213781
0.2669166666666667,0.45667896252143164
0.267,0.4799963809383463
0.26708333333333334,0.21226610686718145
0.26716666666666666,0.4191663609752907
0.26725,0.1383185136776102
0.2673333333333333,-0.12226959917061629
0.2674166666666667,0.05778832420682203
0.2675,-0.2549549109018664
0.26758333333333334,0.17975943945344056
0.26766666666666666,0.7076032217852903
0.26775,0.4231126853326245
0.2678333333333333,0.47764032324322664
0.2679166666666667,0.19940188236342765
0.268,0.04112586046176109
0.26808333333333334,0.29496985929382696
0.26816666666666666,0.10912088090586179
0.26825,0.12825765476736176
0.2683333333333333,0.10044519792226494
0.2684166666666667,-0.01018254328305434
0.2685,0.18635750114444866
0.26858333333333334,0.0929094644814651
0.26866666666666666,-0.01683365098892255
0.26875,-0.09974294749592984
0.2688333333333333,-0.4705525175904609
0.2689166666666667,-0.2627657009311532
0.269,0.0825805615880761
0.26908333333333334,-0.0382220633689288
0.26916666666666667,0.1794614734148833
0.26925,0.11349625639282317
0.2693333333333333,-0.15676512095304576
0.2694166666666667,-0.07706531632884779
0.2695,-0.16623871275354296
0.26958333333333334,-0.0015443711453489452
0.26966666666666667,0.11137107170800616
0.26975,-0.012412232532033156
0.2698333333333333,0.03643419669925387
0.2699166666666667,-0.14075528554496788
0.27,-0.3022629706437565
0.27008333333333334,-0.23423474902849117
0.27016666666666667,-0.2323369827591592
0.27025,-0.24017956053501624
0.2703333333333333,-0.12297880403944475
0.2704166666666667,-0.18569341599607633
0.2705,-0.32172406582898827
0.27058333333333334,-0.11576136739562969
0.27066666666666667,0.09122018964397209
0.27075,0.12449261158020535
0.2708333333333333,0.12012334026082122
0.27091666666666664,0.18545010014995678
0.271,0.22748016257506418
0.27108333333333334,0.18697693855064446
0.27116666666666667,0.08627032024845238
0.27125,-0.06740654401401931
0.2713333333333333,0.02321314182376751
0.27141666666666664,-0.03521346763676769
0.2715,-0.1117241130383921
0.27158333333333334,0.04204017476961431
0.27166666666666667,-0.18168742797281853
0.27175,-0.3307152708134271
0.2718333333333333,-0.2857757158779993
0.27191666666666664,-0.2625560688131321
0.272,-0.07574649166617163
0.27208333333333334,-0.04067735071008603
0.27216666666666667,-0.0046990629187418234
0.27225,0.022273761648503747
0.2723333333333333,-0.10051046059526816
0.27241666666666664,0.07804040815001999
0.2725,0.09632513130948339
0.27258333333333334,-0.3232322230565087
0.27266666666666667,-0.240971186912949
0.27275,-0.0007200508568710995
0.2728333333333333,-0.056433963530064205
0.27291666666666664,0.19434584900029006
0.273,0.2090011627336572
0.27308333333333334,0.07244470521845253
0.27316666666666667,0.288654718446914
0.27325,0.20518826244123753
0.2733333333333333,0.13777288314112277
0.27341666666666664,0.23405694576787514
0.2735,0.151317703802848
0.27358333333333335,0.33478657281325325
0.27366666666666667,0.5447622920658631
0.27375,0.3944955906289405
0.2738333333333333,0.3524617878676904
0.27391666666666664,0.2815103926367941
0.274,-0.11102775731067323
0.27408333333333335,-0.25423437428009066
0.27416666666666667,-0.46355748860143464
0.27425,-0.684263776390041
0.2743333333333333,-0.17451041788152158
0.27441666666666664,0.29751767515821725
0.2745,0.25341366521119896
0.27458333333333335,-0.03892439518630681
0.27466666666666667,-0.3274043272785864
0.27475,-0.516673473831827
0.2748333333333333,-0.40106943636044606
0.27491666666666664,0.008591218367411491
0.275,0.05573392287602249
0.27508333333333335,0.07249725923568519
0.27516666666666667,0.23808909265098144
0.27525,0.2958559821000763
0.2753333333333333,0.1944753837212984
0.27541666666666664,-0.027836950716583757
0.2755,0.05051973697003883
0.27558333333333335,0.03178868379468165
0.27566666666666667,0.04690982546210898
0.27575,0.370723256946199
0.2758333333333333,0.2210025363459594
0.27591666666666664,0.05711392136715215
0.276,0.20658694151337753
0.27608333333333335,0.07188085137621594
0.27616666666666667,0.02120025356585763
0.27625,-0.08429977075727314
0.2763333333333333,-0.33973611534303433
0.27641666666666664,-0.3651985364155918
0.2765,-0.6413546060326873
0.27658333333333335,-0.5193896442532168
0.27666666666666667,-0.2625309256786115
0.27675,-0.7934781399657583
0.2768333333333333,-0.6408845204658021
0.27691666666666664,-0.32741233067288344
0.277,-0.507921355231887
0.27708333333333335,0.13386957399827248
0.2771666666666667,0.41414780234191717
0.27725,-0.05055818492226886
0.2773333333333333,0.1402306400906809
0.27741666666666664,0.45978332362476654
0.2775,0.3202655783340323
0.27758333333333335,0.051645939410878174
0.2776666666666667,-0.2891386466624709
0.27775,-0.38676255858717895
0.2778333333333333,-0.03772050230251991
0.27791666666666665,0.3750448173752236
0.278,0.6713471279565711
0.27808333333333335,0.5669302014056746
0.2781666666666667,0.2973215834895268
0.27825,0.4842648027915614
0.2783333333333333,0.517035996973282
0.27841666666666665,0.13075994351262107
0.2785,0.015678652936198346
0.27858333333333335,-0.00589291968435079
0.2786666666666667,-0.2095284808974297
0.27875,0.15892690528523568
0.2788333333333333,0.4984941141800136
0.27891666666666665,-0.10534109375787412
0.279,-0.25621607813886477
0.27908333333333335,-0.24591850046854533
0.2791666666666667,-0.400489066586241
0.27925,0.20474103444477343
0.2793333333333333,-0.22895734055997616
0.27941666666666665,-1.135116615561183
0.2795,-0.980652315815625
0.27958333333333335,-0.8482833386950285
0.2796666666666667,-0.3211948535136419
0.27975,0.09997940923274336
0.2798333333333333,-0.28659026129825654
0.27991666666666665,-0.49866628283051345
0.28,-0.6113850852261016
0.28008333333333335,-0.6193471742252575
0.2801666666666667,-0.5029376531692957
0.28025,-0.5267438660630249
0.2803333333333333,-0.215194921201522
0.28041666666666665,-0.101160840982709
0.2805,-0.37472319839934354
0.28058333333333335,-0.1209257268217745
0.2806666666666667,-0.17460264592507563
0.28075,-0.19621866273582578
0.2808333333333333,0.2246322226897866
0.28091666666666665,-0.09795380413333639
0.281,0.16567818470273163
0.28108333333333335,0.7129988280041142
0.2811666666666667,0.5572970203324673
0.28125,0.6410891063383056
0.2813333333333333,0.3679767811589599
0.28141666666666665,0.10692183528139347
0.2815,0.07364262808322804
0.28158333333333335,0.09544073375691241
0.2816666666666667,0.6280026444740231
0.28175,0.6403324624972416
0.2818333333333333,0.3913063224796947
0.28191666666666665,0.4592451242881424
0.282,0.08940928883810752
0.28208333333333335,-0.315003378000105
0.2821666666666667,-0.3520930987120937
0.28225,-0.3174935839322122
0.2823333333333333,0.06689682268623848
0.28241666666666665,0.5835945487621835
0.2825,0.7480798993682735
0.28258333333333335,0.4267499792025415
0.2826666666666667,-0.17369380814177157
0.28275,-0.07875797756889273
0.2828333333333333,0.22201155136626108
0.28291666666666665,0.1253951632455904
0.283,0.18907269872850388
0.28308333333333335,0.06295368849784154
0.2831666666666667,0.14457002187998738
0.28325,0.38125961806115466
0.2833333333333333,-0.009598078611421753
0.28341666666666665,-0.2132881938892608
0.2835,-0.22438311946774173
0.28358333333333335,-0.13596132333208552
0.2836666666666667,0.33564812695379986
0.28375,0.19281511700212944
0.2838333333333333,-0.17682986798275163
0.28391666666666665,-0.3059933270023747
0.284,-0.5513432961476145
0.28408333333333335,-0.4996585796026963
0.2841666666666667,-0.6208437473493474
0.28425,-0.530894012245544
0.2843333333333333,-0.02949894296832224
0.28441666666666665,-0.061898499578579985
0.2845,0.09605445397680192
0.28458333333333335,0.103492063366923
0.2846666666666667,-0.44653862536060585
0.28475,-0.21681883484174574
0.2848333333333333,0.30184887445766084
0.28491666666666665,0.28967786309598537
0.285,0.24467468171639975
0.28508333333333336,-0.09785804407055501
0.2851666666666667,-0.5675183226653703
0.28525,-0.30160066390844575
0.2853333333333333,0.056486345852863724
0.28541666666666665,0.10625130803005409
0.2855,0.10068576605931218
0.28558333333333336,0.015167570385882356
0.2856666666666667,0.4041482732004702
0.28575,0.778797672557225
0.28583333333333333,0.5397667043183013
0.28591666666666665,0.2558177381851011
0.286,0.1583157066504024
0.28608333333333336,0.3955533391609402
0.2861666666666667,0.8284663533738825
0.28625,1.046747002499183
0.28633333333333333,0.794656558762479
0.28641666666666665,0.4155550783257517
0.2865,0.5445736122455457
0.28658333333333336,0.7432828317946018
0.2866666666666667,0.6508155577248809
0.28675,0.5273322485230227
0.28683333333333333,0.5775648956842051
0.28691666666666665,0.8299886414535762
0.287,0.9197134395698097
0.28708333333333336,0.7909651208124501
0.2871666666666667,0.42602197074520604
0.28725,-0.1985789214219981
0.28733333333333333,-0.2251350686295984
0.28741666666666665,0.19716723535502
0.2875,0.11530595323169522
0.28758333333333336,0.12762544952835303
0.2876666666666667,0.09945195107655265
0.28775,-0.2193352566654601
0.28783333333333333,-0.24910971586450958
0.28791666666666665,-0.5437188811775089
0.288,-0.7211243448408309
0.28808333333333336,-0.8386819375636146
0.2881666666666667,-0.9697178571586021
0.28825,-0.3756031921845859
0.28833333333333333,-0.2671107317793279
0.28841666666666665,-0.28729796145375525
0.2885,-0.08559338181543592
0.28858333333333336,-0.6154856036861641
0.2886666666666667,-0.9280209147641165
0.28875,-1.0887961673647795
0.28883333333333333,-1.2996447721072586
0.28891666666666665,-1.039046436751841
0.289,-0.6624996735034646
0.28908333333333336,0.12831588409284087
0.2891666666666667,0.5420399604908951
0.28925,0.04270668756049747
0.28933333333333333,0.24284856612617367
0.28941666666666666,0.2811403319394713
0.2895,-0.4092057332131533
0.28958333333333336,-0.28865042920521544
0.2896666666666667,-0.0903340884805321
0.28975,-0.10527861321364056
0.28983333333333333,0.19665363768922484
0.28991666666666666,0.3825487162129025
0.29,0.2080095970776757
0.29008333333333336,-0.0488894689179474
0.2901666666666667,0.06033693660001351
0.29025,0.16900840344251142
0.29033333333333333,0.3330164329705626
0.29041666666666666,0.2929951254049063
0.2905,-0.11313025431875975
0.29058333333333336,-0.03979792014784531
0.2906666666666667,-0.13687841772703155
0.29075,-0.09589309563521893
0.29083333333333333,0.5821599518531512
0.29091666666666666,0.5630512104427214
0.291,0.374128933276683
0.29108333333333336,0.404805630566639
0.2911666666666667,0.22941957392491488
0.29125,0.5379597580724591
0.29133333333333333,0.53801871314306
0.29141666666666666,0.028242522327482287
0.2915,0.15323065072065734
0.29158333333333336,0.32578920528144834
0.2916666666666667,0.36786435995080363
0.29175,0.4586762392322768
0.29183333333333333,-0.09294322056075457
0.29191666666666666,-0.4338737169056572
0.292,0.14583418386561392
0.2920833333333333,0.39499159210504203
0.2921666666666667,0.03627496295057892
0.29225,-0.20569598417056512
0.29233333333333333,-0.3658889723752163
0.29241666666666666,-0.44833508081441054
0.2925,-0.24500190291726237
0.2925833333333333,-0.07546747343641581
0.2926666666666667,-0.3543575920992051
0.29275,-0.6284869984439241
0.29283333333333333,-0.2842386506014657
0.29291666666666666,0.09329284759185132
0.293,-0.046051324851949786
0.2930833333333333,-0.06410410264461738
0.2931666666666667,0.017499543370190003
0.29325,-0.012389648495719559
0.29333333333333333,0.1288402728193534
0.29341666666666666,0.05609731627009772
0.2935,-0.19957290435799335
0.2935833333333333,-0.6682430862388934
0.2936666666666667,-0.6619329855477724
0.29375,0.13576013597299683
0.29383333333333334,-0.04972041903172097
0.29391666666666666,-0.3994224229447575
0.294,-0.32600973546457257
0.2940833333333333,-0.850890451414583
0.2941666666666667,-0.8110277456767302
0.29425,-0.5994701483982509
0.29433333333333334,-0.7391092186515823
0.29441666666666666,-0.6880880694328578
0.2945,-0.6274666754417748
0.2945833333333333,-0.21493111725188674
0.2946666666666667,-0.07134972628843915
0.29475,-0.1663238735864157
0.29483333333333334,-0.10353549136897901
0.29491666666666666,-0.32530557054019005
0.295,-0.36976112522318005
0.2950833333333333,-0.35735079302906364
0.2951666666666667,-0.3528972084823853
0.29525,-0.25678426090054635
0.29533333333333334,-0.17465679630220143
0.29541666666666666,0.21827429823012062
0.2955,0.46784693113484754
0.2955833333333333,0.3149867739854144
0.2956666666666667,0.03235511139071113
0.29575,-0.10558988047428984
0.29583333333333334,-0.017357240590840744
0.29591666666666666,0.11102043392026338
0.296,0.38555988450390744
0.2960833333333333,0.529913258153326
0.2961666666666667,0.27059887841098473
0.29625,0.0068951329877697505
0.29633333333333334,-0.08761046508911954
0.29641666666666666,-0.36678908361642154
0.2965,-0.4435684665331561
0.2965833333333333,-0.013325061825229256
0.2966666666666667,0.1775491517197982
0.29675,0.2522631234771339
0.29683333333333334,0.47986300519448216
0.29691666666666666,0.41376034781877785
0.297,0.1425443345411891
0.2970833333333333,0.17318959054718117
0.2971666666666667,0.30604903517078347
0.29725,0.4070813527678674
0.29733333333333334,0.937986389485339
0.29741666666666666,0.9829610706930847
0.2975,0.33317195494953716
0.2975833333333333,0.08676446841772882
0.2976666666666667,-0.1724159071362375
0.29775,-0.5284687128412064
0.29783333333333334,-0.22887878644218285
0.29791666666666666,0.3925671468369873
0.298,0.48077390186738317
0.2980833333333333,0.467116586302469
0.2981666666666667,0.711612122844986
0.29825,0.2594966001270441
0.29833333333333334,0.011703004357806215
0.29841666666666666,0.3409963529827586
0.2985,0.03312680950315303
0.2985833333333333,-0.004632180376160036
0.2986666666666667,0.14716698639296844
0.29875,0.20404277909308144
0.29883333333333334,0.4809251892819412
0.29891666666666666,0.2833965534191889
0.299,0.4275665427899317
0.2990833333333333,0.4878017317053693
0.2991666666666667,0.19742573034049657
0.29925,0.7102273299121099
0.29933333333333334,0.8832796097824548
0.29941666666666666,0.32819268464942436
0.2995,-0.03057071519627688
0.2995833333333333,-0.19993924320864145
0.2996666666666667,-0.4596781561897558
0.29975,-0.4529966884618495
0.29983333333333334,-0.2273059770564268
0.29991666666666666,-0.40746882296272985
0.3,-0.42379456883557765
0.3000833333333333,-0.32522347177372196
0.3001666666666667,-0.47827350810608854
0.30025,-0.49886488429908893
0.30033333333333334,-0.6435525581730525
0.30041666666666667,-0.49396153733235587
0.3005,-0.038496188524281265
0.3005833333333333,-0.039889909792591126
0.3006666666666667,0.06491820813198942
0.30075,0.1139920419072314
0.30083333333333334,-0.13580131180833194
0.30091666666666667,-0.05587229125593945
0.301,-0.16358121806762127
0.3010833333333333,-0.24285735447111814
0.3011666666666667,-0.08721859292821092
0.30125,-0.04015763752368829
0.30133333333333334,0.3771490482119593
0.30141666666666667,0.4101761488858903
0.3015,0.19188908097300295
0.3015833333333333,0.2829810632508997
0.3016666666666667,-0.07124075039161738
0.30175,-0.18087772149138023
0.30183333333333334,0.0750013381304669
0.30191666666666667,0.25119235847869875
0.302,0.48365754337378297
0.3020833333333333,0.47865548188932716
0.30216666666666664,0.520517326843066
0.30225,0.39388074163783776
0.30233333333333334,0.15760855365480925
0.30241666666666667,0.2896364230418847
0.3025,0.09088373527421169
0.3025833333333333,0.02858567603568669
0.30266666666666664,0.5321107489766146
0.30275,0.38325077169083926
0.30283333333333334,0.09603813452344301
0.30291666666666667,0.2568661057473135
0.303,-0.1548258266268686
0.3030833333333333,-0.40345786936534256
0.30316666666666664,-0.13207813694911102
0.30325,-0.309688445346473
0.30333333333333334,-0.257607920728131
0.30341666666666667,-0.03517559578941399
0.3035,-0.286955882141526
0.3035833333333333,-0.3947352343805141
0.30366666666666664,-0.41146151873769393
0.30375,-0.34208002315283903
0.30383333333333334,-0.3019041777241137
0.30391666666666667,-0.6617300537993029
0.304,-0.507250798747498
0.3040833333333333,-0.15611057610560775
0.30416666666666664,-0.3313265096800441
0.30425,-0.19947721524127185
0.30433333333333334,-0.014532530174160816
0.30441666666666667,0.021024133327702907
0.3045,0.26136600976537894
0.3045833333333333,0.2096047762132171
0.30466666666666664,0.039399639600160255
0.30475,-0.08992305879661076
0.30483333333333335,-0.19316733666149655
0.30491666666666667,0.013666890338062652
0.305,0.09265267140251658
0.3050833333333333,0.01413578796974742
0.30516666666666664,0.08833905060502915
0.30525,0.16306038859263056
0.30533333333333335,0.028498987010978836
0.30541666666666667,-0.14646713985404633
0.3055,0.023425819530521856
0.3055833333333333,-0.17148950233098598
0.30566666666666664,-0.6397376526002135
0.30575,-0.5033084446176675
0.30583333333333335,-0.38482488794206887
0.30591666666666667,-0.10942588531919238
0.306,0.11650828605145418
0.3060833333333333,-0.40463410880757494
0.30616666666666664,-0.42549833065726406
0.30625,-0.24257284863947956
0.30633333333333335,-0.3532528024710771
0.30641666666666667,-0.07065757156912154
0.3065,-0.3298837354162964
0.3065833333333333,-0.4732189123714371
0.30666666666666664,0.15154415572744712
0.30675,0.08750074553774254
0.30683333333333335,-0.028044677185793725
0.30691666666666667,0.11123719426360852
0.307,-0.16912398731159006
0.3070833333333333,-0.2752485195131596
0.30716666666666664,-0.08450235165669127
0.30725,0.2437472973379962
0.30733333333333335,0.33957761638991185
0.30741666666666667,0.1878956532158994
0.3075,0.10622866402470581
0.3075833333333333,-0.01458274854027538
0.30766666666666664,-0.0030082207665906263
0.30775,0.1295326677055454
0.30783333333333335,0.20315027268395736
0.30791666666666667,0.07384888934956868
0.308,0.13108393792211892
0.3080833333333333,0.5437898539481549
0.30816666666666664,0.45603998329687034
0.30825,-0.11860039404876448
0.30833333333333335,-0.3345197576278122
0.3084166666666667,-0.27825490418838317
0.3085,-0.4165477297525008
0.3085833333333333,-0.3965250368419385
0.30866666666666664,-0.1729205163237611
0.30875,-0.06360164095927963
0.30883333333333335,0.029026368496868866
0.3089166666666667,0.0824037598700168
0.309,-0.17264527867565238
0.3090833333333333,-0.5327363473240218
0.30916666666666665,-0.483824720635455
0.30925,-0.4252370972409944
0.30933333333333335,-0.3245615681633191
0.3094166666666667,-0.08991952493069073
0.3095,-0.07865932991463735
0.3095833333333333,0.12065977369903302
0.30966666666666665,0.12053253384709367
0.30975,0.0028327851245558114
0.30983333333333335,0.11463217880730593
0.3099166666666667,-0.0015831282657642015
0.31,0.1460966909384055
0.3100833333333333,0.17651922465269193
0.31016666666666665,-0.06334606049844461
0.31025,0.08936192201168132
0.31033333333333335,-0.0759309276463081
0.3104166666666667,0.04325685819836636
0.3105,0.5448136398494124
0.3105833333333333,0.055164221301588434
0.31066666666666665,-0.015807732309669826
0.31075,0.26474763602935447
0.31083333333333335,-0.5135823702731555
0.3109166666666667,-0.49938878980604323
0.311,0.18756038303111913
0.3110833333333333,0.27741680866866447
0.31116666666666665,0.5577090631650338
0.31125,0.73092234513172
0.31133333333333335,0.4524023666229562
0.3114166666666667,0.12692299581005997
0.3115,0.07360276817006334
0.3115833333333333,0.36386431985818496
0.31166666666666665,0.5216635019762303
0.31175,0.35427651995765824
0.31183333333333335,0.25809856115242297
0.3119166666666667,0.4603647741416504
0.312,0.4214666142690357
0.3120833333333333,0.3211131436885071
0.31216666666666665,0.2640013409550301
0.31225,-0.20401029530164053
0.31233333333333335,-0.2137099645919751
0.3124166666666667,0.20706062199310687
0.3125,0.4020626523413211
0.3125833333333333,0.19542272577518366
0.31266666666666665,-0.4355315810895898
0.31275,-0.3933465893642424
0.31283333333333335,0.06083257284435049
0.3129166666666667,0.14593497661071209
0.313,0.22801150014727212
0.3130833333333333,0.10157077290871618
0.31316666666666665,-0.1618078765140942
0.31325,-0.11662951569882248
0.31333333333333335,0.17984054056099033
0.3134166666666667,0.22291199069422102
0.3135,-0.12170078255813589
0.3135833333333333,-0.2785554368617325
0.31366666666666665,-0.06318192995138146
0.31375,0.1998727771549882
0.31383333333333335,0.3729759312391897
0.3139166666666667,0.38873728724259154
0.314,0.07873739500953046
0.3140833333333333,-0.0010648492996637132
0.31416666666666665,0.2392245037091759
0.31425,0.20395460173774746
0.31433333333333335,0.29480163458051
0.3144166666666667,0.2926348186081108
0.3145,0.05009859020448257
0.3145833333333333,0.3584975822903093
0.31466666666666665,0.46407632210076377
0.31475,-0.07061494411382356
0.31483333333333335,-0.11764927430978171
0.3149166666666667,0.1642762321549993
0.315,0.21989123680624673
0.3150833333333333,0.4361213215921309
0.31516666666666665,0.502727859532667
0.31525,0.26150352549121986
0.31533333333333335,0.2135187892504709
0.3154166666666667,0.28739625896526727
0.3155,0.07771599577588213
0.3155833333333333,-0.30786639400279187
0.31566666666666665,-0.2320185184320886
0.31575,-0.10785359125654269
0.31583333333333335,-0.24194549630387996
0.3159166666666667,-0.22987864791945845
0.316,-0.336860323791463
0.3160833333333333,-0.2795323790605222
0.31616666666666665,-0.2110501847917753
0.31625,-0.3984966566469804
0.31633333333333336,-0.21183873735920736
0.3164166666666667,0.007079974540385051
0.3165,-0.007788478794874989
0.3165833333333333,-0.015979664155268466
0.31666666666666665,-0.2006383570192617
0.31675,-0.4819233614621318
0.31683333333333336,-0.4427303692607704
0.3169166666666667,-0.09149181014895454
0.317,-0.030640021564909452
0.31708333333333333,-0.21823870507441218
0.31716666666666665,-0.19872440217153595
0.31725,-0.246877133714608
0.31733333333333336,-0.40611901722408816
0.3174166666666667,-0.445130435825132
0.3175,-0.25674119109494437
0.31758333333333333,0.12420237504694061
0.31766666666666665,0.27703619806704777
0.31775,0.5302599912944929
0.31783333333333336,0.7265833910696041
0.3179166666666667,0.19304397231018386
0.318,-0.19863292189998943
0.31808333333333333,-0.23962584422277694
0.31816666666666665,-0.1969430405767007
0.31825,0.12192539437378853
0.31833333333333336,0.21431533828198784
0.3184166666666667,0.18988995044744852
0.3185,0.016547985413110654
0.31858333333333333,-0.31725192547617764
0.31866666666666665,-0.26370497070207044
0.31875,-0.2573690850329297
0.31883333333333336,-0.2320020067634033
0.3189166666666667,-0.07793772064455669
0.319,-0.12447380013026617
0.31908333333333333,-0.07585218939443936
0.31916666666666665,-0.22172857947144903
0.31925,-0.31701512757735306
0.31933333333333336,-0.11338265910377279
0.3194166666666667,-0.20116552491769385
0.3195,-0.09265005466187153
0.31958333333333333,0.012765124183906778
0.31966666666666665,-0.15737039810047582
0.31975,-0.06330176629311295
0.31983333333333336,-0.22600246782816735
0.3199166666666667,-0.07905331940518576
0.32,0.5092769944716963
0.32008333333333333,0.4259183874123102
0.32016666666666665,0.22339119121153395
0.32025,0.07595245755682667
0.32033333333333336,-0.03737221453300143
0.3204166666666667,0.19782688961698214
0.3205,0.17100460080631372
0.32058333333333333,-0.09372229961961363
0.32066666666666666,-0.12743486808310042
0.32075,-0.11279342782539653
0.32083333333333336,-0.15500753797508
0.3209166666666667,-0.16341589952352722
0.321,-0.40644129296654796
0.32108333333333333,-0.48575195249982434
0.32116666666666666,0.014275275454503345
0.32125,0.4608861155592981
0.32133333333333336,0.5198646099305924
0.3214166666666667,0.24973019231662558
0.3215,0.04176450138004613
0.32158333333333333,0.32807318139438635
0.32166666666666666,0.6498684015186997
0.32175,0.472997335657345
0.32183333333333336,0.422756362275357
0.3219166666666667,0.46767279930783606
0.322,0.11210451947966056
0.32208333333333333,0.17210376350791942
0.32216666666666666,0.023486002937565042
0.32225,-0.4766239349814559
0.32233333333333336,-0.14894083202177855
0.3224166666666667,0.16559672132772163
0.3225,0.12763209293838648
0.32258333333333333,0.1114109408323411
0.32266666666666666,0.04212858015644501
0.32275,-0.02633911758589592
0.32283333333333336,-0.15735307362507528
0.3229166666666667,-0.2188444592994935
0.323,-0.4261458727533919
0.32308333333333333,-0.6195579229885492
0.32316666666666666,-0.4440052294699081
0.32325,-0.2703948114347805
0.3233333333333333,-0.38072302066283215
0.3234166666666667,-0.4992813727634846
0.3235,-0.35513719177457975
0.32358333333333333,-0.4643350717171631
0.32366666666666666,-0.47671016834507984
0.32375,-0.024732053370561193
0.3238333333333333,-0.021910566356084186
0.3239166666666667,-0.0641724819699036
0.324,0.05831480116363794
0.32408333333333333,-0.13956730587588545
0.32416666666666666,-0.020030948714828172
0.32425,0.13712608263347265
0.3243333333333333,-0.13158819292530882
0.3244166666666667,-0.2045798981193786
0.3245,-0.28193767509656065
0.32458333333333333,-0.40031800894047037
0.32466666666666666,-0.15642180813421144
0.32475,-0.265775586076876
0.3248333333333333,-0.4435516934760541
0.3249166666666667,-0.28960283308226625
0.325,-0.5023248034712419
0.32508333333333334,-0.39107630472730365
0.32516666666666666,-0.13518247943436443
0.32525,-0.24025120599654992
0.3253333333333333,0.03524686384317505
0.3254166666666667,0.006751269710233988
0.3255,-0.12155667579338705
0.32558333333333334,-0.0061805140581667915
0.32566666666666666,-0.4348622489134552
0.32575,-0.2331448828275881
0.3258333333333333,0.3920067067222169
0.3259166666666667,0.36998567606335947
0.326,0.7434396044189592
0.32608333333333334,0.7788614972100941
0.32616666666666666,0.14076889405459977
0.32625,0.28159791185810723
0.3263333333333333,0.538720655152176
0.3264166666666667,0.4494674918011935
0.3265,0.37035161870087474
0.32658333333333334,0.3271352361836624
0.32666666666666666,0.4460053215249141
0.32675,0.1889096392054727
0.3268333333333333,-0.05997177652271924
0.3269166666666667,-0.0931501082483696
0.327,-0.32129592895595965
0.32708333333333334,-0.10744579185547719
0.32716666666666666,0.35822708185323526
0.32725,0.49531194392476546
0.3273333333333333,0.5864416219091627
0.3274166666666667,0.5763196942021687
0.3275,0.23141282805565228
0.32758333333333334,0.1848573394234011
0.32766666666666666,0.2346258679982904
0.32775,0.11715644378153715
0.3278333333333333,0.34498268391297965
0.3279166666666667,0.0949938810432506
0.328,-0.14800898718473335
0.32808333333333334,0.12883673383823566
0.32816666666666666,0.17834325288495806
0.32825,0.18243268505187726
0.3283333333333333,0.008969625355111113
0.3284166666666667,0.03417983401725197
0.3285,-0.08585751278470498
0.32858333333333334,-0.4535359430460101
0.32866666666666666,-0.34544803075504893
0.32875,-0.4070403700811687
0.3288333333333333,-0.21362462477048666
0.3289166666666667,0.058746042993954174
0.329,-0.25174510931182476
0.32908333333333334,-0.4873293536302226
0.32916666666666666,-0.5182482718741832
0.32925,-0.21122724545693283
0.3293333333333333,0.19697815369867733
0.3294166666666667,0.4790728868423844
0.3295,0.5137537125502989
0.32958333333333334,0.09245939424631555
0.32966666666666666,-0.07149888886707936
0.32975,-0.06708668288515889
0.3298333333333333,-0.5152861631345708
0.3299166666666667,-0.5289982015124828
0.33,0.12075761660489158
0.33008333333333334,0.27196500514458993
0.33016666666666666,0.26207371388800366
0.33025,0.18689334648416575
0.3303333333333333,-0.2547409920941545
0.3304166666666667,-0.34359044738818173
0.3305,-0.19517841324047672
0.33058333333333334,0.1710616896965124
0.33066666666666666,0.2430774879725942
0.33075,0.19170426858744333
0.3308333333333333,0.4554786456464083
0.3309166666666667,0.10101678728833989
0.331,0.03714120756084444
0.33108333333333334,0.21580330258818628
0.33116666666666666,0.057735811023232865
0.33125,0.17748013105526217
0.3313333333333333,0.2728555647624021
0.3314166666666667,0.49386510299680014
0.3315,0.49222431646772197
0.33158333333333334,0.4003735802622312
0.33166666666666667,0.4132176173910524
0.33175,0.07133198017620576
0.3318333333333333,0.3019269491697746
0.3319166666666667,0.7265520891372442
0.332,0.4852609731504769
0.33208333333333334,0.31977925238708876
0.33216666666666667,0.22834081927523295
0.33225,-0.13314768280220124
0.3323333333333333,-0.09960292229764385
0.3324166666666667,0.07807706214819836
0.3325,-0.011248353886189815
0.33258333333333334,0.15163979445614637
0.33266666666666667,0.08407103869825468
0.33275,0.03920702311202083
0.3328333333333333,-0.003582801453763103
0.3329166666666667,-0.46467949653535157
0.333,-0.3784348939434572
0.33308333333333334,-0.48701977650379863
0.33316666666666667,-0.5776459553443993
0.33325,0.07134633267620114
0.3333333333333333,-0.00047626583842604346
0.33341666666666664,-0.1257603122648177
0.3335,0.4233356250561008
0.33358333333333334,0.3795837234724042
0.33366666666666667,0.174281763524676
0.33375,0.2842162426133807
0.3338333333333333,-0.13029874535164862
0.33391666666666664,-0.14880148924687545
0.334,0.2828727078952889
0.33408333333333334,-0.020810307413252845
0.33416666666666667,-0.17511426989884202
0.33425,-0.07004100631678577
0.3343333333333333,-0.28764966700274947
0.33441666666666664,-0.4995065244153995
0.3345,-0.5256067451406231
0.33458333333333334,-0.6813785477035493
0.33466666666666667,-0.6337357476769044
0.33475,-0.13637734806661314
0.3348333333333333,-0.34176995458214066
0.33491666666666664,-0.45576262396155315
0.335,-0.24478598069634472
0.33508333333333334,-0.6251082081836451
0.33516666666666667,-0.5428114023807523
0.33525,-0.3963982585532041
0.3353333333333333,-0.49333375495665927
0.33541666666666664,-0.29947412115806066
0.3355,-0.19078786045946183
0.33558333333333334,-0.03809939505236696
0.33566666666666667,0.08055758541609374
0.33575,0.004104230655720601
0.3358333333333333,-0.0916880454730563
0.33591666666666664,-0.12391284182359469
0.336,-0.037859888681684044
0.33608333333333335,0.13659653740382932
0.33616666666666667,0.34449303759305716
0.33625,0.4705065956707802
0.3363333333333333,0.34520403387963733
0.33641666666666664,0.22962886475065358
0.3365,0.34104676596306555
0.33658333333333335,0.2975180803068109
0.33666666666666667,0.1661141412207775
0.33675,0.03509696665510502
0.3368333333333333,-0.1653322859234147
0.33691666666666664,-0.10705104257413078
0.337,0.18899561543230842
0.33708333333333335,0.3048115985588605
0.33716666666666667,0.04592238197507829
0.33725,-0.2074348257912812
0.3373333333333333,-0.2654220961714226
0.33741666666666664,-0.36244534485078334
0.3375,-0.537936380259394
0.33758333333333335,-0.36454915224531004
0.33766666666666667,0.010126585170971394
0.33775,-0.005828124374025144
0.3378333333333333,-0.06421764948576228
0.33791666666666664,-0.42390016700655486
0.338,-0.6587250426474035
0.33808333333333335,-0.3794912428691395
0.33816666666666667,-0.5306996397011446
0.33825,-0.30532183453023765
0.3383333333333333,-0.19756444837242937
0.33841666666666664,-0.5102635708782283
0.3385,-0.30337479975774
0.33858333333333335,-0.8064678111699322
0.33866666666666667,-1.054976973345036
0.33875,-0.6749543008658577
0.3388333333333333,-0.8495955250478237
0.33891666666666664,-0.44655615108379537
0.339,-0.19415597820413272
0.33908333333333335,-0.38314048281323126
0.33916666666666667,-0.12720058598194384
0.33925,-0.33790456011535636
0.3393333333333333,-0.3271703255974128
0.33941666666666664,0.15680515134208933
0.3395,0.29468430049712874
0.33958333333333335,0.5788634787589794
0.3396666666666667,0.5196553001421825
0.33975,0.5573545941094199
0.3398333333333333,0.9722302547935741
0.33991666666666664,0.5462174536635084
0.34,0.4397975878267826
0.34008333333333335,0.6334532925793434
0.3401666666666667,0.46214734932727236
0.34025,0.6431182194639762
0.3403333333333333,0.34490730079938686
0.34041666666666665,0.23757156468353108
0.3405,0.5557151389511913
0.34058333333333335,0.3463577726430722
0.3406666666666667,0.33139950794001916
0.34075,-0.003730754806307825
0.3408333333333333,-0.3521044344660635
0.34091666666666665,0.19744149485814172
0.341,0.40188512885361466
0.34108333333333335,0.18803930541226926
0.3411666666666667,0.2028596468447115
0.34125,0.1664482992119716
0.3413333333333333,0.422307966710546
0.34141666666666665,0.7153927438068083
0.3415,0.31548778776927655
0.34158333333333335,0.010750633500502673
0.3416666666666667,0.24469545544820745
0.34175,0.5623652139118529
0.3418333333333333,0.7871388733949952
0.34191666666666665,0.6525401814491639
0.342,0.09333388573185862
0.34208333333333335,-0.15804225732164512
0.3421666666666667,0.07593335019091484
0.34225,0.17672654880731437
0.3423333333333333,0.5026294925066167
0.34241666666666665,0.6673366054864224
0.3425,0.35063660783249084
0.34258333333333335,0.3635591960370396
0.3426666666666667,0.33118300610950135
0.34275,0.07796154384331735
0.3428333333333333,-0.11045668844771867
0.34291666666666665,-0.062256457023260846
0.343,0.02838300879455685
0.34308333333333335,0.10148696597233443
0.3431666666666667,0.20082678837275375
0.34325,-0.22492842106151417
0.3433333333333333,-0.3883219532980597
0.34341666666666665,-0.28689725170506963
0.3435,-0.041247679635123886
0.34358333333333335,0.4028392659477307
0.3436666666666667,-0.09868385056827532
0.34375,-0.3392773994757147
0.3438333333333333,-0.3505573225265224
0.34391666666666665,-0.5878847976699072
0.344,-0.0949177778994925
0.34408333333333335,-0.1595390386961754
0.3441666666666667,-0.20270315027324687
0.34425,0.20905199236809272
0.3443333333333333,0.024336618727069107
0.34441666666666665,0.05431420779195843
0.3445,-0.08172440727997082
0.34458333333333335,-0.4108211381338608
0.3446666666666667,-0.2004852947348827
0.34475,-0.06407875071810726
0.3448333333333333,0.06899320832604626
0.34491666666666665,0.30132153436874176
0.345,0.42266312066577894
0.34508333333333335,0.4308736519226398
0.3451666666666667,0.19527637045240265
0.34525,0.005261167915710641
0.3453333333333333,-0.1148258622266048
0.34541666666666665,-0.08691698086488611
0.3455,-0.03522144008847976
0.34558333333333335,-0.1349841938882595
0.3456666666666667,0.04041355958708293
0.34575,0.01514739035364521
0.3458333333333333,0.15877727207196213
0.34591666666666665,0.5108881640829586
0.346,0.17601540876247418
0.34608333333333335,0.15546055392504593
0.3461666666666667,0.06635140355426437
0.34625,-0.2774795011491367
0.3463333333333333,0.010227606575636237
0.34641666666666665,-0.19480681835703537
0.3465,-0.465468636878225
0.34658333333333335,-0.25571338992504017
0.3466666666666667,-0.11021314014316606
0.34675,0.19468316212455436
0.3468333333333333,-0.006701596448545999
0.34691666666666665,-0.3827633320552776
0.347,-0.30734055607894933
0.34708333333333335,-0.2082247838365944
0.3471666666666667,0.15314654500054295
0.34725,0.4007742376563008
0.3473333333333333,0.35675527031554805
0.34741666666666665,0.36198609707874246
0.3475,0.07237963274924117
0.34758333333333336,-0.03191214977353424
0.3476666666666667,0.030636404918516488
0.34775,-0.2596180813285192
0.3478333333333333,-0.39161532636772767
0.34791666666666665,-0.5947406872931845
0.348,-0.6357037063424635
0.34808333333333336,-0.18283179900144111
0.3481666666666667,-0.03919504307367221
0.34825,-0.07899537273501496
0.34833333333333333,-0.2651339802385221
0.34841666666666665,-0.664530740300673
0.3485,-0.5806657527554272
0.34858333333333336,-0.3286350305446628
0.3486666666666667,-0.4467377443728873
0.34875,-0.26957683093548107
0.34883333333333333,0.09813149491618363
0.34891666666666665,0.32400144987289414
0.349,0.5683455559638682
0.34908333333333336,0.1777749257761892
0.3491666666666667,-0.10414830159309209
0.34925,-0.0691893706531676
0.34933333333333333,-0.2683380654746325
0.34941666666666665,0.30252447182754044
0.3495,0.38603688318819085
0.34958333333333336,-0.03215067973324616
0.3496666666666667,0.599660916321002
0.34975,0.6720078295717244
0.34983333333333333,0.28387499036764857
0.34991666666666665,0.25687264958101597
0.35,-0.23351886714035033
0.35008333333333336,-0.5803570073051255
0.3501666666666667,-0.3804711333520145
0.35025,-0.20185252390171252
0.35033333333333333,-0.13980165103784556
0.35041666666666665,-0.15912336290890636
0.3505,-0.18717292598250138
0.35058333333333336,0.2006625864765851
0.3506666666666667,0.3951141157792753
0.35075,-0.039464490469683644
0.35083333333333333,-0.42626250244129404
0.35091666666666665,-0.8282627100411241
0.351,-0.762575068148399
0.35108333333333336,-0.24792750496941438
0.3511666666666667,0.1520858249655711
0.35125,0.3972611441892033
0.35133333333333333,0.2017482203088253
0.35141666666666665,0.1430980823918726
0.3515,-0.03212548425190017
0.35158333333333336,-0.2790547585900129
0.3516666666666667,-0.17750985121385934
0.35175,-0.5055607810720832
0.35183333333333333,-0.609103295966622
0.35191666666666666,-0.2479675299279383
0.352,0.13123922338329036
0.35208333333333336,0.5566379940821098
0.3521666666666667,0.4974510465739407
0.35225,0.012457174902381535
0.35233333333333333,-0.47263456450298075
0.35241666666666666,-0.4910979144310773
0.3525,-0.2192968636026619
0.35258333333333336,-0.09742268478764139
0.3526666666666667,0.3044351220821823
0.35275,0.5423538079837601
0.35283333333333333,0.3044822359923743
0.35291666666666666,0.2525035031195543
0.353,0.11426912487299452
0.35308333333333336,-0.17986812119832374
0.3531666666666667,-0.0013396386051145767
0.35325,0.156062900365591
0.35333333333333333,0.07058680700894623
0.35341666666666666,0.3463980650226664
0.3535,0.37073061824814085
0.35358333333333336,0.171262612537515
0.3536666666666667,0.16033672810071536
0.35375,-0.22054843601995255
0.35383333333333333,-0.2846273005748939
0.35391666666666666,-0.0652644415071904
0.354,-0.013626041783425814
0.35408333333333336,0.2934646826353036
0.3541666666666667,0.0117045433896454
0.35425,-0.4686161505460386
0.35433333333333333,-0.4246085653278608
0.35441666666666666,-0.3635822292659841
0.3545,0.1077711043206481
0.3545833333333333,0.39496064217055016
0.3546666666666667,0.24683743099710154
0.35475,0.3643448805895836
0.35483333333333333,0.23119515266385568
0.35491666666666666,0.19321804181706187
0.355,0.21123839328043936
0.3550833333333333,0.037172595077783525
0.3551666666666667,0.4655618883156611
0.35525,0.5921982434620866
0.35533333333333333,0.39754258324009106
0.35541666666666666,0.468725281549733
0.3555,0.16440784276370315
0.3555833333333333,-0.06350627768149135
0.3556666666666667,-0.24942915042815283
0.35575,-0.34447428764037363
0.35583333333333333,-0.3223733745851165
0.35591666666666666,-0.36463708401166944
0.356,0.26811834305414345
0.3560833333333333,0.33231771602550275
0.3561666666666667,-0.20751661904934063
0.35625,-0.0930800667324745
0.35633333333333334,-0.3034226371833862
0.35641666666666666,-0.37217908728841803
0.3565,0.0903418417753705
0.3565833333333333,0.2877169221809936
0.3566666666666667,0.33108610126878596
0.35675,0.10893783007701226
0.35683333333333334,0.153754577472367
0.35691666666666666,0.3763280058703903
0.357,0.20143731672689077
0.3570833333333333,0.28783188174978763
0.3571666666666667,0.2374319007193864
0.35725,-0.06369804395581947
0.35733333333333334,0.034562012592328814
0.35741666666666666,-0.050074414304605026
0.3575,-0.2943710586774578
0.3575833333333333,-0.4336910604286305
0.3576666666666667,-0.4458631934719231
0.35775,-0.0819050703864578
0.35783333333333334,0.0865164049301915
0.35791666666666666,0.11146056140511974
0.358,0.07937243714956861
0.3580833333333333,-0.22903339516887022
0.3581666666666667,-0.21024026387543887
0.35825,-0.1734658225740943
0.35833333333333334,-0.24293752128032078
0.35841666666666666,0.05696595033445858
0.3585,0.2715948150014756
0.3585833333333333,0.4273922446261466
0.3586666666666667,0.5861576638177186
0.35875,0.1747192054247807
0.35883333333333334,-0.1660753810556043
0.35891666666666666,-0.032115278105622994
0.359,-0.051651297150286525
0.3590833333333333,0.18800898393133522
0.3591666666666667,0.3784563109501605
0.35925,0.1038113245103318
0.35933333333333334,0.12260269794393545
0.35941666666666666,0.016333934101719603
0.3595,-0.09617603629544036
0.3595833333333333,0.1312727349928659
0.3596666666666667,-0.09535101140269159
0.35975,-0.3006253852436176
0.35983333333333334,0.12796823557147072
0.35991666666666666,0.35129781272122684
0.36,0.17647597904065043
0.3600833333333333,0.3110676277199749
0.3601666666666667,0.08885582488157742
0.36025,-0.42473341646884794
0.36033333333333334,-0.22875651258349705
0.36041666666666666,-0.23418711656078378
0.3605,-0.32684777732227666
0.3605833333333333,0.042153310029587734
0.3606666666666667,0.02124856109802008
0.36075,-0.2200639118985719
0.36083333333333334,-0.277283535726772
0.36091666666666666,-0.2007303171549215
0.361,-0.058499587286656836
0.3610833333333333,-0.05372470461097136
0.3611666666666667,-0.07655525999200367
0.36125,0.035028440346910286
0.36133333333333334,0.05743470876001285
0.36141666666666666,-0.08739745264686967
0.3615,-0.133387794978119
0.3615833333333333,-0.06586523015248076
0.3616666666666667,-0.027074285827024123
0.36175,-0.1387356404479518
0.36183333333333334,-0.33584431689488586
0.36191666666666666,-0.5242936337869164
0.362,-0.5852374235147993
0.3620833333333333,-0.297651354092982
0.3621666666666667,0.02344227957819497
0.36225,0.23094627499910148
0.36233333333333334,0.3749001426626127
0.36241666666666666,0.35257297661849185
0.3625,0.22384844876920687
0.3625833333333333,-0.002877391939984496
0.3626666666666667,-0.035269759243090636
0.36275,-0.17800566604453813
0.36283333333333334,-0.45142134697311176
0.36291666666666667,-0.09920170775283467
0.363,0.23775972282053962
0.3630833333333333,0.2761143540264723
0.3631666666666667,0.4855317376142261
0.36325,0.4869550717038305
0.36333333333333334,0.30356473577783677
0.36341666666666667,0.26826273444650167
0.3635,0.08467903222699172
0.3635833333333333,-0.24223456593808662
0.3636666666666667,-0.13483926286821507
0.36375,0.14325636921995705
0.36383333333333334,0.1718628652688724
0.36391666666666667,0.06336350830388467
0.364,-0.13497867269258823
0.3640833333333333,-0.19331582325787894
0.3641666666666667,-0.2405800276660152
0.36425,-0.1841393101460179
0.36433333333333334,0.01363367468383964
0.36441666666666667,-0.25649834147663103
0.3645,-0.317261565155812
0.3645833333333333,0.08231781694522478
0.36466666666666664,-0.01826974544934516
0.36475,-0.1141734228073797
0.36483333333333334,-0.10487420292299911
0.36491666666666667,-0.35956161668210534
0.365,-0.3494631000767883
0.3650833333333333,-0.12776973756834248
0.36516666666666664,0.16444239895585502
0.36525,0.03195564368515402
0.36533333333333334,-0.1224127126337117
0.36541666666666667,0.11121241728430238
0.3655,-0.1111353458703901
0.3655833333333333,0.020063870362252576
0.36566666666666664,0.3308035003491421
0.36575,0.20244668636634508
0.36583333333333334,0.11468627929902954
0.36591666666666667,-0.03645708101984522
0.366,0.010099039776356514
0.3660833333333333,-0.22377319702442688
0.36616666666666664,-0.3155422576636199
0.36625,-0.2503597712583537
0.36633333333333334,-0.6044052061230712
0.36641666666666667,-0.49204213074294517
0.3665,-0.7209981091028734
0.3665833333333333,-0.6497723944045272
0.36666666666666664,-0.22765512881494687
0.36675,-0.715334124457743
0.36683333333333334,-0.6026849769416441
0.36691666666666667,-0.6006624783625824
0.367,-0.5937822321364664
0.3670833333333333,0.03154746702616574
0.36716666666666664,-0.29974341508805685
0.36725,-0.221979437923661
0.36733333333333335,0.00618236841685237
0.36741666666666667,-0.35453435851354986
0.3675,0.2177170303656364
0.3675833333333333,0.08990189027051075
0.36766666666666664,-0.4476692096837823
0.36775,0.27516393658788013
0.36783333333333335,0.004425860541137296
0.36791666666666667,-0.3146967985641798
0.368,0.3825074917607484
0.3680833333333333,0.06888445776707679
0.36816666666666664,0.19850333419295133
0.36825,0.5291907377681425
0.36833333333333335,-0.023650320554046086
0.36841666666666667,0.11065157805124688
0.3685,0.238253995155543
0.3685833333333333,-0.010933942397658446
0.36866666666666664,0.057103411066009295
0.36875,0.20271572944080388
0.36883333333333335,0.2300346611107274
0.36891666666666667,0.6118095119832953
0.369,0.997374345367398
0.3690833333333333,0.6762651284463613
0.36916666666666664,0.7610524500417927
0.36925,0.752683185189567
0.36933333333333335,0.40915958431715654
0.36941666666666667,0.794230846395463
0.3695,0.8295441442070525
0.3695833333333333,0.56383303087777
0.36966666666666664,0.4538724195476592
0.36975,0.16410334937869178
0.36983333333333335,0.28398447799848986
0.36991666666666667,0.08170878033300877
0.37,-0.6308733840726174
0.3700833333333333,-0.7205149941923564
0.37016666666666664,-0.6878069563675892
0.37025,-0.27832119364482694
0.37033333333333335,0.03759767207665752
0.37041666666666667,-0.7654755982815278
0.3705,-0.8087429459575205
0.3705833333333333,-0.2935379224121286
0.37066666666666664,-0.231590277057696
0.37075,-0.06983325142371818
0.37083333333333335,-0.4590799276222421
0.3709166666666667,-1.0057934595316798
0.371,-0.5704479325719816
0.3710833333333333,0.1829008679398205
0.37116666666666664,0.05539219427519188
0.37125,-0.17785608500817313
0.37133333333333335,-0.02869871137525649
0.3714166666666667,0.16511370748085566
0.3715,0.6602063086599766
0.3715833333333333,0.5994175712346735
0.37166666666666665,0.34452876530843396
0.37175,0.35171800137716136
0.37183333333333335,0.1756437552836516
0.3719166666666667,0.4809596116559113
0.372,0.6246123680708243
0.3720833333333333,0.1684942928085307
0.37216666666666665,0.16542466226250688
0.37225,0.39289126951405845
0.37233333333333335,0.16529499773206985
0.3724166666666667,0.2265521479300352
0.3725,0.407597533259682
0.3725833333333333,0.3232569522013654
0.37266666666666665,0.6147596679973216
0.37275,0.49018146475851865
0.37283333333333335,0.2651137471257292
0.3729166666666667,0.4345657112332521
0.373,0.5559527098390877
0.3730833333333333,1.0599265385995302
0.37316666666666665,0.978015324483775
0.37325,0.28947922336471704
0.37333333333333335,0.12870607993639194
0.3734166666666667,0.10938277911604648
0.3735,0.11838992425777171
0.3735833333333333,0.28658603872078525
0.37366666666666665,-0.027781248572599178
0.37375,-0.41544336169225143
0.37383333333333335,0.017777328702704934
0.3739166666666667,0.2300360285710461
0.374,0.12921491147798259
0.3740833333333333,0.07243659826740391
0.37416666666666665,-0.561990254774265
0.37425,-0.5677167160769481
0.37433333333333335,-0.07718427270700555
0.3744166666666667,-0.17676676807276492
0.3745,-0.2612895132430876
0.3745833333333333,-0.6685458112303605
0.37466666666666665,-0.7986277959439966
0.37475,-0.1733062014899205
0.37483333333333335,-0.2750335481486507
0.3749166666666667,-0.46001709684187103
0.375,-0.39089027474607096
0.3750833333333333,-0.7525888474027946
0.37516666666666665,-0.6466250287486752
0.37525,-0.2880075288148432
0.37533333333333335,-0.0593060121985065
0.3754166666666667,-0.10996061994145336
0.3755,-0.28632714036509416
0.3755833333333333,0.3355076747106595
0.37566666666666665,0.4963662215401744
0.37575,-0.02604456030620961
0.37583333333333335,-0.07640145570941505
0.3759166666666667,-0.15871816079513468
0.376,-0.08026553151669696
0.3760833333333333,0.25632603849691743
0.37616666666666665,0.24073111467387315
0.37625,-0.1455902808606701
0.37633333333333335,-0.3393775288471022
0.3764166666666667,-0.12150577672367911
0.3765,-0.08022919622272208
0.3765833333333333,0.0286432348557267
0.37666666666666665,0.16315273118327853
0.37675,0.10360094330487074
0.37683333333333335,0.42513734546404425
0.3769166666666667,0.6848914016701414
0.377,0.5501361632876268
0.3770833333333333,0.42868130239393465
0.37716666666666665,0.4339507959967077
0.37725,0.5093470581777659
0.37733333333333335,0.5022278268513746
0.3774166666666667,0.14715775688575883
0.3775,-0.4252081961779439
0.3775833333333333,-0.5702738376348638
0.37766666666666665,-0.2909586705061668
0.37775,0.14391756503013978
0.37783333333333335,0.3944142163918511
0.3779166666666667,0.3639140829391752
0.378,0.2805794724384255
0.3780833333333333,-0.22390410063140104
0.37816666666666665,-0.4494062782351142
0.37825,-0.010748509814466716
0.37833333333333335,0.24533710480886967
0.3784166666666667,0.2974410032496919
0.3785,0.09893328857811315
0.3785833333333333,-0.06937552934966708
0.37866666666666665,0.03784160198135525
0.37875,-0.08424889065425818
0.37883333333333336,-0.35990172074825993
0.3789166666666667,-0.4455212551357689
0.379,-0.2558331317412759
0.3790833333333333,-0.04283525919981968
0.37916666666666665,0.09909841178520842
0.37925,0.1442406584932624
0.37933333333333336,-0.11506861751993204
0.3794166666666667,-0.1908950513955348
0.3795,-0.29125334416270066
0.37958333333333333,-0.8107748841405671
0.37966666666666665,-0.8354839386335465
0.37975,-0.6155030693856905
0.37983333333333336,-0.6672073964733284
0.3799166666666667,-0.5365706844305612
0.38,-0.5720410050180299
0.38008333333333333,-0.6328968303013508
0.38016666666666665,-0.4845073332645184
0.38025,-0.5593808607564564
0.38033333333333336,-0.4827899827555432
0.3804166666666667,-0.4081414957236798
0.3805,-0.5125032358265388
0.38058333333333333,-0.21722170054951745
0.38066666666666665,0.13608170309033657
0.38075,0.31285348994468964
0.38083333333333336,0.43240585853715147
0.3809166666666667,0.22666081703471344
0.381,-0.17011510417815484
0.38108333333333333,-0.24112475375679385
0.38116666666666665,0.007413097870922575
0.38125,0.356808577695043
0.38133333333333336,0.6590415877908613
0.3814166666666667,0.3618919525015804
0.3815,0.1058374833986783
0.38158333333333333,0.14580231497006746
0.38166666666666665,-0.11435663005298836
0.38175,-0.00938472469856012
0.38183333333333336,0.07583047106565963
0.3819166666666667,0.1574737645709092
0.382,0.6280945370633872
0.38208333333333333,0.6989630057410293
0.38216666666666665,0.4894551698365625
0.38225,-0.09266972853863603
0.38233333333333336,-0.6379294571344949
0.3824166666666667,-0.43678146576192567
0.3825,-0.1270733241802404
0.38258333333333333,-0.006917335297680444
0.38266666666666665,0.05595273049069375
0.38275,-0.05127413737556107
0.38283333333333336,-0.2414089073980711
0.3829166666666667,-0.3178915127983272
0.383,-0.3351181719059912
0.38308333333333333,-0.09856879907840788
0.38316666666666666,0.32563791762353306
0.38325,0.4958498124499491
0.38333333333333336,0.304761407529823
0.3834166666666667,-0.04435952403972255
0.3835,-0.22847990470271978
0.38358333333333333,-0.29660891646787085
0.38366666666666666,-0.1810768740151791
0.38375,-0.29164569232853604
0.38383333333333336,-0.38772295853540695
0.3839166666666667,0.04402415651162491
0.384,-0.09214611846412135
0.38408333333333333,-0.2658665995868669
0.38416666666666666,-0.1281111337939569
0.38425,-0.3131468063401956
0.38433333333333336,-0.1704736157663439
0.3844166666666667,0.2543949995831457
0.3845,0.5328482640679731
0.38458333333333333,0.31380111616075956
0.38466666666666666,0.2700882944506408
0.38475,0.38605806696767636
0.38483333333333336,-0.08448237540836934
0.3849166666666667,0.018673954825136053
0.385,0.37983205779622387
0.38508333333333333,0.3537978999904106
0.38516666666666666,0.6162121903174188
0.38525,0.797334598970319
0.38533333333333336,0.4159919176732066
0.3854166666666667,0.15056337219676438
0.3855,0.2820688692741974
0.38558333333333333,0.32702653579023305
0.38566666666666666,0.6026540332111836
0.38575,0.5368692959519398
0.3858333333333333,0.10772310828036503
0.3859166666666667,0.16901777247284105
0.386,0.17198767080167637
0.38608333333333333,0.0006231620545022573
0.38616666666666666,-0.23521385757077518
0.38625,-0.3603735378208535
0.3863333333333333,-0.3065563365348022
0.3864166666666667,0.06154552915842036
0.3865,0.44788395186129265
0.38658333333333333,0.16322702178377124
0.38666666666666666,-0.07636387172198471
0.38675,-0.375107805089621
0.3868333333333333,-0.5669245349456047
0.3869166666666667,-0.2299243890783692
0.387,-0.09744957211478517
0.38708333333333333,-0.06827903933324546
0.38716666666666666,-0.01869822393929159
0.38725,-0.049249978721203715
0.3873333333333333,-0.08406805525814286
0.3874166666666667,0.15896001224363676
0.3875,0.1681231718073225
0.38758333333333334,0.01690644852934704
0.38766666666666666,0.3326298753095985
0.38775,0.251618668677975
0.3878333333333333,0.3729827148184187
0.3879166666666667,0.3864608168425983
0.388,-0.18063299695622684
0.38808333333333334,-0.07035781789841018
0.38816666666666666,-0.17418977642720485
0.38825,-0.3619655756589481
0.3883333333333333,-0.16062346274470765
0.3884166666666667,-0.24105081223440392
0.3885,-0.13277279283602547
0.38858333333333334,0.1328333992408405
0.38866666666666666,0.18644231622707896
0.38875,0.0673037399451064
0.3888333333333333,0.08133628205611182
0.3889166666666667,0.1785488809153012
0.389,0.09410133227094986
0.38908333333333334,0.14203015824262472
0.38916666666666666,0.4541496668262049
0.38925,0.4155635596271237
0.3893333333333333,0.16417130572399047
0.3894166666666667,0.20995347351015303
0.3895,0.019040663227734265
0.38958333333333334,0.019010013414601647
0.38966666666666666,0.05437788343340333
0.38975,0.03485776055283229
0.3898333333333333,0.39008144003623874
0.3899166666666667,0.020472952002785868
0.39,-0.15922638587358112
0.39008333333333334,-0.04397102811052859
0.39016666666666666,-0.45104888710767427
0.39025,-0.30688615290102406
0.3903333333333333,-0.15335451756945476
0.3904166666666667,-0.3469669751291302
0.3905,-0.30968718139420714
0.39058333333333334,-0.135474800482123
0.39066666666666666,-0.08242866342563006
0.39075,-0.2180247597794027
0.3908333333333333,-0.349972878828749
0.3909166666666667,-0.21087988347376158
0.391,0.12440130314863555
0.39108333333333334,0.10125075043169446
0.39116666666666666,0.18393648378793012
0.39125,0.36414742725543875
0.3913333333333333,0.27184812595110236
0.3914166666666667,0.25055218835561927
0.3915,-0.18336733524729998
0.39158333333333334,-0.18081747774914092
0.39166666666666666,0.5853027084736138
0.39175,0.34009262448828453
0.3918333333333333,-0.2676534009394503
0.3919166666666667,-0.0552810561370729
0.392,-0.12467509839702252
0.39208333333333334,-0.5247995671830141
0.39216666666666666,-0.5930689417538428
0.39225,-0.9262034855893524
0.3923333333333333,-0.949973697814121
0.3924166666666667,-0.4666561689532486
0.3925,-0.599873145844833
0.39258333333333334,-0.5836122504346523
0.39266666666666666,-0.19221429229145387
0.39275,-0.1242450242740305
0.3928333333333333,0.05287876589080627
0.3929166666666667,0.019314188163305355
0.393,-0.24599684014881984
0.39308333333333334,0.1513731164525953
0.39316666666666666,0.4253858005180117
0.39325,0.027678110189241146
0.3933333333333333,0.07982617505409066
0.3934166666666667,0.11324004415263658
0.3935,-0.015896174224530418
0.39358333333333334,0.21089860553548306
0.39366666666666666,0.010948022257431442
0.39375,0.04449689328105836
0.3938333333333333,0.19709711608939207
0.3939166666666667,0.16780573316672262
0.394,0.623238596466282
0.39408333333333334,0.6111064650390137
0.39416666666666667,0.5002828888453535
0.39425,0.4765315867166077
0.3943333333333333,0.07525279686586246
0.3944166666666667,-0.07486224159924539
0.3945,-0.1683145569058676
0.39458333333333334,-0.20535275023918323
0.39466666666666667,-0.30194095670504856
0.39475,-0.3714943619684963
0.3948333333333333,-0.22684292195119546
0.3949166666666667,-0.03441285731968429
0.395,0.1919877913552423
0.39508333333333334,-0.10658152286083733
0.39516666666666667,-0.25106217815387283
0.39525,-0.10182617301217131
0.3953333333333333,-0.2913240420603494
0.3954166666666667,-0.09293271826759043
0.3955,-0.08975526430525162
0.39558333333333334,-0.6141032298550426
0.39566666666666667,-0.7400777714271543
0.39575,-0.6940975496898069
0.3958333333333333,-0.5111219563963523
0.39591666666666664,-0.6051024017921435
0.396,-0.9876982973377663
0.39608333333333334,-0.5423368639748046
0.39616666666666667,-0.36772752617873483
0.39625,-0.4606285778970492
0.3963333333333333,-0.11527947818819144
0.39641666666666664,-0.31102287843401394
0.3965,-0.1926954333189026
0.39658333333333334,0.15074241745290262
0.39666666666666667,0.10990716337989408
0.39675,-0.06382055145878607
0.3968333333333333,-0.444059060045168
0.39691666666666664,-0.16034083414130662
0.397,0.06580218937318034
0.39708333333333334,-0.16483410804630164
0.39716666666666667,0.02363676941977418
0.39725,0.21434784012844293
0.3973333333333333,0.5054116502290121
0.39741666666666664,0.7485397076746014
0.3975,0.3857192963253068
0.39758333333333334,-0.060665568479247124
0.39766666666666667,0.08204862880928168
0.39775,0.45295533339980754
0.3978333333333333,0.5661025743286682
0.39791666666666664,0.9064472368936546
0.398,0.9015823829222299
0.39808333333333334,0.2736797020136155
0.39816666666666667,0.3130858312766487
0.39825,0.49404857066120594
0.3983333333333333,0.028034144870857123
0.39841666666666664,-0.07730234569910793
0.3985,0.1849336591398826
0.39858333333333335,0.19298705977084482
0.39866666666666667,0.40433726688627986
0.39875,0.5325772626888167
0.3988333333333333,0.005513522672013928
0.39891666666666664,-0.5024908339720683
0.399,-0.3302621292581545
0.39908333333333335,0.26673478898626973
0.39916666666666667,0.546135646026703
0.39925,0.725459657233857
0.3993333333333333,0.6910904620264744
0.39941666666666664,0.1579020036999128
0.3995,-0.03623099244976003
0.39958333333333335,-0.22628054005763534
0.39966666666666667,-0.4977211478157887
0.39975,-0.31682879682841314
0.3998333333333333,0.11538072951379556
0.39991666666666664,0.2899735568513751
0.4,0.15473454119872243
0.40008333333333335,0.18047410457914115
0.40016666666666667,-0.09490865011468413
0.40025,-0.08452311526844952
0.4003333333333333,0.2534812156614838
0.40041666666666664,0.1390224916139166
0.4005,0.11129326272238917
0.40058333333333335,-0.09707519610664249
0.40066666666666667,-0.027079674595183238
0.40075,0.15923340546420042
0.4008333333333333,-0.0660420944401654
0.40091666666666664,0.007416581607102309
0.401,-0.27570401596065797
0.40108333333333335,-0.4569521182096503
0.40116666666666667,0.02785660717459502
0.40125,0.22352895191980077
0.4013333333333333,0.31389841055253404
0.40141666666666664,0.19936190397665887
0.4015,0.1284133366567417
0.40158333333333335,0.7329493991684491
0.40166666666666667,0.76087907721051
0.40175,0.4288563831899465
0.4018333333333333,0.5553575597891026
0.40191666666666664,0.3025849926806282
0.402,0.38226049826411396
0.40208333333333335,0.5926630936351173
0.4021666666666667,0.13774315742944693
0.40225,-0.036511750830236174
0.4023333333333333,-0.10749751268563916
0.40241666666666664,0.1414662726885943
0.4025,0.4388629807878021
0.40258333333333335,0.13748418958990744
0.4026666666666667,0.19642920068773634
0.40275,0.07676819341043699
0.4028333333333333,-0.004404912517735673
0.40291666666666665,0.39312422178374007
0.403,0.11833156964457676
0.40308333333333335,-0.039976770205448854
0.4031666666666667,0.2223476708490696
0.40325,0.2146454519144708
0.4033333333333333,0.09912991284983447
0.40341666666666665,-0.35747469652855257
0.4035,-0.8420392811494107
0.40358333333333335,-0.7603805378328159
0.4036666666666667,-0.3188363484275032
0.40375,-0.019234912065057536
0.4038333333333333,-0.009455182608472185
0.40391666666666665,0.01191959170543377
0.404,-0.16544668368630364
0.40408333333333335,-0.5343221360396252
0.4041666666666667,-0.3860235565080144
0.40425,-0.3504588522528527
0.4043333333333333,-0.7852210038724001
0.40441666666666665,-0.5764348373072001
0.4045,-0.2953213044795165
0.40458333333333335,-0.40173223643910944
0.4046666666666667,-0.33242870565961596
0.40475,-0.5855571003560901
0.4048333333333333,-0.696098989656694
0.40491666666666665,-0.49058229104181506
0.405,-0.3683228173402691
0.40508333333333335,-0.08331953155347467
0.4051666666666667,-0.3206239949848968
0.40525,-0.5774456277567838
0.4053333333333333,-0.30006140505829987
0.40541666666666665,0.0397609679321235
0.4055,0.5153194974582053
0.40558333333333335,0.5039177095833595
0.4056666666666667,0.34144393648363663
0.40575,0.41163062516694415
0.4058333333333333,0.2775895183070393
0.40591666666666665,0.2411666436489865
0.406,0.10622499925226112
0.40608333333333335,0.10450222069636535
0.4061666666666667,0.2771030927305195
0.40625,0.4113706151884106
0.4063333333333333,0.7571020047536483
0.40641666666666665,0.4751566714266626
0.4065,-0.05074259528086781
0.40658333333333335,-0.019145569419103257
0.4066666666666667,-0.041856142118372124
0.40675,0.2086994399181604
0.4068333333333333,0.5529893398282584
0.40691666666666665,0.20057316856547389
0.407,-0.010022314936413979
0.40708333333333335,0.08763523695303624
0.4071666666666667,-0.0007103743924597411
0.40725,0.17377112407750347
0.4073333333333333,0.23023739135535326
0.40741666666666665,0.17668267129073434
0.4075,0.36949863735842947
0.40758333333333335,0.18575999932229162
0.4076666666666667,0.0015225291592321538
0.40775,-0.04820557200892963
0.4078333333333333,-0.2756505200163425
0.40791666666666665,-0.14771721537832636
0.408,0.02250773859111948
0.40808333333333335,-0.019114179755873772
0.4081666666666667,0.07626399147841527
0.40825,-0.16810222446275647
0.4083333333333333,-0.49047793303669357
0.40841666666666665,-0.5111598259020574
0.4085,-0.6483490873799085
0.40858333333333335,-0.5789825394483822
0.4086666666666667,-0.5981531248288761
0.40875,-0.5850087891809612
0.4088333333333333,-0.23049006356894708
0.40891666666666665,-0.32682125025592645
0.409,-0.3558087328751817
0.40908333333333335,-0.35083380022334126
0.4091666666666667,-0.40743989812025855
0.40925,-0.11274883832681142
0.4093333333333333,-0.2892709738400834
0.40941666666666665,-0.371222466107703
0.4095,-0.2532086435988033
0.40958333333333335,-0.5507286241931725
0.4096666666666667,-0.3392611959940314
0.40975,-0.207110972920265
0.4098333333333333,-0.7085364783346533
0.40991666666666665,-0.5762672638508021
0.41,-0.18619845002310026
0.41008333333333336,-0.15799754432656654
0.4101666666666667,0.1107141792253087
0.41025,0.15970870517834213
0.4103333333333333,-0.019208559294744996
0.41041666666666665,0.11914015751177674
0.4105,0.09130043347969836
0.41058333333333336,-0.06682833350704351
0.4106666666666667,-0.00455929963169924
0.41075,0.03386843322583418
0.41083333333333333,0.06319895790713416
0.41091666666666665,0.30878173495320543
0.411,0.48477429648832465
0.41108333333333336,0.5809050360299493
0.4111666666666667,0.7024099858069907
0.41125,0.5612435625641266
0.41133333333333333,0.4762179232813529
0.41141666666666665,0.44673845819164093
0.4115,0.29341854452116783
0.41158333333333336,0.39820389905778186
0.4116666666666667,0.39044240188544466
0.41175,0.09829845971826554
0.41183333333333333,-0.02302483726073373
0.41191666666666665,-0.13315667036998907
0.412,-0.2764777468656579
0.41208333333333336,-0.1958541830370977
0.4121666666666667,-0.04325853507527211
0.41225,-0.022228490426662865
0.41233333333333333,-0.10777408171553371
0.41241666666666665,-0.05841125267784748
0.4125,0.11980947389433358
0.41258333333333336,-0.025608811491221083
0.4126666666666667,-0.010525803577121249
0.41275,0.47368939048157954
0.41283333333333333,0.4270708078501471
0.41291666666666665,0.3110157071461838
0.413,0.41410489712559895
0.41308333333333336,0.03309236958783021
0.4131666666666667,-0.021562581071248494
0.41325,-0.054447338403108524
0.41333333333333333,-0.2150426575406056
0.41341666666666665,0.10603667971660838
0.4135,0.09710878617921608
0.41358333333333336,0.23255155633269617
0.4136666666666667,0.32766195362342926
0.41375,0.03172565672339111
0.41383333333333333,0.3410924198862747
0.41391666666666665,0.29932728407710535
0.414,-0.2772922719249578
0.41408333333333336,-0.5297922889056002
0.4141666666666667,-0.6104248971576072
0.41425,-0.40398317545174417
0.41433333333333333,-0.12165304404538743
0.41441666666666666,-0.13761249016450322
0.4145,-0.24421946867509614
0.41458333333333336,-0.04927393146858538
0.4146666666666667,0.18036437637803998
0.41475,0.13360436115878715
0.41483333333333333,0.169591541622463
0.41491666666666666,0.12431116286241958
0.415,0.047200043464892844
0.41508333333333336,0.3197811682363246
0.4151666666666667,0.3648408654593336
0.41525,0.14967959472622872
0.41533333333333333,0.04477149208666765
0.41541666666666666,-0.2500239127678687
0.4155,-0.2961566676615479
0.41558333333333336,-0.14083193215408266
0.4156666666666667,-0.3852953124543106
0.41575,-0.28707061616389806
0.41583333333333333,-0.08294705793230354
0.41591666666666666,-0.10757106278177163
0.416,0.32695538994843065
0.41608333333333336,0.1869508997297868
0.4161666666666667,-0.26431204258699625
0.41625,-0.022742877380332486
0.41633333333333333,-0.0072085244683721015
0.41641666666666666,0.19856086812169685
0.4165,0.41077841505328955
0.41658333333333336,0.16650580409929658
0.4166666666666667,0.35017004064553864
0.41675,0.3914492697060912
0.41683333333333333,0.23921592038945755
0.41691666666666666,0.23772253411385963
0.417,0.09764826578177996
0.4170833333333333,0.21344272366059028
0.4171666666666667,0.36640120664731246
0.41725,0.41324001619389666
0.41733333333333333,0.6324241177948813
0.41741666666666666,0.4521134773140702
0.4175,0.07264919238601851
0.4175833333333333,0.051934592298608286
0.4176666666666667,0.11671750823586484
0.41775,0.4938499147595469
0.41783333333333333,0.5538504548854093
0.41791666666666666,0.05541366936459687
0.418,-0.08511569888979399
0.4180833333333333,-0.24307569647705413
0.4181666666666667,-0.22068166918765142
0.41825,-0.1317845054052351
0.41833333333333333,-0.3752932790445082
0.41841666666666666,-0.2526519615378781
0.4185,-0.13001805377269712
0.4185833333333333,-0.11783207876746905
0.4186666666666667,-0.026565320439894628
0.41875,-0.1230248638464947
0.41883333333333334,-0.10156289374543244
0.41891666666666666,0.09182912682263507
0.419,0.282782597890103
0.4190833333333333,0.5020820031071861
0.4191666666666667,0.554491355178781
0.41925,0.3379397700691306
0.41933333333333334,0.0959856388298292
0.41941666666666666,-0.29650185102106147
0.4195,-0.7193561635325986
0.4195833333333333,-0.822062662836274
0.4196666666666667,-0.9205902126940011
0.41975,-0.7206978517297667
0.41983333333333334,-0.4218267649767366
0.41991666666666666,-0.5020957900299453
0.42,-0.1449298187754307
0.4200833333333333,-0.17485677246754067
0.4201666666666667,-0.4586938110580199
0.42025,0.28855614675054525
0.42033333333333334,0.35625732583217107
0.42041666666666666,-0.08434091770937338
0.4205,0.035789117102867286
0.4205833333333333,-0.31331644857859503
0.4206666666666667,-0.7145397892163728
0.42075,-0.7131042027177392
0.42083333333333334,-0.37941740329209195
0.42091666666666666,0.1805800080281305
0.421,0.40844036209180085
0.4210833333333333,0.5365584574016724
0.4211666666666667,0.4898208729013322
0.42125,0.246676446610416
0.42133333333333334,0.18584695730159725
0.42141666666666666,0.0385210051456205
0.4215,-0.051618880502674075
0.4215833333333333,-0.05584086352431994
0.4216666666666667,0.03819998016786514
0.42175,0.2286219059711103
0.42183333333333334,0.06744955673515637
0.42191666666666666,-0.13894046816313868
0.422,-0.3786484400814561
0.4220833333333333,-0.4289931226369973
0.4221666666666667,-0.08597048983714184
0.42225,0.07489985444167366
0.42233333333333334,0.42824326815953156
0.42241666666666666,0.7577185402794121
0.4225,0.6845850704003487
0.4225833333333333,0.8434658316982776
0.4226666666666667,0.632402907051687
0.42275,-0.11545100942626048
0.42283333333333334,-0.23547003460795668
0.42291666666666666,-0.26322020790235034
0.423,-0.3364254074171562
0.4230833333333333,0.1065871212108832
0.4231666666666667,0.014082753016105749
0.42325,-0.167638271481172
0.42333333333333334,-0.1708491846809071
0.42341666666666666,-0.6262124463410963
0.4235,-0.7995706176889115
0.4235833333333333,-0.9332003911584604
0.4236666666666667,-0.8700613133671212
0.42375,-0.27177818893220873
0.42383333333333334,-0.0585269096127031
0.42391666666666666,-0.12132081994537339
0.424,-0.05172239874896548
0.4240833333333333,-0.39095304649996726
0.4241666666666667,-0.8592618460933809
0.42425,-0.8279972849034297
0.42433333333333334,-0.7932870791371321
0.42441666666666666,-0.4345274875676059
0.4245,-0.11890761772551052
0.4245833333333333,-0.5678943493152725
0.4246666666666667,-0.5814515275362085
0.42475,-0.27203295938626343
0.42483333333333334,-0.21008650678280943
0.42491666666666666,-0.16631555905082307
0.425,-0.22443999123566463
0.4250833333333333,-0.22451334441570692
0.4251666666666667,-0.03834684665187958
0.42525,0.22429409238100573
0.42533333333333334,-0.023464626065398782
0.42541666666666667,-0.40956909056823043
0.4255,-0.3723411430114795
0.4255833333333333,-0.3200294485585188
0.4256666666666667,-0.0203747573746707
0.42575,0.018499007586354813
0.42583333333333334,-0.18763732947754277
0.42591666666666667,0.14403173975493688
0.426,0.055089397624275234
0.4260833333333333,-0.049594648925381554
0.4261666666666667,0.4981453047269579
0.42625,0.6631317997474744
0.42633333333333334,1.0159928588466998
0.42641666666666667,1.348888533335602
0.4265,0.9002373461251777
0.4265833333333333,0.7881747444932469
0.4266666666666667,0.5977367218971871
0.42675,0.4590734120094049
0.42683333333333334,0.8567522210456273
0.42691666666666667,0.5836096097206911
0.427,0.3073769920962252
0.4270833333333333,0.2015259618089372
0.42716666666666664,-0.12021301025418372
0.42725,0.04479670357956899
0.42733333333333334,0.23631562483030294
0.42741666666666667,0.3248191706794011
0.4275,0.4204256611932002
0.4275833333333333,0.5862414396821493
0.42766666666666664,0.9561759761029093
0.42775,0.8696900976667334
0.42783333333333334,0.6483889872803891
0.42791666666666667,0.692073717267508
0.428,0.3889521820661404
0.4280833333333333,0.1762225680884606
0.42816666666666664,0.2990846267847314
0.42825,0.05839713649863766
0.42833333333333334,-0.023115485885712092
0.42841666666666667,-0.007911178501857238
0.4285,-0.3251281719081527
0.4285833333333333,-0.331233114551515
0.42866666666666664,-0.39264234414103066
0.42875,-0.49411937723826976
0.42883333333333334,-0.47741791512326914
0.42891666666666667,-0.4818784405730347
0.429,-0.3416980535212684
0.4290833333333333,-0.5254945006538518
0.42916666666666664,-0.5153014011250904
0.42925,-0.5921776731261189
0.42933333333333334,-0.8763940341812549
0.42941666666666667,-0.6351744678462131
0.4295,-0.8793276072286205
0.4295833333333333,-0.8945246094720859
0.42966666666666664,-0.2986222138639691
0.42975,-0.10717068706918868
0.42983333333333335,0.10444943784026559
0.42991666666666667,0.008131615779586977
0.43,-0.14417005792309914
0.4300833333333333,0.11817188457554355
0.43016666666666664,0.20527688464590627
0.43025,0.38003295613303845
0.43033333333333335,0.560039201239514
0.43041666666666667,0.549391079906527
0.4305,0.8082733732604328
0.4305833333333333,0.7415259641284602
0.43066666666666664,0.2623515875408511
0.43075,0.02435518266103583
0.43083333333333335,-0.34805140097225706
0.43091666666666667,-0.07871108729882002
0.431,0.567303760151599
0.4310833333333333,0.41724372397473486
0.43116666666666664,0.7622932864081622
0.43125,1.028170754076303
0.43133333333333335,0.6441091480872125
0.43141666666666667,0.4879675016560115
0.4315,0.04949273464409042
0.4315833333333333,-0.055506651726376026
0.43166666666666664,0.19946923358407426
0.43175,0.4357373642907071
0.43183333333333335,0.6708730294001871
0.43191666666666667,0.2908549138102677
0.432,0.03948919641866941
0.4320833333333333,-0.03279958560560296
0.43216666666666664,-0.20052128663177143
0.43225,-0.0448318673225867
0.43233333333333335,-0.18520363649779506
0.43241666666666667,-0.4301406660738127
0.4325,-0.19743933564459065
0.4325833333333333,-0.0559435927669696
0.43266666666666664,0.02937384235348006
0.43275,0.1728216180569566
0.43283333333333335,-0.05311639713080959
0.43291666666666667,-0.0005271212023951403
0.433,-0.004620807028922753
0.4330833333333333,-0.5819116487318042
0.43316666666666664,-0.3624314115440319
0.43325,-0.06939792815865713
0.43333333333333335,-0.28790135502683695
0.4334166666666667,-0.03973869626460228
0.4335,-0.299009785379666
0.4335833333333333,-0.5772436679021323
0.43366666666666664,-0.4122864997222346
0.43375,-0.8166885004172167
0.43383333333333335,-0.7554557938779661
0.4339166666666667,-0.4559415104628043
0.434,-0.4983087923369743
0.4340833333333333,-0.01719580200957765
0.43416666666666665,0.27249884786356493
0.43425,-0.09137985924093374
0.43433333333333335,-0.3610539933945102
0.4344166666666667,-0.3199321439390605
0.4345,-0.2046632917099215
0.4345833333333333,0.10437380930132006
0.43466666666666665,0.41429319260485925
0.43475,0.11693549769212527
0.43483333333333335,-0.0713407050836779
0.4349166666666667,0.22882474126275085
0.435,0.4196896725002718
0.4350833333333333,0.48194406364453696
0.43516666666666665,0.12186904390869256
0.43525,0.025566839094544175
0.43533333333333335,0.4387614539954804
0.4354166666666667,0.24615740586031723
0.4355,0.2704689305153352
0.4355833333333333,0.36811571951296174
0.43566666666666665,0.03641863138761239
0.43575,0.1972019479095628
0.43583333333333335,0.05337777347552617
0.4359166666666667,-0.2848609648117317
0.436,-0.3107321994664895
0.4360833333333333,-0.4349400591382439
0.43616666666666665,-0.2638818705365516
0.43625,-0.1257879751456189
0.43633333333333335,-0.20924705806634475
0.4364166666666667,-0.11038153398765142
0.4365,0.04891365244733813
0.4365833333333333,0.0014674792343324435
0.43666666666666665,0.1303599005374168
0.43675,0.3674408340169066
0.43683333333333335,0.1950467233367316
0.4369166666666667,0.14686939646676675
0.437,0.09506236140247376
0.4370833333333333,0.05864457275202216
0.43716666666666665,0.07621285180212133
0.43725,-0.037507279862781434
0.43733333333333335,0.17920484152669
0.4374166666666667,-0.0529917522808444
0.4375,-0.3425724268361769
0.4375833333333333,-0.23241074728560598
0.43766666666666665,-0.44381299548545866
0.43775,-0.3892024078564677
0.43783333333333335,-0.22922197216075488
0.4379166666666667,-0.21683105479854717
0.438,0.08241282538760501
0.4380833333333333,0.25413790778637074
0.43816666666666665,-0.030864453380825774
0.43825,-0.03805781637659031
0.43833333333333335,0.09767878037195608
0.4384166666666667,-0.1438113979991003
0.4385,0.07487431503604357
0.4385833333333333,-0.003097140849181275
0.43866666666666665,-0.37613648428377633
0.43875,0.06309076990831565
0.43883333333333335,0.0640128511956667
0.4389166666666667,-0.1021196581898311
0.439,0.05381087025995549
0.4390833333333333,-0.22718585303093547
0.43916666666666665,-0.13729593602981224
0.43925,0.20532083092785308
0.43933333333333335,0.14313967115051313
0.4394166666666667,0.00727301112892829
0.4395,-0.22849208135558488
0.4395833333333333,-0.19076168934295784
0.43966666666666665,0.21820154239871267
0.43975,0.2084583725301391
0.43983333333333335,0.011997247929071312
0.4399166666666667,-0.08134588952810289
0.44,-0.3957345282852728
0.4400833333333333,-0.3470084217920386
0.44016666666666665,-0.22754675979000558
0.44025,-0.6693037352995097
0.44033333333333335,-0.47898000764932086
0.4404166666666667,0.04937470578576885
0.4405,-0.08210709493453486
0.4405833333333333,0.0953640208158935
0.44066666666666665,0.128468263821061
0.44075,-0.4782497130072835
0.44083333333333335,-0.5207389753697934
0.4409166666666667,-0.36936167819747706
0.441,-0.5935583912048347
0.4410833333333333,-0.6198751838129335
0.44116666666666665,-0.28249091320063635
0.44125,-0.20291730677544348
0.44133333333333336,-0.4549558805963047
0.4414166666666667,-0.2213055307576659
0.4415,-0.057799581017302225
0.4415833333333333,-0.4293116262333398
0.44166666666666665,-0.4042051057927513
0.44175,0.13955031311391064
0.44183333333333336,0.4433873334970921
0.4419166666666667,0.3073892189083258
0.442,0.539605083107905
0.44208333333333333,0.8695080289633015
0.44216666666666665,0.5890647380366976
0.44225,0.6191888281464046
0.44233333333333336,0.7377757876755314
0.4424166666666667,0.3741335065459953
0.4425,0.36333865220077316
0.44258333333333333,0.5110272645644378
0.44266666666666665,0.4508336469396953
0.44275,0.41266297772367544
0.44283333333333336,0.4009662636317404
0.4429166666666667,0.3401888171444313
0.443,0.15382604351769552
0.44308333333333333,-0.00480940251612984
0.44316666666666665,-0.008178495374827299
0.44325,0.06770888075723162
0.44333333333333336,0.05547781094515977
0.4434166666666667,0.2927779574990484
0.4435,0.40130068194176355
0.44358333333333333,0.1675889353793581
0.44366666666666665,0.23521908467736757
0.44375,-0.06694601483047552
0.44383333333333336,-0.12972722582499674
0.4439166666666667,0.16383754496823735
0.444,-0.020304297202797066
0.44408333333333333,0.16115526482395642
0.44416666666666665,0.14340861308721278
0.44425,0.20593963631146364
0.44433333333333336,0.3653923113015923
0.4444166666666667,-0.4355339425490736
0.4445,-0.6135377602039819
0.44458333333333333,-0.10330854027370283
0.44466666666666665,0.08496371941712019
0.44475,0.42331913619411665
0.44483333333333336,0.5853889159116349
0.4449166666666667,0.04201098918943092
0.445,-0.3464474141284723
0.44508333333333333,-0.11128953787022981
0.44516666666666665,-0.4432536628747636
0.44525,-0.5549938648674033
0.44533333333333336,0.1722512792384382
0.4454166666666667,0.1266447925202451
0.4455,0.1817768580002039
0.44558333333333333,0.5727252909061334
0.44566666666666666,0.19153647401766968
0.44575,-0.07249299854070876
0.44583333333333336,-0.28598907026952997
0.4459166666666667,-0.44313520255496663
0.446,-0.3174129275853856
0.44608333333333333,-0.42026203372587534
0.44616666666666666,-0.16585547382210702
0.44625,0.10035217513746572
0.44633333333333336,0.11176368191810475
0.4464166666666667,0.14702547320154408
0.4465,-0.1780372025462908
0.44658333333333333,-0.22177865474786265
0.44666666666666666,-0.07351279706091703
0.44675,-0.2130832914579875
0.44683333333333336,-0.1640212825861771
0.4469166666666667,-0.10749604192044378
0.447,-0.003340081582586562
0.44708333333333333,0.4306799727359543
0.44716666666666666,0.5644739187872867
0.44725,0.45943529103751757
0.44733333333333336,0.4967899428673011
0.4474166666666667,0.34563588437500614
0.4475,0.36302078959995554
0.44758333333333333,0.3747565680593389
0.44766666666666666,0.3263416289049497
0.44775,0.43497446233055537
0.44783333333333336,0.12386251801350416
0.4479166666666667,0.16748028381265184
0.448,0.2909157230020739
0.44808333333333333,-0.028388392347704593
0.44816666666666666,0.013130863771727997
0.44825,-0.0790275103326139
0.4483333333333333,-0.16543797093213325
0.4484166666666667,-0.09250811861785416
0.4485,-0.037753421240758984
0.44858333333333333,0.22181801201202242
0.44866666666666666,0.19444071541355995
0.44875,0.27142937417672985
0.4488333333333333,0.4367333326417377
0.4489166666666667,-0.024475971665693912
0.449,-0.45440756619252015
0.44908333333333333,-0.48636959899128923
0.44916666666666666,-0.4215385711544507
0.44925,-0.13439546659586188
0.4493333333333333,0.03854169276131965
0.4494166666666667,-0.021337288601077347
0.4495,-0.11861323110326773
0.44958333333333333,-0.45564419368365916
0.44966666666666666,-0.30106085618388984
0.44975,-0.14877548559873227
0.4498333333333333,-0.5714542609246479
0.4499166666666667,-0.48696944995842084
0.45,-0.36236433192371137
0.45008333333333334,-0.22252971408529326
0.45016666666666666,-0.22435238508854702
0.45025,-0.623721438684333
0.4503333333333333,-0.446090887882644
0.4504166666666667,-0.2320168095809338
0.4505,-0.1461705165354904
0.45058333333333334,-0.015406366509268096
0.45066666666666666,-0.2198020688933644
0.45075,-0.693855431006929
0.4508333333333333,-0.591289905011077
0.4509166666666667,0.06641554034807325
0.451,0.026203497398487572
0.45108333333333334,-0.060090235255412204
0.45116666666666666,-0.1001754686082918
0.45125,-0.18494444038027733
0.4513333333333333,0.1063064212941099
0.4514166666666667,0.2601039669832427
0.4515,0.12525621254270466
0.45158333333333334,-0.379105341247046
0.45166666666666666,-0.01310503605061587
0.45175,0.4736763605112436
0.4518333333333333,0.1659692009826502
0.4519166666666667,0.4899222955280781
0.452,0.2960875223417874
0.45208333333333334,-0.31630710636215525
0.45216666666666666,-0.20515296590647267
0.45225,-0.1516627807436867
0.4523333333333333,0.015082408475161048
0.4524166666666667,0.4926101902250152
0.4525,0.5263300736734845
0.45258333333333334,0.11106313977976086
0.45266666666666666,-0.09394267043629334
0.45275,-0.15009327786509838
0.4528333333333333,-0.13079420680416076
0.4529166666666667,-0.300791896480446
0.453,-0.500284190970383
0.45308333333333334,-0.34538803727210443
0.45316666666666666,-0.2950821075197796
0.45325,-0.2636356044703482
0.4533333333333333,-0.3701221301030477
0.4534166666666667,-0.4902490987793422
0.4535,-0.43228520709464735
0.45358333333333334,-0.25524551877728
0.45366666666666666,-0.022672373204476428
0.45375,-0.01156199169003241
0.4538333333333333,0.25168953092770324
0.4539166666666667,0.25383938461997224
0.454,0.016961855121979296
0.45408333333333334,-0.005729846382369406
0.45416666666666666,-0.22738651762384343
0.45425,-0.05200762540067915
0.4543333333333333,0.28168981230941864
0.4544166666666667,0.16563825691782907
0.4545,-0.1709708344387082
0.45458333333333334,-0.4375493135596583
0.45466666666666666,-0.6465164859700602
0.45475,-0.5539878195379476
0.4548333333333333,-0.16193239293913128
0.4549166666666667,-0.11192901424675604
0.455,0.12965553011567393
0.45508333333333334,0.12941129995753894
0.45516666666666666,-0.07527205120178691
0.45525,0.40141944414870523
0.4553333333333333,0.27982385101228635
0.4554166666666667,-0.05185700051420659
0.4555,0.013258709722820675
0.45558333333333334,-0.12797280800982405
0.45566666666666666,0.024091436145892535
0.45575,0.05442434740037247
0.4558333333333333,-0.007036905196167806
0.4559166666666667,0.25319448155087815
0.456,0.18100424829766118
0.45608333333333334,0.19913089488847469
0.45616666666666666,0.4848806475476806
0.45625,0.38314221699624207
0.4563333333333333,0.4652812291289952
0.4564166666666667,0.7079386633576118
0.4565,0.41076001097613674
0.45658333333333334,0.013901329789241319
0.45666666666666667,-0.07541816958050075
0.45675,0.1548739383406896
0.4568333333333333,0.12203940101166934
0.4569166666666667,0.0246031612694594
0.457,0.18659705740494342
0.45708333333333334,-0.05208512320775517
0.45716666666666667,0.3280023876362436
0.45725,0.9100034891116028
0.4573333333333333,0.5484763304708405
0.4574166666666667,0.24509818476421924
0.4575,0.10247367617855377
0.45758333333333334,0.22371725736691364
0.45766666666666667,0.6231069616051721
0.45775,0.5482292302839413
0.4578333333333333,0.12902555844928174
0.4579166666666667,-0.09489735038722283
0.458,-0.3265778706042455
0.45808333333333334,-0.18245464814138757
0.45816666666666667,0.4387242684428742
0.45825,0.08968642111192397
0.4583333333333333,-0.3478503333449936
0.45841666666666664,-0.07238481312755021
0.4585,-0.031518314081351036
0.45858333333333334,0.19116697680788394
0.45866666666666667,0.258405098643563
0.45875,-0.3056042746827818
0.4588333333333333,-0.5492137929454478
0.45891666666666664,-0.12469107407289175
0.459,0.30370757255537345
0.45908333333333334,0.32738134709255634
0.45916666666666667,-0.000299167823956423
0.45925,-0.17653861850854932
0.4593333333333333,0.04753172547334974
0.45941666666666664,0.14947237219027712
0.4595,0.11979059796055588
0.45958333333333334,0.07050604245769487
0.45966666666666667,0.1476635000483315
0.45975,0.1005787433182775
0.4598333333333333,-0.0880501337844649
0.45991666666666664,0.12506406199758296
0.46,-0.18589363603285874
0.46008333333333334,-0.24855000231148694
0.46016666666666667,0.5155315221916131
0.46025,0.33122664563074944
0.4603333333333333,0.02885752116683511
0.46041666666666664,0.13057361123522054
0.4605,-0.03478703751648168
0.46058333333333334,0.0767760914372621
0.46066666666666667,0.1621471884590266
0.46075,0.07611160906234626
0.4608333333333333,0.11176927917318652
0.46091666666666664,0.06580939926032667
0.461,0.1307797498160383
0.46108333333333335,0.300326606365148
0.46116666666666667,0.10071783329718499
0.46125,-0.022665899114122444
0.4613333333333333,0.017699819560960194
0.46141666666666664,-0.0017581447601002042
0.4615,0.41766036082289776
0.46158333333333335,0.5378153474911851
0.46166666666666667,0.2997276916963723
0.46175,0.18363128884999005
0.4618333333333333,-0.14690459306028225
0.46191666666666664,-0.14967274839762498
0.462,-0.1618350878804441
0.46208333333333335,-0.5984776677147343
0.46216666666666667,-0.6964363715971413
0.46225,-0.4326721843063664
0.4623333333333333,-0.5173390410713944
0.46241666666666664,-0.6079896399514229
0.4625,-0.23218855819359746
0.46258333333333335,-0.3386629965086602
0.46266666666666667,-0.4757728180206723
0.46275,-0.19978481488240418
0.4628333333333333,-0.40976789252468027
0.46291666666666664,-0.40888663428186944
0.463,-0.1706929946526999
0.46308333333333335,-0.3707767437078324
0.46316666666666667,-0.25817569776064236
0.46325,-0.09435503761598346
0.4633333333333333,-0.09455332891064853
0.46341666666666664,0.36364481016061
0.4635,0.32897746555479973
0.46358333333333335,0.06656799994423243
0.46366666666666667,0.2846426629523677
0.46375,0.1507438724777987
0.4638333333333333,0.16649500174465337
0.46391666666666664,0.10605831980591489
0.464,0.07518554251812411
0.46408333333333335,0.44885161527489725
0.46416666666666667,0.042724950019042356
0.46425,0.23903982215843703
0.4643333333333333,0.6334961621069662
0.46441666666666664,-0.12885592263867574
0.4645,-0.2646887845192462
0.46458333333333335,-0.5348511822771104
0.4646666666666667,-0.7888884510019625
0.46475,0.102430133069737
0.4648333333333333,0.4717818032838138
0.46491666666666664,0.5147664490384184
0.465,0.4075570357900023
0.46508333333333335,-0.24630693993170982
0.4651666666666667,-0.3365273153135555
0.46525,-0.3131501483613529
0.4653333333333333,-0.6086392708470031
0.46541666666666665,-0.485320619323733
0.4655,-0.03667182764616782
0.46558333333333335,0.28123354936531947
0.4656666666666667,0.09155517607871026
0.46575,-0.3917362391735179
0.4658333333333333,-0.5419709979409225
0.46591666666666665,-0.3001177109251185
0.466,-0.08046037041637034
0.46608333333333335,0.08973534156429115
0.4661666666666667,0.11589338134788861
0.46625,-0.08630751529083612
0.4663333333333333,0.363462013123551
0.46641666666666665,0.6156016475791231
0.4665,-0.011057642585281646
0.46658333333333335,0.03572189650214485
0.4666666666666667,-0.03120732091609629
0.46675,-0.3011050722332916
0.4668333333333333,0.39380941574849254
0.46691666666666665,0.4105319891205649
0.467,0.11165061206483241
0.46708333333333335,0.29600215731106055
0.4671666666666667,-0.14851078449635796
0.46725,0.04888447534185988
0.4673333333333333,0.6793758704271273
0.46741666666666665,0.2658508392936907
0.4675,-0.024516172039593085
0.46758333333333335,-0.03298114830409262
0.4676666666666667,-0.25965936420631414
0.46775,-0.1122472063308811
0.4678333333333333,0.14419324811017237
0.46791666666666665,-0.011521084109550547
0.468,-0.34428063429438405
0.46808333333333335,-0.5047150336294709
0.4681666666666667,-0.34510662373461193
0.46825,-0.09340299579753288
0.4683333333333333,0.007565905184300938
0.46841666666666665,-0.28798101459673686
0.4685,-0.6292500855928868
0.46858333333333335,-0.48071121711053927
0.4686666666666667,-0.5771942848700881
0.46875,-0.5767125319965778
0.4688333333333333,-0.42018745373281874
0.46891666666666665,-0.8574193702703686
0.469,-0.5637050646124733
0.46908333333333335,-0.0006907636780347534
0.4691666666666667,-0.3668649064858003
0.46925,-0.6387387155366155
0.4693333333333333,-0.48775660371089197
0.46941666666666665,-0.2817215524326097
0.4695,-0.21343127272742865
0.46958333333333335,-0.011161348177979941
0.4696666666666667,0.1728997865731544
0.46975,0.042584942289658236
0.4698333333333333,0.28781644964416503
0.46991666666666665,0.26466660705803624
0.47,-0.23989474700339702
0.47008333333333335,0.1293421700503089
0.4701666666666667,0.5741268608078312
0.47025,0.5013617097900266
0.4703333333333333,0.6816642648419288
0.47041666666666665,0.554385627210777
0.4705,0.3743148156687373
0.47058333333333335,0.4703534552022412
0.4706666666666667,0.2666805095386588
0.47075,0.18640548902784074
0.4708333333333333,0.20089505746736727
0.47091666666666665,0.20221719699249963
0.471,0.26928088530557587
0.47108333333333335,0.08663366695711745
0.4711666666666667,0.016257512091012588
0.47125,0.2187649070629724
0.4713333333333333,0.35206254715333024
0.47141666666666665,0.41494661095614427
0.4715,0.5724078252653073
0.47158333333333335,0.5170217518206413
0.4716666666666667,0.31217948346436675
0.47175,0.34068727038955776
0.4718333333333333,0.09196499951107946
0.47191666666666665,-0.16387659316209494
0.472,0.05510448120564434
0.47208333333333335,0.1774755037403706
0.4721666666666667,0.2711266953481524
0.47225,0.3828386053988768
0.4723333333333333,0.017686203985576233
0.47241666666666665,-0.40252182508292667
0.4725,-0.2146933429160079
0.47258333333333336,0.11313104322575653
0.4726666666666667,0.49756076619568856
0.47275,0.7060528399335717
0.4728333333333333,0.20680297597321146
0.47291666666666665,0.14851856118125006
0.473,0.061421703421070034
0.47308333333333336,-0.33956421874958465
0.4731666666666667,-0.15252979912863465
0.47325,-0.592932773427716
0.47333333333333333,-0.5810918392084732
0.47341666666666665,0.21428084606940895
0.4735,0.05466763719443606
0.47358333333333336,0.205759669252078
0.4736666666666667,0.35708967095538535
0.47375,-0.15369688484103244
0.47383333333333333,-0.024174167229779938
0.47391666666666665,0.07669101905290066
0.474,-0.13872838286043807
0.47408333333333336,-0.08474918115973827
0.4741666666666667,-0.18921675697737744
0.47425,-0.3320518832327814
0.47433333333333333,-0.3268339571944048
0.47441666666666665,-0.4859574951449776
0.4745,-0.5917262031579751
0.47458333333333336,-0.6439737266035866
0.4746666666666667,-0.7600613196553575
0.47475,-0.25374916357331895
0.47483333333333333,0.17464346491000118
0.47491666666666665,-0.11971009077962078
0.475,-0.005918981358305009
0.47508333333333336,-0.0007308671636772064
0.4751666666666667,-0.24991149027591403
0.47525,0.01128656142475101
0.47533333333333333,-0.11589166966915555
0.47541666666666665,-0.32562955108205055
0.4755,0.16864839825446273
0.47558333333333336,0.49367954123603247
0.4756666666666667,0.5370187425816141
0.47575,0.6976350609267662
0.47583333333333333,0.3275569873992833
0.47591666666666665,0.06807887912580876
0.476,0.5255435362642881
0.47608333333333336,0.6352063540468453
0.4761666666666667,0.8590474485750849
0.47625,0.94065964589265
0.47633333333333333,0.38425402924893504
0.47641666666666665,0.4630712909242051
0.4765,0.516309143554082
0.47658333333333336,0.27518173275098806
0.4766666666666667,0.24057115638064666
0.47675,0.002105667305288859
0.47683333333333333,-0.04378242914662406
0.47691666666666666,-0.047152249370430915
0.477,-0.04776083329549636
0.47708333333333336,-0.045252749643268066
0.4771666666666667,-0.23712868157015518
0.47725,-0.020851814881607974
0.47733333333333333,0.18122801465224594
0.47741666666666666,0.08504196314322433
0.4775,0.0015997154876436323
0.47758333333333336,-0.1251786671393531
0.4776666666666667,0.03471202003690168
0.47775,-0.008567905193960525
0.47783333333333333,-0.38669945662856026
0.47791666666666666,-0.29820557625857125
0.478,-0.10019794702066559
0.47808333333333336,0.012726359490805264
0.4781666666666667,-0.08454395851545288
0.47825,-0.5418665139780195
0.47833333333333333,-0.5888399043415681
0.47841666666666666,-0.3583663599804856
0.4785,-0.3400332693128358
0.47858333333333336,-0.3236342977090562
0.4786666666666667,-0.15959771038471351
0.47875,-0.0789412214883635
0.47883333333333333,-0.0019950401309317147
0.47891666666666666,0.06098143254706164
0.479,-0.25138880956941806
0.47908333333333336,-0.42741022484568225
0.4791666666666667,-0.6476086816930052
0.47925,-0.7410478979119078
0.47933333333333333,-0.420997884449548
0.47941666666666666,-0.42776359405244363
0.4795,-0.24165181106406
0.4795833333333333,-0.20990305154393063
0.4796666666666667,-0.28457140692206756
0.47975,-0.3345996298317849
0.47983333333333333,-0.8402884431886062
0.47991666666666666,-0.5896298675304805
0.48,-0.5449987103439243
0.4800833333333333,-0.5356787393781395
0.4801666666666667,0.3175179069999209
0.48025,0.20137953179543377
0.48033333333333333,0.11796721816163318
0.48041666666666666,0.3984917295589491
0.4805,-0.03015035271989694
0.4805833333333333,-0.011433384376346969
0.4806666666666667,0.21232515908828664
0.48075,0.17314415626255325
0.48083333333333333,0.4088457613985009
0.48091666666666666,0.33444564209215094
0.481,0.24187829911155628
0.4810833333333333,0.41691854367555786
0.4811666666666667,0.2276119222775715
0.48125,0.42748794896220305
0.48133333333333334,0.546360066031545
0.48141666666666666,0.23576417571222702
0.4815,0.33482981179749527
0.4815833333333333,0.0667553713552491
0.4816666666666667,-0.3231161821783811
0.48175,-0.5643110279961636
0.48183333333333334,-0.6023005379077202
0.48191666666666666,-0.12883839639991
0.482,-0.10967325896328364
0.4820833333333333,-0.056434633755414465
0.4821666666666667,0.011408153441297263
0.48225,-0.29510912655847177
0.48233333333333334,-0.07031395885149946
0.48241666666666666,-0.05793078878205469
0.4825,-0.45473420090587213
0.4825833333333333,-0.40244634937221724
0.4826666666666667,-0.0677037317404224
0.48275,0.2838332945967138
0.48283333333333334,0.3349443997184385
0.48291666666666666,0.0018810779444704173
0.483,0.03648443461931079
0.4830833333333333,0.20128972612186752
0.4831666666666667,-0.09547331351104128
0.48325,0.06358387729119125
0.48333333333333334,0.14854996529134856
0.48341666666666666,-0.02290187281464501
0.4835,0.4638772283663311
0.4835833333333333,0.3385535188474676
0.4836666666666667,-0.06871566610035577
0.48375,-0.09460078550736274
0.48383333333333334,-0.32402032238971007
0.48391666666666666,0.01626603902994216
0.484,0.10517441349243527
0.4840833333333333,-0.2167742880701951
0.4841666666666667,0.06146892513431341
0.48425,-0.22287376813764448
0.48433333333333334,-0.268313532755259
0.48441666666666666,0.22258923674779119
0.4845,-0.23391598540705238
0.4845833333333333,-0.21347184178576942
0.4846666666666667,-0.09498099460025418
0.48475,-0.3278106753377751
0.48483333333333334,0.15017731577263585
0.48491666666666666,-0.21922187488457096
0.485,-0.4394078328819627
0.4850833333333333,0.04122099376088153
0.4851666666666667,0.007158443513145892
0.48525,0.43295870920415913
0.48533333333333334,0.13919764906684876
0.48541666666666666,-0.43609249365349656
0.4855,-0.0033312286348862563
0.4855833333333333,0.061199057201998995
0.4856666666666667,0.1714816682748386
0.48575,0.30003727233284977
0.48583333333333334,0.1350562301825283
0.48591666666666666,0.2539562019684352
0.486,0.44566316710785453
0.4860833333333333,0.4103858683212435
0.4861666666666667,0.14960715239173059
0.48625,0.20943399622385775
0.48633333333333334,0.5322172479855684
0.48641666666666666,0.8822454266061397
0.4865,1.0211530149814143
0.4865833333333333,0.8054558859359039
0.4866666666666667,0.5599189800029001
0.48675,0.25288664667129035
0.48683333333333334,0.14755617494792042
0.48691666666666666,0.24353724233302274
0.487,0.09745817879578544
0.4870833333333333,-0.13085525131876052
0.4871666666666667,0.14597270305975404
0.48725,0.1620900145944771
0.48733333333333334,-0.18813628567171306
0.48741666666666666,-0.040983265907370135
0.4875,-0.3626388829394563
0.4875833333333333,-0.12871170279547606
0.4876666666666667,0.6063410759550703
0.48775,0.03660566962538324
0.48783333333333334,-0.09427569497664928
0.48791666666666667,0.029329459547940986
0.488,-0.3384240481701252
0.4880833333333333,0.01422739950874
0.4881666666666667,0.14439437033480235
0.48825,-0.2445915190396083
0.48833333333333334,-0.14008438531172798
0.48841666666666667,0.2540818138968677
0.4885,0.3676172923336469
0.4885833333333333,0.3174847848478195
0.4886666666666667,0.16211038556145924
0.48875,-0.17053000296922427
0.48883333333333334,-0.27489776688611595
0.48891666666666667,-0.07505729563961941
0.489,0.17852238237493676
0.4890833333333333,-0.017481876826450065
0.4891666666666667,-0.34982651991359764
0.48925,-0.16771916078696134
0.48933333333333334,-0.08185897170736953
0.48941666666666667,-0.06225580611630876
0.4895,-0.19110856324168532
0.4895833333333333,-0.4586819442681071
0.48966666666666664,-0.19270514925536514
0.48975,-0.20320509192009287
0.48983333333333334,-0.3533546657580393
0.48991666666666667,-0.24721727246831576
0.49,-0.49022657353283394
0.4900833333333333,-0.28500505627063494
0.49016666666666664,0.11441997157616104
0.49025,-0.07444682530164648
0.49033333333333334,-0.17955076742196785
0.49041666666666667,-0.18877924600152665
0.4905,-0.2352961432163942
0.4905833333333333,-0.2739489927053371
0.49066666666666664,-0.2952457294504898
0.49075,-0.14602862057036375
0.49083333333333334,0.08179553866394497
0.49091666666666667,0.34915280651716685
0.491,0.41865354796605864
0.4910833333333333,0.3806343691553246
0.49116666666666664,0.15307210004471924
0.49125,-0.2514327367550549
0.49133333333333334,-0.20019135027893994
0.49141666666666667,-0.11957125379180393
0.4915,-0.0191039983805807
0.4915833333333333,0.31058402213008346
0.49166666666666664,0.24154037839540543
0.49175,0.24059454341802014
0.49183333333333334,0.5358101798712435
0.49191666666666667,0.4459325315414573
0.492,0.14780041703306737
0.4920833333333333,0.045997082658755455
0.49216666666666664,0.05171025144622025
0.49225,0.4057490322104388
0.49233333333333335,0.7405961659037009
0.49241666666666667,0.4612040472481496
0.4925,0.3930595934247083
0.4925833333333333,0.5155956966159858
0.49266666666666664,0.5326149405889665
0.49275,0.6416619681182141
0.49283333333333335,0.34569105259678623
0.49291666666666667,0.17603304033512138
0.493,0.1269273845422057
0.4930833333333333,-0.044372304714422946
0.49316666666666664,0.14276160966034435
0.49325,-0.025545445030720534
0.49333333333333335,-0.25546975982597847
0.49341666666666667,-0.05363896593373218
0.4935,0.011032947109965632
0.4935833333333333,0.08339872695020363
0.49366666666666664,0.08980616310840797
0.49375,-0.11330765777992112
0.49383333333333335,-0.44961642651493494
0.49391666666666667,-0.6950890750738462
0.494,-0.8086110050811575
0.4940833333333333,-0.9238999972303128
0.49416666666666664,-0.6380340384533291
0.49425,-0.6955250504322424
0.49433333333333335,-0.8246183618532286
0.49441666666666667,-0.2737374453128929
0.4945,-0.663818961682841
0.4945833333333333,-1.0783992568683982
0.49466666666666664,-0.5014317371794945
0.49475,-0.6145440484937811
0.49483333333333335,-0.39820243072893113
0.49491666666666667,0.33679151446538846
0.495,-0.05422545971041889
0.4950833333333333,-0.245051187183797
0.49516666666666664,-0.12947629707166824
0.49525,-0.5210981637025579
0.49533333333333335,-0.2840114943283701
0.49541666666666667,-0.017356165904635082
0.4955,0.21826761489127242
0.4955833333333333,0.8611128487514758
0.49566666666666664,0.5395553421799103
0.49575,0.14873052353356883
0.49583333333333335,0.3937071476492343
0.4959166666666667,0.014352951913387108
0.496,0.1176892532150526
0.4960833333333333,0.8249318931569117
0.49616666666666664,0.4653251918676879
0.49625,0.3964882508809676
0.49633333333333335,0.5340436712696208
0.4964166666666667,-0.11257383912296977
0.4965,0.10352444998726415
0.4965833333333333,0.2586529545854948
0.49666666666666665,-0.08727524219456059
0.49675,0.13946412154219287
0.49683333333333335,-0.03940214771061315
0.4969166666666667,-0.26016756837446053
0.497,-0.1570878430030999
0.4970833333333333,-0.38390126920073064
0.49716666666666665,-0.3373048181020308
0.49725,0.06599837146192905
0.49733333333333335,0.062478713061548334
0.4974166666666667,-0.06902418739031922
0.4975,-0.12049439729323988
0.4975833333333333,-0.4761757155822644
0.49766666666666665,-0.6380491356803941
0.49775,-0.5154936570359826
0.49783333333333335,-0.5224011314781516
0.4979166666666667,-0.3451087779718247
0.498,-0.16725312600217557
0.4980833333333333,-0.30470943814688495
0.49816666666666665,-0.2505983717707864
0.49825,-0.23323401425697596
0.49833333333333335,-0.2785684407041965
0.4984166666666667,0.18461811044850923
0.4985,0.24004806696186032
0.4985833333333333,0.2930041646986636
0.49866666666666665,0.5998632749756713
0.49875,0.12179945436604488
0.49883333333333335,0.2685050208761963
0.4989166666666667,0.3429200156281654
0.499,-0.05614981765255081
0.4990833333333333,0.5422141706188506
0.49916666666666665,0.2612852557390587
0.49925,-0.07505560499785152
0.49933333333333335,0.27507634431594513
0.4994166666666667,-0.2564039036650694
0.4995,-0.15662281598339187
0.4995833333333333,0.031184364633659752
0.49966666666666665,-0.2911690297380627
0.49975,-0.1513504103148386
0.49983333333333335,-0.15228261395123915
0.4999166666666667,-0.13216379626712185
0.5,-0.3362012373460524
0.5000833333333333,-0.5609325521552717
0.5001666666666666,-0.6112771151664456
0.50025,-0.9571992638769115
0.5003333333333333,-0.9419280995035957
0.5004166666666666,-0.6439929663128486
0.5005,-0.030218100513158284
0.5005833333333334,0.3186602203883944
0.5006666666666667,-0.03630223639945274
0.50075,-0.053038765103322394
0.5008333333333334,-0.05229095944510021
0.5009166666666667,0.10597209155279254
0.501,0.3906510719049458
0.5010833333333333,0.22735479664954272
0.5011666666666666,0.23353864394477952
0.50125,0.1980951401572248
0.5013333333333333,0.4065112973678402
0.5014166666666666,0.6814143685561352
0.5015,0.3409371884837193
0.5015833333333334,0.33969271282394803
0.5016666666666667,0.5504467519106343
0.50175,0.6251419359139626
0.5018333333333334,0.6211027780534829
0.5019166666666667,0.5634881256534381
0.502,0.5140612703318218
0.5020833333333333,0.09022160030481012
0.5021666666666667,0.2513640901718538
0.50225,0.5333333622029861
0.5023333333333333,0.06110340067629796
0.5024166666666666,0.16008667309633245
0.5025,0.3928944174653171
0.5025833333333334,0.36143773811887026
0.5026666666666667,0.46299133186808195
0.50275,0.14011365400485223
0.5028333333333334,0.07414804335396838
0.5029166666666667,0.2220731396636614
0.503,-0.007763829689675715
0.5030833333333333,0.05743387949605886
0.5031666666666667,0.028779956518548522
0.50325,0.009961891452652524
0.5033333333333333,0.47034273085372136
0.5034166666666666,0.416471059301369
0.5035,0.06059061307710273
0.5035833333333334,0.117642882294614
0.5036666666666667,-0.06624107008870334
0.50375,-0.3411915725274625
0.5038333333333334,-0.1781819833496188
0.5039166666666667,-0.10096519599406775
0.504,0.32590866423269355
0.5040833333333333,0.7187476644206872
0.5041666666666667,0.3084648883046145
0.50425,0.20248833455785867
0.5043333333333333,-0.004915599331231669
0.5044166666666666,-0.2163508082313583
0.5045,0.01781054266429125
0.5045833333333334,-0.08005312550277917
0.5046666666666667,0.09810599768660895
0.50475,0.2296107902435891
0.5048333333333334,0.13205719146145875
0.5049166666666667,0.07530705461178441
0.505,-0.2796565446422525
0.5050833333333333,-0.2255244111264999
0.5051666666666667,-0.04598093706181262
0.50525,-0.13192605775449273
0.5053333333333333,0.1266844610248885
0.5054166666666666,0.2856675081681349
0.5055,-0.2103343634631265
0.5055833333333334,-0.4126235888312418
0.5056666666666667,-0.593674413153284
0.50575,-1.0766128189611386
0.5058333333333334,-0.43170201239151107
0.5059166666666667,-0.1518549604939074
0.506,-0.37161242152840895
0.5060833333333333,0.16599194525806463
0.5061666666666667,-0.1545059341078267
0.50625,-0.34071123473137604
0.5063333333333333,-0.17142610401869623
0.5064166666666666,-0.5784073118927908
0.5065,-0.35274497599427357
0.5065833333333334,-0.09259463642116371
0.5066666666666667,0.05002166027700625
0.50675,0.34258236697741146
0.5068333333333334,0.20209964494008106
0.5069166666666667,0.19876060567806944
0.507,0.2663432234500883
0.5070833333333333,0.23087966193159196
0.5071666666666667,0.3714750116663423
0.50725,0.29892957899765354
0.5073333333333333,0.23375572633546546
0.5074166666666666,0.11921902913338478
0.5075,-0.17111088969844557
0.5075833333333334,-0.11560119700603075
0.5076666666666667,-0.201729382009354
0.50775,-0.09433694044961244
0.5078333333333334,0.23215080280303846
0.5079166666666667,0.0053611096129434115
0.508,-0.05594253228811533
0.5080833333333333,-0.2221119737293195
0.5081666666666667,-0.41342492358161004
0.50825,-0.03498013122311149
0.5083333333333333,0.22141632967668912
0.5084166666666666,0.18874364132816196
0.5085,-0.0693394230176537
0.5085833333333334,-0.17464942540303627
0.5086666666666667,-0.018115206860921166
0.50875,-0.10425460136279113
0.5088333333333334,-0.4019372379632133
0.5089166666666667,-0.37403219862740955
0.509,-0.2234372571608166
0.5090833333333333,-0.17733106932120957
0.5091666666666667,0.3261045526582341
0.50925,0.2952139493678371
0.5093333333333333,0.055745827042057446
0.5094166666666666,0.2665566053316987
0.5095,-0.067998052852848
0.5095833333333334,-0.11069440864083908
0.5096666666666667,-0.04181720266683321
0.50975,-0.11821882546267956
0.5098333333333334,-0.16794760287332233
0.5099166666666667,-0.486476590883284
0.51,-0.3992991188212465
0.5100833333333333,-0.38444799432267485
0.5101666666666667,-0.19082107428157397
0.51025,-0.06236429776741168
0.5103333333333333,-0.544939307833168
0.5104166666666666,-0.45985747905365243
0.5105,-0.26374005479758533
0.5105833333333333,-0.19740569807409594
0.5106666666666667,0.06808059759843782
0.51075,-0.23326065338838992
0.5108333333333334,-0.5518031763768365
0.5109166666666667,-0.27787692141774034
0.511,-0.11426764857142205
0.5110833333333333,0.07362636958905042
0.5111666666666667,0.034702864064532137
0.51125,-0.5086987221933135
0.5113333333333333,-0.478640788865242
0.5114166666666666,-0.04065614428557362
0.5115,0.21701997373055348
0.5115833333333333,0.07038987431033307
0.5116666666666667,-0.5466043022157897
0.51175,-0.7203105631854291
0.5118333333333334,-0.4539074992983346
0.5119166666666667,-0.5296124950017811
0.512,-0.5501216927108389
0.5120833333333333,-0.3659028250868826
0.5121666666666667,-0.4918927055552725
0.51225,-0.4761749516032894
0.5123333333333333,-0.4322587412520614
0.5124166666666666,-0.6497681570655734
0.5125,-0.5717661208800412
0.5125833333333333,-0.33656204161692554
0.5126666666666667,-0.20323040888436672
0.51275,-0.1943212478239762
0.5128333333333334,0.01969515261052217
0.5129166666666667,0.39504183749725086
0.513,0.5598038490345504
0.5130833333333333,0.9642372301238908
0.5131666666666667,1.1575827652380228
0.51325,0.731857779254641
0.5133333333333333,0.4544976311777987
0.5134166666666666,0.3785696970915007
0.5135,0.21732712777960428
0.5135833333333333,0.19844311064244252
0.5136666666666667,0.3877724793330002
0.51375,0.4666916468181365
0.5138333333333334,0.7233805700167241
0.5139166666666667,0.9493358983600257
0.514,0.6668651861195817
0.5140833333333333,0.6261090099593165
0.5141666666666667,0.6762061117213732
0.51425,0.7278425329705998
0.5143333333333333,0.839268586341584
0.5144166666666666,0.5374957686803364
0.5145,0.5462138807366517
0.5145833333333333,0.8114088613614286
0.5146666666666667,0.7704743313435544
0.51475,0.6265906246818026
0.5148333333333334,0.46769867939599824
0.5149166666666667,0.2552762677312763
0.515,0.29140352989965973
0.5150833333333333,0.4805609377673473
0.5151666666666667,0.20581654354536566
0.51525,-0.17147962814347895
0.5153333333333333,-0.49960373242102535
0.5154166666666666,-0.2899774583209188
0.5155,0.13665302212539504
0.5155833333333333,-0.15568692706086412
0.5156666666666667,-0.23197326872553453
0.51575,-0.6494207424806279
0.5158333333333334,-0.9022644563421163
0.5159166666666667,-0.298671646600757
0.516,-0.18054852368846017
0.5160833333333333,-0.08703829900305281
0.5161666666666667,-0.1351033862744535
0.51625,0.03667231180064708
0.5163333333333333,0.31706981676064616
0.5164166666666666,0.013485931230736107
0.5165,-0.12505959204662376
0.5165833333333333,-0.7052736648310917
0.5166666666666667,-0.7469477752554706
0.51675,-0.09643192103046162
0.5168333333333334,0.15129643183101893
0.5169166666666667,0.46492467000896004
0.517,0.13293044794221684
0.5170833333333333,-0.21537406557601366
0.5171666666666667,-0.05443464729686548
0.51725,0.016949117256261827
0.5173333333333333,0.09845666402393001
0.5174166666666666,-0.1474884448557125
0.5175,-0.19888572422254583
0.5175833333333333,0.13885911200170808
0.5176666666666667,0.3354281012064303
0.51775,0.14558690414036585
0.5178333333333334,-0.46143491624498667
0.5179166666666667,-0.6690409282781028
0.518,-0.29017214314584
0.5180833333333333,0.10940345647699647
0.5181666666666667,0.39177870937392806
0.51825,0.40362493251332576
0.5183333333333333,0.3543090284732945
0.5184166666666666,0.7100412379305613
0.5185,0.6640704333392298
0.5185833333333333,0.0848179473464636
0.5186666666666667,0.03207706043212867
0.51875,0.08159142472806412
0.5188333333333334,0.23202204105194588
0.5189166666666667,0.6215932329431815
0.519,0.4223032524928815
0.5190833333333333,0.10998053312126203
0.5191666666666667,0.2909870843316023
0.51925,0.3368748434102971
0.5193333333333333,-0.145506442834508
0.5194166666666666,-0.3659817985729083
0.5195,-0.2346312864129867
0.5195833333333333,0.02295038909357744
0.5196666666666667,0.4405447590595997
0.51975,0.1842299449788769
0.5198333333333334,-0.2125144344796421
0.5199166666666667,-0.33865412307582304
0.52,-0.6471326104583411
0.5200833333333333,-0.4745054696725749
0.5201666666666667,-0.29192871016264177
0.52025,-0.6373787010517534
0.5203333333333333,-0.4531620030115282
0.5204166666666666,-0.17326517794334476
0.5205,-0.4156030582376657
0.5205833333333333,-0.12446034820599426
0.5206666666666667,-0.19021981001744495
0.52075,-0.8225041494123938
0.5208333333333334,-0.6438468141979732
0.5209166666666667,-0.4795154333709173
0.521,-0.2629924145847477
0.5210833333333333,0.18647532148714022
0.5211666666666667,0.22604627016291978
0.52125,0.04725654595669515
0.5213333333333333,-0.21477480221042403
0.5214166666666666,-0.052165043259604284
0.5215,-0.05604493915685072
0.5215833333333333,-0.3340482304960883
0.5216666666666666,-0.06550194982337039
0.52175,0.21605080419739828
0.5218333333333334,0.28418730053804825
0.5219166666666667,0.17083088134970623
0.522,0.12092570897528933
0.5220833333333333,0.029440705753932792
0.5221666666666667,-0.3696000688430663
0.52225,-0.08202581102499708
0.5223333333333333,0.3646440714463359
0.5224166666666666,0.09120339578195637
0.5225,0.07746529988466642
0.5225833333333333,0.08502730634022594
0.5226666666666666,-0.07530997704266762
0.52275,0.14357507488658033
0.5228333333333334,0.21464978512868538
0.5229166666666667,0.4984073788675378
0.523,0.6207973088423971
0.5230833333333333,0.49163022857452204
0.5231666666666667,0.8116585359587254
0.52325,0.053483686243828564
0.5233333333333333,-0.6134785862376937
0.5234166666666666,-0.3293397594692983
0.5235,-0.5343134356271726
0.5235833333333333,0.03013394411126676
0.5236666666666666,0.5399130801406272
0.52375,0.3030413894779332
0.5238333333333334,0.37392112450269266
0.5239166666666667,-0.026901530779195323
0.524,-0.3700310181837392
0.5240833333333333,-0.4155789910432226
0.5241666666666667,-0.5609667280598535
0.52425,-0.5717520031992526
0.5243333333333333,-0.4096411773333653
0.5244166666666666,-0.07005738234573673
0.5245,-0.1615805665835582
0.5245833333333333,-0.2809138505077319
0.5246666666666666,-0.4462744277594401
0.52475,-0.5941350182717092
0.5248333333333334,-0.2201428348776937
0.5249166666666667,-0.38398276434838646
0.525,-0.4338559127620457
0.5250833333333333,-0.11829300185228277
0.5251666666666667,-0.04197776154012074
0.52525,0.2868380889020356
0.5253333333333333,0.17097435918370127
0.5254166666666666,-0.19916067485211753
0.5255,-0.02181909344939843
0.5255833333333333,0.26480402787028884
0.5256666666666666,0.24081285827015764
0.52575,0.25039657323531456
0.5258333333333334,0.3484840361012148
0.5259166666666667,0.3279148169213942
0.526,0.6251415665668795
0.5260833333333333,0.6070035917707172
0.5261666666666667,0.1500854541954444
0.52625,0.04380981471677002
0.5263333333333333,0.039067756065902765
0.5264166666666666,0.17086258743923918
0.5265,0.3059154877378611
0.5265833333333333,0.2301116401634586
0.5266666666666666,0.1067858114731186
0.52675,0.05385643422973128
0.5268333333333334,0.11667956428863735
0.5269166666666667,-0.06941361309567749
0.527,-0.14341587133173933
0.5270833333333333,-0.23375612333500567
0.5271666666666667,-0.6814449441829837
0.52725,-0.627737654782173
0.5273333333333333,-0.46809932328691556
0.5274166666666666,-0.39647317215915656
0.5275,0.10520413273078046
0.5275833333333333,0.3821904142563058
0.5276666666666666,0.36818473165140053
0.52775,0.38143980115165915
0.5278333333333334,0.12665061522437895
0.5279166666666667,-0.3911897024895387
0.528,-0.5615510466197015
0.5280833333333333,-0.30165677238092226
0.5281666666666667,-0.14824884639876965
0.52825,-0.013008212832416825
0.5283333333333333,-0.021591118386912894
0.5284166666666666,-0.45876818551204973
0.5285,-0.6552911106361159
0.5285833333333333,-0.6847111576644267
0.5286666666666666,-0.8805234145050395
0.52875,-0.5136167534693449
0.5288333333333334,-0.0996327743669985
0.5289166666666667,0.032016438303748264
0.529,0.3775354687619206
0.5290833333333333,0.18112029380786598
0.5291666666666667,-0.13286445916889253
0.52925,-0.12615732247168188
0.5293333333333333,-0.12128641797174407
0.5294166666666666,0.30933748316692655
0.5295,0.3685019431793579
0.5295833333333333,0.3308575035028744
0.5296666666666666,0.5982806297053139
0.52975,0.16147521612127655
0.5298333333333334,0.0003470508129293855
0.5299166666666667,0.1481400135299369
0.53,0.04383400640061314
0.5300833333333334,0.27882239509779294
0.5301666666666667,0.29351771805141985
0.53025,0.22592265918970608
0.5303333333333333,0.30991994345280544
0.5304166666666666,0.17481525374242884
0.5305,0.26220730954862315
0.5305833333333333,0.5274425569256864
0.5306666666666666,0.3927929388790617
0.53075,0.11958173346928111
0.5308333333333334,0.1286820314699885
0.5309166666666667,0.0035827790067649375
0.531,-0.08676332167392516
0.5310833333333334,0.22203060770274693
0.5311666666666667,0.41811660079550844
0.53125,0.4234511027806986
0.5313333333333333,0.5454591072515139
0.5314166666666666,0.5677104502066054
0.5315,0.31903021657304365
0.5315833333333333,0.45890109004563545
0.5316666666666666,0.7815135688296208
0.53175,0.6594796067568698
0.5318333333333334,0.6965652422936404
0.5319166666666667,0.5583574631673112
0.532,0.14301190495969512
0.5320833333333334,0.09263910109015432
0.5321666666666667,-0.09670116805178784
0.53225,-0.3117287134315647
0.5323333333333333,-0.3622796262627566
0.5324166666666666,-0.43148167461270603
0.5325,-0.31377544135919966
0.5325833333333333,-0.28235387879262136
0.5326666666666666,-0.3067855631745675
0.53275,-0.1948512592222986
0.5328333333333334,-0.26876521612458576
0.5329166666666667,-0.42437972355144155
0.533,-0.4249703123398454
0.5330833333333334,-0.4051192784537764
0.5331666666666667,-0.2955754698768113
0.53325,-0.17669100699281715
0.5333333333333333,-0.1790367872263785
0.5334166666666667,-0.2073850427897184
0.5335,-0.17105179483340438
0.5335833333333333,-0.13838065944569028
0.5336666666666666,-0.2874912345083384
0.53375,-0.31934781499001424
0.5338333333333334,-0.3273373131500592
0.5339166666666667,-0.23169829748775714
0.534,0.10185335414905015
0.5340833333333334,0.24243257450103642
0.5341666666666667,0.49905895304354614
0.53425,0.4706072432584189
0.5343333333333333,0.0980546189220875
0.5344166666666667,-0.1808805560064151
0.5345,-0.6359297011280035
0.5345833333333333,-0.5564867916066126
0.5346666666666666,-0.21128421370365966
0.53475,-0.12559181591075616
0.5348333333333334,0.27998287714728864
0.5349166666666667,0.5503778768813741
0.535,0.2385249454629072
0.5350833333333334,-0.11573370050826234
0.5351666666666667,-0.024766911633284424
0.53525,0.15563327444121722
0.5353333333333333,0.10318294584018099
0.5354166666666667,0.2771275126838347
0.5355,0.707336098952604
0.5355833333333333,0.6959141981943667
0.5356666666666666,0.4279757409282942
0.53575,0.3496300838581624
0.5358333333333334,0.01961662131498939
0.5359166666666667,-0.12771156923444868
0.536,0.028799569368379484
0.5360833333333334,0.014819833482159952
0.5361666666666667,-0.04224278830025938
0.53625,-0.2119574224283411
0.5363333333333333,-0.09263698382633083
0.5364166666666667,-0.12042611275099542
0.5365,-0.22545108511184017
0.5365833333333333,0.08784755571695914
0.5366666666666666,0.024338490036311545
0.53675,0.3501415691747813
0.5368333333333334,0.4921486255735167
0.5369166666666667,-0.22674196601720037
0.537,-0.36860619903663017
0.5370833333333334,-0.35961503095834485
0.5371666666666667,-0.12528254997224547
0.53725,0.17221424201460167
0.5373333333333333,-0.24729925166167693
0.5374166666666667,-0.31860265641468855
0.5375,-0.366024923600007
0.5375833333333333,-0.5722176912888396
0.5376666666666666,-0.14044377426099852
0.53775,-0.0543141652484823
0.5378333333333334,-0.16837768993249272
0.5379166666666667,0.08717615736080891
0.538,-0.16803184324878484
0.5380833333333334,-0.22793001879630703
0.5381666666666667,0.16868599067413353
0.53825,-0.021749148727462867
0.5383333333333333,-0.29380364175011225
0.5384166666666667,-0.17552680280135907
0.5385,-0.13835868163336057
0.5385833333333333,-0.3482561999756643
0.5386666666666666,-0.32308016763082525
0.53875,-0.12821567054630206
0.5388333333333334,-0.1982654045178852
0.5389166666666667,-0.09365927639752308
0.539,0.05241418973188423
0.5390833333333334,0.011102488833419664
0.5391666666666667,0.169026350698636
0.53925,0.3121180106541029
0.5393333333333333,0.34811434744125647
0.5394166666666667,0.34916612511912987
0.5395,0.061701049892152034
0.5395833333333333,-0.18247469264702587
0.5396666666666666,-0.15655922404479616
0.53975,-0.42119030676384384
0.5398333333333334,-0.6320752732574305
0.5399166666666667,-0.5135497171172706
0.54,-0.5586583820738952
0.5400833333333334,-0.4519159582653919
0.5401666666666667,-0.37810372968375916
0.54025,-0.5254467647971165
0.5403333333333333,-0.5009172990766985
0.5404166666666667,-0.5609005170739577
0.5405,-0.5884518255907604
0.5405833333333333,-0.3515969674232211
0.5406666666666666,-0.26095382306638243
0.54075,-0.4340466853117427
0.5408333333333334,-0.46690213855276225
0.5409166666666667,-0.5414485112400214
0.541,-0.6458981477675919
0.5410833333333334,-0.4299992247306953
0.5411666666666667,-0.35647676018965896
0.54125,-0.30860904746311485
0.5413333333333333,-0.15327586620156275
0.5414166666666667,0.1616532208804979
0.5415,0.6742134568411703
0.5415833333333333,0.5600341234779441
0.5416666666666666,0.2290183137843736
0.54175,0.39936646760703814
0.5418333333333333,0.5384409192046827
0.5419166666666667,0.28066608963880463
0.542,0.22861448667178824
0.5420833333333334,0.438178725761908
0.5421666666666667,0.2986094685404308
0.54225,0.4784402442051624
0.5423333333333333,0.6367272834689587
0.5424166666666667,0.23275315227558208
0.5425,0.33427373332761134
0.5425833333333333,0.3827729058424631
0.5426666666666666,0.07672734658739519
0.54275,0.24676652086904233
0.5428333333333333,0.3148457703989842
0.5429166666666667,0.28568671118294603
0.543,0.5438007341542541
0.5430833333333334,0.3640610453828976
0.5431666666666667,0.2151141889878272
0.54325,0.6558341140271976
0.5433333333333333,0.6970730391213118
0.5434166666666667,0.5816306857313255
0.5435,0.5420759821909501
0.5435833333333333,0.1393210729392232
0.5436666666666666,0.14529679750579674
0.54375,0.2014933887641853
0.5438333333333333,0.02615185692761295
0.5439166666666667,0.15199739884439628
0.544,-0.016600095248305878
0.5440833333333334,-0.09972985454417274
0.5441666666666667,-0.045212861433401884
0.54425,-0.2954347910317115
0.5443333333333333,-0.030278091442416107
0.5444166666666667,0.09070531415795315
0.5445,-0.1036178610258934
0.5445833333333333,0.0644741922473187
0.5446666666666666,-0.3250463832932227
0.54475,-0.6292048133626217
0.5448333333333333,-0.2456046259214742
0.5449166666666667,-0.05709219453061154
0.545,0.14363690234395296
0.5450833333333334,0.1697135281116436
0.5451666666666667,-0.1781295695963783
0.54525,-0.10762481019240742
0.5453333333333333,0.17769606590249606
0.5454166666666667,0.12819058482412468
0.5455,0.25498051645693703
0.5455833333333333,0.2337117230998937
0.5456666666666666,-0.04715727946702234
0.54575,0.35129569653799336
0.5458333333333333,0.2935060427174962
0.5459166666666667,-0.25542284311436597
0.546,-0.19170117863225736
0.5460833333333334,-0.2472741947847807
0.5461666666666667,0.17659799801039444
0.54625,0.6189623560636333
0.5463333333333333,0.17417108567621045
0.5464166666666667,-0.14299044104468805
0.5465,-0.4510244387563223
0.5465833333333333,-0.33391796352056585
0.5466666666666666,0.16731602330847584
0.54675,0.20035629682193756
0.5468333333333333,0.16904282723964226
0.5469166666666667,0.17820567951351093
0.547,0.2549414110179682
0.5470833333333334,0.23428722438359556
0.5471666666666667,-0.010549564018336892
0.54725,-0.1117772911730165
0.5473333333333333,0.2010210876397333
0.5474166666666667,0.6611636831889468
0.5475,0.6749888127160948
0.5475833333333333,0.4304092747354154
0.5476666666666666,0.1643659029578342
0.54775,0.14509406140246378
0.5478333333333333,0.4851046281834938
0.5479166666666667,0.6240809525702967
0.548,0.525207906851725
0.5480833333333334,0.6034627939530498
0.5481666666666667,0.6821099845369871
0.54825,0.39356289244016346
0.5483333333333333,0.14855384788818832
0.5484166666666667,-0.1399166367424606
0.5485,-0.3520088917183569
0.5485833333333333,-0.12913453924716364
0.5486666666666666,-0.1762475656132265
0.54875,-0.1790921360322853
0.5488333333333333,-0.19010053580798839
0.5489166666666667,-0.37809300075350466
0.549,-0.18360439652765143
0.5490833333333334,-0.40155764290746876
0.5491666666666667,-0.7534527858626964
0.54925,-0.740196001101172
0.5493333333333333,-0.9958863351332597
0.5494166666666667,-0.89241037027262
0.5495,-0.5002541443453872
0.5495833333333333,-0.6350129001755129
0.5496666666666666,-0.6846637061403194
0.54975,-0.6395751389945952
0.5498333333333333,-0.781549127766025
0.5499166666666667,-0.6263646085798085
0.55,-0.3513825049897503
0.5500833333333334,-0.15318897677689064
0.5501666666666667,0.05117911253610479
0.55025,0.31557297591884975
0.5503333333333333,0.5025927711351271
0.5504166666666667,0.4604074285547935
0.5505,0.1209819234322618
0.5505833333333333,-0.3016977521827851
0.5506666666666666,-0.06193547073559589
0.55075,0.1409315026041934
0.5508333333333333,0.33612634188878676
0.5509166666666667,0.8223594404090544
0.551,0.3558025376417895
0.5510833333333334,0.24861233161082713
0.5511666666666667,0.4556417816838818
0.55125,-0.08055771308553131
0.5513333333333333,0.0281740241714768
0.5514166666666667,0.0007906478368941831
0.5515,-0.23926746751645422
0.5515833333333333,-0.011032661194682113
0.5516666666666666,-0.044268806751104194
0.55175,-0.038769955024756615
0.5518333333333333,-0.08638062076627782
0.5519166666666667,-0.05558741695588706
0.552,0.16505860935080918
0.5520833333333334,0.2775710747871479
0.5521666666666667,0.3481183327084762
0.55225,0.20180946466651448
0.5523333333333333,0.030797507456675817
0.5524166666666667,-0.181804422000919
0.5525,-0.2419339511720127
0.5525833333333333,-0.12701002642317216
0.5526666666666666,-0.06051219615502324
0.55275,0.18520829113389198
0.5528333333333333,0.316409380563273
0.5529166666666666,0.15227529989148827
0.553,-0.23641608685178261
0.5530833333333334,-0.288068002876333
0.5531666666666667,0.006844901133915439
0.55325,0.1638279819865368
0.5533333333333333,0.24279159202360925
0.5534166666666667,-0.10648263327088876
0.5535,-0.30061232887324985
0.5535833333333333,-0.3140532198318806
0.5536666666666666,-0.3469876126309599
0.55375,-0.028472144962758347
0.5538333333333333,-0.2900676329233534
0.5539166666666666,-0.45737878205189064
0.554,-0.0978490575866949
0.5540833333333334,-0.05958483784003809
0.5541666666666667,0.1307973903502554
0.55425,0.10740422107483584
0.5543333333333333,-0.34212923699714154
0.5544166666666667,-0.28371606615783224
0.5545,0.0009462582533098962
0.5545833333333333,-0.09951605685513963
0.5546666666666666,-0.18762716182468528
0.55475,-0.31026918778673623
0.5548333333333333,-0.3650879622307438
0.5549166666666666,0.10672411774236894
0.555,0.3033186769260717
0.5550833333333334,-0.010612549724857014
0.5551666666666667,-0.16781126785962344
0.55525,-0.008366927086571493
0.5553333333333333,0.2055212639203633
0.5554166666666667,0.04298737984389311
0.5555,-0.08943394673812063
0.5555833333333333,-0.02307037299383044
0.5556666666666666,-0.053508006106436995
0.55575,0.12546098016166396
0.5558333333333333,0.12321611578931173
0.5559166666666666,-0.18644883208314664
0.556,-0.32436938810400245
0.5560833333333334,-0.23980041190879417
0.5561666666666667,-0.03500568542243842
0.55625,-0.06965176728778905
0.5563333333333333,0.07740796186569088
0.5564166666666667,0.21024016910093293
0.5565,-0.03730844299909489
0.5565833333333333,0.13828821278787645
0.5566666666666666,0.2105713121655276
0.55675,0.13769752381175282
0.5568333333333333,0.17252879713559466
0.5569166666666666,-0.07232179365669093
0.557,-0.11543532589866388
0.5570833333333334,-0.11596055760220488
0.5571666666666667,0.01987341958892649
0.55725,0.09174823347342041
0.5573333333333333,-0.031642921870315775
0.5574166666666667,0.2606259157490179
0.5575,0.28904478324602106
0.5575833333333333,0.16651193869433653
0.5576666666666666,0.19112686717461214
0.55775,0.16175424419270684
0.5578333333333333,0.27284997735373534
0.5579166666666666,0.4241912816074029
0.558,0.4969972703819744
0.5580833333333334,0.31630457307651405
0.5581666666666667,0.25780329099469923
0.55825,0.005503148485607135
0.5583333333333333,-0.20124446779618554
0.5584166666666667,0.04527983794815648
0.5585,-0.02438978278426907
0.5585833333333333,0.3638754043558798
0.5586666666666666,0.5836304426716974
0.55875,0.030818197317482175
0.5588333333333333,-0.06627969617277914
0.5589166666666666,-0.24847452521713798
0.559,-0.5366852802490929
0.5590833333333334,-0.19451096626680742
0.5591666666666667,0.11166807183251141
0.55925,-0.01665368845002759
0.5593333333333333,0.2462705436804691
0.5594166666666667,0.4602955283373631
0.5595,0.038559513305735184
0.5595833333333333,-0.07906158784673448
0.5596666666666666,-0.14558253784721759
0.55975,-0.14859222547728967
0.5598333333333333,0.27603917915498916
0.5599166666666666,0.255284804640755
0.56,-0.03616015224305736
0.5600833333333334,-0.11602744249231596
0.5601666666666667,-0.372409336737079
0.56025,-0.43527386340503055
0.5603333333333333,-0.17399300689695313
0.5604166666666667,-0.09665623743074117
0.5605,0.06477899467528171
0.5605833333333333,-0.11054733959370078
0.5606666666666666,-0.3566877402833379
0.56075,-0.026829381608871324
0.5608333333333333,-0.10410852643792586
0.5609166666666666,-0.12568149740253998
0.561,0.042465213662483944
0.5610833333333334,-0.08809252622780017
0.5611666666666667,0.20338993881454384
0.56125,0.2743251114854991
0.5613333333333334,-0.15378036266363582
0.5614166666666667,-0.4005076447793099
0.5615,-0.33626799140886676
0.5615833333333333,0.008050818127794863
0.5616666666666666,0.3049092528966602
0.56175,0.35237149237938775
0.5618333333333333,0.20947283117609194
0.5619166666666666,0.15252260642524224
0.562,0.14411202592139022
0.5620833333333334,0.022299046584351816
0.5621666666666667,-0.13831095467133456
0.56225,-0.24141853629206783
0.5623333333333334,-0.048676437196494636
0.5624166666666667,0.21298956245836845
0.5625,0.3586796077186149
0.5625833333333333,0.3777718085972256
0.5626666666666666,0.272305244121434
0.56275,0.30670899053076406
0.5628333333333333,0.2954978183407596
0.5629166666666666,0.044575581871837314
0.563,-0.07865527486003623
0.5630833333333334,0.04551106397276556
0.5631666666666667,0.01035129374788862
0.56325,0.15961058550692964
0.5633333333333334,0.5602590704791577
0.5634166666666667,0.3066291760443958
0.5635,-0.12093663416432594
0.5635833333333333,-0.19001534088752506
0.5636666666666666,-0.2842728211843859
0.56375,-0.2192615137156331
0.5638333333333333,0.11905628590008795
0.5639166666666666,0.2533865985441056
0.564,0.014611855179341233
0.5640833333333334,0.12741519166004286
0.5641666666666667,0.2766113496651322
0.56425,-0.04099781229040942
0.5643333333333334,-0.23822258020312093
0.5644166666666667,-0.4363016329691317
0.5645,-0.4306058042749719
0.5645833333333333,-0.24088034087430749
0.5646666666666667,-0.22502286011706718
0.56475,-0.39342514133719597
0.5648333333333333,-0.6507212589422039
0.5649166666666666,-0.445316951076317
0.565,-0.3585032973740109
0.5650833333333334,-0.26915131204237563
0.5651666666666667,0.01897589357315609
0.56525,-0.04771902038924849
0.5653333333333334,-0.0032822336914301825
0.5654166666666667,-0.12927705786179194
0.5655,-0.307479193608766
0.5655833333333333,-0.3162173194726626
0.5656666666666667,-0.2230211374086615
0.56575,-0.003696692450816222
0.5658333333333333,0.19045138412999096
0.5659166666666666,0.5957892665037616
0.566,0.48806137274556843
0.5660833333333334,0.09479842651431708
0.5661666666666667,-0.1865751773315958
0.56625,-0.5113151346423978
0.5663333333333334,-0.40346610903148417
0.5664166666666667,-0.21135297382904666
0.5665,0.036013836208695096
0.5665833333333333,0.17936344035975627
0.5666666666666667,0.1922941344639134
0.56675,0.28627285877585495
0.5668333333333333,0.16827524383622902
0.5669166666666666,0.23100737632438154
0.567,0.38293586805790425
0.5670833333333334,0.19392363035535706
0.5671666666666667,0.002324340982303903
0.56725,0.11505112118573016
0.5673333333333334,0.1779833026067411
0.5674166666666667,0.13720961221238145
0.5675,0.21424545677906132
0.5675833333333333,0.28465402792051814
0.5676666666666667,0.47897488796800813
0.56775,0.7499548410151234
0.5678333333333333,0.792054517988659
0.5679166666666666,0.2342566050756938
0.568,-0.2884825886486363
0.5680833333333334,-0.18020877509128413
0.5681666666666667,-0.1736693319806821
0.56825,0.08336526717717714
0.5683333333333334,0.506762598966978
0.5684166666666667,0.1972615597392713
0.5685,-0.2389813022250274
0.5685833333333333,-0.4220233264467936
0.5686666666666667,-0.9030975275498588
0.56875,-1.371490729787995
0.5688333333333333,-1.1913682691730811
0.5689166666666666,-1.070104143459985
0.569,-1.1387991194901133
0.5690833333333334,-1.0008314076473055
0.5691666666666667,-0.9866835107710986
0.56925,-0.8107588607524566
0.5693333333333334,-0.7617389446194995
0.5694166666666667,-1.137861139776877
0.5695,-1.3002304860978877
0.5695833333333333,-1.1135444545072994
0.5696666666666667,-0.5969439989482063
0.56975,-0.16461961263660163
0.5698333333333333,-0.07476431049725317
0.5699166666666666,0.22375588103653682
0.57,0.49581740641827005
0.5700833333333334,0.5160285819545569
0.5701666666666667,0.5177939208304605
0.57025,0.17976255824696374
0.5703333333333334,0.04796658654848034
0.5704166666666667,0.2976350003522717
0.5705,0.22122892062028265
0.5705833333333333,0.1846786971967327
0.5706666666666667,0.18504891028962453
0.57075,0.21578222145467288
0.5708333333333333,0.36251633346889556
0.5709166666666666,0.2190910829418206
0.571,-0.01682152092993494
0.5710833333333334,-0.06700235523758201
0.5711666666666667,0.3035729680801137
0.57125,0.48308750171880116
0.5713333333333334,0.41192368441000976
0.5714166666666667,0.6480754794818302
0.5715,0.5772083719261011
0.5715833333333333,0.6579741938141609
0.5716666666666667,0.8383354348049066
0.57175,0.7274704303258402
0.5718333333333333,0.9444976439651764
0.5719166666666666,0.9456705692527323
0.572,0.8186310490881398
0.5720833333333334,0.6816844864839201
0.5721666666666667,0.48539591964625567
0.57225,0.6995390201097185
0.5723333333333334,0.7304551806348327
0.5724166666666667,0.6431588457900356
0.5725,0.49551227041969703
0.5725833333333333,0.207243202821848
0.5726666666666667,0.2814891954863264
0.57275,0.3788099653481625
0.5728333333333333,0.2261010947978791
0.5729166666666666,0.04920349815698794
0.573,0.1371170042761686
0.5730833333333333,0.0659158458526722
0.5731666666666667,-0.16306958659395265
0.57325,-0.10852121250028206
0.5733333333333334,-0.05990954437644223
0.5734166666666667,0.2524653198921019
0.5735,0.5459674599139549
0.5735833333333333,0.5358935628803153
0.5736666666666667,0.16876512543514843
0.57375,-0.5819503988978334
0.5738333333333333,-0.8822233351259497
0.5739166666666666,-0.8029741196133241
0.574,-0.48248758659492824
0.5740833333333333,-0.28142585799387165
0.5741666666666667,-0.4779586429709775
0.57425,-0.47829334524998873
0.5743333333333334,-0.717314863303204
0.5744166666666667,-0.9539866417136936
0.5745,-0.7243619887798641
0.5745833333333333,-0.8223252142467697
0.5746666666666667,-0.8411215785145832
0.57475,-0.27981128411578066
0.5748333333333333,0.059211509910139966
0.5749166666666666,-0.24036614557936603
0.575,-0.7632974061402056
0.5750833333333333,-0.7994409304285589
0.5751666666666667,-0.4635515339574043
0.57525,-0.12976782541117363
0.5753333333333334,0.3581742556356801
0.5754166666666667,0.6953372281336646
0.5755,0.5612071104642857
0.5755833333333333,0.5390757779510336
0.5756666666666667,0.9171125911575104
0.57575,0.7946887111121398
0.5758333333333333,0.5240743383781472
0.5759166666666666,0.8145859614523038
0.576,0.9433588013369811
0.5760833333333333,1.0322141387235575
0.5761666666666667,1.0036009458353465
0.57625,0.5476022404480282
0.5763333333333334,0.35198492588835156
0.5764166666666667,0.436696394738715
0.5765,0.6659000729467336
0.5765833333333333,0.8815336858714636
0.5766666666666667,0.4456806860927463
0.57675,-0.051472943896850275
0.5768333333333333,-0.027133576767953454
0.5769166666666666,0.030883586362906088
0.577,0.35752387270891217
0.5770833333333333,0.4810898641884573
0.5771666666666667,0.03409317322764484
0.57725,0.04453085235267807
0.5773333333333334,0.09900882489957326
0.5774166666666667,-0.10843692896101424
0.5775,-0.07192800154705385
0.5775833333333333,-0.3974326166278726
0.5776666666666667,-0.5834488084147492
0.57775,-0.118801449149409
0.5778333333333333,-0.23219813688209112
0.5779166666666666,-0.4778251517229332
0.578,-0.4125143628677375
0.5780833333333333,-0.8528958121276249
0.5781666666666667,-1.1273302614732954
0.57825,-0.8511467371148321
0.5783333333333334,-0.6021763200695162
0.5784166666666667,-0.6475208799052835
0.5785,-0.4526761179075393
0.5785833333333333,-0.15131455784425515
0.5786666666666667,-0.2651074481026767
0.57875,-0.04950714863682849
0.5788333333333333,-0.14246414645772848
0.5789166666666666,-0.42528242480779005
0.579,-0.03730265803880766
0.5790833333333333,-0.16100231821699051
0.5791666666666667,-0.17547909939983491
0.57925,0.14814396751046652
0.5793333333333334,-0.146921779384882
0.5794166666666667,-0.17235941080337533
0.5795,-0.3286792020971055
0.5795833333333333,-0.635711127774706
0.5796666666666667,-0.3557415036623174
0.57975,-0.27657901278753827
0.5798333333333333,-0.016268930453835834
0.5799166666666666,0.11948867955154156
0.58,-0.43057415710924035
0.5800833333333333,-0.3612693579945527
0.5801666666666667,-0.12825615404125926
0.58025,-0.23233034618235043
0.5803333333333334,0.27014324999569295
0.5804166666666667,0.5272328503720555
0.5805,0.18849403853562438
0.5805833333333333,0.23979571613582193
0.5806666666666667,0.2005762649877664
0.58075,0.21634265502860522
0.5808333333333333,0.5907089558904121
0.5809166666666666,0.3840960234384442
0.581,0.18318737103263075
0.5810833333333333,0.43352647419858803
0.5811666666666667,0.4658262044142608
0.58125,0.5453148888367383
0.5813333333333334,0.5827873820029034
0.5814166666666667,0.3339364923073107
0.5815,0.22529401649321662
0.5815833333333333,0.10611293975760513
0.5816666666666667,0.05116571000664373
0.58175,0.2525404562711125
0.5818333333333333,-0.11841071699260415
0.5819166666666666,-0.44568938044515105
0.582,-0.03648481975363651
0.5820833333333333,-0.1583890812438998
0.5821666666666667,-0.11752688393272785
0.58225,0.1328114161734312
0.5823333333333334,-0.21041062014826986
0.5824166666666667,0.2266762033114194
0.5825,0.22859896991189585
0.5825833333333333,-0.3392445457578085
0.5826666666666667,0.1811442849886936
0.58275,0.3288459396760512
0.5828333333333333,0.3977795108504196
0.5829166666666666,0.9102843465279912
0.583,0.5004316614884522
0.5830833333333333,0.0884187397799948
0.5831666666666667,0.18914017978373843
0.58325,-0.07354666889490362
0.5833333333333334,-0.19247235883063546
0.5834166666666667,-0.16686174923761038
0.5835,-0.20840549809953232
0.5835833333333333,-0.046713540840465646
0.5836666666666667,-0.1420901855818822
0.58375,-0.2076730267731737
0.5838333333333333,-0.3159878995259371
0.5839166666666666,-0.8729057530261952
0.584,-1.195861742086479
0.5840833333333333,-1.2451707085624508
0.5841666666666666,-1.2863731682474022
0.58425,-0.9001648401521779
0.5843333333333334,-0.2602571955705252
0.5844166666666667,-0.2095434928186028
0.5845,-0.2682009749458245
0.5845833333333333,-0.09202324424025105
0.5846666666666667,-0.4224259321983472
0.58475,-0.5528524800352194
0.5848333333333333,-0.17390958238199059
0.5849166666666666,-0.26565737662167527
0.585,-0.19931429926484967
0.5850833333333333,0.22036623783663936
0.5851666666666666,-0.15319216322921259
0.58525,-0.4275812515089303
0.5853333333333334,-0.18896606131944332
0.5854166666666667,-0.2854245006277721
0.5855,-0.15442908948231587
0.5855833333333333,-0.035427722127872124
0.5856666666666667,-0.04592152039303366
0.58575,0.23104692129822063
0.5858333333333333,0.15781633944243603
0.5859166666666666,0.06450188225361277
0.586,0.16149549202701804
0.5860833333333333,-0.04744429817465816
0.5861666666666666,-0.006361324907201634
0.58625,0.34380506064451416
0.5863333333333334,0.29504273983433055
0.5864166666666667,0.3675461676963933
0.5865,0.7373919223829706
0.5865833333333333,0.6140055450688182
0.5866666666666667,0.5597791399492494
0.58675,0.6527446835183847
0.5868333333333333,0.3713999676230055
0.5869166666666666,0.27681241050570876
0.587,0.2215798739672195
0.5870833333333333,0.3481052948268769
0.5871666666666666,0.663899381293371
0.58725,0.3839714831501942
0.5873333333333334,0.26173754213694994
0.5874166666666667,0.2642059821999668
0.5875,-0.06188589775008315
0.5875833333333333,0.10182486644034901
0.5876666666666667,0.06508371575063672
0.58775,-0.33640937499937096
0.5878333333333333,-0.21208627219113474
0.5879166666666666,-0.014669417773563138
0.588,0.22745578129956753
0.5880833333333333,0.4212745118880971
0.5881666666666666,0.14371208350737333
0.58825,0.23150627625247966
0.5883333333333334,0.42442435978780796
0.5884166666666667,-0.08592512291217008
0.5885,0.06557956741504511
0.5885833333333333,0.43989055962841545
0.5886666666666667,0.08324139373120454
0.58875,0.2653485635440393
0.5888333333333333,0.05620522367526746
0.5889166666666666,-0.3996331453480126
0.589,-0.16090669490997214
0.5890833333333333,-0.344084561913494
0.5891666666666666,-0.22500533584467722
0.58925,-0.018118896394632964
0.5893333333333334,-0.4062572372483541
0.5894166666666667,-0.20676153334794078
0.5895,0.21218056827891738
0.5895833333333333,0.02775414885674526
0.5896666666666667,-0.01744009225153628
0.58975,0.057574341367088624
0.5898333333333333,-0.3559279440029175
0.5899166666666666,-0.3812652325827372
0.59,-0.1839505388103033
0.5900833333333333,-0.22391019650623686
0.5901666666666666,-0.1637921390319137
0.59025,-0.3592567553597416
0.5903333333333334,-0.271498370947919
0.5904166666666667,-0.2544197035341618
0.5905,-0.5608925448382913
0.5905833333333333,-0.2598468109165365
0.5906666666666667,-0.1764106378015023
0.59075,-0.2681331257966484
0.5908333333333333,0.10423830152626078
0.5909166666666666,0.30406607916453227
0.591,0.30848122831081054
0.5910833333333333,0.10153618886325189
0.5911666666666666,-0.18031703236466953
0.59125,-0.19215443286386796
0.5913333333333334,-0.2566899306142855
0.5914166666666667,-0.10060677754434977
0.5915,0.360113868700267
0.5915833333333333,0.566832647530653
0.5916666666666667,0.9662843773984512
0.59175,1.3937274430874949
0.5918333333333333,0.9657686272995245
0.5919166666666666,0.5350531517961234
0.592,0.7630334226976709
0.5920833333333333,0.871322847794028
0.5921666666666666,0.9551992562088423
0.59225,0.9856684711080518
0.5923333333333334,0.5203688967529073
0.5924166666666667,0.43776630950894524
0.5925,0.46867275441611805
0.5925833333333334,0.10436532759644794
0.5926666666666667,-0.013303063796575362
0.59275,-0.1580980747575713
0.5928333333333333,-0.06144392576589688
0.5929166666666666,-0.018444505931728982
0.593,-0.4930285668396866
0.5930833333333333,-0.5886462484054139
0.5931666666666666,-0.6316589641182706
0.59325,-0.6989926473081319
0.5933333333333334,-0.3678648406595698
0.5934166666666667,-0.23341636655735382
0.5935,-0.4746043852894339
0.5935833333333334,-0.5471753874021739
0.5936666666666667,-0.47489602784291957
0.59375,-0.64419966629824
0.5938333333333333,-0.6755078387643011
0.5939166666666666,-0.6946160609441435
0.594,-0.7245248665931117
0.5940833333333333,-0.5741727656331016
0.5941666666666666,-0.4505454424376994
0.59425,-0.0993083806759699
0.5943333333333334,-0.24498779744166294
0.5944166666666667,-0.4275207429163702
0.5945,0.05668245749938266
0.5945833333333334,0.10012867394419948
0.5946666666666667,0.15931113794773147
0.59475,0.3023049712517039
0.5948333333333333,0.04305983990409172
0.5949166666666666,-0.09899504020535914
0.595,0.025103541811366717
0.5950833333333333,0.17462297026933102
0.5951666666666666,-0.02113482734210748
0.59525,-0.1455567230544509
0.5953333333333334,-0.17466269550410932
0.5954166666666667,-0.24096129619790296
0.5955,-0.24681100500240472
0.5955833333333334,-0.3822869434273091
0.5956666666666667,-0.07612198193442918
0.59575,0.2593611441964602
0.5958333333333333,0.39331683192771766
0.5959166666666667,0.7018742630478934
0.596,0.4060400573535418
0.5960833333333333,0.10287691571293442
0.5961666666666666,0.32034927517711503
0.59625,0.2483139931937499
0.5963333333333334,0.2621169727977457
0.5964166666666667,0.39174890294481407
0.5965,0.296542857143398
0.5965833333333334,0.4778013876285188
0.5966666666666667,0.5766221783227309
0.59675,0.15655167555249241
0.5968333333333333,-0.24999595465217522
0.5969166666666667,-0.3312771866295732
0.597,-0.31232714285447255
0.5970833333333333,-0.11156621054782491
0.5971666666666666,0.1984126010316379
0.59725,0.16158700482380584
0.5973333333333334,0.22447203873034816
0.5974166666666667,0.26020410041760206
0.5975,-0.017997269697266637
0.5975833333333334,0.08173882182373417
0.5976666666666667,0.0027297263618180742
0.59775,-0.5766484155530177
0.5978333333333333,-0.8931751350811501
0.5979166666666667,-0.9688969238536829
0.598,-0.9613364119914184
0.5980833333333333,-0.6366991392621355
0.5981666666666666,-0.19908911762036538
0.59825,-0.12135539574086168
0.5983333333333334,-0.25641011435019967
0.5984166666666667,-0.30721418920056043
0.5985,-0.36921337158459644
0.5985833333333334,-0.7102199120809964
0.5986666666666667,-0.7570779144628431
0.59875,-0.2541540799918169
0.5988333333333333,-0.2287008141314838
0.5989166666666667,-0.17159385422457268
0.599,-0.018682421262772007
0.5990833333333333,-0.6113260393807853
0.5991666666666666,-0.94110384160285
0.59925,-0.8228686000112067
0.5993333333333334,-0.764083397319315
0.5994166666666667,-0.6855757449771913
0.5995,-0.41740280986529077
0.5995833333333334,-0.022736416899893887
0.5996666666666667,0.08974575443510241
0.59975,0.23345588735677028
0.5998333333333333,0.09227922233259127
0.5999166666666667,-0.19527209821266728
0.6,0.19182850378560817
0.6000833333333333,0.42238865737395515
0.6001666666666666,0.5175348764572435
0.60025,0.7546597523649339
0.6003333333333334,0.5227100914921472
0.6004166666666667,0.7024720886117706
0.6005,1.2088460112952066
0.6005833333333334,0.9364836449653786
0.6006666666666667,0.6101902713454944
0.60075,0.3062570172207176
0.6008333333333333,0.08512732777022097
0.6009166666666667,0.630586330856156
0.601,0.9975451896009189
0.6010833333333333,1.057461629232666
0.6011666666666666,0.8450901516106724
0.60125,0.2552253973922786
0.6013333333333334,0.24866909284619737
0.6014166666666667,0.3058865444433997
0.6015,0.14546201805813114
0.6015833333333334,0.056173448841951724
0.6016666666666667,0.02257931804516239
0.60175,0.3413513209661798
0.6018333333333333,0.49142257369394476
0.6019166666666667,0.35819906677308166
0.602,-0.015339075316856254
0.6020833333333333,-0.5204038475050542
0.6021666666666666,-0.6971981330789899
0.60225,-0.4066650457191751
0.6023333333333334,0.22800693201212308
0.6024166666666667,0.3973750765846319
0.6025,0.34673828474119733
0.6025833333333334,0.315057245715672
0.6026666666666667,-0.1765692757115249
0.60275,-0.6025229789381777
0.6028333333333333,-0.6432317688190258
0.6029166666666667,-0.5195069706980461
0.603,-0.4218675139735007
0.6030833333333333,-0.1433726184466057
0.6031666666666666,0.012319196002760076
0.60325,-0.3003620057658405
0.6033333333333334,-0.43114349311738237
0.6034166666666667,-0.20308284603826632
0.6035,0.16499446445758853
0.6035833333333334,0.34500005664870437
0.6036666666666667,0.32985643927411273
0.60375,0.28720140883455536
0.6038333333333333,0.07333534565020076
0.6039166666666667,-0.05777745556907572
0.604,-0.06491047818277021
0.6040833333333333,0.05373329217843493
0.6041666666666666,0.37426810740503813
0.60425,0.6241704368603379
0.6043333333333333,0.7223026541781582
0.6044166666666667,0.6443071643462998
0.6045,0.3672684246019181
0.6045833333333334,0.2900107271937648
0.6046666666666667,0.4160032860436919
0.60475,0.1992039042940913
0.6048333333333333,0.2839352238046539
0.6049166666666667,0.5097244535657132
0.605,0.20325182501435501
0.6050833333333333,0.33088917925772976
0.6051666666666666,0.26957113539442723
0.60525,0.04192958272989113
0.6053333333333333,0.39702350022308336
0.6054166666666667,0.15972485081158713
0.6055,-0.18896315424009125
0.6055833333333334,-0.19457351173148002
0.6056666666666667,-0.24426516830303038
0.60575,0.11585427266697516
0.6058333333333333,0.46878382383398637
0.6059166666666667,0.32006567850327633
0.606,0.22978301406937857
0.6060833333333333,0.3134262803656687
0.6061666666666666,0.07597613356108593
0.60625,-0.06125639198624406
0.6063333333333333,-0.12971691500027357
0.6064166666666667,-0.289698697652606
0.6065,-0.11606482786524355
0.6065833333333334,-0.033741251406010295
0.6066666666666667,0.0205529835116371
0.60675,-0.12229963457686367
0.6068333333333333,-0.6616035692281125
0.6069166666666667,-0.7234133927392118
0.607,-0.47668057240553113
0.6070833333333333,-0.4900199248522313
0.6071666666666666,-0.8976692086689838
0.60725,-1.1118453541526114
0.6073333333333333,-0.7584643603325746
0.6074166666666667,-0.7052664004082279
0.6075,-0.40733266761796244
0.6075833333333334,-0.031703297758778885
0.6076666666666667,-0.5196078376652481
0.60775,-0.4337205928375919
0.6078333333333333,0.1442148840790383
0.6079166666666667,0.3140752579275068
0.608,0.4136224080205807
0.6080833333333333,0.01346695269726749
0.6081666666666666,-0.22726443973061253
0.60825,-0.009107198029908042
0.6083333333333333,-0.09216651028789809
0.6084166666666667,0.13182235529956265
0.6085,-0.02514335754831293
0.6085833333333334,-0.6141646840144593
0.6086666666666667,-0.3885076552058497
0.60875,-0.22761437829460562
0.6088333333333333,-0.10851178797402687
0.6089166666666667,0.012298760257706706
0.609,-0.18365863855610015
0.6090833333333333,-0.06187479570576957
0.6091666666666666,0.12152488951751475
0.60925,0.2588775532373429
0.6093333333333333,0.007145039226753437
0.6094166666666667,-0.19371585998646856
0.6095,-0.015476722004190323
0.6095833333333334,-0.090288362256344
0.6096666666666667,0.10660931564827374
0.60975,0.03828831660916429
0.6098333333333333,-0.4099046029698602
0.6099166666666667,0.009128649000657619
0.61,0.8422178466648745
0.6100833333333333,0.9446287491687656
0.6101666666666666,0.597283546685701
0.61025,0.37147264717097905
0.6103333333333333,0.16576835427151937
0.6104166666666667,0.24600602489071807
0.6105,0.46493506031677745
0.6105833333333334,0.49860506673540267
0.6106666666666667,0.02593104673979713
0.61075,-0.39584583451554267
0.6108333333333333,0.1022081210000714
0.6109166666666667,0.18228151147859684
0.611,0.11615091995899791
0.6110833333333333,0.3397076585125596
0.6111666666666666,-0.14022325678913633
0.61125,-0.27687069037984813
0.6113333333333333,-0.2843027284434776
0.6114166666666667,-0.7619022017638846
0.6115,-0.8162320413623527
0.6115833333333334,-0.7011822310903267
0.6116666666666667,-0.5494591255528308
0.61175,-0.20638933980951496
0.6118333333333333,-0.3239508146806596
0.6119166666666667,-0.5488697226875454
0.612,-0.37866435029972295
0.6120833333333333,-0.2596078342990975
0.6121666666666666,-0.03955760427782192
0.61225,-0.0959675628265051
0.6123333333333333,-0.18583405651757942
0.6124166666666667,-0.07593265092299588
0.6125,-0.1653701869072595
0.6125833333333334,0.5242762368769897
0.6126666666666667,0.67489355207647
0.61275,0.015112862182998479
0.6128333333333333,-0.026492883213970555
0.6129166666666667,-0.4548080418936714
0.613,-0.6114854900044593
0.6130833333333333,-0.22907350785082048
0.6131666666666666,-0.02851928769145341
0.61325,0.28343590060089147
0.6133333333333333,0.2275494359438221
0.6134166666666667,0.13068595642840602
0.6135,0.030987499617157386
0.6135833333333334,-0.536241113136867
0.6136666666666667,-0.7709295418223118
0.61375,-0.6271733857616452
0.6138333333333333,-0.5938910871586781
0.6139166666666667,-0.21558248088708615
0.614,0.23501226066640957
0.6140833333333333,0.3534116126505822
0.6141666666666666,0.306832397403426
0.61425,-0.03446656945104135
0.6143333333333333,-0.04314466478988376
0.6144166666666667,-0.04030417452172986
0.6145,-0.05454953327082312
0.6145833333333334,0.6424648002570288
0.6146666666666667,0.7355613245716182
0.61475,0.5081525428523442
0.6148333333333333,0.4949931635388831
0.6149166666666667,0.1941525331486267
0.615,0.32454046006442205
0.6150833333333333,0.4172000044667938
0.6151666666666666,0.47237638984900915
0.61525,0.6473705123646535
0.6153333333333333,0.2599447940365704
0.6154166666666666,0.16661513153076607
0.6155,0.2690249363331901
0.6155833333333334,-0.11908131918787447
0.6156666666666667,-0.1057672544186062
0.61575,0.14665128667260546
0.6158333333333333,0.2185354109747848
0.6159166666666667,0.5943269529445805
0.616,0.5465291055741808
0.6160833333333333,0.10742055842035993
0.6161666666666666,-0.0036369527303167465
0.61625,-0.15782919277789953
0.6163333333333333,-0.08414490142895524
0.6164166666666666,0.1247226759069613
0.6165,0.15869797266794736
0.6165833333333334,0.4357917097602764
0.6166666666666667,0.7856190650027199
0.61675,0.6739190545747019
0.6168333333333333,0.2438074310311505
0.6169166666666667,0.16837773125562075
0.617,0.16823053093708712
0.6170833333333333,0.16699790563843364
0.6171666666666666,0.25450909837687297
0.61725,-0.1775237742067354
0.6173333333333333,-0.5358369805029425
0.6174166666666666,-0.40714333777753703
0.6175,-0.2712701897382408
0.6175833333333334,-0.19876915135166473
0.6176666666666667,-0.3867940431999076
0.61775,-0.8946386064932581
0.6178333333333333,-0.6967546240506878
0.6179166666666667,-0.10061446514091733
0.618,-0.3094335245416819
0.6180833333333333,-0.27068676824342774
0.6181666666666666,-0.29963314174459704
0.61825,-0.5978630294625908
0.6183333333333333,-0.14001448240339953
0.6184166666666666,-0.040208078764102484
0.6185,-0.1436133437261442
0.6185833333333334,-0.25100409228774584
0.6186666666666667,-0.465282677011093
0.61875,-0.1336555516936967
0.6188333333333333,-0.04461742960967265
0.6189166666666667,-0.16995022588102063
0.619,-0.16077055247986494
0.6190833333333333,-0.19806947955326037
0.6191666666666666,-0.14439518004505295
0.61925,0.10643353208978479
0.6193333333333333,0.24228859213973208
0.6194166666666666,-0.10569774644016722
0.6195,-0.32674119766333626
0.6195833333333334,-0.11563121143696754
0.6196666666666667,0.29633624173668877
0.61975,0.41229739572707885
0.6198333333333333,0.36584388337199236
0.6199166666666667,0.2688857708771956
0.62,-0.11554052583259547
0.6200833333333333,0.17356170199805807
0.6201666666666666,0.39461722761031165
0.62025,0.39744984822163415
0.6203333333333333,0.8973744893258931
0.6204166666666666,0.9987853422547281
0.6205,1.1511361223974996
0.6205833333333334,1.1277985248194031
0.6206666666666667,0.6598133668211599
0.62075,0.182527123755715
0.6208333333333333,-0.24259924696599694
0.6209166666666667,-0.0005487522311977094
0.621,0.4030685568342025
0.6210833333333333,0.5061338243230081
0.6211666666666666,0.41173546089692714
0.62125,0.3807455080242381
0.6213333333333333,0.1479377921004617
0.6214166666666666,-0.42766029751186424
0.6215,-0.3340528106270017
0.6215833333333334,-0.22255427375990638
0.6216666666666667,-0.20625841309684345
0.62175,0.21474160052602606
0.6218333333333333,0.05745614712489617
0.6219166666666667,-0.2928475412381745
0.622,-0.12947156574421112
0.6220833333333333,-0.11083524406405375
0.6221666666666666,-0.2958361149118526
0.62225,-0.19289184436857038
0.6223333333333333,-0.27997595806266756
0.6224166666666666,-0.3692498207117201
0.6225,-0.2692095556189085
0.6225833333333334,-0.5149438624871899
0.6226666666666667,-0.6395419646228355
0.62275,-0.8003085819571784
0.6228333333333333,-0.9346587775837595
0.6229166666666667,-0.8035641408763091
0.623,-0.8336109917893321
0.6230833333333333,-0.6730869784035267
0.6231666666666666,-0.4855884464547701
0.62325,-0.47473266838639877
0.6233333333333333,-0.14891794915590575
0.6234166666666666,0.21875309643980959
0.6235,0.03316275241677239
0.6235833333333334,0.034114129524359056
0.6236666666666667,0.1818158859800347
0.62375,-0.030956685847101564
0.6238333333333334,0.04579808413959726
0.6239166666666667,-0.13938705725271325
0.624,-0.17214477776273363
0.6240833333333333,0.026482930842699638
0.6241666666666666,-0.03271319618343519
0.62425,0.2638802443620261
0.6243333333333333,0.17617180429748955
0.6244166666666666,0.30652680602579996
0.6245,0.39521005740135484
0.6245833333333334,0.030469844459611237
0.6246666666666667,0.2841474558469275
0.62475,-0.193905973856386
0.6248333333333334,-0.7339455174898956
0.6249166666666667,-0.19200168891211744
0.625,-0.07905049818779449
0.6250833333333333,0.1835777075334018
0.6251666666666666,0.7776137736054616
0.62525,0.152653241418327
0.6253333333333333,-0.0641441440244745
0.6254166666666666,0.33012584497415387
0.6255,-0.013614566510882036
0.6255833333333334,0.5076755141753904
0.6256666666666667,0.7748702128488262
0.62575,0.5891209222132764
0.6258333333333334,0.9539588819020232
0.6259166666666667,0.6019859842099072
0.626,0.5252792967165671
0.6260833333333333,0.407712863988576
0.6261666666666666,0.03555753690025308
0.62625,0.08270152156890258
0.6263333333333333,0.024512119901784788
0.6264166666666666,0.23770049363044815
0.6265,-0.03363489677029056
0.6265833333333334,-0.40245491655116583
0.6266666666666667,-0.3844991206565922
0.62675,-0.45272486060469175
0.6268333333333334,-0.2512379976391409
0.6269166666666667,-0.5535016765965054
0.627,-0.6891957198137424
0.6270833333333333,-0.2798049102221274
0.6271666666666667,-0.37647778782928343
0.62725,-0.4294791083946286
0.6273333333333333,-0.7360425862138994
0.6274166666666666,-1.31996690185095
0.6275,-0.907410700992818
0.6275833333333334,-0.401332986987816
0.6276666666666667,-0.4091321052758391
0.62775,-0.28276511603870386
0.6278333333333334,-0.6192202001249104
0.6279166666666667,-0.6581579630807753
0.628,-0.5356356656703662
0.6280833333333333,-0.6752230108364845
0.6281666666666667,0.24788449625051076
0.62825,0.5150893603832188
0.6283333333333333,0.09581994540328266
0.6284166666666666,0.17032984075717628
0.6285,-0.1739504522046521
0.6285833333333334,-0.3008047960052027
0.6286666666666667,-0.4830697131508381
0.62875,-0.5383671894321641
0.6288333333333334,0.0001883018715789953
0.6289166666666667,0.14584035219193855
0.629,0.4200924798885399
0.6290833333333333,0.7257954677232833
0.6291666666666667,0.2654714527104206
0.62925,0.0586864325145438
0.6293333333333333,0.22992834594471945
0.6294166666666666,0.1363133664644166
0.6295,0.3035429183918441
0.6295833333333334,0.33844845916789423
0.6296666666666667,0.49365767937192917
0.62975,0.6727756760772473
0.6298333333333334,0.07301177009888625
0.6299166666666667,0.1436005488607051
0.63,0.30931381747048275
0.6300833333333333,-0.03981737614445943
0.6301666666666667,0.21287646176328667
0.63025,0.33286838658117446
0.6303333333333333,0.48453057077223066
0.6304166666666666,0.6650669829462472
0.6305,0.2391394208039366
0.6305833333333334,0.021858516820935557
0.6306666666666667,-0.2273468205489411
0.63075,-0.25062512171395696
0.6308333333333334,0.45627291732664177
0.6309166666666667,0.41833574319911043
0.631,0.2653812454747045
0.6310833333333333,0.6469259277235916
0.6311666666666667,0.6160004180399113
0.63125,0.7332447014303034
0.6313333333333333,0.5089194116362956
0.6314166666666666,-0.007701786537827232
0.6315,-0.07827413630084558
0.6315833333333334,-0.15160156019841173
0.6316666666666667,0.341238867079711
0.63175,0.5199499226382814
0.6318333333333334,-0.06184751547228396
0.6319166666666667,-0.04398264662215732
0.632,-0.0935130363087019
0.6320833333333333,-0.2631790492771013
0.6321666666666667,-0.06333901988143842
0.63225,-0.03976753989807296
0.6323333333333333,0.004899271117989779
0.6324166666666666,0.15927086847715452
0.6325,0.22657801143026762
0.6325833333333334,-0.01816178348768079
0.6326666666666667,-0.6402328470324923
0.63275,-1.0001347750691876
0.6328333333333334,-0.5961756583546207
0.6329166666666667,-0.08464782750866122
0.633,0.11505625422490336
0.6330833333333333,0.20241185597491027
0.6331666666666667,-0.24969284175111595
0.63325,-0.45844601619181263
0.6333333333333333,-0.056121760702474835
0.6334166666666666,0.12245609872240391
0.6335,0.026923896100683135
0.6335833333333334,-0.1966313672245065
0.6336666666666667,-0.04075196320034736
0.63375,0.05733264100497102
0.6338333333333334,0.16354317238967564
0.6339166666666667,0.12943934267923574
0.634,-0.5585520584310933
0.6340833333333333,-0.3124687026662648
0.6341666666666667,-0.002418564178135836
0.63425,0.0033711973057364395
0.6343333333333333,0.6963632052126806
0.6344166666666666,0.6053218411286133
0.6345,0.45498007088257614
0.6345833333333334,0.7455717089581808
0.6346666666666667,0.23319399641703387
0.63475,-0.21349993497897046
0.6348333333333334,-0.036952094240095386
0.6349166666666667,0.07632362433435463
0.635,0.335261893985101
0.6350833333333333,0.6920464726153631
0.6351666666666667,0.49369912858009973
0.63525,0.08776176533755527
0.6353333333333333,-0.18639768143034652
0.6354166666666666,-0.1341004590434987
0.6355,-0.2934764322488788
0.6355833333333333,-0.5102789424988438
0.6356666666666667,0.10056150757601694
0.63575,0.16019416511312057
0.6358333333333334,0.23239794984063938
0.6359166666666667,0.6579240885145415
0.636,0.23009102093223566
0.6360833333333333,0.12800964101487206
0.6361666666666667,0.11626109428225094
0.63625,0.05848311339591666
0.6363333333333333,0.3532597325300031
0.6364166666666666,0.3943654979802321
0.6365,0.4201037313870368
0.6365833333333333,0.20482985404831233
0.6366666666666667,-0.04029931162925792
0.63675,0.0334336877536101
0.6368333333333334,-0.20313487564724936
0.6369166666666667,-0.5998383665184268
0.637,-0.5043774080359926
0.6370833333333333,-0.19105913837470612
0.6371666666666667,-0.030536760760653054
0.63725,-0.19553691666234718
0.6373333333333333,-0.6238890817633035
0.6374166666666666,-0.7610951991498327
0.6375,-0.8412663176812442
0.6375833333333333,-0.7614340891210303
0.6376666666666667,-0.5676649388813647
0.63775,-0.6230329549791875
0.6378333333333334,-0.35014972169564174
0.6379166666666667,-0.02849338182938194
0.638,0.1093679807011354
0.6380833333333333,0.00774246250089172
0.6381666666666667,-0.10236050257432895
0.63825,0.3037894968348909
0.6383333333333333,0.4731247681566553
0.6384166666666666,0.5107128207997912
0.6385,0.6337245112225325
0.6385833333333333,0.3923202840506671
0.6386666666666667,0.05168885014433439
0.63875,-0.08803595252419925
0.6388333333333334,0.08095995475450957
0.6389166666666667,0.05160175103630272
0.639,-0.18328790793468636
0.6390833333333333,-0.07913081756514573
0.6391666666666667,0.01358223879919297
0.63925,-0.05042073003458868
0.6393333333333333,-0.017027649495694533
0.6394166666666666,-0.29621547061371784
0.6395,-0.6423103989969565
0.6395833333333333,-0.09781850691713949
0.6396666666666667,0.48437646527540684
0.63975,0.3511069426269355
0.6398333333333334,0.15095279576811163
0.6399166666666667,0.04469891624639928
0.64,0.024303603757749637
0.6400833333333333,-0.06925798106656669
0.6401666666666667,-0.025218000794099433
0.64025,0.07527114366582628
0.6403333333333333,-0.1328497895176332
0.6404166666666666,-0.0037621288329993427
0.6405,0.05185792798902714
0.6405833333333333,-0.26946804676433084
0.6406666666666667,-0.25961471687404514
0.64075,-0.20093380508941258
0.6408333333333334,-0.17868294093869005
0.6409166666666667,-0.2118744255548473
0.641,-0.487801819168239
0.6410833333333333,-0.40015812819772334
0.6411666666666667,-0.35271040123312564
0.64125,-0.7204407198429468
0.6413333333333333,-0.4548072449708316
0.6414166666666666,-0.28570898252048005
0.6415,-0.6381168995186265
0.6415833333333333,-0.3632667302575643
0.6416666666666667,-0.007590077758798767
0.64175,0.27261281470613624
0.6418333333333334,0.6104788136891878
0.6419166666666667,0.621169705497141
0.642,0.4803716622265164
0.6420833333333333,0.1442223085786585
0.6421666666666667,0.27922247782344256
0.64225,0.7783191405011348
0.6423333333333333,0.4675551681441996
0.6424166666666666,-0.08981999215840238
0.6425,-0.04238196961588096
0.6425833333333333,-0.021841716513124408
0.6426666666666667,-0.15696558664599713
0.64275,0.07473855176760107
0.6428333333333334,-0.10109550398212573
0.6429166666666667,-0.5672659287268662
0.643,-0.3384993801896209
0.6430833333333333,-0.3666842720082391
0.6431666666666667,-0.8423974679292281
0.64325,-0.9454341867180861
0.6433333333333333,-1.0663411162034178
0.6434166666666666,-1.0215852141366244
0.6435,-0.5893282186253954
0.6435833333333333,-0.31869021786596097
0.6436666666666667,-0.06243996593270539
0.64375,0.06325517988976542
0.6438333333333334,0.013718271527500842
0.6439166666666667,0.23723241945356077
0.644,0.18089600927515376
0.6440833333333333,0.005903766208525449
0.6441666666666667,0.23955180066258402
0.64425,0.2790391341624862
0.6443333333333333,0.532057524996842
0.6444166666666666,1.0185167674611708
0.6445,0.7871546263725919
0.6445833333333333,0.5697131975793239
0.6446666666666667,0.5535044489968469
0.64475,0.09859271227053391
0.6448333333333334,0.012752784524220823
0.6449166666666667,0.2821530312343272
0.645,0.3931928171767379
0.6450833333333333,0.46921387462551656
0.6451666666666667,0.2441147357718349
0.64525,0.0494955207641259
0.6453333333333333,0.11744700813108672
0.6454166666666666,0.20801024580689156
0.6455,0.22868259574230507
0.6455833333333333,0.209539027400062
0.6456666666666667,0.25835343300326613
0.64575,0.30581555837134305
0.6458333333333334,0.6039091002824293
0.6459166666666667,0.5325263846626196
0.646,0.029136770721367885
0.6460833333333333,0.01204037482997555
0.6461666666666667,-0.05515042475638012
0.64625,-0.09722015279254397
0.6463333333333333,0.12761830934635687
0.6464166666666666,0.07615629982655346
0.6465,-0.2760045476865739
0.6465833333333333,-0.5551689546754037
0.6466666666666666,-0.48785561447880754
0.64675,-0.29349406537265166
0.6468333333333334,-0.012820769210828612
0.6469166666666667,-0.0485129739446639
0.647,0.010717338291823282
0.6470833333333333,0.35870958295914945
0.6471666666666667,0.08400908469777521
0.64725,0.033552025795711836
0.6473333333333333,0.018354274948493458
0.6474166666666666,-0.17940036565101758
0.6475,0.3343121536847737
0.6475833333333333,0.502245130089124
0.6476666666666666,0.30779556697787436
0.64775,0.31372008058861467
0.6478333333333334,0.13639660141455973
0.6479166666666667,0.12298202191166684
0.648,0.17449695335050397
0.6480833333333333,0.19566676557260704
0.6481666666666667,0.47207542430813076
0.64825,0.4865974862997635
0.6483333333333333,0.4604146053673153
0.6484166666666666,0.5301611953524125
0.6485,-0.0604559068249143
0.6485833333333333,-0.3598755565877033
0.6486666666666666,-0.32066943397918574
0.64875,-0.4952201049647542
0.6488333333333334,-0.0662178150552305
0.6489166666666667,-0.09306377945127835
0.649,-0.4214620687770639
0.6490833333333333,-0.1857532528394366
0.6491666666666667,-0.14046331478126092
0.64925,0.1655181395135139
0.6493333333333333,0.2705513397801668
0.6494166666666666,0.164099697031432
0.6495,0.21890014640367716
0.6495833333333333,-0.15560622418242226
0.6496666666666666,-0.08362623227826803
0.64975,-0.08435903630739157
0.6498333333333334,-0.4159592682623351
0.6499166666666667,-0.25954916646114395
0.65,-0.24009116192902216
0.6500833333333333,-0.027487161688470135
0.6501666666666667,0.2833283510699404
0.65025,0.3647823249860399
0.6503333333333333,0.48166727701490164
0.6504166666666666,0.074810522625607
0.6505,-0.13258373875982385
0.6505833333333333,0.13160868087386918
0.6506666666666666,-0.050905084591436035
0.65075,-0.0316065961050813
0.6508333333333334,0.20352020741857374
0.6509166666666667,0.19798442203039499
0.651,0.429721148982491
0.6510833333333333,0.27931490251261376
0.6511666666666667,-0.21940048206071022
0.65125,-0.2507632045890909
0.6513333333333333,-0.17560616969065784
0.6514166666666666,-0.06244226087837191
0.6515,0.011054540287132134
0.6515833333333333,-0.0832612020639255
0.6516666666666666,-0.13908201856898708
0.65175,-0.39425724147731916
0.6518333333333334,-0.626598522544434
0.6519166666666667,-0.5915735612930053
0.652,-0.4906062210304944
0.6520833333333333,-0.21310127441994237
0.6521666666666667,-0.01193509133126728
0.65225,-0.07183821248502438
0.6523333333333333,-0.12140941418640347
0.6524166666666666,-0.40036261286004304
0.6525,-0.7533214186776981
0.6525833333333333,-0.63818084353883
0.6526666666666666,-0.4444039828210021
0.65275,-0.47528687762853
0.6528333333333334,-0.47107378836139824
0.6529166666666667,-0.5324374185914191
0.653,-0.5322315062271715
0.6530833333333333,-0.31706131647685515
0.6531666666666667,-0.2779468842502997
0.65325,-0.13268897943104127
0.6533333333333333,0.037080018897871964
0.6534166666666666,0.01856413748258325
0.6535,0.31182579494038243
0.6535833333333333,0.20369059629752556
0.6536666666666666,0.13366355170396782
0.65375,0.516206181218096
0.6538333333333334,0.15860258948502903
0.6539166666666667,-0.051426046100068026
0.654,-0.08787895846940284
0.6540833333333333,-0.20012686647634437
0.6541666666666667,0.3098854248661575
0.65425,0.46542673397273454
0.6543333333333333,0.4603717915643936
0.6544166666666666,0.5494288718434049
0.6545,0.5452034401666372
0.6545833333333333,0.5803625695765542
0.6546666666666666,0.1672198104346317
0.65475,-0.13016679922511012
0.6548333333333334,-0.16415063897229099
0.6549166666666667,-0.12862937449993145
0.655,-0.07428402924095237
0.6550833333333334,-0.08939885207420563
0.6551666666666667,0.12597226451188326
0.65525,-0.22206715628450363
0.6553333333333333,-0.6579358318591331
0.6554166666666666,-0.5484936805338461
0.6555,-0.585309707461684
0.6555833333333333,-0.023773352730470165
0.6556666666666666,0.33319590597929855
0.65575,-0.20710770939242734
0.6558333333333334,-0.19472758630526732
0.6559166666666667,-0.23713947152121825
0.656,-0.36775568614814563
0.6560833333333334,-0.171560573896863
0.6561666666666667,-0.5144546566599258
0.65625,-0.5629356910327502
0.6563333333333333,-0.2580669743759805
0.6564166666666666,-0.28713881769356103
0.6565,-0.3923963085444508
0.6565833333333333,-0.6758877155794886
0.6566666666666666,-0.5876392126076393
0.65675,-0.29721208962430873
0.6568333333333334,-0.23360935928165907
0.6569166666666667,0.14447767464629985
0.657,0.21806477328684434
0.6570833333333334,-0.03867867028547584
0.6571666666666667,-0.009087076426798294
0.65725,-0.2188298848296367
0.6573333333333333,-0.5008805657942369
0.6574166666666666,-0.3021909508606754
0.6575,0.2621860848320709
0.6575833333333333,0.4737086278734168
0.6576666666666666,0.2100895794542617
0.65775,0.44762717667955815
0.6578333333333334,0.5087402333262502
0.6579166666666667,0.21436080193646623
0.658,0.43331427845163256
0.6580833333333334,0.3330743314981935
0.6581666666666667,0.4400209624129634
0.65825,0.7201293775642663
0.6583333333333333,0.35500843165643
0.6584166666666667,0.3655447275530563
0.6585,0.1496331562751927
0.6585833333333333,-0.2148647399802658
0.6586666666666666,-0.1534144497047389
0.65875,-0.0913539808134043
0.6588333333333334,0.4515527731214392
0.6589166666666667,0.5733757869095952
0.659,0.5189035866570367
0.6590833333333334,0.6571993249820508
0.6591666666666667,0.252294271515031
0.65925,0.30964090310248354
0.6593333333333333,0.36593267890487585
0.6594166666666667,0.02644691736600711
0.6595,0.08030182943481326
0.6595833333333333,0.5345538209420677
0.6596666666666666,0.6673626522011463
0.65975,0.13316675427424363
0.6598333333333334,-0.06938378346645008
0.6599166666666667,-0.14821743591918843
0.66,-0.0005945191409787681
0.6600833333333334,0.35974021842284426
0.6601666666666667,0.2527650463868212
0.66025,0.2059160784714888
0.6603333333333333,-0.04612100692079211
0.6604166666666667,-0.09578106285573786
0.6605,0.012280428774731504
0.6605833333333333,-0.2849392315793369
0.6606666666666666,-0.3427908220315479
0.66075,-0.17219842589019763
0.6608333333333334,0.15496585481716088
0.6609166666666667,0.2814681069930255
0.661,0.29013858176483864
0.6610833333333334,0.06371550568270988
0.6611666666666667,-0.379906005867147
0.66125,-0.1987347808539466
0.6613333333333333,0.05175033697170617
0.6614166666666667,0.21533761593393394
0.6615,-0.05193079769622893
0.6615833333333333,-0.45963006171440746
0.6616666666666666,-0.2321821001571467
0.66175,-0.32930624186635415
0.6618333333333334,-0.4175322793073708
0.6619166666666667,-0.31063221378101297
0.662,-0.2804551697724675
0.6620833333333334,-0.08394646113067247
0.6621666666666667,0.2652973225072087
0.66225,0.501348314290877
0.6623333333333333,0.08766417821499496
0.6624166666666667,0.1670034332368727
0.6625,0.5467341120528252
0.6625833333333333,0.49156761458969994
0.6626666666666666,0.4917055737440549
0.66275,0.14675648074711514
0.6628333333333334,0.13476778514783305
0.6629166666666667,0.21252068357749954
0.663,0.2974192863854919
0.6630833333333334,0.6533750320680177
0.6631666666666667,0.253683740292518
0.66325,0.3544228229636355
0.6633333333333333,0.8572376224416126
0.6634166666666667,0.5097175044902714
0.6635,0.10272711290336285
0.6635833333333333,-0.33885781010492805
0.6636666666666666,-0.46214659902515415
0.66375,0.04691683486958579
0.6638333333333334,0.2471350255684469
0.6639166666666667,0.05282100226788485
0.664,-0.3539904575816053
0.6640833333333334,-0.8815421261531334
0.6641666666666667,-0.7881218058147821
0.66425,-0.4283054338635275
0.6643333333333333,-0.530627997684704
0.6644166666666667,-0.45124562844013044
0.6645,-0.28629908799941983
0.6645833333333333,-0.35969578339709024
0.6646666666666666,0.048984625087539244
0.66475,0.4414338954612593
0.6648333333333334,0.2625584649015621
0.6649166666666667,0.15163503035203194
0.665,-0.04652661328659394
0.6650833333333334,-0.08659608705973959
0.6651666666666667,0.27247860157807396
0.66525,0.0861529338073593
0.6653333333333333,-0.08952496088078465
0.6654166666666667,0.09840518833301028
0.6655,0.18933571280115868
0.6655833333333333,0.39141333364704517
0.6656666666666666,0.054567196206029366
0.66575,-0.3346493672734131
0.6658333333333334,-0.299179048453514
0.6659166666666667,-0.4024435206034372
0.666,-0.2391852310041543
0.6660833333333334,-0.23099228100643804
0.6661666666666667,-0.4254452038934453
0.66625,-0.29262201926758874
0.6663333333333333,-0.054332478880979675
0.6664166666666667,0.02836130511531803
0.6665,-0.17729253847865037
0.6665833333333333,-0.12028948687333844
0.6666666666666666,0.21888302766341358
0.66675,0.38553735175026915
0.6668333333333333,0.459519683316939
0.6669166666666667,0.538188661311564
0.667,0.3578386844295934
0.6670833333333334,0.12858429348566464
0.6671666666666667,0.24523401289430288
0.66725,0.06948520966432008
0.6673333333333333,-0.04337045694188623
0.6674166666666667,0.061087005216006025
0.6675,0.0033580737712873223
0.6675833333333333,0.14503764251736875
0.6676666666666666,-0.13306050390861945
0.66775,-0.2788920856388453
0.6678333333333333,-0.23848919968501725
0.6679166666666667,-0.9671503442907551
0.668,-1.1900426372095696
0.6680833333333334,-0.5042664045093136
0.6681666666666667,-0.027719467976896065
0.66825,-0.03120321250765255
0.6683333333333333,0.16357450551867025
0.6684166666666667,0.2128693639282354
0.6685,-0.053812572965141706
0.6685833333333333,0.27718343575166615
0.6686666666666666,0.36988527732583043
0.66875,0.0425015027897633
0.6688333333333333,-0.17315077087838535
0.6689166666666667,-0.2388680666407988
0.669,-0.18319389758200874
0.6690833333333334,-0.4242889394219364
0.6691666666666667,-0.057297557615645596
0.66925,0.15388109403819097
0.6693333333333333,-0.3239279818358379
0.6694166666666667,-0.1388560413043936
0.6695,-0.2410382065582852
0.6695833333333333,-0.3890425788878347
0.6696666666666666,-0.16828367429369603
0.66975,-0.22486296636856407
0.6698333333333333,0.2949670049381758
0.6699166666666667,0.5498919937818662
0.67,0.21684569646708088
0.6700833333333334,0.19534481401038678
0.6701666666666667,0.019152574928700306
0.67025,0.11541583481145237
0.6703333333333333,0.25416635025517054
0.6704166666666667,-0.07583933416151196
0.6705,0.034771753518154286
0.6705833333333333,0.2883982625124512
0.6706666666666666,0.4821889734927128
0.67075,0.6166704246581634
0.6708333333333333,0.26786930056490627
0.6709166666666667,0.1407499959319032
0.671,-0.07463528475760786
0.6710833333333334,-0.27452159856489283
0.6711666666666667,0.14706117149250975
0.67125,0.1772155785405415
0.6713333333333333,0.24493677565110497
0.6714166666666667,0.2539981861068656
0.6715,-0.21807806356782816
0.6715833333333333,-0.24715247161277604
0.6716666666666666,-0.3761524536186105
0.67175,-0.33117859627239377
0.6718333333333333,-0.030135059613116685
0.6719166666666667,-0.3106819567773128
0.672,-0.26895053596916313
0.6720833333333334,0.05045597319051464
0.6721666666666667,-0.06286151786909806
0.67225,-0.13872516205605528
0.6723333333333333,-0.238082439569448
0.6724166666666667,-0.45548399774670223
0.6725,-0.3811215068960911
0.6725833333333333,-0.26911097765592423
0.6726666666666666,-0.17817415872536493
0.67275,-0.13370852966662877
0.6728333333333333,-0.26989031616939746
0.6729166666666667,-0.4595972947676005
0.673,-0.6900048427942457
0.6730833333333334,-0.524176134468989
0.6731666666666667,-0.48959571853682915
0.67325,-0.5162756754875054
0.6733333333333333,-0.182885215886334
0.6734166666666667,-0.35539297747199433
0.6735,-0.28579336510381975
0.6735833333333333,-0.06973801691820213
0.6736666666666666,-0.2073973864911937
0.67375,0.046991014677297195
0.6738333333333333,0.2530919667482972
0.6739166666666667,0.3645856940313855
0.674,0.5044276447459005
0.6740833333333334,0.46900552409821505
0.6741666666666667,0.3396386828417348
0.67425,0.40602718062127696
0.6743333333333333,0.7638705672979078
0.6744166666666667,0.9198863232130164
0.6745,0.8527017218483411
0.6745833333333333,0.7572727728423275
0.6746666666666666,0.79548246504503
0.67475,0.7773543672680094
0.6748333333333333,0.5460326875164652
0.6749166666666667,0.27731124441957483
0.675,0.08680771411195665
0.6750833333333334,0.007196011587624716
0.6751666666666667,0.02002931041297932
0.67525,0.38413456518956507
0.6753333333333333,0.17250675597879517
0.6754166666666667,-0.1759949033660729
0.6755,0.17355597727098668
0.6755833333333333,-0.17824985760226983
0.6756666666666666,-0.33798812537753425
0.67575,-0.09194470901725624
0.6758333333333333,-0.2431131435934111
0.6759166666666667,0.06997555512477163
0.676,0.18142326591313615
0.6760833333333334,0.008863593827194129
0.6761666666666667,0.08496867127532846
0.67625,-0.19981228305198134
0.6763333333333333,-0.4212035410280838
0.6764166666666667,-0.03954970218313941
0.6765,0.0287741564368304
0.6765833333333333,-0.05499916110155345
0.6766666666666666,0.04157638533959026
0.67675,-0.45927707318244065
0.6768333333333333,-0.6875911425671944
0.6769166666666667,-0.336949734420101
0.677,0.057124406066787946
0.6770833333333334,0.29646318073880806
0.6771666666666667,0.146202192116607
0.67725,0.00893921769082446
0.6773333333333333,-0.39631024810863585
0.6774166666666667,-0.5492320077547751
0.6775,-0.3389089847542169
0.6775833333333333,-0.1944953187581649
0.6776666666666666,0.2167734279699292
0.67775,0.0358848874354396
0.6778333333333333,-0.0678105703610392
0.6779166666666666,0.2550973653551067
0.678,0.00900842735844971
0.6780833333333334,-0.08176950525742234
0.6781666666666667,-0.048039835366004056
0.67825,-0.33108609174334624
0.6783333333333333,-0.027475831709500634
0.6784166666666667,0.7613034933589585
0.6785,0.6347851059227233
0.6785833333333333,0.2878083581944795
0.6786666666666666,0.10366997423367307
0.67875,-0.40266426112533404
0.6788333333333333,-0.20615880888820431
0.6789166666666666,-0.18983750967823215
0.679,-0.12538755496042026
0.6790833333333334,0.5656536642949749
0.6791666666666667,0.28439699961221176
0.67925,0.043091958385095726
0.6793333333333333,0.3850906532915488
0.6794166666666667,0.12553264378734802
0.6795,-0.0965923399052012
0.6795833333333333,0.07868299994296553
0.6796666666666666,-0.16329874986842968
0.67975,-0.09493956329586921
0.6798333333333333,0.16757612366667843
0.6799166666666666,-0.09650182966621723
0.68,-0.12128177152651383
0.6800833333333334,-0.42267775929457696
0.6801666666666667,-0.15792395944959067
0.68025,0.37514322312917237
0.6803333333333333,-0.012231766129527418
0.6804166666666667,0.4159844268154758
0.6805,0.7708698596455943
0.6805833333333333,0.8695316801705735
0.6806666666666666,1.2849143133772774
0.68075,0.7791189683887728
0.6808333333333333,0.4140905788116647
0.6809166666666666,0.3057399272032946
0.681,0.03968301322949811
0.6810833333333334,0.008206905144129816
0.6811666666666667,-0.2916385851737588
0.68125,-0.3235302518401255
0.6813333333333333,-0.06790275107954971
0.6814166666666667,-0.39718702037865977
0.6815,-0.5669516853954124
0.6815833333333333,-0.3740531611794954
0.6816666666666666,-0.482589062355479
0.68175,-0.43274533559946293
0.6818333333333333,-0.5627602448868683
0.6819166666666666,-0.6861253341452113
0.682,-0.5725143724186555
0.6820833333333334,-1.1048538261401126
0.6821666666666667,-1.123229645432957
0.68225,-0.8879738844615114
0.6823333333333333,-1.074499548000267
0.6824166666666667,-0.737759645182564
0.6825,-0.4919089243434927
0.6825833333333333,-0.1742655715571259
0.6826666666666666,0.04672823085377802
0.68275,-0.18797171132550533
0.6828333333333333,-0.06836388756301043
0.6829166666666666,-0.10439239966127321
0.683,0.044557069146532964
0.6830833333333334,0.6730703992263233
0.6831666666666667,0.5820134150194254
0.68325,0.5219907094813219
0.6833333333333333,0.9516556633476522
0.6834166666666667,0.7407330844874764
0.6835,0.6362195192345743
0.6835833333333333,0.7757559787811106
0.6836666666666666,0.5514444894932559
0.68375,0.6502736581218191
0.6838333333333333,0.4693989754455785
0.6839166666666666,0.21770479552982358
0.684,0.2657027402118178
0.6840833333333334,-0.15285479809193833
0.6841666666666667,0.05832863891775609
0.68425,0.2708048210188359
0.6843333333333333,-0.23995588796866374
0.6844166666666667,-0.02301748131435256
0.6845,-0.1736938291461868
0.6845833333333333,-0.9149514075166862
0.6846666666666666,-0.7643318212894709
0.68475,-0.5371976257529012
0.6848333333333333,-0.5806326642381041
0.6849166666666666,-0.3579285584851542
0.685,-0.07602601616195548
0.6850833333333334,0.13754680413317932
0.6851666666666667,-0.17471263067501736
0.68525,-0.5407647359420736
0.6853333333333333,-0.5014318003014361
0.6854166666666667,-0.8291583357513524
0.6855,-0.7115395707932739
0.6855833333333333,-0.29663144370018235
0.6856666666666666,-0.6051861321309291
0.68575,-0.7482219699949759
0.6858333333333333,-0.6013199045811612
0.6859166666666666,-0.5159682978118035
0.686,-0.5653714695084938
0.6860833333333334,-0.339219298177523
0.6861666666666667,0.14618566282574214
0.68625,0.10716163053408373
0.6863333333333334,0.047059367360813224
0.6864166666666667,-0.27351285041452567
0.6865,-0.7284522293331883
0.6865833333333333,-0.46267472254891445
0.6866666666666666,-8.702737784089694e-05
0.68675,0.6124919080977717
0.6868333333333333,0.770693963599467
0.6869166666666666,0.6165885470741689
0.687,1.0706759047902341
0.6870833333333334,0.7657106104320406
0.6871666666666667,0.05888353616560845
0.68725,0.11830815823570909
0.6873333333333334,0.020722458164342306
0.6874166666666667,0.2887894172987608
0.6875,0.7485614117098315
0.6875833333333333,0.4192285770888637
0.6876666666666666,0.21644216575931008
0.68775,-0.08278927772983274
0.6878333333333333,-0.28836896327775907
0.6879166666666666,0.02633544360925352
0.688,-0.08660767338488988
0.6880833333333334,0.22072514568198948
0.6881666666666667,0.8586474826240865
0.68825,0.6421654840714952
0.6883333333333334,0.2921592682489845
0.6884166666666667,-0.07999490314030878
0.6885,-0.47474262355613694
0.6885833333333333,-0.04311478179438218
0.6886666666666666,0.3810204559909429
0.68875,0.14716287168710485
0.6888333333333333,0.2788061459994017
0.6889166666666666,0.38622397733510017
0.689,0.1586058482720729
0.6890833333333334,0.2213080966009428
0.6891666666666667,-0.02962293356565796
0.68925,-0.44163220299666567
0.6893333333333334,-0.20990538976667744
0.6894166666666667,0.22110244382709476
0.6895,0.3609129966150422
0.6895833333333333,0.20860144029092584
0.6896666666666667,-0.23212089727612722
0.68975,-0.4689947306662382
0.6898333333333333,0.01781993662323082
0.6899166666666666,0.4070228184649432
0.69,0.14473087490544545
0.6900833333333334,0.17823331953725696
0.6901666666666667,0.22355227121620483
0.69025,0.05142729742959335
0.6903333333333334,0.5076733176582642
0.6904166666666667,0.4310194757406395
0.6905,-0.011629650931598165
0.6905833333333333,0.4418735173446679
0.6906666666666667,0.8346071279220199
0.69075,0.9416321598820863
0.6908333333333333,0.6741769446262059
0.6909166666666666,0.25376007943710743
0.691,0.21168352049955988
0.6910833333333334,0.10726574872832238
0.6911666666666667,0.36997778368335205
0.69125,0.4679502181946393
0.6913333333333334,-0.09653481718046207
0.6914166666666667,-0.18695065965100569
0.6915,0.24861891692560556
0.6915833333333333,0.5070550792260398
0.6916666666666667,0.39586395999808727
0.69175,-0.014248066273305323
0.6918333333333333,-0.4917570945230115
0.6919166666666666,-0.5801135901937002
0.692,-0.6822479778188657
0.6920833333333334,-0.6530346342161815
0.6921666666666667,-0.15281388749433056
0.69225,-0.18103172567943088
0.6923333333333334,-0.02417655000075852
0.6924166666666667,0.2783167415964141
0.6925,-0.11505657786100909
0.6925833333333333,-0.1483968009956275
0.6926666666666667,0.11248007046317907
0.69275,0.2447742553644237
0.6928333333333333,0.2711551857149713
0.6929166666666666,0.3443367395842076
0.693,0.36251533931295765
0.6930833333333334,0.1965829962510687
0.6931666666666667,0.17372589299001792
0.69325,-0.12068123941429595
0.6933333333333334,-0.14033689819393205
0.6934166666666667,-0.06215072564135445
0.6935,-0.22975551290287005
0.6935833333333333,0.17917977561032716
0.6936666666666667,0.18412890956682898
0.69375,-0.26190292874435955
0.6938333333333333,-0.4805642136183759
0.6939166666666666,-0.5456106553341725
0.694,-0.2511250711357856
0.6940833333333334,-0.020440018210977375
0.6941666666666667,0.07381783506769989
0.69425,0.21463191002970614
0.6943333333333334,0.13715298796621664
0.6944166666666667,-0.13040079139659205
0.6945,0.0051342459194928984
0.6945833333333333,-0.05161122921322759
0.6946666666666667,-0.5916108707640422
0.69475,-0.1742550883313379
0.6948333333333333,0.12612274043938007
0.6949166666666666,-0.3618964790656655
0.695,-0.05294905173215931
0.6950833333333334,-0.029393919541615337
0.6951666666666667,-0.7789508713926121
0.69525,-0.6659318282310354
0.6953333333333334,-0.34812320497166327
0.6954166666666667,-0.38913206541068207
0.6955,-0.11071116862303469
0.6955833333333333,-0.19040425795270285
0.6956666666666667,-0.28049946817370897
0.69575,0.07217681910455136
0.6958333333333333,0.012468109912455897
0.6959166666666666,-0.28191537031865627
0.696,-0.38483599879091496
0.6960833333333334,-0.13208014456229678
0.6961666666666667,0.14760494167403992
0.69625,0.41571574155704255
0.6963333333333334,0.3506723561685026
0.6964166666666667,-0.1015310519373575
0.6965,0.6444909908474752
0.6965833333333333,0.9338308674321838
0.6966666666666667,0.22893109019289176
0.69675,0.7899202855624919
0.6968333333333333,0.7847663138744156
0.6969166666666666,0.2587149538205185
0.697,0.6512212989349047
0.6970833333333334,0.3357815962751309
0.6971666666666667,-0.3044084469472375
0.69725,-0.6141267629855214
0.6973333333333334,-0.6852000975301803
0.6974166666666667,-0.2273652194520191
0.6975,-0.4262509562903959
0.6975833333333333,-0.9770045774717846
0.6976666666666667,-0.8585175263440267
0.69775,-0.7201081071244143
0.6978333333333333,-0.21224739649826124
0.6979166666666666,0.2918473819173759
0.698,-0.38348595011447223
0.6980833333333333,-0.7415292916842795
0.6981666666666667,-0.09588342817216564
0.69825,0.0746281698234188
0.6983333333333334,-0.12538210005160993
0.6984166666666667,-0.36962903302826533
0.6985,-0.6480657909344676
0.6985833333333333,-0.349664689641341
0.6986666666666667,-0.18434891451535962
0.69875,-0.33254071053743306
0.6988333333333333,-0.2571770673974694
0.6989166666666666,-0.3570826832312152
0.699,-0.10457573811912381
0.6990833333333333,0.2541941086667341
0.6991666666666667,-0.004334133783180895
0.69925,-0.06891248068803757
0.6993333333333334,-0.2302205846176021
0.6994166666666667,-0.45124039917513
0.6995,0.07974393554233729
0.6995833333333333,0.263258443775958
0.6996666666666667,0.004860399838467176
0.69975,0.12735155407405763
0.6998333333333333,-0.05030601468531403
0.6999166666666666,-0.012884928664113823
0.7,0.5379320032579269
0.7000833333333333,0.38290303700999145
0.7001666666666667,0.20123773676476148
0.70025,0.4161931755680117
0.7003333333333334,0.5131090931010762
0.7004166666666667,0.6176930854054367
0.7005,0.3863744695853765
0.7005833333333333,0.3170240200999494
0.7006666666666667,0.3324651171610265
0.70075,0.18961398132077814
0.7008333333333333,0.38049271359864306
0.7009166666666666,-0.036263243258428425
0.701,-0.3703128872782923
0.7010833333333333,-0.10064264213854827
0.7011666666666667,-0.497713335773773
0.70125,-0.5284610890705578
0.7013333333333334,-0.21111563842110134
0.7014166666666667,-0.5107786815582548
0.7015,-0.1922347066806669
0.7015833333333333,0.06573683325495143
0.7016666666666667,-0.29847775636879337
0.70175,-0.07234573755139243
0.7018333333333333,-0.14062226331451597
0.7019166666666666,-0.25692762559047333
0.702,0.2425578043634415
0.7020833333333333,0.5190191278814739
0.7021666666666667,0.7320550142920693
0.70225,0.5003757852218275
0.7023333333333334,0.2667786799784771
0.7024166666666667,0.24300402896487844
0.7025,-0.16152205504816916
0.7025833333333333,0.06855569295723975
0.7026666666666667,0.23099812417615895
0.70275,-0.008242278355668865
0.7028333333333333,0.44501540609472096
0.7029166666666666,0.5551578752655691
0.703,0.1714649040806594
0.7030833333333333,0.3165181563009141
0.7031666666666667,0.2791222387571674
0.70325,0.12304264114886643
0.7033333333333334,0.30312521545909515
0.7034166666666667,0.06634450929629064
0.7035,0.21459498331569304
0.7035833333333333,0.48038244893841636
0.7036666666666667,0.08629755873306667
0.70375,-0.09845878371716567
0.7038333333333333,-0.44959125145499157
0.7039166666666666,-0.45118122487074885
0.704,-0.022592614816732023
0.7040833333333333,0.26106296154765907
0.7041666666666667,0.6698103638558711
0.70425,0.46825271917058564
0.7043333333333334,0.20145617419282613
0.7044166666666667,0.17173142948270506
0.7045,-0.08860024468529913
0.7045833333333333,-0.2764767625774568
0.7046666666666667,-0.4726959867752402
0.70475,-0.36724909650851445
0.7048333333333333,-0.17264541566352828
0.7049166666666666,-0.3688257003191603
0.705,-0.34492557014448394
0.7050833333333333,-0.2889815644830719
0.7051666666666667,-0.6096923756246583
0.70525,-0.38927070285950055
0.7053333333333334,-0.27027834398120865
0.7054166666666667,-0.562106553517441
0.7055,-0.3545584194944623
0.7055833333333333,-0.2019142960444077
0.7056666666666667,0.338374685537608
0.70575,0.5407209313625702
0.7058333333333333,0.12679957512416323
0.7059166666666666,0.16097314189767006
0.706,-0.13133274809743317
0.7060833333333333,0.04098175864899693
0.7061666666666667,0.33774894545417133
0.70625,0.2410714765244824
0.7063333333333334,0.3087761986219316
0.7064166666666667,-0.09880891945231518
0.7065,-0.004823535845997043
0.7065833333333333,0.2715623111008174
0.7066666666666667,-0.044688200556768455
0.70675,0.02372970602970074
0.7068333333333333,0.3844294758080052
0.7069166666666666,0.28967071025098107
0.707,0.2929920122519185
0.7070833333333333,0.7552742573538104
0.7071666666666667,0.45626833885281415
0.70725,0.11494476252888519
0.7073333333333334,0.19937143912648703
0.7074166666666667,-0.012165193341074205
0.7075,-0.10762031249880324
0.7075833333333333,-0.2464962488788568
0.7076666666666667,-0.029635499993065938
0.70775,0.24319392244968285
0.7078333333333333,0.019344207298631334
0.7079166666666666,-0.021569370847525717
0.708,-0.10207660041921184
0.7080833333333333,-0.40877167457954217
0.7081666666666667,-0.46083066708592707
0.70825,-0.1946993930823138
0.7083333333333334,-0.20578425243033802
0.7084166666666667,-0.2025096922794332
0.7085,0.011214387493401711
0.7085833333333333,-0.11524626430418432
0.7086666666666667,-0.2953893541688166
0.70875,-0.3087111526787792
0.7088333333333333,-0.10452838894739491
0.7089166666666666,-0.12776979264407382
0.709,-0.2822325901503843
0.7090833333333333,-0.11047487540741312
0.7091666666666666,0.2672792114572089
0.70925,0.622687933336659
0.7093333333333334,0.3549066013348582
0.7094166666666667,0.49611697961357126
0.7095,0.8238754109567005
0.7095833333333333,0.4924439621664238
0.7096666666666667,0.5571157039182529
0.70975,0.44500634325182775
0.7098333333333333,0.40951732201203145
0.7099166666666666,0.5573534299387093
0.71,0.0007075077390669188
0.7100833333333333,-0.31682555667295653
0.7101666666666666,-0.4216377099877282
0.71025,-0.45646827107494553
0.7103333333333334,-0.3450839360339937
0.7104166666666667,-0.872541312876812
0.7105,-1.0299509059449878
0.7105833333333333,-0.457368154436003
0.7106666666666667,-0.3815097189849838
0.71075,-0.2743469248596255
0.7108333333333333,-0.21106845393370255
0.7109166666666666,-0.47183827419077756
0.711,-0.4326930788755166
0.7110833333333333,-0.42363198582581996
0.7111666666666666,-0.21921287596862735
0.71125,-0.3424071252523823
0.7113333333333334,-0.58105865058094
0.7114166666666667,-0.22642713258919783
0.7115,-0.384952060160971
0.7115833333333333,-0.3007197357037259
0.7116666666666667,0.08675459168971385
0.71175,-0.01703693428602421
0.7118333333333333,-0.22356541200592828
0.7119166666666666,-0.38991263600187465
0.712,-0.08322160980038207
0.7120833333333333,0.08395632229835
0.7121666666666666,0.2969486859969465
0.71225,0.691773022104166
0.7123333333333334,0.518067847599094
0.7124166666666667,0.4868242314902619
0.7125,0.5945666111108174
0.7125833333333333,0.41614211515792526
0.7126666666666667,0.19427953126921452
0.71275,0.27360327955766967
0.7128333333333333,0.3151994539714013
0.7129166666666666,0.4869828305716169
0.713,0.9469622589496184
0.7130833333333333,0.618813912210925
0.7131666666666666,0.2817024331902868
0.71325,0.26752479725498235
0.7133333333333334,0.06065644627926323
0.7134166666666667,0.2666275474436884
0.7135,0.29734064527603565
0.7135833333333333,-0.19336991190864086
0.7136666666666667,-0.262301495604253
0.71375,-0.22544718500243344
0.7138333333333333,-0.8741320327895126
0.7139166666666666,-1.1119841560106873
0.714,-0.846788539735992
0.7140833333333333,-0.789922997136816
0.7141666666666666,-0.5939223511660667
0.71425,-0.6851267393170265
0.7143333333333334,-0.8027891170310906
0.7144166666666667,-0.6771112778927031
0.7145,-0.805365678996384
0.7145833333333333,-0.6766237527925799
0.7146666666666667,-0.3181993616412077
0.71475,-0.3305640951895144
0.7148333333333333,-0.17628263118598655
0.7149166666666666,-0.10630973845742599
0.715,-0.5658006691164502
0.7150833333333333,-0.3132022042140381
0.7151666666666666,0.05504806699570352
0.71525,-0.11378151929858141
0.7153333333333334,0.14940217992701885
0.7154166666666667,0.21644954249872578
0.7155,0.21247051033242886
0.7155833333333333,0.6070931787971007
0.7156666666666667,0.763461389828925
0.71575,0.6540608834539272
0.7158333333333333,0.31523040198754004
0.7159166666666666,0.12782296165637275
0.716,0.278844834884055
0.7160833333333333,0.41185418926476036
0.7161666666666666,0.36424779677250996
0.71625,0.25433305563618896
0.7163333333333334,0.2769995553484792
0.7164166666666667,0.030006698132390982
0.7165,-0.14030986097496173
0.7165833333333333,-0.06843933355926214
0.7166666666666667,-0.26865803663081367
0.71675,0.061444176018803996
0.7168333333333333,0.3153408514632791
0.7169166666666666,-0.19981578743348957
0.717,-0.16253831067097765
0.7170833333333333,-0.1598302130172802
0.7171666666666666,-0.14834317211029857
0.71725,0.385069196057985
0.7173333333333334,0.07324637112951508
0.7174166666666667,0.177960587138903
0.7175,0.6248751587603772
0.7175833333333334,0.07176535100081562
0.7176666666666667,0.08691737834276428
0.71775,-0.04480513885472377
0.7178333333333333,-0.1987631216211466
0.7179166666666666,0.6071487550990159
0.718,0.5541053101444827
0.7180833333333333,0.16836317474998913
0.7181666666666666,0.1343631769996917
0.71825,-0.11499353576274216
0.7183333333333334,0.02407493549939044
0.7184166666666667,0.36744708967669343
0.7185,0.4206206328263474
0.7185833333333334,0.5063662447113014
0.7186666666666667,0.6350162240990354
0.71875,0.2775584897046787
0.7188333333333333,0.14071149946309752
0.7189166666666666,0.23149436786545446
0.719,-0.13202413460981105
0.7190833333333333,0.15639296649494988
0.7191666666666666,0.608363335938669
0.71925,0.47170078118449926
0.7193333333333334,0.4122795592436919
0.7194166666666667,0.11564726855151557
0.7195,-0.3203704951475785
0.7195833333333334,-0.21313324952438328
0.7196666666666667,0.17692693045139485
0.71975,0.23603800612197356
0.7198333333333333,0.37960093265026873
0.7199166666666666,0.5274959273421059
0.72,0.30110584481660424
0.7200833333333333,0.29830527955059927
0.7201666666666666,0.2241727268739019
0.72025,0.035334888808425564
0.7203333333333334,0.25611278718735003
0.7204166666666667,0.4099783539882339
0.7205,0.300779791519071
0.7205833333333334,0.12150535110198142
0.7206666666666667,-0.37934741413764916
0.72075,-0.51273450852289
0.7208333333333333,-0.010073415641753094
0.7209166666666667,0.12453001605997825
0.721,0.31079862490062954
0.7210833333333333,0.23462753596571095
0.7211666666666666,-0.15027267755282253
0.72125,0.2550045810689624
0.7213333333333334,0.09197014918278791
0.7214166666666667,-0.3948698442827014
0.7215,-0.3554078116548068
0.7215833333333334,-0.6273125300604175
0.7216666666666667,-0.1884732745260138
0.72175,0.3144712009121468
0.7218333333333333,-0.13565369538477318
0.7219166666666667,-0.15292758134206735
0.722,-0.2514035398462602
0.7220833333333333,-0.6340033374249363
0.7221666666666666,-0.2947520345625267
0.72225,-0.19507198904665207
0.7223333333333334,-0.4229678895906045
0.7224166666666667,-0.2452921563047551
0.7225,-0.14544007429664332
0.7225833333333334,-0.002818674138984558
0.7226666666666667,0.18424982233883325
0.72275,0.015662245063336327
0.7228333333333333,-0.4134937650070772
0.7229166666666667,-0.6345602551039973
0.723,-0.3600576996635296
0.7230833333333333,-0.1891091553386253
0.7231666666666666,-0.22122159898810784
0.72325,-0.4249894632937515
0.7233333333333334,-0.49498643617058924
0.7234166666666667,-0.23356044857847708
0.7235,-0.38976535733208467
0.7235833333333334,-0.3787812801110464
0.7236666666666667,-0.36773975317832464
0.72375,-0.4624999903921185
0.7238333333333333,0.35254718754042585
0.7239166666666667,0.5675031245388151
0.724,-0.05033904790690704
0.7240833333333333,0.053073766896458714
0.7241666666666666,0.26777322098292394
0.72425,0.3553007231644488
0.7243333333333334,0.5301594616039107
0.7244166666666667,0.1584888133308742
0.7245,-0.0037389158720289362
0.7245833333333334,0.4040193543328298
0.7246666666666667,0.24934605853359226
0.72475,0.1158965258856652
0.7248333333333333,0.426287807905894
0.7249166666666667,0.1678674336095842
0.725,-0.10583353625580902
0.7250833333333333,0.29588313259842397
0.7251666666666666,0.5401231757681366
0.72525,0.5580288661136705
0.7253333333333334,0.6362479563565026
0.7254166666666667,0.12121551450935127
0.7255,-0.4108953292029002
0.7255833333333334,-0.3317589713848012
0.7256666666666667,-0.3333398828982907
0.72575,-0.08805112564952236
0.7258333333333333,0.09211802309286742
0.7259166666666667,-0.24351492884111214
0.726,0.12101343940689098
0.7260833333333333,0.34831428186603064
0.7261666666666666,-0.24394621015910517
0.72625,-0.12896755429795745
0.7263333333333334,-0.21749447937688607
0.7264166666666667,-0.8800892933546004
0.7265,-0.5705171978129018
0.7265833333333334,-0.40916499493898745
0.7266666666666667,-0.6833633731120148
0.72675,-0.4730409541780081
0.7268333333333333,-0.5707324729213685
0.7269166666666667,-0.6963722477089169
0.727,-0.745510344439579
0.7270833333333333,-0.7574652682231139
0.7271666666666666,-0.11535544128344613
0.72725,0.00805803649098132
0.7273333333333334,-0.30343135024481444
0.7274166666666667,-0.09193405671754903
0.7275,-0.15808392373104133
0.7275833333333334,-0.3481316760014964
0.7276666666666667,-0.3290575822259017
0.72775,-0.34176564805157844
0.7278333333333333,-0.014733046125523001
0.7279166666666667,0.14514825625343844
0.728,0.018942942418888376
0.7280833333333333,0.22137167471332725
0.7281666666666666,-0.032352212417697514
0.72825,-0.35141775392378705
0.7283333333333334,0.0013216816156412865
0.7284166666666667,0.009725882334520323
0.7285,0.14447777891385633
0.7285833333333334,0.6269456275999962
0.7286666666666667,0.4946042811241385
0.72875,0.2648728193917083
0.7288333333333333,0.1662369753477489
0.7289166666666667,0.10029446976649321
0.729,0.40700609327413106
0.7290833333333333,0.5631422630535591
0.7291666666666666,0.7407845246421221
0.72925,1.1699489825321598
0.7293333333333333,0.9317332540807529
0.7294166666666667,0.7502405023183524
0.7295,0.716426569676743
0.7295833333333334,-0.07279184190521878
0.7296666666666667,-0.2707923533282059
0.72975,0.08832894059521569
0.7298333333333333,0.015223512661781926
0.7299166666666667,0.14574059203374462
0.73,0.2537190105541898
0.7300833333333333,0.0057796511294708796
0.7301666666666666,-0.15334552849244035
0.73025,-0.20166680074800605
0.7303333333333333,-0.23348567526218877
0.7304166666666667,-0.16372694191271006
0.7305,0.062198474472780846
0.7305833333333334,0.10874691501255582
0.7306666666666667,0.03288166722355136
0.73075,-0.07993307734523841
0.7308333333333333,-0.5469892979765476
0.7309166666666667,-0.5863009369818061
0.731,-0.32938823401815553
0.7310833333333333,-0.2967714084818024
0.7311666666666666,-0.0024056921119864033
0.73125,-0.12349550802415847
0.7313333333333333,-0.39828146521055025
0.7314166666666667,-0.30667697007800027
0.7315,-0.31045298831339563
0.7315833333333334,-0.19925983113338294
0.7316666666666667,-0.3051669744044725
0.73175,-0.22366000797843807
0.7318333333333333,0.1459297703690622
0.7319166666666667,-0.024859056588366565
0.732,-0.03103490400534332
0.7320833333333333,-0.14275954071629846
0.7321666666666666,-0.4899894745840899
0.73225,-0.2313912878979733
0.7323333333333333,-0.00098657563216822
0.7324166666666667,0.25092354831402003
0.7325,0.5571460059647045
0.7325833333333334,0.4090278084217646
0.7326666666666667,0.2087124593262745
0.73275,0.036585414205257544
0.7328333333333333,0.03457277640048089
0.7329166666666667,0.12673605948085734
0.733,0.12334879352409152
0.7330833333333333,0.3471268575229075
0.7331666666666666,0.48884954536999536
0.73325,0.5309358186328968
0.7333333333333333,0.4539422780931893
0.7334166666666667,0.07206707776653888
0.7335,-0.11648932867264808
0.7335833333333334,-0.16664558018556105
0.7336666666666667,-0.06375747088991782
0.73375,0.03871066432637179
0.7338333333333333,-0.01794612606497756
0.7339166666666667,0.1875612434891233
0.734,0.27162353437150727
0.7340833333333333,0.23423337977449388
0.7341666666666666,0.2679198408482868
0.73425,0.1842560349004284
0.7343333333333333,0.09430343808656923
0.7344166666666667,-0.018492716618120072
0.7345,-0.060567307122758395
0.7345833333333334,0.1098738888107445
0.7346666666666667,0.3563566841926304
0.73475,0.43721159441795504
0.7348333333333333,0.43422563657706137
0.7349166666666667,0.2370579873328155
0.735,-0.004536869918667581
0.7350833333333333,0.05130794675297596
0.7351666666666666,0.12716201053928844
0.73525,0.1605780263565167
0.7353333333333333,-0.0037106138764457677
0.7354166666666667,-0.20296720566249984
0.7355,-0.31273362198997134
0.7355833333333334,-0.44115723368867593
0.7356666666666667,-0.35873033724952047
0.73575,-0.2227638641083414
0.7358333333333333,-0.129361855641627
0.7359166666666667,-0.2541366086231096
0.736,-0.2513199673204009
0.7360833333333333,0.030749741612448804
0.7361666666666666,-0.008172545443897738
0.73625,-0.0025930824453963028
0.7363333333333333,0.2207412968326357
0.7364166666666667,0.23700139954755248
0.7365,0.17066396117038107
0.7365833333333334,0.26316196541572384
0.7366666666666667,-0.02493472064918836
0.73675,-0.4135998402857445
0.7368333333333333,-0.166010587955762
0.7369166666666667,-0.13602244179067938
0.737,-0.021672229666071723
0.7370833333333333,0.3831221493398091
0.7371666666666666,0.22731636742221556
0.73725,0.23087133702509924
0.7373333333333333,0.021547533591270974
0.7374166666666667,-0.5269779761016677
0.7375,-0.24619963511537865
0.7375833333333334,-0.15852749233531982
0.7376666666666667,-0.21334571023948226
0.73775,0.43273122909612705
0.7378333333333333,0.22282820786413174
0.7379166666666667,-0.4134965935241204
0.738,-0.3366192325399947
0.7380833333333333,-0.45832753378780483
0.7381666666666666,-0.3013256932590185
0.73825,0.31154305789877135
0.7383333333333333,0.4504699716436159
0.7384166666666667,0.38704532728784513
0.7385,0.36942407611230693
0.7385833333333334,0.17213156903039883
0.7386666666666667,-0.22701695615892808
0.73875,-0.47362079287150877
0.7388333333333333,-0.28218046054524326
0.7389166666666667,0.14379624105279032
0.739,0.34389440193062243
0.7390833333333333,0.11223864014640196
0.7391666666666666,-0.05776346520209961
0.73925,0.042413657096384824
0.7393333333333333,0.05062165441654338
0.7394166666666667,0.14785804999729216
0.7395,0.30681667554622877
0.7395833333333334,-0.017394004432567462
0.7396666666666667,-0.1629625297450994
0.73975,0.12175030961753393
0.7398333333333333,0.0390067037290815
0.7399166666666667,-0.0027945323580515487
0.74,0.1274250462656873
0.7400833333333333,0.15156046117448474
0.7401666666666666,0.1657499223033493
0.74025,0.03726258868849751
0.7403333333333333,-0.059745185275138314
0.7404166666666666,-0.2795006658754536
0.7405,-0.49080805123396387
0.7405833333333334,-0.26043704494564185
0.7406666666666667,-0.1034410370228821
0.74075,-0.3435866085994402
0.7408333333333333,-0.36407083399686363
0.7409166666666667,-0.2171390552862083
0.741,-0.35031029789493506
0.7410833333333333,-0.08140218235925527
0.7411666666666666,0.11631127839824416
0.74125,-0.26533678279601525
0.7413333333333333,-0.3237998905647404
0.7414166666666666,-0.1744410946041059
0.7415,-0.14209186893453735
0.7415833333333334,-0.29080745400528013
0.7416666666666667,-0.1593411259183533
0.74175,0.12842566943745717
0.7418333333333333,-0.018117189216601336
0.7419166666666667,0.027323079835047132
0.742,-0.13108595970244885
0.7420833333333333,-0.3290490150799297
0.7421666666666666,-0.04898728170856042
0.74225,-0.07084260384569419
0.7423333333333333,-0.1465494315849548
0.7424166666666666,-0.28200976431195557
0.7425,-0.2927802973141893
0.7425833333333334,-0.001467317117716287
0.7426666666666667,-0.211027090038253
0.74275,-0.32706005614930583
0.7428333333333333,-0.19979002566067852
0.7429166666666667,-0.24398954330644543
0.743,-0.1349468165372642
0.7430833333333333,-0.2493587779310575
0.7431666666666666,-0.4747515433524489
0.74325,-0.4141435927152553
0.7433333333333333,-0.43722460327864443
0.7434166666666666,-0.4835925158225934
0.7435,-0.34525737517528493
0.7435833333333334,-0.23484917405163744
0.7436666666666667,-0.010893557419371935
0.74375,0.17682364540440165
0.7438333333333333,-0.06174822061262045
0.7439166666666667,-0.10049770593911976
0.744,-0.045281200162677886
0.7440833333333333,-0.1314117197262948
0.7441666666666666,0.25466338200016075
0.74425,0.22528888248321044
0.7443333333333333,-0.09717357470136913
0.7444166666666666,0.14311882970294132
0.7445,0.1778580202232219
0.7445833333333334,0.34945389697791773
0.7446666666666667,0.49358681641574537
0.74475,0.17199662913731326
0.7448333333333333,0.18910272861589444
0.7449166666666667,0.31587301522169264
0.745,0.5514040753460782
0.7450833333333333,0.7632610019945332
0.7451666666666666,0.5104842106799662
0.74525,0.3238260331387382
0.7453333333333333,0.2722202213064244
0.7454166666666666,0.29595408817130503
0.7455,0.36178326153621754
0.7455833333333334,0.3780182096309732
0.7456666666666667,0.44241651789553216
0.74575,0.3923799059829942
0.7458333333333333,0.44477319034028806
0.7459166666666667,0.4248090681378069
0.746,0.24460159187414784
0.7460833333333333,0.22770428645752075
0.7461666666666666,0.18651711578859292
0.74625,0.47520549342265445
0.7463333333333333,0.4197680016785765
0.7464166666666666,-0.16040899349739243
0.7465,-0.1904488101340165
0.7465833333333334,-0.2860491342029529
0.7466666666666667,-0.26959522917811524
0.74675,-0.08410301322380753
0.7468333333333333,-0.3775838154066389
0.7469166666666667,-0.5225722675411463
0.747,-0.30516858032782673
0.7470833333333333,0.05118228456394201
0.7471666666666666,-0.057628932561139275
0.74725,-0.4831932301009404
0.7473333333333333,-0.5013481965435412
0.7474166666666666,-0.4414373667400305
0.7475,-0.44330647642383475
0.7475833333333334,-0.44816560296820673
0.7476666666666667,-0.5003980873763404
0.74775,-0.64925931920427
0.7478333333333333,-0.5381009610456725
0.7479166666666667,-0.18824434220384575
0.748,-0.4768930587796377
0.7480833333333333,-0.7052488164549778
0.7481666666666666,-0.393197229582466
0.74825,-0.29531207274600607
0.7483333333333333,-0.08886950933953505
0.7484166666666666,0.13253380592375422
0.7485,-0.23280830368838473
0.7485833333333334,-0.2695937594547248
0.7486666666666667,0.3408040733386039
0.74875,0.6403108226542541
0.7488333333333334,1.128354825094593
0.7489166666666667,1.1728196822412744
0.749,0.5780525135288207
0.7490833333333333,0.9114120547951191
0.7491666666666666,1.0023975805744625
0.74925,0.9656040998163572
0.7493333333333333,1.1050399769648083
0.7494166666666666,0.7099657813829002
0.7495,0.8564882356019037
0.7495833333333334,1.0433915908016733
0.7496666666666667,0.9671978317280655
0.74975,0.6042020919591059
0.7498333333333334,0.16945163745489672
0.7499166666666667,0.40636323505676625
0.75,0.6020889436237088
0.7500833333333333,0.6706661458620663
0.7501666666666666,0.42981287417740305
0.75025,0.13028260070880554
0.7503333333333333,0.1627481662154313
0.7504166666666666,0.15385109388367135
0.7505,0.4106066808873128
0.7505833333333334,0.20568870829563118
0.7506666666666667,-0.41376967311750373
0.75075,-0.34681714563573013
0.7508333333333334,-0.3101642170896319
0.7509166666666667,-0.4071098988591483
0.751,-0.15276895810498037
0.7510833333333333,-0.4575788823831302
0.7511666666666666,-0.7399651552860529
0.75125,-0.45599820874676766
0.7513333333333333,-0.6379171961549779
0.7514166666666666,-0.6614062614517191
0.7515,-0.8387318091232399
0.7515833333333334,-1.2626702582814089
0.7516666666666667,-0.8197211391175717
0.75175,-0.47718286021894996
0.7518333333333334,-0.28008911562880356
0.7519166666666667,-0.3775899550903057
0.752,-1.0067215984106979
0.7520833333333333,-1.0248916891348885
0.7521666666666667,-0.8733371329285717
0.75225,-0.6721490190267984
0.7523333333333333,-0.26263337781828977
0.7524166666666666,-0.3029907395785721
0.7525,-0.25197656521193124
0.7525833333333334,0.10896003458479724
0.7526666666666667,0.05084866497050509
0.75275,-0.04526688158103842
0.7528333333333334,0.13979364214420859
0.7529166666666667,0.23766456628678162
0.753,0.5753121546895764
0.7530833333333333,0.6370906713046057
0.7531666666666667,0.13874076855260026
0.75325,0.1702868572840121
0.7533333333333333,0.1973465130671928
0.7534166666666666,-0.33145338558775045
0.7535,-0.27624539826767
0.7535833333333334,0.258312730535529
0.7536666666666667,-0.07847444021728504
0.75375,-0.4184194720022352
0.7538333333333334,0.36802762145386897
0.7539166666666667,0.4428195449047619
0.754,-0.02377776927132381
0.7540833333333333,0.372467895580069
0.7541666666666667,0.38435376775056374
0.75425,0.33694657327326266
0.7543333333333333,0.8020049470049752
0.7544166666666666,0.7425212333430592
0.7545,0.649389224945362
0.7545833333333334,0.6649301105824915
0.7546666666666667,0.377240996559278
0.75475,0.36749212408039195
0.7548333333333334,0.36865278689900466
0.7549166666666667,0.2423304528800701
0.755,0.4159967545988054
0.7550833333333333,0.5726957844641943
0.7551666666666667,0.499134282618259
0.75525,0.4236641489025231
0.7553333333333333,0.31145822679529284
0.7554166666666666,0.022629016211508143
0.7555,-0.12946566564643341
0.7555833333333334,-0.2269774677623081
0.7556666666666667,-0.04795363372694438
0.75575,0.18488453884958933
0.7558333333333334,-0.1921697578302372
0.7559166666666667,-0.20514682235479917
0.756,-0.3122005276430069
0.7560833333333333,-0.4994935571294378
0.7561666666666667,-0.030519430865464308
0.75625,-0.23101185566619548
0.7563333333333333,-0.27543239544584064
0.7564166666666666,-0.012892356530831293
0.7565,-0.22913900224359168
0.7565833333333334,-0.24284145833507004
0.7566666666666667,-0.604596078099184
0.75675,-0.7158714345054663
0.7568333333333334,-0.4507626784046745
0.7569166666666667,-0.41993435972735516
0.757,-0.3050600742051172
0.7570833333333333,-0.5101992510389797
0.7571666666666667,-0.7281087673558513
0.75725,-0.735068288494979
0.7573333333333333,-0.46259609449409744
0.7574166666666666,-0.37671755200353435
0.7575,-0.5607313494072984
0.7575833333333334,-0.3488170136606113
0.7576666666666667,-0.4500783718651213
0.75775,-0.3223809882062636
0.7578333333333334,-0.15419926479297902
0.7579166666666667,-0.39236213234620143
0.758,-0.11260844160563273
0.7580833333333333,-0.06534173266582873
0.7581666666666667,0.06282250680554279
0.75825,0.2606530627896071
0.7583333333333333,-0.26814740311343555
0.7584166666666666,-0.4220323212689279
0.7585,-0.34388273214857623
0.7585833333333334,-0.32755643532924267
0.7586666666666667,0.07133646298374548
0.75875,0.137428607920291
0.7588333333333334,0.11905343262323155
0.7589166666666667,0.4167448348232396
0.759,0.27723618724872023
0.7590833333333333,0.12840797696988737
0.7591666666666667,0.1864262601235275
0.75925,-0.031141882625933554
0.7593333333333333,0.005782708712266803
0.7594166666666666,0.06774614671634878
0.7595,-0.07676410167570667
0.7595833333333334,0.04179735361391063
0.7596666666666667,0.21995588478093775
0.75975,0.43691298864787254
0.7598333333333334,0.4848985811406444
0.7599166666666667,0.32066350420663364
0.76,0.19509140624509363
0.7600833333333333,-0.06729370716144772
0.7601666666666667,-0.14056559536071836
0.76025,-0.08668483650987525
0.7603333333333333,0.0076136946673633155
0.7604166666666666,0.2825746334711057
0.7605,0.2770238901081261
0.7605833333333333,0.40084900407112134
0.7606666666666667,0.6762940415241837
0.76075,0.5125109473477852
0.7608333333333334,0.26913066492648263
0.7609166666666667,-0.010251997556550239
0.761,-0.09072201740456735
0.7610833333333333,0.15409585379013144
0.7611666666666667,0.1892023690390994
0.76125,0.1502112595334384
0.7613333333333333,0.04695158044136473
0.7614166666666666,0.1902959566274127
0.7615,0.7883779631102363
0.7615833333333333,0.8194555237717435
0.7616666666666667,0.31455189683784834
0.76175,0.0398589796421673
0.7618333333333334,-0.030535481449429924
0.7619166666666667,0.12423050055898606
0.762,0.291680741955873
0.7620833333333333,-0.06961415452315665
0.7621666666666667,-0.4396230210124214
0.76225,-0.22059778092923765
0.7623333333333333,-0.07242270670577536
0.7624166666666666,-0.04317798947208931
0.7625,-0.10965292855954085
0.7625833333333333,-0.6329089817968732
0.7626666666666667,-0.5150203345778498
0.76275,0.017398525037154163
0.7628333333333334,-0.21488594891684368
0.7629166666666667,-0.17057622798256186
0.763,0.12457146078227428
0.7630833333333333,0.23561953884120096
0.7631666666666667,0.6792731785726975
0.76325,0.3687296522467391
0.7633333333333333,-0.3025750917152211
0.7634166666666666,-0.35628602019097716
0.7635,-0.26840119418577785
0.7635833333333333,0.3275975315595996
0.7636666666666667,0.7451798184133733
0.76375,0.43173573089935086
0.7638333333333334,0.2303159161745924
0.7639166666666667,0.059617181931644676
0.764,-0.22615061163828182
0.7640833333333333,-0.09845109047054101
0.7641666666666667,0.015051969459622158
0.76425,-0.45283388806254504
0.7643333333333333,-0.45443104011800706
0.7644166666666666,-0.17379325018681094
0.7645,-0.2957121539592594
0.7645833333333333,-0.2606686525276253
0.7646666666666667,-0.31785141098815367
0.76475,-0.5145479003515946
0.7648333333333334,-0.367380722711988
0.7649166666666667,0.09274734460594361
0.765,0.2578075746870965
0.7650833333333333,0.22571280752390513
0.7651666666666667,0.2608854120196673
0.76525,0.2526001572371285
0.7653333333333333,0.49280009359975263
0.7654166666666666,0.6785871251480352
0.7655,0.8798027701941852
0.7655833333333333,0.6243008220491926
0.7656666666666667,0.3183403678469981
0.76575,0.7285561690608223
0.7658333333333334,0.42477471680467666
0.7659166666666667,0.33188799718313466
0.766,0.6151424168995696
0.7660833333333333,0.19647306293113362
0.7661666666666667,0.17924270410635934
0.76625,0.2710469418722103
0.7663333333333333,0.06612337183356494
0.7664166666666666,-0.1257387886642818
0.7665,-0.17075713360940628
0.7665833333333333,-0.32761892948757954
0.7666666666666667,-0.48128143514464555
0.76675,-0.4623673592433239
0.7668333333333334,-0.6228492024422497
0.7669166666666667,-0.16819488374105132
0.767,-0.07046553669536278
0.7670833333333333,-0.12617493219750633
0.7671666666666667,0.553609910490304
0.76725,0.20699248340249735
0.7673333333333333,-0.18077465226437164
0.7674166666666666,-0.16494425460160228
0.7675,-0.481059075019762
0.7675833333333333,-0.5243751592374697
0.7676666666666667,-0.4199557355437345
0.76775,-0.11979435601583575
0.7678333333333334,-0.1848406104063019
0.7679166666666667,-0.33045535467188647
0.768,-0.029455857931112047
0.7680833333333333,-0.10782396675722307
0.7681666666666667,-0.3788665685311025
0.76825,-0.4737608055837994
0.7683333333333333,-0.5405743731507304
0.7684166666666666,-0.39957939349617455
0.7685,-0.14718397914670403
0.7685833333333333,-0.1238674925964613
0.7686666666666667,-0.11086550821345378
0.76875,-0.07138247885846798
0.7688333333333334,-0.010680422238239794
0.7689166666666667,0.12852976980720707
0.769,0.10778997659992441
0.7690833333333333,-0.07720786507423094
0.7691666666666667,-0.18838579305844683
0.76925,0.3016985497048595
0.7693333333333333,0.47631458432986246
0.7694166666666666,0.21271605430718296
0.7695,0.4500811158191799
0.7695833333333333,0.0835231764058277
0.7696666666666667,-0.30660039484302
0.76975,-0.22249834775634442
0.7698333333333334,-0.4574841465597742
0.7699166666666667,-0.5650129585687994
0.77,-0.7816397861891857
0.7700833333333333,-0.7387227317754743
0.7701666666666667,-0.23403600647854345
0.77025,0.03795688980143515
0.7703333333333333,0.08669998032953267
0.7704166666666666,0.17563280830938133
0.7705,0.1742454149400632
0.7705833333333333,-0.11644034760967106
0.7706666666666667,-0.03697657215648708
0.77075,-0.1485467768423695
0.7708333333333334,-0.3841238372966973
0.7709166666666667,0.19208710256326045
0.771,0.45204430662475076
0.7710833333333333,0.31280342716021015
0.7711666666666667,0.019103810025193752
0.77125,-0.17153705780010642
0.7713333333333333,0.11528553467740559
0.7714166666666666,-0.20915055520627548
0.7715,-0.4750900808685231
0.7715833333333333,-0.2484446839353042
0.7716666666666666,-0.5509076509272454
0.77175,-0.5504964413150869
0.7718333333333334,-0.28326793111961696
0.7719166666666667,-0.8249546465074845
0.772,-1.008990967326034
0.7720833333333333,-0.5149245225593421
0.7721666666666667,-0.3624796417168951
0.77225,-0.4376295618727606
0.7723333333333333,-0.5988533492879599
0.7724166666666666,-0.4994445395160269
0.7725,-0.49027226512172234
0.7725833333333333,-0.46377770982201666
0.7726666666666666,-0.007149394511668873
0.77275,-0.04131776315937873
0.7728333333333334,0.21888506149906656
0.7729166666666667,0.6112887036604541
0.773,0.2633058759307866
0.7730833333333333,-0.04200351579520437
0.7731666666666667,-0.34619109943815596
0.77325,-0.3026837410251492
0.7733333333333333,-0.0036300458441259164
0.7734166666666666,0.1541388019048161
0.7735,0.42768108386062326
0.7735833333333333,0.37181787289069285
0.7736666666666666,0.12167090443264722
0.77375,-0.04372138065714879
0.7738333333333334,-0.3908224950290412
0.7739166666666667,-0.3738568292916947
0.774,0.20493233188592536
0.7740833333333333,0.44141717241263384
0.7741666666666667,0.6918907570382009
0.77425,0.76820793790439
0.7743333333333333,0.2775858177552353
0.7744166666666666,0.6333440022207272
0.7745,0.819548954269027
0.7745833333333333,0.45993370700790426
0.7746666666666666,0.8301788117657084
0.77475,0.9122450266448859
0.7748333333333334,0.8701482982806293
0.7749166666666667,1.0451937013001684
0.775,0.8154216709591654
0.7750833333333333,0.5109308963951732
0.7751666666666667,0.2886817376107528
0.77525,0.4289374629175076
0.7753333333333333,0.9193418451948638
0.7754166666666666,1.050572282205243
0.7755,0.7671272779371284
0.7755833333333333,0.2466194532208585
0.7756666666666666,-0.2568149822002812
0.77575,-0.1071435000857028
0.7758333333333334,0.06556459098521243
0.7759166666666667,-0.16350333571439374
0.776,-0.085409709667093
0.7760833333333333,0.1536524216795326
0.7761666666666667,0.3742579751690809
0.77625,0.2251708489456683
0.7763333333333333,-0.4404943165172421
0.7764166666666666,-0.912479070941278
0.7765,-0.7546387616727385
0.7765833333333333,0.02139377821304084
0.7766666666666666,0.4291837861172871
0.77675,0.106518182929408
0.7768333333333334,-0.11474082567316164
0.7769166666666667,-0.28356897455099517
0.777,-0.5167709061946896
0.7770833333333333,-0.49874470588847225
0.7771666666666667,-0.4013839530611206
0.77725,-0.3439018331598653
0.7773333333333333,-0.11170520344813852
0.7774166666666666,0.17200955090880346
0.7775,0.2928696001849274
0.7775833333333333,0.18840341171701688
0.7776666666666666,-0.185742435172604
0.77775,-0.3121063749871343
0.7778333333333334,-0.2049306340628297
0.7779166666666667,-0.2576954321079809
0.778,-0.06628525953685035
0.7780833333333333,0.13344251521622363
0.7781666666666667,0.19754182388661098
0.77825,0.4497416156745633
0.7783333333333333,0.5403411353964465
0.7784166666666666,0.4427577354982312
0.7785,0.2627158662766698
0.7785833333333333,0.0736410160782318
0.7786666666666666,0.15764281642806516
0.77875,0.2833818234476376
0.7788333333333334,0.3067731502993058
0.7789166666666667,0.29807802348399576
0.779,0.2663621402523578
0.7790833333333333,0.45960951854912535
0.7791666666666667,0.411566652855825
0.77925,-0.024486636878479868
0.7793333333333333,-0.32044666172034914
0.7794166666666666,-0.4661129427776894
0.7795,0.04493254133573104
0.7795833333333333,0.49487938894894806
0.7796666666666666,0.28903401542345175
0.77975,0.14394987488916786
0.7798333333333334,-0.3892667070864799
0.7799166666666667,-0.41029117557748646
0.78,0.023472115871115678
0.7800833333333334,-0.08957800689171093
0.7801666666666667,0.10779057930255603
0.78025,-0.050026274589925195
0.7803333333333333,-0.3295996122607839
0.7804166666666666,-0.22828406048099115
0.7805,-0.4260943850303295
0.7805833333333333,-0.285489397571716
0.7806666666666666,-0.1307917630729505
0.78075,-0.28542482783123846
0.7808333333333334,-0.21371276590327395
0.7809166666666667,-0.17607543354020275
0.781,-0.3488571683887606
0.7810833333333334,-0.4475102083109277
0.7811666666666667,-0.618000826119128
0.78125,-0.7030194803754575
0.7813333333333333,-0.33608116350291384
0.7814166666666666,0.00567844113668308
0.7815,0.22953734810905496
0.7815833333333333,0.1135806264815435
0.7816666666666666,-0.06266385945616247
0.78175,-0.16891136485070024
0.7818333333333334,-0.4828500885151922
0.7819166666666667,-0.3856003593809841
0.782,-0.3166171940973094
0.7820833333333334,0.19808814822728504
0.7821666666666667,0.6185529137372761
0.78225,0.1647647663153411
0.7823333333333333,0.20716985915056413
0.7824166666666666,-0.03642869113987613
0.7825,-0.20400912422566886
0.7825833333333333,-0.13120433669887666
0.7826666666666666,-0.4901353668675239
0.78275,-0.3661602699465481
0.7828333333333334,-0.24395398414590644
0.7829166666666667,0.18188062911438707
0.783,0.37910909240181906
0.7830833333333334,0.12462190927119482
0.7831666666666667,0.26900591394421386
0.78325,0.0803968949843737
0.7833333333333333,0.29104261722936525
0.7834166666666667,0.43156570958295454
0.7835,0.22725474085887776
0.7835833333333333,0.33405930027652603
0.7836666666666666,-0.004349550691503302
0.78375,0.15775862678824623
0.7838333333333334,0.34783626626450076
0.7839166666666667,-0.05574119042366154
0.784,0.23002381594888666
0.7840833333333334,0.35168589774489856
0.7841666666666667,-0.04039888433456086
0.78425,0.08599194634857121
0.7843333333333333,0.13498877065641465
0.7844166666666667,-0.02859552272228365
0.7845,0.23574366105786115
0.7845833333333333,0.19433637809402177
0.7846666666666666,-0.012848874435092198
0.78475,-0.10724118225915175
0.7848333333333334,-0.3056223407083845
0.7849166666666667,-0.2499823150898754
0.785,-0.26311781049740574
0.7850833333333334,-0.045844046255713
0.7851666666666667,-0.12949283657209198
0.78525,-0.39757644392751523
0.7853333333333333,-0.21124230725615006
0.7854166666666667,-0.5875477341538383
0.7855,-0.4410211058581001
0.7855833333333333,-0.28808522387755064
0.7856666666666666,-0.6497992055886712
0.78575,-0.1056757929848511
0.7858333333333334,0.07254501740127793
0.7859166666666667,0.028492355394378166
0.786,0.2264845896564283
0.7860833333333334,-0.025885823230715723
0.7861666666666667,0.0236991163755496
0.78625,0.2893542072295808
0.7863333333333333,0.3972123218649463
0.7864166666666667,0.5390803158215014
0.7865,0.27021795564927786
0.7865833333333333,-0.035242173671436006
0.7866666666666666,0.10459957258391396
0.78675,-0.012566660213431492
0.7868333333333334,0.09414505846139433
0.7869166666666667,0.1643772767136357
0.787,-0.3993574118644757
0.7870833333333334,-0.22388815207146984
0.7871666666666667,0.21126689684413244
0.78725,-0.0020795669163314492
0.7873333333333333,-0.21919595435382608
0.7874166666666667,-0.2219944957676626
0.7875,-0.24311874299797487
0.7875833333333333,-0.4378808819545613
0.7876666666666666,-0.4094239388688435
0.78775,-0.43421694045209486
0.7878333333333334,-0.7384685687864306
0.7879166666666667,-0.5981422710207361
0.788,-0.2593127659477239
0.7880833333333334,-0.24245540808868637
0.7881666666666667,-0.3121167965085072
0.78825,-0.028227171058855072
0.7883333333333333,0.27783122652738335
0.7884166666666667,0.09572072951204115
0.7885,0.27279456301612687
0.7885833333333333,0.6000280129407495
0.7886666666666666,0.22842341595822307
0.78875,0.14198406031926614
0.7888333333333334,0.4003142903362088
0.7889166666666667,0.19302480968937363
0.789,0.11666867410215741
0.7890833333333334,0.3578303475891289
0.7891666666666667,0.17157863871296947
0.78925,0.08261807289694363
0.7893333333333333,0.29904297190356877
0.7894166666666667,0.03974360588168604
0.7895,0.09547480958584388
0.7895833333333333,0.4247086431515691
0.7896666666666666,0.5057443327338343
0.78975,0.7224182664319565
0.7898333333333334,0.35772414435685945
0.7899166666666667,0.009631085594024709
0.79,0.08736963449275917
0.7900833333333334,-0.15659334963662028
0.7901666666666667,-0.12325286772937027
0.79025,-0.019924727095958522
0.7903333333333333,-0.10176726352547999
0.7904166666666667,0.035199520130774944
0.7905,0.02285476787875367
0.7905833333333333,-0.25126556344810386
0.7906666666666666,-0.4184975125142995
0.79075,-0.3870550878484655
0.7908333333333334,-0.21745388953264358
0.7909166666666667,-0.0881525400272185
0.791,-0.17199353523015481
0.7910833333333334,-0.03948594794595047
0.7911666666666667,-0.04975581678230368
0.79125,-0.29520467683403123
0.7913333333333333,-0.1449338107565402
0.7914166666666667,-0.3135268174476204
0.7915,-0.3491578463510328
0.7915833333333333,0.17395076458330772
0.7916666666666666,0.3610077889801212
0.79175,0.40808473311612853
0.7918333333333333,0.15046108515369402
0.7919166666666667,-0.12469438223487735
0.792,-0.06002685135373416
0.7920833333333334,-0.17858729773680182
0.7921666666666667,0.05315417275326715
0.79225,0.17175239270229475
0.7923333333333333,-0.00322054328296251
0.7924166666666667,0.38388473031778303
0.7925,0.45734185342214734
0.7925833333333333,0.33049922962721484
0.7926666666666666,0.14329830276798888
0.79275,-0.3218358663009087
0.7928333333333333,-0.10672222473863814
0.7929166666666667,-0.02562181289366172
0.793,0.03299857057939073
0.7930833333333334,0.28015054214798923
0.7931666666666667,0.042751959094970586
0.79325,0.3652658351874906
0.7933333333333333,0.48265383792885186
0.7934166666666667,0.21169679042807943
0.7935,0.108735269320517
0.7935833333333333,-0.19575692362033376
0.7936666666666666,0.023748317573839457
0.79375,0.11682213065983409
0.7938333333333333,0.19110426906410263
0.7939166666666667,0.5184558825624179
0.794,0.2994625142849399
0.7940833333333334,0.25335073741273123
0.7941666666666667,0.2510695987692626
0.79425,-0.08767589545214044
0.7943333333333333,-0.28412874123264426
0.7944166666666667,-0.2581047924424903
0.7945,-0.28048143344592086
0.7945833333333333,-0.15986128007739875
0.7946666666666666,0.1440278351269002
0.79475,-0.10693037874981336
0.7948333333333333,-0.4083903245702714
0.7949166666666667,-0.34048066604787325
0.795,-0.1978542478682126
0.7950833333333334,-0.007930102335814728
0.7951666666666667,-0.12582088023077853
0.79525,-0.3282033145799369
0.7953333333333333,-0.25452732577131854
0.7954166666666667,-0.021019569625629533
0.7955,0.17398535735660875
0.7955833333333333,0.2799315472351717
0.7956666666666666,0.2620953353142254
0.79575,0.18813353882329592
0.7958333333333333,0.19085249316771008
0.7959166666666667,0.0052505917836254455
0.796,-0.18116536399257038
0.7960833333333334,-0.11490629492857425
0.7961666666666667,0.09766052052709152
0.79625,0.39034522146531186
0.7963333333333333,0.44820572893191485
0.7964166666666667,0.21779169693253547
0.7965,-0.14451061103744556
0.7965833333333333,-0.536992842866391
0.7966666666666666,-0.7706487454768137
0.79675,-0.7076484205234937
0.7968333333333333,-0.47856493706528475
0.7969166666666667,-0.5247768660311563
0.797,-0.4768193203516306
0.7970833333333334,-0.2193806144689995
0.7971666666666667,-0.47742534273504206
0.79725,-0.46207210028383694
0.7973333333333333,-0.10338645170672649
0.7974166666666667,-0.021582882440727175
0.7975,0.31565726042508196
0.7975833333333333,0.25540502719259106
0.7976666666666666,0.1941139545957169
0.79775,0.45419004402654817
0.7978333333333333,0.2871887299874436
0.7979166666666667,0.7778290944506996
0.798,0.9911167378531822
0.7980833333333334,0.5503072272779225
0.7981666666666667,0.7533863198719738
0.79825,0.37412403779113584
0.7983333333333333,-0.07581768726819788
0.7984166666666667,0.05760303577209784
0.7985,0.07485591105260762
0.7985833333333333,0.3718140610398479
0.7986666666666666,0.30069429542727655
0.79875,0.1484381344412813
0.7988333333333333,0.31945970525796186
0.7989166666666667,0.010178975464565223
0.799,-0.24493658935399543
0.7990833333333334,-0.22844256056319498
0.7991666666666667,-0.05225543059602963
0.79925,0.3821756800010204
0.7993333333333333,0.6944773019471613
0.7994166666666667,0.532407597847789
0.7995,-0.10514683534490195
0.7995833333333333,-0.5996180844488858
0.7996666666666666,-0.7577248138209546
0.79975,-0.6404018106392734
0.7998333333333333,-0.6250100520508283
0.7999166666666667,-0.7233146070529933
0.8,-0.5326360384266394
0.8000833333333334,-0.8757619780184274
0.8001666666666667,-0.8112589282385335
0.80025,-0.19562521481616996
0.8003333333333333,-0.7575922645554156
0.8004166666666667,-0.8949098147779212
0.8005,-0.35135240398802303
0.8005833333333333,-0.46742460688611054
0.8006666666666666,-0.33667164274907724
0.80075,-0.33830805304887707
0.8008333333333333,-0.7739132225529952
0.8009166666666667,-0.8151733861029516
0.801,-0.8514494808084115
0.8010833333333334,-0.7194973012817906
0.8011666666666667,-0.35399749774600714
0.80125,-0.33234441744293575
0.8013333333333333,-0.20817690184856838
0.8014166666666667,-0.32049515325763595
0.8015,-0.40892654610813023
0.8015833333333333,-0.02094739480505221
0.8016666666666666,-0.12288118416609896
0.80175,0.11409957078764017
0.8018333333333333,0.32393198875077384
0.8019166666666667,-0.02039788386789061
0.802,0.39205738954662067
0.8020833333333334,0.38832012737615856
0.8021666666666667,0.06240153887059822
0.80225,0.027349434944019094
0.8023333333333333,-0.2645540237223961
0.8024166666666667,0.034807818577981174
0.8025,0.05394081752921357
0.8025833333333333,-0.044366349685695125
0.8026666666666666,0.31623796008616173
0.80275,0.08093097845354129
0.8028333333333333,0.20307001379655698
0.8029166666666666,0.4165853359656076
0.803,0.341366255978356
0.8030833333333334,0.575629134415217
0.8031666666666667,0.3749864934055087
0.80325,0.3650532717853495
0.8033333333333333,0.4392102573416767
0.8034166666666667,0.10931339127426688
0.8035,0.41243985807658007
0.8035833333333333,0.5767490908053978
0.8036666666666666,0.36895009351183405
0.80375,0.6704429970273221
0.8038333333333333,0.6399921211009675
0.8039166666666666,0.5241146283783449
0.804,0.9555612509532941
0.8040833333333334,1.0286491070463608
0.8041666666666667,0.6641997547037803
0.80425,0.22905432105667914
0.8043333333333333,0.09549727530130622
0.8044166666666667,0.360488989759109
0.8045,0.4081927723248665
0.8045833333333333,0.3952475845359396
0.8046666666666666,0.39913488957787796
0.80475,0.07466965024931552
0.8048333333333333,-0.1514803042137737
0.8049166666666666,-0.2776092604977861
0.805,-0.7230338948568605
0.8050833333333334,-0.7466804119886502
0.8051666666666667,-0.37947373312151
0.80525,-0.19360851334101617
0.8053333333333333,0.2759983461490989
0.8054166666666667,0.27327148108959703
0.8055,-0.10938467409827975
0.8055833333333333,-0.16373867275717643
0.8056666666666666,-0.5258128435239243
0.80575,-0.4875557040459857
0.8058333333333333,-0.2375581878974894
0.8059166666666666,-0.2736459233654913
0.806,-0.0374773859947841
0.8060833333333334,-0.08559287450050031
0.8061666666666667,-0.12372868496178324
0.80625,-0.2799877381253584
0.8063333333333333,-0.8190960676202875
0.8064166666666667,-0.6419652852756258
0.8065,-0.24022345879043258
0.8065833333333333,0.10569969416512225
0.8066666666666666,0.5401744083431649
0.80675,0.3290670666850458
0.8068333333333333,0.43757521278410005
0.8069166666666666,0.8265298096810789
0.807,0.5261248125780874
0.8070833333333334,0.5761147958083651
0.8071666666666667,0.372970679432258
0.80725,-0.0975490421527037
0.8073333333333333,0.3423441795395729
0.8074166666666667,0.4181725237305905
0.8075,0.2878153949071211
0.8075833333333333,0.19783953187773867
0.8076666666666666,0.06960445579260427
0.80775,0.637910175973352
0.8078333333333333,0.5285449583839317
0.8079166666666666,0.33705842479925396
0.808,0.6411892443495294
0.8080833333333334,0.4271553346386221
0.8081666666666667,0.6609565497896411
0.80825,0.7959070097851549
0.8083333333333333,0.5851223339777679
0.8084166666666667,0.5521913092392394
0.8085,0.15881299994599174
0.8085833333333333,-0.018297970211265262
0.8086666666666666,-0.11642763679348829
0.80875,-0.3864765279692879
0.8088333333333333,-0.37256251762791587
0.8089166666666666,-0.18632598067347175
0.809,-0.009448355545559364
0.8090833333333334,0.1809456238701935
0.8091666666666667,0.33460667866917354
0.80925,0.15391610672234557
0.8093333333333333,-0.05620398529595489
0.8094166666666667,-0.1285722227196045
0.8095,-0.1634884544400207
0.8095833333333333,-0.22514165148551593
0.8096666666666666,-0.291541477916953
0.80975,-0.1699682338640093
0.8098333333333333,-0.43897932939490775
0.8099166666666666,-0.7104920267144247
0.81,-0.730173709542011
0.8100833333333334,-0.9111203933026586
0.8101666666666667,-0.8045954129814052
0.81025,-0.716112862022623
0.8103333333333333,-0.45917013870567985
0.8104166666666667,-0.12070971617074229
0.8105,-0.10576460550992794
0.8105833333333333,0.1506422212404242
0.8106666666666666,0.1408675094189344
0.81075,-0.0762694255670542
0.8108333333333333,-0.1171210691235304
0.8109166666666666,-0.1642597046388997
0.811,-0.02363330969323905
0.8110833333333334,-0.05887214620231392
0.8111666666666667,-0.09826768155213313
0.81125,-0.0535888241213949
0.8113333333333334,-0.43081720822574054
0.8114166666666667,-0.6211512087858503
0.8115,-0.4762515863957539
0.8115833333333333,-0.4210155648786431
0.8116666666666666,-0.2599141583455089
0.81175,-0.17987207035499364
0.8118333333333333,-0.04481260085826976
0.8119166666666666,0.08865461065523411
0.812,-0.08715015468995022
0.8120833333333334,0.06918386919501525
0.8121666666666667,0.08977426533314443
0.81225,-0.1894250477735139
0.8123333333333334,0.15676442037663646
0.8124166666666667,0.3491333131758227
0.8125,0.0822729876163759
0.8125833333333333,-0.060521200393694484
0.8126666666666666,-0.21737030306723648
0.81275,0.011560049322389975
0.8128333333333333,0.23916729034743237
0.8129166666666666,0.09488085093423611
0.813,0.12390627930375343
0.8130833333333334,-0.017646172377399256
0.8131666666666667,0.3059532830957168
0.81325,0.7428748577071024
0.8133333333333334,0.34562435193096225
0.8134166666666667,0.3427802901932741
0.8135,0.07080133208575615
0.8135833333333333,-0.2757483930083394
0.8136666666666666,0.23935334330503866
0.81375,0.011326171719194218
0.8138333333333333,-0.2923103881513927
0.8139166666666666,-0.11747644632712839
0.814,-0.25574055252081757
0.8140833333333334,-0.12683904532830528
0.8141666666666667,0.07675657900387435
0.81425,-0.01826877518840424
0.8143333333333334,-0.062066916736923376
0.8144166666666667,0.26735565226839275
0.8145,0.4359066733155112
0.8145833333333333,0.09962110001797979
0.8146666666666667,-0.16275245214047845
0.81475,-0.1897510440437665
0.8148333333333333,-0.09820392841375078
0.8149166666666666,-0.2569605799788829
0.815,-0.4292375760855409
0.8150833333333334,-0.5310121431621716
0.8151666666666667,-0.5205295230028375
0.81525,-0.09385059026322846
0.8153333333333334,0.12935013506302898
0.8154166666666667,0.206861764225486
0.8155,-0.15826085285924946
0.8155833333333333,-0.36913234026856706
0.8156666666666667,-0.1753843416356844
0.81575,-0.7379836596881962
0.8158333333333333,-0.48972783140106174
0.8159166666666666,0.03936484155047064
0.816,-0.23408246733521845
0.8160833333333334,0.055127230930630926
0.8161666666666667,0.16671191249435663
0.81625,-0.15112092152879777
0.8163333333333334,-0.3819938051587073
0.8164166666666667,-0.42836957211590165
0.8165,-0.32571125389733346
0.8165833333333333,-0.2707585221175219
0.8166666666666667,0.003006308544212928
0.81675,0.144796036225782
0.8168333333333333,0.2918932202329929
0.8169166666666666,0.43271146517246295
0.817,0.4231890681372164
0.8170833333333334,0.5608634686767616
0.8171666666666667,0.39697993396739034
0.81725,0.17540387063991314
0.8173333333333334,0.2286377631125223
0.8174166666666667,0.2386402783486012
0.8175,0.17138518559966526
0.8175833333333333,0.31947969743860744
0.8176666666666667,0.3226762797575277
0.81775,0.023524287300566275
0.8178333333333333,0.044698394772286154
0.8179166666666666,-0.18899846268957238
0.818,-0.2218233263462302
0.8180833333333334,0.19564237025288062
0.8181666666666667,-0.06255305627060284
0.81825,-0.1099672256697104
0.8183333333333334,0.11005524654634206
0.8184166666666667,0.17019092350880782
0.8185,0.5173683586937111
0.8185833333333333,0.5592027393123121
0.8186666666666667,0.4003274645603982
0.81875,0.18066288967579439
0.8188333333333333,-0.05505472213434854
0.8189166666666666,0.18366884978830125
0.819,0.27827433589879336
0.8190833333333334,0.07778160697595475
0.8191666666666667,0.07753094719078106
0.81925,0.04203902349523897
0.8193333333333334,-0.04085176993720606
0.8194166666666667,0.17631667092661754
0.8195,0.4176870649465012
0.8195833333333333,0.22722134750436113
0.8196666666666667,0.13719727241911217
0.81975,0.3900079399999079
0.8198333333333333,0.5294677497271368
0.8199166666666666,0.6680650369407392
0.82,0.37149751091788447
0.8200833333333334,-0.386667389370902
0.8201666666666667,-0.5987555524694367
0.82025,-0.47511319936973057
0.8203333333333334,-0.3288452629170219
0.8204166666666667,0.11036210337766382
0.8205,0.23388204796388576
0.8205833333333333,0.02202048560175533
0.8206666666666667,0.20935203424599713
0.82075,0.039090063516746945
0.8208333333333333,-0.3479363831823598
0.8209166666666666,-0.33782732628924844
0.821,-0.5986564572208029
0.8210833333333334,-0.15537772152430676
0.8211666666666667,0.4158442911121191
0.82125,0.04365109340359944
0.8213333333333334,-0.1732655590989762
0.8214166666666667,-0.6100789445094897
0.8215,-0.8815462919171292
0.8215833333333333,-0.49450102493569525
0.8216666666666667,-0.30658002802773066
0.82175,-0.44440401401750296
0.8218333333333333,-0.41198722183056663
0.8219166666666666,0.09301510920557758
0.822,0.27826564550171057
0.8220833333333334,0.13553337821923983
0.8221666666666667,0.14475976700793833
0.82225,-0.07130752774062023
0.8223333333333334,-0.3853673517032586
0.8224166666666667,-0.2112756943287239
0.8225,-0.049360001307655
0.8225833333333333,-0.0559921462244331
0.8226666666666667,0.3187102878729127
0.82275,0.4431472361552836
0.8228333333333333,0.7648978396321292
0.8229166666666666,0.6883454484968832
0.823,0.0046911818042534624
0.8230833333333333,0.17501776024832036
0.8231666666666667,-0.13989474721339012
0.82325,0.0053183685019889725
0.8233333333333334,0.9379692750105448
0.8234166666666667,0.7280727746500738
0.8235,0.5635862220793626
0.8235833333333333,0.414784898307682
0.8236666666666667,0.08094068614599677
0.82375,0.12404835880549807
0.8238333333333333,-0.09516435402212284
0.8239166666666666,-0.35257812171178937
0.824,-0.08526462345644134
0.8240833333333333,-0.00040921653316797505
0.8241666666666667,-0.0779353707455981
0.82425,0.3259574992327717
0.8243333333333334,-0.09434148352494513
0.8244166666666667,-0.6682699508691823
0.8245,-0.5966512969959631
0.8245833333333333,-0.7302386538249553
0.8246666666666667,-0.22384966224015815
0.82475,0.00924206229411401
0.8248333333333333,-0.24633700930739774
0.8249166666666666,-0.110056232851634
0.825,-0.3849401665619998
0.8250833333333333,-0.34842444933003275
0.8251666666666667,-0.18155553782014425
0.82525,-0.4358975149089316
0.8253333333333334,-0.1945602667639877
0.8254166666666667,-0.09126752692581283
0.8255,-0.17897108230934278
0.8255833333333333,-0.02598304462968287
0.8256666666666667,-0.2045201653317489
0.82575,-0.30513432641344157
0.8258333333333333,-0.19654528750284223
0.8259166666666666,0.05618048359608529
0.826,0.3183815126981388
0.8260833333333333,0.2802583950039269
0.8261666666666667,0.6302710925346203
0.82625,0.5652152251188941
0.8263333333333334,-0.021766596385720333
0.8264166666666667,0.062403837272770483
0.8265,-0.25297876646581885
0.8265833333333333,-0.332858492893628
0.8266666666666667,0.535305833871674
0.82675,0.36252533889284166
0.8268333333333333,-0.06951887303620174
0.8269166666666666,0.015492565635445397
0.827,-0.30960897107357616
0.8270833333333333,-0.11258330265430168
0.8271666666666667,-0.09783633227111237
0.82725,-0.4443480716316356
0.8273333333333334,-0.015217922370102107
0.8274166666666667,-0.23308437151293837
0.8275,-0.2991543739531562
0.8275833333333333,0.21378870233588898
0.8276666666666667,0.024335346347682186
0.82775,0.34377514099279355
0.8278333333333333,0.49947410755582694
0.8279166666666666,0.09989595228643276
0.828,0.18646915224625596
0.8280833333333333,0.24887088759125728
0.8281666666666667,0.2959401208845895
0.82825,-0.003935820496052306
0.8283333333333334,-0.4617264879232265
0.8284166666666667,-0.2921363185571814
0.8285,0.2042271462576379
0.8285833333333333,0.693650012739276
0.8286666666666667,0.6947193631219886
0.82875,0.26414954571494315
0.8288333333333333,-0.04844335680738961
0.8289166666666666,-0.13308230573056162
0.829,-0.02997406997911278
0.8290833333333333,-0.18202841696089694
0.8291666666666667,-0.5163555547157113
0.82925,-0.43871707200412985
0.8293333333333334,-0.1543298327486904
0.8294166666666667,0.0987528976890502
0.8295,0.11987399711081538
0.8295833333333333,0.05082894795108969
0.8296666666666667,-0.0822142086012758
0.82975,-0.48056474854487324
0.8298333333333333,-0.26179045274326856
0.8299166666666666,-0.1459363469263368
0.83,-0.43019323570659607
0.8300833333333333,-0.16307178358144417
0.8301666666666667,-0.5167127490093202
0.83025,-0.9520611115079003
0.8303333333333334,-0.8742477923596093
0.8304166666666667,-0.9677714556874696
0.8305,-0.39808503480030694
0.8305833333333333,-0.14184306213897477
0.8306666666666667,-0.4667807335280735
0.83075,-0.22887064779110813
0.8308333333333333,-0.3881600170350344
0.8309166666666666,-0.5965134781653875
0.831,-0.3773247341751231
0.8310833333333333,-0.5593371519340733
0.8311666666666667,-0.4933630482730278
0.83125,-0.10018261047562012
0.8313333333333334,0.06154559924591641
0.8314166666666667,0.32795968173447093
0.8315,0.4628313175367568
0.8315833333333333,0.3628747269518464
0.8316666666666667,0.3714548697711239
0.83175,0.31231891019855984
0.8318333333333333,0.40185212344987337
0.8319166666666666,0.5830216904349326
0.832,0.6116383893938626
0.8320833333333333,0.6411458965203743
0.8321666666666667,0.5501656043886052
0.83225,0.6513757898178043
0.8323333333333334,0.6116671803347257
0.8324166666666667,0.36449999563640484
0.8325,0.3593783778214031
0.8325833333333333,0.18771036548118455
0.8326666666666667,0.21403587301136343
0.83275,0.32685854751255744
0.8328333333333333,0.4229154441375087
0.8329166666666666,0.6240863148348119
0.833,0.39224526508867935
0.8330833333333333,0.303700543032987
0.8331666666666667,0.2139238235793734
0.83325,-0.1448786591577752
0.8333333333333334,0.07626054885639434
0.8334166666666667,0.43246445414614815
0.8335,0.13249954443236545
0.8335833333333333,-0.21762992090156758
0.8336666666666667,-0.14941197998277939
0.83375,0.051166077534395484
0.8338333333333333,0.37219106254820516
0.8339166666666666,0.31896653953622706
0.834,-0.04074366402783616
0.8340833333333333,-0.07625352929675351
0.8341666666666666,-0.08194826001322289
0.83425,-0.13215789084478297
0.8343333333333334,-0.3711696616234766
0.8344166666666667,-0.4573511279163166
0.8345,-0.36978342608173637
0.8345833333333333,-0.37913378381091656
0.8346666666666667,0.1405953502691254
0.83475,-0.028676886976418927
0.8348333333333333,-0.6881543314520197
0.8349166666666666,-0.3915406167520722
0.835,-0.3415294018942072
0.8350833333333333,-0.2798186590983136
0.8351666666666666,0.2513752241493139
0.83525,0.3423175987579471
0.8353333333333334,0.08556568420811989
0.8354166666666667,-0.01357173615662395
0.8355,0.2844493325676401
0.8355833333333333,0.15908731022597844
0.8356666666666667,-0.09553445671625045
0.83575,0.12216280773632918
0.8358333333333333,0.20799549994127312
0.8359166666666666,0.3858048365627676
0.836,0.3205626044879098
0.8360833333333333,0.01749626763158525
0.8361666666666666,-0.020119917886246026
0.83625,0.1526360525232891
0.8363333333333334,0.6088976390837082
0.8364166666666667,0.6507762937159787
0.8365,0.3627645713404151
0.8365833333333333,0.48477558649973246
0.8366666666666667,0.7328995104092786
0.83675,0.66604173548148
0.8368333333333333,0.3803965427137529
0.8369166666666666,0.0858672541324694
0.837,0.039541873469285484
0.8370833333333333,0.3700803696797344
0.8371666666666666,0.27935356138513223
0.83725,-0.06684493405022748
0.8373333333333334,-0.18269742214213996
0.8374166666666667,-0.3766072874444455
0.8375,-0.1238186753052221
0.8375833333333333,0.2607022518395168
0.8376666666666667,0.09112724402641463
0.83775,-0.32861649794848946
0.8378333333333333,-0.5260665099791492
0.8379166666666666,-0.3754178327466265
0.838,-0.28147202271677746
0.8380833333333333,-0.3187483502988319
0.8381666666666666,-0.5693668886157763
0.83825,-0.7052319525808334
0.8383333333333334,-0.5409299864807663
0.8384166666666667,-0.42624759792960415
0.8385,-0.07787221283237115
0.8385833333333333,0.025693070572143716
0.8386666666666667,-0.1835958350369379
0.83875,-0.16548712037047394
0.8388333333333333,-0.17794547388354315
0.8389166666666666,-0.23461064573919888
0.839,-0.28728611017074507
0.8390833333333333,-0.12768749648797578
0.8391666666666666,0.08978942939652572
0.83925,0.2150223500707278
0.8393333333333334,0.4942579726924488
0.8394166666666667,0.6338688286052394
0.8395,0.3861121937154955
0.8395833333333333,0.16279345527268885
0.8396666666666667,0.29361313812667994
0.83975,0.04814139573252497
0.8398333333333333,-0.13210866488011405
0.8399166666666666,0.10546430464604103
0.84,0.09855415923534111
0.8400833333333333,0.3241648202140956
0.8401666666666666,0.024542107412600423
0.84025,-0.5039931954718987
0.8403333333333334,-0.3574977957323491
0.8404166666666667,-0.2985775368069097
0.8405,0.20776518581176898
0.8405833333333333,0.5240260593813005
0.8406666666666667,-0.03840607006525995
0.84075,-0.30004204643861365
0.8408333333333333,-0.2283504823979031
0.8409166666666666,-0.22125992894019914
0.841,-0.0564050550669876
0.8410833333333333,0.20320805310502132
0.8411666666666666,0.17376776883079872
0.84125,0.32753546986305915
0.8413333333333334,0.603464745166937
0.8414166666666667,0.546868639870154
0.8415,0.5907465483043711
0.8415833333333333,0.46959804814779205
0.8416666666666667,0.4022471427637668
0.84175,0.47650267654902523
0.8418333333333333,0.36012209479979945
0.8419166666666666,0.5067444341635412
0.842,0.3473658776456273
0.8420833333333333,-0.15039221199646371
0.8421666666666666,-0.16319127586463786
0.84225,0.023061412916074397
0.8423333333333334,-0.07720995823380881
0.8424166666666667,-0.4558667757767898
0.8425,-0.7704338936966667
0.8425833333333334,-0.8180365342366157
0.8426666666666667,-0.7159731431380879
0.84275,-0.4903588328757529
0.8428333333333333,-0.27283107179930527
0.8429166666666666,-0.34122580192811713
0.843,-0.29728052687198325
0.8430833333333333,-0.15755645791462436
0.8431666666666666,-0.39780787733931966
0.84325,-0.6587576764235472
0.8433333333333334,-0.7375565968146335
0.8434166666666667,-0.5185694951305381
0.8435,-0.44736107642333184
0.8435833333333334,-0.7725272849216702
0.8436666666666667,-0.7437835425889582
0.84375,-0.573533478865259
0.8438333333333333,-0.3784284918747086
0.8439166666666666,-0.14207710621757805
0.844,-0.08745405592210831
0.8440833333333333,-0.16009846307600678
0.8441666666666666,-0.45136797885668045
0.84425,-0.2600265328146247
0.8443333333333334,0.10189846751650418
0.8444166666666667,-0.1250178908535981
0.8445,-0.2285927919339067
0.8445833333333334,-0.28914627340398474
0.8446666666666667,-0.2842134143681464
0.84475,0.22434699644485961
0.8448333333333333,0.4985276203738952
0.8449166666666666,0.20464285859023018
0.845,-0.17177634754524868
0.8450833333333333,-0.341742567238623
0.8451666666666666,-0.10247514030892535
0.84525,0.2398148685345427
0.8453333333333334,0.3417473638593479
0.8454166666666667,0.6396552064275326
0.8455,0.6815553429532192
0.8455833333333334,0.40333814970700455
0.8456666666666667,0.4901711734274476
0.84575,0.10499420860291328
0.8458333333333333,-0.17271290999607522
0.8459166666666667,0.20445318585906352
0.846,0.09793559820817632
0.8460833333333333,0.0727066189255483
0.8461666666666666,-0.00601748303191751
0.84625,-0.29608866255485616
0.8463333333333334,-0.07340594471106063
0.8464166666666667,-0.19238750916805175
0.8465,-0.36795786290323895
0.8465833333333334,-0.19850091890837335
0.8466666666666667,-0.1864025618182654
0.84675,0.06857200726525664
0.8468333333333333,0.17155461693092952
0.8469166666666667,0.06987946437667422
0.847,0.2129343064428357
0.8470833333333333,0.19659601862920167
0.8471666666666666,0.2733707710030711
0.84725,0.4292100513090413
0.8473333333333334,0.3881435580909371
0.8474166666666667,0.38770356453507615
0.8475,0.32113295269884923
0.8475833333333334,0.2582152405519701
0.8476666666666667,0.2212103305993823
0.84775,0.31001321104200164
0.8478333333333333,0.42803589448646956
0.8479166666666667,0.37106655815583317
0.848,0.4201552250249323
0.8480833333333333,0.16779908450807166
0.8481666666666666,-0.28370582900281993
0.84825,-0.44220034733217956
0.8483333333333334,-0.3121078905989027
0.8484166666666667,-0.12332206629823873
0.8485,-0.28338659248920955
0.8485833333333334,-0.028402870818842418
0.8486666666666667,0.1946637614466162
0.84875,-0.1675345732892193
0.8488333333333333,0.015136089254245356
0.8489166666666667,-0.06683690643260233
0.849,-0.2692713743209622
0.8490833333333333,0.2662618019788699
0.8491666666666666,0.3806659001517469
0.84925,0.2239035840822971
0.8493333333333334,0.2706573195426113
0.8494166666666667,0.4154488906494214
0.8495,0.45947713718278593
0.8495833333333334,0.13663686318226953
0.8496666666666667,-0.06062813593324464
0.84975,-0.3039784824994085
0.8498333333333333,-0.5426461454610884
0.8499166666666667,-0.25951412009234615
0.85,0.0615826398535814
0.8500833333333333,0.1108712043867347
0.8501666666666666,-0.06567285160350891
0.85025,-0.5393547386284595
0.8503333333333334,-0.9235150121951601
0.8504166666666667,-0.6643645171368086
0.8505,0.15085180476509458
0.8505833333333334,0.6434553952189118
0.8506666666666667,0.3728249722363207
0.85075,0.1173953147684339
0.8508333333333333,-0.05458050733729423
0.8509166666666667,-0.31080903793656117
0.851,-0.07226280360737856
0.8510833333333333,0.1488242318743948
0.8511666666666666,0.12465363227224761
0.85125,0.39744042005448577
0.8513333333333334,0.6575098718611588
0.8514166666666667,0.6298485960532069
0.8515,0.3048887626120893
0.8515833333333334,-0.14813489924321546
0.8516666666666667,-0.19818972034546808
0.85175,0.10744591046267349
0.8518333333333333,0.5890082937206973
0.8519166666666667,1.1152959279849357
0.852,1.009441278590719
0.8520833333333333,0.5889069430041435
0.8521666666666666,0.3839781419274518
0.85225,0.24166235605097158
0.8523333333333334,0.24338344437996956
0.8524166666666667,0.14709887281180078
0.8525,0.22249562556906124
0.8525833333333334,0.4626108221219956
0.8526666666666667,0.4253176411364757
0.85275,0.309756989814391
0.8528333333333333,-0.0682386804544038
0.8529166666666667,-0.3483672878200138
0.853,-0.16934649827920992
0.8530833333333333,0.12966059596324916
0.8531666666666666,0.3171713808184165
0.85325,0.09227112678733962
0.8533333333333334,-0.17143203213861075
0.8534166666666667,-0.31310577356120617
0.8535,-0.659091797787923
0.8535833333333334,-0.8455807462399458
0.8536666666666667,-0.8812970023334906
0.85375,-0.6632049731913182
0.8538333333333333,-0.3067592265315861
0.8539166666666667,-0.3154887485038829
0.854,-0.11953135871277025
0.8540833333333333,-0.33036383347109366
0.8541666666666666,-0.6981825572927417
0.85425,-0.4441918042457517
0.8543333333333333,-0.6529444686188053
0.8544166666666667,-0.489046198589517
0.8545,-0.18550952233041085
0.8545833333333334,-0.36610112770671405
0.8546666666666667,-0.10891882019903042
0.85475,-0.1322877461676251
0.8548333333333333,-0.02732910082610385
0.8549166666666667,0.22581306449023714
0.855,-0.08769859373487397
0.8550833333333333,0.046178694669504534
0.8551666666666666,0.31225998151463713
0.85525,-0.016939827109489523
0.8553333333333333,-0.1219084579485775
0.8554166666666667,0.06523622305930943
0.8555,-0.11018953344607987
0.8555833333333334,-0.134511876712682
0.8556666666666667,0.10332886134545856
0.85575,0.0133139208324019
0.8558333333333333,-0.02296689217141614
0.8559166666666667,0.12864413350524037
0.856,-0.009173742842648939
0.8560833333333333,-0.3595162729157108
0.8561666666666666,-0.3305780619982237
0.85625,-0.20829924300748887
0.8563333333333333,-0.3319797657884593
0.8564166666666667,-0.11328210559199155
0.8565,0.059278860465014876
0.8565833333333334,0.027955823882503162
0.8566666666666667,0.1424000727518498
0.85675,0.16895751303858822
0.8568333333333333,0.10398578845599876
0.8569166666666667,0.018144422026030626
0.857,0.15645848226445125
0.8570833333333333,0.1782006455551053
0.8571666666666666,0.11878377080608886
0.85725,0.2716288924732046
0.8573333333333333,0.3098166015181939
0.8574166666666667,0.45397892250111005
0.8575,0.24186182952533444
0.8575833333333334,-0.009248361140018686
0.8576666666666667,0.3271582326048635
0.85775,0.5207195720552705
0.8578333333333333,0.6197766407464665
0.8579166666666667,0.45028156009441483
0.858,-0.07954855124259674
0.8580833333333333,-0.2620506155445124
0.8581666666666666,-0.02697766294231671
0.85825,0.007823184083237966
0.8583333333333333,-0.23634755522617643
0.8584166666666667,-0.018107460185734416
0.8585,0.16873554175886055
0.8585833333333334,-0.06855045096970834
0.8586666666666667,-0.3378025722616282
0.85875,-1.0329566322876131
0.8588333333333333,-1.4189352659060974
0.8589166666666667,-1.0762366018966387
0.859,-0.8280714454447972
0.8590833333333333,-0.4454122230174075
0.8591666666666666,-0.418752590406436
0.85925,-0.6377506638165183
0.8593333333333333,-0.40278036746278917
0.8594166666666667,-0.7846925661596023
0.8595,-1.083212575459228
0.8595833333333334,-0.9401747042137419
0.8596666666666667,-1.00062753418297
0.85975,-0.37273481604313236
0.8598333333333333,-0.029707506145442365
0.8599166666666667,-0.33430867207171633
0.86,-0.4180648219221876
0.8600833333333333,-0.399483130455142
0.8601666666666666,-0.2194639145518185
0.86025,-0.2506858608561981
0.8603333333333333,0.0908812859199055
0.8604166666666667,0.40980466907737206
0.8605,0.2776156679395939
0.8605833333333334,0.7850275371508871
0.8606666666666667,0.5351488633404383
0.86075,0.16509357292359292
0.8608333333333333,0.6871538078839853
0.8609166666666667,0.45248140225561667
0.861,0.6665597537912719
0.8610833333333333,0.9937817549847006
0.8611666666666666,0.5283558950677054
0.86125,0.6705016894617173
0.8613333333333333,0.582317314170662
0.8614166666666667,0.4908119810731555
0.8615,0.6942210200042149
0.8615833333333334,0.3897295743558338
0.8616666666666667,0.6903374762136957
0.86175,0.875100420684629
0.8618333333333333,0.39974907440925456
0.8619166666666667,0.42326059570738855
0.862,0.046989445690706004
0.8620833333333333,-0.3515190106116851
0.8621666666666666,0.3056932491395057
0.86225,0.4264574906127085
0.8623333333333333,-0.020683748299536234
0.8624166666666667,0.17961808205266214
0.8625,0.20620017205956828
0.8625833333333334,0.18467384459349603
0.8626666666666667,0.6083089569160688
0.86275,0.3437973387643141
0.8628333333333333,-0.062489934894218634
0.8629166666666667,0.08272422219422602
0.863,0.022842795015468303
0.8630833333333333,0.3381537299867952
0.8631666666666666,0.6438248328007293
0.86325,0.20495989760809832
0.8633333333333333,0.13065637937174568
0.8634166666666667,0.03082649655023503
0.8635,-0.2812515355353525
0.8635833333333334,-0.09716673349023376
0.8636666666666667,-0.2269208305040417
0.86375,-0.33628424366395404
0.8638333333333333,0.011473453722610449
0.8639166666666667,0.13400438088227418
0.864,0.19094912936809358
0.8640833333333333,-0.05046483848743574
0.8641666666666666,-0.25088068989261303
0.86425,0.0825389242050464
0.8643333333333333,0.14672693765232223
0.8644166666666667,-0.028383786168739333
0.8645,-0.29236178332454815
0.8645833333333334,-0.33874968469590205
0.8646666666666667,-0.07750891194068138
0.86475,-0.006052961365507893
0.8648333333333333,0.27432522801729425
0.8649166666666667,0.19136911508150808
0.865,0.16771641316986718
0.8650833333333333,0.6456009284011618
0.8651666666666666,0.2416236962661946
0.86525,0.02801201938742758
0.8653333333333333,0.041406600149470896
0.8654166666666666,-0.337150835534493
0.8655,0.16052350129813608
0.8655833333333334,0.3260325653803207
0.8656666666666667,-0.0005561429159652224
0.86575,0.32012192081780183
0.8658333333333333,0.3192441844529897
0.8659166666666667,0.23672685304974256
0.866,0.20875068049717874
0.8660833333333333,-0.21190711546694072
0.8661666666666666,-0.13769919973950884
0.86625,0.13640432080084888
0.8663333333333333,0.0005274267339009692
0.8664166666666666,-0.07384324631236674
0.8665,-0.1270996951469785
0.8665833333333334,-0.17375242018506978
0.8666666666666667,0.28772814816196884
0.86675,0.544000666625341
0.8668333333333333,0.12334800053250763
0.8669166666666667,0.07368833824144495
0.867,-0.12277086206797323
0.8670833333333333,-0.2889313541362155
0.8671666666666666,0.31148738291513783
0.86725,0.14532913040118575
0.8673333333333333,-0.13430406636870731
0.8674166666666666,0.15911883436336216
0.8675,-0.20872246848967294
0.8675833333333334,-0.4149780915897754
0.8676666666666667,-0.45677644377904175
0.86775,-1.009375321704305
0.8678333333333333,-0.769765937397922
0.8679166666666667,-0.19578920029424302
0.868,-0.22272224403525137
0.8680833333333333,0.15304720221584941
0.8681666666666666,0.12339382902456442
0.86825,-0.630905905234132
0.8683333333333333,-0.49129906987773303
0.8684166666666666,-0.11320063762407151
0.8685,-0.35127561343450575
0.8685833333333334,-0.4731265941317583
0.8686666666666667,-0.32471026336074593
0.86875,-0.2858968216042893
0.8688333333333333,-0.17793345609311242
0.8689166666666667,0.016135579015114632
0.869,-0.1369673535523424
0.8690833333333333,-0.2746243796921813
0.8691666666666666,-0.2885461154257377
0.86925,-0.2044583665287769
0.8693333333333333,0.04798933082100997
0.8694166666666666,-0.2025193263041735
0.8695,-0.5153162444321929
0.8695833333333334,-0.40232329341169365
0.8696666666666667,-0.3195339653624992
0.86975,-0.18397108885381291
0.8698333333333333,0.06901281833581689
0.8699166666666667,0.213427854846206
0.87,0.16523505415467482
0.8700833333333333,0.2840443411601306
0.8701666666666666,0.38592514486386836
0.87025,0.21892100336111547
0.8703333333333333,0.2591906753899686
0.8704166666666666,0.3636161748031227
0.8705,0.5627957227956156
0.8705833333333334,0.7114310254734476
0.8706666666666667,0.5466583112549901
0.87075,0.3033971251845519
0.8708333333333333,-0.08743139160798977
0.8709166666666667,0.06886598122867356
0.871,0.3955634410909802
0.8710833333333333,0.041271008686065584
0.8711666666666666,-0.0584683687248588
0.87125,-0.052473478175946435
0.8713333333333333,-0.15377134243333795
0.8714166666666666,0.028663624389082126
0.8715,-0.03274120232147209
0.8715833333333334,-0.29486390379582494
0.8716666666666667,-0.4173291846537568
0.87175,-0.20448776487115752
0.8718333333333333,-0.09804496866588906
0.8719166666666667,-0.17100582152772398
0.872,0.13669494447930144
0.8720833333333333,0.010689668639241205
0.8721666666666666,-0.27945472939742155
0.87225,-0.22025235868460558
0.8723333333333333,-0.24813981957282064
0.8724166666666666,-0.10011580509759199
0.8725,-0.27001932690213565
0.8725833333333334,-0.5821668965939031
0.8726666666666667,-0.545257124987075
0.87275,-0.3625740427561037
0.8728333333333333,0.18867826946950644
0.8729166666666667,0.5763105965262348
0.873,0.32109762514422285
0.8730833333333333,-0.1542531867668928
0.8731666666666666,-0.2810881959177625
0.87325,-0.2505593623759132
0.8733333333333333,-0.17343200120497354
0.8734166666666666,0.1477383407858772
0.8735,-0.13243973870176753
0.8735833333333334,-0.5714471643877832
0.8736666666666667,-0.32286573775735183
0.87375,0.049396236292436536
0.8738333333333334,0.3107414172009444
0.8739166666666667,0.007258907164875791
0.874,-0.3156654977848494
0.8740833333333333,0.005583529091468882
0.8741666666666666,0.13206282963097
0.87425,0.44459975964229465
0.8743333333333333,0.7157507287307756
0.8744166666666666,0.26526138974677566
0.8745,0.08398110161727605
0.8745833333333334,0.21558043432373564
0.8746666666666667,0.40701217048421007
0.87475,0.4593923473083449
0.8748333333333334,0.169333479372552
0.8749166666666667,-0.05063511306920255
0.875,-0.4672527173203777
0.8750833333333333,-0.5362045722383528
0.8751666666666666,-0.17894807040862964
0.87525,-0.00118789065218227
0.8753333333333333,0.3070951425238336
0.8754166666666666,0.09658976342966537
0.8755,-0.18040353218010388
0.8755833333333334,-0.23532057179047014
0.8756666666666667,-0.6103540541522242
0.87575,-0.3839422129877153
0.8758333333333334,-0.14035846107140668
0.8759166666666667,0.020706718501744232
0.876,0.19881231656775714
0.8760833333333333,-0.09615284569587951
0.8761666666666666,0.15411242089138455
0.87625,0.09565308447319112
0.8763333333333333,-0.10727946694188133
0.8764166666666666,0.4649808688874632
0.8765,0.6788507994775272
0.8765833333333334,0.752851221727299
0.8766666666666667,0.8533835193723992
0.87675,0.813298254358564
0.8768333333333334,0.3161427854743319
0.8769166666666667,-0.2770946204054353
0.877,-0.013635932949102893
0.8770833333333333,-0.10268977633275966
0.8771666666666667,-0.33194591127592243
0.87725,0.028739874362891497
0.8773333333333333,-0.10048400037895144
0.8774166666666666,-0.43644076702309925
0.8775,-0.3414857223022383
0.8775833333333334,-0.04631988646135023
0.8776666666666667,0.14177547223721204
0.87775,0.2626199552594955
0.8778333333333334,0.4673872718720397
0.8779166666666667,0.21289964806061185
0.878,-0.167281495554212
0.8780833333333333,-0.032187145246251984
0.8781666666666667,-0.09735347442820445
0.87825,-0.1420574407033492
0.8783333333333333,0.1946513695825087
0.8784166666666666,0.3778719680749051
0.8785,0.47058511042663914
0.8785833333333334,0.43480450768878603
0.8786666666666667,0.14545202985147052
0.87875,-0.3235440091346672
0.8788333333333334,-0.4362575848930362
0.8789166666666667,-0.22214873475540778
0.879,-0.2661709878268053
0.8790833333333333,-0.12589712938360778
0.8791666666666667,-0.011593911482105777
0.87925,-0.15087734472896147
0.8793333333333333,-0.20102314361853024
0.8794166666666666,-0.3321717529888546
0.8795,-0.40288015978473524
0.8795833333333334,-0.3974374111138029
0.8796666666666667,-0.2136346676021245
0.87975,0.14133500044429662
0.8798333333333334,0.13244191585815485
0.8799166666666667,-0.035649884839200306
0.88,0.09395491773538987
0.8800833333333333,0.18746285657600698
0.8801666666666667,0.10774002165622446
0.88025,0.29570322901944823
0.8803333333333333,0.4009553833480126
0.8804166666666666,0.36913230984306006
0.8805,0.6041014711553968
0.8805833333333334,0.5723599672606171
0.8806666666666667,0.35489255445857526
0.88075,0.3430531295396043
0.8808333333333334,0.24549409036439074
0.8809166666666667,0.021209189564081195
0.881,0.048506876340321296
0.8810833333333333,0.0693720783941877
0.8811666666666667,-0.19632251215775157
0.88125,-0.1278089639589738
0.8813333333333333,-0.019098083932962095
0.8814166666666666,0.02078816043064082
0.8815,0.26711025676892924
0.8815833333333334,0.23577279369087262
0.8816666666666667,0.19217443628346456
0.88175,0.19296300430808289
0.8818333333333334,0.024915458563601688
0.8819166666666667,-0.12651353776862656
0.882,-0.03334695537695002
0.8820833333333333,0.21135824649840412
0.8821666666666667,0.1969908969389024
0.88225,0.14947413488002206
0.8823333333333333,-0.06928086733829289
0.8824166666666666,-0.3378659781660707
0.8825,-0.2487087633783317
0.8825833333333334,-0.29591146616377756
0.8826666666666667,-0.41568249453717115
0.88275,-0.37553311878799195
0.8828333333333334,-0.2545254572731057
0.8829166666666667,-0.14539362716649507
0.883,-0.0452762220983822
0.8830833333333333,-0.14790940391348673
0.8831666666666667,-0.43187130753285885
0.88325,-0.27599364148670813
0.8833333333333333,-0.21275302100799956
0.8834166666666666,-0.29606599208494233
0.8835,-0.31741171547023034
0.8835833333333334,-0.27396398489286583
0.8836666666666667,0.09084766150544635
0.88375,-0.2354265301515811
0.8838333333333334,-0.2243132734544939
0.8839166666666667,0.5981364200230294
0.884,0.6769587017761711
0.8840833333333333,0.5362268261227682
0.8841666666666667,0.5155737776747275
0.88425,0.3649904737343425
0.8843333333333333,-0.008284503255277024
0.8844166666666666,-0.08091696842869103
0.8845,-0.056164925177963156
0.8845833333333334,-0.507055169609743
0.8846666666666667,-0.3024813212027016
0.88475,-0.1492307107139394
0.8848333333333334,-0.5441138188084408
0.8849166666666667,-0.633457737981085
0.885,-0.5734732227744367
0.8850833333333333,-0.41925014045000597
0.8851666666666667,-0.3317415210839287
0.88525,-0.09985134322436796
0.8853333333333333,0.1921403929375462
0.8854166666666666,0.12433223498296986
0.8855,-0.15384066834978202
0.8855833333333333,-0.11345971454364352
0.8856666666666667,0.22446482763348477
0.88575,0.27069344226077
0.8858333333333334,0.5329039265236014
0.8859166666666667,0.7145257486298052
0.886,0.3392118629674887
0.8860833333333333,0.31068727239239985
0.8861666666666667,0.5037851565482878
0.88625,0.3510746350422685
0.8863333333333333,0.2201321026315245
0.8864166666666666,0.28899261332950527
0.8865,0.2698219235394866
0.8865833333333333,0.24700580145697
0.8866666666666667,0.08213971814226574
0.88675,-0.19950179009340394
0.8868333333333334,-0.32584444759053915
0.8869166666666667,-0.4524749614292016
0.887,-0.4665583192516917
0.8870833333333333,-0.5027908019143306
0.8871666666666667,-0.5584177487888562
0.88725,-0.4482318889667716
0.8873333333333333,-0.3572013463856677
0.8874166666666666,-0.5625931102259878
0.8875,-0.9449091305170724
0.8875833333333333,-0.9531508155905338
0.8876666666666667,-0.8182032635967756
0.88775,-0.5507038756170087
0.8878333333333334,-0.2579233398730408
0.8879166666666667,-0.3033691597907765
0.888,-0.36417946666347745
0.8880833333333333,-0.47996449595373103
0.8881666666666667,-0.5202349314556142
0.88825,-0.5744625865445535
0.8883333333333333,-0.4777748811304126
0.8884166666666666,-0.11497847165530943
0.8885,-0.08257282147102335
0.8885833333333333,-0.06839356756444885
0.8886666666666667,-0.26431524963357983
0.88875,-0.5800432198856044
0.8888333333333334,-0.39495411895845617
0.8889166666666667,-0.29170637167203567
0.889,-0.4243464307281349
0.8890833333333333,-0.36764003371990406
0.8891666666666667,-0.052605131388476556
0.88925,0.19916141326285564
0.8893333333333333,0.4353863819334238
0.8894166666666666,0.5316475152381416
0.8895,0.27539877450057243
0.8895833333333333,0.3963076207433735
0.8896666666666667,0.5537976402762316
0.88975,0.4586067472814943
0.8898333333333334,0.5499833167234286
0.8899166666666667,0.40465993570420333
0.89,0.3874161130619688
0.8900833333333333,0.7225759807890202
0.8901666666666667,0.7468615648836332
0.89025,0.6446002855687478
0.8903333333333333,0.7148404231443378
0.8904166666666666,0.7423774043248359
0.8905,0.5883090912482569
0.8905833333333333,0.5680284175240495
0.8906666666666667,0.9053934780892652
0.89075,0.8411001106650764
0.8908333333333334,0.5750640931600807
0.8909166666666667,0.7715848080823574
0.891,0.47408911015166444
0.8910833333333333,0.15877764678105855
0.8911666666666667,0.3368257838567551
0.89125,0.35227213242442135
0.8913333333333333,0.7001305677082623
0.8914166666666666,0.6258933278940213
0.8915,0.007416230266333879
0.8915833333333333,-0.019997790222477118
0.8916666666666667,0.10182520500866554
0.89175,0.2506722082628007
0.8918333333333334,0.2642169317294421
0.8919166666666667,-0.3326065997817265
0.892,-0.6157496295731227
0.8920833333333333,-0.16593495657116158
0.8921666666666667,-0.07582231129116954
0.89225,-0.48075401427913694
0.8923333333333333,-0.824824546654108
0.8924166666666666,-0.9454075984492251
0.8925,-0.7273563414856935
0.8925833333333333,-0.47361491162259484
0.8926666666666667,-0.4257295706875869
0.89275,-0.8001485682443695
0.8928333333333334,-0.9005493414146913
0.8929166666666667,-0.434630839625926
0.893,-0.25839420772950783
0.8930833333333333,-0.04098054916682282
0.8931666666666667,-0.3183802971850144
0.89325,-0.7238345104224005
0.8933333333333333,-0.42870492386280995
0.8934166666666666,-0.36946479041136293
0.8935,0.1360088323273968
0.8935833333333333,0.368881023145219
0.8936666666666667,0.09436884253080695
0.89375,0.5244445031634921
0.8938333333333334,0.3852228845599861
0.8939166666666667,0.12515685353975275
0.894,-0.014919062750429217
0.8940833333333333,-0.23917570233667482
0.8941666666666667,0.6175341221590747
0.89425,0.9871144348007083
0.8943333333333333,0.6090972222925921
0.8944166666666666,0.6274613129149377
0.8945,0.2086985704832956
0.8945833333333333,0.2455106853353605
0.8946666666666667,0.7242054944390423
0.89475,0.375439680892502
0.8948333333333334,0.2682359628862284
0.8949166666666667,0.3533851060228051
0.895,0.4538235467058939
0.8950833333333333,0.568648824129314
0.8951666666666667,0.1402948638184011
0.89525,0.1694960552530453
0.8953333333333333,0.25653233589409924
0.8954166666666666,0.3510560564737907
0.8955,0.7080624543136957
0.8955833333333333,0.3779124420092826
0.8956666666666667,0.025497268132996163
0.89575,-0.07915177147618321
0.8958333333333334,0.15660356617767882
0.8959166666666667,0.5359640416166442
0.896,0.6430325344393087
0.8960833333333333,0.6218231061155074
0.8961666666666667,0.21365985113777552
0.89625,-0.0089483315764077
0.8963333333333333,-0.383500357759948
0.8964166666666666,-0.8624908285578262
0.8965,-0.6981695724915258
0.8965833333333333,-0.3323280344621609
0.8966666666666666,0.22541120301925172
0.89675,0.4882530755042806
0.8968333333333334,0.38386025659669876
0.8969166666666667,0.07933593547349538
0.897,-0.5402936722134988
0.8970833333333333,-0.6133882062740815
0.8971666666666667,-0.3456051274820976
0.89725,-0.3909353544730078
0.8973333333333333,-0.2875279269896291
0.8974166666666666,-0.3794117699223708
0.8975,-1.0958355565626205
0.8975833333333333,-1.2327128268577132
0.8976666666666666,-1.1168330085018843
0.89775,-1.7840639473766455
0.8978333333333334,-1.9875937617943913
0.8979166666666667,-1.4716014331577265
0.898,-1.4433139437419558
0.8980833333333333,-1.3690261788789362
0.8981666666666667,-0.9020819012861917
0.89825,-1.2534129056300993
0.8983333333333333,-1.4335235897597431
0.8984166666666666,-0.9428506118391529
0.8985,-0.3071879969910794
0.8985833333333333,0.8494813456320364
0.8986666666666666,0.9028587525835738
0.89875,0.7155304849236048
0.8988333333333334,0.7200985690141597
0.8989166666666667,-0.04384992715902842
0.899,0.8439326383187787
0.8990833333333333,1.5718248284320375
0.8991666666666667,1.094336802071411
0.89925,1.643123385143983
0.8993333333333333,1.6361122318416335
0.8994166666666666,1.3451157074517217
0.8995,1.2777109091053909
0.8995833333333333,0.6724879775657443
0.8996666666666666,0.5995543984354609
0.89975,0.47647918234021097
0.8998333333333334,0.31463995160034425
0.8999166666666667,0.3306106670120802
0.9,-0.2767948876433046
0.9000833333333333,-0.022313537016258194
0.9001666666666667,0.5080544377250239
0.90025,0.18446906890937462
0.9003333333333333,0.47770077374547243
0.9004166666666666,0.42999447971235827
0.9005,0.05994296537758562
0.9005833333333333,0.28220840378725953
0.9006666666666666,0.08095332873027607
0.90075,0.24960106428686488
0.9008333333333334,0.5826476670674163
0.9009166666666667,0.5776291134207376
0.901,0.8455563997396256
0.9010833333333333,0.7265079670039315
0.9011666666666667,0.5715814623416147
0.90125,0.5188576602835899
0.9013333333333333,0.1315533319087403
0.9014166666666666,-0.3490556386239673
0.9015,-0.6920693356663198
0.9015833333333333,-0.7024861013765641
0.9016666666666666,-0.8041314011295838
0.90175,-0.62837745746979
0.9018333333333334,-0.2608308817356063
0.9019166666666667,-0.3954634340230392
0.902,-0.41216166848287505
0.9020833333333333,-0.6041827319413767
0.9021666666666667,-0.9824299871842637
0.90225,-1.124643827706822
0.9023333333333333,-1.056238121428013
0.9024166666666666,-0.5239350440223053
0.9025,-0.12207811090120445
0.9025833333333333,0.19157487508630827
0.9026666666666666,0.03543953665685976
0.90275,-0.3861350246264571
0.9028333333333334,-0.3163634330588579
0.9029166666666667,-0.5815445081880712
0.903,-0.4763040262897681
0.9030833333333333,-0.5641666552642447
0.9031666666666667,-0.7485540626865743
0.90325,0.021421920920385546
0.9033333333333333,0.04272204682749293
0.9034166666666666,0.18513105252378576
0.9035,0.15053515551022761
0.9035833333333333,-0.6944233375889182
0.9036666666666666,-0.10748347390919859
0.90375,0.24262008141664712
0.9038333333333334,-0.23998399358914105
0.9039166666666667,-0.08533056753527353
0.904,-0.5239470782023374
0.9040833333333333,-0.8800749705330232
0.9041666666666667,-0.8200366868409011
0.90425,-1.257947121413003
0.9043333333333333,-0.9830180265471413
0.9044166666666666,-0.7598906230899684
0.9045,-0.8053657888325269
0.9045833333333333,-0.0730908027410926
0.9046666666666666,0.20022416740630872
0.90475,0.6898283975328509
0.9048333333333334,1.3144376085559064
0.9049166666666667,1.124111410687311
0.905,1.22090243823376
0.9050833333333334,1.096701542831797
0.9051666666666667,1.0948892287244623
0.90525,1.024362622095432
0.9053333333333333,0.17307049586290668
0.9054166666666666,0.23366529213952164
0.9055,0.4465754002635479
0.9055833333333333,0.3466678477936322
0.9056666666666666,0.6073946337657948
0.90575,0.3549959468631828
0.9058333333333334,0.1872129936244683
0.9059166666666667,0.4267512833670971
0.906,0.531103249817135
0.9060833333333334,0.3114781292838195
0.9061666666666667,-0.11064691689844956
0.90625,-0.10987767491738841
0.9063333333333333,0.17581878193349273
0.9064166666666666,0.41566980445920504
0.9065,0.3636914489031183
0.9065833333333333,0.0822309408518979
0.9066666666666666,-0.013183177936020436
0.90675,0.023668187300795354
0.9068333333333334,0.1211817361894894
0.9069166666666667,0.1953561908885052
0.907,0.2601778946276528
0.9070833333333334,0.2059069474115395
0.9071666666666667,0.15247214329421954
0.90725,0.007381725275382331
0.9073333333333333,-0.25440958328325836
0.9074166666666666,0.1656322192140971
0.9075,0.30981846375681205
0.9075833333333333,0.1669443186614072
0.9076666666666666,0.42669474481956965
0.90775,-0.1473651556142165
0.9078333333333334,-0.44758456863312485
0.9079166666666667,-0.214406757869735
0.908,-0.7830114222151406
0.9080833333333334,-1.0656610634565744
0.9081666666666667,-0.8184704238806018
0.90825,-0.8258993224053732
0.9083333333333333,-0.8513843398581832
0.9084166666666667,-0.632480359513559
0.9085,-0.5964575200586212
0.9085833333333333,-0.3556904741752147
0.9086666666666666,0.0857716206017187
0.90875,-0.24409935186200601
0.9088333333333334,-0.5237012188751197
0.9089166666666667,-0.6883752389430751
0.909,-0.7277414259753066
0.9090833333333334,-0.09103174947531775
0.9091666666666667,-0.037863236225328466
0.90925,-0.05753598731063975
0.9093333333333333,0.17343879389002753
0.9094166666666667,-0.3305668591883711
0.9095,-0.30441118093767827
0.9095833333333333,0.3064254579313553
0.9096666666666666,0.46142082227316567
0.90975,0.9040866141130143
0.9098333333333334,1.2336018027203948
0.9099166666666667,0.9818186076939812
0.91,0.9714614420504631
0.9100833333333334,0.854139129341047
0.9101666666666667,0.6940831394573108
0.91025,0.773551738360775
0.9103333333333333,0.5527260011422903
0.9104166666666667,0.2954723786530307
0.9105,0.18819410516932839
0.9105833333333333,-0.08278158368710567
0.9106666666666666,-0.31205354428148696
0.91075,-0.1507191816352584
0.9108333333333334,-0.1022560743783724
0.9109166666666667,0.03855199514895167
0.911,0.6930370465477912
0.9110833333333334,0.7707401613989087
0.9111666666666667,0.6158733296100922
0.91125,0.7413876771159422
0.9113333333333333,0.29428103508197656
0.9114166666666667,0.034913415395983215
0.9115,0.4878346263751902
0.9115833333333333,0.377421112448813
0.9116666666666666,-0.02247240342786656
0.91175,0.15721382046051843
0.9118333333333334,-0.10404637452043479
0.9119166666666667,-0.5648990888635058
0.912,-0.47529667111893587
0.9120833333333334,-0.4377960056435049
0.9121666666666667,-0.36937425162128296
0.91225,-0.055149287295132694
0.9123333333333333,0.28740138604817494
0.9124166666666667,0.11095937940834959
0.9125,-0.23565942161835524
0.9125833333333333,-0.3148367545608601
0.9126666666666666,-0.5032262397253442
0.91275,-0.2769752531574635
0.9128333333333334,-0.19621146496128297
0.9129166666666667,-0.47916628019041163
0.913,-0.37061675089091867
0.9130833333333334,-0.5051613835176306
0.9131666666666667,-0.5552084320510947
0.91325,-0.38896248496527824
0.9133333333333333,-0.5393793263481664
0.9134166666666667,-0.49139389222145446
0.9135,-0.3928480001332893
0.9135833333333333,-0.4656384075223649
0.9136666666666666,-0.355101699812456
0.91375,-0.1674735538937285
0.9138333333333334,-0.005287753864189199
0.9139166666666667,0.32791339877206677
0.914,0.6045015987076148
0.9140833333333334,0.3720044030463979
0.9141666666666667,-0.15647100434783165
0.91425,-0.4280560193379677
0.9143333333333333,-0.5020090705631853
0.9144166666666667,-0.5175144632918205
0.9145,-0.43604520175805317
0.9145833333333333,-0.5857983136114192
0.9146666666666666,-0.47003226874444975
0.91475,0.15303188417247895
0.9148333333333334,0.26861328275648205
0.9149166666666667,0.15564381536456268
0.915,0.31305630315903626
0.9150833333333334,-0.11964912450354824
0.9151666666666667,-0.5266987769229974
0.91525,-0.009098728964988128
0.9153333333333333,0.13002474137367565
0.9154166666666667,0.04826267046596896
0.9155,0.41957830747119346
0.9155833333333333,0.43839777033411387
0.9156666666666666,0.4171196170538885
0.91575,0.2510345670995667
0.9158333333333334,-0.141701614338298
0.9159166666666667,-0.3931587088793952
0.916,-0.6054831021232596
0.9160833333333334,-0.12190122861662848
0.9161666666666667,0.3506834341696017
0.91625,0.4780592180646584
0.9163333333333333,1.0164606058359715
0.9164166666666667,0.9090057328633602
0.9165,0.6467600749542699
0.9165833333333333,0.474203075862921
0.9166666666666666,-0.6940878443632176
0.91675,-0.9931707908711862
0.9168333333333333,-0.8743360817050068
0.9169166666666667,-1.4246431813688718
0.917,-0.705295217542201
0.9170833333333334,-0.19677684962365233
0.9171666666666667,-0.43508462304471285
0.91725,-0.09361366979440704
0.9173333333333333,-0.4112728441388264
0.9174166666666667,-0.6744413584177814
0.9175,-0.41457621941446954
0.9175833333333333,-0.6285711748118357
0.9176666666666666,-0.6435684523289942
0.91775,-0.5472219274071285
0.9178333333333333,-0.6122188813863992
0.9179166666666667,-0.47679942440878853
0.918,-0.6626140087601783
0.9180833333333334,-0.797300034604995
0.9181666666666667,-0.6207422110949914
0.91825,-0.9441586830956558
0.9183333333333333,-0.9598204108957676
0.9184166666666667,-0.47093897496515946
0.9185,-0.10221348069697052
0.9185833333333333,0.5729012007178845
0.9186666666666666,0.7138904165504012
0.91875,0.3714412437799289
0.9188333333333333,0.5674234356492844
0.9189166666666667,0.5485210246459532
0.919,0.5946973007460554
0.9190833333333334,0.8680130435573867
0.9191666666666667,0.7197629496612462
0.91925,0.9288755219788777
0.9193333333333333,0.9986244216664903
0.9194166666666667,0.7570675422912392
0.9195,0.7712825788062472
0.9195833333333333,0.26367004861799737
0.9196666666666666,0.08603710335743979
0.91975,0.6434077752994859
0.9198333333333333,0.783387414758795
0.9199166666666667,0.7025979887770006
0.92,0.9104792302244374
0.9200833333333334,0.7581273654195838
0.9201666666666667,0.30663426903857544
0.92025,0.27604563241430186
0.9203333333333333,-0.05393622380979584
0.9204166666666667,-0.03882570007766361
0.9205,0.4026671000279428
0.9205833333333333,0.11550050514346841
0.9206666666666666,0.045980822490360895
0.92075,-0.12437148369792696
0.9208333333333333,-0.4118409654244336
0.9209166666666667,-0.14013588343641628
0.921,0.041252775752269204
0.9210833333333334,-0.009558996181950063
0.9211666666666667,-0.3315556632561795
0.92125,-0.33801896431489536
0.9213333333333333,-0.07541525843118092
0.9214166666666667,0.12600021066680417
0.9215,0.25288401721959536
0.9215833333333333,-0.005766034606447828
0.9216666666666666,-0.08497252488844258
0.92175,-0.04963830896578376
0.9218333333333333,0.2842848202440977
0.9219166666666667,0.3653372951164395
0.922,-0.25940637035458053
0.9220833333333334,-0.09384791184253581
0.9221666666666667,0.1745635469246178
0.92225,0.1270707347146812
0.9223333333333333,0.2774073639523377
0.9224166666666667,0.12846718885655722
0.9225,0.22907722291440688
0.9225833333333333,0.6555669539643559
0.9226666666666666,1.0011393896847016
0.92275,1.0783929267452974
0.9228333333333333,0.7072845599621377
0.9229166666666667,0.4189756518131347
0.923,0.39959145593590245
0.9230833333333334,0.2828430749346661
0.9231666666666667,0.12791371187212108
0.92325,0.021279034262317035
0.9233333333333333,-0.09921338281443164
0.9234166666666667,-0.22231253969048448
0.9235,-0.38130502609212896
0.9235833333333333,-0.23059957575724263
0.9236666666666666,-0.179045121610789
0.92375,-0.2384474238402926
0.9238333333333333,0.3732706594280917
0.9239166666666667,0.4974708941455723
0.924,0.20577305570344762
0.9240833333333334,0.2952086613324861
0.9241666666666667,0.1465293599283637
0.92425,0.11887807284126259
0.9243333333333333,0.027426766551119756
0.9244166666666667,-0.11500611493097325
0.9245,-0.19290486108444058
0.9245833333333333,-0.2449288054550126
0.9246666666666666,0.2835143284203063
0.92475,0.29037344826095207
0.9248333333333333,0.06592633976570601
0.9249166666666667,0.42967716422599306
0.925,0.32549005089731237
0.9250833333333334,0.07305269487955743
0.9251666666666667,0.02856805920054881
0.92525,-0.23895062364041614
0.9253333333333333,-0.23063497105669684
0.9254166666666667,0.01312789894374913
0.9255,-0.308581992148635
0.9255833333333333,-0.40382712417275063
0.9256666666666666,-0.18797663087813613
0.92575,-0.4381431117883406
0.9258333333333333,-0.30454941897363935
0.9259166666666667,-0.28440707291844286
0.926,-0.4860472403966936
0.9260833333333334,-0.3195819939865111
0.9261666666666667,-0.5743345675156958
0.92625,-0.5567276327804578
0.9263333333333333,-0.10876876867335124
0.9264166666666667,-0.162912203787721
0.9265,-0.23143928199680514
0.9265833333333333,-0.15224054440306273
0.9266666666666666,-0.4405098318767381
0.92675,-0.537122932401855
0.9268333333333333,-0.356640717756735
0.9269166666666667,-0.5487741460837385
0.927,-0.4743100933742711
0.9270833333333334,-0.34107088188291634
0.9271666666666667,-0.4270036931962428
0.92725,-0.2743505208815354
0.9273333333333333,-0.47201316239629376
0.9274166666666667,-0.6265840485495596
0.9275,-0.6745002827785361
0.9275833333333333,-0.7812925918454857
0.9276666666666666,-0.331851123864974
0.92775,-0.1279163653238481
0.9278333333333333,-0.04420185105835877
0.9279166666666666,0.3415785666689762
0.928,0.32922880594935405
0.9280833333333334,0.27961703978772795
0.9281666666666667,0.3846538736529028
0.92825,0.41490252039462266
0.9283333333333333,0.4898800996477296
0.9284166666666667,0.589826301692728
0.9285,0.46513836692822574
0.9285833333333333,0.13460102242613184
0.9286666666666666,0.09344645684928192
0.92875,0.15806711278920657
0.9288333333333333,0.31899680283482473
0.9289166666666666,0.5261098124617053
0.929,0.3124075355227333
0.9290833333333334,0.2706739229126107
0.9291666666666667,0.10800832794808227
0.92925,-0.17668254721626275
0.9293333333333333,0.10704579306637511
0.9294166666666667,-0.009148741260687912
0.9295,0.004582551149298797
0.9295833333333333,0.38355757626146153
0.9296666666666666,0.08957748612312923
0.92975,-0.01315624383539669
0.9298333333333333,-0.15913664133346514
0.9299166666666666,-0.40459268740619725
0.93,-0.14104752985488453
0.9300833333333334,-0.2915760990535205
0.9301666666666667,-0.19230136249907054
0.93025,0.11170922354271805
0.9303333333333333,-0.14296106316952012
0.9304166666666667,0.13877266868007476
0.9305,0.05563327400045299
0.9305833333333333,-0.6712495594956329
0.9306666666666666,-0.6934689105838816
0.93075,-0.7751813347035569
0.9308333333333333,-0.6247038368402953
0.9309166666666666,0.006237471144675146
0.931,-0.12941622792629942
0.9310833333333334,-0.25816669889914395
0.9311666666666667,-0.22754468294757152
0.93125,-0.5857782222584801
0.9313333333333333,-0.37883979857540084
0.9314166666666667,-0.37960421771499697
0.9315,-0.5776254166249613
0.9315833333333333,0.11170785287315695
0.9316666666666666,0.25240029730334784
0.93175,0.3246574769389236
0.9318333333333333,0.8834504074555827
0.9319166666666666,0.6313472235938946
0.932,0.5365321185212607
0.9320833333333334,0.7220641874640987
0.9321666666666667,0.5587574542930369
0.93225,0.5905314623105337
0.9323333333333333,0.5752517342835638
0.9324166666666667,0.3596577292708074
0.9325,0.23279900001308398
0.9325833333333333,0.28683700057837386
0.9326666666666666,0.2590764767821328
0.93275,-0.06660285077968206
0.9328333333333333,-0.3872515249490427
0.9329166666666666,-0.6757813388286494
0.933,-0.6581601031585395
0.9330833333333334,-0.11202692627734649
0.9331666666666667,0.2086311547748589
0.93325,0.2968029555912279
0.9333333333333333,0.1767877670365642
0.9334166666666667,-0.2921054092837783
0.9335,-0.4515059152256284
0.9335833333333333,-0.7646601399214584
0.9336666666666666,-1.026725731738143
0.93375,-0.4300827022761717
0.9338333333333333,0.019455043805053116
0.9339166666666666,-0.032801007664625216
0.934,-0.1335724507889015
0.9340833333333334,-0.20100520606765832
0.9341666666666667,-0.39690642910209867
0.93425,-0.5510583667851413
0.9343333333333333,-0.04941474086961515
0.9344166666666667,0.3124568280887334
0.9345,0.3509159509387488
0.9345833333333333,0.6964226331030025
0.9346666666666666,0.8051673006031467
0.93475,0.6446285452441088
0.9348333333333333,0.3172936914691439
0.9349166666666666,0.1671118229594494
0.935,0.08065950097819398
0.9350833333333334,-0.16559158552825093
0.9351666666666667,0.2825956017374124
0.93525,0.49596328961105535
0.9353333333333333,0.0850247358856329
0.9354166666666667,0.144372095684281
0.9355,0.4256897129309958
0.9355833333333333,0.45315659334375147
0.9356666666666666,0.29090767141914703
0.93575,0.32391649789085936
0.9358333333333333,0.29097800542522195
0.9359166666666666,0.14143767325676976
0.936,0.23188098849980213
0.9360833333333334,0.0056865704812685035
0.9361666666666667,-0.11971642440478023
0.93625,0.0996423403815411
0.9363333333333334,-0.014873704801976691
0.9364166666666667,0.045312982870999004
0.9365,0.04305201575008695
0.9365833333333333,-0.14419924774496257
0.9366666666666666,0.08165737662646297
0.93675,-0.11879015612960347
0.9368333333333333,-0.26647556779744924
0.9369166666666666,0.11222777427588825
0.937,0.17206819404407728
0.9370833333333334,0.4664579976488672
0.9371666666666667,0.8508393698580011
0.93725,0.829338486192375
0.9373333333333334,0.6437671212170641
0.9374166666666667,0.2675043710526929
0.9375,-0.22905478289907316
0.9375833333333333,-0.40781753302934437
0.9376666666666666,0.09164498020110158
0.93775,0.20980980613002803
0.9378333333333333,0.015355966500948542
0.9379166666666666,-0.03801731146857993
0.938,-0.6002861789313703
0.9380833333333334,-0.7386739341325902
0.9381666666666667,-0.5917987617173884
0.93825,-0.5198206715776109
0.9383333333333334,-0.07768800083747478
0.9384166666666667,0.2739119267803043
0.9385,0.6469199525488651
0.9385833333333333,0.5855556064859626
0.9386666666666666,0.01660115875244599
0.93875,-0.36855272090676794
0.9388333333333333,-0.606493742577319
0.9389166666666666,-0.6825149065057762
0.939,-0.3831358398500139
0.9390833333333334,-0.04150325574723008
0.9391666666666667,-0.12957099759385426
0.93925,-0.1272675621127785
0.9393333333333334,-0.33248713575491484
0.9394166666666667,-0.6006872775114557
0.9395,-0.35918745777114686
0.9395833333333333,-0.38052190117134727
0.9396666666666667,-0.34222100011065776
0.93975,-0.19804009474930723
0.9398333333333333,-0.1663799197633879
0.9399166666666666,-0.10939183448928752
0.94,-0.09190101060513103
0.9400833333333334,-0.08306324669956106
0.9401666666666667,-0.32074425322097955
0.94025,-0.179875147098794
0.9403333333333334,-0.10198976524343027
0.9404166666666667,-0.30107498639506464
0.9405,-0.055734924650783176
0.9405833333333333,0.003072398546966369
0.9406666666666667,0.08014126198844843
0.94075,0.06038736788263546
0.9408333333333333,-0.005857960922777738
0.9409166666666666,0.6675931708140986
0.941,0.949504903551456
0.9410833333333334,0.5370801477306314
0.9411666666666667,0.5814448771613209
0.94125,0.6097942465905355
0.9413333333333334,0.22625954219963895
0.9414166666666667,0.2648114120537493
0.9415,-0.14377146689863235
0.9415833333333333,-0.783401192824661
0.9416666666666667,-0.2713381467300025
0.94175,0.01775817437981132
0.9418333333333333,0.04504147041651021
0.9419166666666666,0.19873074162597476
0.942,0.0035859932051837008
0.9420833333333334,0.1552097588114667
0.9421666666666667,0.0015864292565042318
0.94225,-0.2318140274427525
0.9423333333333334,0.20579752235895418
0.9424166666666667,0.2932947842772831
0.9425,0.37518319896603464
0.9425833333333333,0.7451578323070995
0.9426666666666667,0.35916948552437367
0.94275,-0.017128574899253846
0.9428333333333333,-0.009050391702573702
0.9429166666666666,-0.3567876808317774
0.943,-0.2949837673772166
0.9430833333333334,-0.05523928491252077
0.9431666666666667,-0.027500492957867138
0.94325,0.032482304089123434
0.9433333333333334,-0.05809738582517957
0.9434166666666667,-0.19364131836317244
0.9435,-0.5206698775850682
0.9435833333333333,-0.4332776002667941
0.9436666666666667,-0.3164376141130977
0.94375,-0.24523920880888397
0.9438333333333333,0.27717973581383176
0.9439166666666666,-0.02687825691632278
0.944,-0.2840768721861945
0.9440833333333334,-0.24837766125490487
0.9441666666666667,-0.6992652749100302
0.94425,-0.5026679478876499
0.9443333333333334,-0.13462023422396413
0.9444166666666667,-0.0909881492836186
0.9445,-0.06061009602374487
0.9445833333333333,-0.12100382337585175
0.9446666666666667,0.11543590216633441
0.94475,0.3494243403104749
0.9448333333333333,0.17641765700988515
0.9449166666666666,0.22436208116829326
0.945,0.305756059381691
0.9450833333333334,-0.16515499202686001
0.9451666666666667,-0.27699112488436856
0.94525,-0.2680081244510986
0.9453333333333334,-0.7843336171397067
0.9454166666666667,-0.6587761337445714
0.9455,-0.3676672704409176
0.9455833333333333,-0.6451291499769988
0.9456666666666667,-0.4523359426944672
0.94575,-0.2512506867487954
0.9458333333333333,-0.6520055656005659
0.9459166666666666,-0.8273343588455794
0.946,-0.6890948901854742
0.9460833333333334,-0.38353548019124534
0.9461666666666667,0.11944410262982648
0.94625,0.3027088796459975
0.9463333333333334,0.16745249490628034
0.9464166666666667,0.2679712621204088
0.9465,0.3291139491485029
0.9465833333333333,-0.07577399705404152
0.9466666666666667,-0.531083577181707
0.94675,-0.7712674425517088
0.9468333333333333,-0.5946802341455224
0.9469166666666666,-0.02011470280452843
0.947,0.23628857521808505
0.9470833333333334,0.2215274342698353
0.9471666666666667,0.346293136731518
0.94725,0.5437391626689007
0.9473333333333334,0.6341689298268806
0.9474166666666667,0.42732175855146637
0.9475,0.3102280637027229
0.9475833333333333,0.5369676558295857
0.9476666666666667,0.8359520690634088
0.94775,0.9080908981683667
0.9478333333333333,0.6313670053145799
0.9479166666666666,0.2725465146292416
0.948,-0.00774791566126862
0.9480833333333333,0.0565444877958387
0.9481666666666667,0.2573718835176292
0.94825,0.29797865722450334
0.9483333333333334,0.518955149490494
0.9484166666666667,0.6451382872559454
0.9485,0.5086748762783672
0.9485833333333333,0.21808313590539047
0.9486666666666667,-0.09767523037567137
0.94875,-0.24077009758398701
0.9488333333333333,0.08976767794009449
0.9489166666666666,0.6537658595860795
0.949,0.467089548310166
0.9490833333333333,0.2739155597949404
0.9491666666666667,0.12171385122094514
0.94925,-0.24261838268830724
0.9493333333333334,0.12094059634186986
0.9494166666666667,0.2634436694020215
0.9495,0.08311595415287314
0.9495833333333333,0.11706811987400416
0.9496666666666667,0.13641748132998277
0.94975,0.1652766054486236
0.9498333333333333,0.06753904492540876
0.9499166666666666,-0.004980195546965982
0.95,-0.16876611753885756
0.9500833333333333,0.09845598146350679
0.9501666666666667,0.6217590758235292
0.95025,0.35789083037435754
0.9503333333333334,-0.28946353132100183
0.9504166666666667,-0.6096094559931201
0.9505,-0.5831122177684313
0.9505833333333333,-0.6163769105881256
0.9506666666666667,-0.46224223117234936
0.95075,-0.27374268606986263
0.9508333333333333,-0.33375477536637926
0.9509166666666666,-0.05696106607597808
0.951,0.29110382075701086
0.9510833333333333,0.20990154066190023
0.9511666666666667,-0.1987232834982185
0.95125,-0.38321497659005305
0.9513333333333334,-0.2632805017572675
0.9514166666666667,0.10699127704488949
0.9515,0.5343840086242111
0.9515833333333333,0.24885103081915558
0.9516666666666667,0.02343327440351505
0.95175,0.09573393044668797
0.9518333333333333,-0.00221745127347267
0.9519166666666666,0.14257983385759393
0.952,0.07230978723343724
0.9520833333333333,-0.20685825569809346
0.9521666666666667,-0.2105419670213986
0.95225,0.098257178520291
0.9523333333333334,0.36394763784569534
0.9524166666666667,0.24733290866132382
0.9525,0.22017886466555736
0.9525833333333333,0.3900339323287203
0.9526666666666667,0.32213593485988884
0.95275,-0.053408273799356996
0.9528333333333333,-0.1898014815539612
0.9529166666666666,-0.11404661416117153
0.953,0.06499592443456297
0.9530833333333333,0.33609853807124185
0.9531666666666667,0.10639763293664897
0.95325,-0.1024124314965358
0.9533333333333334,-0.15656457014952416
0.9534166666666667,-0.11425212090576646
0.9535,0.20725009761121532
0.9535833333333333,0.07992214604893065
0.9536666666666667,0.13816155006881373
0.95375,0.4497869166918276
0.9538333333333333,0.23740389382769014
0.9539166666666666,0.1265990499715302
0.954,0.022253366846869117
0.9540833333333333,-0.33902351392919444
0.9541666666666667,-0.2664129374544945
0.95425,-0.07406930831101483
0.9543333333333334,-0.36145366882370306
0.9544166666666667,-0.36981349804402225
0.9545,-0.19960245520499037
0.9545833333333333,-0.17109647299972558
0.9546666666666667,0.01666056006009575
0.95475,-0.01555394033185491
0.9548333333333333,0.18213188561978141
0.9549166666666666,0.13690314411187873
0.955,-0.15827718652790068
0.9550833333333333,0.04769097161865257
0.9551666666666667,-0.3400706318745624
0.95525,-0.5600259870136881
0.9553333333333334,-0.49875598154293005
0.9554166666666667,-0.6806866620961554
0.9555,-0.28162642018969464
0.9555833333333333,-0.2294663583785247
0.9556666666666667,-0.3398051333684837
0.95575,-0.3512416697436376
0.9558333333333333,-0.6823743874572136
0.9559166666666666,-0.5109226086286913
0.956,-0.009264505823032742
0.9560833333333333,0.20718592702421434
0.9561666666666667,0.06317301571436744
0.95625,0.01565606037010506
0.9563333333333334,0.14693153968110945
0.9564166666666667,0.14336369386063175
0.9565,0.2950271294272942
0.9565833333333333,0.3439015675404144
0.9566666666666667,0.23093237821496865
0.95675,0.45641259279715174
0.9568333333333333,0.782524148067074
0.9569166666666666,0.9069947494351486
0.957,0.6480935880257852
0.9570833333333333,0.29009540707173365
0.9571666666666667,0.4179108334961132
0.95725,0.3834454409628864
0.9573333333333334,0.11724667826916811
0.9574166666666667,0.18116099898190235
0.9575,0.041115618851452096
0.9575833333333333,-0.2619707823158582
0.9576666666666667,-0.19034085690348218
0.95775,0.043809587164509854
0.9578333333333333,-0.15242544148907156
0.9579166666666666,-0.3019683106305752
0.958,-0.23313014578132343
0.9580833333333333,-0.6784372783152471
0.9581666666666667,-0.6068923353341126
0.95825,-0.12980906545782955
0.9583333333333334,-0.12386682811540121
0.9584166666666667,-0.11500710405983952
0.9585,-0.18793509868311234
0.9585833333333333,0.04262327863777831
0.9586666666666667,-0.06953114831449837
0.95875,-0.5120853493717029
0.9588333333333333,-0.1358926833520263
0.9589166666666666,0.16380921427264192
0.959,0.39548690373938816
0.9590833333333333,0.46701225139868713
0.9591666666666666,-0.005248268325876447
0.95925,-0.19034224363633623
0.9593333333333334,-0.1620360702199266
0.9594166666666667,-0.09365411425554303
0.9595,-0.053898042981014235
0.9595833333333333,-0.0543839529183306
0.9596666666666667,-0.0713613772867113
0.95975,-0.09561450547963976
0.9598333333333333,0.05644170139457217
0.9599166666666666,0.07453331228240316
0.96,0.05780764254646332
0.9600833333333333,0.07492152111685936
0.9601666666666666,0.011194354899990006
0.96025,0.1490056739717466
0.9603333333333334,0.3110623726849043
0.9604166666666667,0.2628188196414728
0.9605,0.11012744988284129
0.9605833333333333,-0.20970447576499995
0.9606666666666667,-0.3403873889278864
0.96075,-0.03803347827979538
0.9608333333333333,-0.04732330843109558
0.9609166666666666,-0.06567819018048704
0.961,0.1482315095462326
0.9610833333333333,0.011542488260064562
0.9611666666666666,0.010245419890092235
0.96125,0.012046694865080854
0.9613333333333334,-0.09144175599990785
0.9614166666666667,-0.017696875176839242
0.9615,-0.07312114340984623
0.9615833333333333,-0.08695650111261215
0.9616666666666667,-0.24613045160137753
0.96175,-0.5589128666349287
0.9618333333333333,-0.5936692526928616
0.9619166666666666,-0.47263320584092516
0.962,-0.366132941739237
0.9620833333333333,-0.3349704438543694
0.9621666666666666,-0.12959712450144564
0.96225,-0.04030285797886466
0.9623333333333334,-0.3512007455957312
0.9624166666666667,-0.19935549268657232
0.9625,0.048028994332383244
0.9625833333333333,-0.1828681729385382
0.9626666666666667,-0.17039878809679793
0.96275,-0.26224962519463
0.9628333333333333,-0.3698243858138924
0.9629166666666666,-0.14187980957274154
0.963,-0.15489775059383015
0.9630833333333333,0.004590395123164216
0.9631666666666666,0.1996873539411174
0.96325,0.15896717342678315
0.9633333333333334,0.1674727559422412
0.9634166666666667,0.026638459366075406
0.9635,0.04826192771859008
0.9635833333333333,0.278237197877847
0.9636666666666667,0.3984027873128327
0.96375,0.07303627734755734
0.9638333333333333,-0.32480252811909066
0.9639166666666666,-0.1394217713850551
0.964,0.027391673314881498
0.9640833333333333,0.24739054541453057
0.9641666666666666,0.47026974521760473
0.96425,0.17924131113770453
0.9643333333333334,0.07401205033748011
0.9644166666666667,0.14455827399260612
0.9645,-0.0373082210147691
0.9645833333333333,-0.030279844440461143
0.9646666666666667,0.21240392284424986
0.96475,0.31525196714918635
0.9648333333333333,0.48826129333681784
0.9649166666666666,0.6995959029936288
0.965,0.5845169863865597
0.9650833333333333,0.3499422798210627
0.9651666666666666,0.14913216077296232
0.96525,-0.030715248133607678
0.9653333333333334,-0.01455342626941089
0.9654166666666667,0.33686706196480515
0.9655,0.49158883523668084
0.9655833333333333,0.5895495585701295
0.9656666666666667,0.6737811196650794
0.96575,0.1946963260507414
0.9658333333333333,0.16116567565162188
0.9659166666666666,-0.025586048603292885
0.966,-0.3815194351630925
0.9660833333333333,0.3023913047115013
0.9661666666666666,0.4336293546270606
0.96625,0.2030410513437554
0.9663333333333334,0.26804058858344776
0.9664166666666667,-0.14233066327092678
0.9665,-0.3153236521430614
0.9665833333333333,-0.29635762737661886
0.9666666666666667,-0.39520164632969057
0.96675,-0.05106696579157035
0.9668333333333333,0.1042890002638298
0.9669166666666666,-0.12074159070807151
0.967,0.10349661055737362
0.9670833333333333,0.012685464816548243
0.9671666666666666,-0.3352758006135776
0.96725,-0.08463548143831777
0.9673333333333334,-0.12550723222405008
0.9674166666666667,-0.23164898169304088
0.9675,-0.00542408183278661
0.9675833333333334,-0.2398331534523499
0.9676666666666667,-0.422432886191018
0.96775,-0.2826654505175396
0.9678333333333333,-0.20127672121445597
0.9679166666666666,0.145989786151245
0.968,0.1940112528340149
0.9680833333333333,-0.052174091432963525
0.9681666666666666,-0.015058585993730288
0.96825,-0.32835498243530187
0.9683333333333334,-0.2083744789440916
0.9684166666666667,0.14264349710527874
0.9685,-0.1648499294920956
0.9685833333333334,0.43750666739658073
0.9686666666666667,0.8206633004584561
0.96875,0.314050604463785
0.9688333333333333,0.5118167697053515
0.9689166666666666,0.2713899949248887
0.969,0.029695665628656977
0.9690833333333333,0.4362042386120938
0.9691666666666666,0.4746704320009022
0.96925,0.6177359279676581
0.9693333333333334,0.5565949541754902
0.9694166666666667,0.47556430745091166
0.9695,0.813888801620986
0.9695833333333334,0.6261017010987432
0.9696666666666667,-0.0015730007565852677
0.96975,-0.28151520713455375
0.9698333333333333,-0.10113186804297593
0.9699166666666666,-0.04814456762101429
0.97,-0.012343785925058363
0.9700833333333333,-0.021191144726615808
0.9701666666666666,-0.36867612003246986
0.97025,-0.5212503024181854
0.9703333333333334,-0.6586861994241775
0.9704166666666667,-0.7951185660092985
0.9705,-1.1493311133142945
0.9705833333333334,-1.3523299347306579
0.9706666666666667,-0.7550944585861549
0.97075,-0.862769028135164
0.9708333333333333,-0.9085564339385702
0.9709166666666667,-0.06577931360165239
0.971,-0.26928775892060697
0.9710833333333333,-0.7521757698360302
0.9711666666666666,-0.5502208932175879
0.97125,-0.7183520689580455
0.9713333333333334,-0.6661800949872411
0.9714166666666667,-0.12693011003381305
0.9715,-0.016605003060736884
0.9715833333333334,0.09787093367080174
0.9716666666666667,0.12008201263547934
0.97175,-0.030334772040387
0.9718333333333333,0.1658872712470657
0.9719166666666667,0.17596213782705114
0.972,0.4431058334032982
0.9720833333333333,0.761730103983374
0.9721666666666666,0.4496033084247862
0.97225,0.4178861859596482
0.9723333333333334,0.566562186643241
0.9724166666666667,0.35853229012506693
0.9725,0.1018812730463776
0.9725833333333334,0.07130238084396112
0.9726666666666667,0.05525220762888306
0.97275,0.31267939873674006
0.9728333333333333,0.7033130258785756
0.9729166666666667,0.572901654015695
0.973,0.5830560981627716
0.9730833333333333,0.5339159942447341
0.9731666666666666,0.2813574878830182
0.97325,0.33599487234740927
0.9733333333333334,0.35454792207820635
0.9734166666666667,0.2527801970768128
0.9735,0.022934003970316825
0.9735833333333334,-0.031194868297385523
0.9736666666666667,-0.08202802792758003
0.97375,-0.28938662733579057
0.9738333333333333,-0.2871491298662931
0.9739166666666667,-0.27992825694656726
0.974,-0.5494205926580736
0.9740833333333333,-0.6731723199377863
0.9741666666666666,-0.0260872066309815
0.97425,-0.040077494795518025
0.9743333333333334,-0.6512958282875749
0.9744166666666667,-0.5661111052996173
0.9745,-0.7073346693551923
0.9745833333333334,-0.37017533501925143
0.9746666666666667,0.031472617987672015
0.97475,-0.5812151235325201
0.9748333333333333,-0.6706885302077176
0.9749166666666667,-0.6278309428190767
0.975,-0.6303520104231779
0.9750833333333333,-0.061622664922466173
0.9751666666666666,-0.32454142358599997
0.97525,-0.6832740921105842
0.9753333333333334,-0.08862600752122854
0.9754166666666667,-0.10332197494552255
0.9755,-0.44368135319239127
0.9755833333333334,-0.576012268332836
0.9756666666666667,-0.7523277535131573
0.97575,-0.35400203958663967
0.9758333333333333,-0.34281492081731074
0.9759166666666667,-0.5196695361660782
0.976,-0.15080640163942977
0.9760833333333333,-0.21767439977983088
0.9761666666666666,-0.09437437918598895
0.97625,0.22488814318479963
0.9763333333333334,-0.004603839788004281
0.9764166666666667,-0.1783217624330877
0.9765,-0.08519880291150458
0.9765833333333334,-0.12278601571514035
0.9766666666666667,-0.23234980707435096
0.97675,-0.00506294178209286
0.9768333333333333,-0.0842745934913653
0.9769166666666667,-0.2007375145598876
0.977,0.16072358572241374
0.9770833333333333,0.486241741650778
0.9771666666666666,1.049664666946438
0.97725,0.8813523472345002
0.9773333333333334,0.35848068545155676
0.9774166666666667,0.7649022332482821
0.9775,0.627821763376625
0.9775833333333334,0.32189557461233903
0.9776666666666667,0.7804597774526284
0.97775,0.9368033540716397
0.9778333333333333,1.0085431068714987
0.9779166666666667,1.1105253614887383
0.978,0.7248964260812993
0.9780833333333333,0.4673875626057625
0.9781666666666666,0.5910665114866431
0.97825,0.9430579130020706
0.9783333333333334,0.9648765873559665
0.9784166666666667,0.5371789624796586
0.9785,0.4918414022554969
0.9785833333333334,0.3487540608646501
0.9786666666666667,0.05652535702347756
0.97875,-0.19787811323053878
0.9788333333333333,-0.2809882956905622
0.9789166666666667,0.24982259289171452
0.979,0.40535367633755576
0.9790833333333333,0.3694772727286032
0.9791666666666666,0.2370718678884674
0.97925,-0.4705687477701645
0.9793333333333333,-0.7823457719199999
0.9794166666666667,-0.5312680950900207
0.9795,-0.19023910295108015
0.9795833333333334,-0.09936739421432776
0.9796666666666667,-0.08973711590990595
0.97975,0.018657770003182816
0.9798333333333333,-0.22857795177694684
0.9799166666666667,-0.5063964424673786
0.98,-0.4406144052103029
0.9800833333333333,-0.7445016565377206
0.9801666666666666,-1.0816543565631553
0.98025,-0.4504180636596438
0.9803333333333333,-0.0555367354429126
0.9804166666666667,-0.19973384983061318
0.9805,-0.031819780301452015
0.9805833333333334,-0.30261219180531856
0.9806666666666667,-0.5013493326986871
0.98075,0.011751744139217275
0.9808333333333333,0.07334126105093762
0.9809166666666667,-0.19757927805916112
0.981,0.015456373760036394
0.9810833333333333,0.11846035013636828
0.9811666666666666,0.14185335257079695
0.98125,0.20072959623103107
0.9813333333333333,-0.18403709906757995
0.9814166666666667,-0.0833186883047281
0.9815,0.37003789859354547
0.9815833333333334,0.5145927237487717
0.9816666666666667,0.809822696341048
0.98175,0.9174190297764667
0.9818333333333333,0.784870446969031
0.9819166666666667,0.6874888334642918
0.982,0.576563841259571
0.9820833333333333,0.26469004236209237
0.9821666666666666,0.060003541317912266
0.98225,0.31936654983979756
0.9823333333333333,0.4883067010692738
0.9824166666666667,0.6064007217513054
0.9825,0.4050465539648376
0.9825833333333334,-0.18689400121647198
0.9826666666666667,-0.40281769348554713
0.98275,-0.4764667268227854
0.9828333333333333,-0.5259311563149559
0.9829166666666667,-0.23183499974920727
0.983,0.07894146628302535
0.9830833333333333,-0.02250376126157305
0.9831666666666666,-0.13302723404662437
0.98325,-0.29817518346510535
0.9833333333333333,-0.4298820338638879
0.9834166666666667,-0.12382616465935678
0.9835,-0.11806843312331922
0.9835833333333334,-0.09608266797056249
0.9836666666666667,-0.10044118877825169
0.98375,-0.3565793162214625
0.9838333333333333,-0.12603045012681013
0.9839166666666667,-0.05058475455084004
0.984,-0.22430518589067786
0.9840833333333333,-0.12872836120446104
0.9841666666666666,0.2203597950220426
0.98425,0.242401120249293
0.9843333333333333,-0.00976821964863683
0.9844166666666667,0.2975662990933803
0.9845,0.1365171991142266
0.9845833333333334,-0.3163196538260772
0.9846666666666667,-0.0837720321227753
0.98475,-0.2496670763944902
0.9848333333333333,-0.3923371945153533
0.9849166666666667,0.07043803258579968
0.985,0.06090099916589229
0.9850833333333333,-0.051206964524781566
0.9851666666666666,0.12093940568553155
0.98525,0.3650817448236468
0.9853333333333333,0.8938981884019791
0.9854166666666667,0.5862751332827852
0.9855,-0.208685125129328
0.9855833333333334,-0.26356038523764275
0.9856666666666667,-0.5152820120519149
0.98575,-0.6289348360216174
0.9858333333333333,-0.08972900890537829
0.9859166666666667,0.333844320457927
0.986,0.5750684855809386
0.9860833333333333,0.4456245840766573
0.9861666666666666,-0.11215438102773383
0.98625,-0.6055826102281923
0.9863333333333333,-0.7940137764506278
0.9864166666666667,-0.7809652312755151
0.9865,-0.33261675728486534
0.9865833333333334,0.11907219608225568
0.9866666666666667,-0.29367138909727264
0.98675,-0.16142243188953273
0.9868333333333333,0.2632605171654029
0.9869166666666667,-0.472875557702334
0.987,-0.39966819331540765
0.9870833333333333,-0.034258876468063804
0.9871666666666666,-0.4399966886730921
0.98725,0.04919131683090478
0.9873333333333333,0.34936251370249294
0.9874166666666667,-0.09411445056185172
0.9875,-0.34526621558817805
0.9875833333333334,-0.46406701017973256
0.9876666666666667,-0.11532407466694496
0.98775,0.33295855434175975
0.9878333333333333,0.4883661345973723
0.9879166666666667,0.5470331898016564
0.988,0.09522155237657637
0.9880833333333333,-0.37578054533612043
0.9881666666666666,-0.01602442592329863
0.98825,0.20478461762410413
0.9883333333333333,0.03022916316184462
0.9884166666666667,-0.03587214968340397
0.9885,-0.3071245736034536
0.9885833333333334,-0.3600173362160918
0.9886666666666667,-0.24522518247416533
0.98875,-0.4413970059582751
0.9888333333333333,-0.44971264538840966
0.9889166666666667,-0.23139464606182325
0.989,-0.18947008440965846
0.9890833333333333,0.0537686809682018
0.9891666666666666,0.3151334854219842
0.98925,0.04011273559299098
0.9893333333333333,-0.17979485865577347
0.9894166666666667,-0.1414534443668345
0.9895,-0.012435876390895696
0.9895833333333334,0.1928249344670699
0.9896666666666667,0.20985964499015206
0.98975,-0.04419042953481071
0.9898333333333333,-0.08829062481087628
0.9899166666666667,0.3467489614204567
0.99,0.4091221087016318
0.9900833333333333,0.3923407517282254
0.9901666666666666,0.48006296756902195
0.99025,0.13000427593952524
0.9903333333333333,0.1856340573473066
0.9904166666666666,0.11375205055689402
0.9905,-0.19604274843143585
0.9905833333333334,0.10105152809860544
0.9906666666666667,0.23747189862567653
0.99075,0.28866498399503693
0.9908333333333333,0.30411108291491384
0.9909166666666667,-0.1564575430947967
0.991,-0.5977030812162193
0.9910833333333333,-0.7077488058119027
0.9911666666666666,-0.6873605663678997
0.99125,-0.39757122760071634
0.9913333333333333,0.0979516943295303
0.9914166666666666,0.19429602864364515
0.9915,0.15769783803883658
0.9915833333333334,-0.050885119750656474
0.9916666666666667,-0.4845363623577401
0.99175,-0.4982539340577174
0.9918333333333333,-0.2810170503438338
0.9919166666666667,-0.19007959218436454
0.992,-0.18751607085600858
0.9920833333333333,-0.050951063246814976
0.9921666666666666,-0.18836615705700493
0.99225,-0.4854245737994655
0.9923333333333333,-0.28396256903761835
0.9924166666666666,0.019247838894380743
0.9925,0.2469692380945353
0.9925833333333334,0.27222371997230643
0.9926666666666667,0.3515447396781232
0.99275,0.5354974750038438
0.9928333333333333,0.3796798746007544
0.9929166666666667,0.33597737668625977
0.993,0.04845121288747988
0.9930833333333333,-0.3230366225582679
0.9931666666666666,0.07303128013297477
0.99325,0.3939539239247491
0.9933333333333333,0.6228683125908271
0.9934166666666666,0.8191093328282337
0.9935,0.16410178161943764
0.9935833333333334,0.046419635704011336
0.9936666666666667,0.47205682076387073
0.99375,0.3287715340821331
0.9938333333333333,0.700195069765868
0.9939166666666667,0.6478331923861113
0.994,0.18035285670001078
0.9940833333333333,0.5787613414158443
0.9941666666666666,0.5046794612130291
0.99425,0.31142958518338326
0.9943333333333333,0.26149612030644065
0.9944166666666666,-0.13703556749799092
0.9945,0.08636045292408659
0.9945833333333334,0.3602221748574643
0.9946666666666667,0.25674518626926185
0.99475,0.29904189964383665
0.9948333333333333,0.2128095245244785
0.9949166666666667,0.07756189178970443
0.995,0.11007179733775779
0.9950833333333333,0.10652957965138789
0.9951666666666666,0.04613820165140094
0.99525,-0.08859898153798264
0.9953333333333333,-0.2164383701659031
0.9954166666666666,-0.15601123772703518
0.9955,-0.21568443925448225
0.9955833333333334,-0.28428919252257573
0.9956666666666667,-0.1877330514394394
0.99575,-0.26451618608325006
0.9958333333333333,-0.26632165825381204
0.9959166666666667,-0.31172818884472797
0.996,-0.44650263250191286
0.9960833333333333,-0.263511691150964
0.9961666666666666,-0.10737314434095287
0.99625,-0.056213821946477956
0.9963333333333333,-0.11682147653522353
0.9964166666666666,-0.3490265787112761
0.9965,-0.5253763969085999
0.9965833333333334,-0.4788123313822645
0.9966666666666667,-0.28574682038839516
0.99675,-0.25361053727555805
0.9968333333333333,-0.029854040256195504
0.9969166666666667,0.17326272149697985
0.997,0.19964402756575322
0.9970833333333333,0.263833868144794
0.9971666666666666,-0.01385713031732887
0.99725,-0.063619067083168
0.9973333333333333,-0.16441800073338925
0.9974166666666666,-0.18821880485163303
0.9975,0.3244514224404282
0.9975833333333334,0.1991308087303713
0.9976666666666667,0.09519010105784755
0.99775,0.1215265057878251
0.9978333333333333,-0.042585494381490806
0.9979166666666667,0.3449603483270605
0.998,0.5464874455868741
0.9980833333333333,0.5417815199628865
0.9981666666666666,0.5687377586009729
0.99825,0.4377540664309455
0.9983333333333333,0.2653017913389169
0.9984166666666666,0.08185860936037533
0.9985,-0.013564074109361803
0.9985833333333334,-0.22627164097610883
0.9986666666666667,-0.23062852602965833
0.99875,-0.037398911540738676
0.9988333333333334,0.07617671581720446
0.9989166666666667,0.19494107232100585
0.999,0.17628883488013658
0.9990833333333333,0.043635936684425884
0.9991666666666666,-0.2803851631643055
0.99925,-0.29328486000596166
0.9993333333333333,-0.2125866961030188
0.9994166666666666,-0.4955073540678914
0.9995,-0.4828083815206297
0.9995833333333334,-0.5038434251329501
0.9996666666666667,-0.6622386945994934
0.99975,-0.8384401507744048
0.9998333333333334,-0.9153309336799124
0.9999166666666667,-0.7753296714596113
