time_s,amplitude
0.0,-0.020338233020143474
8.333333333333333e-05,-0.3641277873801612
0.00016666666666666666,-0.22707745841893465
0.00025,-0.07522894550983095
0.0003333333333333333,0.2937151035235777
0.0004166666666666667,0.353499881907022
0.0005,0.10357208841386231
0.0005833333333333334,0.289247252920134
0.0006666666666666666,0.47185495458393134
0.00075,0.5670699563232878
0.0008333333333333334,0.7779124857528501
0.0009166666666666666,0.834021489796255
0.001,0.6452972205948443
0.0010833333333333333,0.5809664705802629
0.0011666666666666668,0.6508055373292703
0.00125,0.5474442744532112
0.0013333333333333333,0.6010758497508933
0.0014166666666666668,0.5351928114411327
0.0015,0.4162462122403283
0.0015833333333333333,0.609636625029622
0.0016666666666666668,0.464845779266879
0.00175,0.43276738166272316
0.0018333333333333333,0.563888592699527
0.0019166666666666666,0.14683647300740393
0.002,-0.08114367057215718
0.0020833333333333333,0.036141907674701386
0.0021666666666666666,0.05745785587876057
0.00225,0.25526605309526806
0.0023333333333333335,0.4148534418513433
0.002416666666666667,0.2246671504527976
0.0025,-0.001681646007208417
0.0025833333333333333,0.009885577894207263
0.0026666666666666666,0.07963401687801097
0.00275,-0.08954078203447832
0.0028333333333333335,-0.0464744305820722
0.002916666666666667,0.19338478182226757
0.003,0.11439367566204967
0.0030833333333333333,0.209233596694385
0.0031666666666666666,0.24972952453785544
0.00325,0.08433193907785491
0.0033333333333333335,0.3033901778254386
0.003416666666666667,0.37434029950901787
0.0035,0.3371481259242718
0.0035833333333333333,0.31977082470919643
0.0036666666666666666,0.050843806573989396
0.00375,-0.006475918434476515
0.003833333333333333,-0.13798615044680726
0.003916666666666666,-0.26980092653807985
0.004,-0.22967151850502596
0.004083333333333333,-0.22802934641571634
0.004166666666666667,0.05027186799627279
0.00425,0.09748504619873086
0.004333333333333333,0.23976132035503994
0.004416666666666667,0.4023949076515173
0.0045,0.0596772954977769
0.004583333333333333,0.307250363628135
0.004666666666666667,0.4439066080318108
0.00475,0.2684838650409585
0.004833333333333334,0.39569506822202805
0.004916666666666666,0.06900760461306397
0.005,-0.04530247129436449
0.005083333333333333,0.02024126160492524
0.005166666666666667,-0.1509400760248263
0.00525,-0.005572989629713845
0.005333333333333333,-0.015711978737922773
0.005416666666666667,0.036521014456741364
0.0055,0.4154878518422313
0.005583333333333333,0.3982314321379742
0.005666666666666667,0.36713098198152183
0.00575,0.5153763125266031
0.005833333333333334,0.2726682998018551
0.005916666666666666,0.17436085082737432
0.006,0.3757885257507301
0.006083333333333333,0.29866134895852653
0.006166666666666667,0.2683239962809843
0.00625,0.3783099735779752
0.006333333333333333,0.23933396995724068
0.006416666666666667,0.020502248670307262
0.0065,0.12325553781075774
0.006583333333333333,0.30679472325450624
0.006666666666666667,0.3751501198040291
0.00675,0.6824635149969835
0.006833333333333334,0.6590141318542972
0.0069166666666666664,0.42862793471131533
0.007,0.6424190482693034
0.007083333333333333,0.5476325358806958
0.007166666666666667,0.4248518577021144
0.00725,0.4103077444740162
0.007333333333333333,0.08297343850691408
0.007416666666666667,0.16337920347324406
0.0075,0.23203320419980658
0.007583333333333333,0.016684067324444336
0.007666666666666666,0.03562162790154307
0.00775,0.03511097074516938
0.007833333333333333,0.2372071892632305
0.007916666666666667,0.4412218603975819
0.008,0.3525921559368314
0.008083333333333333,0.5151394720018483
0.008166666666666666,0.5491495704975762
0.00825,0.33611382076269525
0.008333333333333333,0.2965403202866786
0.008416666666666666,0.1916203780527979
0.0085,0.14752082688252924
0.008583333333333333,0.1165894230511206
0.008666666666666666,0.002580258941893682
0.00875,-0.025077736208245695
0.008833333333333334,-0.03931387376979331
0.008916666666666666,0.058531883452765714
0.009,-0.18657428306245583
0.009083333333333334,-0.37400396185322266
0.009166666666666667,0.0001213804396542957
0.00925,-0.098106346061542
0.009333333333333334,-0.13245168953059114
0.009416666666666667,0.11182785613939669
0.0095,-0.09364403265096387
0.009583333333333333,-0.07240159433591867
0.009666666666666667,-0.038009912632828415
0.00975,-0.18677285896808357
0.009833333333333333,-0.1599653176455789
0.009916666666666667,0.017359740681959897
0.01,0.18391275890903902
0.010083333333333333,0.10429241770916184
0.010166666666666666,0.3474765833302944
0.01025,0.473672184286532
0.010333333333333333,0.34903182074274886
0.010416666666666666,0.5731240800220049
0.0105,0.42434858602699266
0.010583333333333333,0.4523981682235886
0.010666666666666666,0.6208779834431749
0.01075,0.40631365230485433
0.010833333333333334,0.6713558434681544
0.010916666666666667,0.737941147704768
0.011,0.5826347541867972
0.011083333333333334,0.6172889704743635
0.011166666666666667,0.3344110166565026
0.01125,0.28478411317244984
0.011333333333333334,0.25830168721343527
0.011416666666666667,0.11521542002119506
0.0115,0.23959448277207102
0.011583333333333333,0.15541476340802018
0.011666666666666667,0.08798961739351797
0.01175,0.1780893331475426
0.011833333333333333,0.027140769975182798
0.011916666666666667,-0.04626838122189513
0.012,-0.047551946188361706
0.012083333333333333,-0.37911792014914425
0.012166666666666666,-0.38793068488003934
0.01225,-0.05454247357223036
0.012333333333333333,-0.09738695488642751
0.012416666666666666,0.08800524288673793
0.0125,0.27924726858394006
0.012583333333333334,-0.023573958675811156
0.012666666666666666,-0.09790036760064097
0.01275,-0.0880957212451485
0.012833333333333334,-0.1753662017683953
0.012916666666666667,-0.20198054376862787
0.013,-0.19804809822121988
0.013083333333333334,0.09641617462692134
0.013166666666666667,0.35902052808106355
0.01325,0.3464724575958262
0.013333333333333334,0.426636648555218
0.013416666666666667,0.5118176369734193
0.0135,0.4424950828842554
0.013583333333333333,0.5846472605873342
0.013666666666666667,0.808178094122349
0.01375,0.7019066581394809
0.013833333333333333,0.7482604507887517
0.013916666666666667,0.612544431303655
0.014,0.04616467172082349
0.014083333333333333,0.1397210141589625
0.014166666666666666,0.20170135395918237
0.01425,-0.011626630567499331
0.014333333333333333,0.301890323760721
0.014416666666666666,0.15135876899691175
0.0145,-0.07379500925475838
0.014583333333333334,0.10567763929913494
0.014666666666666666,-0.04179751980985015
0.01475,0.02119694174886283
0.014833333333333334,0.02568155624749335
0.014916666666666667,-0.17458762974269762
0.015,-0.02616403238606898
0.015083333333333334,-0.05866462034939065
0.015166666666666667,-0.17649306782761234
0.01525,-0.18850185363484448
0.015333333333333332,-0.27071393922134485
0.015416666666666667,0.016980024569861578
0.0155,0.2375721371876468
0.015583333333333333,0.07252526079514546
0.015666666666666666,0.3228782925223248
0.01575,0.36969953788974896
0.015833333333333335,-0.013035833147870192
0.015916666666666666,0.21069021383160946
0.016,0.2757783540762821
0.016083333333333335,0.14898830990958162
0.016166666666666666,0.4406753499353614
0.01625,0.4914761039519437
0.01633333333333333,0.5512381393224118
0.016416666666666666,0.5673664585414896
0.0165,0.35193460963400053
0.016583333333333332,0.033480599558936036
0.016666666666666666,-0.21303573430583342
0.01675,0.05637891439416196
0.016833333333333332,0.05416073078138573
0.016916666666666667,0.079609455538021
0.017,0.33417785683543516
0.017083333333333332,0.11311764360763543
0.017166666666666667,0.10873618163288361
0.01725,-0.04281727229824367
0.017333333333333333,-0.23404989999876602
0.017416666666666667,-0.03601540241285301
0.0175,-0.005461609775700171
0.017583333333333333,0.21087777548314723
0.017666666666666667,0.17465657417488148
0.01775,0.06535130439648656
0.017833333333333333,0.1788888804377922
0.017916666666666668,-0.21282360659743121
0.018,-0.254515745070383
0.018083333333333333,-0.06504167656278051
0.018166666666666668,-0.08608214011547666
0.01825,0.3051853976482894
0.018333333333333333,0.38698802986504005
0.018416666666666668,0.20107521801331057
0.0185,0.3629927578269388
0.018583333333333334,0.2810523860646766
0.018666666666666668,0.08354072634818399
0.01875,0.16769564331881154
0.018833333333333334,0.19265622601795632
0.018916666666666665,0.2737064340764992
0.019,0.35924556932234103
0.019083333333333334,0.28236570795723476
0.019166666666666665,0.31986882149580187
0.01925,0.17878169547041553
0.019333333333333334,0.07734309745340824
0.019416666666666665,0.30451401179486526
0.0195,0.35100091342378426
0.019583333333333335,0.37309821376753016
0.019666666666666666,0.399381973530584
0.01975,0.1947406703779234
0.019833333333333335,0.03906272917625595
0.019916666666666666,0.09247639181783628
0.02,0.20571182604403943
0.020083333333333335,0.231051956347422
0.020166666666666666,0.3420648522648453
0.02025,0.3435080316810678
0.02033333333333333,0.16375766287889607
0.020416666666666666,0.15850010809454174
0.0205,0.030510533955616405
0.020583333333333332,0.007804699895272388
0.020666666666666667,0.2061856731494278
0.02075,0.10044144873865876
0.020833333333333332,0.027612059948073725
0.020916666666666667,0.055526040194213026
0.021,0.047339109144238646
0.021083333333333332,0.13340406296171806
0.021166666666666667,0.12302391448049314
0.02125,0.13029798981687474
0.021333333333333333,0.1563907428983685
0.021416666666666667,0.08196207125917554
0.0215,0.1012025171692067
0.021583333333333333,-0.04417329695107949
0.021666666666666667,-0.2832247479485974
0.02175,-0.28840532622225884
0.021833333333333333,-0.3583097142737148
0.021916666666666668,-0.3155019306506059
0.022,-0.1972956664933135
0.022083333333333333,-0.15684399141634614
0.022166666666666668,0.11301150110865031
0.02225,0.23295341123512084
0.022333333333333334,0.12103752264397359
0.022416666666666668,0.02454924176238161
0.0225,0.09937579614815303
0.022583333333333334,0.31726444372512125
0.02266666666666667,0.295870072668385
0.02275,0.36516969646871306
0.022833333333333334,0.4479585929265485
0.022916666666666665,0.30896596045292407
0.023,0.2746545017405467
0.023083333333333334,0.04714473386270741
0.023166666666666665,-0.03010946663334107
0.02325,0.14721744770024817
0.023333333333333334,0.05065194496757167
0.023416666666666665,0.24521440854908494
0.0235,0.37189124947821683
0.023583333333333335,0.20532254105486492
0.023666666666666666,0.27773637238470994
0.02375,0.08134420272993263
0.023833333333333335,-0.01011398484690089
0.023916666666666666,0.0919738808551942
0.024,0.058537381252794486
0.024083333333333335,0.28275693674101104
0.024166666666666666,0.34064025943018655
0.02425,0.29929228687811416
0.024333333333333332,0.29154109422526275
0.024416666666666666,0.07954854164230424
0.0245,-0.12192809362568403
0.024583333333333332,-0.28149651649359575
0.024666666666666667,-0.09680101657878296
0.02475,0.23365682830030868
0.024833333333333332,0.4254669010012016
0.024916666666666667,0.6685979831785989
0.025,0.8094732833227573
0.025083333333333332,0.7206505736629101
0.025166666666666667,0.3342723942473676
0.02525,0.2156230825028927
0.025333333333333333,0.2873430847936268
0.025416666666666667,0.1082416009497825
0.0255,0.21577736708408624
0.025583333333333333,0.16390768608651832
0.025666666666666667,0.040783371080542356
0.02575,0.206017925585304
0.025833333333333333,0.15450716209614387
0.025916666666666668,0.17620257127808497
0.026,-0.015747257529242976
0.026083333333333333,-0.17295337270679395
0.026166666666666668,0.11092638052725093
0.02625,0.11344078910250138
0.026333333333333334,0.28887291152409
0.026416666666666668,0.5662634012180294
0.0265,0.4064960619409038
0.026583333333333334,0.22216848620090793
0.02666666666666667,-0.07341903794196428
0.02675,-0.18360708430053088
0.026833333333333334,-0.03409631945458468
0.026916666666666665,0.06587759392810674
0.027,0.4791365184278391
0.027083333333333334,0.536717752720007
0.027166666666666665,0.2875389102117337
0.02725,0.4325080450183473
0.027333333333333334,0.18393831283871823
0.027416666666666666,0.06917234173029618
0.0275,0.274571634689384
0.027583333333333335,-0.0022147322419002824
0.027666666666666666,-0.04892412554828492
0.02775,-0.18319409667580985
0.027833333333333335,-0.39129848417317714
0.027916666666666666,-0.0862955101493871
0.028,-0.2015261050164503
0.02808333333333333,-0.2634179102075481
0.028166666666666666,-0.0028780716692790665
0.02825,-0.19300498833934113
0.028333333333333332,-0.11504697780803656
0.028416666666666666,0.06794528742571385
0.0285,-0.10003726441819176
0.028583333333333332,-0.002916917868266971
0.028666666666666667,0.028869053898897636
0.02875,-0.1754507897757224
0.028833333333333332,-0.19535951582573016
0.028916666666666667,-0.06958065429196238
0.029,-0.03357146519580425
0.029083333333333333,-0.07620751983532452
0.029166666666666667,0.04331363460461927
0.02925,0.16751371659664796
0.029333333333333333,0.25524322710050396
0.029416666666666667,0.34930671607013736
0.0295,0.31861540716801406
0.029583333333333333,0.2644394565205792
0.029666666666666668,0.20710239690232976
0.02975,0.07252695910034196
0.029833333333333333,0.04545897855884259
0.029916666666666668,0.10112137074300512
0.03,-0.08268467925596942
0.030083333333333333,-0.09462929922091526
0.030166666666666668,-0.028088467440619234
0.03025,-0.09178926565379772
0.030333333333333334,0.12579319061247748
0.030416666666666668,0.12822677225243792
0.0305,0.06403390826234077
0.030583333333333334,0.06734424008536968
0.030666666666666665,-0.11290965335016931
0.03075,-0.018959611018346693
0.030833333333333334,0.04511695468794412
0.030916666666666665,0.013010738757383365
0.031,0.016368522552243865
0.031083333333333334,-0.1335014736735626
0.031166666666666665,-0.15466307580749356
0.03125,-0.11696649467498688
0.03133333333333333,-0.08002641024189
0.03141666666666667,0.10425575650182685
0.0315,0.21230447932151933
0.03158333333333333,0.22472799737161359
0.03166666666666667,0.32550495344482877
0.03175,0.33399746926253066
0.03183333333333333,0.22853363519562483
0.03191666666666667,0.3211979866732542
0.032,0.4560290731031009
0.03208333333333333,0.5003938460213876
0.03216666666666667,0.641455609420819
0.03225,0.6634358121520995
0.03233333333333333,0.6570006843443669
0.03241666666666667,0.6577818757877861
0.0325,0.36499798277949763
0.03258333333333333,0.3041802659000344
0.03266666666666666,0.29240098613339666
0.03275,0.07693053083435042
0.03283333333333333,0.19728753547609154
0.032916666666666664,0.11459844391013527
0.033,0.02648388523423984
0.03308333333333333,0.3094906552559346
0.033166666666666664,0.04534375452827969
0.03325,-0.3901267310626566
0.03333333333333333,-0.40687083467895413
0.033416666666666664,-0.5746631754553811
0.0335,-0.6170564959499373
0.03358333333333333,-0.343755128230148
0.033666666666666664,-0.2795109918775751
0.03375,-0.04409497147642937
0.03383333333333333,0.12672113236800123
0.033916666666666664,-0.12539252501928805
0.034,-0.07162833880787388
0.034083333333333334,0.04171962672847824
0.034166666666666665,0.042636784406711516
0.03425,0.23324897966360783
0.034333333333333334,0.2562836653546275
0.034416666666666665,0.0811134448381966
0.0345,-0.05820795472991871
0.034583333333333334,-0.13268729393873752
0.034666666666666665,-0.21475353139805062
0.03475,-0.18829245102723324
0.034833333333333334,-0.005301773643289453
0.034916666666666665,-3.412054476795921e-05
0.035,-0.15132377302259775
0.035083333333333334,-0.08100751390477992
0.035166666666666666,0.1272658630345454
0.03525,-0.06812934891605296
0.035333333333333335,-0.28495364424595476
0.035416666666666666,-0.17742910615824026
0.0355,-0.33731072673124096
0.035583333333333335,-0.16817822005383729
0.035666666666666666,0.2762511141959016
0.03575,0.2659339581673892
0.035833333333333335,0.416250748049086
0.035916666666666666,0.5127150057948043
0.036,0.35739855852242647
0.036083333333333335,0.3404196629677768
0.036166666666666666,0.4110215768892846
0.03625,0.40587699228091345
0.036333333333333336,0.3744171026887989
0.03641666666666667,0.5947131651396967
0.0365,0.6414435255398135
0.036583333333333336,0.5203659233307765
0.03666666666666667,0.4186154772059532
0.03675,0.3883805329687897
0.036833333333333336,0.5205002165094823
0.03691666666666667,0.3132961203250904
0.037,0.21835229485593477
0.037083333333333336,0.13364573764518636
0.03716666666666667,-0.18592827012719887
0.03725,-0.11254138440205583
0.037333333333333336,0.03326121098240568
0.03741666666666667,0.10591689352369937
0.0375,-0.06153480295675442
0.03758333333333334,-0.23077131323367542
0.03766666666666667,-0.24528416171528267
0.03775,-0.4652018532883564
0.03783333333333333,-0.14153115312241785
0.03791666666666667,-0.060462292819655684
0.038,-0.38428162865862814
0.03808333333333333,0.12118065499165473
0.03816666666666667,0.0961006586197819
0.03825,-0.1679517002837849
0.03833333333333333,0.07771443657083038
0.03841666666666667,-0.25899727953238366
0.0385,-0.12223069394007643
0.03858333333333333,0.25132441296031927
0.03866666666666667,0.05883093429021539
0.03875,0.256243167808086
0.03883333333333333,0.4031150467570213
0.03891666666666667,0.367248485246475
0.039,0.24016151322825108
0.03908333333333333,-0.06879623935724333
0.03916666666666667,-0.1006057190186864
0.03925,-0.22165628416140162
0.03933333333333333,-0.27509010729103045
0.03941666666666667,-0.08252017746994791
0.0395,-0.13888076236075886
0.03958333333333333,-0.2655015646008969
0.03966666666666667,-0.17245317333150384
0.03975,-0.05615690217449231
0.03983333333333333,-0.11213735654812357
0.03991666666666667,0.06352152899567318
0.04,0.2052549702571743
0.04008333333333333,0.012782109892208772
0.04016666666666667,0.17326927093528563
0.04025,0.25554274740677846
0.04033333333333333,0.05409554720428567
0.04041666666666666,0.1453985696474908
0.0405,0.1443242667837034
0.04058333333333333,-0.0504589789057922
0.04066666666666666,-0.10910076200174146
0.04075,-0.05990656458779866
0.04083333333333333,-0.1360963799060013
0.040916666666666664,-0.13439676008146414
0.041,0.19430425871237333
0.04108333333333333,0.13728522077814193
0.041166666666666664,0.013441327785011316
0.04125,0.3855258629098268
0.04133333333333333,0.3570286996134587
0.041416666666666664,0.30113987927086794
0.0415,0.47127919078132585
0.04158333333333333,0.26155214019780687
0.041666666666666664,0.3100056779445647
0.04175,0.4299513076196613
0.041833333333333333,0.33914002885760763
0.041916666666666665,0.43013848245604375
0.042,0.2410591246487113
0.042083333333333334,0.0016090779355846026
0.042166666666666665,0.0836736979718944
0.04225,0.0035784264643649094
0.042333333333333334,-0.11185750061353536
0.042416666666666665,0.007792017078518071
0.0425,0.05230677461021294
0.042583333333333334,0.13291637360702516
0.042666666666666665,0.24098527693883007
0.04275,0.019706416670225664
0.042833333333333334,-0.0008916048140154501
0.042916666666666665,0.05578308162586499
0.043,-0.20460271165414065
0.043083333333333335,-0.1908655513367186
0.043166666666666666,-0.19467077675333824
0.04325,-0.2957026448623036
0.043333333333333335,-0.2046399078699895
0.043416666666666666,-0.30703341477724
0.0435,-0.3401892360984911
0.043583333333333335,-0.1652700673019432
0.043666666666666666,-0.07902762878544059
0.04375,-0.061138775881089756
0.043833333333333335,0.006388579746250004
0.043916666666666666,0.019689797733784077
0.044,-0.09059828080529946
0.044083333333333335,0.016973839841994652
0.04416666666666667,0.08012713902429587
0.04425,-0.1061510619079693
0.044333333333333336,0.018884331730260752
0.04441666666666667,0.26454032560739205
0.0445,0.16650314832981003
0.044583333333333336,0.17722665602329543
0.04466666666666667,0.31871484598638544
0.04475,0.017523316294344955
0.044833333333333336,-0.03480981585072868
0.04491666666666667,0.2961026928555973
0.045,0.10975250859327937
0.045083333333333336,0.10139122570082285
0.04516666666666667,0.5263231392355296
0.04525,0.5377099183266841
0.04533333333333334,0.47629602145670713
0.04541666666666667,0.6000069518063378
0.0455,0.42446713473659736
0.04558333333333333,0.23520615465290634
0.04566666666666667,0.366258493593544
0.04575,0.29635751873200683
0.04583333333333333,0.06838588713379667
0.04591666666666667,0.09722360747259731
0.046,0.0078022753043220155
0.04608333333333333,-0.2108689333553415
0.04616666666666667,-0.09422348042645601
0.04625,-0.06908207243384948
0.04633333333333333,-0.28448384454428677
0.04641666666666667,-0.13225368713445024
0.0465,-0.08942005740584932
0.04658333333333333,-0.443229212085074
0.04666666666666667,-0.5131121441570019
0.04675,-0.449491140708207
0.04683333333333333,-0.4489265194593496
0.04691666666666667,-0.281426709348213
0.047,-0.1619226240021406
0.04708333333333333,-0.3183194059499234
0.04716666666666667,-0.46634412097228667
0.04725,-0.35619421121921524
0.04733333333333333,-0.458640215098197
0.04741666666666667,-0.6427130614915438
0.0475,-0.2687461403342961
0.04758333333333333,-0.07571492791241094
0.04766666666666667,-0.12355042291005966
0.04775,0.4173397911717323
0.04783333333333333,0.6032989429671686
0.04791666666666667,0.27943839971624806
0.048,0.40911690107826915
0.04808333333333333,0.32889702638300156
0.04816666666666667,0.049937417903079075
0.04825,0.2415407051375417
0.04833333333333333,0.333475705917704
0.04841666666666666,0.3364959916397851
0.0485,0.4684941435583521
0.04858333333333333,0.48862264310225606
0.048666666666666664,0.469069683486112
0.04875,0.2868191792842162
0.04883333333333333,0.19963227482672233
0.048916666666666664,0.13042433279256974
0.049,-0.16463707493482793
0.04908333333333333,0.1819247738471417
0.049166666666666664,0.5443569174488464
0.04925,0.2872470703876594
0.04933333333333333,0.38483967240487915
0.049416666666666664,0.18324531156799093
0.0495,-0.23468705559322542
0.04958333333333333,-0.13781654742028607
0.049666666666666665,-0.38066027437823186
0.04975,-0.4155888824333679
0.049833333333333334,-0.15867238855168903
0.049916666666666665,-0.2117523673114163
0.05,-0.03286708541102252
0.050083333333333334,0.06767793713935673
0.050166666666666665,0.1921092139581778
0.05025,0.308612970532909
0.050333333333333334,-0.009265044137465282
0.050416666666666665,0.06597521432630302
0.0505,0.26022708575230136
0.050583333333333334,0.3164141146416841
0.050666666666666665,0.7437026597065151
0.05075,0.5015436264588367
0.050833333333333335,-0.11835738275196087
0.050916666666666666,-0.1007042793036286
0.051,-0.3087185276502341
0.051083333333333335,-0.34381519823725404
0.051166666666666666,0.14608902418056094
0.05125,0.15736810613116983
0.051333333333333335,0.13862720132796988
0.051416666666666666,0.29845450451115524
0.0515,-0.07648201468134383
0.051583333333333335,-0.3920990107866117
0.051666666666666666,-0.13115310186755239
0.05175,-0.15835923326119192
0.051833333333333335,-0.3909230069309076
0.051916666666666667,-0.012980198991052953
0.052,0.21882194907071637
0.052083333333333336,-0.12161532992617521
0.05216666666666667,-0.1885615746295187
0.05225,-0.22920573681585196
0.052333333333333336,-0.5077341427220071
0.05241666666666667,-0.3508105947654616
0.0525,0.0010001619923005114
0.052583333333333336,0.11650027897519956
0.05266666666666667,0.15987325100433256
0.05275,0.37678673905332194
0.052833333333333336,0.3353272820926688
0.05291666666666667,-0.16978364713638913
0.053,-0.03957230334965627
0.05308333333333334,0.09104893020980373
0.05316666666666667,-0.24204214473623245
0.05325,0.15356521647244495
0.05333333333333334,0.31261064978931297
0.05341666666666667,-0.09736198420638252
0.0535,-0.05605245227316618
0.05358333333333333,0.010130239574538687
0.05366666666666667,-0.10774612003974054
0.05375,-0.16645478765402655
0.05383333333333333,0.06120256222182762
0.05391666666666667,0.4284825111778714
0.054,0.41073612607192134
0.05408333333333333,0.48995600677580076
0.05416666666666667,0.6702817312965234
0.05425,0.3772283467039094
0.05433333333333333,0.2999875731169409
0.05441666666666667,0.38845564535644866
0.0545,0.10570702846440126
0.05458333333333333,0.3180606266749857
0.05466666666666667,0.5481094718808709
0.05475,0.16513572854014083
0.05483333333333333,0.3617722916558886
0.05491666666666667,0.5004487208123111
0.055,0.1670973436886905
0.05508333333333333,0.3568833077791953
0.05516666666666667,0.24620029658080098
0.05525,-0.07414697554547378
0.05533333333333333,-0.027492783563963348
0.05541666666666667,-0.14867502204255068
0.0555,-0.0862001555802012
0.05558333333333333,-0.13850687740339238
0.05566666666666667,-0.35124138612045236
0.05575,-0.24189862052137842
0.05583333333333333,-0.33168880754000213
0.05591666666666667,-0.33189841456768765
0.056,-0.35893642639587253
0.05608333333333333,-0.6174733004930968
0.05616666666666666,-0.558740992574409
0.05625,-0.5574156284785802
0.05633333333333333,-0.47235114234786346
0.056416666666666664,-0.1666697965238074
0.0565,-0.02480550029751457
0.05658333333333333,-0.10183565287703544
0.056666666666666664,-0.2732828722687107
0.05675,-0.2648877141472624
0.05683333333333333,-0.37697491952268514
0.056916666666666664,-0.3104973031859858
0.057,-0.05823937247638105
0.05708333333333333,-0.017904126166677213
0.057166666666666664,0.38613509572325394
0.05725,0.6037707929273829
0.05733333333333333,0.4613486517138222
0.057416666666666664,0.5319965480171306
0.0575,0.5157795734951968
0.057583333333333334,0.4501135205050104
0.057666666666666665,0.29000784115934003
0.05775,0.2032072099291086
0.057833333333333334,0.25649571727300946
0.057916666666666665,0.06548339148465972
0.058,0.04585123040505027
0.058083333333333334,0.13602467926798192
0.058166666666666665,-0.094953862978957
0.05825,-0.25155465764792895
0.058333333333333334,-0.2350315306451873
0.058416666666666665,-0.32537657296508316
0.0585,-0.30682907082359706
0.058583333333333334,-0.1842320062755586
0.058666666666666666,-0.3354650851591341
0.05875,-0.4138870131968399
0.058833333333333335,-0.3477651856753764
0.058916666666666666,-0.4477308948746419
0.059,-0.5761062509079241
0.059083333333333335,-0.6621179985837585
0.059166666666666666,-0.4832528208920228
0.05925,-0.30429929248965704
0.059333333333333335,-0.1344963376066325
0.059416666666666666,0.30561791283749634
0.0595,0.3899050437886238
0.059583333333333335,0.3718234497581843
0.059666666666666666,0.5698265956674721
0.05975,0.4967341812831325
0.059833333333333336,0.368016022593572
0.05991666666666667,0.4127916892810116
0.06,0.29011122046939763
0.060083333333333336,0.016806726232195292
0.06016666666666667,-0.044513143565876066
0.06025,-0.1266339868646226
0.060333333333333336,-0.19348536136486752
0.06041666666666667,-0.18361962404773094
0.0605,-0.3968879980915307
0.060583333333333336,-0.24661952512160834
0.06066666666666667,-0.075379490168139
0.06075,-0.34433472042435
0.060833333333333336,-0.30612829331225516
0.06091666666666667,-0.3608827955573452
0.061,-0.4834445794045313
0.06108333333333334,-0.22450905824352638
0.06116666666666667,-0.13355846070020985
0.06125,-0.08746723918325838
0.06133333333333333,-0.07814718575629853
0.06141666666666667,-0.12193177999369995
0.0615,0.11397828383624407
0.06158333333333333,0.23452754614132235
0.06166666666666667,0.2561447754422891
0.06175,0.4909252073762016
0.06183333333333333,0.6733649712820768
0.06191666666666667,0.7458240266850277
0.062,0.8058193873041953
0.06208333333333333,0.6410667153923262
0.06216666666666667,0.47930939294948827
0.06225,0.5018788444382228
0.06233333333333333,0.2144822586756173
0.06241666666666667,0.009777982227843478
0.0625,0.1542488053916382
0.06258333333333334,0.11646398835818965
0.06266666666666666,0.14402113446248493
0.06275,0.11553192689435154
0.06283333333333334,-0.16080275008016712
0.06291666666666666,-0.29218060830753095
0.063,-0.4517244994413146
0.06308333333333334,-0.5667261096706523
0.06316666666666666,-0.47439349357570415
0.06325,-0.5347777030636889
0.06333333333333334,-0.5435608341220304
0.06341666666666666,-0.28142081809773667
0.0635,-0.2325269487551355
0.06358333333333334,-0.303114599290766
0.06366666666666666,-0.17837326946093554
0.06375,-0.18907009666364633
0.06383333333333334,-0.31835118617153885
0.06391666666666666,-0.1806861152688316
0.064,0.1112259250856486
0.06408333333333334,0.09004313072441225
0.06416666666666666,0.02507359623356433
0.06425,0.08901299360554624
0.06433333333333334,-0.11363611461050763
0.06441666666666666,-0.0493994855228962
0.0645,0.202764549938238
0.06458333333333334,0.0971858902172582
0.06466666666666666,0.1947721958564092
0.06475,0.3711409329049494
0.06483333333333334,0.10894706511480148
0.06491666666666666,-0.10933971239484316
0.065,0.06472618723416633
0.06508333333333334,0.08531910624681219
0.06516666666666666,0.012253247996001977
0.06525,0.19191562716783242
0.06533333333333333,0.12780872587677589
0.06541666666666666,-0.01573205993173995
0.0655,0.02950698410797668
0.06558333333333333,0.07940845662942105
0.06566666666666666,0.057608134838975075
0.06575,-0.08560099900436918
0.06583333333333333,0.09958263502446547
0.06591666666666667,0.18449435825201085
0.066,-0.08912712262589795
0.06608333333333333,0.016412926172883938
0.06616666666666667,0.0697402611825953
0.06625,0.05092073705585763
0.06633333333333333,0.2774376773597639
0.06641666666666667,0.4056674150724279
0.0665,0.4531653293911643
0.06658333333333333,0.18143584104428603
0.06666666666666667,0.023345023480418427
0.06675,0.10172898324002404
0.06683333333333333,-0.21942125890126218
0.06691666666666667,-0.2627412869892808
0.067,-0.13934664387487258
0.06708333333333333,-0.15193756922473653
0.06716666666666667,0.19357228161301943
0.06725,0.3643647294887974
0.06733333333333333,0.327058691110206
0.06741666666666667,0.3656966780631189
0.0675,0.35616158908621254
0.06758333333333333,0.20761358715920772
0.06766666666666667,-0.00952295533203295
0.06775,0.051680402287609874
0.06783333333333333,0.011556199875861914
0.06791666666666667,-0.05356421739887641
0.068,-0.0020130028399704064
0.06808333333333333,-0.37470436617872427
0.06816666666666667,-0.6240996929099675
0.06825,-0.6471932722603583
0.06833333333333333,-0.702763817322357
0.06841666666666667,-0.38400921145730177
0.0685,-0.3437745506708655
0.06858333333333333,-0.4708939514166695
0.06866666666666667,-0.19970068456958048
0.06875,-0.5159597506998544
0.06883333333333333,-0.7159715543907422
0.06891666666666667,-0.3638040300813545
0.069,-0.7749453071784417
0.06908333333333333,-0.7946126981017207
0.06916666666666667,-0.38072914217325277
0.06925,-0.6309881184864542
0.06933333333333333,-0.3930842279904639
0.06941666666666667,-0.2570620641177441
0.0695,-0.37765269742687707
0.06958333333333333,0.12837900836355667
0.06966666666666667,0.3186982369452912
0.06975,0.44166117759796425
0.06983333333333333,0.6230305754984827
0.06991666666666667,0.46714248093797656
0.07,0.477531758395781
0.07008333333333333,0.5971326855515543
0.07016666666666667,0.6535940574752572
0.07025,0.5891508556406874
0.07033333333333333,0.5813443231245007
0.07041666666666667,0.5249691160751532
0.0705,0.3623524483556546
0.07058333333333333,0.3736261299115832
0.07066666666666667,0.2122628565286461
0.07075,0.15126200136783277
0.07083333333333333,0.3488187342930692
0.07091666666666667,0.24445926766791692
0.071,0.22880079872359033
0.07108333333333333,0.4985403848937583
0.07116666666666667,0.36315019558732853
0.07125,0.15252754011705313
0.07133333333333333,0.2552545094549841
0.07141666666666667,0.029952901390600008
0.0715,-0.09875485591192469
0.07158333333333333,0.13605031307586257
0.07166666666666667,0.029777769805253505
0.07175,-0.20688085751481808
0.07183333333333333,-0.18191191117644626
0.07191666666666667,-0.05409528848351309
0.072,-0.1358221255042528
0.07208333333333333,-0.10833376244721121
0.07216666666666667,0.013908126536121584
0.07225,-0.26898545388788586
0.07233333333333333,-0.31570655115708696
0.07241666666666667,-0.14003248729798512
0.0725,-0.32211543693146405
0.07258333333333333,-0.40199839324308756
0.07266666666666667,-0.22906367852022227
0.07275,-0.3317814647029452
0.07283333333333333,-0.5691805997658151
0.07291666666666667,-0.4011207787630887
0.073,-0.46576732586306757
0.07308333333333333,-0.758679219416268
0.07316666666666667,-0.505883741758781
0.07325,-0.36803989558185757
0.07333333333333333,-0.3551373247092993
0.07341666666666667,-0.058598711499919694
0.0735,0.16033602494544968
0.07358333333333333,0.2787168880300053
0.07366666666666667,0.1745324017900195
0.07375,0.14419656032747238
0.07383333333333333,0.25926153772303795
0.07391666666666667,0.07660414559725509
0.074,-0.019618262247234897
0.07408333333333333,0.07642359089328475
0.07416666666666667,0.00809473520658021
0.07425,0.028285940466417202
0.07433333333333333,0.1962774336041528
0.07441666666666667,0.014677376265257527
0.0745,-0.11699475607566653
0.07458333333333333,-0.030271729196756435
0.07466666666666667,-0.08614430932179573
0.07475,0.11883780764540341
0.07483333333333334,0.07269558499294942
0.07491666666666667,-0.02740306581363685
0.075,0.3131592161689079
0.07508333333333334,0.1908592465813331
0.07516666666666667,0.07193340841558754
0.07525,0.1518968620216882
0.07533333333333334,0.18494558616838644
0.07541666666666667,0.2846795357946465
0.0755,0.05926305912739425
0.07558333333333334,0.11677478285463963
0.07566666666666666,0.3859795115068984
0.07575,0.45093416176996504
0.07583333333333334,0.4146566177551283
0.07591666666666666,0.039642113202053915
0.076,-0.04823346756944671
0.07608333333333334,0.07519216529793822
0.07616666666666666,0.039855416613210494
0.07625,0.16177288989120966
0.07633333333333334,0.006614618408745664
0.07641666666666666,-0.2212570400547128
0.0765,-0.12870499036127325
0.07658333333333334,-0.2110252582756699
0.07666666666666666,-0.36952778614398124
0.07675,-0.329819611182268
0.07683333333333334,-0.38617822706153654
0.07691666666666666,-0.5092324161291956
0.077,-0.4431596662658816
0.07708333333333334,-0.34103568680503943
0.07716666666666666,-0.26994407273173693
0.07725,-0.13881056737424896
0.07733333333333334,-0.03735071696399888
0.07741666666666666,-0.002866447701126069
0.0775,0.035316703132919895
0.07758333333333334,0.030512328668618006
0.07766666666666666,-0.04487694362607083
0.07775,0.03952327641933623
0.07783333333333334,0.23310073902436051
0.07791666666666666,0.27382224498100216
0.078,0.25402093999952735
0.07808333333333334,0.16380319820705616
0.07816666666666666,-0.07687931763913988
0.07825,-0.2339808077708093
0.07833333333333334,-0.35237943432057717
0.07841666666666666,-0.43569894643154
0.0785,-0.1212559813465943
0.07858333333333334,0.14770708343698144
0.07866666666666666,0.06598442668382573
0.07875,0.1056009803282737
0.07883333333333334,0.27003027554612563
0.07891666666666666,0.26104917152122376
0.079,0.012524578083112761
0.07908333333333334,0.07697940685216309
0.07916666666666666,0.2658546769718138
0.07925,0.1455295454139149
0.07933333333333334,0.3516956605349822
0.07941666666666666,0.490855074212813
0.0795,0.47088167322962005
0.07958333333333334,0.520569863399552
0.07966666666666666,0.18531927053034974
0.07975,0.17761138018993242
0.07983333333333334,0.25226124747515555
0.07991666666666666,0.15265557331334362
0.08,0.3697056930851838
0.08008333333333334,0.05603286502537382
0.08016666666666666,-0.21105131109711697
0.08025,-0.16200070511821824
0.08033333333333334,-0.5610573438917792
0.08041666666666666,-0.394579125809874
0.0805,-0.12211326894952348
0.08058333333333334,-0.35690394457391467
0.08066666666666666,-0.26027775604326
0.08075,-0.4478180292208751
0.08083333333333333,-0.7365218555974805
0.08091666666666666,-0.5636385204082548
0.081,-0.5872353324344713
0.08108333333333333,-0.50873880092043
0.08116666666666666,-0.26641007520941334
0.08125,-0.2858184283124083
0.08133333333333333,-0.19365509570379194
0.08141666666666666,0.08664768847830842
0.0815,0.20010336789355224
0.08158333333333333,0.1319676533756226
0.08166666666666667,0.19395420668015126
0.08175,0.19114054323260168
0.08183333333333333,-0.03712791337626902
0.08191666666666667,0.02532242404292237
0.082,-0.039455816027723974
0.08208333333333333,-0.4276988249314745
0.08216666666666667,-0.31451145484607745
0.08225,-0.18020336662614203
0.08233333333333333,-0.299109513785297
0.08241666666666667,-0.03831019069744764
0.0825,0.1318109951406911
0.08258333333333333,-0.005540825164559998
0.08266666666666667,0.06456960039770691
0.08275,0.14453690713985828
0.08283333333333333,0.02990704567280899
0.08291666666666667,0.07956398548828598
0.083,0.2599083279207928
0.08308333333333333,0.2119991852889714
0.08316666666666667,0.2810954309100058
0.08325,0.5983055533915571
0.08333333333333333,0.4034937063130136
0.08341666666666667,0.1023854131988738
0.0835,0.2513725897495594
0.08358333333333333,0.18936977999887059
0.08366666666666667,0.24426994494265544
0.08375,0.45667111727718235
0.08383333333333333,0.3228962537576584
0.08391666666666667,0.43369745465881077
0.084,0.5260445862536614
0.08408333333333333,0.22448849321637837
0.08416666666666667,-0.016502123529512663
0.08425,-0.11845519755892234
0.08433333333333333,-0.042865190763735926
0.08441666666666667,-0.0035268796553561627
0.0845,-0.1910430124125576
0.08458333333333333,-0.3579262810905905
0.08466666666666667,-0.4130126470425098
0.08475,-0.43391655678647645
0.08483333333333333,-0.3220512414658249
0.08491666666666667,-0.27616252081689063
0.085,-0.3769810955390614
0.08508333333333333,-0.16674909818001907
0.08516666666666667,-0.12387991608168428
0.08525,-0.32410267202939386
0.08533333333333333,-0.2525008215151598
0.08541666666666667,-0.33027101684104343
0.0855,-0.44877353387860996
0.08558333333333333,-0.2814150935430846
0.08566666666666667,-0.09330014728058447
0.08575,-0.1560016556710185
0.08583333333333333,-0.1129147156994092
0.08591666666666667,0.004263851478862441
0.086,-0.1620262490502332
0.08608333333333333,0.018806913755797933
0.08616666666666667,0.13473188656216906
0.08625,-0.12419397363033627
0.08633333333333333,-0.26244313829473226
0.08641666666666667,-0.4270899290475375
0.0865,-0.2578156140153308
0.08658333333333333,-0.06461708499291074
0.08666666666666667,-0.045602555425198456
0.08675,0.15117927401902523
0.08683333333333333,0.057836762789761256
0.08691666666666667,-0.06854697663615485
0.087,-0.037321519376859326
0.08708333333333333,-0.07270245752282002
0.08716666666666667,-0.048188926388729576
0.08725,-0.12590248156154774
0.08733333333333333,-0.22755290520869462
0.08741666666666667,-0.2312649353364794
0.0875,-0.2175090816641311
0.08758333333333333,-0.13583573813276176
0.08766666666666667,0.0014654470690330372
0.08775,0.04706297996982602
0.08783333333333333,0.04005722007814374
0.08791666666666667,0.21507201841743778
0.088,0.27381319661074155
0.08808333333333333,0.18018273528776857
0.08816666666666667,0.40557424316956436
0.08825,0.6634344539198943
0.08833333333333333,0.6457988867681385
0.08841666666666667,0.6299787688082193
0.0885,0.5392508212304826
0.08858333333333333,0.2947664879222311
0.08866666666666667,0.28269937664935907
0.08875,0.31333388017019725
0.08883333333333333,0.29082949044551343
0.08891666666666667,0.2493501284704356
0.089,-0.009414839607705276
0.08908333333333333,0.08253675195115523
0.08916666666666667,0.015730321806704528
0.08925,-0.3461641028401604
0.08933333333333333,-0.17774429440384748
0.08941666666666667,-0.3921939113022548
0.0895,-0.5583997683309293
0.08958333333333333,-0.2165007536660184
0.08966666666666667,-0.46704558164507887
0.08975,-0.3722545329229013
0.08983333333333333,-0.025209297429697942
0.08991666666666667,-0.42461642723592413
0.09,-0.30565766955976753
0.09008333333333333,-0.11409265259479359
0.09016666666666667,-0.5546219496294738
0.09025,-0.4381691909978756
0.09033333333333333,-0.36572750009397825
0.09041666666666667,-0.37364588274907723
0.0905,0.026136715730827133
0.09058333333333334,-0.041095437946877846
0.09066666666666667,-0.09935623799003754
0.09075,0.07260884129402642
0.09083333333333334,0.17368003120128123
0.09091666666666667,0.15962920440898878
0.091,-0.039025401705907146
0.09108333333333334,0.13824114605086946
0.09116666666666666,0.029866998338101976
0.09125,-0.34838511050488524
0.09133333333333334,-0.23363132498018857
0.09141666666666666,-0.3769429730008399
0.0915,-0.5064795969285101
0.09158333333333334,-0.35268286501475404
0.09166666666666666,-0.47980812839072173
0.09175,-0.4753004655808808
0.09183333333333334,-0.17326244232560267
0.09191666666666666,-0.1478417790644138
0.092,-0.2229622097827084
0.09208333333333334,-0.08574380430483658
0.09216666666666666,-0.13571913577769848
0.09225,-0.025146234338593643
0.09233333333333334,0.14152529688507
0.09241666666666666,0.04034269560752375
0.0925,0.10390257358496587
0.09258333333333334,-0.04497467750379989
0.09266666666666666,-0.003656902895361588
0.09275,0.12515319057670984
0.09283333333333334,-0.25470384757598774
0.09291666666666666,-0.09955522328565082
0.093,0.18263053259786563
0.09308333333333334,0.11426080535999747
0.09316666666666666,0.24363826162222732
0.09325,0.19819453030744041
0.09333333333333334,0.12437993080290977
0.09341666666666666,0.12641646209528243
0.0935,0.13950026430974546
0.09358333333333334,0.2003862204009023
0.09366666666666666,0.03638886278516979
0.09375,0.205536953357187
0.09383333333333334,0.380397545447824
0.09391666666666666,0.021023103454814375
0.094,0.10515946909456106
0.09408333333333334,0.2650745957526817
0.09416666666666666,0.07344358559122353
0.09425,0.14177544636561204
0.09433333333333334,0.10194463139781304
0.09441666666666666,-0.019790753202783472
0.0945,0.1907210968149893
0.09458333333333334,0.366496047380237
0.09466666666666666,0.1154005587958016
0.09475,0.13622881320249125
0.09483333333333334,0.566074351257579
0.09491666666666666,0.32737583018922756
0.095,0.20087930183749306
0.09508333333333334,0.3786128365285522
0.09516666666666666,-0.07725914703026665
0.09525,-0.04813813220431791
0.09533333333333334,0.11043069280921666
0.09541666666666666,-0.3869097319464606
0.0955,-0.3545170312529111
0.09558333333333334,-0.2998853448709461
0.09566666666666666,-0.5825758910435889
0.09575,-0.44105590448143145
0.09583333333333334,-0.490110378942326
0.09591666666666666,-0.6749158219839517
0.096,-0.41064926359750464
0.09608333333333334,-0.2660124915882329
0.09616666666666666,-0.3244412315720704
0.09625,-0.16234769887553765
0.09633333333333334,-0.05247338619231714
0.09641666666666666,-0.2583809520770067
0.0965,-0.446165217367516
0.09658333333333333,-0.3327732885068737
0.09666666666666666,-0.17764844673799515
0.09675,-0.22651932895563975
0.09683333333333333,-0.1892816948818252
0.09691666666666666,0.0069588753597940095
0.097,0.1398775790363189
0.09708333333333333,0.37496222652580025
0.09716666666666667,0.47334691888570996
0.09725,0.3500198606211283
0.09733333333333333,0.48037532818346074
0.09741666666666667,0.5004691774262652
0.0975,0.3291183908470604
0.09758333333333333,0.37213782622318914
0.09766666666666667,0.4094362945747272
0.09775,0.28686364712256107
0.09783333333333333,0.12617459481244883
0.09791666666666667,0.004751602603381095
0.098,-0.07583409859193593
0.09808333333333333,-0.07234008867279794
0.09816666666666667,-0.09244670227785123
0.09825,-0.17101368898817032
0.09833333333333333,-0.15571358116067138
0.09841666666666667,-0.13628043234885104
0.0985,-0.07242937439463903
0.09858333333333333,0.10837397413963547
0.09866666666666667,0.09854013108163723
0.09875,0.09784891741855016
0.09883333333333333,0.2507872836472488
0.09891666666666667,0.055583790769953935
0.099,0.06722171225319587
0.09908333333333333,0.19767990029554247
0.09916666666666667,-0.08412649050026677
0.09925,0.043038274110416504
0.09933333333333333,0.13898690011114867
0.09941666666666667,0.06719940468984348
0.0995,0.2223582969799302
0.09958333333333333,0.11964487102630894
0.09966666666666667,0.12504934630195
0.09975,0.10195239863189809
0.09983333333333333,-0.040903082973316095
0.09991666666666667,-0.06174946603910312
0.1,-0.10283093318675243
0.10008333333333333,-0.12179890208498126
0.10016666666666667,-0.37172743088945415
0.10025,-0.24307298400748964
0.10033333333333333,-0.047404565654772905
0.10041666666666667,-0.450247144760128
0.1005,-0.30265956892534346
0.10058333333333333,-0.12591642331792763
0.10066666666666667,-0.3981646502498546
0.10075,-0.24607910724960982
0.10083333333333333,-0.17243802727396518
0.10091666666666667,-0.2791123204690374
0.101,-0.16365018056734132
0.10108333333333333,-0.027030061922257292
0.10116666666666667,0.06658164500043853
0.10125,0.15254571956588406
0.10133333333333333,0.24690664870708276
0.10141666666666667,0.14005134937595082
0.1015,-0.041818763150530604
0.10158333333333333,-0.08306802759865459
0.10166666666666667,-0.22413615074997062
0.10175,-0.22313193293514547
0.10183333333333333,-0.17831782699020285
0.10191666666666667,-0.31392151381367583
0.102,-0.29819649092735057
0.10208333333333333,-0.41174219902207304
0.10216666666666667,-0.495806668365605
0.10225,-0.4117489578759109
0.10233333333333333,-0.46255659963218393
0.10241666666666667,-0.1569511850093361
0.1025,0.16164129989105566
0.10258333333333333,0.007326671572674643
0.10266666666666667,0.01680856264564639
0.10275,0.09050286703572208
0.10283333333333333,-0.18498422801027398
0.10291666666666667,-0.2422578925773359
0.103,-0.09788562758131716
0.10308333333333333,-0.220601033964137
0.10316666666666667,-0.05026239063489304
0.10325,0.14543376827234142
0.10333333333333333,0.029125043653755435
0.10341666666666667,0.24887760992560462
0.1035,0.3029469915738935
0.10358333333333333,0.16951462850812885
0.10366666666666667,0.23572520594509636
0.10375,0.10630684855819775
0.10383333333333333,0.20122636992127904
0.10391666666666667,0.4929014029753122
0.104,0.536237516456493
0.10408333333333333,0.3118280470011797
0.10416666666666667,-0.02951837284462209
0.10425,0.1004263538791842
0.10433333333333333,0.2719325457288363
0.10441666666666667,0.2521687222273843
0.1045,0.3241890842768026
0.10458333333333333,0.013706418324654683
0.10466666666666667,-0.11800275456834972
0.10475,-0.09420868445077142
0.10483333333333333,-0.4376093790588563
0.10491666666666667,-0.3934153309660959
0.105,-0.24727506173657687
0.10508333333333333,-0.28087177557425497
0.10516666666666667,-0.25735294802470726
0.10525,-0.35012169867640996
0.10533333333333333,-0.3604480642619404
0.10541666666666667,-0.6660364992818939
0.1055,-0.8760472107806268
0.10558333333333333,-0.5552574666905518
0.10566666666666667,-0.6963844029477143
0.10575,-0.6357150245782129
0.10583333333333333,-0.1794962947924912
0.10591666666666667,-0.36932501410172774
0.106,-0.3670724423379679
0.10608333333333334,-0.03512413427548317
0.10616666666666667,-0.06569736428775808
0.10625,-0.14895193434780943
0.10633333333333334,-0.011949776345812381
0.10641666666666667,0.36098541408686907
0.1065,0.6305133585111052
0.10658333333333334,0.7858326805131657
0.10666666666666667,0.8892767021747477
0.10675,0.7466951037455656
0.10683333333333334,0.715532335793794
0.10691666666666666,0.6015714127609213
0.107,0.25062474701105314
0.10708333333333334,0.25886847946339886
0.10716666666666666,0.40078885324342817
0.10725,0.34687952183915793
0.10733333333333334,0.21493165382126253
0.10741666666666666,-0.0812683849391317
0.1075,-0.18059304754891947
0.10758333333333334,0.013167407985526604
0.10766666666666666,0.05248101318429899
0.10775,0.1344497770783189
0.10783333333333334,0.21378334275145258
0.10791666666666666,0.35963410873488694
0.108,0.658282276927599
0.10808333333333334,0.302217787189518
0.10816666666666666,0.002248287937623639
0.10825,0.12281713651596925
0.10833333333333334,-0.2105416651576963
0.10841666666666666,-0.09053379870529472
0.1085,0.21247862799269937
0.10858333333333334,-0.07507473777810283
0.10866666666666666,0.059447848851383385
0.10875,0.1100925416608422
0.10883333333333334,-0.3114683147455383
0.10891666666666666,-0.4171944424611117
0.109,-0.41236306137112494
0.10908333333333334,-0.24189397395854265
0.10916666666666666,0.005236846423650555
0.10925,-0.049513373896997594
0.10933333333333334,-0.21675061948086713
0.10941666666666666,-0.5257868126084755
0.1095,-0.6793819592227047
0.10958333333333334,-0.6402655864764278
0.10966666666666666,-0.682959540174798
0.10975,-0.5217009639238087
0.10983333333333334,-0.3383719917438929
0.10991666666666666,-0.3072286498513409
0.11,-0.16956383315909304
0.11008333333333334,-0.06358261769854859
0.11016666666666666,-0.17868294268058352
0.11025,-0.20017726873523023
0.11033333333333334,-0.04080100068312472
0.11041666666666666,0.11378445056312061
0.1105,0.5051633334846882
0.11058333333333334,0.681395935154835
0.11066666666666666,0.3969528655126675
0.11075,0.26938477910118025
0.11083333333333334,0.08729022741538503
0.11091666666666666,-0.04296578468012515
0.111,-0.027330676279557105
0.11108333333333334,-0.1656782592256362
0.11116666666666666,-0.21379620427518684
0.11125,-0.27791689048631907
0.11133333333333334,-0.2386441958228139
0.11141666666666666,-0.28522218224771034
0.1115,-0.4796987070882124
0.11158333333333334,-0.4116418097891099
0.11166666666666666,-0.4981076054694825
0.11175,-0.37648359519520275
0.11183333333333334,-0.257276859561007
0.11191666666666666,-0.48187060985182706
0.112,-0.2767403110149024
0.11208333333333333,-0.2974774699135371
0.11216666666666666,-0.23237924995458142
0.11225,0.19557125889296004
0.11233333333333333,0.21493637604772567
0.11241666666666666,0.3871640655309759
0.1125,0.21063864524649348
0.11258333333333333,0.051204209324758145
0.11266666666666666,0.45273317820727343
0.11275,0.2769450500733133
0.11283333333333333,0.22570653042226477
0.11291666666666667,0.49399542740547286
0.113,0.4926931021398687
0.11308333333333333,0.6279156820834177
0.11316666666666667,0.5341356793932319
0.11325,0.30703783143827335
0.11333333333333333,0.3009516947905031
0.11341666666666667,0.015776131253674795
0.1135,-0.07485019254765163
0.11358333333333333,0.11414750481273392
0.11366666666666667,-0.1369430876002651
0.11375,-0.13231581803213113
0.11383333333333333,0.12141983890214275
0.11391666666666667,-0.08453295711115817
0.114,-0.39801143008091555
0.11408333333333333,-0.4353582458013198
0.11416666666666667,-0.3961106343694997
0.11425,-0.6280622897086847
0.11433333333333333,-0.4791430188389812
0.11441666666666667,-0.09964515060035184
0.1145,-0.09717380235444509
0.11458333333333333,0.14116414734565214
0.11466666666666667,0.1402982452408193
0.11475,-0.1355257848032389
0.11483333333333333,-0.1768581861502601
0.11491666666666667,-0.3639196049045165
0.115,-0.2854372556942948
0.11508333333333333,-0.17982113058367452
0.11516666666666667,-0.1604635979579532
0.11525,0.17705895517573625
0.11533333333333333,0.08438604659954482
0.11541666666666667,-0.13611371834544952
0.1155,-0.15257687027340497
0.11558333333333333,-0.30098426609693657
0.11566666666666667,-0.21502265500312606
0.11575,-0.02632178325303374
0.11583333333333333,0.11575595593905419
0.11591666666666667,0.19184675729143588
0.116,0.13570678022841345
0.11608333333333333,0.1119346582210358
0.11616666666666667,0.1633007347007144
0.11625,0.13138447947901447
0.11633333333333333,-0.09953413171968603
0.11641666666666667,-0.04218467357124608
0.1165,0.2710690161970104
0.11658333333333333,0.40860709609083634
0.11666666666666667,0.5259512702781001
0.11675,0.5379836554163682
0.11683333333333333,0.386084693033105
0.11691666666666667,0.38136182912922945
0.117,0.30598358999501807
0.11708333333333333,0.15207469392962578
0.11716666666666667,0.37865599953298723
0.11725,0.4026339228736835
0.11733333333333333,0.2639780772676469
0.11741666666666667,0.29193943764363794
0.1175,-0.05031311699489809
0.11758333333333333,-0.1886564649500523
0.11766666666666667,-0.2435625078137118
0.11775,-0.42965701108138465
0.11783333333333333,-0.25296854903084287
0.11791666666666667,-0.463454926833783
0.118,-0.6871825164565676
0.11808333333333333,-0.5961157478602768
0.11816666666666667,-0.6587205076554078
0.11825,-0.43646600952406234
0.11833333333333333,-0.5248722949278998
0.11841666666666667,-0.6825338958862986
0.1185,-0.3034061066901982
0.11858333333333333,-0.4104686245326238
0.11866666666666667,-0.5967964316923646
0.11875,-0.4762433113226415
0.11883333333333333,-0.4767763545812434
0.11891666666666667,-0.2514687001487474
0.119,0.013292068324667984
0.11908333333333333,0.16025647292544828
0.11916666666666667,0.293126974290681
0.11925,0.4080823393525994
0.11933333333333333,0.5512066188548523
0.11941666666666667,0.5013408359451172
0.1195,0.32201725152129673
0.11958333333333333,0.1665699360904199
0.11966666666666667,0.06532932363565733
0.11975,0.10224693222068448
0.11983333333333333,0.3327582763993705
0.11991666666666667,0.46176174574523887
0.12,0.17562555400844343
0.12008333333333333,0.008039694898112903
0.12016666666666667,-0.027826939718703002
0.12025,-0.21738289851002568
0.12033333333333333,-0.25322514443661576
0.12041666666666667,-0.18705407321886316
0.1205,0.026069286786421834
0.12058333333333333,0.10128906282825134
0.12066666666666667,-0.15824849540094263
0.12075,-0.23451565410568306
0.12083333333333333,-0.15860275143435285
0.12091666666666667,-0.09370246415730332
0.121,0.07086372014173592
0.12108333333333333,0.33606693334338145
0.12116666666666667,0.3771073776264476
0.12125,0.18983903966785906
0.12133333333333333,0.1917347079299853
0.12141666666666667,-0.014429435184422967
0.1215,-0.24963452274513528
0.12158333333333333,0.032118227464250096
0.12166666666666667,0.03183316799694731
0.12175,0.010414770441305725
0.12183333333333334,0.31279553964902534
0.12191666666666667,0.13371639381289674
0.122,0.011998233940096328
0.12208333333333334,0.02319257518465142
0.12216666666666667,-0.029789631245756988
0.12225,0.04987041931441844
0.12233333333333334,-0.2243308628267994
0.12241666666666666,-0.1549015806549034
0.1225,-0.06137244879130501
0.12258333333333334,-0.39772660833365464
0.12266666666666666,-0.18398889685441874
0.12275,-0.3253450074757515
0.12283333333333334,-0.6113173305846569
0.12291666666666666,-0.27653051792473693
0.123,-0.37940168158663196
0.12308333333333334,-0.3723284974319787
0.12316666666666666,-0.12401659681575858
0.12325,-0.3438979841805763
0.12333333333333334,-0.34053493851406774
0.12341666666666666,-0.27648068000989495
0.1235,-0.44913544132242106
0.12358333333333334,-0.43902002674238483
0.12366666666666666,-0.3213656497450832
0.12375,-0.09004544806070618
0.12383333333333334,-0.017867860016536202
0.12391666666666666,0.0070673692498773545
0.124,0.1644702189746164
0.12408333333333334,-0.013608828720640585
0.12416666666666666,0.10364251562030494
0.12425,0.391661787334725
0.12433333333333334,0.2810418228342712
0.12441666666666666,0.352990505488767
0.1245,0.21475434330218843
0.12458333333333334,0.034309162135740666
0.12466666666666666,0.14342270804326865
0.12475,-0.10852932618357541
0.12483333333333334,-0.14478313574475998
0.12491666666666666,0.04060824343335188
0.125,0.0691615847238205
0.12508333333333332,0.3815049175635876
0.12516666666666668,0.4154175241345834
0.12525,0.23821296397691774
0.12533333333333332,0.19736320315535863
0.12541666666666668,-0.04079608126396859
0.1255,-0.02903116347655077
0.12558333333333332,0.016665118961611845
0.12566666666666668,0.04531568914988785
0.12575,0.2520685745622214
0.12583333333333332,0.15130907904338178
0.12591666666666668,0.22828384397148874
0.126,0.28924446869252735
0.12608333333333333,0.1997795690177482
0.12616666666666668,0.3836943890251191
0.12625,0.27448184459846375
0.12633333333333333,0.39586352494627647
0.12641666666666668,0.6871117927066084
0.1265,0.5296552957557538
0.12658333333333333,0.5440746158321098
0.12666666666666668,0.28554005555936124
0.12675,-0.16379490973618768
0.12683333333333333,-0.16681440897774052
0.12691666666666668,-0.27417898935112306
0.127,-0.19887969469348635
0.12708333333333333,0.05322882741248381
0.12716666666666668,-0.1757748568778579
0.12725,-0.21250943289541704
0.12733333333333333,-0.13705051723096703
0.12741666666666668,-0.47506724372575204
0.1275,-0.464095218500787
0.12758333333333333,-0.5909624270629771
0.12766666666666668,-0.9516438516783714
0.12775,-0.5561426092035308
0.12783333333333333,-0.5564576517319649
0.12791666666666668,-0.8533363992393759
0.128,-0.4173199690869072
0.12808333333333333,-0.23247081441252404
0.12816666666666668,-0.23634440873912957
0.12825,-0.1431642030573235
0.12833333333333333,-0.1455295548573434
0.12841666666666668,-0.08116561764938107
0.1285,-0.17525100284389053
0.12858333333333333,-0.08646441045939046
0.12866666666666668,0.06937154143927796
0.12875,-0.00018015218062989656
0.12883333333333333,0.1764660068363889
0.12891666666666668,0.3239278663482976
0.129,0.22563705223257682
0.12908333333333333,0.2552422402319177
0.12916666666666668,0.2653459488226794
0.12925,0.11550892639056484
0.12933333333333333,0.28263579821369017
0.12941666666666668,0.41135357773295683
0.1295,0.025446224585045578
0.12958333333333333,0.011493533597867346
0.12966666666666668,0.040199446053928355
0.12975,-0.3317822978391435
0.12983333333333333,-0.1162306641765925
0.12991666666666668,0.013379235129114923
0.13,-0.3900537679892455
0.13008333333333333,-0.4889720105493667
0.13016666666666668,-0.40730702715196576
0.13025,-0.21103161629649894
0.13033333333333333,-0.09632088255741203
0.13041666666666665,-0.006259238154474344
0.1305,0.28641483114734123
0.13058333333333333,0.15623129192157803
0.13066666666666665,0.0939383909561827
0.13075,0.38496117543726194
0.13083333333333333,0.2670533910015761
0.13091666666666665,0.11627495700668189
0.131,0.19737225068104444
0.13108333333333333,0.19577081618801792
0.13116666666666665,0.2525313309853566
0.13125,0.38172975495625655
0.13133333333333333,0.3650008310281069
0.13141666666666665,0.30543715227126667
0.1315,0.21328715242452764
0.13158333333333333,0.030058851436439944
0.13166666666666665,0.051442447371204104
0.13175,0.11091553482598095
0.13183333333333333,0.12944805349958674
0.13191666666666665,0.12301466487091929
0.132,-0.11458509537433102
0.13208333333333333,-0.134984488451134
0.13216666666666665,-0.10650759497877858
0.13225,-0.2988228388794454
0.13233333333333333,-0.28478341979948524
0.13241666666666665,-0.19321265715728975
0.1325,-0.04392048855528432
0.13258333333333333,0.13163662023035155
0.13266666666666665,0.0921795254728995
0.13275,0.04796252702958062
0.13283333333333333,0.018953998060758266
0.13291666666666666,-0.03009998538502763
0.133,0.028330970665433212
0.13308333333333333,-0.030348954204434793
0.13316666666666666,-0.1968189327819337
0.13325,-0.09873730070900802
0.13333333333333333,-0.12081812374345832
0.13341666666666666,-0.31066134901573106
0.1335,-0.07116948252484823
0.13358333333333333,-0.12723454488463842
0.13366666666666666,-0.37400776059484286
0.13375,-0.1190234846518915
0.13383333333333333,-0.25555348161364366
0.13391666666666666,-0.4461157809747196
0.134,-0.31772644867854233
0.13408333333333333,-0.44076829173928106
0.13416666666666666,-0.4590388695336927
0.13425,-0.32207607491871976
0.13433333333333333,-0.25298969868874743
0.13441666666666666,-0.29434247976560857
0.1345,-0.19427601691739155
0.13458333333333333,-0.08660942553987985
0.13466666666666666,-0.1472083735295406
0.13475,0.007030259551966462
0.13483333333333333,0.0029463583047209868
0.13491666666666666,0.02367191973358334
0.135,0.16303645141483197
0.13508333333333333,0.12336209688560762
0.13516666666666666,0.16100772068986893
0.13525,0.09819858745155714
0.13533333333333333,0.0498365351283984
0.13541666666666666,0.08854188288180367
0.1355,0.31532886548001304
0.13558333333333333,0.31739682961848076
0.13566666666666666,-0.039051354846333756
0.13575,0.04669479589335727
0.13583333333333333,-0.12311496160034935
0.13591666666666666,-0.2539897246357624
0.136,0.09158689496444197
0.13608333333333333,-0.057145341923268415
0.13616666666666666,-0.21246895505496158
0.13625,-0.2976416005260098
0.13633333333333333,-0.34251395092031556
0.13641666666666666,-0.12509593991376192
0.1365,-0.20229162219028948
0.13658333333333333,-0.09080393020105214
0.13666666666666666,0.017928257664995978
0.13675,-0.17314082088704608
0.13683333333333333,0.04982680215398833
0.13691666666666666,0.29621239518890974
0.137,0.29274945318601986
0.13708333333333333,0.27774917456508175
0.13716666666666666,0.3949217462416466
0.13725,0.44243351592613717
0.13733333333333334,0.30327921435093735
0.13741666666666666,0.3029268200694546
0.1375,0.038950111598292335
0.13758333333333334,-0.044549215946308625
0.13766666666666666,0.33341645706792333
0.13775,0.34995095327240994
0.13783333333333334,0.5929070431166586
0.13791666666666666,0.8410760450362009
0.138,0.2583583094924323
0.13808333333333334,-0.07116979853761186
0.13816666666666666,0.07863470485492513
0.13825,0.06287567638930935
0.13833333333333334,0.14561694108027412
0.13841666666666666,0.13179599911802695
0.1385,-0.024133371027683384
0.13858333333333334,-0.038861201678453534
0.13866666666666666,-0.25839317503556436
0.13875,-0.5147059340598986
0.13883333333333334,-0.7050859606757404
0.13891666666666666,-0.9541741496607047
0.139,-0.8844170741629731
0.13908333333333334,-0.6193725514074669
0.13916666666666666,-0.47564557196689927
0.13925,-0.5097406868056705
0.13933333333333334,-0.45557283284988026
0.13941666666666666,-0.30224521776899593
0.1395,-0.3210120957760655
0.13958333333333334,-0.19493545053698783
0.13966666666666666,-0.008005986673359437
0.13975,0.11614501627746901
0.13983333333333334,0.2808932709010008
0.13991666666666666,0.378737181002608
0.14,0.5254507211466689
0.14008333333333334,0.6754004971172545
0.14016666666666666,0.7731705601228761
0.14025,0.7439990217885611
0.14033333333333334,0.5737506726571107
0.14041666666666666,0.33074340191881124
0.1405,0.14987845476132045
0.14058333333333334,0.07833326915885674
0.14066666666666666,-0.17105774438120547
0.14075,-0.3373648643760926
0.14083333333333334,-0.36145261768334214
0.14091666666666666,-0.363331122711956
0.141,-0.28088392612646956
0.14108333333333334,-0.2624720899402112
0.14116666666666666,-0.1023393930542149
0.14125,-0.06050982270452728
0.14133333333333334,-0.19427954192167174
0.14141666666666666,-0.21955160441770913
0.1415,-0.20650200830366097
0.14158333333333334,0.07380459958157229
0.14166666666666666,0.3506858310378934
0.14175,0.4835605942867141
0.14183333333333334,0.5720588767608733
0.14191666666666666,0.42020849009771793
0.142,0.40034849365316016
0.14208333333333334,0.4424318160408246
0.14216666666666666,0.3208543656899152
0.14225,0.4087323370584957
0.14233333333333334,0.6081428532966582
0.14241666666666666,0.7234466764125965
0.1425,0.7366338863258404
0.14258333333333334,0.5758454245128283
0.14266666666666666,0.38858904636947467
0.14275,0.16643902901615854
0.14283333333333334,-0.25314715170349544
0.14291666666666666,-0.43116088426397187
0.143,-0.2520212304458581
0.14308333333333334,-0.38250277093181206
0.14316666666666666,-0.5758305871300526
0.14325,-0.5746432791247061
0.14333333333333334,-0.4666116448675176
0.14341666666666666,-0.160818446931827
0.1435,-0.25253294404993754
0.14358333333333334,-0.39879634838350125
0.14366666666666666,-0.36673916706943055
0.14375,-0.5362866601662735
0.14383333333333334,-0.28830308671126764
0.14391666666666666,-0.2340599640331244
0.144,-0.5011848558797346
0.14408333333333334,-0.2899597844371109
0.14416666666666667,-0.2699066041315136
0.14425,-0.14955667485890678
0.14433333333333334,0.11552725436613132
0.14441666666666667,0.0015689349527469372
0.1445,0.14842503626679274
0.14458333333333334,0.1528156171312561
0.14466666666666667,-0.08020416559847832
0.14475,-0.03304030244353998
0.14483333333333334,-0.023350259371912964
0.14491666666666667,-0.09411282384984115
0.145,-0.2732861521273333
0.14508333333333334,-0.4205974822879751
0.14516666666666667,-0.48944657296035426
0.14525,-0.508407839923874
0.14533333333333334,-0.41976365591344594
0.14541666666666667,-0.4662591863354748
0.1455,-0.3440613153613984
0.14558333333333334,-0.1433449408479264
0.14566666666666667,-0.07376701420422163
0.14575,0.05308867119666839
0.14583333333333334,0.013876519604295943
0.14591666666666667,0.03803328209601938
0.146,0.05819916976291994
0.14608333333333334,-0.13969589988874043
0.14616666666666667,-0.14904790289793585
0.14625,-0.10658299226014402
0.14633333333333334,-0.010722139648029198
0.14641666666666667,0.09042043969073751
0.1465,-0.16055634418120956
0.14658333333333334,-0.07409291305260128
0.14666666666666667,0.33443386829204286
0.14675,0.23788815157556079
0.14683333333333334,0.2660807542665527
0.14691666666666667,0.5264573120197876
0.147,0.44051614343461826
0.14708333333333334,0.4788149378667185
0.14716666666666667,0.4075437111193798
0.14725,0.20702599944217573
0.14733333333333334,0.3539433875288677
0.14741666666666667,0.39944591774327676
0.1475,0.3742701021851278
0.14758333333333334,0.10078120427611606
0.14766666666666667,-0.1388277491273278
0.14775,0.090728302414394
0.14783333333333334,-0.058161639486992524
0.14791666666666667,-0.15269530052390415
0.148,0.0009252139015156647
0.14808333333333334,-0.08319049382785829
0.14816666666666667,-0.012625084887691297
0.14825,-0.08034200114621211
0.14833333333333334,-0.2679144300318821
0.14841666666666667,-0.28792224881254413
0.1485,-0.12963262110077425
0.14858333333333335,0.04404664272729745
0.14866666666666667,-0.13395040448077628
0.14875,-0.05755050521027225
0.14883333333333335,0.0711295397852095
0.14891666666666667,0.030352226240966486
0.149,0.2653155229188574
0.14908333333333335,0.08331207057764532
0.14916666666666667,-0.07665810451048949
0.14925,-0.030370479007582094
0.14933333333333335,-0.1524985151173537
0.14941666666666667,-0.0018500082014705286
0.1495,-0.13182542566040037
0.14958333333333335,-0.2177484924501223
0.14966666666666667,-0.13569765098803513
0.14975,-0.2462957394725861
0.14983333333333335,-0.08863442707170886
0.14991666666666667,-0.02924554348568701
0.15,0.18429815643172495
0.15008333333333335,0.2124490045160999
0.15016666666666667,-0.294298256234812
0.15025,-0.0948355942977874
0.15033333333333335,0.18079574719911937
0.15041666666666667,-0.05688744938797626
0.1505,0.11337632839955603
0.15058333333333335,0.18903987540504774
0.15066666666666667,-0.12936399544584867
0.15075,-0.17005400950065677
0.15083333333333335,-0.17122609674969577
0.15091666666666667,-0.30945801556191715
0.151,-0.36767743431002037
0.15108333333333332,-0.14543332246983628
0.15116666666666667,0.10600202344944601
0.15125,-0.14016584117121703
0.15133333333333332,-0.05920690138997777
0.15141666666666667,0.21771043457153047
0.1515,-0.04508852521514759
0.15158333333333332,0.0951871697849963
0.15166666666666667,0.24897158513825435
0.15175,0.03192471528698828
0.15183333333333332,0.16713090515617293
0.15191666666666667,0.1665017114627207
0.152,-0.04410856067486331
0.15208333333333332,-0.02414917799803632
0.15216666666666667,0.19846326665919803
0.15225,0.24377043719800714
0.15233333333333332,0.1721059459389681
0.15241666666666667,0.38752614353973547
0.1525,0.24805197107012775
0.15258333333333332,0.08569990276074323
0.15266666666666667,0.17584884704004877
0.15275,-0.17519186866327568
0.15283333333333332,-0.27081348627494817
0.15291666666666667,-0.18668911686183398
0.153,-0.28204497975250653
0.15308333333333332,-0.19471943142571074
0.15316666666666667,-0.149154065661983
0.15325,-0.11114957116526869
0.15333333333333332,-0.14925244028305118
0.15341666666666667,-0.029165421531611918
0.1535,0.21818999262651975
0.15358333333333332,0.24516815811223244
0.15366666666666667,0.33821980097331816
0.15375,0.1070131666889406
0.15383333333333332,-0.13832315396149086
0.15391666666666667,0.013512108369760543
0.154,0.0488871231266479
0.15408333333333332,0.12776625113953174
0.15416666666666667,0.18270397341060313
0.15425,0.3880993386306007
0.15433333333333332,0.5545016388756713
0.15441666666666667,0.3161283260693589
0.1545,0.2925943247839791
0.15458333333333332,0.09687870874615864
0.15466666666666667,-0.04286378925857768
0.15475,0.12281159190893023
0.15483333333333332,-0.16323671676069992
0.15491666666666667,-0.2837244633232089
0.155,-0.16515817285379905
0.15508333333333332,-0.25724857300393156
0.15516666666666667,-0.28011122295768615
0.15525,-0.30266133677632456
0.15533333333333332,-0.44186325982121
0.15541666666666668,-0.4531729098726256
0.1555,-0.2268686514937704
0.15558333333333332,-0.1366704964338603
0.15566666666666668,-0.25688954804381076
0.15575,-0.2587727634058355
0.15583333333333332,-0.11793289667780442
0.15591666666666668,-0.08997744265240558
0.156,-0.02257344198598909
0.15608333333333332,0.18113728024521
0.15616666666666668,0.20801216591873298
0.15625,0.2229305728476632
0.15633333333333332,0.26774739567214895
0.15641666666666668,0.23182808329979745
0.1565,0.1152625554586823
0.15658333333333332,-0.04568603474734436
0.15666666666666668,-0.04587927155145736
0.15675,-0.25946191978789046
0.15683333333333332,-0.44638604969337137
0.15691666666666668,-0.15987849312830518
0.157,-0.22262548230933377
0.15708333333333332,-0.3597715190766319
0.15716666666666668,-0.26484250100588724
0.15725,-0.5505123048556543
0.15733333333333333,-0.39616164603974674
0.15741666666666668,-0.043294021621997816
0.1575,-0.130068611234494
0.15758333333333333,-0.007573904076973941
0.15766666666666668,-0.08698350867671689
0.15775,-0.05796539557476905
0.15783333333333333,0.18938181385840067
0.15791666666666668,0.13907638861075558
0.158,0.26687404008321625
0.15808333333333333,0.07403935334097081
0.15816666666666668,0.06919795769861592
0.15825,0.4779762705648383
0.15833333333333333,0.35251777736927165
0.15841666666666668,0.4552674821645098
0.1585,0.4946257011051028
0.15858333333333333,0.274409306062051
0.15866666666666668,0.35206733517850736
0.15875,0.3459349235538152
0.15883333333333333,0.28041293636407305
0.15891666666666668,0.10004272220676885
0.159,0.2304589501283997
0.15908333333333333,0.3013651797400898
0.15916666666666668,-0.05479372195611592
0.15925,0.003435858049447924
0.15933333333333333,-0.013749514890910822
0.15941666666666668,-0.06232585259988881
0.1595,0.10380929259131846
0.15958333333333333,-0.02834476123699453
0.15966666666666668,-0.20792894440143142
0.15975,-0.3151664997803748
0.15983333333333333,-0.2927575799234714
0.15991666666666668,-0.14230969669102717
0.16,-0.0845034271077903
0.16008333333333333,-0.08026394574195013
0.16016666666666668,0.016953427337577834
0.16025,0.1348015783976119
0.16033333333333333,-0.010448032791786244
0.16041666666666668,-0.2813211203690124
0.1605,-0.28552519868577586
0.16058333333333333,-0.1538869321765847
0.16066666666666668,-0.26329054482511516
0.16075,-0.30608427945951133
0.16083333333333333,-0.06985411354768084
0.16091666666666668,-0.06641404453808569
0.161,-0.13216843231359957
0.16108333333333333,-0.03871667553989313
0.16116666666666668,-0.17567530074200288
0.16125,-0.3018088051120925
0.16133333333333333,-0.027902989424066688
0.16141666666666668,0.16005920957049832
0.1615,-0.049892220681000556
0.16158333333333333,-0.07359697192113693
0.16166666666666665,-0.007140101559565981
0.16175,-0.16339352914771874
0.16183333333333333,-0.17253791651485056
0.16191666666666665,-0.13881915301887546
0.162,0.010274681501432605
0.16208333333333333,0.33673163059381733
0.16216666666666665,0.25013217032410545
0.16225,-0.07486751439564729
0.16233333333333333,0.04189571137249726
0.16241666666666665,0.16407338305294963
0.1625,-0.01838133106565845
0.16258333333333333,0.10617001043554343
0.16266666666666665,0.24407853445396027
0.16275,0.10619252084234934
0.16283333333333333,-0.024533650819781223
0.16291666666666665,0.03402856293758758
0.163,0.3291346826279318
0.16308333333333333,0.24161475882900443
0.16316666666666665,0.13400981095129674
0.16325,0.317254810428129
0.16333333333333333,-0.06964658663015078
0.16341666666666665,-0.21485406069827973
0.1635,0.12139759348307982
0.16358333333333333,-0.1394086604940443
0.16366666666666665,-0.02340643623694307
0.16375,0.31124785756754314
0.16383333333333333,-0.00621433989224763
0.16391666666666665,0.21853477061424
0.164,0.328411579764341
0.16408333333333333,-0.11398906244733072
0.16416666666666666,-0.13877903140250497
0.16425,-0.39664449743009667
0.16433333333333333,-0.5348360566476191
0.16441666666666666,-0.18146150185905835
0.1645,-0.00532328395179358
0.16458333333333333,0.0898799235428534
0.16466666666666666,0.026619597522912247
0.16475,0.0035301609102485537
0.16483333333333333,-0.0037393278100536506
0.16491666666666666,-0.15654391325753483
0.165,-0.10763721682054916
0.16508333333333333,-0.1118587332919192
0.16516666666666666,0.04016656232044042
0.16525,0.30580360287274866
0.16533333333333333,0.20543417387162194
0.16541666666666666,0.1627367981133022
0.1655,0.023138316025344795
0.16558333333333333,-0.19406644409440088
0.16566666666666666,0.0075209366680224895
0.16575,0.07955702932272232
0.16583333333333333,-0.09051986595422795
0.16591666666666666,0.11520940781317766
0.166,0.36325146508780837
0.16608333333333333,0.11061923407544372
0.16616666666666666,-0.2020298918775044
0.16625,-0.036163565910619706
0.16633333333333333,0.17183771147060686
0.16641666666666666,-0.094151280662918
0.1665,-0.17461421100343008
0.16658333333333333,-0.02723741305026428
0.16666666666666666,-0.23587409066574597
0.16675,-0.09504356246339254
0.16683333333333333,0.23005448888849142
0.16691666666666666,-0.05942677113228159
0.167,-0.30816083897066016
0.16708333333333333,-0.19654144186380584
0.16716666666666666,-0.09450467390257297
0.16725,0.0487540185064653
0.16733333333333333,0.052671564200078715
0.16741666666666666,-0.13446730335405485
0.1675,0.01028890082524151
0.16758333333333333,0.15332575583852628
0.16766666666666666,0.11417401963914292
0.16775,0.34245149912655937
0.16783333333333333,0.4335676487294723
0.16791666666666666,0.33373569726608054
0.168,0.3568830306345626
0.16808333333333333,0.3952769716268539
0.16816666666666666,0.1299672856671572
0.16825,-0.3551916126971333
0.16833333333333333,-0.3141106402604885
0.16841666666666666,-0.21480766985032493
0.1685,-0.2774053687389108
0.16858333333333334,0.09997555967775615
0.16866666666666666,0.025664258703919758
0.16875,-0.09996785688964252
0.16883333333333334,0.2056488299947554
0.16891666666666666,-0.22384658640339575
0.169,-0.4416910931178202
0.16908333333333334,-0.21769820963500394
0.16916666666666666,-0.2810807471050968
0.16925,-0.061144237369375305
0.16933333333333334,0.05404505368274131
0.16941666666666666,0.04381426833520572
0.1695,-0.13067037553201974
0.16958333333333334,-0.3903189447754748
0.16966666666666666,-0.22231011547078663
0.16975,-0.24109774406579493
0.16983333333333334,-0.08088236412949648
0.16991666666666666,0.1261917674719858
0.17,-0.008618367940289438
0.17008333333333334,0.20835686873344236
0.17016666666666666,0.22006889965346169
0.17025,0.1458929951349401
0.17033333333333334,0.09421809528476108
0.17041666666666666,-0.15206715553808675
0.1705,0.13573983596405576
0.17058333333333334,0.18195817235827202
0.17066666666666666,0.030438106724928325
0.17075,0.28554812874494057
0.17083333333333334,0.23313188593828396
0.17091666666666666,0.27946140974586753
0.171,0.475085594726314
0.17108333333333334,0.4870194197022129
0.17116666666666666,0.5429258301139332
0.17125,0.44770255702073014
0.17133333333333334,0.24385926520326187
0.17141666666666666,0.17854201003580703
0.1715,0.35711717118703645
0.17158333333333334,0.44406347180050815
0.17166666666666666,0.2525082601215938
0.17175,0.1621566564788279
0.17183333333333334,0.15521658336935654
0.17191666666666666,-0.07412258099516031
0.172,-0.11936957942975068
0.17208333333333334,-0.054684680077719074
0.17216666666666666,-0.43536185196096155
0.17225,-0.26299202304468916
0.17233333333333334,0.016693516786447885
0.17241666666666666,-0.177167893469176
0.1725,0.2715260224040042
0.17258333333333334,0.2337574738584636
0.17266666666666666,-0.1272423787134469
0.17275,-0.03435046952158361
0.17283333333333334,-0.4236641350449273
0.17291666666666666,-0.5027949297611519
0.173,-0.3977766468793388
0.17308333333333334,-0.2874614787037521
0.17316666666666666,0.16077056211997998
0.17325,0.08275726131812161
0.17333333333333334,0.18576062527175138
0.17341666666666666,0.24216999408034742
0.1735,-0.3584959086686966
0.17358333333333334,-0.32682487101152163
0.17366666666666666,-0.14865726967416182
0.17375,-0.3256014719791164
0.17383333333333334,-0.21789337192572275
0.17391666666666666,-0.316741451249861
0.174,-0.49950203850976826
0.17408333333333334,-0.4198228543095719
0.17416666666666666,-0.5376515340314039
0.17425,-0.6629282709695141
0.17433333333333334,-0.5879918211224495
0.17441666666666666,-0.4693485402886295
0.1745,-0.21326002313597084
0.17458333333333334,-0.01233010129053922
0.17466666666666666,0.1303744137738782
0.17475,0.2714003922213035
0.17483333333333334,-0.017818172955820985
0.17491666666666666,-0.24084776434689917
0.175,-0.12199694094908374
0.17508333333333334,-0.02995388411638587
0.17516666666666666,0.40731452135512025
0.17525,0.688220248170256
0.17533333333333334,0.537239220732982
0.17541666666666667,0.6147108526885202
0.1755,0.6446429366344507
0.17558333333333334,0.5303622617519238
0.17566666666666667,0.4301637771998163
0.17575,0.500140195143751
0.17583333333333334,0.6848819355526812
0.17591666666666667,0.48040797556502135
0.176,0.4567639531892704
0.17608333333333334,0.39498356353957165
0.17616666666666667,-0.09451468264251706
0.17625,0.010784359374556393
0.17633333333333334,0.027407301996740907
0.17641666666666667,-0.3351864755956631
0.1765,-0.21776840086568372
0.17658333333333334,-0.17586409472610456
0.17666666666666667,-0.16159166600379488
0.17675,0.07779578315692288
0.17683333333333334,0.05651365903637077
0.17691666666666667,-0.13127449864332
0.177,-0.07160388891909092
0.17708333333333334,0.015828106397391503
0.17716666666666667,-0.07549526300628803
0.17725,0.12766637967566052
0.17733333333333334,0.30934173449130586
0.17741666666666667,0.1952961563605555
0.1775,0.134302672631307
0.17758333333333334,0.2546188303624741
0.17766666666666667,0.3839425240043039
0.17775,0.2691315617713117
0.17783333333333334,0.5219998134902072
0.17791666666666667,0.5592354213198473
0.178,0.06515837843274011
0.17808333333333334,-0.0235114283359679
0.17816666666666667,-0.37457053812640384
0.17825,-0.6271788268751121
0.17833333333333334,-0.4258121560804835
0.17841666666666667,-0.49978906006083007
0.1785,-0.39775424626806194
0.17858333333333334,-0.26546673362647877
0.17866666666666667,-0.4647657674969266
0.17875,-0.7606584393270183
0.17883333333333334,-0.8034387037942338
0.17891666666666667,-0.5679016557411107
0.179,-0.6140128334028626
0.17908333333333334,-0.6171654415716977
0.17916666666666667,-0.3107915502990281
0.17925,-0.3383025862235818
0.17933333333333334,-0.5358865019499212
0.17941666666666667,-0.4328244118881986
0.1795,-0.3913317068598316
0.17958333333333334,-0.4317467008110557
0.17966666666666667,-0.2761847341438821
0.17975,-0.22221804213848192
0.17983333333333335,-0.10134506038509
0.17991666666666667,0.15154281019164573
0.18,0.0854963627425396
0.18008333333333335,-0.024571108566098537
0.18016666666666667,0.05838637226342717
0.18025,0.19341588029410478
0.18033333333333335,0.29337204082296375
0.18041666666666667,0.38975169590897724
0.1805,0.5973281276912541
0.18058333333333335,0.6223051036084818
0.18066666666666667,0.4449395607707723
0.18075,0.3331170766252687
0.18083333333333335,0.24545673093330259
0.18091666666666667,0.2911538840098262
0.181,0.3793153101972502
0.18108333333333335,0.43544749516546866
0.18116666666666667,0.6574642593743387
0.18125,0.7077285351318328
0.18133333333333335,0.39889260113552316
0.18141666666666667,0.15391375995858084
0.1815,-0.08751024184569743
0.18158333333333335,-0.40621630661781255
0.18166666666666667,-0.25216096507602925
0.18175,0.014328321483301276
0.18183333333333335,-0.08323338684108732
0.18191666666666667,-0.018481757953455254
0.182,0.006700814796741768
0.18208333333333335,-0.23911627108200115
0.18216666666666667,-0.26953010459163695
0.18225,-0.1082879885774439
0.18233333333333332,-0.0636129697212802
0.18241666666666667,0.08027151405201917
0.1825,0.41474865289750124
0.18258333333333332,0.3864437817956521
0.18266666666666667,0.08212550332560246
0.18275,-0.05867066363815892
0.18283333333333332,-0.05967897797607109
0.18291666666666667,-0.03315088466685338
0.183,-0.03527252663189983
0.18308333333333332,0.14762064416098783
0.18316666666666667,0.15832633171563035
0.18325,-0.13233073581975233
0.18333333333333332,-0.11680876214417296
0.18341666666666667,-0.3159222411454234
0.1835,-0.6892855567388381
0.18358333333333332,-0.3489138439338836
0.18366666666666667,-0.05242757657600119
0.18375,-0.05167124672792262
0.18383333333333332,0.24309014255739758
0.18391666666666667,0.082291746815883
0.184,-0.12535622748696432
0.18408333333333332,0.13722997619053082
0.18416666666666667,-0.16679800190244978
0.18425,-0.10324462404190951
0.18433333333333332,0.4363241106743734
0.18441666666666667,0.38467015840249885
0.1845,0.6756270037230451
0.18458333333333332,0.8539899352844214
0.18466666666666667,0.621973259427579
0.18475,0.5728514401284169
0.18483333333333332,0.09875290220795505
0.18491666666666667,-0.131031120719635
0.185,-0.032812501120007644
0.18508333333333332,-0.2272436852957542
0.18516666666666667,-0.08677219342590772
0.18525,-0.09607278782244293
0.18533333333333332,-0.48130301028019307
0.18541666666666667,-0.6638384203025196
0.1855,-0.8982941073279274
0.18558333333333332,-0.9215636089922603
0.18566666666666667,-0.6396830682352235
0.18575,-0.5470056969558458
0.18583333333333332,-0.5354046108204853
0.18591666666666667,-0.5017622260667048
0.186,-0.489666459733222
0.18608333333333332,-0.4115054196074347
0.18616666666666667,-0.23670863390408658
0.18625,-0.08842699356947388
0.18633333333333332,-0.012606707487268215
0.18641666666666667,0.3367788931211585
0.1865,0.6737087681575443
0.18658333333333332,0.7377671876814831
0.18666666666666668,1.056948653230633
0.18675,1.1603483870985667
0.18683333333333332,1.0421273731014362
0.18691666666666668,1.0348113071507619
0.187,0.6593959214010519
0.18708333333333332,0.5005179331278031
0.18716666666666668,0.29571035386488587
0.18725,-0.23276243814065625
0.18733333333333332,-0.3603172187740834
0.18741666666666668,-0.6142866479570595
0.1875,-0.7716560317423666
0.18758333333333332,-0.6342653769059068
0.18766666666666668,-0.5161285042035301
0.18775,-0.18765486810771384
0.18783333333333332,-0.2852610091929917
0.18791666666666668,-0.34648400216649
0.188,0.014975374354747745
0.18808333333333332,-0.045162426904049806
0.18816666666666668,0.034945085591166755
0.18825,0.22449304402993367
0.18833333333333332,-0.0634438155069283
0.18841666666666668,-0.09499873835371614
0.1885,0.08797215541116374
0.18858333333333333,0.06466789276930394
0.18866666666666668,0.3532302358507582
0.18875,0.5955223656978419
0.18883333333333333,0.5175882925322387
0.18891666666666668,0.7025906402660765
0.189,0.6794735830544135
0.18908333333333333,0.5868506041926035
0.18916666666666668,0.5858906591802973
0.18925,0.12605980887237014
0.18933333333333333,-0.11313104075983424
0.18941666666666668,-0.35927314518652675
0.1895,-0.5578440246916757
0.18958333333333333,-0.24770486936965644
0.18966666666666668,-0.38831551137249887
0.18975,-0.36545665145196216
0.18983333333333333,-0.1418256413367544
0.18991666666666668,-0.19096367656330185
0.19,0.13571851324011705
0.19008333333333333,0.06920159683898125
0.19016666666666668,-0.08479913169719686
0.19025,0.05335385909902995
0.19033333333333333,-0.20018987564829038
0.19041666666666668,-0.24715516655995903
0.1905,-0.13063192912814495
0.19058333333333333,-0.23715400298061087
0.19066666666666668,-0.3684974184460834
0.19075,-0.3737269275118649
0.19083333333333333,-0.14089001061428666
0.19091666666666668,0.03262564811600662
0.191,0.11610332594635445
0.19108333333333333,0.17600796809239186
0.19116666666666668,0.07258606233949008
0.19125,0.0820120198385702
0.19133333333333333,0.061203105366446915
0.19141666666666668,-0.2198202338271563
0.1915,-0.4072415753501507
0.19158333333333333,-0.48389090698954124
0.19166666666666668,-0.4267305828706909
0.19175,-0.2623668049417625
0.19183333333333333,-0.15510186542662716
0.19191666666666668,-0.013860051925817081
0.192,-0.07868791536328287
0.19208333333333333,-0.31219218119950976
0.19216666666666668,-0.18740034567337185
0.19225,0.08277324122746554
0.19233333333333333,0.12038074078931657
0.19241666666666668,0.18187299318241565
0.1925,0.17032517505434616
0.19258333333333333,-0.036708601022629246
0.19266666666666668,-0.15367615719919828
0.19275,-0.20218157556235716
0.19283333333333333,-0.2555697036619098
0.19291666666666665,-0.20020161296575686
0.193,0.09179430938505848
0.19308333333333333,0.3004724234520153
0.19316666666666665,0.21076543873087633
0.19325,0.3577688793458366
0.19333333333333333,0.6079357778875479
0.19341666666666665,0.5250468595189139
0.1935,0.531215471328268
0.19358333333333333,0.7170097895940888
0.19366666666666665,0.6490889455901299
0.19375,0.46287932593765097
0.19383333333333333,0.5062110881252877
0.19391666666666665,0.42137610963243066
0.194,0.11366583896162812
0.19408333333333333,0.0614992771980542
0.19416666666666665,0.005714957383934206
0.19425,-0.038816572405712145
0.19433333333333333,0.3615521640279692
0.19441666666666665,0.49905331240916906
0.1945,0.23526214198536977
0.19458333333333333,0.2012988733585178
0.19466666666666665,0.005996248860077379
0.19475,-0.34280298567299783
0.19483333333333333,-0.5559627280655677
0.19491666666666665,-0.6221495787673422
0.195,-0.5097491894375873
0.19508333333333333,-0.5622246151154822
0.19516666666666665,-0.3613374060663907
0.19525,-0.25720326438698904
0.19533333333333333,-0.4763613307717388
0.19541666666666666,-0.10792026491996651
0.1955,-0.11218384137104462
0.19558333333333333,-0.263841317715531
0.19566666666666666,0.19205551489287676
0.19575,0.214508686063217
0.19583333333333333,0.3063092662623229
0.19591666666666666,0.4172877617616527
0.196,0.1292357524366844
0.19608333333333333,0.20851760112661943
0.19616666666666666,0.07051351696396307
0.19625,-0.0683685067677659
0.19633333333333333,0.37659703004908107
0.19641666666666666,0.4353334121711812
0.1965,0.3115323242849588
0.19658333333333333,0.272907724696052
0.19666666666666666,0.07014520410516983
0.19675,0.16425564825788055
0.19683333333333333,0.1090699111836914
0.19691666666666666,-0.2378544440520674
0.197,-0.167050417528502
0.19708333333333333,-0.04027332525085557
0.19716666666666666,-0.13057242442012515
0.19725,-0.05979766285735839
0.19733333333333333,-0.21691384517012735
0.19741666666666666,-0.5938956821708296
0.1975,-0.3133728143540201
0.19758333333333333,-0.06249978533938722
0.19766666666666666,-0.210966865375391
0.19775,0.20380652177883676
0.19783333333333333,0.2883481575226612
0.19791666666666666,0.05876423115790259
0.198,0.2962900863443956
0.19808333333333333,0.08500670776266078
0.19816666666666666,-0.14823792798926388
0.19825,-0.17088700020311104
0.19833333333333333,-0.17744243814876842
0.19841666666666666,0.05609815733255607
0.1985,-0.015116254240168873
0.19858333333333333,0.0628868137035465
0.19866666666666666,0.0633458291026234
0.19875,-0.3741225873335908
0.19883333333333333,-0.1747335576712888
0.19891666666666666,0.15125288342116172
0.199,-0.0029935478041450284
0.19908333333333333,0.17693952710823685
0.19916666666666666,0.2764924705003486
0.19925,-0.10981295248140496
0.19933333333333333,-0.02971441784910555
0.19941666666666666,0.19577844545075798
0.1995,0.080128493610109
0.19958333333333333,0.15475704715370023
0.19966666666666666,0.2849061051334246
0.19975,0.37765283289875134
0.19983333333333334,0.44870354271364093
0.19991666666666666,0.452957199351798
0.2,0.372164362675056
0.20008333333333334,0.28865477392075467
0.20016666666666666,0.37286657798065914
0.20025,0.23810440525202478
0.20033333333333334,0.15193213277629644
0.20041666666666666,0.16692051679873857
0.2005,0.04820773936084857
0.20058333333333334,0.1152209490430736
0.20066666666666666,0.0524001166700868
0.20075,0.023290159746365537
0.20083333333333334,-0.178312127145344
0.20091666666666666,-0.5256447978228015
0.201,-0.2896764866242341
0.20108333333333334,-0.29978140671769377
0.20116666666666666,-0.31968509658600613
0.20125,-0.018525497026820707
0.20133333333333334,-0.29501793484849614
0.20141666666666666,-0.5472645214069933
0.2015,-0.5581935731749555
0.20158333333333334,-0.7852904704776725
0.20166666666666666,-0.7024211886764248
0.20175,-0.4263067085355907
0.20183333333333334,-0.44041983974893706
0.20191666666666666,-0.18933380433609184
0.202,0.007282263085591641
0.20208333333333334,-0.24785150615769466
0.20216666666666666,-0.14463758754065173
0.20225,-0.053995026671881226
0.20233333333333334,-0.06961113137708377
0.20241666666666666,0.26951655456982543
0.2025,0.38016718708838504
0.20258333333333334,0.2692417331989689
0.20266666666666666,0.10761907494124884
0.20275,-0.08795829824362986
0.20283333333333334,-0.02030232227204256
0.20291666666666666,0.04213791880614547
0.203,0.04480085122685197
0.20308333333333334,0.24558642130037758
0.20316666666666666,0.328608923586566
0.20325,0.3506089131213689
0.20333333333333334,0.49966476885270306
0.20341666666666666,0.21560931266346317
0.2035,-0.1457084450302621
0.20358333333333334,0.019016894396756676
0.20366666666666666,-0.07717942354304622
0.20375,-0.28359532103911467
0.20383333333333334,-0.14408440233195746
0.20391666666666666,-0.37466921409299525
0.204,-0.5358762185501067
0.20408333333333334,-0.29642670874289234
0.20416666666666666,-0.24875202071501665
0.20425,-0.06841205975649574
0.20433333333333334,0.22567691594358966
0.20441666666666666,0.3170404826403131
0.2045,0.3822676622724482
0.20458333333333334,0.4644051146707917
0.20466666666666666,0.4802278917113997
0.20475,0.11821990465649306
0.20483333333333334,-0.15177203634746353
0.20491666666666666,-0.035867443471550985
0.205,-0.07689065613338553
0.20508333333333334,0.06293574781531557
0.20516666666666666,0.20427594532640336
0.20525,0.153883184370033
0.20533333333333334,0.24358252087477447
0.20541666666666666,0.1666003921037519
0.2055,0.21151877753708348
0.20558333333333334,0.21440407597967312
0.20566666666666666,0.012252771892185866
0.20575,0.0783988727932803
0.20583333333333334,-0.009528107412227253
0.20591666666666666,-0.15420333245738135
0.206,-0.19818726158189343
0.20608333333333334,-0.2928872460433153
0.20616666666666666,-0.19074825981711974
0.20625,-0.17678463438531178
0.20633333333333334,-0.02080292023200858
0.20641666666666666,0.3292348603757664
0.2065,0.2822132087088521
0.20658333333333334,0.31220612097437067
0.20666666666666667,0.3951313159482705
0.20675,0.28167929813056164
0.20683333333333334,0.5281918126078257
0.20691666666666667,0.4417240306092288
0.207,-0.049310272368960566
0.20708333333333334,-0.13979394069248735
0.20716666666666667,-0.33231393001759507
0.20725,-0.3722124559419729
0.20733333333333334,-0.35856052729016324
0.20741666666666667,-0.6627807827091753
0.2075,-0.49303289147991775
0.20758333333333334,-0.3211741747454755
0.20766666666666667,-0.25367490864414877
0.20775,-0.03692096637510329
0.20783333333333334,-0.04645055133012282
0.20791666666666667,-0.00854984444765336
0.208,-0.14789024259565464
0.20808333333333334,-0.2656652093595855
0.20816666666666667,-0.16925122832482054
0.20825,-0.14813875108836724
0.20833333333333334,0.07021080716708615
0.20841666666666667,0.16499659384196455
0.2085,-0.058627846521005604
0.20858333333333334,-0.29003578371009203
0.20866666666666667,-0.36247752572177355
0.20875,-0.2772963748259127
0.20883333333333334,-0.11962934456315083
0.20891666666666667,0.02287588135619003
0.209,0.2406108855195852
0.20908333333333334,0.4832878213905084
0.20916666666666667,0.2440707664435244
0.20925,0.09701572246043608
0.20933333333333334,0.11875023494621095
0.20941666666666667,-0.1275334001839087
0.2095,-0.02165670447486004
0.20958333333333334,-0.059834026351985155
0.20966666666666667,-0.12901017171799825
0.20975,-0.04165249027123962
0.20983333333333334,-0.30592976044438924
0.20991666666666667,-0.14939448595222762
0.21,-0.187966326815113
0.21008333333333334,-0.35672991887147065
0.21016666666666667,-0.002556626911583767
0.21025,-0.04051421024599924
0.21033333333333334,0.08424602022473276
0.21041666666666667,0.1958113131674083
0.2105,-0.04055180796979555
0.21058333333333334,-0.005628960358498165
0.21066666666666667,-0.13509530014171067
0.21075,-0.1432159415348237
0.21083333333333334,-0.03471561581461674
0.21091666666666667,-0.02291542123862072
0.211,0.22894386191519064
0.21108333333333335,0.33005488034082564
0.21116666666666667,0.321690282627422
0.21125,0.3978070099227169
0.21133333333333335,0.29092286949114116
0.21141666666666667,0.19774426980700127
0.2115,0.3367645347613702
0.21158333333333335,0.3963260260875906
0.21166666666666667,0.5720384295022537
0.21175,0.7458370091535483
0.21183333333333335,0.5027817383100879
0.21191666666666667,0.5955057465608969
0.212,0.503833284943872
0.21208333333333335,0.0559938115456452
0.21216666666666667,0.20783324994222224
0.21225,0.10768935008178859
0.21233333333333335,0.060334959306568396
0.21241666666666667,0.25978540685607476
0.2125,0.04526841773947315
0.21258333333333335,0.08176711221796781
0.21266666666666667,-0.17846292285965995
0.21275,-0.4068188295469548
0.21283333333333335,-0.2427956219306351
0.21291666666666667,-0.5477468977064216
0.213,-0.2999420482416295
0.21308333333333335,-0.03731910286711452
0.21316666666666667,-0.39835851605738043
0.21325,-0.2610996427518944
0.21333333333333335,-0.28053289347665306
0.21341666666666667,-0.48742557101113887
0.2135,-0.41444465681170084
0.21358333333333332,-0.3473057795062432
0.21366666666666667,-0.20932147399523424
0.21375,-0.27458284662390486
0.21383333333333332,-0.2727921820901894
0.21391666666666667,-0.2248780988744692
0.214,-0.3078267230565087
0.21408333333333332,-0.05863582411920725
0.21416666666666667,0.08377454362005463
0.21425,0.14379374873931672
0.21433333333333332,0.21266118816010135
0.21441666666666667,0.11034652469342966
0.2145,0.25658755885937273
0.21458333333333332,0.14879469895489617
0.21466666666666667,-0.027290311969682908
0.21475,0.0736386862356953
0.21483333333333332,-0.08647967789230987
0.21491666666666667,-0.04511952087627084
0.215,-0.028884629018896303
0.21508333333333332,-0.27946515776947456
0.21516666666666667,-0.22739691841346443
0.21525,-0.12088275440250994
0.21533333333333332,-0.009589120713195592
0.21541666666666667,0.11521483412370744
0.2155,0.1455797207781581
0.21558333333333332,0.2773548995030848
0.21566666666666667,0.2869337272329039
0.21575,0.13435573683534896
0.21583333333333332,0.10392318180372054
0.21591666666666667,0.09931609709351294
0.216,0.2036009516551015
0.21608333333333332,0.34117520313259664
0.21616666666666667,0.27887315638190485
0.21625,0.2746343530733321
0.21633333333333332,0.26968392088995236
0.21641666666666667,0.3327875226210355
0.2165,0.3363663569641461
0.21658333333333332,0.16336601017659416
0.21666666666666667,0.38676548417154943
0.21675,0.40264474500770286
0.21683333333333332,0.2181673022877019
0.21691666666666667,0.3581988193070716
0.217,0.026230946638871558
0.21708333333333332,-0.21342679529324127
0.21716666666666667,-0.04081078309353622
0.21725,-0.130458315966336
0.21733333333333332,-0.1454379951449097
0.21741666666666667,-0.08259193127262314
0.2175,0.018927775460212983
0.21758333333333332,0.02685821964722507
0.21766666666666667,-0.09730905674725683
0.21775,0.0519940385197835
0.21783333333333332,0.020629900096218585
0.21791666666666668,-0.1502311209983164
0.218,-0.01621621381628361
0.21808333333333332,-0.055199362297300665
0.21816666666666668,-0.19501777400743445
0.21825,-0.07025390590259523
0.21833333333333332,-0.09188439860013653
0.21841666666666668,-0.1464030356907895
0.2185,-0.06383956244577077
0.21858333333333332,-0.24041642007036365
0.21866666666666668,-0.39168156371167645
0.21875,-0.36020047368569696
0.21883333333333332,-0.313263767793439
0.21891666666666668,-0.18836258536592163
0.219,-0.08120146904702256
0.21908333333333332,-0.14165536579602617
0.21916666666666668,-0.37022566488080344
0.21925,-0.3593635409432036
0.21933333333333332,-0.33968033002797005
0.21941666666666668,-0.44735308323117934
0.2195,-0.31451099176053127
0.21958333333333332,-0.4523762266872734
0.21966666666666668,-0.40110531016739637
0.21975,-0.1261308289097526
0.21983333333333333,-0.29059703879153204
0.21991666666666668,-0.0301656555202243
0.22,0.14322345187344668
0.22008333333333333,-0.11121287887388304
0.22016666666666668,-0.02129959177862932
0.22025,0.013122588401531264
0.22033333333333333,0.22101900359598012
0.22041666666666668,0.3349805843440683
0.2205,0.07378593933716392
0.22058333333333333,0.2473733973215313
0.22066666666666668,0.3279370263172164
0.22075,0.3116288684128662
0.22083333333333333,0.5924892647078198
0.22091666666666668,0.433939755063818
0.221,0.3106864842357126
0.22108333333333333,0.5301016478766655
0.22116666666666668,0.44851726204836273
0.22125,0.4361659279555232
0.22133333333333333,0.46953481615072357
0.22141666666666668,0.3592629544808337
0.2215,0.3661282785852367
0.22158333333333333,0.11458108513107366
0.22166666666666668,-0.09943825099414855
0.22175,-0.0892393279415989
0.22183333333333333,-0.19674645875965374
0.22191666666666668,2.02821628478629e-05
0.222,0.2616578079017012
0.22208333333333333,0.15809113308585207
0.22216666666666668,-0.001452688024779624
0.22225,-0.06970578298905383
0.22233333333333333,-0.11165031459649785
0.22241666666666668,-0.06905180746917837
0.2225,-0.03428646090501877
0.22258333333333333,-0.1913997263363761
0.22266666666666668,-0.050152923500037715
0.22275,0.08347300970220731
0.22283333333333333,-0.17313320155224413
0.22291666666666668,-0.054759602291782554
0.223,-0.13457524864765022
0.22308333333333333,-0.39536254540618704
0.22316666666666668,-0.07392001135381364
0.22325,-0.015189464324197238
0.22333333333333333,-0.0511710232880768
0.22341666666666668,0.20984677955314993
0.2235,0.14266351128143198
0.22358333333333333,-0.019678832699440083
0.22366666666666668,0.09248569162306394
0.22375,0.060923934871269306
0.22383333333333333,-0.33922328875540364
0.22391666666666668,-0.4737585333611968
0.224,-0.2847121927177732
0.22408333333333333,-0.16256678676743486
0.22416666666666665,0.013305455283329255
0.22425,-0.00764143803104012
0.22433333333333333,-0.07514135553702998
0.22441666666666665,0.010744528839525924
0.2245,-0.10298715410266954
0.22458333333333333,-0.15741867647647959
0.22466666666666665,-0.13705117500411695
0.22475,-0.14124154852270318
0.22483333333333333,-0.09900473916276854
0.22491666666666665,-0.19405629586677048
0.225,-0.12116795940507318
0.22508333333333333,0.034409908377291736
0.22516666666666665,0.17494074601654383
0.22525,0.4606115769236387
0.22533333333333333,0.4160055481302283
0.22541666666666665,0.39646901775654164
0.2255,0.5109687091981812
0.22558333333333333,0.4675205958826441
0.22566666666666665,0.8555469069742222
0.22575,0.841625029145164
0.22583333333333333,0.4662620980341165
0.22591666666666665,0.7210536422737406
0.226,0.4381338959472334
0.22608333333333333,0.2161695485684038
0.22616666666666665,0.39032389042562593
0.22625,-0.2400711500188356
0.22633333333333333,-0.30499070687590557
0.22641666666666665,-0.05468612517466411
0.2265,-0.40547467491466704
0.22658333333333333,-0.2989775941606773
0.22666666666666666,-0.2856366428747866
0.22675,-0.4338705949940978
0.22683333333333333,-0.3466905541314196
0.22691666666666666,-0.5390050651339499
0.227,-0.47777645882499975
0.22708333333333333,-0.4652261488073238
0.22716666666666666,-0.679725951924881
0.22725,-0.47286377285510717
0.22733333333333333,-0.4706465356998948
0.22741666666666666,-0.3664579557566809
0.2275,-0.1666584712615495
0.22758333333333333,-0.33831922882201193
0.22766666666666666,-0.07065271420784153
0.22775,0.0926620073983292
0.22783333333333333,0.028513573933320997
0.22791666666666666,0.20999896223035017
0.228,0.2501051147004124
0.22808333333333333,0.394487551758244
0.22816666666666666,0.43443316819027994
0.22825,0.2968793282495443
0.22833333333333333,0.23779587608640584
0.22841666666666666,0.2077529023537476
0.2285,0.29356255161481065
0.22858333333333333,0.285250529883028
0.22866666666666666,0.3613943783260737
0.22875,0.40029332482066404
0.22883333333333333,0.18999661225578443
0.22891666666666666,0.1374021669700583
0.229,0.13848662014004148
0.22908333333333333,0.0994556955239381
0.22916666666666666,0.04392776585777296
0.22925,0.1194479821038326
0.22933333333333333,0.25757648198121524
0.22941666666666666,0.10793512326673557
0.2295,-0.06621964374980571
0.22958333333333333,-0.22534911614012118
0.22966666666666666,-0.39771515071538405
0.22975,-0.45959438653927054
0.22983333333333333,-0.26475692386996463
0.22991666666666666,0.0003318488430270529
0.23,-0.07125438420022698
0.23008333333333333,-0.10809878037333165
0.23016666666666666,-0.16559619534253184
0.23025,-0.2297520953867415
0.23033333333333333,-0.19368131873080166
0.23041666666666666,-0.2790426012379744
0.2305,-0.21195907791383786
0.23058333333333333,-0.10454680542724021
0.23066666666666666,0.13779188350461194
0.23075,0.23487038263229137
0.23083333333333333,0.09671720000281168
0.23091666666666666,0.1830044302505163
0.231,-0.050564114635551514
0.23108333333333334,-0.1391682357649388
0.23116666666666666,0.03504767890541999
0.23125,-0.09669168005941409
0.23133333333333334,0.029735811759987435
0.23141666666666666,0.09345594960623824
0.2315,-0.1284371379152862
0.23158333333333334,-0.1523681292959847
0.23166666666666666,-0.2103948819478437
0.23175,-0.34061276119501127
0.23183333333333334,-0.2441671786137624
0.23191666666666666,-0.2787377641984185
0.232,-0.4078160014749264
0.23208333333333334,-0.16073179253666786
0.23216666666666666,-0.07835279762879338
0.23225,-0.1421240326514498
0.23233333333333334,0.016429548210854635
0.23241666666666666,0.04874561311515004
0.2325,0.007638951612364521
0.23258333333333334,-0.08907547515597866
0.23266666666666666,-0.07677992750903381
0.23275,0.04381235402025697
0.23283333333333334,-0.031719295375471045
0.23291666666666666,0.1914704772665515
0.233,0.44512070718590957
0.23308333333333334,0.256824092899829
0.23316666666666666,0.35574037534539127
0.23325,0.49696392605403733
0.23333333333333334,0.29108817463345793
0.23341666666666666,0.42696848153957156
0.2335,0.56663818331816
0.23358333333333334,0.3136276503450936
0.23366666666666666,0.34470000330272244
0.23375,0.4543404026950156
0.23383333333333334,0.22543605686726015
0.23391666666666666,0.11771188473838858
0.234,0.005520974066197621
0.23408333333333334,-0.13173057816318137
0.23416666666666666,0.06386973163391196
0.23425,0.10053411189939812
0.23433333333333334,0.1249040667445411
0.23441666666666666,0.24452656003248466
0.2345,-0.027422184667357415
0.23458333333333334,0.055371842467201685
0.23466666666666666,0.12763940772687377
0.23475,-0.345885213857857
0.23483333333333334,-0.2019931726050264
0.23491666666666666,-0.16318537898866078
0.235,-0.504159899833772
0.23508333333333334,-0.2442238665334728
0.23516666666666666,-0.2780522618170298
0.23525,-0.33011564962775014
0.23533333333333334,-0.18979587377965257
0.23541666666666666,-0.5109030461759904
0.2355,-0.4521062555782986
0.23558333333333334,-0.3943037043742965
0.23566666666666666,-0.41558157603841694
0.23575,-0.13382182260869255
0.23583333333333334,-0.28074397835455145
0.23591666666666666,-0.3156646890329047
0.236,-0.23545936688015734
0.23608333333333334,-0.40097650818653513
0.23616666666666666,-0.4225492137201719
0.23625,-0.3246983253985464
0.23633333333333334,-0.03493407350891233
0.23641666666666666,0.09250513997202485
0.2365,-0.01104624384172118
0.23658333333333334,-0.2251037176238612
0.23666666666666666,-0.5139215737376619
0.23675,-0.3947258095939952
0.23683333333333334,-0.05449331607209576
0.23691666666666666,0.13642482396937952
0.237,0.15747382464512724
0.23708333333333334,0.3765740795525918
0.23716666666666666,0.5506125537407048
0.23725,0.3516951342688088
0.23733333333333334,0.417898780805603
0.23741666666666666,0.21975837848257931
0.2375,-0.06557544344466973
0.23758333333333334,0.42004076220117936
0.23766666666666666,0.5592194707226584
0.23775,0.37622566250256
0.23783333333333334,0.6011638759249205
0.23791666666666667,0.4036552833441466
0.238,-0.017063086708938684
0.23808333333333334,0.09544052124587539
0.23816666666666667,0.30892731870608486
0.23825,0.4785753188599597
0.23833333333333334,0.6762439882132938
0.23841666666666667,0.7272344038871725
0.2385,0.7343406265430467
0.23858333333333334,0.5399029529086159
0.23866666666666667,0.19251370143752855
0.23875,0.14967963903434997
0.23883333333333334,0.14738896397495757
0.23891666666666667,0.04605248033881848
0.239,0.018123164010037104
0.23908333333333334,-0.10316604644596772
0.23916666666666667,-0.007541236906866499
0.23925,-0.04440108529320231
0.23933333333333334,-0.3489593111875939
0.23941666666666667,-0.11627767899321065
0.2395,-0.12286006630982199
0.23958333333333334,-0.24918593041214657
0.23966666666666667,0.13980892789446653
0.23975,-0.10573859402775271
0.23983333333333334,-0.42543416916730065
0.23991666666666667,-0.33362661219701256
0.24,-0.5517524311306196
0.24008333333333334,-0.3744646866646712
0.24016666666666667,-0.06363360139056261
0.24025,-0.2513114565389021
0.24033333333333334,-0.2736844769000626
0.24041666666666667,-0.20714398109964097
0.2405,-0.20734892006641695
0.24058333333333334,-0.06731380360323343
0.24066666666666667,-0.05856068714520422
0.24075,-0.17176187404979934
0.24083333333333334,-0.13656412138657995
0.24091666666666667,0.06340214712463421
0.241,0.10079354883028727
0.24108333333333334,-0.21123705240683863
0.24116666666666667,-0.27541767563144426
0.24125,-0.0932414326857554
0.24133333333333334,-0.16634882080760113
0.24141666666666667,-0.13227782307823252
0.2415,-0.08892869500107112
0.24158333333333334,-0.10853277384268685
0.24166666666666667,0.0095280280629738
0.24175,0.045740330556774414
0.24183333333333334,0.1312094487086591
0.24191666666666667,0.06835308518297918
0.242,0.08535188748079835
0.24208333333333334,0.10303297178368317
0.24216666666666667,-0.17428878505595571
0.24225,-0.03147216239518727
0.24233333333333335,-0.019620043874024697
0.24241666666666667,-0.1496605532374388
0.2425,0.21101620025471782
0.24258333333333335,0.43540334960971516
0.24266666666666667,0.36277479059670803
0.24275,0.21910688998830005
0.24283333333333335,0.15275692023158216
0.24291666666666667,0.018294440838098065
0.243,-0.08140998426384934
0.24308333333333335,0.08139575179188685
0.24316666666666667,0.1009160271651611
0.24325,0.15834519860297822
0.24333333333333335,0.4251710919147618
0.24341666666666667,0.43725694052122194
0.2435,0.3432035247807067
0.24358333333333335,0.4094242896401402
0.24366666666666667,0.23728848907604455
0.24375,-0.02413272801783651
0.24383333333333335,0.17238640115481949
0.24391666666666667,0.3716147125073921
0.244,0.3173313545063148
0.24408333333333335,0.36827894487523516
0.24416666666666667,0.18926611363151555
0.24425,-0.19077364335113844
0.24433333333333335,-0.25690904913628726
0.24441666666666667,-0.2914914967440488
0.2445,-0.4236258780229267
0.24458333333333335,-0.21317612004098352
0.24466666666666667,0.1445589120577873
0.24475,0.0054231641615166476
0.24483333333333332,-0.16747807775566448
0.24491666666666667,-0.08907446774480171
0.245,-0.4145292197701123
0.24508333333333332,-0.41497688376086683
0.24516666666666667,-0.07114891181977105
0.24525,-0.156474345277305
0.24533333333333332,-0.03864766631748342
0.24541666666666667,-0.0025833589345226208
0.2455,-0.14952101292153053
0.24558333333333332,-0.27603434972925756
0.24566666666666667,-0.5690604767332396
0.24575,-0.5219725897745151
0.24583333333333332,-0.41592237582242964
0.24591666666666667,-0.25641685872150877
0.246,-0.02421097480155738
0.24608333333333332,0.04634520633551547
0.24616666666666667,0.1356455403043778
0.24625,0.021629265122522896
0.24633333333333332,0.04853604536428393
0.24641666666666667,0.04622431031664402
0.2465,-0.03556260700842064
0.24658333333333332,0.16762272303859968
0.24666666666666667,0.22306418322587354
0.24675,0.2551000577188425
0.24683333333333332,-0.06261564133620558
0.24691666666666667,-0.3609676422266212
0.247,-0.05122982886154987
0.24708333333333332,-0.21183001447185662
0.24716666666666667,-0.16193737154857435
0.24725,0.3622758010772531
0.24733333333333332,0.24028087060867906
0.24741666666666667,0.3480647904972944
0.2475,0.4368269886389407
0.24758333333333332,-0.0803337055003848
0.24766666666666667,0.05479173158803797
0.24775,0.2643689553187838
0.24783333333333332,-0.1544860708300099
0.24791666666666667,-0.03975886913767466
0.248,0.2661776655192494
0.24808333333333332,0.12331790839063139
0.24816666666666667,0.15446727721619785
0.24825,0.18521307164265216
0.24833333333333332,0.11664608273012658
0.24841666666666667,0.22322600568625284
0.2485,0.41459836952365386
0.24858333333333332,0.46306001985469986
0.24866666666666667,0.21761934963243604
0.24875,0.185576549964484
0.24883333333333332,0.06780729478334202
0.24891666666666667,-0.1841735304955268
0.249,-0.08861391046851483
0.24908333333333332,-0.2706276935676637
0.24916666666666668,-0.16438726224226025
0.24925,0.12016697077570636
0.24933333333333332,-0.13012535258867539
0.24941666666666668,-0.07188948817182225
0.2495,-0.21550507897242932
0.24958333333333332,-0.5074241362389719
0.24966666666666668,-0.4094425159892471
0.24975,-0.46841198462062683
0.24983333333333332,-0.23560736661643594
0.24991666666666668,-0.1530938903784609
0.25,-0.24542700105352988
0.2500833333333333,0.12423765951300658
0.25016666666666665,0.19313023170146815
0.25025,0.09637869675043426
0.25033333333333335,-0.003621574278869318
0.2504166666666667,-0.004819038618482996
0.2505,0.1523595018833311
0.2505833333333333,0.10972416641418117
0.25066666666666665,0.12424671918210295
0.25075,-0.19369612124300187
0.25083333333333335,-0.32499724271804575
0.2509166666666667,-0.03824239870827554
0.251,-0.24693554946775445
0.2510833333333333,-0.19063181061015871
0.25116666666666665,0.15772166104960525
0.25125,-0.025206326874230488
0.25133333333333335,-0.033629598996733845
0.2514166666666667,0.3913250309332224
0.2515,0.28238775605124966
0.2515833333333333,0.02644824816529265
0.25166666666666665,0.2270934561464289
0.25175,0.11640753680285265
0.25183333333333335,0.012053049806699676
0.2519166666666667,0.07893329461138358
0.252,-0.1126741836981946
0.2520833333333333,-0.1151338862608617
0.25216666666666665,-0.09242144078280812
0.25225,0.0010062321568124713
0.25233333333333335,0.22658319979910477
0.2524166666666667,0.17951497635196242
0.2525,0.1990518352516319
0.2525833333333333,0.10096964608762064
0.25266666666666665,-0.08824413951177337
0.25275,0.13280278568615894
0.25283333333333335,0.17648326918732862
0.2529166666666667,0.05495106911362918
0.253,0.1282591401593055
0.2530833333333333,-0.2831748004843424
0.25316666666666665,-0.7870347839366197
0.25325,-0.6050546812784711
0.25333333333333335,-0.4180291516053174
0.2534166666666667,-0.3081894968198932
0.2535,-0.08084761192931827
0.2535833333333333,-0.020404645021406792
0.25366666666666665,0.10418538139198777
0.25375,0.06786528112521421
0.25383333333333336,-0.11532245114939342
0.2539166666666667,-0.1252947622521272
0.254,-0.055671171042999255
0.2540833333333333,0.17405382228659447
0.25416666666666665,0.1948300600106565
0.25425,0.11253969149035013
0.25433333333333336,0.24438079654308792
0.2544166666666667,0.19800326495857873
0.2545,0.18055928297822602
0.25458333333333333,0.21257304624003634
0.25466666666666665,0.18262285946896148
0.25475,0.342443629642185
0.25483333333333336,0.3348168534048277
0.2549166666666667,0.1523935200886453
0.255,0.09443257039602779
0.25508333333333333,0.1093441911507418
0.25516666666666665,0.129588007600227
0.25525,0.05971877200946945
0.25533333333333336,0.04463140383943048
0.2554166666666667,-0.0009260307502730193
0.2555,-0.036884165524574
0.25558333333333333,0.0794925162391193
0.25566666666666665,0.02391144606769592
0.25575,-0.0828450880676663
0.25583333333333336,-0.22327523928870502
0.2559166666666667,-0.2572555609274334
0.256,-0.0919901568381331
0.25608333333333333,-0.15460497817690408
0.25616666666666665,-0.16369960512916973
0.25625,-0.0664676394580328
0.25633333333333336,0.018207260205333024
0.2564166666666667,0.16180086092603704
0.2565,0.21831674141367957
0.25658333333333333,0.22303293936430052
0.25666666666666665,0.3037702047577989
0.25675,0.45916417838067297
0.25683333333333336,0.2731599491282888
0.2569166666666667,0.13488743772446024
0.257,0.32502561323833323
0.25708333333333333,0.262300470282227
0.25716666666666665,0.19958018686294354
0.25725,0.39691338988442737
0.25733333333333336,0.6294100353953159
0.2574166666666667,0.2992303077743905
0.2575,-0.2491790027278394
0.25758333333333333,-0.22169919684141134
0.25766666666666665,-0.3188259886296606
0.25775,-0.2837884877744725
0.25783333333333336,-0.01410609522292474
0.2579166666666667,-0.15468226871402938
0.258,0.06717509698720137
0.25808333333333333,0.2917436302111883
0.25816666666666666,-0.10196944551699552
0.25825,-0.4905024482708926
0.25833333333333336,-0.6912989922733684
0.2584166666666667,-0.5768129443278331
0.2585,-0.35254334335848597
0.25858333333333333,-0.30327770068277177
0.25866666666666666,-0.29085139997366216
0.25875,-0.32770905377673315
0.25883333333333336,-0.3302879721864475
0.2589166666666667,-0.40783879299514364
0.259,-0.6454158969640357
0.25908333333333333,-0.603879025443293
0.25916666666666666,-0.2702385114640731
0.25925,0.05775799953050991
0.25933333333333336,0.3603709793758548
0.2594166666666667,0.3067537721555318
0.2595,0.13197687223580934
0.25958333333333333,0.06432603654547592
0.25966666666666666,-0.20782358972928747
0.25975,-0.22049757467919698
0.25983333333333336,-0.15169159915401934
0.2599166666666667,0.010018480451361918
0.26,0.35495308430563666
0.26008333333333333,0.23827609139953315
0.26016666666666666,0.2940515381036133
0.26025,0.37424952694942226
0.26033333333333336,0.2369731060592938
0.2604166666666667,0.44026201756599337
0.2605,0.4572678322016007
0.26058333333333333,0.39571287009253037
0.26066666666666666,0.5050758739808877
0.26075,0.44378865664941963
0.2608333333333333,0.1850256566695376
0.2609166666666667,0.021317589909093246
0.261,0.037205394802238535
0.26108333333333333,-0.10165020313629297
0.26116666666666666,-0.023238078945166357
0.26125,0.18232878991115714
0.2613333333333333,0.020807058992158296
0.2614166666666667,0.018019186462502085
0.2615,-0.003349311935483241
0.26158333333333333,-0.2353461053360413
0.26166666666666666,-0.1290481802578311
0.26175,-0.10081463222799475
0.2618333333333333,-0.25666582570658136
0.2619166666666667,-0.16072590806010698
0.262,-0.10806956754881775
0.26208333333333333,-0.17516050786592832
0.26216666666666666,-0.22449298849574958
0.26225,-0.23556423055997117
0.2623333333333333,-0.1657020352433839
0.2624166666666667,-0.03500667650440616
0.2625,0.18847289011245583
0.26258333333333334,0.2758598014499704
0.26266666666666666,0.09539794220543593
0.26275,0.07993758671787377
0.2628333333333333,0.20807462383736305
0.2629166666666667,0.034801547942174334
0.263,0.04142162689857853
0.26308333333333334,0.27549757655042306
0.26316666666666666,0.2615966682402717
0.26325,0.28677288583151767
0.2633333333333333,0.1637467618573962
0.2634166666666667,-0.06580364469380989
0.2635,-0.13281172826626209
0.26358333333333334,-0.2276802666792991
0.26366666666666666,-0.37446524916052537
0.26375,-0.5343694869460591
0.2638333333333333,-0.4260375294809131
0.2639166666666667,-0.2587937461332093
0.264,-0.20210157941951612
0.26408333333333334,-0.27342403288439077
0.26416666666666666,-0.344558128626256
0.26425,-0.126487582313439
0.2643333333333333,-0.24916602801269408
0.2644166666666667,-0.31705731821230104
0.2645,-0.15547337621816024
0.26458333333333334,-0.16092897022160205
0.26466666666666666,0.13162436749970227
0.26475,-0.10353241220698117
0.2648333333333333,-0.6654145845501247
0.2649166666666667,-0.5521079537457357
0.265,-0.3169860599629571
0.26508333333333334,-0.10971540194768012
0.26516666666666666,0.10684549550704527
0.26525,0.29477859717274324
0.2653333333333333,0.33971552957004564
0.2654166666666667,0.39007912375539244
0.2655,0.6457753584479885
0.26558333333333334,0.3899683116750291
0.26566666666666666,0.2875441535715155
0.26575,0.6241921977183067
0.2658333333333333,0.4022204877885905
0.2659166666666667,0.41265564967543605
0.266,0.592860687975639
0.26608333333333334,0.3536238740967279
0.26616666666666666,0.2599928611623485
0.26625,0.19125108361373253
0.2663333333333333,-0.04105300724411009
0.2664166666666667,-0.3244917506891034
0.2665,-0.15569012521969108
0.26658333333333334,0.10333265715955456
0.26666666666666666,-0.03918761867220305
0.26675,0.03308341976346757
0.2668333333333333,-0.0014864075936333605
0.2669166666666667,-0.2043994184919593
0.267,-0.2266293289043428
0.26708333333333334,-0.33992366914895894
0.26716666666666666,-0.5604379891656895
0.26725,-0.5562853146514724
0.2673333333333333,-0.43141259489276823
0.2674166666666667,-0.5871057957836522
0.2675,-0.38358934489136426
0.26758333333333334,0.036741983654658715
0.26766666666666666,-0.012606241151694873
0.26775,0.10256886527901654
0.2678333333333333,0.40323591548042853
0.2679166666666667,0.4779753139625775
0.268,0.413452511661818
0.26808333333333334,0.4556093403910899
0.26816666666666666,0.5200512817714555
0.26825,0.28133922457591426
0.2683333333333333,0.19780565535497235
0.2684166666666667,0.10583484512990991
0.2685,-0.22435096783723357
0.26858333333333334,-0.11992780255981461
0.26866666666666666,-0.02008608253317335
0.26875,-0.13529002471505505
0.2688333333333333,-0.08510717389179137
0.2689166666666667,-0.0365681241307756
0.269,-0.023989091306090046
0.26908333333333334,-0.12241149200546447
0.26916666666666667,-0.15154107163007177
0.26925,-0.2208922900005683
0.2693333333333333,-0.20071213700654342
0.2694166666666667,0.02765169736844876
0.2695,-0.22431053422087002
0.26958333333333334,-0.3446765379247654
0.26966666666666667,-0.1765395070692368
0.26975,-0.177897925179451
0.2698333333333333,0.08691820446867335
0.2699166666666667,0.27129904312550657
0.27,0.2896433566072164
0.27008333333333334,0.39855971982614136
0.27016666666666667,0.4887007040085981
0.27025,0.49620288779305294
0.2703333333333333,0.31323764220355954
0.2704166666666667,0.2491362201869393
0.2705,0.35532962652173
0.27058333333333334,0.2510979422863352
0.27066666666666667,0.04155605983138134
0.27075,0.01850371686172491
0.2708333333333333,-0.028270067927926995
0.27091666666666664,-0.14746938704324594
0.271,-0.14327113358063281
0.27108333333333334,-0.2883201401178672
0.27116666666666667,-0.3224211474239515
0.27125,-0.16728402915175533
0.2713333333333333,-0.36878862987684974
0.27141666666666664,-0.33420778759856606
0.2715,-0.10259697022580984
0.27158333333333334,-0.36154883458861087
0.27166666666666667,-0.3842368668693611
0.27175,-0.1620814505149474
0.2718333333333333,-0.2738403375332727
0.27191666666666664,-0.21790585089805428
0.272,0.008262561490592315
0.27208333333333334,-0.03665563539631121
0.27216666666666667,-0.038481999016476455
0.27225,0.09913481608032855
0.2723333333333333,0.04717287872545871
0.27241666666666664,-0.06513497844328488
0.2725,-0.09358174410081944
0.27258333333333334,-0.1596349051449359
0.27266666666666667,-0.2128341243910718
0.27275,-0.09942909234381728
0.2728333333333333,0.04655855014340511
0.27291666666666664,-0.03985961085617926
0.273,-0.08415656385167443
0.27308333333333334,0.04789479571287531
0.27316666666666667,-0.006856394833186463
0.27325,-0.040164024425654914
0.2733333333333333,0.11238223316708759
0.27341666666666664,0.2127648353444363
0.2735,0.21799106362529916
0.27358333333333335,0.12554636247332154
0.27366666666666667,0.06554749260003105
0.27375,-0.0007413284599758813
0.2738333333333333,-0.01396288595349856
0.27391666666666664,0.2189547862225927
0.274,0.362953887688909
0.27408333333333335,0.3230002555542686
0.27416666666666667,0.3522831155559475
0.27425,0.24316844599014503
0.2743333333333333,0.0031735137766565258
0.27441666666666664,0.1292548708011829
0.2745,0.2658457752071604
0.27458333333333335,0.1631071191828441
0.27466666666666667,0.31555225588536906
0.27475,0.32021982260459547
0.2748333333333333,0.28107575283923186
0.27491666666666664,0.4397250348616514
0.275,0.1202201231131446
0.27508333333333335,0.12203354808277159
0.27516666666666667,0.47768113747344754
0.27525,0.17532203202463767
0.2753333333333333,0.033414936997308305
0.27541666666666664,0.1600693649300243
0.2755,0.06142262646383132
0.27558333333333335,-0.10643154493748558
0.27566666666666667,-0.3295599328093165
0.27575,-0.4792986003949261
0.2758333333333333,-0.7040817388129407
0.27591666666666664,-0.6502439129813129
0.276,-0.39940449629907565
0.27608333333333335,-0.4546213500856484
0.27616666666666667,-0.37979275197652956
0.27625,-0.6118563258209759
0.2763333333333333,-0.9987253001300275
0.27641666666666664,-0.8737392824763937
0.2765,-0.8878123115758556
0.27658333333333335,-0.8164479339124011
0.27666666666666667,-0.5207683985071131
0.27675,-0.3490231307922331
0.2768333333333333,-0.010353423761570467
0.27691666666666664,0.24379833690981997
0.277,0.32185639425130386
0.27708333333333335,0.3278854321301209
0.2771666666666667,0.22638901630081062
0.27725,0.20407353337755432
0.2773333333333333,0.22984096661565576
0.27741666666666664,0.4677884815282821
0.2775,0.6483362163318717
0.27758333333333335,0.5351797173520126
0.2776666666666667,0.5490707875078574
0.27775,0.35285043497337965
0.2778333333333333,0.012788104311123628
0.27791666666666665,-0.10059003224278174
0.278,-0.21041891027113954
0.27808333333333335,-0.14447919832952485
0.2781666666666667,-0.0748915902562134
0.27825,-0.03339063632975236
0.2783333333333333,0.12163067107510163
0.27841666666666665,0.06992331840253357
0.2785,0.11972448232671197
0.27858333333333335,0.1294411342884062
0.2786666666666667,-0.1451513294587266
0.27875,0.00025864909016780276
0.2788333333333333,0.3706626736386931
0.27891666666666665,0.4786162631171763
0.279,0.419243732999496
0.27908333333333335,0.30026074824324045
0.2791666666666667,0.4046693850603725
0.27925,0.45816593810555384
0.2793333333333333,0.335214566913299
0.27941666666666665,0.31164966119456206
0.2795,0.18375500497714992
0.27958333333333335,0.16646002736294654
0.2796666666666667,0.24240476991522114
0.27975,0.23400302849024562
0.2798333333333333,0.3809431508462033
0.27991666666666665,0.21408437503452654
0.28,-0.1275766383430881
0.28008333333333335,-0.11676232815849799
0.2801666666666667,-0.17223843325913066
0.28025,-0.2861698999362614
0.2803333333333333,-0.29560365975933134
0.28041666666666665,-0.34035316675983335
0.2805,-0.4381094584362531
0.28058333333333335,-0.5712746586725749
0.2806666666666667,-0.45493727969553904
0.28075,-0.2540381075635583
0.2808333333333333,-0.28537330230596164
0.28091666666666665,-0.13332774350672252
0.281,0.08526205250311264
0.28108333333333335,0.08823780214492298
0.2811666666666667,0.24141680222502487
0.28125,0.1193554287084842
0.2813333333333333,-0.24729059513320384
0.28141666666666665,-0.13130202486414602
0.2815,-0.20584703384949998
0.28158333333333335,-0.4641601891388105
0.2816666666666667,-0.2643343685978765
0.28175,-0.24362000857520444
0.2818333333333333,-0.4197437660174058
0.28191666666666665,-0.2932101083286832
0.282,-0.15036861256264292
0.28208333333333335,-0.10963033293922947
0.2821666666666667,0.06304108035052257
0.28225,0.19833941997013219
0.2823333333333333,0.20089565308224291
0.28241666666666665,0.10661644174342964
0.2825,-0.05239647669998183
0.28258333333333335,0.09234118741168502
0.2826666666666667,0.15911117380639136
0.28275,0.024733997295861204
0.2828333333333333,0.21970853574821764
0.28291666666666665,0.21064724347430822
0.283,0.24870929549290438
0.28308333333333335,0.49486079652896875
0.2831666666666667,0.1272971572934257
0.28325,0.09995044299510299
0.2833333333333333,0.25017642858972394
0.28341666666666665,-0.1479934680441163
0.2835,0.12883705186510047
0.28358333333333335,0.165649434701209
0.2836666666666667,-0.31506087718085
0.28375,-0.002334588939488632
0.2838333333333333,-0.16880397973667904
0.28391666666666665,-0.49313713118657687
0.284,-0.10315134452689012
0.28408333333333335,-0.31236101107905
0.2841666666666667,-0.2309599059133838
0.28425,0.3503740885938104
0.2843333333333333,0.06398304794862504
0.28441666666666665,-0.03477800109187074
0.2845,0.12122171940655722
0.28458333333333335,-0.15825787234416944
0.2846666666666667,-0.003370099253067754
0.28475,0.22278447973308022
0.2848333333333333,0.0014676013513357851
0.28491666666666665,0.15586966154235085
0.285,0.33775024367416584
0.28508333333333336,-0.10908980772371323
0.2851666666666667,-0.07158156788552993
0.28525,0.07450177319935317
0.2853333333333333,-0.28000127520352985
0.28541666666666665,0.028841241771427766
0.2855,0.1003301698244293
0.28558333333333336,-0.04152351546307717
0.2856666666666667,0.31124306626450526
0.28575,-0.13534189694126178
0.28583333333333333,-0.3234831141213448
0.28591666666666665,0.21236445239161833
0.286,0.16882607092529323
0.28608333333333336,0.2535628952853111
0.2861666666666667,0.4535781373133814
0.28625,0.344695782959485
0.28633333333333333,0.31138617846568645
0.28641666666666665,0.1954072763774735
0.2865,0.31617727419885683
0.28658333333333336,0.25902266571736204
0.2866666666666667,-0.39079994764479875
0.28675,-0.4419249947398721
0.28683333333333333,0.05520866946660898
0.28691666666666665,0.3094502666585002
0.287,0.2867801468309183
0.28708333333333336,-0.003701678662374961
0.2871666666666667,-0.1530443103960102
0.28725,-0.2673606922959412
0.28733333333333333,-0.5791967268652299
0.28741666666666665,-0.3585468609530678
0.2875,-0.14697453671390262
0.28758333333333336,-0.5487974598610407
0.2876666666666667,-0.3126387068011427
0.28775,0.07186637062752486
0.28783333333333333,-0.20472660450758748
0.28791666666666665,-0.05499931119493095
0.288,0.058903705562567056
0.28808333333333336,-0.15075024216810665
0.2881666666666667,0.06681085526008261
0.28825,0.26106357567641225
0.28833333333333333,0.4851519341046131
0.28841666666666665,0.6929159156891932
0.2885,0.6036563563695533
0.28858333333333336,0.6339945045764525
0.2886666666666667,0.34421629564712775
0.28875,-0.11826079048066859
0.28883333333333333,-0.2818245668059167
0.28891666666666665,-0.5124233840312994
0.289,-0.4670050451908969
0.28908333333333336,-0.35069664454102883
0.2891666666666667,-0.4520281982596885
0.28925,-0.423408119873108
0.28933333333333333,-0.3790643026441262
0.28941666666666666,-0.33391734020241326
0.2895,-0.4083378632233073
0.28958333333333336,-0.4507704674226218
0.2896666666666667,-0.4745539225511991
0.28975,-0.4503766981596331
0.28983333333333333,-0.0669389076902749
0.28991666666666666,0.12113552181335402
0.29,0.11314443098893129
0.29008333333333336,0.13814522208610594
0.2901666666666667,0.19678868804318708
0.29025,0.2846167617502479
0.29033333333333333,0.31219619803578097
0.29041666666666666,0.6326144421780439
0.2905,0.7721673775121289
0.29058333333333336,0.7096674509304948
0.2906666666666667,0.768159514129025
0.29075,0.5990786774814977
0.29083333333333333,0.6755067192411728
0.29091666666666666,0.7247164762361574
0.291,0.41290707615586925
0.29108333333333336,0.37362180362662295
0.2911666666666667,0.39181615849585055
0.29125,0.22183721343984222
0.29133333333333333,0.18511100797576224
0.29141666666666666,0.194876916300346
0.2915,0.007433996825397893
0.29158333333333336,-0.03598339558219
0.2916666666666667,0.13059364538719567
0.29175,0.0847696565735902
0.29183333333333333,-0.09178981963362184
0.29191666666666666,-0.26722638996867965
0.292,-0.5313174362657433
0.2920833333333333,-0.39686748055942567
0.2921666666666667,-0.005095504650380647
0.29225,-0.27479435430328936
0.29233333333333333,-0.5275924139489613
0.29241666666666666,-0.529515876329058
0.2925,-0.751579745720396
0.2925833333333333,-0.5523618124716193
0.2926666666666667,-0.46754585624351447
0.29275,-0.614261496804113
0.29283333333333333,-0.4459776477531922
0.29291666666666666,-0.358576434442076
0.293,0.019363434476240227
0.2930833333333333,0.2120302219753712
0.2931666666666667,-0.22071534005708512
0.29325,-0.38058892989161897
0.29333333333333333,-0.48635572275114963
0.29341666666666666,-0.5670763855495765
0.2935,-0.3331912422104252
0.2935833333333333,-0.36953304917899127
0.2936666666666667,-0.49497935970812823
0.29375,-0.293025742096988
0.29383333333333334,-0.31534772811906464
0.29391666666666666,-0.4453776499151067
0.294,-0.2519880063675901
0.2940833333333333,-0.3309414827266661
0.2941666666666667,-0.46089004873524564
0.29425,-0.1401395063075874
0.29433333333333334,0.1728919865592858
0.29441666666666666,0.3521139625452344
0.2945,0.2698532994114201
0.2945833333333333,-0.20658842335638986
0.2946666666666667,-0.3560663518882257
0.29475,-0.0010694342645065798
0.29483333333333334,0.012657824145779921
0.29491666666666666,-0.010202713759972896
0.295,0.31333783855460173
0.2950833333333333,0.39360298314985126
0.2951666666666667,0.5049015998553894
0.29525,0.5582919216174366
0.29533333333333334,0.38511473709629007
0.29541666666666666,0.4597155123803038
0.2955,0.41676994294458125
0.2955833333333333,0.6209704145444505
0.2956666666666667,1.0221621107141978
0.29575,0.6964655227768218
0.29583333333333334,0.5045346090970904
0.29591666666666666,0.4203179944138607
0.296,0.055056019303110805
0.2960833333333333,0.19017257633676446
0.2961666666666667,0.18556720577583866
0.29625,0.07903482297817481
0.29633333333333334,0.3500837925295728
0.29641666666666666,0.25231960623030913
0.2965,0.12888156096590517
0.2965833333333333,0.18947573337397605
0.2966666666666667,-0.10734669557035291
0.29675,-0.203173841079205
0.29683333333333334,0.09371510607533194
0.29691666666666666,0.11443145777137183
0.297,0.07482920390367913
0.2970833333333333,0.19229474622216694
0.2971666666666667,0.06863321125938063
0.29725,-0.21647385742625722
0.29733333333333334,-0.316626880961523
0.29741666666666666,-0.3760210903728896
0.2975,-0.4543346674525533
0.2975833333333333,-0.05028387343407407
0.2976666666666667,0.2955510149247231
0.29775,0.07182463021882407
0.29783333333333334,0.036716757406071915
0.29791666666666666,-0.0626055939211852
0.298,-0.6337090070900562
0.2980833333333333,-0.867497287397389
0.2981666666666667,-0.5078573439033885
0.29825,-0.520158724106018
0.29833333333333334,-0.5974240407126311
0.29841666666666666,-0.04992492986629115
0.2985,-0.22853899374757422
0.2985833333333333,-0.5136518866086253
0.2986666666666667,-0.14740437702469228
0.29875,-0.5027904821843368
0.29883333333333334,-0.4744440421893963
0.29891666666666666,0.03471570857440831
0.299,-0.1570121388891141
0.2990833333333333,0.008840042494968572
0.2991666666666667,0.29995623122411075
0.29925,0.20742693825341335
0.29933333333333334,0.21496245672367748
0.29941666666666666,0.18633668195654296
0.2995,0.238189127075752
0.2995833333333333,0.3584911956174831
0.2996666666666667,0.4296853639015022
0.29975,0.4884871847594771
0.29983333333333334,0.35664451471892794
0.29991666666666666,0.22822818980699863
0.3,0.36516289351475123
0.3000833333333333,0.31003011574979966
0.3001666666666667,0.014859353856645621
0.30025,0.05381718910382083
0.30033333333333334,0.060259163907507095
0.30041666666666667,-0.08812723681244916
0.3005,-0.02048083586247356
0.3005833333333333,-0.018985512341036237
0.3006666666666667,-0.1533968707577965
0.30075,-0.10583072392436409
0.30083333333333334,0.03553327711633506
0.30091666666666667,-0.06976078825761942
0.301,0.052312541945313214
0.3010833333333333,0.1294374709084913
0.3011666666666667,-0.19531468535835436
0.30125,-0.1340993187158392
0.30133333333333334,-0.170879926361001
0.30141666666666667,-0.10392998197637499
0.3015,0.32292291135195283
0.3015833333333333,0.3415930528142518
0.3016666666666667,0.2044257142773627
0.30175,-0.02376635556959855
0.30183333333333334,0.08897535521408201
0.30191666666666667,0.07146833690506846
0.302,-0.30277503322479776
0.3020833333333333,0.03294994549680116
0.30216666666666664,0.07678137638204727
0.30225,-0.17945416175507753
0.30233333333333334,0.0762671113061521
0.30241666666666667,0.12840001790400601
0.3025,-0.10060805528580359
0.3025833333333333,-0.18182261149240345
0.30266666666666664,-0.14529824864591964
0.30275,-0.39077700713514185
0.30283333333333334,-0.4208241017670013
0.30291666666666667,-0.10949879433812876
0.303,-0.09378134715347666
0.3030833333333333,-0.018158421340512418
0.30316666666666664,-0.02376376191937797
0.30325,-0.1481390312742393
0.30333333333333334,-0.07159174959761444
0.30341666666666667,-0.08308017373408401
0.3035,0.03008409660031818
0.3035833333333333,0.016521473213969233
0.30366666666666664,-0.24073574808859297
0.30375,-0.2002080759521932
0.30383333333333334,-0.21695111817105617
0.30391666666666667,-0.19266468332417475
0.304,0.005610111493774403
0.3040833333333333,-0.0899592080843639
0.30416666666666664,-0.018547859795515615
0.30425,0.22624658960125565
0.30433333333333334,0.08499873447122763
0.30441666666666667,0.010156900681885198
0.3045,0.07926181517379342
0.3045833333333333,-0.0991057713545529
0.30466666666666664,-0.03883661602357083
0.30475,0.15061570909393027
0.30483333333333335,0.06191093253930384
0.30491666666666667,0.03999355327506449
0.305,-0.04419881616096382
0.3050833333333333,-0.1497578933040117
0.30516666666666664,-0.16755128411180276
0.30525,-0.20037744659306525
0.30533333333333335,-0.1261395226038032
0.30541666666666667,-0.07805491912052832
0.3055,0.011073926916096963
0.3055833333333333,-0.09794281813405878
0.30566666666666664,-0.1953825402819082
0.30575,0.08599269184857003
0.30583333333333335,0.019349212920303595
0.30591666666666667,-0.04371470510967297
0.306,0.07626698119548544
0.3060833333333333,-0.032103229772981176
0.30616666666666664,0.2318072778491124
0.30625,0.474009130092712
0.30633333333333335,0.5188788276162549
0.30641666666666667,0.6535216622117467
0.3065,0.39182506692067476
0.3065833333333333,0.34288921530381933
0.30666666666666664,0.3684209213411653
0.30675,0.034629298614703284
0.30683333333333335,0.12863603749458816
0.30691666666666667,0.09697451981902905
0.307,-0.08183104012551477
0.3070833333333333,0.015891349439606507
0.30716666666666664,-0.22862696727704543
0.30725,-0.4095736880195115
0.30733333333333335,-0.2969221347614429
0.30741666666666667,-0.2519560785784043
0.3075,-0.3727364424335273
0.3075833333333333,-0.42767336242250287
0.30766666666666664,-0.14611520842120926
0.30775,-0.11890666343877662
0.30783333333333335,-0.11311081782542516
0.30791666666666667,0.03443578702693385
0.308,-0.30056122574747646
0.3080833333333333,-0.22600465745905202
0.30816666666666664,0.21746017011668126
0.30825,0.1344352374446806
0.30833333333333335,0.16957177790140324
0.3084166666666667,0.30228725513913357
0.3085,0.32242667510176354
0.3085833333333333,0.5342153663594528
0.30866666666666664,0.5721310260713536
0.30875,0.455235500345952
0.30883333333333335,0.3340333425688197
0.3089166666666667,0.3220805124833985
0.309,0.44137952612644465
0.3090833333333333,0.11156928084143473
0.30916666666666665,-0.1596010682012777
0.30925,-0.003612689556260284
0.30933333333333335,-0.07697456964146156
0.3094166666666667,-0.023062810418672433
0.3095,0.05096823132843393
0.3095833333333333,-0.2526279278574447
0.30966666666666665,-0.2287587047104475
0.30975,-0.14036263943490715
0.30983333333333335,-0.2826946899891845
0.3099166666666667,-0.17857863230558094
0.31,-0.26540192053858824
0.3100833333333333,-0.3014809406685231
0.31016666666666665,0.007205485872852568
0.31025,-0.05000524819293191
0.31033333333333335,0.02987710832264976
0.3104166666666667,0.20044922530299708
0.3105,-0.08027160695920404
0.3105833333333333,-0.0654992090804944
0.31066666666666665,0.007948769591889091
0.31075,-0.08701452575725097
0.31083333333333335,0.0021965595241386074
0.3109166666666667,-0.08132926425278914
0.311,-0.06510377764063073
0.3110833333333333,-0.053811709530665296
0.31116666666666665,-0.3711814951836802
0.31125,-0.30352544025252737
0.31133333333333335,-0.14663486085166483
0.3114166666666667,-0.26866248800195175
0.3115,-0.0839177382506717
0.3115833333333333,-0.029263260504433904
0.31166666666666665,-0.13035027637622776
0.31175,0.06369526545208462
0.31183333333333335,-0.12256724066052466
0.3119166666666667,-0.18325604849855393
0.312,0.1475982552496218
0.3120833333333333,0.03740282682024664
0.31216666666666665,0.27123481916482384
0.31225,0.48915166634959956
0.31233333333333335,0.18681528193118196
0.3124166666666667,0.427040278106924
0.3125,0.39207128145022285
0.3125833333333333,0.0944690487628521
0.31266666666666665,0.3359621418522377
0.31275,0.26876120788451396
0.31283333333333335,0.22296835435051165
0.3129166666666667,0.40280291255356976
0.313,0.26102723855932897
0.3130833333333333,0.14579383709962482
0.31316666666666665,0.0049532955677136555
0.31325,-0.1351258042046747
0.31333333333333335,0.006825981042671194
0.3134166666666667,0.03892688019880854
0.3135,0.1360538757265464
0.3135833333333333,0.4569168079837589
0.31366666666666665,0.2904237128571322
0.31375,-0.024261250500771627
0.31383333333333335,-0.005249570932999236
0.3139166666666667,0.08593152330833204
0.314,0.2974226814256003
0.3140833333333333,0.34737026391330633
0.31416666666666665,0.3433900592918584
0.31425,0.4026928197335325
0.31433333333333335,0.20392526608220915
0.3144166666666667,0.11022800940144703
0.3145,-0.0841541426430508
0.3145833333333333,-0.34473472887929296
0.31466666666666665,-0.17381258286542497
0.31475,-0.25883051936705
0.31483333333333335,-0.4559298347817663
0.3149166666666667,-0.34043841408058934
0.315,-0.514201293738047
0.3150833333333333,-0.6821582481553147
0.31516666666666665,-0.5705789596739856
0.31525,-0.5694298310635156
0.31533333333333335,-0.6082061746705439
0.3154166666666667,-0.55846240933282
0.3155,-0.44037556360891605
0.3155833333333333,-0.2175337546573287
0.31566666666666665,-0.1602494980863106
0.31575,-0.29229609402071083
0.31583333333333335,-0.13713957423426412
0.3159166666666667,-0.06541224236531869
0.316,-0.05558845850714866
0.3160833333333333,0.2849954425582097
0.31616666666666665,0.3488546586250059
0.31625,0.2890469422120772
0.31633333333333336,0.2745627254340833
0.3164166666666667,0.14526122635861655
0.3165,0.02819022817330467
0.3165833333333333,-0.14461253379895642
0.31666666666666665,-0.019407988287698123
0.31675,0.11309518016582878
0.31683333333333336,0.014289638022998478
0.3169166666666667,0.018494884701084388
0.317,-0.15539898091279858
0.31708333333333333,-0.25217640255716356
0.31716666666666665,-0.044641275522812655
0.31725,-0.04512538137207812
0.31733333333333336,-0.11164979271551959
0.3174166666666667,0.013018438002417799
0.3175,-0.07708589674044598
0.31758333333333333,-0.17424622338075588
0.31766666666666665,-0.08499903539538171
0.31775,-0.13720039843333956
0.31783333333333336,-0.06634956171374136
0.3179166666666667,0.08730565922130851
0.318,0.25716162525977293
0.31808333333333333,0.5005219015251877
0.31816666666666665,0.467848323136311
0.31825,0.4758492510811481
0.31833333333333336,0.4772559095649984
0.3184166666666667,0.09722984535283169
0.3185,0.10958616766492173
0.31858333333333333,0.39064034581345397
0.31866666666666665,0.23066201708076486
0.31875,0.23388812908372758
0.31883333333333336,0.27053582507793983
0.3189166666666667,0.053283464694934675
0.319,0.21234193419797562
0.31908333333333333,0.3849107477270863
0.31916666666666665,0.2256132956216812
0.31925,0.1649654431650619
0.31933333333333336,0.08020321099168204
0.3194166666666667,-0.0248615995678275
0.3195,0.009732149922208704
0.31958333333333333,-0.18380095675388905
0.31966666666666665,-0.4193189065390983
0.31975,-0.5330622691218172
0.31983333333333336,-0.587092312313155
0.3199166666666667,-0.24227716068232202
0.32,-0.16580893660125787
0.32008333333333333,-0.5287531131259448
0.32016666666666665,-0.43717008262191653
0.32025,-0.37568758546658104
0.32033333333333336,-0.6349847268081653
0.3204166666666667,-0.48664539599482703
0.3205,-0.27677319662454825
0.32058333333333333,-0.42221163325740596
0.32066666666666666,-0.17724155495987778
0.32075,0.1443780788943699
0.32083333333333336,-0.06605235927445163
0.3209166666666667,-0.007557753278323824
0.321,0.04603223104770641
0.32108333333333333,-0.17119854601545006
0.32116666666666666,-0.1214737262087808
0.32125,-0.08751884227162995
0.32133333333333336,0.12790932584273124
0.3214166666666667,0.1776295983294663
0.3215,-0.12923501374543644
0.32158333333333333,-0.03039968127558053
0.32166666666666666,-0.09252078861790324
0.32175,-0.10092833127605472
0.32183333333333336,0.2017528651880362
0.3219166666666667,0.1179356972125318
0.322,0.34649638267698835
0.32208333333333333,0.5064969222912872
0.32216666666666666,0.14562504789340266
0.32225,0.16667973404755887
0.32233333333333336,0.09472012170913242
0.3224166666666667,-0.12940128725967906
0.3225,0.011691978341853423
0.32258333333333333,0.15518875243673913
0.32266666666666666,0.1942387789088306
0.32275,0.22755720159998355
0.32283333333333336,0.32460364051641505
0.3229166666666667,0.16190204617195383
0.323,-0.0517605394728305
0.32308333333333333,0.22217165457866675
0.32316666666666666,0.3355879910136614
0.32325,0.4253803717107437
0.3233333333333333,0.5159399472911618
0.3234166666666667,0.07970637583273488
0.3235,0.15652458587821352
0.32358333333333333,0.2432904970240245
0.32366666666666666,-0.22271021385667394
0.32375,0.013488329860185024
0.3238333333333333,0.12432370634741416
0.3239166666666667,-0.017951385880577393
0.324,0.09562251271031635
0.32408333333333333,-0.21788414181974378
0.32416666666666666,-0.30312013225954376
0.32425,-0.4324477132196575
0.3243333333333333,-0.5801884563197353
0.3244166666666667,-0.3019071376316946
0.3245,-0.2846410283317131
0.32458333333333333,0.00810879946045008
0.32466666666666666,0.2592385592081684
0.32475,0.16278982697432035
0.3248333333333333,0.024359683352340233
0.3249166666666667,-0.4730305262407702
0.325,-0.600483700576827
0.32508333333333334,-0.46618737499220053
0.32516666666666666,-0.46143822090947545
0.32525,-0.27214656619952216
0.3253333333333333,-0.19181653722174463
0.3254166666666667,-0.07129974686234485
0.3255,0.039138595325772504
0.32558333333333334,-0.004163838519075238
0.32566666666666666,0.18930638987947082
0.32575,0.2689265237638678
0.3258333333333333,0.0755048414065239
0.3259166666666667,0.10189721114975529
0.326,0.17814014067216358
0.32608333333333334,0.13872975587072092
0.32616666666666666,0.13981984203702005
0.32625,-0.25953234906885003
0.3263333333333333,-0.7294549128113471
0.3264166666666667,-0.5295583652927198
0.3265,-0.39806258774458586
0.32658333333333334,-0.3714871173851254
0.32666666666666666,-0.091581043019837
0.32675,-0.13844145486272033
0.3268333333333333,-0.060377176002928516
0.3269166666666667,0.14887099255963404
0.327,-0.013578260509320886
0.32708333333333334,-0.08360552271200686
0.32716666666666666,0.021837694063183914
0.32725,0.16271181777626648
0.3273333333333333,0.19333565766036695
0.3274166666666667,0.3588637852636928
0.3275,0.4582656307910956
0.32758333333333334,0.14528745295851128
0.32766666666666666,0.10480144703951134
0.32775,0.03715609174465117
0.3278333333333333,0.07587749942272472
0.3279166666666667,0.33519676335268617
0.328,0.26260454308768216
0.32808333333333334,0.3727788547638642
0.32816666666666666,0.3838444550222778
0.32825,0.20039523914475674
0.3283333333333333,-0.012283223251418693
0.3284166666666667,-0.1843030509785656
0.3285,0.045626916650964425
0.32858333333333334,0.10483706230846214
0.32866666666666666,0.10437289121107057
0.32875,0.21207865120532302
0.3288333333333333,0.16451895859408958
0.3289166666666667,0.02337702766339469
0.329,-0.24296703846042944
0.32908333333333334,-0.2775100225802603
0.32916666666666666,-0.31541982734590596
0.32925,-0.27023589197572934
0.3293333333333333,0.11925357142495777
0.3294166666666667,-0.06969409767234516
0.3295,-0.30090871348812387
0.32958333333333334,-0.10526870232039023
0.32966666666666666,-0.2733243896475828
0.32975,-0.1726628174049997
0.3298333333333333,0.11218582899259286
0.3299166666666667,0.12006130122314931
0.33,0.41076971948528945
0.33008333333333334,0.4662006413731921
0.33016666666666666,0.3670510718175876
0.33025,0.36847817218681633
0.3303333333333333,0.0417053759334318
0.3304166666666667,0.13913360656872728
0.3305,0.3484629551988536
0.33058333333333334,0.10926394022236915
0.33066666666666666,0.12676795642061298
0.33075,0.1608103248335582
0.3308333333333333,0.17180982252670768
0.3309166666666667,0.12911517480430276
0.331,-0.23438762911392305
0.33108333333333334,-0.24632608946265694
0.33116666666666666,-0.0010569533603186794
0.33125,0.060030050546740786
0.3313333333333333,0.09886503154310798
0.3314166666666667,0.176525655135808
0.3315,0.08856695430389448
0.33158333333333334,-0.10455658194419296
0.33166666666666667,-0.08806082411868256
0.33175,-0.22394615128072037
0.3318333333333333,-0.22095181351114623
0.3319166666666667,0.1466618307605419
0.332,0.17946433837301293
0.33208333333333334,0.2420940153623203
0.33216666666666667,0.24172011219594844
0.33225,-0.2192223709269899
0.3323333333333333,-0.4916956383376953
0.3324166666666667,-0.3512935297261511
0.3325,-0.0572464003789098
0.33258333333333334,0.09521665097598796
0.33266666666666667,0.059434381237595126
0.33275,-0.12626296848223365
0.3328333333333333,-0.30544386413937635
0.3329166666666667,-0.33929218182732457
0.333,-0.4739230254236787
0.33308333333333334,-0.5830601521515036
0.33316666666666667,-0.5216334593049771
0.33325,-0.341756947372332
0.3333333333333333,-0.16965763097108214
0.33341666666666664,-0.025403460719819686
0.3335,-0.030044595944541654
0.33358333333333334,-0.34145034195669166
0.33366666666666667,-0.11828677972991081
0.33375,0.28543514209565096
0.3338333333333333,0.24159551258520737
0.33391666666666664,0.5298722020754878
0.334,0.6825544628643048
0.33408333333333334,0.6580776797129158
0.33416666666666667,0.8357902716365511
0.33425,0.5316107542273382
0.3343333333333333,0.037991409784037665
0.33441666666666664,-0.15214103787798855
0.3345,-0.021751490770888435
0.33458333333333334,0.19093805254579885
0.33466666666666667,0.10516004464259066
0.33475,0.10081516977345335
0.3348333333333333,0.038598540571960153
0.33491666666666664,-0.3694846439632453
0.335,-0.386790107091612
0.33508333333333334,-0.23783249586663668
0.33516666666666667,-0.2105582036166655
0.33525,0.16691258422906766
0.3353333333333333,0.27502454210518756
0.33541666666666664,0.025802088925718614
0.3355,-0.12152032874495826
0.33558333333333334,-0.3493589757842432
0.33566666666666667,-0.3821069361025174
0.33575,-0.31914040257893783
0.3358333333333333,-0.09179084338780773
0.33591666666666664,0.38125287338052133
0.336,0.41839833100949037
0.33608333333333335,0.4927146475883235
0.33616666666666667,0.5484975160776069
0.33625,0.1908256981126115
0.3363333333333333,0.12414905407864929
0.33641666666666664,0.0802958918147367
0.3365,0.15145368312977617
0.33658333333333335,0.43587768896839574
0.33666666666666667,0.3928682571010042
0.33675,0.33433950094363707
0.3368333333333333,0.04935870739571615
0.33691666666666664,-0.2805310452991329
0.337,-0.2880760170668721
0.33708333333333335,-0.45881564805422875
0.33716666666666667,-0.5079903677536534
0.33725,-0.21743350098189043
0.3373333333333333,0.21436105447753212
0.33741666666666664,0.31496043088573245
0.3375,-0.13015405566742885
0.33758333333333335,-0.3030833740080693
0.33766666666666667,-0.2528479188643157
0.33775,-0.2333201610561452
0.3378333333333333,-0.07744752750035959
0.33791666666666664,-0.1966521565366733
0.338,-0.22210138718801078
0.33808333333333335,-0.05169234776009079
0.33816666666666667,-0.14371979785030822
0.33825,-0.23577689099216909
0.3383333333333333,-0.46828163414796453
0.33841666666666664,-0.5220259280338823
0.3385,-0.3310447263428805
0.33858333333333335,-0.42429491297002037
0.33866666666666667,-0.23196346228970385
0.33875,-0.07896237954088875
0.3388333333333333,-0.2901786960203861
0.33891666666666664,-0.17420480948257608
0.339,-0.05137218339131651
0.33908333333333335,-0.057451007911286975
0.33916666666666667,0.12605569822882198
0.33925,0.3885819646449834
0.3393333333333333,0.54555320314502
0.33941666666666664,0.3562904304605111
0.3395,0.19984910590806537
0.33958333333333335,0.17714438419684178
0.3396666666666667,0.0058805881293616516
0.33975,0.15521116462232026
0.3398333333333333,0.2609145633624211
0.33991666666666664,0.3431162156261467
0.34,0.5789052066876489
0.34008333333333335,0.12722986786479099
0.3401666666666667,-0.017736966661753388
0.34025,0.19015031406695965
0.3403333333333333,0.01427582331452728
0.34041666666666665,0.2273912867339492
0.3405,0.08636877511230463
0.34058333333333335,-0.10258007706588673
0.3406666666666667,0.21108741541994283
0.34075,-0.057970288444407395
0.3408333333333333,-0.23553237199958652
0.34091666666666665,-0.2916037736136194
0.341,-0.6206252164739111
0.34108333333333335,-0.45093801691844787
0.3411666666666667,-0.2616468495649314
0.34125,-0.02277865097406722
0.3413333333333333,0.4093305202890674
0.34141666666666665,0.24444210737652974
0.3415,0.0579859111526503
0.34158333333333335,0.05045736971698742
0.3416666666666667,0.014040692595100511
0.34175,0.1995853835264801
0.3418333333333333,0.11771048852694455
0.34191666666666665,0.2504723921212924
0.342,0.6554724623692434
0.34208333333333335,0.5018163653045745
0.3421666666666667,0.30700416893996285
0.34225,0.14966736594379862
0.3423333333333333,-0.16369000000477266
0.34241666666666665,-0.22832467450086827
0.3425,-0.17924076911401635
0.34258333333333335,-0.15127554022322331
0.3426666666666667,-0.011696702354921606
0.34275,0.1498378383698982
0.3428333333333333,0.3044523172722378
0.34291666666666665,0.27775380124499993
0.343,-0.07503346357216428
0.34308333333333335,-0.23691246148136352
0.3431666666666667,-0.2979008045018573
0.34325,-0.4479312512738389
0.3433333333333333,-0.2091767820646294
0.34341666666666665,0.005014801637333386
0.3435,-0.0767227810302321
0.34358333333333335,-0.14887804100099117
0.3436666666666667,-0.21862161286459209
0.34375,-0.2623910079779359
0.3438333333333333,-0.2990132634257503
0.34391666666666665,-0.29152774419703664
0.344,-0.2958639733645322
0.34408333333333335,-0.14574982576364454
0.3441666666666667,0.09565737466249581
0.34425,0.06193772324037893
0.3443333333333333,0.020258498009900948
0.34441666666666665,-0.12214888751496147
0.3445,-0.14899797768569634
0.34458333333333335,0.05262123466277178
0.3446666666666667,-0.07710909003919456
0.34475,-0.07351325946054187
0.3448333333333333,0.04825615119800522
0.34491666666666665,0.08099724668454161
0.345,0.10615829380350109
0.34508333333333335,-0.09083675182427677
0.3451666666666667,0.013104240374092212
0.34525,0.10414662326455403
0.3453333333333333,-0.07742539745783693
0.34541666666666665,0.04999457368464729
0.3455,0.11087270813997302
0.34558333333333335,-0.00613290214956129
0.3456666666666667,0.0407553091038433
0.34575,0.037788578680932806
0.3458333333333333,-0.05604949748965584
0.34591666666666665,-0.01658497008024609
0.346,-0.0585430661870089
0.34608333333333335,-0.03823062934105032
0.3461666666666667,0.1818168402319141
0.34625,0.16416466205228475
0.3463333333333333,0.2255496129116586
0.34641666666666665,0.30071965889516517
0.3465,0.1838063467006957
0.34658333333333335,0.19979097660915648
0.3466666666666667,0.05430218673423411
0.34675,0.17121098231739496
0.3468333333333333,0.3484389537510202
0.34691666666666665,-0.13534094033644253
0.347,-0.20456469154569742
0.34708333333333335,-0.055797494746526
0.3471666666666667,-0.3357409080324615
0.34725,-0.16218103381663598
0.3473333333333333,-0.09294090247973776
0.34741666666666665,-0.34431311780818896
0.3475,-0.0823915399865026
0.34758333333333336,-0.23612608363000903
0.3476666666666667,-0.6213591672263465
0.34775,-0.23404681619311005
0.3478333333333333,-0.18857708189345437
0.34791666666666665,-0.22755304478189461
0.348,0.29051528502763196
0.34808333333333336,0.13734707760113452
0.3481666666666667,-0.1519879228953554
0.34825,0.13650124884158815
0.34833333333333333,-0.012371421090688221
0.34841666666666665,-0.3621233931136529
0.3485,-0.1251589391458679
0.34858333333333336,-0.05471153931056135
0.3486666666666667,-0.2970758999463567
0.34875,-0.05500143905823211
0.34883333333333333,-0.03420776031019966
0.34891666666666665,-0.2641605904697981
0.349,-0.08396089504902196
0.34908333333333336,-0.05986320431804
0.3491666666666667,-0.054126180815061584
0.34925,0.17891738808060184
0.34933333333333333,0.4351621949114293
0.34941666666666665,0.3302881773751452
0.3495,-0.0030656655405544757
0.34958333333333336,0.1161424830412835
0.3496666666666667,0.027708767535230938
0.34975,-0.007407208304197023
0.34983333333333333,0.3827441895834232
0.34991666666666665,0.26045648683087286
0.35,0.22649853232954612
0.35008333333333336,0.5005812998418464
0.3501666666666667,0.37931308281509724
0.35025,0.18963125601299144
0.35033333333333333,0.21281916656737943
0.35041666666666665,0.14533001242807392
0.3505,-0.04385371731617027
0.35058333333333336,-0.03240764438632101
0.3506666666666667,0.017871945871015912
0.35075,-0.029636881812230904
0.35083333333333333,-0.0024077021474025054
0.35091666666666665,0.0895238635768272
0.351,0.05953817059806802
0.35108333333333336,-0.02239320418591361
0.3511666666666667,0.15815499302543945
0.35125,0.254089798369427
0.35133333333333333,0.2176531653120837
0.35141666666666665,0.4398212790413129
0.3515,0.5666351856538056
0.35158333333333336,0.45299401763285774
0.3516666666666667,0.4280690225949823
0.35175,0.26891536857279336
0.35183333333333333,-0.04533261911356176
0.35191666666666666,-0.020119604197816415
0.352,-0.058704609351187494
0.35208333333333336,-0.04225525834044122
0.3521666666666667,0.29699156221598766
0.35225,0.07657708111937286
0.35233333333333333,-0.22444791793755506
0.35241666666666666,-0.38707231119067576
0.3525,-0.7665835420268007
0.35258333333333336,-0.7077157470336153
0.3526666666666667,-0.6481832599107709
0.35275,-0.6800261006813202
0.35283333333333333,-0.3766316189884367
0.35291666666666666,-0.3246046969356487
0.353,-0.40465254485803753
0.35308333333333336,-0.31822995644697327
0.3531666666666667,-0.38146540536012263
0.35325,-0.41416733601942873
0.35333333333333333,-0.3050501952764631
0.35341666666666666,-0.23419489156339154
0.3535,-0.044691379595710394
0.35358333333333336,0.09761471003609731
0.3536666666666667,0.1264082231618492
0.35375,0.25545392217900453
0.35383333333333333,0.22669873478901367
0.35391666666666666,0.06898573972137118
0.354,0.062320765757621195
0.35408333333333336,0.04982144075203506
0.3541666666666667,0.04778712073598485
0.35425,0.2601148063727062
0.35433333333333333,0.21508023001739854
0.35441666666666666,-0.040367768481545246
0.3545,0.029704264043915754
0.3545833333333333,-0.06209916118240708
0.3546666666666667,-0.11886275907673871
0.35475,0.11644939619934376
0.35483333333333333,0.09128321057040178
0.35491666666666666,0.11652826775805893
0.355,0.05820892032833796
0.3550833333333333,-0.1772131315672111
0.3551666666666667,-0.1373522094323938
0.35525,-0.09286877025244789
0.35533333333333333,0.05978478931472537
0.35541666666666666,0.1634482585808133
0.3555,0.08955170662774159
0.3555833333333333,0.12573910362598598
0.3556666666666667,-0.07255663844972628
0.35575,-0.05698550140959304
0.35583333333333333,0.026106431693754754
0.35591666666666666,-0.16546790582359228
0.356,0.17070565503430815
0.3560833333333333,0.20464090980703256
0.3561666666666667,-0.035326245034450726
0.35625,0.2191989203760903
0.35633333333333334,0.04831407593398964
0.35641666666666666,-0.13949937113227115
0.3565,-0.13117720638868405
0.3565833333333333,-0.2463064989037794
0.3566666666666667,-0.11598999309877268
0.35675,-0.0931069741593858
0.35683333333333334,0.1229201273556274
0.35691666666666666,0.38345195999588483
0.357,0.134981002263052
0.3570833333333333,-0.015272756334914137
0.3571666666666667,-0.10654869221724407
0.35725,-0.27481810364247095
0.35733333333333334,-0.18261071313518631
0.35741666666666666,-0.15073329066511595
0.3575,-0.4045438734847583
0.3575833333333333,-0.5137633758839825
0.3576666666666667,-0.28832310004746303
0.35775,-0.14725310318609314
0.35783333333333334,-0.2609514756934521
0.35791666666666666,-0.14348094009444298
0.358,-0.011393716480899154
0.3580833333333333,-0.07981557853971985
0.3581666666666667,0.19498409680849585
0.35825,0.34138791866498475
0.35833333333333334,0.2894666536628613
0.35841666666666666,0.46887744798637393
0.3585,0.46233733712247027
0.3585833333333333,0.44056105713464494
0.3586666666666667,0.6313575966478795
0.35875,0.7081859411493762
0.35883333333333334,0.6525759808424056
0.35891666666666666,0.6943386450756958
0.359,0.6257343660698275
0.3590833333333333,0.4477888244813297
0.3591666666666667,0.4421934428042267
0.35925,0.16725823827231803
0.35933333333333334,-0.12308346948879938
0.35941666666666666,-0.02379677848185551
0.3595,-0.17485624062669572
0.3595833333333333,-0.365637902857155
0.3596666666666667,-0.26485655153878274
0.35975,-0.42875924065874926
0.35983333333333334,-0.6648801410560644
0.35991666666666666,-0.6232335949089011
0.36,-0.5695258998505585
0.3600833333333333,-0.4355975998765507
0.3601666666666667,-0.13674534076666497
0.36025,-0.03140180783961427
0.36033333333333334,-0.22516641286618166
0.36041666666666666,-0.2841539912906403
0.3605,-0.26070678143133474
0.3605833333333333,-0.25605237243728407
0.3606666666666667,-0.036607574423484154
0.36075,0.15272528831465365
0.36083333333333334,0.33315936829946835
0.36091666666666666,0.34495912194228173
0.361,0.20843005828803493
0.3610833333333333,0.18051179323194166
0.3611666666666667,-0.06900158071652712
0.36125,-0.1393683992776611
0.36133333333333334,-0.10069701971947095
0.36141666666666666,-0.187777978923015
0.3615,-0.0943580011119614
0.3615833333333333,-0.17996618188686397
0.3616666666666667,-0.1522984611137749
0.36175,-0.01747527253504304
0.36183333333333334,-0.14820469443327586
0.36191666666666666,-0.15808609630633588
0.362,-0.21106260631757642
0.3620833333333333,-0.21767982009522793
0.3621666666666667,0.013321304696996009
0.36225,-0.08938241341718887
0.36233333333333334,-0.3413344056219111
0.36241666666666666,-0.3460005835193415
0.3625,-0.2468470394921411
0.3625833333333333,0.06262403602510658
0.3626666666666667,0.23010906309436938
0.36275,0.20515762815511104
0.36283333333333334,0.11304845913305259
0.36291666666666667,-0.36910326990873593
0.363,-0.279851133862177
0.3630833333333333,0.18037524088477172
0.3631666666666667,-0.018943154275036185
0.36325,0.06967591195190394
0.36333333333333334,0.3030989882921249
0.36341666666666667,0.11612450315311956
0.3635,0.2623362746998612
0.3635833333333333,0.36622478688774973
0.3636666666666667,0.2806419208876616
0.36375,0.6599716986428347
0.36383333333333334,0.7968559466897646
0.36391666666666667,0.6789005190290064
0.364,0.7509195927748251
0.3640833333333333,0.5616664642220285
0.3641666666666667,0.4842116062039348
0.36425,0.38899334896330345
0.36433333333333334,0.29757561751350475
0.36441666666666667,0.5460062956020103
0.3645,0.3996961224480215
0.3645833333333333,0.4804794080048589
0.36466666666666664,0.6845764399762041
0.36475,-0.0026701900231642173
0.36483333333333334,-0.25457828600685184
0.36491666666666667,-0.18719384534511058
0.365,-0.7403148907313958
0.3650833333333333,-0.6677918009689942
0.36516666666666664,-0.5882316323881014
0.36525,-1.0150583066829384
0.36533333333333334,-0.7030145686533337
0.36541666666666667,-0.7264242776005043
0.3655,-1.210747017683276
0.3655833333333333,-1.1357391407135433
0.36566666666666664,-1.10907915232854
0.36575,-0.9426887172128937
0.36583333333333334,-0.6907820599312616
0.36591666666666667,-0.6718507359996434
0.366,-0.5153971649166244
0.3660833333333333,-0.39470256378905355
0.36616666666666664,-0.34166620181130697
0.36625,-0.2114517521152851
0.36633333333333334,0.09641770460072072
0.36641666666666667,0.25065475878572024
0.3665,0.07453158016236955
0.3665833333333333,0.15459059945164422
0.36666666666666664,0.28054990732429236
0.36675,0.3110141902205673
0.36683333333333334,0.42010517144475046
0.36691666666666667,0.49265346760348905
0.367,0.5545149262480914
0.3670833333333333,0.41989040012635775
0.36716666666666664,0.4379863517979945
0.36725,0.4064542349374471
0.36733333333333335,0.17896879752569372
0.36741666666666667,0.37775300710017445
0.3675,0.21690741658498547
0.3675833333333333,-0.05387203957708713
0.36766666666666664,0.11123587459724638
0.36775,0.024294701618453672
0.36783333333333335,0.23482163129419054
0.36791666666666667,0.4520996922601588
0.368,0.264772741004185
0.3680833333333333,0.39167971152752273
0.36816666666666664,0.3835393065051559
0.36825,0.4009409063455099
0.36833333333333335,0.7725742840327517
0.36841666666666667,0.5849978027311823
0.3685,0.46372948973246053
0.3685833333333333,0.7956166621588121
0.36866666666666664,0.6399279752901107
0.36875,0.5531241497619916
0.36883333333333335,0.3349542675351317
0.36891666666666667,0.05292682815579681
0.369,0.5540109085872058
0.3690833333333333,0.4110829833778079
0.36916666666666664,0.1622793942388987
0.36925,0.5135432691195229
0.36933333333333335,0.13760316376507725
0.36941666666666667,-0.12572789227669692
0.3695,-0.26314593012008375
0.3695833333333333,-0.7604752067699612
0.36966666666666664,-0.863293437876622
0.36975,-0.9047848756184845
0.36983333333333335,-0.9167968035380599
0.36991666666666667,-0.597932056655339
0.37,-0.31344357514763216
0.3700833333333333,-0.40628822806896425
0.37016666666666664,-0.5047382244330227
0.37025,-0.3268981206286815
0.37033333333333335,-0.40503422423362034
0.37041666666666667,-0.5251000271838019
0.3705,-0.4309470902074212
0.3705833333333333,-0.36903830102908036
0.37066666666666664,-0.18582992923346334
0.37075,-0.11460029148392936
0.37083333333333335,-0.1488330946795975
0.3709166666666667,-0.04940102008317487
0.371,0.04354207916253735
0.3710833333333333,0.2493677627831368
0.37116666666666664,0.36019791274549284
0.37125,0.1760019128229587
0.37133333333333335,-0.09033115127036453
0.3714166666666667,-0.2995881186178049
0.3715,-0.2428256512180165
0.3715833333333333,-0.11211772273708863
0.37166666666666665,-0.23671156341606206
0.37175,-0.32979705463200715
0.37183333333333335,-0.12497624774568444
0.3719166666666667,0.0588712251695958
0.372,0.04908337674136332
0.3720833333333333,0.10857729792706547
0.37216666666666665,0.2008655313538096
0.37225,0.1509941880040623
0.37233333333333335,0.1873343058831974
0.3724166666666667,0.43516844973040153
0.3725,0.4780426227186916
0.3725833333333333,0.2919450084323938
0.37266666666666665,0.12098552495308434
0.37275,-0.25599256965540407
0.37283333333333335,-0.408049407760783
0.3729166666666667,-0.07809833822361245
0.373,-0.058660590208270566
0.3730833333333333,-0.15542378577520313
0.37316666666666665,0.07752833793163932
0.37325,0.19390486306316956
0.37333333333333335,0.3298895595226863
0.3734166666666667,0.4535422362800128
0.3735,0.2693983202903205
0.3735833333333333,0.21790489622825396
0.37366666666666665,0.20190902551083964
0.37375,0.0029783873738800535
0.37383333333333335,-0.06113707375458923
0.3739166666666667,-0.05774102849413055
0.374,0.010909524089889946
0.3740833333333333,0.1963679134141027
0.37416666666666665,0.16861478646489686
0.37425,0.0317955687584438
0.37433333333333335,-0.027044364921822637
0.3744166666666667,-0.1961678998592504
0.3745,-0.18483137803570124
0.3745833333333333,0.009274653825819063
0.37466666666666665,0.010553350826155595
0.37475,0.07733864923829858
0.37483333333333335,0.12265321131556901
0.3749166666666667,-0.0025161321592924698
0.375,-0.03356092744265215
0.3750833333333333,-0.02007573572466132
0.37516666666666665,0.0057005617027090566
0.37525,-0.0360068481808154
0.37533333333333335,-0.10997521545903387
0.3754166666666667,-0.07373479320795194
0.3755,0.020866254092499537
0.3755833333333333,0.23520728005193833
0.37566666666666665,0.3920124109976377
0.37575,0.3462667704651587
0.37583333333333335,0.355037595412499
0.3759166666666667,0.422945927998684
0.376,0.34833585102736575
0.3760833333333333,0.3192369207489023
0.37616666666666665,0.4456004094112441
0.37625,0.43325375232274627
0.37633333333333335,0.1540624898490872
0.3764166666666667,-0.34978294344934124
0.3765,-0.5095205583976167
0.3765833333333333,-0.2129637324435303
0.37666666666666665,-0.39646762720593764
0.37675,-0.66310468792909
0.37683333333333335,-0.5688254166528414
0.3769166666666667,-0.6310947224274952
0.377,-0.6821524028721243
0.3770833333333333,-0.8022564343643157
0.37716666666666665,-1.0391218902613086
0.37725,-1.109771930977935
0.37733333333333335,-0.944000062874858
0.3774166666666667,-0.8452837588309826
0.3775,-0.7898750939124177
0.3775833333333333,-0.3672387193823723
0.37766666666666665,-0.15070903293300625
0.37775,-0.0771227681612482
0.37783333333333335,0.1465691849739128
0.3779166666666667,0.29698506923751206
0.378,0.5890084395393945
0.3780833333333333,0.7165425975161168
0.37816666666666665,0.8182990170515174
0.37825,1.0944875067608435
0.37833333333333335,1.0086771565070136
0.3784166666666667,0.7108859557192705
0.3785,0.47450479822923014
0.3785833333333333,0.04256109763058535
0.37866666666666665,-0.3023474740149767
0.37875,-0.26274523433252756
0.37883333333333336,-0.2236190213262939
0.3789166666666667,-0.01271083644212348
0.379,0.1467090838359132
0.3790833333333333,-0.04850673676924264
0.37916666666666665,-0.12219834688582372
0.37925,-0.40214836942142324
0.37933333333333336,-0.6406709158172019
0.3794166666666667,-0.4123162432984149
0.3795,-0.15048908725297958
0.37958333333333333,0.20253516127652238
0.37966666666666665,0.39598266122316367
0.37975,0.322756481868473
0.37983333333333336,0.4801613850188651
0.3799166666666667,0.5879147338040933
0.38,0.4688490683833853
0.38008333333333333,0.5923450093823456
0.38016666666666665,0.7460593334743053
0.38025,0.9398587637133965
0.38033333333333336,1.205096162389828
0.3804166666666667,1.0310844183664951
0.3805,0.9475699565732429
0.38058333333333333,0.8867932155026432
0.38066666666666665,0.527621909701118
0.38075,0.3693600246836931
0.38083333333333336,0.2531855671420583
0.3809166666666667,0.4524826906258195
0.381,0.49954755892126407
0.38108333333333333,-0.08636249237478452
0.38116666666666665,-0.06220664569578248
0.38125,-0.002221510143990504
0.38133333333333336,-0.4121283212444971
0.3814166666666667,-0.24549734603534282
0.3815,-0.2969378021165553
0.38158333333333333,-0.6403642575927482
0.38166666666666665,-0.6179516529598917
0.38175,-0.9120289497413354
0.38183333333333336,-1.087550008099932
0.3819166666666667,-1.2846546044558635
0.382,-1.5490182096961311
0.38208333333333333,-1.1566119954147427
0.38216666666666665,-1.1054606901730342
0.38225,-0.624512582925613
0.38233333333333336,0.1578844992331486
0.3824166666666667,-0.09940523129786381
0.3825,0.08767232376430206
0.38258333333333333,0.10486475460243844
0.38266666666666665,-0.2140365525642361
0.38275,0.10846598152529807
0.38283333333333336,-0.14574839101042145
0.3829166666666667,-0.30894745045339356
0.383,-0.2883467485573126
0.38308333333333333,-0.7841022932479743
0.38316666666666666,-0.7182088917676367
0.38325,-0.5683246692912961
0.38333333333333336,-0.7181479947927849
0.3834166666666667,-0.31599794565821593
0.3835,-0.03184573936447113
0.38358333333333333,-0.1706614917520464
0.38366666666666666,0.20000673313278342
0.38375,0.4942678246392397
0.38383333333333336,0.4550185089636901
0.3839166666666667,0.6891881703303727
0.384,0.5894912917056689
0.38408333333333333,0.37395980357315967
0.38416666666666666,0.2809536651011447
0.38425,0.019284483598567416
0.38433333333333336,-0.16974528249563334
0.3844166666666667,-0.27164968070816004
0.3845,0.025084499280975184
0.38458333333333333,0.3482194056069488
0.38466666666666666,0.36248558334010716
0.38475,0.5552619038474448
0.38483333333333336,0.7098481261877757
0.3849166666666667,0.34160194852834
0.385,0.17151691200114014
0.38508333333333333,0.7202972395029554
0.38516666666666666,0.3608218988668266
0.38525,-0.05497483310236503
0.38533333333333336,0.6012656029351696
0.3854166666666667,0.2791423140020752
0.3855,0.22503759927895153
0.38558333333333333,0.6491585483300178
0.38566666666666666,-0.10637141725112752
0.38575,-0.10559262454266208
0.3858333333333333,0.1333164670284307
0.3859166666666667,-0.22008185155197096
0.386,0.0842889425146078
0.38608333333333333,0.009400480498224027
0.38616666666666666,-0.22992192051378557
0.38625,0.04771355188028882
0.3863333333333333,-0.07552956171872216
0.3864166666666667,-0.02328657110994995
0.3865,0.19223920807455794
0.38658333333333333,-0.09996039558268763
0.38666666666666666,-0.014886452622195429
0.38675,0.020132528294820397
0.3868333333333333,-0.3099345447408354
0.3869166666666667,-0.1768777804346348
0.387,-0.33853877183550607
0.38708333333333333,-0.4992001453277927
0.38716666666666666,-0.40652467358736694
0.38725,-0.5917857181614962
0.3873333333333333,-0.2805592535155525
0.3874166666666667,-0.10092808727724911
0.3875,-0.2925805980719251
0.38758333333333334,-0.3404929593978281
0.38766666666666666,-0.6027672058179486
0.38775,-0.6476736220614107
0.3878333333333333,-0.4510117608996372
0.3879166666666667,-0.4817761594044522
0.388,-0.6345250556091655
0.38808333333333334,-0.3640594899267086
0.38816666666666666,-0.0015782156193546802
0.38825,-0.05776889852444068
0.3883333333333333,0.02028590802544343
0.3884166666666667,0.07391777645705012
0.3885,0.1913656003436876
0.38858333333333334,0.46047735486590957
0.38866666666666666,0.6354385139028097
0.38875,0.8430958934843369
0.3888333333333333,0.6251632974315234
0.3889166666666667,0.6820257787571052
0.389,0.9702013482513875
0.38908333333333334,0.5802235263101503
0.38916666666666666,0.5095786127711053
0.38925,0.597700105390175
0.3893333333333333,0.34703585342223203
0.3894166666666667,0.24115096972005487
0.3895,0.12257251424245984
0.38958333333333334,0.023986760645433255
0.38966666666666666,-0.16036342410294033
0.38975,-0.2982504176507149
0.3898333333333333,-0.22652210714856802
0.3899166666666667,-0.21783678598017955
0.39,-0.050643988121249144
0.39008333333333334,0.0311677155824125
0.39016666666666666,0.10768860058757557
0.39025,0.4354020149808365
0.3903333333333333,0.3671085640503269
0.3904166666666667,0.14059443326909782
0.3905,0.06857553337895954
0.39058333333333334,0.0005992694185758256
0.39066666666666666,-0.004264729917763965
0.39075,-0.02722871548353545
0.3908333333333333,0.0976610609295705
0.3909166666666667,0.08037256757437665
0.391,0.06312020469171972
0.39108333333333334,0.4280649830590192
0.39116666666666666,0.41420676390107525
0.39125,0.3032112642367839
0.3913333333333333,0.4393137714106759
0.3914166666666667,0.2008959694932784
0.3915,0.012426066905929987
0.39158333333333334,-0.20713858468010116
0.39166666666666666,-0.6776507202843955
0.39175,-0.6220269305805769
0.3918333333333333,-0.5570545829915
0.3919166666666667,-0.9205460985466815
0.392,-1.113148707065317
0.39208333333333334,-1.08742706445106
0.39216666666666666,-0.8405613674761611
0.39225,-0.5226667314573925
0.3923333333333333,-0.27714943932712827
0.3924166666666667,-0.04697843557172827
0.3925,0.14173928368367947
0.39258333333333334,0.4212768847883749
0.39266666666666666,0.45421740963081136
0.39275,0.2439383777835645
0.3928333333333333,0.2160493708340109
0.3929166666666667,-0.02854226920654411
0.393,-0.2830199257133862
0.39308333333333334,-0.13210773975913126
0.39316666666666666,-0.04688411006562886
0.39325,-0.02704363043649564
0.3933333333333333,-0.09628163121777086
0.3934166666666667,-0.11549812261848591
0.3935,-0.054786312347188955
0.39358333333333334,-0.3439443957640087
0.39366666666666666,-0.19394357416353403
0.39375,0.07808756158218488
0.3938333333333333,-0.1176661174576156
0.3939166666666667,0.09230684878709612
0.394,0.04164848998507938
0.39408333333333334,-0.22646252617772322
0.39416666666666667,-0.1501845482648214
0.39425,-0.22988936548514724
0.3943333333333333,-0.13397213264119914
0.3944166666666667,-0.2365725397892363
0.3945,-0.23135739655489282
0.39458333333333334,0.22476495157593765
0.39466666666666667,0.1972015464005952
0.39475,0.21760884339201914
0.3948333333333333,0.1537219260051812
0.3949166666666667,-0.19427509225178435
0.395,-0.0971932939107844
0.39508333333333334,-0.05087675060604932
0.39516666666666667,-0.0003538464494872976
0.39525,0.07984185772912027
0.3953333333333333,-0.004567332977722626
0.3954166666666667,0.3185875727870538
0.3955,0.5570869594103142
0.39558333333333334,0.39334935887110084
0.39566666666666667,0.3287771156004198
0.39575,0.26057481913457314
0.3958333333333333,0.12546011997122644
0.39591666666666664,0.2817795668739044
0.396,0.4169910441317399
0.39608333333333334,0.01800488573761367
0.39616666666666667,-0.13845456352096933
0.39625,-0.07484930430116395
0.3963333333333333,-0.42247052372523997
0.39641666666666664,-0.47387488463034944
0.3965,-0.3090656361142208
0.39658333333333334,-0.20388893209767148
0.39666666666666667,0.10684441632976335
0.39675,0.24071489314959832
0.3968333333333333,0.20965722655135197
0.39691666666666664,0.11441224542218958
0.397,0.02417925894317103
0.39708333333333334,0.11004907874562489
0.39716666666666667,0.049286328751669765
0.39725,0.16688321888766908
0.3973333333333333,0.4288927919714039
0.39741666666666664,0.31520922862156187
0.3975,0.38641718461622887
0.39758333333333334,0.5652224569851326
0.39766666666666667,0.3975256555997496
0.39775,0.24269094661945856
0.3978333333333333,0.29551369441126324
0.39791666666666664,0.31980889848615135
0.398,0.2950180739763795
0.39808333333333334,0.3755702493717026
0.39816666666666667,0.11818818289131519
0.39825,-0.11536897596976828
0.3983333333333333,0.1500882325519747
0.39841666666666664,0.046548179668538615
0.3985,-0.16338872780419347
0.39858333333333335,-0.08101257809134041
0.39866666666666667,-0.26420314944527956
0.39875,-0.3629997231547613
0.3988333333333333,-0.3564928531168378
0.39891666666666664,-0.4451896572202901
0.399,-0.3528708672760119
0.39908333333333335,-0.28149004492484436
0.39916666666666667,-0.3094077118178254
0.39925,-0.4421312853896232
0.3993333333333333,-0.4588988256919802
0.39941666666666664,-0.443545529740523
0.3995,-0.5330427966762482
0.39958333333333335,-0.2906839449386776
0.39966666666666667,-0.21468686774673315
0.39975,-0.09358249688721827
0.3998333333333333,0.17370133892519754
0.39991666666666664,0.1533118247207167
0.4,0.4708640818228723
0.40008333333333335,0.42835187307882316
0.40016666666666667,0.17672832197294433
0.40025,0.23759518165242358
0.4003333333333333,-0.19611714313328765
0.40041666666666664,-0.09422947659226351
0.4005,0.3848921433852046
0.40058333333333335,0.09295442208568785
0.40066666666666667,0.1537563452521591
0.40075,0.33118413020298815
0.4008333333333333,-0.15220449548171533
0.40091666666666664,-0.08983800566217251
0.401,0.20930133358881267
0.40108333333333335,0.047868842025775356
0.40116666666666667,0.30093711266953144
0.40125,0.5854906739083053
0.4013333333333333,0.4730931387379857
0.40141666666666664,0.4673611029992887
0.4015,0.422624229560317
0.40158333333333335,0.12944793425410375
0.40166666666666667,-0.06219928266474385
0.40175,0.06166895018675513
0.4018333333333333,-0.050988214781727534
0.40191666666666664,-0.25406527967251535
0.402,0.06676755816909302
0.40208333333333335,0.27369781933193393
0.4021666666666667,0.0552630342997506
0.40225,0.11563382613299973
0.4023333333333333,0.2075441103111469
0.40241666666666664,-0.08199311671305966
0.4025,-0.07374624905239349
0.40258333333333335,0.0274185066748173
0.4026666666666667,-0.2116995140697134
0.40275,-0.18691997359846918
0.4028333333333333,-0.01357316667480584
0.40291666666666665,-0.17952707149689517
0.403,-0.2462113575606815
0.40308333333333335,-0.1175672096798259
0.4031666666666667,-0.22719556645914848
0.40325,-0.12625840214842862
0.4033333333333333,-0.011253225857468626
0.40341666666666665,-0.14744659988266823
0.4035,-0.06395015395062133
0.40358333333333335,-0.2631176616587182
0.4036666666666667,-0.41218049360906495
0.40375,-0.3190462266051477
0.4038333333333333,-0.35898002412618235
0.40391666666666665,-0.14911952077129445
0.404,-0.20325229012340082
0.40408333333333335,-0.17743116577222462
0.4041666666666667,0.010184160044147544
0.40425,-0.28032990709341643
0.4043333333333333,-0.15749534820251054
0.40441666666666665,-0.17988985442314942
0.4045,-0.3751545803477353
0.40458333333333335,0.2370858763160198
0.4046666666666667,0.3404268781173999
0.40475,0.16862419161303066
0.4048333333333333,0.2781783002025018
0.40491666666666665,-0.013857021522944789
0.405,0.1149078645744064
0.40508333333333335,0.07833678225530295
0.4051666666666667,-0.19792738796323936
0.40525,0.19840302142451396
0.4053333333333333,0.1186917586339209
0.40541666666666665,-0.03556836918954516
0.4055,-0.050573426589998055
0.40558333333333335,-0.44833267707082314
0.4056666666666667,-0.2683790374766836
0.40575,-0.22786773552923958
0.4058333333333333,-0.5105891694545949
0.40591666666666665,-0.1515008045416394
0.406,-0.009177927496526933
0.40608333333333335,-0.16069426658265887
0.4061666666666667,0.13286003731135523
0.40625,0.45651371632056287
0.4063333333333333,0.4276007133541365
0.40641666666666665,0.3554977664779042
0.4065,0.3968444182694605
0.40658333333333335,0.08569141889441864
0.4066666666666667,-0.09475781694376442
0.40675,0.1564134491645366
0.4068333333333333,0.010304731803031257
0.40691666666666665,0.005359247697339769
0.407,0.2533474750292483
0.40708333333333335,0.0606650013473121
0.4071666666666667,0.0799536020474309
0.40725,0.3346345890117901
0.4073333333333333,0.06006920670764199
0.40741666666666665,-0.1428107483153166
0.4075,0.14184549081771022
0.40758333333333335,0.011980693048946604
0.4076666666666667,-0.12448548751600483
0.40775,0.18244676287295017
0.4078333333333333,0.023729453166410876
0.40791666666666665,-0.18604734245861557
0.408,-0.10470979345063382
0.40808333333333335,-0.20848899110227556
0.4081666666666667,-0.2422554722907946
0.40825,-0.2097792766537552
0.4083333333333333,-0.1339117618613499
0.40841666666666665,-0.04290001703202882
0.4085,0.039913288465044224
0.40858333333333335,0.23316886335913628
0.4086666666666667,0.11924327342028086
0.40875,0.050663649165467485
0.4088333333333333,0.1611584513823706
0.40891666666666665,-0.030897309009569107
0.409,0.017015035239610014
0.40908333333333335,0.22289918840080652
0.4091666666666667,0.23640561681425792
0.40925,0.3154637617657796
0.4093333333333333,0.1937298519617842
0.40941666666666665,-0.09541340561242884
0.4095,-0.3026627183060822
0.40958333333333335,-0.498068537873702
0.4096666666666667,-0.43835491527707526
0.40975,-0.15121001106689055
0.4098333333333333,0.1323880818486509
0.40991666666666665,0.42320807276173955
0.41,0.484849398042397
0.41008333333333336,0.35756055847549295
0.4101666666666667,0.14219540131789496
0.41025,-0.2047971878816129
0.4103333333333333,-0.45907066351391723
0.41041666666666665,-0.4604654802389127
0.4105,-0.17631184889475654
0.41058333333333336,-0.11943940298578634
0.4106666666666667,-0.18171483653050416
0.41075,0.07011157711428244
0.41083333333333333,0.0061995293183529495
0.41091666666666665,-0.036818410258491356
0.411,0.22699708550802236
0.41108333333333336,0.08944914095248986
0.4111666666666667,-0.019173443183629638
0.41125,0.14736570294657128
0.41133333333333333,0.05482569779942712
0.41141666666666665,0.05977657333692509
0.4115,0.215617516941267
0.41158333333333336,-0.04977149172762668
0.4116666666666667,-0.08229568035032178
0.41175,0.11925545206388267
0.41183333333333333,-0.1448156514072486
0.41191666666666665,-0.22755607261965613
0.412,-0.18023930749119646
0.41208333333333336,-0.21067330634515416
0.4121666666666667,-0.21222336468247505
0.41225,-0.46860315262987257
0.41233333333333333,-0.6054133382911913
0.41241666666666665,-0.47470476798093625
0.4125,-0.10100879528309438
0.41258333333333336,-0.04345447460869975
0.4126666666666667,-0.2548844655667456
0.41275,0.018417370873803567
0.41283333333333333,-0.03993479792830165
0.41291666666666665,-0.20422516642337463
0.413,-0.023879196823803413
0.41308333333333336,0.009523449267469827
0.4131666666666667,0.10049467292896459
0.41325,0.07078254358497081
0.41333333333333333,0.10893457259024793
0.41341666666666665,0.11935103131079178
0.4135,-0.059382404499683315
0.41358333333333336,0.10833360016352332
0.4136666666666667,0.19327439134960256
0.41375,0.2566696549410704
0.41383333333333333,0.5637217760814818
0.41391666666666665,0.5843245026953422
0.414,0.47045899556512144
0.41408333333333336,0.4485089910013242
0.4141666666666667,0.3318183923484178
0.41425,0.2658213440698212
0.41433333333333333,0.3877182741325519
0.41441666666666666,0.38869562066568925
0.4145,0.2645554211027719
0.41458333333333336,0.27956152764068787
0.4146666666666667,0.1927305517532406
0.41475,-0.09046124348217696
0.41483333333333333,-0.28725055910556674
0.41491666666666666,-0.20016710008918429
0.415,0.025299643454949502
0.41508333333333336,0.021693185468253398
0.4151666666666667,0.15173794610809085
0.41525,0.2691675223580755
0.41533333333333333,-0.0634385294280837
0.41541666666666666,0.02453869019165856
0.4155,0.047114035619434176
0.41558333333333336,-0.30808787703574736
0.4156666666666667,0.02610256223742751
0.41575,0.022406456582446763
0.41583333333333333,-0.4517622938128496
0.41591666666666666,-0.3240771085163381
0.416,-0.42435335297075666
0.41608333333333336,-0.7011998069727022
0.4161666666666667,-0.4442945215285522
0.41625,-0.23583565548731708
0.41633333333333333,-0.09228656897202646
0.41641666666666666,0.2115302272331748
0.4165,0.09313286017029661
0.41658333333333336,-0.09016371456385049
0.4166666666666667,0.10376938422330291
0.41675,0.026607804225284262
0.41683333333333333,-0.0025310548232700203
0.41691666666666666,0.17105895221342807
0.417,0.0937649503667029
0.4170833333333333,0.16444456719913667
0.4171666666666667,0.1426038985184379
0.41725,0.04722929036945653
0.41733333333333333,0.05126273126451761
0.41741666666666666,-0.12357905481049336
0.4175,-0.03857569219350158
0.4175833333333333,-0.08769622373615328
0.4176666666666667,-0.1612666223580194
0.41775,0.06436555191562573
0.41783333333333333,-0.06634784375080335
0.41791666666666666,-0.05236641331901619
0.418,-0.005306717331081891
0.4180833333333333,-0.3080013654774505
0.4181666666666667,-0.43745205960212574
0.41825,-0.4370613123165121
0.41833333333333333,-0.2896603625657337
0.41841666666666666,-0.16752523535548633
0.4185,-0.2636657640794408
0.4185833333333333,-0.24479683775010566
0.4186666666666667,-0.14469380510608493
0.41875,-0.0683337212259304
0.41883333333333334,-0.016152133568558682
0.41891666666666666,-0.114041155343478
0.419,-0.06474671403822929
0.4190833333333333,0.07873149947536695
0.4191666666666667,-0.09793974635001283
0.41925,-0.09707664898349319
0.41933333333333334,0.0852261602630271
0.41941666666666666,0.11233585987876318
0.4195,0.2933819161168819
0.4195833333333333,0.2657516333658384
0.4196666666666667,0.16841315903396026
0.41975,0.3120398251221861
0.41983333333333334,0.11287026569458508
0.41991666666666666,-0.09832652143584303
0.42,-0.19856490883733693
0.4200833333333333,-0.33360714572603484
0.4201666666666667,-0.08995414578386156
0.42025,0.07041097329110052
0.42033333333333334,0.06902842344114048
0.42041666666666666,0.1432320419512218
0.4205,0.11316294427390719
0.4205833333333333,0.11441872367254682
0.4206666666666667,0.06367877521015786
0.42075,0.041963122472722277
0.42083333333333334,0.057110956943035425
0.42091666666666666,0.04541992244829225
0.421,0.008696674531806316
0.4210833333333333,-0.18605735202703816
0.4211666666666667,-0.09570056601039212
0.42125,0.1219284071479615
0.42133333333333334,-0.04839483671237179
0.42141666666666666,-0.003805125682671156
0.4215,0.31040532626651773
0.4215833333333333,0.21289435550330998
0.4216666666666667,0.20644089942904206
0.42175,0.31658071492562445
0.42183333333333334,0.1257971374221803
0.42191666666666666,0.22733642577606236
0.422,0.28311465420960374
0.4220833333333333,0.17144445786827409
0.4221666666666667,0.24472961124120768
0.42225,0.29395094156256624
0.42233333333333334,0.23604709110875924
0.42241666666666666,-0.09096646737802751
0.4225,-0.14601424143409372
0.4225833333333333,-0.2228701891352172
0.4226666666666667,-0.3987837913478478
0.42275,0.08792735325627868
0.42283333333333334,0.18515149755812035
0.42291666666666666,0.036954765325088075
0.423,0.14296660872686492
0.4230833333333333,-0.07316379814550938
0.4231666666666667,-0.030952496807225692
0.42325,0.10190003467174984
0.42333333333333334,0.16007180766799076
0.42341666666666666,0.3947847432835708
0.4235,0.3705721868314974
0.4235833333333333,0.3324993156457598
0.4236666666666667,0.1646978178977563
0.42375,-0.12860535568863915
0.42383333333333334,-0.02243216760648139
0.42391666666666666,-0.23895640766748538
0.424,-0.44284195609388455
0.4240833333333333,0.09201929669348441
0.4241666666666667,0.23144056312571243
0.42425,0.16362213536280978
0.42433333333333334,0.22554362176491144
0.42441666666666666,-0.21321866167879613
0.4245,-0.3119100057151556
0.4245833333333333,-0.3519449522462867
0.4246666666666667,-0.695482732319191
0.42475,-0.5221644276280415
0.42483333333333334,-0.40525858031659423
0.42491666666666666,-0.22830301813538445
0.425,-0.13936531726695023
0.4250833333333333,-0.3588957199937338
0.4251666666666667,-0.12708084608778256
0.42525,-0.19123449989113345
0.42533333333333334,-0.27387900664917586
0.42541666666666667,-0.13396424034437598
0.4255,-0.1716763266517474
0.4255833333333333,0.05527788775335201
0.4256666666666667,0.04031875833159022
0.42575,0.13060257994074748
0.42583333333333334,0.23127502064839328
0.42591666666666667,0.01555906342837294
0.426,0.26046759687843435
0.4260833333333333,0.24608575497139107
0.4261666666666667,0.009403558871142727
0.42625,0.18555213276019242
0.42633333333333334,0.12885589477500806
0.42641666666666667,-0.012592744474894831
0.4265,0.12854005873058175
0.4265833333333333,0.26256485415375214
0.4266666666666667,0.3931910822393227
0.42675,0.4441740801454676
0.42683333333333334,0.33117998532026904
0.42691666666666667,0.3158898908676037
0.427,0.2647469631893071
0.4270833333333333,0.1485910387650388
0.42716666666666664,0.24518605945076502
0.42725,0.43553687290853393
0.42733333333333334,0.3602909924394548
0.42741666666666667,0.18683783958577638
0.4275,0.3142395238423829
0.4275833333333333,0.0935024556376816
0.42766666666666664,-0.1863239501109313
0.42775,0.033302873729524535
0.42783333333333334,-0.16646520595108905
0.42791666666666667,-0.18264934500842248
0.428,0.0672018657546915
0.4280833333333333,-0.15626837952640027
0.42816666666666664,-0.1122069170211055
0.42825,-0.12214644411156636
0.42833333333333334,-0.28474338385938
0.42841666666666667,-0.1403403152879063
0.4285,-0.12368444218132582
0.4285833333333333,-0.05881553996028876
0.42866666666666664,0.04365695355148278
0.42875,0.032023796137904396
0.42883333333333334,0.40470059874532693
0.42891666666666667,0.5448245127776972
0.429,0.18276247854410593
0.4290833333333333,0.14478214563998543
0.42916666666666664,-0.1728112152650724
0.42925,-0.34681663772086346
0.42933333333333334,0.1798407863640021
0.42941666666666667,-0.04929263578558162
0.4295,-0.2996329693466029
0.4295833333333333,0.06024175955637693
0.42966666666666664,-0.09859120177213361
0.42975,-0.30777286969495476
0.42983333333333335,-0.22512531812939476
0.42991666666666667,-0.222464132537051
0.43,-0.18041413334918627
0.4300833333333333,-0.031172777474002916
0.43016666666666664,-0.009104314017355557
0.43025,-0.2518190024092059
0.43033333333333335,-0.5052078847437936
0.43041666666666667,-0.4866064212260477
0.4305,-0.29849198685958245
0.4305833333333333,-0.3563375274622695
0.43066666666666664,-0.19128233863274335
0.43075,0.09669989011493343
0.43083333333333335,-0.1743288907649895
0.43091666666666667,-0.10174545005172075
0.431,0.03823437771076912
0.4310833333333333,-0.00755048656773957
0.43116666666666664,0.36249761670354674
0.43125,0.18458313758024258
0.43133333333333335,-0.08879707710763728
0.43141666666666667,0.07139257058827259
0.4315,-0.14903083464556185
0.4315833333333333,-0.15978241031366106
0.43166666666666664,0.18507316637093868
0.43175,0.026925971737644
0.43183333333333335,-0.2909155578674166
0.43191666666666667,-0.1786454739138942
0.432,-0.13303457942625074
0.4320833333333333,-0.28254394911642294
0.43216666666666664,-0.2556552725721204
0.43225,-0.1337797702794458
0.43233333333333335,0.00872059946692175
0.43241666666666667,0.04139460406610564
0.4325,0.10963215048948054
0.4325833333333333,0.20905515490283857
0.43266666666666664,0.004112070097584579
0.43275,0.003997763792926907
0.43283333333333335,0.254063088408635
0.43291666666666667,0.2472259542349665
0.433,0.3856888597378808
0.4330833333333333,0.5848272948416338
0.43316666666666664,0.3421924749090459
0.43325,0.3283337385485868
0.43333333333333335,0.5828897606088271
0.4334166666666667,0.21174441045576167
0.4335,-0.010905429875448083
0.4335833333333333,0.317643284814285
0.43366666666666664,0.3530016388058467
0.43375,0.35761461209230117
0.43383333333333335,0.2612073218345364
0.4339166666666667,0.093729107496335
0.434,0.03750157245969673
0.4340833333333333,-0.2783661891834619
0.43416666666666665,-0.2627472141601659
0.43425,-0.12826089062140553
0.43433333333333335,-0.1388598808305361
0.4344166666666667,-0.15570205588293307
0.4345,-0.3999307355806437
0.4345833333333333,-0.21491624079450308
0.43466666666666665,-0.15326004264317358
0.43475,-0.34946839567236543
0.43483333333333335,-0.06100599969828948
0.4349166666666667,-0.03350477839824607
0.435,0.0051682488341821325
0.4350833333333333,0.405736458959975
0.43516666666666665,0.4483284050297747
0.43525,0.3356655943854081
0.43533333333333335,0.38449857427436457
0.4354166666666667,0.2866691204875103
0.4355,0.10836565624308164
0.4355833333333333,-0.05648208157886941
0.43566666666666665,-0.3392400793465914
0.43575,-0.19152891048619722
0.43583333333333335,0.14899486957978664
0.4359166666666667,-0.004437585581839179
0.436,-0.27286801718336795
0.4360833333333333,-0.4371118424940993
0.43616666666666665,-0.3608407781429066
0.43625,-0.3657367455073498
0.43633333333333335,-0.45189070773028495
0.4364166666666667,-0.2697555567600543
0.4365,-0.4898088713555467
0.4365833333333333,-0.6326566004711079
0.43666666666666665,-0.6058899940313703
0.43675,-0.9403613965950648
0.43683333333333335,-0.9014567824375151
0.4369166666666667,-0.9146266739211282
0.437,-0.9589768912266478
0.4370833333333333,-0.530628339181581
0.43716666666666665,-0.3425137331102076
0.43725,-0.07321805443752734
0.43733333333333335,0.3693390876592788
0.4374166666666667,0.35443645234844257
0.4375,0.1610327709818742
0.4375833333333333,0.11292781532115362
0.43766666666666665,0.11845400130398387
0.43775,0.12504600918619135
0.43783333333333335,0.4237184251156495
0.4379166666666667,0.7061560557747769
0.438,0.5421988664605611
0.4380833333333333,0.4099131423948825
0.43816666666666665,0.23730557552696388
0.43825,0.14556869141649087
0.43833333333333335,0.28622819062794363
0.4384166666666667,0.09891091498048424
0.4385,0.0949504655341187
0.4385833333333333,0.22254110630704343
0.43866666666666665,0.2716589703652321
0.43875,0.7144900121988752
0.43883333333333335,0.5797469347374927
0.4389166666666667,0.23114819685907495
0.439,0.5385540997689134
0.4390833333333333,0.4555154013410052
0.43916666666666665,0.22264558842645657
0.43925,0.19757107109375963
0.43933333333333335,0.09658490236657251
0.4394166666666667,0.28346917869625365
0.4395,0.3911080869623772
0.4395833333333333,0.22709330524256024
0.43966666666666665,-0.001120079932864803
0.43975,0.09162274209328372
0.43983333333333335,0.4860692834320671
0.4399166666666667,0.3054150596574798
0.44,0.14786454345342329
0.4400833333333333,0.24977211692814136
0.44016666666666665,-0.07861589799484113
0.44025,-0.15992859566903925
0.44033333333333335,-0.013361121851401925
0.4404166666666667,-0.09353853259363092
0.4405,-0.03867335666553517
0.4405833333333333,0.11620847081733623
0.44066666666666665,0.03889864897768749
0.44075,-0.2728089539526285
0.44083333333333335,-0.49500836499202316
0.4409166666666667,-0.8410965096361599
0.441,-1.0031297069715994
0.4410833333333333,-0.5638900898160318
0.44116666666666665,-0.5574736608085012
0.44125,-0.5680042840589221
0.44133333333333336,-0.2550717465131036
0.4414166666666667,-0.5289626419683308
0.4415,-0.6145193595783263
0.4415833333333333,-0.3645861061179183
0.44166666666666665,-0.3037396575935166
0.44175,-0.27020447146640075
0.44183333333333336,-0.1730081199831808
0.4419166666666667,0.08761176509461568
0.442,-0.028865383878420442
0.44208333333333333,-0.16836610698277232
0.44216666666666665,-0.007092837569863447
0.44225,-0.34351755852110943
0.44233333333333336,-0.4334835200043371
0.4424166666666667,-0.09572912165950721
0.4425,-0.10831706926078044
0.44258333333333333,0.09880734556259615
0.44266666666666665,0.43634746703264987
0.44275,0.5350072360936134
0.44283333333333336,0.5516876028054766
0.4429166666666667,0.42890830812318836
0.443,0.3371178218176849
0.44308333333333333,0.1724139861069281
0.44316666666666665,0.18350602633819665
0.44325,0.37105410574737246
0.44333333333333336,0.1304043717794863
0.4434166666666667,-0.019792825593699048
0.4435,-0.10349334480358317
0.44358333333333333,-0.4605284990519417
0.44366666666666665,-0.3063268079042878
0.44375,0.04981728165022138
0.44383333333333336,0.060725534504331526
0.4439166666666667,0.2645865528918918
0.444,0.4913740674710847
0.44408333333333333,0.5163876984786309
0.44416666666666665,0.5689054345864245
0.44425,0.509997334809036
0.44433333333333336,0.42236987233921264
0.4444166666666667,0.43737169660426006
0.4445,0.5222948012437317
0.44458333333333333,0.46697454622221996
0.44466666666666665,0.23605405901750606
0.44475,0.1015792395504151
0.44483333333333336,-0.09518574715482012
0.4449166666666667,-0.186168078513235
0.445,0.03480915022174392
0.44508333333333333,0.1371335553213908
0.44516666666666665,0.06705915344115954
0.44525,0.1867740942111043
0.44533333333333336,0.36045706662205435
0.4454166666666667,0.1050666787322528
0.4455,-0.1753736758711543
0.44558333333333333,-0.0997463134261919
0.44566666666666666,-0.39423872386819847
0.44575,-0.6946652341413727
0.44583333333333336,-0.30879666928983596
0.4459166666666667,-0.3593183412676634
0.446,-0.5425540163944549
0.44608333333333333,-0.07734351968251818
0.44616666666666666,-0.23540519804123403
0.44625,-0.45250100419058514
0.44633333333333336,-0.08128872672757693
0.4464166666666667,-0.123932002890694
0.4465,-0.01912081141945421
0.44658333333333333,0.23111124609051453
0.44666666666666666,0.010353247647056127
0.44675,-0.06537411763944423
0.44683333333333336,-0.08942859969570688
0.4469166666666667,-0.21625839361962595
0.447,-0.14304659723814903
0.44708333333333333,-0.23612862196523746
0.44716666666666666,-0.3404035379073013
0.44725,-0.30200900106098666
0.44733333333333336,-0.39198432937462424
0.4474166666666667,-0.11607135146142736
0.4475,0.15904459486712488
0.44758333333333333,0.0266162021381465
0.44766666666666666,0.18027889181737974
0.44775,0.07121533523005043
0.44783333333333336,-0.32311446490635803
0.4479166666666667,-0.07818300416442217
0.448,-0.03452896993655704
0.44808333333333333,-0.27321624836806324
0.44816666666666666,0.05668830750492985
0.44825,0.166815376010399
0.4483333333333333,0.1640155551166703
0.4484166666666667,0.530428266065694
0.4485,0.2136839484448532
0.44858333333333333,-0.15647468061983547
0.44866666666666666,0.11932271773886191
0.44875,-0.019691683365450317
0.4488333333333333,0.047066895670273834
0.4489166666666667,0.49446702434816053
0.449,0.265092947094384
0.44908333333333333,0.10956494034620684
0.44916666666666666,0.19895416326865012
0.44925,-0.013739585304063759
0.4493333333333333,0.004294843933425957
0.4494166666666667,0.06616094962417705
0.4495,0.05314764613614288
0.44958333333333333,0.27798354880820786
0.44966666666666666,0.2504515997085276
0.44975,0.16322663055152833
0.4498333333333333,-0.010645637721674785
0.4499166666666667,-0.5132499717461471
0.45,-0.3694609344080011
0.45008333333333334,-0.07413413880251812
0.45016666666666666,-0.3331762254693862
0.45025,-0.22254929627859196
0.4503333333333333,0.046482525311745
0.4504166666666667,0.04321393808037069
0.4505,-0.0032662981930771913
0.45058333333333334,-0.1803623319947734
0.45066666666666666,-0.12113913463462973
0.45075,0.12948367621958629
0.4508333333333333,0.21695735233929023
0.4509166666666667,0.31499837996408897
0.451,0.27965768576862615
0.45108333333333334,0.21075277634377262
0.45116666666666666,0.25750089811534965
0.45125,0.15115257396456724
0.4513333333333333,-0.007379852699563315
0.4514166666666667,0.0437216822357547
0.4515,0.2953622780517653
0.45158333333333334,0.42396750689507795
0.45166666666666666,0.4137734885642198
0.45175,0.37855161402363247
0.4518333333333333,0.3276893937089427
0.4519166666666667,0.42919431078215625
0.452,0.4074785252959599
0.45208333333333334,0.40016754229290186
0.45216666666666666,0.41388232973644756
0.45225,0.1696242844699524
0.4523333333333333,0.13125998353712176
0.4524166666666667,-0.029661449434055874
0.4525,-0.2880659932557127
0.45258333333333334,-0.4174956949775105
0.45266666666666666,-0.6555562012007579
0.45275,-0.4605722615928205
0.4528333333333333,-0.28555923677153705
0.4529166666666667,-0.08974669358892709
0.453,0.12978365050088495
0.45308333333333334,-0.31897401888980015
0.45316666666666666,-0.1338514693316642
0.45325,0.011456429643534336
0.4533333333333333,-0.5083658644833743
0.4534166666666667,-0.18213385103428995
0.4535,-0.1380029776480954
0.45358333333333334,-0.3929087792256235
0.45366666666666666,-0.1743102471708506
0.45375,-0.31683484722593397
0.4538333333333333,-0.5094737304167091
0.4539166666666667,-0.6592359889267428
0.454,-0.4204388152765546
0.45408333333333334,-0.011948421751997479
0.45416666666666666,-0.09660561020086221
0.45425,0.11891215652679293
0.4543333333333333,0.19701337825564635
0.4544166666666667,0.09185900725695673
0.4545,0.23843785860273778
0.45458333333333334,-0.01887008992944525
0.45466666666666666,-0.03326675025944648
0.45475,0.0731586873555955
0.4548333333333333,-0.05692973695903959
0.4549166666666667,0.1908235131726469
0.455,0.09106333260477256
0.45508333333333334,0.11047746351557634
0.45516666666666666,0.2663892123873175
0.45525,-0.252030667597974
0.4553333333333333,-0.062495465916565594
0.4554166666666667,0.13048243136685753
0.4555,-0.26197131060493895
0.45558333333333334,-0.055944594195607024
0.45566666666666666,-0.2564886209310281
0.45575,-0.6449565196828128
0.4558333333333333,-0.2835815463624636
0.4559166666666667,-0.06294668375344592
0.456,-0.0569003986980401
0.45608333333333334,0.11398998062690624
0.45616666666666666,0.2344988236857158
0.45625,0.17450050007755105
0.4563333333333333,0.031083536776872582
0.4564166666666667,0.11165096732609309
0.4565,0.31624769163048355
0.45658333333333334,0.38254309433292916
0.45666666666666667,0.42232019283651884
0.45675,0.4043973521115392
0.4568333333333333,0.4510270682415681
0.4569166666666667,0.5257594791515511
0.457,0.47856592229079875
0.45708333333333334,0.4739115455313027
0.45716666666666667,0.42919296779748756
0.45725,0.49357055256489296
0.4573333333333333,0.5625174714850376
0.4574166666666667,0.344094728610249
0.4575,0.1772410086564457
0.45758333333333334,0.16563345538304688
0.45766666666666667,0.14746988270048864
0.45775,0.028101775109979812
0.4578333333333333,-0.18596817164751742
0.4579166666666667,-0.39948620149232805
0.458,-0.7795520398770559
0.45808333333333334,-1.2539604989920745
0.45816666666666667,-1.123287129059967
0.45825,-0.6149631543838262
0.4583333333333333,-0.5960450620548211
0.45841666666666664,-0.4713586767936151
0.4585,0.07629646734276986
0.45858333333333334,0.04919311902579813
0.45866666666666667,-0.3079865467500325
0.45875,-0.18806171914690814
0.4588333333333333,-0.2877244417202225
0.45891666666666664,-0.49006734022846904
0.459,-0.11975032640351585
0.45908333333333334,-0.010886235959109331
0.45916666666666667,0.01979845016171109
0.45925,0.3091420593793193
0.4593333333333333,0.3409884170269305
0.45941666666666664,0.26098623181263647
0.4595,0.09429945724346907
0.45958333333333334,0.13182647802631495
0.45966666666666667,0.10386795241225473
0.45975,-0.1027523188548175
0.4598333333333333,0.10690941852671082
0.45991666666666664,0.11260959300008141
0.46,-0.11048934310944401
0.46008333333333334,-0.2602011066417337
0.46016666666666667,-0.5151217917327428
0.46025,-0.6293598730996822
0.4603333333333333,-0.6195466389089741
0.46041666666666664,-0.4657234687946378
0.4605,-0.2158683875323212
0.46058333333333334,0.18110845687186852
0.46066666666666667,0.4729462861001194
0.46075,0.41342705859337775
0.4608333333333333,0.7260513355995446
0.46091666666666664,0.9248833656911329
0.461,0.737750748413621
0.46108333333333335,0.9527302579226758
0.46116666666666667,0.8074025819275116
0.46125,0.4837645209938215
0.4613333333333333,0.6759276275243048
0.46141666666666664,0.5384077675741148
0.4615,0.4709875291499213
0.46158333333333335,0.6370316433518987
0.46166666666666667,0.4359538433615563
0.46175,0.34494979510641083
0.4618333333333333,0.26625699636693906
0.46191666666666664,0.12924137187975812
0.462,-0.0493034561453514
0.46208333333333335,-0.2114100742648515
0.46216666666666667,-0.12628333769358
0.46225,-0.5150920464534896
0.4623333333333333,-0.6783047688546336
0.46241666666666664,-0.22207417794585285
0.4625,-0.37046503236641376
0.46258333333333335,-0.5371620367517462
0.46266666666666667,-0.45028708952407953
0.46275,-0.5897764048415957
0.4628333333333333,-0.48758777096128014
0.46291666666666664,-0.1667373796108108
0.463,0.2144402203544619
0.46308333333333335,0.28531624113143006
0.46316666666666667,0.18241306671436694
0.46325,0.4016489182267226
0.4633333333333333,0.14428654575079705
0.46341666666666664,-0.10662919666234637
0.4635,0.17210298153461498
0.46358333333333335,0.05677123345622035
0.46366666666666667,0.2779459191810971
0.46375,0.625097749634563
0.4638333333333333,0.2720127590771746
0.46391666666666664,0.30747625112650556
0.464,0.2823052358281884
0.46408333333333335,-0.0693354821804099
0.46416666666666667,0.018581264651966425
0.46425,-0.23275679989416223
0.4643333333333333,-0.6214609748412117
0.46441666666666664,-0.7001523761225302
0.4645,-0.9053639791223289
0.46458333333333335,-0.9845810264534659
0.4646666666666667,-0.9744195874399505
0.46475,-0.8611525827349422
0.4648333333333333,-0.735795890076112
0.46491666666666664,-0.6656212997182036
0.465,-0.35527481913261727
0.46508333333333335,-0.3550314261371071
0.4651666666666667,-0.3461147824343013
0.46525,-0.13652155807089503
0.4653333333333333,-0.19101875895780362
0.46541666666666665,0.1249648997698293
0.4655,0.2471580913497148
0.46558333333333335,0.06188101437999081
0.4656666666666667,0.3096153617694276
0.46575,0.23274909045197473
0.4658333333333333,0.06604167951850304
0.46591666666666665,0.057171598529568636
0.466,-0.09907171282207529
0.46608333333333335,0.1472619656161738
0.4661666666666667,0.22547170843611689
0.46625,0.18084498020786374
0.4663333333333333,0.6629883495033079
0.46641666666666665,0.5896502549477797
0.4665,0.27017553468292665
0.46658333333333335,0.3083904866491888
0.4666666666666667,-0.012356851954306587
0.46675,-0.11617323667098702
0.4668333333333333,-0.03623954673263959
0.46691666666666665,-0.1908357689582628
0.467,-0.08050127255085779
0.46708333333333335,-0.06584263906871256
0.4671666666666667,-0.31378194023539113
0.46725,-0.2909368067323057
0.4673333333333333,0.05356525162800262
0.46741666666666665,0.24940028002351564
0.4675,0.2945641757663966
0.46758333333333335,0.3832081419482538
0.4676666666666667,0.34308044176261004
0.46775,0.34676790684470915
0.4678333333333333,0.26923589381453505
0.46791666666666665,0.08270207541555125
0.468,0.12329411145376389
0.46808333333333335,0.19535981059657587
0.4681666666666667,0.21778244817698666
0.46825,0.2656978304819479
0.4683333333333333,0.3555618806115442
0.46841666666666665,0.3808771073715922
0.4685,0.20672833354365305
0.46858333333333335,0.19344418787586407
0.4686666666666667,0.30098300562785446
0.46875,0.054490078319190206
0.4688333333333333,-0.15644275108332753
0.46891666666666665,-0.12321376859467206
0.469,-0.2630535460219193
0.46908333333333335,-0.36752808533043446
0.4691666666666667,-0.244193502254542
0.46925,-0.10533629466608499
0.4693333333333333,-0.09506878092156786
0.46941666666666665,-0.08811227332756434
0.4695,-0.14639699049761365
0.46958333333333335,-0.40627384843190545
0.4696666666666667,-0.2720155350688456
0.46975,0.02922427649850481
0.4698333333333333,-0.04302889445017892
0.46991666666666665,-0.10422372398068372
0.47,-0.1583883740783272
0.47008333333333335,-0.3486489454013917
0.4701666666666667,-0.492169694171838
0.47025,-0.2203444464594463
0.4703333333333333,0.01812346902819519
0.47041666666666665,-0.13368923814614112
0.4705,-0.016689818692320536
0.47058333333333335,0.06170353576093992
0.4706666666666667,0.10933173919703931
0.47075,0.3721939175514405
0.4708333333333333,0.24292418883699926
0.47091666666666665,0.13968776829627738
0.471,0.31751882365349765
0.47108333333333335,0.13898079379975722
0.4711666666666667,-0.004316809492191571
0.47125,0.14813357567286503
0.4713333333333333,-0.02946481774284042
0.47141666666666665,-0.17049116208342163
0.4715,-0.08912422765144283
0.47158333333333335,-0.16715587127980483
0.4716666666666667,-0.07230973427518594
0.47175,0.06518170194037375
0.4718333333333333,0.05917509093531447
0.47191666666666665,0.16388089677681314
0.472,0.171540031494726
0.47208333333333335,0.13752497257095164
0.4721666666666667,0.20499341380755096
0.47225,-0.06854836753277659
0.4723333333333333,-0.23912876068996863
0.47241666666666665,0.026342903576065474
0.4725,0.05704986724048732
0.47258333333333336,0.1752742263328001
0.4726666666666667,0.31171696640036345
0.47275,0.24947668936005288
0.4728333333333333,0.5495781398237293
0.47291666666666665,0.585362900161248
0.473,0.32902882693031954
0.47308333333333336,0.2760825254126049
0.4731666666666667,0.1318048185539614
0.47325,0.11573706785412469
0.47333333333333333,0.09124948142895611
0.47341666666666665,-0.03973546303948913
0.4735,0.05076030217726359
0.47358333333333336,0.2097169281371782
0.4736666666666667,0.22869426043139074
0.47375,-0.07607582793592049
0.47383333333333333,-0.35693532087862445
0.47391666666666665,-0.39635187564731844
0.474,-0.5104650962984285
0.47408333333333336,-0.43168820459769386
0.4741666666666667,-0.21254694155991585
0.47425,-0.18985610539895215
0.47433333333333333,-0.18264459275796488
0.47441666666666665,-0.18304709250365264
0.4745,-0.21212349698708394
0.47458333333333336,-0.21957274239834884
0.4746666666666667,-0.25408271907503355
0.47475,-0.22163029085253033
0.47483333333333333,-0.1385662174652139
0.47491666666666665,-0.1323643554734597
0.475,-0.06136949837177642
0.47508333333333336,-0.001493641244455228
0.4751666666666667,-0.08029013610144482
0.47525,0.017089133381995712
0.47533333333333333,0.04301974208381166
0.47541666666666665,-0.011429285771257068
0.4755,0.19363164983634026
0.47558333333333336,-0.01294810564389446
0.4756666666666667,-0.38968848920832544
0.47575,-0.24874833301519358
0.47583333333333333,-0.09148955570762025
0.47591666666666665,-0.013722347466137055
0.476,0.03846651157936837
0.47608333333333336,-0.06995066683708415
0.4761666666666667,-0.1778198967034524
0.47625,-0.26192409969892616
0.47633333333333333,-0.3105207978409481
0.47641666666666665,-0.28316176778641977
0.4765,-0.19161788729553583
0.47658333333333336,-0.07622178851673156
0.4766666666666667,0.0651906584121473
0.47675,0.18506948674615567
0.47683333333333333,0.25570397191112826
0.47691666666666666,0.23658892578300386
0.477,0.17505721374516597
0.47708333333333336,0.21743576507080295
0.4771666666666667,0.17389763580717893
0.47725,0.21245825951863975
0.47733333333333333,0.14149148028007885
0.47741666666666666,-0.09000245924030806
0.4775,0.1234190393145487
0.47758333333333336,0.16722561050347715
0.4776666666666667,-0.0033525586405200045
0.47775,-0.12661486553185072
0.47783333333333333,-0.23037129448667362
0.47791666666666666,0.03752101472269554
0.478,-0.016797539190810798
0.47808333333333336,-0.024281848377924097
0.4781666666666667,0.32147113469035793
0.47825,0.26730717954894784
0.47833333333333333,0.2449296199379196
0.47841666666666666,0.2158266615389092
0.4785,0.04441675118006022
0.47858333333333336,0.0505476183837756
0.4786666666666667,0.13176342822998874
0.47875,0.13783188315988457
0.47883333333333333,-0.0067415268237800445
0.47891666666666666,-0.06452339778931147
0.479,-0.08908721216288179
0.47908333333333336,-0.24701814877968167
0.4791666666666667,-0.32466501587962227
0.47925,-0.3281937182333269
0.47933333333333333,-0.15146004724729492
0.47941666666666666,0.2487258063612625
0.4795,0.26291578291859224
0.4795833333333333,0.2524077769245022
0.4796666666666667,0.5062143033106429
0.47975,0.24148625947181837
0.47983333333333333,0.16526369657603918
0.47991666666666666,0.21234946016931333
0.48,-0.15048034430983848
0.4800833333333333,-0.09479779756001594
0.4801666666666667,-0.2563777451428013
0.48025,-0.5735496400234297
0.48033333333333333,-0.4983705159762282
0.48041666666666666,-0.5586905918195643
0.4805,-0.45585323906008235
0.4805833333333333,-0.27404111418866306
0.4806666666666667,0.017851612491777337
0.48075,0.31449780110840225
0.48083333333333333,0.21766011211700176
0.48091666666666666,0.31287205952595165
0.481,0.20563369980256416
0.4810833333333333,-0.13750755315799737
0.4811666666666667,-0.037759104413788484
0.48125,0.07711389537133095
0.48133333333333334,0.25392511862816675
0.48141666666666666,0.4526290867117876
0.4815,0.44300374090534334
0.4815833333333333,0.33702924860457506
0.4816666666666667,-0.024597941821928065
0.48175,-0.25664417426288183
0.48183333333333334,-0.17304619056865467
0.48191666666666666,0.004844785635199468
0.482,0.2347769864182215
0.4820833333333333,0.3294506684075081
0.4821666666666667,0.22578958297855536
0.48225,-0.053499360303225225
0.48233333333333334,-0.29390883783982646
0.48241666666666666,-0.3667109019630055
0.4825,-0.3638499372896464
0.4825833333333333,-0.12427062724158736
0.4826666666666667,0.145773948077215
0.48275,0.10385592949596432
0.48283333333333334,0.02506168702283237
0.48291666666666666,-0.023844769473015462
0.483,-0.1267394895542392
0.4830833333333333,-0.03007206680031059
0.4831666666666667,0.021039189783249902
0.48325,-0.056352854889638225
0.48333333333333334,0.2986119814291636
0.48341666666666666,0.5596957303949516
0.4835,0.26765678003049986
0.4835833333333333,0.20332630641919422
0.4836666666666667,0.057506266474312125
0.48375,-0.21874980189349755
0.48383333333333334,0.20480392720986262
0.48391666666666666,0.3150590323486311
0.484,-0.16447108108885525
0.4840833333333333,-0.162198143810353
0.4841666666666667,-0.32665069981447514
0.48425,-0.7541570598415337
0.48433333333333334,-0.6516288268501179
0.48441666666666666,-0.6190645324570194
0.4845,-0.5592515170350946
0.4845833333333333,-0.20056080946140184
0.4846666666666667,-0.22422455436920233
0.48475,-0.222385283035475
0.48483333333333334,-0.07892167060923352
0.48491666666666666,0.004307350570484372
0.485,0.23950406235098415
0.4850833333333333,0.16719364927640828
0.4851666666666667,0.17132484210677518
0.48525,0.41139720743303376
0.48533333333333334,0.20317142956808704
0.48541666666666666,0.07213992146753248
0.4855,0.20773709431022847
0.4855833333333333,0.15033121179988884
0.4856666666666667,0.2379223774937853
0.48575,0.3092413084978245
0.48583333333333334,0.03577609108953692
0.48591666666666666,0.1831666286548613
0.486,0.511407072692565
0.4860833333333333,0.22633107102008732
0.4861666666666667,0.09690400015729521
0.48625,0.3049572514728101
0.48633333333333334,0.11826403548629841
0.48641666666666666,-0.0619090692217863
0.4865,0.0981752768064508
0.4865833333333333,0.07565577961223321
0.4866666666666667,-0.02932024440243767
0.48675,0.032364895875467085
0.48683333333333334,0.08132871146621606
0.48691666666666666,0.03428837018387552
0.487,-0.1453271323796049
0.4870833333333333,-0.13462363943756753
0.4871666666666667,-0.13921027554919352
0.48725,-0.17467508731150982
0.48733333333333334,0.3269305022129691
0.48741666666666666,0.4871045992837368
0.4875,0.45481731368613737
0.4875833333333333,0.6743432707076372
0.4876666666666667,0.08032621645827528
0.48775,-0.35604463331047914
0.48783333333333334,-0.34437106326114875
0.48791666666666667,-0.6994398987365548
0.488,-0.4759468269621886
0.4880833333333333,-0.10909871952469655
0.4881666666666667,-0.11179131955951971
0.48825,0.1262075535134379
0.48833333333333334,0.10528859858625184
0.48841666666666667,-0.30048250885794253
0.4885,-0.3872655002573966
0.4885833333333333,-0.34063527918887565
0.4886666666666667,-0.534559932454273
0.48875,-0.3666322249388004
0.48883333333333334,-0.0440997323527861
0.48891666666666667,0.08532612125785359
0.489,0.21367293761181178
0.4890833333333333,-0.09231637060615262
0.4891666666666667,-0.19855202712823425
0.48925,-0.10431656173428339
0.48933333333333334,-0.3566639908303023
0.48941666666666667,-0.20956712241160924
0.4895,-0.1874957216836996
0.4895833333333333,-0.18023726553865155
0.48966666666666664,0.2394575953389552
0.48975,-0.035897595733095124
0.48983333333333334,-0.15088391313400282
0.48991666666666667,0.1879097880399569
0.49,-0.04559115391099689
0.4900833333333333,0.06838160803697747
0.49016666666666664,0.34709764510519264
0.49025,0.1455032902358909
0.49033333333333334,0.2692667078462821
0.49041666666666667,0.6288535109109274
0.4905,0.4555126377816268
0.4905833333333333,0.04596621615463387
0.49066666666666664,0.2637247244224016
0.49075,0.37282361824871335
0.49083333333333334,0.1984727588285652
0.49091666666666667,0.47677780068430275
0.491,0.535635699803969
0.4910833333333333,0.4513860294707431
0.49116666666666664,0.37835991378703016
0.49125,0.2526104874622428
0.49133333333333334,0.12955522041018303
0.49141666666666667,-0.1120173069183105
0.4915,0.17438678120275244
0.4915833333333333,0.16827134774247154
0.49166666666666664,-0.11695358301733011
0.49175,0.1528596526663172
0.49183333333333334,-0.17559281071881544
0.49191666666666667,-0.48897138792442135
0.492,-0.2332825662425548
0.4920833333333333,-0.4667534466379415
0.49216666666666664,-0.6451960690381616
0.49225,-0.3087161738698571
0.49233333333333335,-0.22176239996159638
0.49241666666666667,-0.30264359818343567
0.4925,0.027690769031662878
0.4925833333333333,0.14930245352570432
0.49266666666666664,-0.014269717560356027
0.49275,0.11050334765148427
0.49283333333333335,0.06596519561264218
0.49291666666666667,-0.10245298070951218
0.493,-0.0357793980603153
0.4930833333333333,-0.010913174792537547
0.49316666666666664,-0.09931884714008003
0.49325,-0.21178509690205796
0.49333333333333335,-0.29230358689909686
0.49341666666666667,-0.2369830854350891
0.4935,-0.13497166578983266
0.4935833333333333,-0.11323885801767765
0.49366666666666664,-0.14748444522290333
0.49375,-0.23876070264494242
0.49383333333333335,-0.15968810379916723
0.49391666666666667,0.04309026160226762
0.494,0.027337129819323628
0.4940833333333333,0.04447289048552716
0.49416666666666664,0.028811048655613514
0.49425,-0.202794895809516
0.49433333333333335,-0.2146256156086743
0.49441666666666667,-0.13888173040107835
0.4945,-0.3362248815436835
0.4945833333333333,-0.33685991656135167
0.49466666666666664,0.013328134491149713
0.49475,0.128381933454527
0.49483333333333335,0.23234707475363944
0.49491666666666667,0.3841669274661938
0.495,0.10429491763653469
0.4950833333333333,-0.0042507070118180884
0.49516666666666664,0.07773567846797386
0.49525,-0.1335894143095608
0.49533333333333335,-0.029776526657541172
0.49541666666666667,0.2952049170862
0.4955,0.2449668845381625
0.4955833333333333,0.22311426636200318
0.49566666666666664,0.18550661971436952
0.49575,-0.12584678509066097
0.49583333333333335,-0.09398327509168711
0.4959166666666667,0.17588494195468948
0.496,0.1343914790832894
0.4960833333333333,0.02146424072408296
0.49616666666666664,0.14498128255288967
0.49625,0.14518246138305366
0.49633333333333335,-0.03050615815491075
0.4964166666666667,0.18541805571837827
0.4965,0.1299318901851896
0.4965833333333333,-0.2205423244082141
0.49666666666666665,-0.060954005741167515
0.49675,-0.11695754588814372
0.49683333333333335,-0.19521556779931362
0.4969166666666667,-0.016320928867511603
0.497,-0.0883999540146572
0.4970833333333333,-0.1456005868378306
0.49716666666666665,-0.1349798652185539
0.49725,-0.03972207259653438
0.49733333333333335,-0.10708346221053693
0.4974166666666667,-0.17787065160276147
0.4975,-0.18834411349605248
0.4975833333333333,-0.3694717849544744
0.49766666666666665,-0.3504879963125045
0.49775,-0.42709122903558666
0.49783333333333335,-0.24764195289865074
0.4979166666666667,-0.1583517898666044
0.498,-0.2816418773341032
0.4980833333333333,0.06400014818008241
0.49816666666666665,-0.12251794263094033
0.49825,0.0006641764425657636
0.49833333333333335,0.2484184297653825
0.4984166666666667,-0.05752805409167781
0.4985,0.34297482506465793
0.4985833333333333,0.21120417390128346
0.49866666666666665,0.06341972406928423
0.49875,0.6612428148527827
0.49883333333333335,0.46097082841872633
0.4989166666666667,0.26978680561623886
0.499,0.4289878468275085
0.4990833333333333,0.17941621389346724
0.49916666666666665,0.012846225725571774
0.49925,0.15274637504760066
0.49933333333333335,-0.04992564573768372
0.4994166666666667,-0.24662733144947466
0.4995,-0.05644759072981105
0.4995833333333333,-0.10611920627270018
0.49966666666666665,-0.0503133689429349
0.49975,-0.12132287849770558
0.49983333333333335,-0.2691940500010264
0.4999166666666667,-0.18001781799190084
0.5,-0.5658710147051029
0.5000833333333333,-0.41166336626076827
0.5001666666666666,-0.16693742031726586
0.50025,-0.5803663254208257
0.5003333333333333,-0.10332892983880028
0.5004166666666666,0.12572682410572916
0.5005,-0.19933100394689254
0.5005833333333334,0.4470431965776797
0.5006666666666667,0.5765196569753778
0.50075,0.2752112752452579
0.5008333333333334,0.7172079104755713
0.5009166666666667,0.4999621221560797
0.501,0.10388873573913934
0.5010833333333333,0.34441140097019796
0.5011666666666666,0.31415996053826717
0.50125,0.3645644906413148
0.5013333333333333,0.6112360873704262
0.5014166666666666,0.5737323426944733
0.5015,0.21161403902904885
0.5015833333333334,-0.1538674901399659
0.5016666666666667,-0.037194384881946034
0.50175,-0.06795477609126645
0.5018333333333334,-0.2790409903182965
0.5019166666666667,-0.11578943335189554
0.502,-0.3076648794602605
0.5020833333333333,-0.53591563069836
0.5021666666666667,-0.3032816132503442
0.50225,-0.2800350613948956
0.5023333333333333,-0.3424968201245091
0.5024166666666666,-0.2558317470800375
0.5025,-0.18067140227386513
0.5025833333333334,-0.3072480074790833
0.5026666666666667,-0.21717226166122786
0.50275,-0.02231771903448325
0.5028333333333334,-0.23114260881382734
0.5029166666666667,0.034683158007707375
0.503,0.19835902103516423
0.5030833333333333,0.2000082926987267
0.5031666666666667,0.6556576735813824
0.50325,0.1517045512012454
0.5033333333333333,-0.17343281638169905
0.5034166666666666,0.22565461722074237
0.5035,-0.05587777829350408
0.5035833333333334,0.12138026275263422
0.5036666666666667,0.2787302783223396
0.50375,-0.05873078497386605
0.5038333333333334,0.23869506482608557
0.5039166666666667,0.04136473061024377
0.504,-0.22648491018859165
0.5040833333333333,-0.10224508034895079
0.5041666666666667,-0.4396002940759992
0.50425,-0.07798735125516346
0.5043333333333333,-0.03334116615014243
0.5044166666666666,-0.4982650618397145
0.5045,-0.00328723393120891
0.5045833333333334,-0.24975628889992668
0.5046666666666667,-0.5593374952752341
0.50475,-0.07147998524886906
0.5048333333333334,-0.27204682191367624
0.5049166666666667,-0.16548753651004441
0.505,0.22202662292459477
0.5050833333333333,0.10309734230047354
0.5051666666666667,0.22062141800789947
0.50525,0.27737556681465847
0.5053333333333333,-0.03315388246724744
0.5054166666666666,-0.33129827701874615
0.5055,-0.1599044230446511
0.5055833333333334,0.21195711766536937
0.5056666666666667,0.24119541709262896
0.50575,0.4234549128374444
0.5058333333333334,0.5450556529592364
0.5059166666666667,0.21111435920883243
0.506,-0.15512542174302474
0.5060833333333333,-0.14776521322707897
0.5061666666666667,0.02368350538621623
0.50625,-0.05085583131683883
0.5063333333333333,0.26753438630694715
0.5064166666666666,0.4359824256320066
0.5065,0.12013229681609308
0.5065833333333334,0.20915986794217625
0.5066666666666667,0.008734419929029756
0.50675,-0.18111954045353248
0.5068333333333334,0.06999699845614535
0.5069166666666667,0.03457370530820355
0.507,-0.05669132815542706
0.5070833333333333,0.07978214250302065
0.5071666666666667,0.22172653890619384
0.50725,0.02479670709584987
0.5073333333333333,0.11734943267952375
0.5074166666666666,0.21684524707385291
0.5075,-0.22712359449356434
0.5075833333333334,-0.110077685505022
0.5076666666666667,-0.040765529645973485
0.50775,-0.12306590444423007
0.5078333333333334,0.11226768212659177
0.5079166666666667,-0.13988726211370803
0.508,-0.22998014680213405
0.5080833333333333,-0.27096739985671303
0.5081666666666667,-0.48438392335165203
0.50825,-0.4491449277316849
0.5083333333333333,-0.5578345702030137
0.5084166666666666,-0.3124628555650772
0.5085,-0.18923637920605965
0.5085833333333334,-0.38209503033200887
0.5086666666666667,-0.09353329601346362
0.50875,-0.06534204328005024
0.5088333333333334,-0.12824774812811443
0.5089166666666667,0.08702437974223866
0.509,0.013266172589739937
0.5090833333333333,-0.011799111759082888
0.5091666666666667,0.14325026079993455
0.50925,0.03703839651020964
0.5093333333333333,-0.03363412010994885
0.5094166666666666,0.1290663692028175
0.5095,0.10330412082042095
0.5095833333333334,0.2368480164520935
0.5096666666666667,0.48572529654372504
0.50975,0.39693118482716544
0.5098333333333334,0.4268541955475628
0.5099166666666667,0.4370500594278827
0.51,0.3193606910681788
0.5100833333333333,0.3103814472079713
0.5101666666666667,0.2640344056408085
0.51025,0.26236308275429515
0.5103333333333333,0.09121714974744105
0.5104166666666666,-0.10256101244789115
0.5105,-0.06669183876962229
0.5105833333333333,-0.24112304884457333
0.5106666666666667,-0.22994675571025672
0.51075,0.05062717894185027
0.5108333333333334,-0.0802103277291304
0.5109166666666667,-0.10773925922268211
0.511,0.13434131640330357
0.5110833333333333,0.12634854847064114
0.5111666666666667,0.030026132551822075
0.51125,-0.057574659707017285
0.5113333333333333,-0.19351877102454176
0.5114166666666666,-0.29462151519089086
0.5115,-0.09842588657200911
0.5115833333333333,0.06621058330129578
0.5116666666666667,-0.08750988935376894
0.51175,-0.0706805272546617
0.5118333333333334,-0.1952131610713061
0.5119166666666667,-0.3755417973129879
0.512,-0.2063807968769338
0.5120833333333333,-0.2062977232758988
0.5121666666666667,-0.11881283921459378
0.51225,0.20645134151514635
0.5123333333333333,0.35360419792090525
0.5124166666666666,0.4384373598485458
0.5125,0.2569873525943775
0.5125833333333333,-0.018010550682029496
0.5126666666666667,-0.14858438138766547
0.51275,-0.3054852154337635
0.5128333333333334,-0.03170732531179867
0.5129166666666667,0.1310592975894244
0.513,0.15704420269922115
0.5130833333333333,0.5915611733273385
0.5131666666666667,0.2546721186114024
0.51325,-0.18980745417787354
0.5133333333333333,-0.09467953021408926
0.5134166666666666,-0.43471400147256023
0.5135,-0.2675585246850561
0.5135833333333333,0.014378205520614692
0.5136666666666667,-0.2875319911934631
0.51375,0.0957307952745507
0.5138333333333334,0.32659390406862354
0.5139166666666667,0.08379084542401619
0.514,0.13581787353603586
0.5140833333333333,-0.08530544573507724
0.5141666666666667,-0.13318588791818042
0.51425,-0.1580083141990292
0.5143333333333333,-0.17334958824276012
0.5144166666666666,0.3456979793445284
0.5145,0.26764084121267
0.5145833333333333,0.2011257623986066
0.5146666666666667,0.4326217047585954
0.51475,0.06857864048184266
0.5148333333333334,0.1511192269106231
0.5149166666666667,0.30392525148539185
0.515,0.09241916508514697
0.5150833333333333,0.19644225557639425
0.5151666666666667,0.12183126237593145
0.51525,-0.005682198366659429
0.5153333333333333,-0.12911453784303156
0.5154166666666666,-0.24071545591017465
0.5155,-0.20894909458471586
0.5155833333333333,-0.2575369451961316
0.5156666666666667,0.01388025282254942
0.51575,-0.047251811723033874
0.5158333333333334,-0.533250234744275
0.5159166666666667,-0.5745296787202147
0.516,-0.5857702262978491
0.5160833333333333,-0.5521376634743386
0.5161666666666667,-0.33889270465705523
0.51625,-0.23446735372602254
0.5163333333333333,-0.010199073900224535
0.5164166666666666,0.17489679219662282
0.5165,-0.013060674823052898
0.5165833333333333,-0.08978443554221105
0.5166666666666667,0.1479643843437887
0.51675,0.22709763949470407
0.5168333333333334,0.14534653996554994
0.5169166666666667,0.26739294473195674
0.517,0.37934082155039833
0.5170833333333333,0.16764522902314385
0.5171666666666667,0.2702897556760206
0.51725,0.3659219030574595
0.5173333333333333,-0.019859242469924654
0.5174166666666666,0.08699688044291089
0.5175,0.20404744214122353
0.5175833333333333,0.03431853009537692
0.5176666666666667,0.1844369282632746
0.51775,0.06053420884791153
0.5178333333333334,-0.08482519803830044
0.5179166666666667,0.028281853013851103
0.518,-0.10646354177488879
0.5180833333333333,-0.12103939045715024
0.5181666666666667,0.08099501800563658
0.51825,0.1782288188057133
0.5183333333333333,0.15455786476738706
0.5184166666666666,0.036805366437303554
0.5185,0.0409613232759269
0.5185833333333333,0.07259693224653094
0.5186666666666667,0.13173686084377678
0.51875,0.27185946099617575
0.5188333333333334,0.1591979516638434
0.5189166666666667,-0.011410467288123075
0.519,-0.07214599139761069
0.5190833333333333,-0.06883453647753915
0.5191666666666667,-0.10578362627060435
0.51925,-0.14037914044112532
0.5193333333333333,0.010466632417227818
0.5194166666666666,-0.1603500403877859
0.5195,-0.2689700672105058
0.5195833333333333,-0.06593443282406061
0.5196666666666667,-0.43751577293121025
0.51975,-0.6990994694489976
0.5198333333333334,-0.48065881950224404
0.5199166666666667,-0.4206449384051765
0.52,-0.13320394371096408
0.5200833333333333,0.1219960175491317
0.5201666666666667,0.07772622004798388
0.52025,0.028128293123900618
0.5203333333333333,-0.27519672141866747
0.5204166666666666,-0.5514618716189699
0.5205,-0.5429791113137059
0.5205833333333333,-0.2902000327108317
0.5206666666666667,0.03863507672112586
0.52075,0.15266724855987493
0.5208333333333334,0.29826545032272656
0.5209166666666667,0.159435264347048
0.521,-0.13847900526070267
0.5210833333333333,0.1097949951774031
0.5211666666666667,0.16508588120783854
0.52125,0.13092652366298055
0.5213333333333333,0.5437261448204808
0.5214166666666666,0.5711125296013417
0.5215,0.571910616084012
0.5215833333333333,0.5307677746382212
0.5216666666666666,0.07093876995089969
0.52175,0.09034136585199523
0.5218333333333334,0.2114638222841098
0.5219166666666667,0.3791208827977212
0.522,0.5981657694750243
0.5220833333333333,0.3915431696444205
0.5221666666666667,0.3531389334690177
0.52225,0.18980271009156646
0.5223333333333333,0.022984665885822125
0.5224166666666666,0.04075291482230544
0.5225,-0.06781611791134577
0.5225833333333333,0.10288450994997396
0.5226666666666666,0.19905851932214766
0.52275,0.19663406166654476
0.5228333333333334,0.151388843169232
0.5229166666666667,-0.09416641015281149
0.523,-0.3004754578669275
0.5230833333333333,-0.49414580175492073
0.5231666666666667,-0.4237284380728451
0.52325,-0.30927029304120446
0.5233333333333333,-0.22158320687265737
0.5234166666666666,-0.008019342677343493
0.5235,-0.12100994681144572
0.5235833333333333,-0.28394661718343084
0.5236666666666666,-0.1220424691330803
0.52375,-0.03714637137670316
0.5238333333333334,-0.0875740852872512
0.5239166666666667,0.08336326249606203
0.524,0.14857338589556032
0.5240833333333333,0.08261454998130563
0.5241666666666667,0.02630123713267061
0.52425,-0.3675749296539417
0.5243333333333333,-0.6054972227672518
0.5244166666666666,-0.5357741101615371
0.5245,-0.44681273015224077
0.5245833333333333,-0.3991408726482851
0.5246666666666666,-0.3381619659412818
0.52475,-0.10556846049571862
0.5248333333333334,-0.12149533440237686
0.5249166666666667,-0.07552840010133205
0.525,-0.004526528552087781
0.5250833333333333,-0.19288311303222497
0.5251666666666667,0.004829303942808671
0.52525,-0.028452841768402497
0.5253333333333333,-0.17752426285495074
0.5254166666666666,0.11456521745033117
0.5255,0.06514904916624077
0.5255833333333333,-0.07290503969010098
0.5256666666666666,-0.15912636397770202
0.52575,-0.17434278371851147
0.5258333333333334,0.12054946950256454
0.5259166666666667,0.20093937710467508
0.526,0.285037395821751
0.5260833333333333,0.2839566774026463
0.5261666666666667,0.14069252622852008
0.52625,0.21039242808359354
0.5263333333333333,0.01856753249236255
0.5264166666666666,-0.11833778716075782
0.5265,-0.08535167975784093
0.5265833333333333,-0.13660707827332055
0.5266666666666666,0.07254152524590742
0.52675,0.018008335629465192
0.5268333333333334,-0.23788781745808907
0.5269166666666667,-0.007834731229348114
0.527,0.032439973175880404
0.5270833333333333,-0.13775529974748102
0.5271666666666667,0.06485866224795134
0.52725,0.18772665234625044
0.5273333333333333,0.3504675081490394
0.5274166666666666,0.5452584080908133
0.5275,0.4788447650010471
0.5275833333333333,0.5352500203853037
0.5276666666666666,0.5475633336487534
0.52775,0.2962119517542911
0.5278333333333334,0.028926515652184577
0.5279166666666667,0.10948785802139525
0.528,0.3976377558851493
0.5280833333333333,0.34192133242440115
0.5281666666666667,0.056417572386023004
0.52825,-0.196937751637737
0.5283333333333333,-0.3736379599854755
0.5284166666666666,-0.48148429496587225
0.5285,-0.4216277309722797
0.5285833333333333,-0.1619877555168772
0.5286666666666666,-0.18424459706314422
0.52875,-0.3047435766671945
0.5288333333333334,-0.18616641585717653
0.5289166666666667,-0.2831533597127839
0.529,-0.29636288209927375
0.5290833333333333,-0.20798779377015877
0.5291666666666667,-0.4499111605139984
0.52925,-0.613466570109452
0.5293333333333333,-0.5964751112639652
0.5294166666666666,-0.40907070504443144
0.5295,-0.27207904881148504
0.5295833333333333,-0.12859155599763442
0.5296666666666666,0.2918841944671833
0.52975,0.3552461453506148
0.5298333333333334,0.3603828583254626
0.5299166666666667,0.5833039007465212
0.53,0.48536013639265535
0.5300833333333334,0.31184044716871995
0.5301666666666667,0.21875093058295783
0.53025,0.0764259836876794
0.5303333333333333,0.00715911632577703
0.5304166666666666,0.1616672468780171
0.5305,0.3105133921437362
0.5305833333333333,0.17767089916491555
0.5306666666666666,-0.025267798227221666
0.53075,-0.06808652381290628
0.5308333333333334,-0.14246947585149566
0.5309166666666667,-0.20364515211030904
0.531,0.0203351575874644
0.5310833333333334,-0.1251928634829417
0.5311666666666667,-0.24970442240530794
0.53125,0.25646497763233106
0.5313333333333333,0.20394729643264362
0.5314166666666666,0.0427348734149439
0.5315,0.1575266775281715
0.5315833333333333,-0.04910824842426472
0.5316666666666666,0.1446954690064935
0.53175,0.35858335114310036
0.5318333333333334,0.4278636552084631
0.5319166666666667,0.5045762666167507
0.532,0.2697503339752849
0.5320833333333334,0.3481660658147819
0.5321666666666667,0.13524419405290775
0.53225,-0.06481976799939718
0.5323333333333333,0.3292545499584195
0.5324166666666666,0.17645090557217
0.5325,0.2189674745896124
0.5325833333333333,0.38595536653390733
0.5326666666666666,-0.014719808632060058
0.53275,-0.07397365425945535
0.5328333333333334,-0.09963611688120469
0.5329166666666667,-0.004122892235717248
0.533,0.1939841817422013
0.5330833333333334,-0.12535813793977502
0.5331666666666667,-0.04645946822214208
0.53325,0.11548456484120331
0.5333333333333333,-0.22193302368612436
0.5334166666666667,-0.17534137911430958
0.5335,-0.24333338884283703
0.5335833333333333,-0.5303083639309124
0.5336666666666666,-0.3795738922660227
0.53375,-0.25925649844378035
0.5338333333333334,0.026701547337114974
0.5339166666666667,0.1564439082048972
0.534,-0.0505866705506714
0.5340833333333334,0.16541682078639156
0.5341666666666667,0.06168822577406784
0.53425,-0.06441817121810953
0.5343333333333333,0.05710396400630459
0.5344166666666667,-0.3058018964784821
0.5345,-0.25937985317190565
0.5345833333333333,-0.042658494762033664
0.5346666666666666,-0.19576665323178094
0.53475,-0.30825035424104896
0.5348333333333334,-0.4855399544818222
0.5349166666666667,-0.5625728824513243
0.535,-0.507607907704985
0.5350833333333334,-0.20884436927810593
0.5351666666666667,0.006582191140212637
0.53525,-0.018827887211717687
0.5353333333333333,-0.07468253158154817
0.5354166666666667,-0.44761052561139925
0.5355,-0.3256526263318468
0.5355833333333333,-0.1853037181594607
0.5356666666666666,-0.427350265140169
0.53575,-0.02318103572831385
0.5358333333333334,0.026822551406519877
0.5359166666666667,0.0032349897662092937
0.536,0.3359286152035868
0.5360833333333334,0.11137221314069987
0.5361666666666667,0.1240233041117726
0.53625,0.23624224204641656
0.5363333333333333,0.0959611242133071
0.5364166666666667,0.27538462451273854
0.5365,0.442221798214181
0.5365833333333333,0.33803495123144717
0.5366666666666666,0.2181000265937569
0.53675,0.18316548247939676
0.5368333333333334,0.0807340905993159
0.5369166666666667,0.06365731512602091
0.537,0.0003084929597933921
0.5370833333333334,-0.06287682329377975
0.5371666666666667,0.17636691367893045
0.53725,-0.0413471024023078
0.5373333333333333,-0.22935716852291974
0.5374166666666667,0.11070545276769848
0.5375,-0.043040748598033605
0.5375833333333333,-0.1308164340185847
0.5376666666666666,0.06560954868716865
0.53775,0.03892022267196929
0.5378333333333334,0.16851373348120285
0.5379166666666667,0.2638019391675322
0.538,0.21417433148531648
0.5380833333333334,-0.03419379480902378
0.5381666666666667,-0.15439716275813298
0.53825,-0.04353763476514868
0.5383333333333333,-0.2470794431521525
0.5384166666666667,-0.06315146998431576
0.5385,0.11155676439359476
0.5385833333333333,-0.14028946936500622
0.5386666666666666,0.08880714935361823
0.53875,0.0897844005718538
0.5388333333333334,-0.09393305512854433
0.5389166666666667,0.12859457894610388
0.539,0.19312466993387545
0.5390833333333334,0.20857095716322105
0.5391666666666667,0.24284987364867772
0.53925,0.14130139588934107
0.5393333333333333,-0.007369766558258784
0.5394166666666667,-0.057690026571658753
0.5395,-0.02539731320762056
0.5395833333333333,-0.09033583409204345
0.5396666666666666,-0.04244137265695116
0.53975,0.11033338071403745
0.5398333333333334,0.18152708663497152
0.5399166666666667,0.0964090159099091
0.54,0.03575080932852528
0.5400833333333334,0.20595617919242545
0.5401666666666667,0.11572594221606529
0.54025,-0.03799610526046512
0.5403333333333333,0.21169919023360487
0.5404166666666667,0.2890104256688285
0.5405,0.13753223166557477
0.5405833333333333,-0.025859114473065076
0.5406666666666666,-0.40304538504177684
0.54075,-0.5524487565364936
0.5408333333333334,-0.3222933165207838
0.5409166666666667,-0.27517693447476516
0.541,-0.25236010688911004
0.5410833333333334,-0.056268433791321924
0.5411666666666667,-0.04760210761744094
0.54125,-0.0903066472032852
0.5413333333333333,-0.07468497845597734
0.5414166666666667,-0.07257711836604663
0.5415,0.05199890615954366
0.5415833333333333,-0.006863740641998469
0.5416666666666666,0.04888322741425628
0.54175,0.4297525935333969
0.5418333333333333,0.3020715538361334
0.5419166666666667,0.03307093533475488
0.542,0.06985043617911171
0.5420833333333334,-0.14604486647289094
0.5421666666666667,-0.23152471179627485
0.54225,-0.04525216528332632
0.5423333333333333,-0.1481026345020579
0.5424166666666667,-0.03427339373375294
0.5425,0.2113372839979418
0.5425833333333333,0.06760630156212638
0.5426666666666666,0.11280454812391966
0.54275,0.11089239208041674
0.5428333333333333,-0.07842161053212576
0.5429166666666667,0.07383487912440442
0.543,0.158107317529315
0.5430833333333334,-0.027492734673040385
0.5431666666666667,-0.11687265136023331
0.54325,-0.08862874246303366
0.5433333333333333,-0.09208932745665017
0.5434166666666667,-0.02728439040788552
0.5435,0.10553808875147047
0.5435833333333333,0.017773679163221562
0.5436666666666666,-0.05352057729059908
0.54375,0.08546521928098003
0.5438333333333333,-0.019529813305092472
0.5439166666666667,-0.09259082544760262
0.544,-0.08640389690517089
0.5440833333333334,-0.18605192024907072
0.5441666666666667,0.004737469655495464
0.54425,0.053637872695232534
0.5443333333333333,0.18900564965699615
0.5444166666666667,0.33828820470946186
0.5445,0.127011696386113
0.5445833333333333,0.20882764323146522
0.5446666666666666,-0.08195627437374553
0.54475,-0.3171251511524776
0.5448333333333333,0.10252669016472064
0.5449166666666667,-0.015056210376431997
0.545,0.0713517302583306
0.5450833333333334,0.45578179158486676
0.5451666666666667,-0.08473787729124115
0.54525,-0.24646773200009825
0.5453333333333333,0.010278731993579267
0.5454166666666667,-0.4501043581730712
0.5455,-0.2742607113292301
0.5455833333333333,0.1926125232317536
0.5456666666666666,-0.14117236442027478
0.54575,-0.12384843218655887
0.5458333333333333,0.039653454788061836
0.5459166666666667,-0.22647558290203462
0.546,-0.19676282659375569
0.5460833333333334,-0.29250811516553593
0.5461666666666667,-0.4369488953741173
0.54625,0.04198131903527127
0.5463333333333333,0.06160485925944461
0.5464166666666667,-0.1185129798386974
0.5465,0.1235200566181035
0.5465833333333333,-0.09135297509946516
0.5466666666666666,-0.23520843971131156
0.54675,-0.10864366521490602
0.5468333333333333,-0.26512558546249493
0.5469166666666667,-0.20115488425830763
0.547,-0.011341861851939937
0.5470833333333334,-0.20892016943676486
0.5471666666666667,-0.17814075795800383
0.54725,0.1994441457737817
0.5473333333333333,0.15597195174300052
0.5474166666666667,0.041999207670810154
0.5475,-0.09762827062723473
0.5475833333333333,-0.4505133876301182
0.5476666666666666,-0.15520251555156359
0.54775,0.186572331372126
0.5478333333333333,-0.004986564925267272
0.5479166666666667,0.09191071407395225
0.548,0.03172774113953308
0.5480833333333334,-0.08735336474039829
0.5481666666666667,0.09087910012375863
0.54825,-0.0623883240222449
0.5483333333333333,0.19020188405780392
0.5484166666666667,0.3629895618616999
0.5485,-0.05778284674900655
0.5485833333333333,0.13468057276442594
0.5486666666666666,0.16302731848341273
0.54875,0.003020296082228274
0.5488333333333333,0.3218268190536254
0.5489166666666667,0.3671148623016809
0.549,0.33417572452582284
0.5490833333333334,0.25462124090742433
0.5491666666666667,0.15889935803413832
0.54925,0.3180848935862052
0.5493333333333333,0.2985692017403474
0.5494166666666667,0.1841596326248831
0.5495,0.15041879738184935
0.5495833333333333,0.2936953061048213
0.5496666666666666,0.46423116802991077
0.54975,0.33018639069325656
0.5498333333333333,0.15685364921520006
0.5499166666666667,-0.015204705018691853
0.55,-0.06228714052779883
0.5500833333333334,-0.04086784974402737
0.5501666666666667,-0.010870919318318361
0.55025,0.3040378375767358
0.5503333333333333,0.40317143886211115
0.5504166666666667,0.408214926139
0.5505,0.2992170450454668
0.5505833333333333,-0.12390869090427906
0.5506666666666666,-0.19002081632828907
0.55075,-0.2155422038591691
0.5508333333333333,-0.303320057145485
0.5509166666666667,-0.2796205263650079
0.551,-0.11631102327979725
0.5510833333333334,0.08329831034299785
0.5511666666666667,-0.18282900194283716
0.55125,-0.2200459093419453
0.5513333333333333,-0.16665434042511895
0.5514166666666667,-0.24276580596642683
0.5515,0.05714454203077012
0.5515833333333333,-0.010899454399872222
0.5516666666666666,-0.07618291337707174
0.55175,0.09020365653831479
0.5518333333333333,-0.0002819141141117393
0.5519166666666667,-0.09697586134923608
0.552,-0.25819601592810365
0.5520833333333334,-0.08428349770894941
0.5521666666666667,0.012726006759668214
0.55225,-0.16209180337606202
0.5523333333333333,0.07470606525954922
0.5524166666666667,0.06923612161111585
0.5525,-0.00020079681230645506
0.5525833333333333,0.11627435991498936
0.5526666666666666,-0.22200931501690355
0.55275,-0.4113179897603136
0.5528333333333333,-0.12036777428254915
0.5529166666666666,0.010245032555271235
0.553,0.0404869384809111
0.5530833333333334,0.00981188192995499
0.5531666666666667,-0.19721144243220748
0.55325,-0.17939504823248234
0.5533333333333333,-0.3564299723202311
0.5534166666666667,-0.4702517586320623
0.5535,-0.25181719280791504
0.5535833333333333,-0.39316074829214553
0.5536666666666666,-0.23579078024644137
0.55375,-0.12341930240138169
0.5538333333333333,-0.1777393654642744
0.5539166666666666,-0.009637525554538402
0.554,-0.32339167583708706
0.5540833333333334,-0.2799591181352765
0.5541666666666667,-0.14228079863068596
0.55425,-0.31292776227034724
0.5543333333333333,0.04569290712732837
0.5544166666666667,0.2453787677690046
0.5545,0.12473604665924273
0.5545833333333333,0.04326706244325678
0.5546666666666666,0.028750992476257203
0.55475,-0.038433583196306846
0.5548333333333333,-0.16108970007937243
0.5549166666666666,0.2092011264548674
0.555,0.46590891772124243
0.5550833333333334,0.30793736588447446
0.5551666666666667,0.4564621668336924
0.55525,0.3763511547993
0.5553333333333333,0.0002509307602497686
0.5554166666666667,0.17838700855025233
0.5555,0.23317798247592833
0.5555833333333333,-0.11937217544545067
0.5556666666666666,0.02766635128018389
0.55575,0.24406357134785459
0.5558333333333333,0.22399691924922036
0.5559166666666666,0.25457371016499714
0.556,0.04546954014601854
0.5560833333333334,-0.11543368356392736
0.5561666666666667,-0.14621728666838785
0.55625,-0.08165689797317717
0.5563333333333333,0.04290962073259514
0.5564166666666667,-0.09539788136187183
0.5565,0.039315820297009835
0.5565833333333333,0.028797086404624826
0.5566666666666666,-0.16899721222533703
0.55675,0.22066222790789883
0.5568333333333333,0.12409936361093035
0.5569166666666666,-0.00860543930694285
0.557,0.3302861364552041
0.5570833333333334,-0.052289023283449976
0.5571666666666667,-0.1961025458920578
0.55725,-0.03287661292629567
0.5573333333333333,-0.2574684756555221
0.5574166666666667,-0.12728493359067983
0.5575,-0.1396931799275346
0.5575833333333333,-0.08863364348175033
0.5576666666666666,0.22354242762922893
0.55775,0.007675323884918951
0.5578333333333333,-0.03632078719008026
0.5579166666666666,-0.011662328516690428
0.558,-0.057540340700175226
0.5580833333333334,0.22370808777531345
0.5581666666666667,0.024649036527252255
0.55825,-0.14123655042873848
0.5583333333333333,0.04098584977100446
0.5584166666666667,-0.08249113723859491
0.5585,-0.07869689132000972
0.5585833333333333,-0.08559921483668152
0.5586666666666666,0.013958187174666643
0.55875,0.25255856672437127
0.5588333333333333,0.04470565872530977
0.5589166666666666,-0.00727845543739756
0.559,0.03790803701359524
0.5590833333333334,-0.10638125065243056
0.5591666666666667,-0.13178931347008513
0.55925,-0.08981607320808283
0.5593333333333333,0.07888192725780586
0.5594166666666667,-0.006247384333312016
0.5595,-0.1473296469759249
0.5595833333333333,0.018169025958349024
0.5596666666666666,-0.14287377694439143
0.55975,-0.28512239452749316
0.5598333333333333,-0.08899409985343945
0.5599166666666666,-0.2610973623514907
0.56,-0.42466812068763815
0.5600833333333334,-0.23078556375481857
0.5601666666666667,-0.1936011306802438
0.56025,-0.1633003570275747
0.5603333333333333,-0.1549023117729339
0.5604166666666667,-0.24024349815733168
0.5605,-0.19289803896298605
0.5605833333333333,-0.023951963494688942
0.5606666666666666,0.15200999006145402
0.56075,0.13614179094849377
0.5608333333333333,0.37141723756573325
0.5609166666666666,0.547521526438692
0.561,0.2775395701326923
0.5610833333333334,0.2549194338960119
0.5611666666666667,0.12406262195670911
0.56125,0.07420380179148078
0.5613333333333334,0.38094629133716296
0.5614166666666667,0.3985271045270818
0.5615,0.5427684000945505
0.5615833333333333,0.6790176171991177
0.5616666666666666,0.5940027212965612
0.56175,0.6660764718533151
0.5618333333333333,0.41850843688517597
0.5619166666666666,0.27691547862801874
0.562,0.44280033942346386
0.5620833333333334,0.1618175790033051
0.5621666666666667,0.16857099117197002
0.56225,0.20421375934263916
0.5623333333333334,-0.2394079968084505
0.5624166666666667,-0.2337093669695943
0.5625,-0.5471493644352572
0.5625833333333333,-0.7378474015593959
0.5626666666666666,-0.28472079429888375
0.56275,-0.581703717188883
0.5628333333333333,-0.42428618020719044
0.5629166666666666,-0.07084157631451894
0.563,-0.45680421197351684
0.5630833333333334,-0.3238826326393357
0.5631666666666667,-0.45148759598645793
0.56325,-0.4329506781968737
0.5633333333333334,-0.08764867382618323
0.5634166666666667,-0.32279137483024745
0.5635,0.09013477042117785
0.5635833333333333,0.15003592500011972
0.5636666666666666,-0.2721133843102595
0.56375,0.11567446947547937
0.5638333333333333,0.04061771920812897
0.5639166666666666,-0.10362746801640473
0.564,0.04184511174718418
0.5640833333333334,-0.1115851769539483
0.5641666666666667,0.01615717947704206
0.56425,0.019118973228581894
0.5643333333333334,-0.021009657529364012
0.5644166666666667,-0.06195507070903931
0.5645,-0.28339139825991766
0.5645833333333333,-0.03157180628185719
0.5646666666666667,-0.1225871273514348
0.56475,-0.4101446067560044
0.5648333333333333,-0.2837486212382769
0.5649166666666666,-0.497005347680666
0.565,-0.5576638608559386
0.5650833333333334,-0.44936229558793195
0.5651666666666667,-0.4380437887142334
0.56525,-0.1834719455454508
0.5653333333333334,-0.06854083460360655
0.5654166666666667,0.11992008016856351
0.5655,0.3246595743853775
0.5655833333333333,0.3192259520210529
0.5656666666666667,0.4970428224473439
0.56575,0.40979845822432887
0.5658333333333333,0.36802210522936635
0.5659166666666666,0.5377517675337965
0.566,0.17868103802638174
0.5660833333333334,0.2222725035145642
0.5661666666666667,0.44049285288178863
0.56625,0.10775349091432387
0.5663333333333334,0.2614833371875845
0.5664166666666667,0.47728102518879917
0.5665,0.3790478903617154
0.5665833333333333,0.37986896863672603
0.5666666666666667,0.2589813161320945
0.56675,0.28686207048988466
0.5668333333333333,0.32575243166147094
0.5669166666666666,0.19942726036272443
0.567,0.21089492336253687
0.5670833333333334,0.21124415431008706
0.5671666666666667,0.1173732596526386
0.56725,0.04691843660808623
0.5673333333333334,0.030553765290433653
0.5674166666666667,-0.1378062274921689
0.5675,-0.1907460768849488
0.5675833333333333,-0.06399437187008074
0.5676666666666667,-0.25106834633443775
0.56775,-0.1432065430571793
0.5678333333333333,0.05902407646688457
0.5679166666666666,-0.19065599287570664
0.568,-0.042848520618806694
0.5680833333333334,0.02815684112202834
0.5681666666666667,-0.3002966320626538
0.56825,-0.13225539198318306
0.5683333333333334,-0.12783360466965646
0.5684166666666667,-0.42127091094671165
0.5685,-0.2115258490883257
0.5685833333333333,-0.28800511566011017
0.5686666666666667,-0.5304058047303735
0.56875,-0.4268162684076199
0.5688333333333333,-0.531939353102037
0.5689166666666666,-0.3757592114445841
0.569,-0.2554416086881918
0.5690833333333334,-0.3605774837750976
0.5691666666666667,-0.23513046798092282
0.56925,-0.298336015907264
0.5693333333333334,-0.061812536501920874
0.5694166666666667,0.10418345357236239
0.5695,-0.18454489604985289
0.5695833333333333,-0.21217751196398155
0.5696666666666667,-0.1912197279472306
0.56975,0.01461720279011279
0.5698333333333333,0.14888817036873417
0.5699166666666666,0.052452689928971195
0.57,0.17346343496962338
0.5700833333333334,0.21615043806363587
0.5701666666666667,0.3769365077919423
0.57025,0.38557051052927543
0.5703333333333334,0.2346844140940873
0.5704166666666667,0.5584525971400215
0.5705,0.5689422821974772
0.5705833333333333,0.5414589959032307
0.5706666666666667,0.8920955381273327
0.57075,0.804445776408822
0.5708333333333333,0.7555632852520903
0.5709166666666666,0.7852096704852418
0.571,0.5467475186526952
0.5710833333333334,0.6257689184084457
0.5711666666666667,0.7337719292739463
0.57125,0.3252562392707386
0.5713333333333334,0.027749752616332717
0.5714166666666667,0.26105307868670435
0.5715,0.17247542700041424
0.5715833333333333,-0.07816513107890367
0.5716666666666667,0.045772235443239495
0.57175,-0.19280011464399832
0.5718333333333333,-0.36499011921430774
0.5719166666666666,-0.2641455705496866
0.572,-0.45432930772967023
0.5720833333333334,-0.5852322718171244
0.5721666666666667,-0.7090860483883734
0.57225,-0.5620095338407337
0.5723333333333334,-0.3313832328250525
0.5724166666666667,-0.46578408082046785
0.5725,-0.3429308555385537
0.5725833333333333,-0.3304766063016384
0.5726666666666667,-0.48640618268578206
0.57275,-0.4090855858993459
0.5728333333333333,-0.5064068046519034
0.5729166666666666,-0.5020774167153358
0.573,-0.15360612103696544
0.5730833333333333,0.10907139611268853
0.5731666666666667,0.2332463736789594
0.57325,0.3648516557679023
0.5733333333333334,0.24958372451259705
0.5734166666666667,0.180701680739369
0.5735,0.301278784122452
0.5735833333333333,0.19494065403228186
0.5736666666666667,0.07919393079541985
0.57375,-0.1456308889959729
0.5738333333333333,-0.12135566230606917
0.5739166666666666,-0.04304442696179143
0.574,-0.5323726061897186
0.5740833333333333,-0.4401411409071569
0.5741666666666667,-0.2944001671147864
0.57425,-0.4982622484920844
0.5743333333333334,-0.21156154245524217
0.5744166666666667,-0.29136953759819323
0.5745,-0.400432963771301
0.5745833333333333,-0.25991879431272735
0.5746666666666667,-0.33706418963214824
0.57475,-0.09239666384380717
0.5748333333333333,0.017258419316880505
0.5749166666666666,-0.08456121278973669
0.575,0.2429020367516022
0.5750833333333333,0.4601445895131962
0.5751666666666667,0.24319215679832887
0.57525,0.26987264996934307
0.5753333333333334,0.4251645104571752
0.5754166666666667,0.3228235538871212
0.5755,0.5584797074848221
0.5755833333333333,0.7418653125849037
0.5756666666666667,0.4888644074515938
0.57575,0.44275287342359787
0.5758333333333333,0.41664515882404657
0.5759166666666666,0.4009743121830738
0.576,0.3114884861927959
0.5760833333333333,0.0051427312697746854
0.5761666666666667,0.11151992175865595
0.57625,0.005890559092072266
0.5763333333333334,-0.36511015880891906
0.5764166666666667,-0.2411414457181095
0.5765,-0.4600433672198337
0.5765833333333333,-0.683264008821827
0.5766666666666667,-0.33790926327844867
0.57675,-0.2628325953558535
0.5768333333333333,-0.3434701762520545
0.5769166666666666,-0.36390598396234325
0.577,-0.41127826296756304
0.5770833333333333,-0.3374082568216732
0.5771666666666667,-0.17213816524140607
0.57725,-0.04491827620622718
0.5773333333333334,-0.005892843400307399
0.5774166666666667,0.13280711194950004
0.5775,0.35903723162448276
0.5775833333333333,0.38572073620336567
0.5776666666666667,0.2753587910325838
0.57775,0.4494937941506967
0.5778333333333333,0.4012031511640716
0.5779166666666666,-0.010356407851698342
0.578,0.08512999498134037
0.5780833333333333,0.1390499290999541
0.5781666666666667,0.0069631458506320435
0.57825,0.19539131390413608
0.5783333333333334,0.03373333395399222
0.5784166666666667,-0.20388210324663442
0.5785,0.06505045748403027
0.5785833333333333,0.1733407996130187
0.5786666666666667,0.24630033591300152
0.57875,0.4960662409656819
0.5788333333333333,0.33747353379729206
0.5789166666666666,0.24316670169961607
0.579,0.012391100736333201
0.5790833333333333,-0.5248304183378981
0.5791666666666667,-0.47314883779675965
0.57925,-0.4623599605455902
0.5793333333333334,-0.3299713795963216
0.5794166666666667,0.19298913688256514
0.5795,0.03227113089581177
0.5795833333333333,0.07314645324245798
0.5796666666666667,0.4060879575292345
0.57975,-0.09314364296252474
0.5798333333333333,-0.10744448825736783
0.5799166666666666,0.16744230166540855
0.58,-0.2684796130721483
0.5800833333333333,0.09684793863501394
0.5801666666666667,0.49531460621745527
0.58025,0.1076996043457983
0.5803333333333334,0.12574591264791157
0.5804166666666667,-0.18282140776458375
0.5805,-0.7410695349920573
0.5805833333333333,-0.6548733846603717
0.5806666666666667,-0.25622452322727246
0.58075,0.04368561063935073
0.5808333333333333,0.1153600632996438
0.5809166666666666,0.31117386243780776
0.581,0.2589261821429746
0.5810833333333333,-0.08976438814316372
0.5811666666666667,-0.18871783710724238
0.58125,-0.33176702239756284
0.5813333333333334,-0.4372533244265012
0.5814166666666667,-0.13707616718687263
0.5815,0.25415416932643276
0.5815833333333333,0.0779365615618767
0.5816666666666667,-0.0829121767015388
0.58175,0.09684889065731363
0.5818333333333333,-0.2267455300272999
0.5819166666666666,-0.33607331354251174
0.582,-0.13360493570749332
0.5820833333333333,-0.35695095466800514
0.5821666666666667,-0.19028670560200714
0.58225,0.4507271309083728
0.5823333333333334,0.4673965845503424
0.5824166666666667,0.05161010829622322
0.5825,0.046839894024333674
0.5825833333333333,-0.26081141675890274
0.5826666666666667,-0.5461350146143004
0.58275,-0.14354637175126997
0.5828333333333333,-0.12929432948670064
0.5829166666666666,-0.06448920851654232
0.583,0.27415791096806286
0.5830833333333333,0.2094220037723495
0.5831666666666667,-0.00274782236132795
0.58325,-0.025269973373838402
0.5833333333333334,0.17270442900224545
0.5834166666666667,0.04594679836798462
0.5835,0.09391887628240987
0.5835833333333333,0.3236633296340877
0.5836666666666667,0.09508466619052394
0.58375,0.42745685772649417
0.5838333333333333,0.7990123086447632
0.5839166666666666,0.4887484839222348
0.584,0.5261168088792326
0.5840833333333333,0.5051093374761381
0.5841666666666666,0.19795607940710974
0.58425,0.31641990753635263
0.5843333333333334,0.3326863945335591
0.5844166666666667,0.014062509480756297
0.5845,-0.21048236353287725
0.5845833333333333,-0.4495493604984849
0.5846666666666667,-0.6284887472870156
0.58475,-0.4754203485117266
0.5848333333333333,-0.365242910903802
0.5849166666666666,-0.5436324453138376
0.585,-0.4613472036028782
0.5850833333333333,-0.205855706712507
0.5851666666666666,-0.15499348524835355
0.58525,-0.16657068591601484
0.5853333333333334,-0.23535514872931854
0.5854166666666667,-0.18001194722621386
0.5855,-0.1286748760420666
0.5855833333333333,-0.1055967161254275
0.5856666666666667,0.1593453586968092
0.58575,0.10117270608134331
0.5858333333333333,-0.0806791107066275
0.5859166666666666,0.28165339753285207
0.586,0.41513078881024335
0.5860833333333333,0.1325104742816881
0.5861666666666666,0.23764778194880692
0.58625,0.3357557921711787
0.5863333333333334,0.2248961303995271
0.5864166666666667,0.3681804289830961
0.5865,0.2874280736038026
0.5865833333333333,-0.05640708126838503
0.5866666666666667,-0.2731471816829086
0.58675,-0.3939060876894423
0.5868333333333333,-0.4370603950577935
0.5869166666666666,-0.45342463788451354
0.587,-0.34978721381409383
0.5870833333333333,-0.3498537320551939
0.5871666666666666,-0.24291022467761725
0.58725,0.009717163666715295
0.5873333333333334,-0.1535454946454127
0.5874166666666667,-0.15624473428846303
0.5875,0.026930881719331716
0.5875833333333333,0.05253061529802124
0.5876666666666667,0.18460334541382448
0.58775,0.2939895382623395
0.5878333333333333,0.3604633178302872
0.5879166666666666,0.2061923081493265
0.588,0.22691418173071462
0.5880833333333333,0.3883224602728763
0.5881666666666666,0.07802501265730077
0.58825,0.22018083413811773
0.5883333333333334,0.3922284641650725
0.5884166666666667,0.056910899704156255
0.5885,0.2871128814211986
0.5885833333333333,0.26759956418261743
0.5886666666666667,-0.14940439209445486
0.58875,-0.05745701336923368
0.5888333333333333,-0.06471333596947125
0.5889166666666666,-0.08015064232148987
0.589,0.018576122863877463
0.5890833333333333,-0.21572171077809052
0.5891666666666666,-0.3968342957789125
0.58925,-0.29634993592812253
0.5893333333333334,-0.2922532951344011
0.5894166666666667,-0.21811417209538891
0.5895,0.1876033192245088
0.5895833333333333,0.1367178978980162
0.5896666666666667,0.06782225841092018
0.58975,0.40074708219559807
0.5898333333333333,0.1630214129146621
0.5899166666666666,0.1662578909290723
0.59,0.2316966844156448
0.5900833333333333,-0.21944212151695913
0.5901666666666666,-0.045593887300620625
0.59025,-0.03150258856072482
0.5903333333333334,-0.22676616845777706
0.5904166666666667,0.0053410561812021464
0.5905,-0.24567254074786085
0.5905833333333333,-0.23606022858472067
0.5906666666666667,0.015400297666627337
0.59075,-0.339331597480867
0.5908333333333333,-0.1355430082985222
0.5909166666666666,0.22633695853169086
0.591,0.05429867723612402
0.5910833333333333,0.036543503405657964
0.5911666666666666,-0.21371919286733926
0.59125,-0.34675171124071075
0.5913333333333334,-0.11538118216768894
0.5914166666666667,-0.040487183746914915
0.5915,0.18539470896485014
0.5915833333333333,0.2294800747353819
0.5916666666666667,0.11354800567879446
0.59175,0.14136219764098137
0.5918333333333333,0.04235368533320387
0.5919166666666666,-0.08589129432090194
0.592,-0.08703624700090509
0.5920833333333333,0.28388747689980476
0.5921666666666666,0.43638278902266125
0.59225,0.23869068166083066
0.5923333333333334,0.37099341026491195
0.5924166666666667,0.29165251600899345
0.5925,0.04199767097914114
0.5925833333333334,-0.10642821369913157
0.5926666666666667,-0.21822890556126404
0.59275,0.08424983566696286
0.5928333333333333,0.2545683246019368
0.5929166666666666,0.24194319385019278
0.593,0.3125745676756963
0.5930833333333333,0.06340735350474817
0.5931666666666666,-0.03568897657265068
0.59325,-0.0658529928401736
0.5933333333333334,-0.21628634789866333
0.5934166666666667,0.0029606648119542616
0.5935,0.12156066010241262
0.5935833333333334,0.13483712554195967
0.5936666666666667,0.1760466240894555
0.59375,-0.07437947369111889
0.5938333333333333,-0.1884328352226238
0.5939166666666666,-0.26257139925395434
0.594,-0.41629485148252093
0.5940833333333333,-0.1825783305317686
0.5941666666666666,0.07297325116055726
0.59425,-0.02285804205849984
0.5943333333333334,-0.003302614611204597
0.5944166666666667,0.07338772290024079
0.5945,-0.20803330493466585
0.5945833333333334,-0.21132407736846812
0.5946666666666667,0.07052782855899398
0.59475,-0.06237059212176992
0.5948333333333333,-0.04591775509334605
0.5949166666666666,0.12060713378045491
0.595,-0.11883253242727407
0.5950833333333333,-0.2635638696476861
0.5951666666666666,-0.22542166794906232
0.59525,-0.23876501587217142
0.5953333333333334,-0.0677363477104489
0.5954166666666667,-0.04245103873613942
0.5955,-0.349258922468824
0.5955833333333334,-0.537163946352443
0.5956666666666667,-0.6406724358297377
0.59575,-0.5209382949518007
0.5958333333333333,-0.2985748971645983
0.5959166666666667,-0.23961335345944604
0.596,0.021785624849304686
0.5960833333333333,0.1020297082840143
0.5961666666666666,0.10727440994949547
0.59625,0.19991361391036605
0.5963333333333334,-0.10116587070664704
0.5964166666666667,-0.11792223770564217
0.5965,0.12230317972232221
0.5965833333333334,0.08289180556566125
0.5966666666666667,0.2575209833565382
0.59675,0.4157855552915314
0.5968333333333333,0.26010608021024123
0.5969166666666667,0.32344876493153285
0.597,0.2967680602243933
0.5970833333333333,0.07758913346346
0.5971666666666666,0.0925037205721557
0.59725,0.1411852137877566
0.5973333333333334,0.36423365848145467
0.5974166666666667,0.2301514463830435
0.5975,-0.008023637018665573
0.5975833333333334,0.2533652954887648
0.5976666666666667,-0.18581068571877174
0.59775,-0.30403571037279054
0.5978333333333333,0.07921015178466292
0.5979166666666667,-0.2502352476318639
0.598,0.01453370713137271
0.5980833333333333,0.21763263774289637
0.5981666666666666,-0.015410646646842045
0.59825,0.1410336029134108
0.5983333333333334,-0.02943539626497644
0.5984166666666667,-0.15642335296625887
0.5985,-0.1646613479148105
0.5985833333333334,-0.11897706125495149
0.5986666666666667,-0.1311278015717959
0.59875,-0.2972291912603074
0.5988333333333333,-0.015877053314446533
0.5989166666666667,0.08250720850516174
0.599,0.24117110347865026
0.5990833333333333,0.35422070298322794
0.5991666666666666,0.06045844910592888
0.59925,0.23003991343959365
0.5993333333333334,0.19804474347953047
0.5994166666666667,0.052621342981259596
0.5995,0.1314932009721281
0.5995833333333334,0.005638811956852298
0.5996666666666667,0.1082178650113324
0.59975,0.16265475457304965
0.5998333333333333,0.130544299441843
0.5999166666666667,0.13986837139714245
0.6,-0.0318956826412433
0.6000833333333333,0.0711465809942431
0.6001666666666666,0.2046418561671127
0.60025,-0.1324035290409896
0.6003333333333334,-0.20270036282780676
0.6004166666666667,0.06875908185032184
0.6005,-0.21184316542674103
0.6005833333333334,-0.30027089442848465
0.6006666666666667,-0.03531446483190654
0.60075,-0.42120389089234195
0.6008333333333333,-0.5349390253066891
0.6009166666666667,-0.2576275616103689
0.601,-0.3287596662491316
0.6010833333333333,-0.3322024128770864
0.6011666666666666,-0.46910549000295554
0.60125,-0.47238523845664565
0.6013333333333334,-0.02533039442313833
0.6014166666666667,0.14074239270301142
0.6015,0.26432193514499924
0.6015833333333334,0.29344232649260643
0.6016666666666667,-0.07135692557808422
0.60175,0.056781974959158994
0.6018333333333333,0.26314342338446495
0.6019166666666667,0.26520557968129377
0.602,0.4442321999351369
0.6020833333333333,0.06524431407401196
0.6021666666666666,-0.0701074240248156
0.60225,0.2700381572224659
0.6023333333333334,0.2724158242607116
0.6024166666666667,0.5134684393979146
0.6025,0.3927866377268934
0.6025833333333334,0.000340965433380281
0.6026666666666667,0.20455841547281323
0.60275,0.0819809507418588
0.6028333333333333,-0.23224046354851033
0.6029166666666667,-0.13763292602191568
0.603,-0.1399887884735995
0.6030833333333333,-0.05721034025249138
0.6031666666666666,0.007985887489401012
0.60325,-0.28184846056786145
0.6033333333333334,-0.25421277364148476
0.6034166666666667,-0.16229068722038764
0.6035,-0.26944132148951244
0.6035833333333334,-0.1628887112734202
0.6036666666666667,-0.08473972794806334
0.60375,0.26348067341797854
0.6038333333333333,0.5103443682405292
0.6039166666666667,0.2738449206195538
0.604,0.29578438200371404
0.6040833333333333,0.20226108589053246
0.6041666666666666,0.05799171883839564
0.60425,0.29603844083545283
0.6043333333333333,0.3183698300236572
0.6044166666666667,0.1889606654526846
0.6045,0.2749089575238933
0.6045833333333334,0.2839480915688654
0.6046666666666667,-0.06124765342917842
0.60475,-0.3264332890935395
0.6048333333333333,-0.19635384166345937
0.6049166666666667,-0.12123692472561057
0.605,-0.10888753768017932
0.6050833333333333,0.0998464195282794
0.6051666666666666,0.14288293209295141
0.60525,-0.09844244598890153
0.6053333333333333,-0.2936534886657376
0.6054166666666667,-0.37269556319233554
0.6055,-0.31320362813497754
0.6055833333333334,-0.055535053288803544
0.6056666666666667,0.1501597045687646
0.60575,0.17771349559940666
0.6058333333333333,0.21849573694137564
0.6059166666666667,0.1360700187678968
0.606,-0.05842803398688888
0.6060833333333333,0.0019016078117826852
0.6061666666666666,0.10560608508729477
0.60625,0.055988468135944984
0.6063333333333333,0.16614830969998692
0.6064166666666667,0.23569847828577464
0.6065,0.08885818425634041
0.6065833333333334,0.1287880228130301
0.6066666666666667,-0.03906089844945318
0.60675,-0.3253516705092734
0.6068333333333333,-0.051583836836540116
0.6069166666666667,-0.04859685957701768
0.607,-0.17049348864382852
0.6070833333333333,0.10065212618835503
0.6071666666666666,-0.025417414176763888
0.60725,-0.1209063687425872
0.6073333333333333,-0.0932464536748789
0.6074166666666667,-0.26701194333597095
0.6075,-0.13431633778129326
0.6075833333333334,0.0025790971357840765
0.6076666666666667,0.05924464925769776
0.60775,0.18641250312641108
0.6078333333333333,0.10380792570351478
0.6079166666666667,0.045067943580025714
0.608,0.1884489484424667
0.6080833333333333,0.12651907767701417
0.6081666666666666,-0.055258341606286746
0.60825,-0.01978728121137089
0.6083333333333333,-0.1614362709460905
0.6084166666666667,-0.1916558602712883
0.6085,-0.01822995269270561
0.6085833333333334,-0.31632261980846665
0.6086666666666667,-0.45763848450505185
0.60875,-0.33248576278712666
0.6088333333333333,-0.43380548110638867
0.6089166666666667,-0.2017328961045694
0.609,0.06220618267094536
0.6090833333333333,-0.11190388511067684
0.6091666666666666,0.0030040933204353365
0.60925,0.2994639738640816
0.6093333333333333,0.2757695502019791
0.6094166666666667,0.41442977153099414
0.6095,0.45357176945391964
0.6095833333333334,0.13027839845928185
0.6096666666666667,0.15127325982988246
0.60975,0.11783667317553531
0.6098333333333333,0.0032671253754667532
0.6099166666666667,0.25739278084094847
0.61,0.05621546893174228
0.6100833333333333,-0.10990693134978916
0.6101666666666666,0.038820051285571644
0.61025,-0.19196582862289657
0.6103333333333333,0.010630996406731333
0.6104166666666667,0.12980401130622482
0.6105,-0.12926944668538035
0.6105833333333334,0.1512093597191174
0.6106666666666667,0.048612563278359396
0.61075,-0.3154831375069647
0.6108333333333333,-0.2645717867943008
0.6109166666666667,-0.28935767856659356
0.611,-0.22471639251635198
0.6110833333333333,0.0007407179991996552
0.6111666666666666,0.07100338715042899
0.61125,0.0031701419534971116
0.6113333333333333,0.12999562216460786
0.6114166666666667,0.15027340560869676
0.6115,-0.17238964509744667
0.6115833333333334,-0.13202841095097653
0.6116666666666667,0.06422955265244629
0.61175,0.17046602382018716
0.6118333333333333,0.4352531011285456
0.6119166666666667,0.3799873089397728
0.612,0.2867124947061791
0.6120833333333333,0.4053048332009296
0.6121666666666666,0.21430923720861303
0.61225,-0.021894458271020677
0.6123333333333333,-0.20586123037067788
0.6124166666666667,-0.47179059501032344
0.6125,-0.5683706985993366
0.6125833333333334,-0.45236578036364555
0.6126666666666667,-0.33287144741767904
0.61275,-0.3083207306336957
0.6128333333333333,-0.1907354749834673
0.6129166666666667,-0.11291078248542066
0.613,-0.17531768465025363
0.6130833333333333,-0.23772944352249045
0.6131666666666666,-0.25576880831296156
0.61325,-0.29312302785318445
0.6133333333333333,-0.4326800116827537
0.6134166666666667,-0.34648838904588264
0.6135,-0.2516046822982131
0.6135833333333334,-0.29219700205272997
0.6136666666666667,-0.07822517877673642
0.61375,0.04539222044559064
0.6138333333333333,0.15830378471709233
0.6139166666666667,0.30194340791362
0.614,0.27872526641933415
0.6140833333333333,0.34846954720844925
0.6141666666666666,0.35107267710110723
0.61425,0.5439635855969456
0.6143333333333333,0.7138858990916047
0.6144166666666667,0.5572576652140163
0.6145,0.5435194285337375
0.6145833333333334,0.5373172631483158
0.6146666666666667,0.6943996692640101
0.61475,0.7481892088784997
0.6148333333333333,0.4556160504695486
0.6149166666666667,0.25336608801044624
0.615,0.08123440292275916
0.6150833333333333,0.10486577685003393
0.6151666666666666,0.05186919403615768
0.61525,-0.10473878662546066
0.6153333333333333,-0.08920309805238154
0.6154166666666666,-0.1779696005672588
0.6155,-0.17134701249766773
0.6155833333333334,-0.2853270324919819
0.6156666666666667,-0.5435018858291986
0.61575,-0.5794161862400696
0.6158333333333333,-0.5330069597537755
0.6159166666666667,-0.40331502786113904
0.616,-0.45049078527802455
0.6160833333333333,-0.532310031274287
0.6161666666666666,-0.42420989536703985
0.61625,-0.42384780613908263
0.6163333333333333,-0.32739282673078074
0.6164166666666666,-0.21361377878804064
0.6165,-0.21948105854308325
0.6165833333333334,-0.10985446660720187
0.6166666666666667,-0.06032564759292268
0.61675,-0.07997264741617734
0.6168333333333333,0.1593536573517643
0.6169166666666667,0.46026608713133227
0.617,0.4744881626905159
0.6170833333333333,0.3279638503185216
0.6171666666666666,0.11131254609907835
0.61725,0.0702224110387637
0.6173333333333333,0.06414007399271092
0.6174166666666666,-0.07306908997493203
0.6175,0.010625789137278456
0.6175833333333334,-0.04400035985987551
0.6176666666666667,-0.06156746867410957
0.61775,-0.10245928305652549
0.6178333333333333,-0.3798154137058923
0.6179166666666667,-0.22196872907891524
0.618,-0.28856567702868624
0.6180833333333333,-0.3360597953745429
0.6181666666666666,-0.025778606409679806
0.61825,-0.28088126422176984
0.6183333333333333,-0.36773077992556225
0.6184166666666666,-0.24478615321618974
0.6185,-0.286249460304766
0.6185833333333334,-0.17465660510175401
0.6186666666666667,-0.17915265501046193
0.61875,-0.20266194238077778
0.6188333333333333,-0.3274695593922708
0.6189166666666667,-0.16523817027716883
0.619,0.18774376765539924
0.6190833333333333,0.03473044549531456
0.6191666666666666,0.12986507951484016
0.61925,0.18933402358034115
0.6193333333333333,-0.01903830453020995
0.6194166666666666,0.17829040538329718
0.6195,0.06077026973528938
0.6195833333333334,-0.06416471918093627
0.6196666666666667,0.25063550201286733
0.61975,0.2848990488449621
0.6198333333333333,0.4845383607602072
0.6199166666666667,0.5704683694438678
0.62,0.2306686902039818
0.6200833333333333,0.2621990800065158
0.6201666666666666,0.09995442549008267
0.62025,-0.024770190672384725
0.6203333333333333,0.2948008693028597
0.6204166666666666,0.2508198686946711
0.6205,0.38072014314517144
0.6205833333333334,0.6038597955150703
0.6206666666666667,0.3939201005501483
0.62075,0.21062824342876493
0.6208333333333333,-0.0855139958919457
0.6209166666666667,-0.31626414161634736
0.621,-0.16712962106111684
0.6210833333333333,0.11852400000390301
0.6211666666666666,0.24175461807310164
0.62125,0.0933473465964157
0.6213333333333333,-0.02040541466613289
0.6214166666666666,-0.19394101228770189
0.6215,-0.40430315517951315
0.6215833333333334,-0.45500491389335673
0.6216666666666667,-0.49793661903237924
0.62175,-0.3083727988134177
0.6218333333333333,-0.16633322495018873
0.6219166666666667,-0.226057522342199
0.622,-0.06294548382106217
0.6220833333333333,-0.03134749861884611
0.6221666666666666,-0.15166997851475994
0.62225,-0.134531711712092
0.6223333333333333,-0.1259283976177521
0.6224166666666666,0.016468291403787857
0.6225,0.24090204311536104
0.6225833333333334,0.26659306103201424
0.6226666666666667,0.30398252575948626
0.62275,0.34156401260804736
0.6228333333333333,0.20961812041997832
0.6229166666666667,0.17723823882421752
0.623,0.07949586171795274
0.6230833333333333,-0.15375023544886054
0.6231666666666666,-0.13991319426170504
0.62325,-0.05136749082478375
0.6233333333333333,-0.041959803127489
0.6234166666666666,0.10559455801937505
0.6235,0.17043476689201367
0.6235833333333334,-0.03089356227801425
0.6236666666666667,-0.15320215592216915
0.62375,-0.12257239202099501
0.6238333333333334,-0.026845833027209005
0.6239166666666667,-0.0562505598717982
0.624,-0.11734416880226771
0.6240833333333333,-0.08145956817377972
0.6241666666666666,-0.25894802220431423
0.62425,-0.15116945670849252
0.6243333333333333,0.08478163571481745
0.6244166666666666,0.010544322107753988
0.6245,0.15475975914181886
0.6245833333333334,0.359609589514359
0.6246666666666667,0.4630238190347478
0.62475,0.42605075560099204
0.6248333333333334,0.29662482993982253
0.6249166666666667,0.20829904811431896
0.625,0.1641578279863812
0.6250833333333333,0.30579591481914487
0.6251666666666666,0.33193297596298355
0.62525,0.37564132617185175
0.6253333333333333,0.4136568305218
0.6254166666666666,0.22175289264635703
0.6255,-0.021858169140671728
0.6255833333333334,-0.27962090019900343
0.6256666666666667,-0.26821199701616627
0.62575,-0.29441982321322485
0.6258333333333334,-0.22734265351251015
0.6259166666666667,0.05342289139805539
0.626,-0.02380684671055843
0.6260833333333333,0.006014319091634828
0.6261666666666666,-0.06159118073276076
0.62625,-0.3072020542852712
0.6263333333333333,-0.2287570906104028
0.6264166666666666,-0.12662143771762407
0.6265,-0.05288694738158286
0.6265833333333334,-0.169041731122449
0.6266666666666667,-0.1786360027663589
0.62675,-0.09669259960486712
0.6268333333333334,-0.20255380199213108
0.6269166666666667,-0.04029089868276362
0.627,-0.117805462607096
0.6270833333333333,-0.05793288808662191
0.6271666666666667,0.27534130692454223
0.62725,0.012248987396391443
0.6273333333333333,0.038011155110537355
0.6274166666666666,-0.07823424129006257
0.6275,-0.527798849576671
0.6275833333333334,-0.18788133594182352
0.6276666666666667,-0.27041625829502197
0.62775,-0.5912932216183905
0.6278333333333334,-0.2885066075789104
0.6279166666666667,-0.44219276533327645
0.628,-0.5694864705275121
0.6280833333333333,-0.36077818213633456
0.6281666666666667,-0.36640782123262544
0.62825,-0.18331162110060614
0.6283333333333333,0.09908614651142723
0.6284166666666666,0.28336125629302084
0.6285,0.33315333106637823
0.6285833333333334,0.29315897366360205
0.6286666666666667,0.29220457010471007
0.62875,0.2665153848867733
0.6288333333333334,0.3116527463004888
0.6289166666666667,0.2256296490563243
0.629,0.17467542705684727
0.6290833333333333,0.3336789658914598
0.6291666666666667,0.3186675935823532
0.62925,0.3149075698328714
0.6293333333333333,0.27537544040926765
0.6294166666666666,0.03015838806191644
0.6295,0.06365224894830543
0.6295833333333334,0.16284640761645955
0.6296666666666667,0.06043059903312451
0.62975,0.19948616061041707
0.6298333333333334,0.11003134182059222
0.6299166666666667,-0.25099689029142974
0.63,-0.18243074736827283
0.6300833333333333,-0.3395781897844398
0.6301666666666667,-0.5486032187758402
0.63025,-0.2754869411389573
0.6303333333333333,-0.25014131723372685
0.6304166666666666,-0.14445127158137896
0.6305,0.16405813186467663
0.6305833333333334,0.19215174101820912
0.6306666666666667,0.09591728164417279
0.63075,-0.05125923554100599
0.6308333333333334,0.008365200869799043
0.6309166666666667,0.05419322524241713
0.631,0.1154453153176476
0.6310833333333333,0.42447144159760947
0.6311666666666667,0.40752744645109623
0.63125,0.4272468300797746
0.6313333333333333,0.5988394855316476
0.6314166666666666,0.4162697162540308
0.6315,0.36756158348729195
0.6315833333333334,0.4160258995571843
0.6316666666666667,0.07646007155201262
0.63175,-0.20642015340198963
0.6318333333333334,-0.2447390455605405
0.6319166666666667,-0.24098549731609767
0.632,-0.009259042695226385
0.6320833333333333,0.13154921464561123
0.6321666666666667,0.04799607604195789
0.63225,-0.06071854188531963
0.6323333333333333,-0.17376681002733693
0.6324166666666666,-0.1554196549634283
0.6325,-0.1848107440913157
0.6325833333333334,-0.0664369912343486
0.6326666666666667,-0.0727177598623847
0.63275,-0.14293287072241592
0.6328333333333334,0.21969621650608268
0.6329166666666667,0.008691692607096915
0.633,-0.19217513679810697
0.6330833333333333,0.05555439935325602
0.6331666666666667,-0.16630129312994565
0.63325,-0.0008813575747196121
0.6333333333333333,0.2583156943143346
0.6334166666666666,0.12933512265030825
0.6335,0.2925663111821317
0.6335833333333334,0.27326104908334403
0.6336666666666667,0.13803929070555498
0.63375,0.2979418612843712
0.6338333333333334,0.2173353611716031
0.6339166666666667,-0.13707449426462112
0.634,-0.13384139473528756
0.6340833333333333,-0.0719914557159029
0.6341666666666667,-0.09766481384842551
0.63425,0.09727013788344913
0.6343333333333333,-0.0962893700194081
0.6344166666666666,-0.3101116991981449
0.6345,-0.24259482759578785
0.6345833333333334,-0.3687205168387352
0.6346666666666667,-0.32996123025098867
0.63475,-0.30669571580605864
0.6348333333333334,-0.22598707748827893
0.6349166666666667,0.01996956934099445
0.635,-0.16289745816887816
0.6350833333333333,-0.3431508294684207
0.6351666666666667,-0.36089329642638535
0.63525,-0.3661393138283776
0.6353333333333333,-0.15290476129971334
0.6354166666666666,-0.15169944748318256
0.6355,-0.09749574538879843
0.6355833333333333,0.038422842900812035
0.6356666666666667,-0.21123623785151335
0.63575,-0.1226713820990282
0.6358333333333334,0.0765999626237569
0.6359166666666667,-0.11017169248434876
0.636,-0.058024963706410394
0.6360833333333333,0.09725555427988224
0.6361666666666667,0.11012378220341437
0.63625,0.2309115972192161
0.6363333333333333,0.24217492523742368
0.6364166666666666,0.17999420490781173
0.6365,0.3618883537458599
0.6365833333333333,0.3004250224870909
0.6366666666666667,0.17923928018982585
0.63675,0.44504180404566274
0.6368333333333334,0.4243321939359888
0.6369166666666667,0.41895757387893606
0.637,0.60494018781356
0.6370833333333333,0.36862684076350544
0.6371666666666667,0.33883141321949384
0.63725,0.48504750843160477
0.6373333333333333,0.18367656664768922
0.6374166666666666,0.1782220209677943
0.6375,0.4471304617121993
0.6375833333333333,0.17967085357235263
0.6376666666666667,0.09705893087488565
0.63775,0.1999602865983349
0.6378333333333334,-0.27459923223565935
0.6379166666666667,-0.4959475455284331
0.638,-0.48808411459131745
0.6380833333333333,-0.46250038048808834
0.6381666666666667,-0.28320032276447715
0.63825,-0.513381920142477
0.6383333333333333,-0.5718365283660789
0.6384166666666666,-0.5749333904829318
0.6385,-0.6291988023353104
0.6385833333333333,-0.3594264273519076
0.6386666666666667,-0.4730803391657838
0.63875,-0.5245782053557148
0.6388333333333334,-0.3039910229913471
0.6389166666666667,-0.20412022161829504
0.639,-0.12219227381098427
0.6390833333333333,-0.0996828767990513
0.6391666666666667,-0.0740188537961532
0.63925,-0.06702056759939812
0.6393333333333333,0.15487975017883898
0.6394166666666666,0.1275993801915584
0.6395,-0.11984012813335042
0.6395833333333333,0.03922351295810656
0.6396666666666667,-0.08836485592324574
0.63975,-0.1530239203339366
0.6398333333333334,0.09700876954253392
0.6399166666666667,-0.13722203464516178
0.64,-0.212681333508097
0.6400833333333333,-0.03213790906844781
0.6401666666666667,-0.30603527507560374
0.64025,-0.34079567756695567
0.6403333333333333,-0.18231804509547936
0.6404166666666666,-0.29492382134041073
0.6405,-0.11434335572109339
0.6405833333333333,-0.03823538925451904
0.6406666666666667,0.06912465951920019
0.64075,0.4044774038024549
0.6408333333333334,0.3108872394937623
0.6409166666666667,0.31092904202276533
0.641,0.2196703139498284
0.6410833333333333,0.07741807041135632
0.6411666666666667,0.3943421036102973
0.64125,0.2281658961842717
0.6413333333333333,0.15466685893960302
0.6414166666666666,0.5323241930865699
0.6415,0.19144621101912032
0.6415833333333333,0.19771565430183088
0.6416666666666667,0.5818700995513276
0.64175,0.21907058329280324
0.6418333333333334,0.33981480676572157
0.6419166666666667,0.5679851233351388
0.642,0.20601242098198957
0.6420833333333333,0.1461432068666536
0.6421666666666667,0.06702659008714588
0.64225,-0.0916231744209877
0.6423333333333333,-0.12494956300287256
0.6424166666666666,-0.09514450501287847
0.6425,0.11042482574038791
0.6425833333333333,0.20087838020923637
0.6426666666666667,0.13403462675969158
0.64275,0.2338346688708635
0.6428333333333334,0.22480809492731843
0.6429166666666667,-0.052648139184177094
0.643,0.015833919058489583
0.6430833333333333,-0.03054474612189837
0.6431666666666667,-0.2018127819914833
0.64325,-0.041213185461513195
0.6433333333333333,-0.27404242798281
0.6434166666666666,-0.36589489955692395
0.6435,-0.2602027649091705
0.6435833333333333,-0.5610487117854152
0.6436666666666667,-0.5970679385812236
0.64375,-0.46722026961177476
0.6438333333333334,-0.5075188604722741
0.6439166666666667,-0.45097963425539794
0.644,-0.3402033088851605
0.6440833333333333,-0.34044069811906225
0.6441666666666667,-0.22656033088510216
0.64425,-0.059665525984921766
0.6443333333333333,-0.143830407330301
0.6444166666666666,-0.2378535520640189
0.6445,-0.19694114244553487
0.6445833333333333,-0.10423055112476712
0.6446666666666667,-0.040155121677775386
0.64475,0.014144445949967187
0.6448333333333334,0.033933208043626886
0.6449166666666667,0.07818824464023484
0.645,0.2887821299718518
0.6450833333333333,0.3181619299583675
0.6451666666666667,0.20570958372646236
0.64525,0.3922840700050086
0.6453333333333333,0.5756457279106535
0.6454166666666666,0.3903873394878569
0.6455,0.40907665578013824
0.6455833333333333,0.562526415551203
0.6456666666666667,0.2944819766744532
0.64575,0.25753749884296423
0.6458333333333334,0.3184235204507744
0.6459166666666667,0.11693325079826836
0.646,0.23713523277783882
0.6460833333333333,0.42843235419967535
0.6461666666666667,0.43879605123307
0.64625,0.41231155881204795
0.6463333333333333,0.3192574468393544
0.6464166666666666,0.20695069389483448
0.6465,0.2069499403142255
0.6465833333333333,0.23291378143182864
0.6466666666666666,0.048899723957822085
0.64675,0.01197864723203761
0.6468333333333334,-0.04556252670661939
0.6469166666666667,-0.2508017260082066
0.647,-0.1718454239073016
0.6470833333333333,-0.3940282311721774
0.6471666666666667,-0.675688590629026
0.64725,-0.6556856974274307
0.6473333333333333,-0.6692416836054739
0.6474166666666666,-0.5801666119559631
0.6475,-0.600277722748333
0.6475833333333333,-0.3550031922789185
0.6476666666666666,-0.28150611950947646
0.64775,-0.4488945593998152
0.6478333333333334,-0.12825425958091183
0.6479166666666667,-0.3835508025160105
0.648,-0.6252378942566003
0.6480833333333333,-0.2559180405731146
0.6481666666666667,-0.3025767886469066
0.64825,-0.3069559457958662
0.6483333333333333,0.14264711064410446
0.6484166666666666,0.3545356036810205
0.6485,0.2448489329350916
0.6485833333333333,0.41473490164103377
0.6486666666666666,0.35645495468524435
0.64875,0.041507900831103416
0.6488333333333334,0.08321846582307169
0.6489166666666667,0.08726091103847335
0.649,-0.01498068010106062
0.6490833333333333,-0.06488493563781628
0.6491666666666667,0.11214094644976869
0.64925,0.037125669249569955
0.6493333333333333,-0.20293555622362935
0.6494166666666666,-0.02843618416655988
0.6495,-0.14141769272239563
0.6495833333333333,-0.10472670455226603
0.6496666666666666,-0.030966907358273163
0.64975,-0.06303244526441656
0.6498333333333334,0.32070272490317364
0.6499166666666667,0.22898387499813957
0.65,0.39549443948993457
0.6500833333333333,0.48318707912931685
0.6501666666666667,0.04063475202626081
0.65025,0.3152420917520934
0.6503333333333333,0.05115755326665631
0.6504166666666666,-0.13777116690862318
0.6505,0.3591928243606136
0.6505833333333333,-0.00565343213835131
0.6506666666666666,0.05288209812525196
0.65075,0.2848046206761116
0.6508333333333334,-0.14831770927390645
0.6509166666666667,0.05840554530639323
0.651,0.2386502147500572
0.6510833333333333,0.1841112245712668
0.6511666666666667,0.2530969005089364
0.65125,0.11630866669028705
0.6513333333333333,0.2185847701102239
0.6514166666666666,0.16535817240511747
0.6515,0.03212071769585638
0.6515833333333333,0.018311070537155562
0.6516666666666666,-0.25371861892682157
0.65175,-0.14173900520938176
0.6518333333333334,0.004670709077651707
0.6519166666666667,-0.11954214477465186
0.652,0.07144855452719281
0.6520833333333333,0.16412041601839544
0.6521666666666667,0.15857395998295798
0.65225,0.24454885634713883
0.6523333333333333,0.06588254121420861
0.6524166666666666,-0.11458281185252747
0.6525,-0.27589253145102943
0.6525833333333333,-0.4766541649224657
0.6526666666666666,-0.4548371966657511
0.65275,-0.512520000981667
0.6528333333333334,-0.3917839844773229
0.6529166666666667,-0.2018912037494111
0.653,-0.4163565093352946
0.6530833333333333,-0.33759783796187115
0.6531666666666667,-0.2230181496435805
0.65325,-0.2100117362564242
0.6533333333333333,0.007968020033881452
0.6534166666666666,-0.06491539453174008
0.6535,0.10375469967725287
0.6535833333333333,0.3547904137309624
0.6536666666666666,0.16405313668385021
0.65375,0.30982834509533924
0.6538333333333334,0.46469323582636135
0.6539166666666667,0.26922005939430954
0.654,0.4053749637998163
0.6540833333333333,0.4614527276321641
0.6541666666666667,0.0771354569107941
0.65425,-0.019558405661349802
0.6543333333333333,0.10630934603583761
0.6544166666666666,0.12387590066305788
0.6545,0.20792712190783524
0.6545833333333333,0.2995256626329607
0.6546666666666666,0.3934841666369264
0.65475,0.44903654497522016
0.6548333333333334,0.4176246844002358
0.6549166666666667,0.24929924101086118
0.655,-0.040047441251697645
0.6550833333333334,-0.16994058458569183
0.6551666666666667,-0.21811806126844452
0.65525,-0.0848656561155939
0.6553333333333333,0.13387244698289105
0.6554166666666666,-0.06271865136919588
0.6555,-0.24345191122906654
0.6555833333333333,-0.26447943425341325
0.6556666666666666,-0.37392940641453964
0.65575,-0.22247820661451428
0.6558333333333334,0.04451729659987795
0.6559166666666667,0.12737330817958006
0.656,0.1264470977753548
0.6560833333333334,-0.007225680801892173
0.6561666666666667,-0.23496205342443177
0.65625,-0.4089260699069675
0.6563333333333333,-0.5449365274537051
0.6564166666666666,-0.4197583213434728
0.6565,-0.2033972573260098
0.6565833333333333,-0.1499353053667493
0.6566666666666666,0.09744673720667182
0.65675,0.09491210454855657
0.6568333333333334,-0.16793145248071564
0.6569166666666667,-0.3122329096984225
0.657,-0.5548449943213764
0.6570833333333334,-0.4213786958787778
0.6571666666666667,-0.17940881309540066
0.65725,-0.13130106531627286
0.6573333333333333,0.08350489751617929
0.6574166666666666,-0.02025476731617541
0.6575,-0.35812730201862575
0.6575833333333333,-0.3073261746262382
0.6576666666666666,-0.07201156923667479
0.65775,0.017244444079389895
0.6578333333333334,0.1327533264346573
0.6579166666666667,0.3956648451430038
0.658,0.3886866829244652
0.6580833333333334,0.05273007397977742
0.6581666666666667,0.05664704169666842
0.65825,0.14333768745149836
0.6583333333333333,0.11752576335863743
0.6584166666666667,0.4707898126850946
0.6585,0.7067678762052689
0.6585833333333333,0.7176334799093672
0.6586666666666666,0.806134898915325
0.65875,0.864729704727892
0.6588333333333334,0.7084427195657285
0.6589166666666667,0.46616099367859476
0.659,0.5807383820988999
0.6590833333333334,0.5343723563939122
0.6591666666666667,0.44146825440529264
0.65925,0.6306852744622068
0.6593333333333333,0.3962277499069004
0.6594166666666667,-0.03648173712955282
0.6595,-0.31622315130919576
0.6595833333333333,-0.4473191029205219
0.6596666666666666,-0.4806295773956689
0.65975,-0.49999650130533313
0.6598333333333334,-0.2604888938797607
0.6599166666666667,-0.08629215556562485
0.66,-0.10534451870774214
0.6600833333333334,-0.11625705757791518
0.6601666666666667,-0.35025999431670585
0.66025,-0.6543196016403964
0.6603333333333333,-0.7888914395306574
0.6604166666666667,-0.8434949287914374
0.6605,-0.6272511317361965
0.6605833333333333,-0.27228639668072907
0.6606666666666666,-0.3970096020049863
0.66075,-0.4273946888572054
0.6608333333333334,-0.2370100925723284
0.6609166666666667,-0.5093798027625361
0.661,-0.36905080760673037
0.6610833333333334,0.012913978068301302
0.6611666666666667,-0.03087810479385596
0.66125,0.1835255947646798
0.6613333333333333,0.4279485754430125
0.6614166666666667,0.36012883589000083
0.6615,0.30950260534925017
0.6615833333333333,0.27075801623842055
0.6616666666666666,0.09859749144607823
0.66175,0.17195431585429505
0.6618333333333334,0.17099788755149994
0.6619166666666667,-0.13021558821252238
0.662,0.1344100443292874
0.6620833333333334,0.21799598860759384
0.6621666666666667,0.06154976318712587
0.66225,0.3283227215909577
0.6623333333333333,0.10093047784930939
0.6624166666666667,-0.020406220373944836
0.6625,0.0909074049401711
0.6625833333333333,-0.25705596478874115
0.6626666666666666,-0.16635695091024266
0.66275,0.026809585711546232
0.6628333333333334,-0.021031299092642394
0.6629166666666667,0.255707320072385
0.663,0.3157682747720482
0.6630833333333334,0.2552727287635508
0.6631666666666667,0.3109489719193496
0.66325,-0.030850948048530273
0.6633333333333333,-0.3113979376772692
0.6634166666666667,-0.20893686334006417
0.6635,-0.10728518355778097
0.6635833333333333,0.15752496354106713
0.6636666666666666,0.5701644939959433
0.66375,0.6923435645348204
0.6638333333333334,0.6406627745683121
0.6639166666666667,0.564563938892371
0.664,0.35986748930565243
0.6640833333333334,0.2538453412017554
0.6641666666666667,0.2850961054980375
0.66425,0.22107777439491225
0.6643333333333333,0.0621379269149871
0.6644166666666667,-0.015963487722845393
0.6645,-0.1640307519604984
0.6645833333333333,-0.38806348661780066
0.6646666666666666,-0.3094210486512767
0.66475,-0.34735825357996686
0.6648333333333334,-0.2625252479497294
0.6649166666666667,0.18281144884728312
0.665,0.00806593287061351
0.6650833333333334,-0.24094443917106587
0.6651666666666667,-0.23473490887822776
0.66525,-0.38738496726562227
0.6653333333333333,-0.2662554223980772
0.6654166666666667,-0.3246386114207095
0.6655,-0.5753239290970175
0.6655833333333333,-0.47863674973745646
0.6656666666666666,-0.44556791928828393
0.66575,-0.6113632489426801
0.6658333333333334,-0.7436523255847477
0.6659166666666667,-0.7860608536445661
0.666,-0.7729947066198292
0.6660833333333334,-0.6049048554273941
0.6661666666666667,-0.455125792182207
0.66625,-0.4892736504741195
0.6663333333333333,-0.4322256328990521
0.6664166666666667,-0.4198511279163651
0.6665,-0.28695964419403697
0.6665833333333333,-0.09007725802732948
0.6666666666666666,-0.15607616010741024
0.66675,0.05241899458326831
0.6668333333333333,0.35669201331813116
0.6669166666666667,0.41261595849542165
0.667,0.5225509474603324
0.6670833333333334,0.7030412309533249
0.6671666666666667,0.6212164188939135
0.66725,0.4186032885460422
0.6673333333333333,0.6286015353251857
0.6674166666666667,0.7775509080728239
0.6675,0.8045498571586661
0.6675833333333333,0.9969692275064734
0.6676666666666666,0.9285480441965316
0.66775,0.6700282280294829
0.6678333333333333,0.37830896666946356
0.6679166666666667,0.22649725169981866
0.668,0.11820467208730376
0.6680833333333334,-0.027886010194232806
0.6681666666666667,-0.02035776000300931
0.66825,-0.30440938824065894
0.6683333333333333,-0.4731650171777953
0.6684166666666667,-0.3694427382850037
0.6685,-0.6041121247522029
0.6685833333333333,-0.5854083589518105
0.6686666666666666,-0.35413758660099987
0.66875,-0.2130522950923018
0.6688333333333333,0.04593076615748391
0.6689166666666667,0.16565863336203443
0.669,0.20189150266101105
0.6690833333333334,0.0940461892777859
0.6691666666666667,-0.00988508022112457
0.66925,0.004986685012305695
0.6693333333333333,-0.06184031033829145
0.6694166666666667,0.1266767521470442
0.6695,0.29433057228156523
0.6695833333333333,0.22807930264084786
0.6696666666666666,0.22686092903875468
0.66975,0.018670087055808818
0.6698333333333333,-0.2215105983618882
0.6699166666666667,-0.1840855499871841
0.67,-0.2397412209633216
0.6700833333333334,-0.37817191420661944
0.6701666666666667,-0.3788478067781849
0.67025,-0.271498641115972
0.6703333333333333,-0.11121252217156338
0.6704166666666667,-0.22914869200288568
0.6705,-0.4605862999375649
0.6705833333333333,-0.49874072436232614
0.6706666666666666,-0.618645148116293
0.67075,-0.5269467839188061
0.6708333333333333,-0.29215132686398154
0.6709166666666667,-0.28482828379028713
0.671,-0.10649689271570827
0.6710833333333334,-0.041621483568909684
0.6711666666666667,-0.08506346109190702
0.67125,0.14613986832160356
0.6713333333333333,0.14272969591438553
0.6714166666666667,0.21354858341161256
0.6715,0.4714756071710992
0.6715833333333333,0.47064110152543603
0.6716666666666666,0.559064788118266
0.67175,0.36314623497328397
0.6718333333333333,0.13106567587479706
0.6719166666666667,0.31237614326714724
0.672,0.16314409510229472
0.6720833333333334,0.2802764444761129
0.6721666666666667,0.39048320161724076
0.67225,0.04810952185529898
0.6723333333333333,0.32755922480302585
0.6724166666666667,0.2624898935274619
0.6725,-0.03928284727430775
0.6725833333333333,0.22299005058781965
0.6726666666666666,0.043458545669827355
0.67275,0.048216926419763405
0.6728333333333333,0.33392051605060913
0.6729166666666667,0.2838459342006143
0.673,0.24537245591363893
0.6730833333333334,0.07664489449238422
0.6731666666666667,0.00026780150230677687
0.67325,-0.09121109318025021
0.6733333333333333,-0.33435783649862594
0.6734166666666667,-0.2631056201745404
0.6735,-0.1443633837273286
0.6735833333333333,-0.13587351725773214
0.6736666666666666,-0.007215304595181799
0.67375,-0.01282428561600171
0.6738333333333333,-0.31302916866325425
0.6739166666666667,-0.36939450133686963
0.674,-0.22049198007988527
0.6740833333333334,-0.2994283614930413
0.6741666666666667,-0.12451313758999905
0.67425,0.03275726984991923
0.6743333333333333,-0.2832910106684489
0.6744166666666667,-0.3629733784230462
0.6745,-0.36756556141413166
0.6745833333333333,-0.41772489598272294
0.6746666666666666,-0.24469116661892043
0.67475,-0.25189985062483594
0.6748333333333333,-0.045801996935582616
0.6749166666666667,0.16219757952175262
0.675,-0.07422666292183899
0.6750833333333334,0.0028907885295143326
0.6751666666666667,0.03929360055068849
0.67525,-0.0786467404088483
0.6753333333333333,0.23662980245030785
0.6754166666666667,0.2428193614997009
0.6755,0.10564063315897368
0.6755833333333333,0.292768626250321
0.6756666666666666,0.03905276956747654
0.67575,-0.0337509305998595
0.6758333333333333,0.06739212363327761
0.6759166666666667,-0.40555319927876765
0.676,-0.25485236074703477
0.6760833333333334,0.04667517689778173
0.6761666666666667,-0.28940087914385304
0.67625,-0.11839607912205835
0.6763333333333333,0.19226652751967507
0.6764166666666667,0.05078414128034093
0.6765,-0.016273650440174394
0.6765833333333333,0.028711237604566835
0.6766666666666666,0.033807016537470036
0.67675,0.12468356308968118
0.6768333333333333,0.33207273345213334
0.6769166666666667,0.4972413700556375
0.677,0.4421995763612529
0.6770833333333334,0.41374950951568407
0.6771666666666667,0.5068350290799712
0.67725,0.2908789449419517
0.6773333333333333,0.23641507171978474
0.6774166666666667,0.43689228000470254
0.6775,0.20338243423743185
0.6775833333333333,-0.03920571522094576
0.6776666666666666,0.06825345238480046
0.67775,0.20993769020619177
0.6778333333333333,0.19307954224413892
0.6779166666666666,0.14105313542838527
0.678,-0.09068256869381011
0.6780833333333334,-0.30289206973843225
0.6781666666666667,0.02339136679194566
0.67825,-0.07895289801779906
0.6783333333333333,-0.39531154376357197
0.6784166666666667,-0.11602697428001962
0.6785,-0.3563015701223713
0.6785833333333333,-0.566844913260944
0.6786666666666666,-0.24764277406871346
0.67875,-0.3822716482331169
0.6788333333333333,-0.3453490386279752
0.6789166666666666,-0.21753861561115362
0.679,-0.35855058032204074
0.6790833333333334,-0.12912367430567842
0.6791666666666667,-0.08046434111043924
0.67925,-0.11070085676710148
0.6793333333333333,0.041614810228654084
0.6794166666666667,-0.12969714446427247
0.6795,-0.07376584693237706
0.6795833333333333,0.10220114068989145
0.6796666666666666,-0.03806736377447621
0.67975,-0.12792388217464784
0.6798333333333333,-0.10228206577056335
0.6799166666666666,0.05212377820459309
0.68,0.0835484343790647
0.6800833333333334,0.026911324109484686
0.6801666666666667,0.23724527892843553
0.68025,0.40382018800418673
0.6803333333333333,0.48742389397099517
0.6804166666666667,0.6403134406233776
0.6805,0.7535111866239584
0.6805833333333333,0.7265417872376058
0.6806666666666666,0.5062233068281728
0.68075,0.3656749130547744
0.6808333333333333,0.26916677555648977
0.6809166666666666,0.16757496691175386
0.681,0.22272841688835582
0.6810833333333334,0.03742468853026739
0.6811666666666667,-0.15367470986648313
0.68125,0.02898719636820683
0.6813333333333333,0.04046617177203691
0.6814166666666667,-0.06312456368305185
0.6815,0.024816241263262553
0.6815833333333333,0.0221699878395095
0.6816666666666666,-0.07205380327379333
0.68175,0.03721081850179072
0.6818333333333333,0.15518429381937354
0.6819166666666666,-0.030198352269081345
0.682,-0.15512452423918235
0.6820833333333334,-0.21217437754049687
0.6821666666666667,-0.5979337593921011
0.68225,-0.5773879800795536
0.6823333333333333,-0.10586369297218048
0.6824166666666667,-0.20133913337935258
0.6825,-0.1922619468262288
0.6825833333333333,-0.08266859632957979
0.6826666666666666,-0.506391491125806
0.68275,-0.3986596046678808
0.6828333333333333,-0.0028729441529639294
0.6829166666666666,0.11238253559928887
0.683,0.23205681539713924
0.6830833333333334,0.22536476865883248
0.6831666666666667,0.21800348889205814
0.68325,-0.01665181424670017
0.6833333333333333,-0.25614188587044473
0.6834166666666667,-0.48225383677791017
0.6835,-0.7880346472730149
0.6835833333333333,-0.3266446409490046
0.6836666666666666,-0.02990159765415293
0.68375,-0.23247367429347296
0.6838333333333333,-0.011835074565518168
0.6839166666666666,-0.07853287899065758
0.684,-0.19502039175456135
0.6840833333333334,-0.04541628855525466
0.6841666666666667,0.04328907990534226
0.68425,0.3126184760252769
0.6843333333333333,0.2563527803279869
0.6844166666666667,0.2615340241854437
0.6845,0.41355859571435755
0.6845833333333333,0.12336116750548576
0.6846666666666666,0.0539868148560897
0.68475,-0.09533224402172479
0.6848333333333333,-0.28778892855887267
0.6849166666666666,0.02869736081588055
0.685,0.19167788658456825
0.6850833333333334,0.319534587711388
0.6851666666666667,0.6125496460074397
0.68525,0.5869459465839394
0.6853333333333333,0.3082470595145096
0.6854166666666667,0.09809122923561993
0.6855,0.22804533129907473
0.6855833333333333,0.3508469716235313
0.6856666666666666,0.1928630542556807
0.68575,0.4204090377665868
0.6858333333333333,0.37423706592883643
0.6859166666666666,-0.05932402450282432
0.686,0.06856236174280289
0.6860833333333334,-0.27648985863636644
0.6861666666666667,-0.580261045957316
0.68625,-0.19664435919278445
0.6863333333333334,-0.23674039676682682
0.6864166666666667,-0.1652802399761458
0.6865,-0.02649961312080907
0.6865833333333333,-0.07631930369109431
0.6866666666666666,0.017329591972156284
0.68675,-0.1115516859806333
0.6868333333333333,-0.19253094590153771
0.6869166666666666,-0.156616509237942
0.687,-0.07342853098517577
0.6870833333333334,-0.007470749515040172
0.6871666666666667,-0.08270517814230537
0.68725,-0.0003846565240704862
0.6873333333333334,-0.2475484467801544
0.6874166666666667,-0.6167861069263676
0.6875,-0.7541465462439284
0.6875833333333333,-0.8425042479135448
0.6876666666666666,-0.2847006314638298
0.68775,0.05174081825415614
0.6878333333333333,-0.2435247861523159
0.6879166666666666,-0.34663649467118557
0.688,-0.4597118359101684
0.6880833333333334,-0.416947003578567
0.6881666666666667,-0.3705593154465415
0.68825,-0.423812770137365
0.6883333333333334,-0.22989918306393528
0.6884166666666667,-0.006303377891369419
0.6885,0.16983737343095584
0.6885833333333333,0.15045189236206977
0.6886666666666666,-0.023751081103904743
0.68875,-0.06988838045506356
0.6888333333333333,0.07130397802051561
0.6889166666666666,0.19254848295918037
0.689,0.21823324814381942
0.6890833333333334,0.4291966822376978
0.6891666666666667,0.5766966215256382
0.68925,0.4167926351074781
0.6893333333333334,0.3406208049483767
0.6894166666666667,0.5306791564816997
0.6895,0.7122316044732641
0.6895833333333333,0.8551869574426529
0.6896666666666667,0.9386609813055422
0.68975,0.7221632083845926
0.6898333333333333,0.5386174764902213
0.6899166666666666,0.49872882701848376
0.69,0.339715654293985
0.6900833333333334,0.22539642024422893
0.6901666666666667,0.18688227765441245
0.69025,0.20216486802719352
0.6903333333333334,0.31858118487013337
0.6904166666666667,0.14571047821803182
0.6905,-0.14205680315238225
0.6905833333333333,-0.004475952807943392
0.6906666666666667,0.012559373062797086
0.69075,-0.13928136223545498
0.6908333333333333,-0.2147140280977077
0.6909166666666666,-0.2412686730904215
0.691,-0.09985916037813633
0.6910833333333334,-0.28258826246232494
0.6911666666666667,-0.3665306590060825
0.69125,-0.44105775338088765
0.6913333333333334,-0.6912526100932744
0.6914166666666667,-0.40363796888362957
0.6915,-0.4613235078103919
0.6915833333333333,-0.5126396253587315
0.6916666666666667,-0.1503119469680016
0.69175,-0.2994021829804506
0.6918333333333333,-0.19839239192246086
0.6919166666666666,-0.09251928794833755
0.692,-0.4063024461380514
0.6920833333333334,-0.17220363164377003
0.6921666666666667,-0.04761760184858603
0.69225,-0.24288376967321593
0.6923333333333334,-0.058805159975606286
0.6924166666666667,-0.03467924203720487
0.6925,-0.06577953323799877
0.6925833333333333,-0.09482614078696676
0.6926666666666667,-0.35893188365610945
0.69275,-0.27583283368304606
0.6928333333333333,-0.1098427671516103
0.6929166666666666,-0.1365923794906801
0.693,-0.1135263280415353
0.6930833333333334,-0.0028645857978066786
0.6931666666666667,-0.05474694312199946
0.69325,-0.21035565443811258
0.6933333333333334,0.008875717076509339
0.6934166666666667,-0.20146837721043112
0.6935,-0.31828529805210337
0.6935833333333333,0.2421620526898279
0.6936666666666667,0.1738851537859216
0.69375,0.3078605083103683
0.6938333333333333,0.500740295291333
0.6939166666666666,0.26515405442261275
0.694,0.47154498343614526
0.6940833333333334,0.16950845228437736
0.6941666666666667,0.10759649295308682
0.69425,0.5530891974875545
0.6943333333333334,0.3787891477152846
0.6944166666666667,0.488962782613634
0.6945,0.46236089562617017
0.6945833333333333,0.2609892224173989
0.6946666666666667,0.5277613699016989
0.69475,0.37241069238720914
0.6948333333333333,0.009448986061810813
0.6949166666666666,-0.09501303079755397
0.695,-0.018398369607449346
0.6950833333333334,0.04106912761627325
0.6951666666666667,-0.09654142569934138
0.69525,-0.2554271796836456
0.6953333333333334,-0.5093455092160231
0.6954166666666667,-0.5384541856863038
0.6955,-0.3294604663078262
0.6955833333333333,-0.2615531651781696
0.6956666666666667,-0.28998774018629886
0.69575,-0.30875315194810743
0.6958333333333333,-0.23534238979181743
0.6959166666666666,-0.31637933047214417
0.696,-0.24847908032236857
0.6960833333333334,0.08634548635536829
0.6961666666666667,0.10430619067379304
0.69625,0.01760467812968838
0.6963333333333334,0.158062007315934
0.6964166666666667,0.36421495213954913
0.6965,0.2934423818784948
0.6965833333333333,0.2614171350010203
0.6966666666666667,0.22715861256187408
0.69675,-0.1811792136071851
0.6968333333333333,-0.1847000020130843
0.6969166666666666,-0.13446022469252736
0.697,-0.3102972190974314
0.6970833333333334,-0.11638887983059086
0.6971666666666667,0.0065152977443139045
0.69725,0.0700392072671919
0.6973333333333334,0.13547870947406573
0.6974166666666667,-0.06128300303027672
0.6975,-0.2105933417583171
0.6975833333333333,-0.12855083192759925
0.6976666666666667,-0.14940489087320497
0.69775,-0.20210110176503082
0.6978333333333333,-0.0007683620287097799
0.6979166666666666,0.04435686594744847
0.698,0.04265926673986914
0.6980833333333333,-0.056302987189072735
0.6981666666666667,-0.2842313455637813
0.69825,0.02509183120518533
0.6983333333333334,0.29969227424195116
0.6984166666666667,0.40732532939341926
0.6985,0.611951406263931
0.6985833333333333,0.5678527138976593
0.6986666666666667,0.4847426526328251
0.69875,0.15393559032290907
0.6988333333333333,-0.03732330638535485
0.6989166666666666,0.06646086636790517
0.699,-0.045360102170296006
0.6990833333333333,0.16930473733566806
0.6991666666666667,0.23101844730784166
0.69925,-0.09607762941693604
0.6993333333333334,-0.134779306580879
0.6994166666666667,-0.2141762892607535
0.6995,-0.2561065938079211
0.6995833333333333,-0.20086923182187955
0.6996666666666667,-0.32104927604535183
0.69975,-0.3021966987958835
0.6998333333333333,-0.1349870520675887
0.6999166666666666,-0.14798463064178613
0.7,-0.20128571883194385
0.7000833333333333,-0.1790886877745383
0.7001666666666667,-0.20931429820313302
0.70025,-0.007178704784733058
0.7003333333333334,0.20505488545185982
0.7004166666666667,0.17582808670787015
0.7005,0.43236503519825253
0.7005833333333333,0.2955162284429761
0.7006666666666667,-0.3457627080245654
0.70075,-0.17639213892138086
0.7008333333333333,-0.08807228743535371
0.7009166666666666,-0.41086521409809473
0.701,0.0011000192388075987
0.7010833333333333,0.041552126351651966
0.7011666666666667,-0.18433455274688346
0.70125,0.12415985284161565
0.7013333333333334,-0.12357698890112175
0.7014166666666667,-0.406671700597486
0.7015,-0.3300137857977928
0.7015833333333333,-0.3011096359216233
0.7016666666666667,0.03395962539964024
0.70175,0.16731487038166534
0.7018333333333333,0.33700832679616144
0.7019166666666666,0.5715444348372115
0.702,0.188259475922804
0.7020833333333333,0.16892309610724218
0.7021666666666667,0.31046992177721755
0.70225,0.037193911320616606
0.7023333333333334,0.3482006095313463
0.7024166666666667,0.6533494590340179
0.7025,0.33454143160715616
0.7025833333333333,0.38556959264941104
0.7026666666666667,0.5795535622189107
0.70275,0.23209818859100065
0.7028333333333333,0.08717753379515689
0.7029166666666666,0.15634366129230343
0.703,-0.16310227920838366
0.7030833333333333,-0.18414326686599117
0.7031666666666667,-0.05187916397870657
0.70325,-0.2943335577142947
0.7033333333333334,-0.4077650926100068
0.7034166666666667,-0.6197635654046292
0.7035,-0.7715428717224722
0.7035833333333333,-0.65513847834659
0.7036666666666667,-0.6890460937061813
0.70375,-0.32077844280816714
0.7038333333333333,0.007517040920101013
0.7039166666666666,-0.08384959037443059
0.704,-0.014672350423912923
0.7040833333333333,-0.13304320575878378
0.7041666666666667,-0.03135031605471451
0.70425,0.07475407989461726
0.7043333333333334,0.0001702075100842297
0.7044166666666667,0.39939759348836934
0.7045,0.33031577862179395
0.7045833333333333,0.17186310176170114
0.7046666666666667,0.11111800147878613
0.70475,-0.33786244891348166
0.7048333333333333,-0.026152837435662317
0.7049166666666666,0.25880233348199805
0.705,0.0034671030165320726
0.7050833333333333,-0.04894795179585019
0.7051666666666667,-0.14960639324584765
0.70525,0.017443445043873736
0.7053333333333334,0.08605684594528645
0.7054166666666667,-0.1866075052439682
0.7055,-0.19328674570325813
0.7055833333333333,-0.21516440012817714
0.7056666666666667,-0.2658571422598898
0.70575,-0.15038723544258326
0.7058333333333333,-0.06911173433245746
0.7059166666666666,-0.034180798533329525
0.706,0.19443043061776408
0.7060833333333333,0.2898693996219257
0.7061666666666667,0.05407487548778706
0.70625,0.21669829272045302
0.7063333333333334,0.2750816446798241
0.7064166666666667,0.062409514776988494
0.7065,0.33304421733609685
0.7065833333333333,0.4102594436036351
0.7066666666666667,0.32285957423116407
0.70675,0.3060884690542062
0.7068333333333333,-0.05835972175723785
0.7069166666666666,-0.20604194661150066
0.707,-0.10437082365872097
0.7070833333333333,-0.18801309981897438
0.7071666666666667,-0.18798301307667947
0.70725,0.007948556722999819
0.7073333333333334,0.24194119695052768
0.7074166666666667,0.33247125831669777
0.7075,0.19270706916126748
0.7075833333333333,0.11925782580602132
0.7076666666666667,0.10093751233593054
0.70775,0.024131952259164056
0.7078333333333333,0.1404857566198164
0.7079166666666666,0.14778137022120877
0.708,0.06175828812682538
0.7080833333333333,0.28047035002853105
0.7081666666666667,0.337658113052356
0.70825,0.09954295394535914
0.7083333333333334,-0.05738834645511353
0.7084166666666667,-0.28306418938838657
0.7085,-0.33223923514547976
0.7085833333333333,0.11354577575390065
0.7086666666666667,0.18603440176532085
0.70875,0.0714835875684007
0.7088333333333333,0.28506760761900896
0.7089166666666666,-0.08290280878604613
0.709,-0.4079432675526735
0.7090833333333333,-0.23609555519907297
0.7091666666666666,-0.2857770350234044
0.70925,-0.24439651210165056
0.7093333333333334,-0.033454689433263816
0.7094166666666667,0.15128293476958396
0.7095,0.1302514544255489
0.7095833333333333,0.1694404158753168
0.7096666666666667,0.34716802408963554
0.70975,0.07890176081701154
0.7098333333333333,-0.08262292370896393
0.7099166666666666,0.12970589486838072
0.71,0.22807455103587668
0.7100833333333333,0.2613021081882224
0.7101666666666666,0.20190319413390395
0.71025,-0.0008226031741842908
0.7103333333333334,-0.12382303727621434
0.7104166666666667,-0.07756949386928558
0.7105,-0.0669158505964714
0.7105833333333333,-0.05068337650496095
0.7106666666666667,0.08632921481870665
0.71075,0.05258716568345378
0.7108333333333333,-0.1630787690867875
0.7109166666666666,-0.20315428835979718
0.711,-0.052223796128229104
0.7110833333333333,0.025038509474137383
0.7111666666666666,0.002992739351766015
0.71125,-0.005375796472094538
0.7113333333333334,-0.1103355384494008
0.7114166666666667,-0.19273358666986595
0.7115,-0.052391790563582126
0.7115833333333333,-0.17609771098340124
0.7116666666666667,-0.40986184775307216
0.71175,-0.1269339804126573
0.7118333333333333,0.030226881471687075
0.7119166666666666,-0.051604250338088374
0.712,0.006048086246396872
0.7120833333333333,-0.13195745185171762
0.7121666666666666,-0.1964889724549361
0.71225,-0.17173839926743895
0.7123333333333334,-0.2594071669306472
0.7124166666666667,-0.2135716973208071
0.7125,-0.28159392948101597
0.7125833333333333,-0.4011890767519809
0.7126666666666667,-0.31155952902266393
0.71275,-0.24354103809823158
0.7128333333333333,-0.19695683547729184
0.7129166666666666,-0.1505650527676753
0.713,-0.19474022108480712
0.7130833333333333,-0.10200326827735995
0.7131666666666666,0.025285528942706713
0.71325,-0.017204261747268336
0.7133333333333334,0.03289058330752411
0.7134166666666667,0.014778260425286953
0.7135,0.047633311195920715
0.7135833333333333,0.27039897930403833
0.7136666666666667,0.10805359118129881
0.71375,0.04771301128617628
0.7138333333333333,0.18890584860595547
0.7139166666666666,-0.0517208898199702
0.714,0.04285528148691907
0.7140833333333333,0.39876218234111865
0.7141666666666666,0.40817945757890045
0.71425,0.40925427226175287
0.7143333333333334,0.3865417516202086
0.7144166666666667,0.3403087420784842
0.7145,0.3692852315338662
0.7145833333333333,0.43778927964538344
0.7146666666666667,0.3962685815498881
0.71475,0.04431895181944318
0.7148333333333333,-0.05417417754671792
0.7149166666666666,-0.012448704719112835
0.715,-0.03154087310265486
0.7150833333333333,0.015395310669189123
0.7151666666666666,-0.288763265503326
0.71525,-0.28557192169032863
0.7153333333333334,-0.2136398619609339
0.7154166666666667,-0.4621604307373783
0.7155,-0.3409136842450843
0.7155833333333333,-0.4270866048716262
0.7156666666666667,-0.5008034149953245
0.71575,-0.2984866439388157
0.7158333333333333,-0.24922380173810046
0.7159166666666666,-0.06451697575172173
0.716,-0.09698685612430252
0.7160833333333333,-0.08109634781832713
0.7161666666666666,0.1541313485509573
0.71625,-0.10917250497520466
0.7163333333333334,-0.11331127986860202
0.7164166666666667,0.22301096208203952
0.7165,0.1564658281551732
0.7165833333333333,0.3159921538267364
0.7166666666666667,0.3729015730178479
0.71675,0.008662940602888476
0.7168333333333333,-0.0411807160243871
0.7169166666666666,-0.1281023831896839
0.717,-0.1346820407114323
0.7170833333333333,0.022564946174039795
0.7171666666666666,-0.07824824096221633
0.71725,0.07489359794722111
0.7173333333333334,0.053933067340740416
0.7174166666666667,-0.17236291879747404
0.7175,-0.11190420483835045
0.7175833333333334,-0.2878545306452065
0.7176666666666667,-0.25338204458447494
0.71775,-0.1359673670487198
0.7178333333333333,-0.1743239742386625
0.7179166666666666,0.11402286454075633
0.718,0.0925434616310826
0.7180833333333333,0.09028088135780242
0.7181666666666666,0.27309235145108457
0.71825,0.29051923049562767
0.7183333333333334,0.6160092077966072
0.7184166666666667,0.6900970737877314
0.7185,0.6286244314572614
0.7185833333333334,0.7034241940198863
0.7186666666666667,0.49451983975236424
0.71875,0.4423669533581704
0.7188333333333333,0.37953724969191305
0.7189166666666666,0.28863662980409244
0.719,0.37816840451013206
0.7190833333333333,0.36107959841297005
0.7191666666666666,0.17915733893143596
0.71925,-0.031400952537844674
0.7193333333333334,0.006624937481324775
0.7194166666666667,-0.3008832605146046
0.7195,-0.43403467975732046
0.7195833333333334,-0.022665766569248548
0.7196666666666667,-0.33857213422612387
0.71975,-0.2905790299645518
0.7198333333333333,0.03672050526164922
0.7199166666666666,-0.3705850125095929
0.72,-0.3117409554411248
0.7200833333333333,-0.3959769394225886
0.7201666666666666,-0.6325678044460546
0.72025,-0.2797030510149089
0.7203333333333334,-0.17192249284323702
0.7204166666666667,-0.0677567184341158
0.7205,0.11686654863108446
0.7205833333333334,0.16481253828323475
0.7206666666666667,0.16777004865658482
0.72075,-0.07290245669448057
0.7208333333333333,-0.10100117102688266
0.7209166666666667,0.05114845139344233
0.721,0.016657659445841636
0.7210833333333333,0.05801735759962551
0.7211666666666666,0.12652292664469908
0.72125,-0.03622658633338787
0.7213333333333334,-0.1229245694807988
0.7214166666666667,-0.09624402125837657
0.7215,-0.4041890559136327
0.7215833333333334,-0.4826777679169645
0.7216666666666667,-0.32582714141009306
0.72175,-0.4273797886539802
0.7218333333333333,-0.12817287996166052
0.7219166666666667,0.12823391668603332
0.722,-0.0968875704245709
0.7220833333333333,-0.13734229928127686
0.7221666666666666,-0.2240510073414952
0.72225,-0.31533103326059164
0.7223333333333334,-0.15864301074517623
0.7224166666666667,-0.04800241651226669
0.7225,0.23204630503440382
0.7225833333333334,0.39382005019429883
0.7226666666666667,0.09098473073210628
0.72275,-0.012872504257512922
0.7228333333333333,-0.006177019162729332
0.7229166666666667,-0.10057340018128025
0.723,0.12302225598741107
0.7230833333333333,0.34608972095664126
0.7231666666666666,0.5116382267453304
0.72325,0.7880341910947374
0.7233333333333334,0.7348729502813066
0.7234166666666667,0.48728033304345153
0.7235,0.28577488088918235
0.7235833333333334,0.11319623434374197
0.7236666666666667,0.15443008358247523
0.72375,0.4446291128193466
0.7238333333333333,0.6644730863447033
0.7239166666666667,0.378316051331208
0.724,0.10247045459156584
0.7240833333333333,0.017212263027878264
0.7241666666666666,-0.3143612759846422
0.72425,-0.39088334907478406
0.7243333333333334,-0.3306889804596903
0.7244166666666667,-0.3392049111244795
0.7245,-0.27116174545859384
0.7245833333333334,-0.2669472444279286
0.7246666666666667,-0.25455818140001063
0.72475,-0.5243872377033434
0.7248333333333333,-0.5768749004737131
0.7249166666666667,-0.43744947421595365
0.725,-0.6350095532450524
0.7250833333333333,-0.3719852780611177
0.7251666666666666,-0.20379956889011383
0.72525,-0.3264636452889795
0.7253333333333334,-0.06572110887937853
0.7254166666666667,-0.07861401972051085
0.7255,-0.09825671018754763
0.7255833333333334,0.006464404023456385
0.7256666666666667,-0.12224694074097747
0.72575,-0.13781736423760443
0.7258333333333333,-0.17698813918748865
0.7259166666666667,0.007211717021949798
0.726,0.4007765927583203
0.7260833333333333,0.4610489028206676
0.7261666666666666,0.6064444440764972
0.72625,0.7325250251483789
0.7263333333333334,0.38787851131767315
0.7264166666666667,0.19270311542624796
0.7265,0.2283211667533929
0.7265833333333334,0.06737647823880646
0.7266666666666667,0.02549605228759549
0.72675,0.18086354939365193
0.7268333333333333,0.27187080898986166
0.7269166666666667,0.29793568396317116
0.727,0.34145631354785067
0.7270833333333333,0.1813629968840865
0.7271666666666666,-0.25868610458920066
0.72725,-0.21282470355908129
0.7273333333333334,0.07045372617026134
0.7274166666666667,0.0555194063322746
0.7275,0.2801127870368056
0.7275833333333334,0.25326733443618915
0.7276666666666667,0.1407823871534644
0.72775,0.31037879803811574
0.7278333333333333,-0.0909177220249256
0.7279166666666667,-0.3164462180390323
0.728,-0.11515137067177586
0.7280833333333333,-0.20491557767297583
0.7281666666666666,-0.20712950133630545
0.72825,-0.2243791133042354
0.7283333333333334,-0.22310022247508962
0.7284166666666667,-0.04774067141812625
0.7285,-0.09596529843147729
0.7285833333333334,-0.1254345395514531
0.7286666666666667,-0.07834017470667733
0.72875,-0.12806091105844886
0.7288333333333333,-0.04742574389405819
0.7289166666666667,0.05347103005199528
0.729,0.12491074061188143
0.7290833333333333,0.0717733075525218
0.7291666666666666,-0.03763261472601706
0.72925,0.08279314345545588
0.7293333333333333,-0.014593829065159762
0.7294166666666667,-0.15952174664383978
0.7295,-0.15287110297551587
0.7295833333333334,-0.3170098362091315
0.7296666666666667,-0.18028942995157188
0.72975,-0.2355043261211263
0.7298333333333333,-0.6717009034353176
0.7299166666666667,-0.44615929456567444
0.73,-0.2860134387884954
0.7300833333333333,-0.3937610614304756
0.7301666666666666,-0.16106832006391983
0.73025,-0.33598805322805225
0.7303333333333333,-0.30016497923962476
0.7304166666666667,0.01011844025148986
0.7305,-0.1641940205302937
0.7305833333333334,0.06451025489344049
0.7306666666666667,0.1412265140016417
0.73075,0.000549854136895011
0.7308333333333333,0.40989432033692197
0.7309166666666667,0.49314610495652744
0.731,0.5220869476593714
0.7310833333333333,0.5159644850441222
0.7311666666666666,0.10487681204305069
0.73125,0.23897140922431057
0.7313333333333333,0.5351723560673443
0.7314166666666667,0.5046722645391132
0.7315,0.5737820734331841
0.7315833333333334,0.5181132643417395
0.7316666666666667,0.5706999474817437
0.73175,0.5858988620160276
0.7318333333333333,0.24023812975670206
0.7319166666666667,0.21301465407409545
0.732,0.10621360803015692
0.7320833333333333,-0.13970803691784758
0.7321666666666666,-0.04318430213208362
0.73225,-0.09076831524014617
0.7323333333333333,-0.14644292417074417
0.7324166666666667,-0.32531103662977845
0.7325,-0.38148692391258227
0.7325833333333334,-0.11413426593498449
0.7326666666666667,-0.29465978760102207
0.73275,-0.12191186949725391
0.7328333333333333,0.20336598063848227
0.7329166666666667,-0.024360638053631027
0.733,0.20266902433177245
0.7330833333333333,0.223581851474516
0.7331666666666666,-0.1053982669419834
0.73325,0.01974020509220703
0.7333333333333333,-0.15566450268783646
0.7334166666666667,-0.38059706411916233
0.7335,-0.3207636673453603
0.7335833333333334,-0.49323011803466466
0.7336666666666667,-0.6416093770484991
0.73375,-0.5854078849841802
0.7338333333333333,-0.5694223988464694
0.7339166666666667,-0.6114638265125222
0.734,-0.5553703865696084
0.7340833333333333,-0.5399627015003446
0.7341666666666666,-0.44382501583643436
0.73425,-0.27286129743183984
0.7343333333333333,-0.3149937730390282
0.7344166666666667,-0.429972547184469
0.7345,-0.641652844724402
0.7345833333333334,-0.5802924286161492
0.7346666666666667,-0.33248516531367167
0.73475,-0.23483404761372734
0.7348333333333333,0.08288587569236922
0.7349166666666667,0.21561570286644846
0.735,0.33815046337284915
0.7350833333333333,0.658170450496117
0.7351666666666666,0.628945920235735
0.73525,0.6236647426109405
0.7353333333333333,0.6717570313079907
0.7354166666666667,0.6397359245445522
0.7355,0.7125250301359758
0.7355833333333334,0.6962260831269393
0.7356666666666667,0.562612104213862
0.73575,0.31019308382498456
0.7358333333333333,0.09522912588098342
0.7359166666666667,0.06274554283582295
0.736,-0.02653682268530525
0.7360833333333333,-0.1540275345730183
0.7361666666666666,-0.12277937231286665
0.73625,0.09208310636795804
0.7363333333333333,0.2588226962717055
0.7364166666666667,0.22738148811631273
0.7365,0.11781105541853194
0.7365833333333334,-0.057646774879301345
0.7366666666666667,-0.13494941899750515
0.73675,-0.15710814751259786
0.7368333333333333,-0.16083637268420917
0.7369166666666667,0.12183939243005257
0.737,0.3898298579684761
0.7370833333333333,0.3128158939339
0.7371666666666666,0.10541805222694091
0.73725,0.014830811410585086
0.7373333333333333,-0.12639031051673738
0.7374166666666667,-0.27130596848735283
0.7375,-0.1779026476356659
0.7375833333333334,0.01584353008394206
0.7376666666666667,0.22918703687358796
0.73775,0.31894228818410775
0.7378333333333333,0.3405333411391277
0.7379166666666667,0.1802227804065308
0.738,-0.11507434034982868
0.7380833333333333,-0.09437258631119845
0.7381666666666666,-0.11907266218847415
0.73825,-0.08445867427058779
0.7383333333333333,0.03344384426860506
0.7384166666666667,-0.03097691941022558
0.7385,0.09781195565439317
0.7385833333333334,-0.06581238316725563
0.7386666666666667,-0.44164143261332006
0.73875,-0.49913566045499114
0.7388333333333333,-0.5869955042271077
0.7389166666666667,-0.6053449148547633
0.739,-0.4370145793707018
0.7390833333333333,-0.46803508083021167
0.7391666666666666,-0.4977799447444549
0.73925,-0.2824467316816695
0.7393333333333333,-0.41202564855518986
0.7394166666666667,-0.3658868686011947
0.7395,-0.08059381081792566
0.7395833333333334,-0.19708332502869746
0.7396666666666667,0.19011195053018978
0.73975,0.4478625049952788
0.7398333333333333,0.32789126723980294
0.7399166666666667,0.4683894068756588
0.74,0.0787034854536811
0.7400833333333333,0.06700706769746434
0.7401666666666666,0.3394922996093265
0.74025,0.06984143724270528
0.7403333333333333,0.3657868256430028
0.7404166666666666,0.5653042061855361
0.7405,0.40355571071828467
0.7405833333333334,0.6433244113471933
0.7406666666666667,0.43476376722092713
0.74075,0.1183845003212467
0.7408333333333333,0.23685390807524284
0.7409166666666667,-0.030393593679678303
0.741,-0.13809076797185543
0.7410833333333333,0.12295254273009137
0.7411666666666666,-0.2146768311044794
0.74125,-0.44925014262552043
0.7413333333333333,-0.38191341291626507
0.7414166666666666,-0.4518673399738806
0.7415,-0.09608525645451177
0.7415833333333334,-0.011108052935601347
0.7416666666666667,-0.06260502028285898
0.74175,0.32478902162088186
0.7418333333333333,0.1670007541568511
0.7419166666666667,0.015819483029400862
0.742,0.11808162922972386
0.7420833333333333,-0.19275305101129384
0.7421666666666666,-0.08641715230358368
0.74225,0.2953580084711608
0.7423333333333333,0.16832909762699122
0.7424166666666666,0.247420941715267
0.7425,0.37323816415874783
0.7425833333333334,-0.001178900136931616
0.7426666666666667,-0.08758405000031058
0.74275,-0.11746735325836219
0.7428333333333333,-0.23052140803562035
0.7429166666666667,-0.049391834694544015
0.743,-0.0660698686530167
0.7430833333333333,-0.046134422375985085
0.7431666666666666,-0.04592685159283005
0.74325,-0.1353551234709286
0.7433333333333333,-0.009190260231995012
0.7434166666666666,-0.21171095463423703
0.7435,-0.24819315417709606
0.7435833333333334,0.006822883780266595
0.7436666666666667,-0.301295102144318
0.74375,-0.3503184189718316
0.7438333333333333,-0.16530423053908871
0.7439166666666667,-0.4152600489085046
0.744,-0.16555596884320825
0.7440833333333333,0.1465132510437082
0.7441666666666666,-0.1126773963456803
0.74425,-0.057909208619315665
0.7443333333333333,0.19051823298768478
0.7444166666666666,0.057900118326560356
0.7445,-0.0372004214107958
0.7445833333333334,0.15749427021946505
0.7446666666666667,-0.003081857006512986
0.74475,-0.2244963160972334
0.7448333333333333,0.049253360691216753
0.7449166666666667,0.19871337558018973
0.745,0.19476206477107758
0.7450833333333333,0.24413035630698127
0.7451666666666666,0.290058219410849
0.74525,0.3609681455399686
0.7453333333333333,0.4105989624717703
0.7454166666666666,0.3705400244152286
0.7455,0.1663420350473732
0.7455833333333334,0.14973259634432765
0.7456666666666667,0.10721395728646688
0.74575,-0.0933042430486391
0.7458333333333333,-0.157172573886913
0.7459166666666667,-0.17697722339099167
0.746,-0.07190899140990495
0.7460833333333333,-0.10160851474398698
0.7461666666666666,0.0926127783852779
0.74625,0.25835094547635845
0.7463333333333333,-0.21568964204513866
0.7464166666666666,-0.2835633149152073
0.7465,-0.22414505735268664
0.7465833333333334,-0.4210825852117787
0.7466666666666667,-0.3553857064266118
0.74675,-0.3552356994226329
0.7468333333333333,-0.3962755332701472
0.7469166666666667,-0.0793885108296762
0.747,0.3431516393835436
0.7470833333333333,0.13475567317515735
0.7471666666666666,0.07645245003137771
0.74725,0.5184071425754915
0.7473333333333333,0.1673965365880948
0.7474166666666666,-0.19661134170107972
0.7475,0.05001842843796835
0.7475833333333334,0.03310422857386576
0.7476666666666667,0.028672222217645954
0.74775,0.13418856152391853
0.7478333333333333,0.13188995761191633
0.7479166666666667,0.21248404240694152
0.748,0.2486254439092928
0.7480833333333333,0.2385142160397805
0.7481666666666666,0.15504202577763845
0.74825,-0.09643902862903166
0.7483333333333333,-0.1635758406827481
0.7484166666666666,-0.08481145704304752
0.7485,-0.14189323593933142
0.7485833333333334,-0.0455334418226347
0.7486666666666667,0.005180788939796377
0.74875,-0.19683538960861582
0.7488333333333334,-0.12098708029680703
0.7489166666666667,-0.07087996113465164
0.749,-0.19003702913543488
0.7490833333333333,0.006164298568745576
0.7491666666666666,0.07418126735369693
0.74925,0.09604689331630757
0.7493333333333333,0.31148240406885097
0.7494166666666666,0.2719770947595213
0.7495,0.2654174437511204
0.7495833333333334,0.28380578133818524
0.7496666666666667,0.0738083736891009
0.74975,-0.04287527483105161
0.7498333333333334,0.07933795895511578
0.7499166666666667,0.1311361307915647
0.75,-0.060537307361051056
0.7500833333333333,-0.07855310769347933
0.7501666666666666,-0.11278602665533084
0.75025,-0.13517457613552053
0.7503333333333333,0.16554249399381388
0.7504166666666666,0.1301021438003519
0.7505,-0.0734469677397507
0.7505833333333334,-0.0026873440613863495
0.7506666666666667,0.0190906534105229
0.75075,-0.051266324460583
0.7508333333333334,0.03487472716698002
0.7509166666666667,0.21053959562545244
0.751,-0.009714715684817389
0.7510833333333333,-0.25273597257537694
0.7511666666666666,-0.0849023935027169
0.75125,-0.19364551066294453
0.7513333333333333,-0.41300773457759526
0.7514166666666666,-0.05377640623361097
0.7515,0.17956296485889464
0.7515833333333334,-0.08012962108281224
0.7516666666666667,0.010251038350377769
0.75175,0.09130916413830402
0.7518333333333334,-0.28602011522317927
0.7519166666666667,-0.15919973403241763
0.752,0.08631166937412314
0.7520833333333333,-0.0790831628272258
0.7521666666666667,0.10760694913229
0.75225,0.1822707489632027
0.7523333333333333,-0.005449043213305988
0.7524166666666666,0.05720748142412019
0.7525,-0.00462631577847008
0.7525833333333334,-0.017594345006473843
0.7526666666666667,0.13893668376314997
0.75275,0.27029578138798416
0.7528333333333334,0.41568536519390864
0.7529166666666667,0.4377777624745189
0.753,0.3719689500638783
0.7530833333333333,0.28204434687774305
0.7531666666666667,0.1755703291070016
0.75325,-0.16064211017002308
0.7533333333333333,-0.46562483283602374
0.7534166666666666,-0.30693492979347864
0.7535,-0.22191831860813963
0.7535833333333334,-0.24944092808146331
0.7536666666666667,-0.03237316739538266
0.75375,0.16519081385856302
0.7538333333333334,0.017624771028176715
0.7539166666666667,-0.13708352027501194
0.754,-0.02785826892974972
0.7540833333333333,-0.291629453523376
0.7541666666666667,-0.33651134253922566
0.75425,0.060576301902796774
0.7543333333333333,-0.12160471453338138
0.7544166666666666,-0.06989704515724213
0.7545,0.12875339964744412
0.7545833333333334,-0.15133002185441993
0.7546666666666667,-0.205882442226998
0.75475,-0.23359366460800188
0.7548333333333334,-0.1577985065013561
0.7549166666666667,0.03155035386729854
0.755,0.18108132063656557
0.7550833333333333,0.40671466919216326
0.7551666666666667,0.2170274709236448
0.75525,-0.015934627427335726
0.7553333333333333,0.009492768459454936
0.7554166666666666,-0.19094662437840323
0.7555,-0.4162293521818828
0.7555833333333334,-0.28385417749127756
0.7556666666666667,-0.268692828475416
0.75575,-0.4172655454810701
0.7558333333333334,-0.16649280384352685
0.7559166666666667,-0.14812646120826856
0.756,-0.3979977455459144
0.7560833333333333,-0.22728752213643827
0.7561666666666667,-0.08583770426418418
0.75625,-0.1263941680943415
0.7563333333333333,-0.015036232820839171
0.7564166666666666,0.09150176385407673
0.7565,0.03831131775527034
0.7565833333333334,0.006441278008780862
0.7566666666666667,-0.008589338590128988
0.75675,0.08264794077365643
0.7568333333333334,0.19534633404590832
0.7569166666666667,0.07861359492875833
0.757,0.021389109446544603
0.7570833333333333,-0.03680400453217945
0.7571666666666667,-0.04867425054599404
0.75725,-0.03320777840413034
0.7573333333333333,0.07897581330979168
0.7574166666666666,0.47653659522324693
0.7575,0.43066836992597946
0.7575833333333334,0.3760748906167273
0.7576666666666667,0.4570077163582815
0.75775,0.18322251726764016
0.7578333333333334,0.2270803394483485
0.7579166666666667,0.1696327078098864
0.758,-0.21841810584308158
0.7580833333333333,-0.31018506115768113
0.7581666666666667,-0.10492971884776277
0.75825,0.0286061742397111
0.7583333333333333,0.00549006234011512
0.7584166666666666,0.2642552232080255
0.7585,0.2622509003537039
0.7585833333333334,-0.029233199771535184
0.7586666666666667,0.12375335186498407
0.75875,0.15170516873649317
0.7588333333333334,0.021716713037893878
0.7589166666666667,0.1590790976280475
0.759,0.17256167918928503
0.7590833333333333,0.04212985373536077
0.7591666666666667,0.01845404070652249
0.75925,-0.09262970851662235
0.7593333333333333,-0.2305620395355001
0.7594166666666666,-0.29395891126205936
0.7595,-0.3166365361090115
0.7595833333333334,-0.13074132629884685
0.7596666666666667,-0.1507256891481353
0.75975,-0.21385435076623385
0.7598333333333334,-0.04210311475040638
0.7599166666666667,-0.25473597850676344
0.76,-0.2822248516720448
0.7600833333333333,-0.10848160749806789
0.7601666666666667,-0.4375567805458867
0.76025,-0.3409468985612961
0.7603333333333333,-0.05440299401208462
0.7604166666666666,-0.3363294474935264
0.7605,-0.22381535553470286
0.7605833333333333,0.021388408140233926
0.7606666666666667,-0.1396021450702312
0.76075,-0.018357393331524814
0.7608333333333334,0.11981516702847561
0.7609166666666667,-0.06591353259633673
0.761,-0.14045358877211842
0.7610833333333333,0.09620463444431349
0.7611666666666667,0.2525221590385804
0.76125,0.19828303562146204
0.7613333333333333,0.3115736668952935
0.7614166666666666,0.4011580756307005
0.7615,0.35436042465924134
0.7615833333333333,0.37742929995923064
0.7616666666666667,0.3973346602148017
0.76175,0.3047028258354303
0.7618333333333334,0.25847837964133347
0.7619166666666667,0.21182401335698403
0.762,-0.033498437637229816
0.7620833333333333,0.028743938645780218
0.7621666666666667,0.17408526608342198
0.76225,0.16230083907514994
0.7623333333333333,0.3494181489012751
0.7624166666666666,0.0830883721577472
0.7625,-0.28628953759701026
0.7625833333333333,-0.2555160821015907
0.7626666666666667,-0.43017662259270034
0.76275,-0.4731521336900831
0.7628333333333334,-0.2665279554824041
0.7629166666666667,-0.3197768782422653
0.763,-0.28781119492092516
0.7630833333333333,-0.09175892851031708
0.7631666666666667,-0.2556335360273267
0.76325,-0.3660706649812535
0.7633333333333333,-0.3037191143493942
0.7634166666666666,-0.21397942872770906
0.7635,0.02213839766905882
0.7635833333333333,0.028522936282311846
0.7636666666666667,0.17811992147563427
0.76375,0.2479753113026379
0.7638333333333334,0.044075446833887914
0.7639166666666667,0.09332436668272638
0.764,0.02336587791535737
0.7640833333333333,-0.027658735063682736
0.7641666666666667,0.0130432814768352
0.76425,0.12861319617082304
0.7643333333333333,0.19289034173902958
0.7644166666666666,0.10244284104177656
0.7645,0.13548034757806968
0.7645833333333333,-0.1054605690553139
0.7646666666666667,-0.05452072331237099
0.76475,-0.05574287549137804
0.7648333333333334,-0.38619979380286706
0.7649166666666667,0.0036230211078037136
0.765,0.012851995727014651
0.7650833333333333,-0.20909312228782007
0.7651666666666667,0.021699844880365284
0.76525,-0.13891297067587774
0.7653333333333333,-0.20916123133144174
0.7654166666666666,-0.10074135686776083
0.7655,-0.03610422071558698
0.7655833333333333,0.23509993161547238
0.7656666666666667,0.31518946189507585
0.76575,0.2420722887801056
0.7658333333333334,0.37890382128033123
0.7659166666666667,0.30873387368316296
0.766,0.24287591515776943
0.7660833333333333,0.4707536760453251
0.7661666666666667,0.23573583503896287
0.76625,0.14355092514584236
0.7663333333333333,0.3822810198390679
0.7664166666666666,0.12198564490391975
0.7665,0.16827341325060416
0.7665833333333333,0.38908378169432173
0.7666666666666667,0.1868398082618041
0.76675,0.2742811203967668
0.7668333333333334,0.23180752171040972
0.7669166666666667,-0.17460342293620676
0.767,-0.08485063047924062
0.7670833333333333,-9.738791657942157e-05
0.7671666666666667,-0.37674755057753323
0.76725,-0.38237265907083823
0.7673333333333333,-0.2140080173732714
0.7674166666666666,-0.2953104453883001
0.7675,-0.0379367835298194
0.7675833333333333,0.15945073167665116
0.7676666666666667,-0.1296704166212584
0.76775,-0.25421971150356193
0.7678333333333334,-0.10875653174845573
0.7679166666666667,-0.17527996445063712
0.768,-0.17693513418681922
0.7680833333333333,0.2781560866322156
0.7681666666666667,0.3187455101534749
0.76825,0.10438335486380217
0.7683333333333333,0.23350991957812198
0.7684166666666666,0.08310841585124541
0.7685,-0.2793818582340799
0.7685833333333333,-0.49428456481548644
0.7686666666666667,-0.36005252782931285
0.76875,-0.21335948946735656
0.7688333333333334,-0.1285068461280013
0.7689166666666667,0.12158870743319808
0.769,-0.1419459282255009
0.7690833333333333,-0.35614280931474857
0.7691666666666667,-0.2553352350368633
0.76925,-0.5184409998213154
0.7693333333333333,-0.4592184462044012
0.7694166666666666,-0.22090738457490944
0.7695,-0.22556826210978403
0.7695833333333333,0.0016198829792859672
0.7696666666666667,-0.08946058134428574
0.76975,-0.3953041727115306
0.7698333333333334,-0.27361572269392737
0.7699166666666667,-0.33810835348309426
0.77,-0.2735450316518925
0.7700833333333333,0.26608690502303717
0.7701666666666667,0.3335239442234066
0.77025,0.2768187084310249
0.7703333333333333,0.49067782867309634
0.7704166666666666,0.35636539763898795
0.7705,0.31907079967216956
0.7705833333333333,0.3943264474218519
0.7706666666666667,0.288634074862652
0.77075,0.47577588750623384
0.7708333333333334,0.4734143015642959
0.7709166666666667,0.4377911694124442
0.771,0.657723174120531
0.7710833333333333,0.37028502008284814
0.7711666666666667,0.16353787234782255
0.77125,0.11887367571403136
0.7713333333333333,-0.19763110513802148
0.7714166666666666,0.079518639265922
0.7715,0.32359797426503306
0.7715833333333333,-0.0939790253673425
0.7716666666666666,-0.0333259203967538
0.77175,0.09623622868532003
0.7718333333333334,-0.15778489551455605
0.7719166666666667,-0.07497535119494592
0.772,0.010893156029651425
0.7720833333333333,-0.0031092035106191516
0.7721666666666667,0.030813812321777476
0.77225,0.023483486719664853
0.7723333333333333,0.014232727049695047
0.7724166666666666,-0.1107781369357903
0.7725,-0.17097060474800754
0.7725833333333333,-0.20667586191865697
0.7726666666666666,-0.0941909726603212
0.77275,0.189925198716715
0.7728333333333334,0.159460817937504
0.7729166666666667,0.09212309433954374
0.773,0.11578217804357827
0.7730833333333333,-0.11299434255601612
0.7731666666666667,-0.1388620865762987
0.77325,0.08300604656910135
0.7733333333333333,-0.0391863515519675
0.7734166666666666,-0.06967171005783857
0.7735,0.12940795870931154
0.7735833333333333,-0.09011046562227178
0.7736666666666666,-0.25846331446487114
0.77375,-0.17940994630168852
0.7738333333333334,-0.4919743529236431
0.7739166666666667,-0.3964796023001988
0.774,-0.07167037161573483
0.7740833333333333,-0.32682626212413296
0.7741666666666667,-0.06787132054329718
0.77425,-0.09693564086343023
0.7743333333333333,-0.3615965710006562
0.7744166666666666,0.020090604953407885
0.7745,-0.42281114684315624
0.7745833333333333,-0.2859690637389569
0.7746666666666666,0.16706502190850667
0.77475,-0.3333952326502589
0.7748333333333334,0.27203129561029615
0.7749166666666667,0.24848423853817056
0.775,-0.2900178550348299
0.7750833333333333,0.5314692920171054
0.7751666666666667,0.2621094080399672
0.77525,-0.03448735548873294
0.7753333333333333,0.409391835111825
0.7754166666666666,0.037905826273921146
0.7755,0.12747598137959917
0.7755833333333333,0.14601440047366984
0.7756666666666666,-0.023794068460057813
0.77575,0.24232398711146602
0.7758333333333334,0.02975857067662565
0.7759166666666667,0.17570471740239177
0.776,0.28697032932909183
0.7760833333333333,0.0762589684869923
0.7761666666666667,0.22314258173400278
0.77625,-0.20002492044185996
0.7763333333333333,-0.447864952521122
0.7764166666666666,-0.3808445509830859
0.7765,-0.583328016495925
0.7765833333333333,-0.20495116330297633
0.7766666666666666,0.1795614515122497
0.77675,0.18764934616155582
0.7768333333333334,0.22942541517665765
0.7769166666666667,0.28120835011831413
0.777,0.11969476910276207
0.7770833333333333,-0.10738298685386105
0.7771666666666667,0.20597115596773163
0.77725,0.19430079589582058
0.7773333333333333,-0.05684074226991224
0.7774166666666666,0.29604262074688714
0.7775,0.25655830849311606
0.7775833333333333,0.2791065039588028
0.7776666666666666,0.49553869888173613
0.77775,-0.0172257024852343
0.7778333333333334,-0.23865981542809198
0.7779166666666667,-0.20449937520469724
0.778,-0.271921473298886
0.7780833333333333,0.04831363222483522
0.7781666666666667,0.1262001748366375
0.77825,0.03281967751802727
0.7783333333333333,0.026223241667625852
0.7784166666666666,-0.17224085107824896
0.7785,-0.25066299891489596
0.7785833333333333,-0.304514352624892
0.7786666666666666,-0.3236946958573934
0.77875,-0.08528290820759597
0.7788333333333334,-0.18955543712612974
0.7789166666666667,-0.3475626839678783
0.779,-0.0652931955748595
0.7790833333333333,-0.19336828632254366
0.7791666666666667,-0.2535822213007933
0.77925,-0.00236330727971592
0.7793333333333333,-0.25331121195146744
0.7794166666666666,-0.10696181435696667
0.7795,0.08284457430061472
0.7795833333333333,-0.05151130164280452
0.7796666666666666,0.3367963261770512
0.77975,0.34680379261122724
0.7798333333333334,0.34310482666110553
0.7799166666666667,0.604413223596766
0.78,0.34161991086210175
0.7800833333333334,0.3087075519499527
0.7801666666666667,0.1340579249283038
0.78025,-0.2516368151731425
0.7803333333333333,-0.17737225863329428
0.7804166666666666,-0.23886292816868834
0.7805,-0.07373140105912117
0.7805833333333333,0.321306029350371
0.7806666666666666,0.26086202936579467
0.78075,0.12706097701736352
0.7808333333333334,-0.01928957687483034
0.7809166666666667,-0.19051383010907846
0.781,-0.23944960511443805
0.7810833333333334,-0.10793090258841069
0.7811666666666667,0.15130726095144253
0.78125,0.11662426815745197
0.7813333333333333,0.2230012891866599
0.7814166666666666,0.21646833792736403
0.7815,-0.3178373921676183
0.7815833333333333,-0.27164199117400206
0.7816666666666666,-0.2320467490177179
0.78175,-0.4725901705247211
0.7818333333333334,-0.001729056300132336
0.7819166666666667,0.25498831163815855
0.782,0.27244218543564735
0.7820833333333334,0.4835457831358162
0.7821666666666667,0.32044682491222426
0.78225,0.3056612098004935
0.7823333333333333,0.30230281802625164
0.7824166666666666,0.08695601018446955
0.7825,0.21170257284486246
0.7825833333333333,0.2540940972077672
0.7826666666666666,0.15539106818065648
0.78275,0.14624809512135978
0.7828333333333334,-0.019332377481665185
0.7829166666666667,-0.18991975286928106
0.783,-0.24791056996423325
0.7830833333333334,-0.27789074165337374
0.7831666666666667,-0.10850174935397572
0.78325,0.09587997808667068
0.7833333333333333,0.04265895968189133
0.7834166666666667,-0.06428116679123988
0.7835,-0.19443100117744153
0.7835833333333333,-0.24256886383020795
0.7836666666666666,-0.26982544393686486
0.78375,-0.33332894836227295
0.7838333333333334,-0.20867129263111395
0.7839166666666667,-0.3004563112378289
0.784,-0.281217107611281
0.7840833333333334,-0.03383323811456055
0.7841666666666667,-0.255787853495182
0.78425,-0.39549528875039086
0.7843333333333333,-0.2893856915536658
0.7844166666666667,-0.37428377822450476
0.7845,-0.38576559988563286
0.7845833333333333,-0.23790712913633044
0.7846666666666666,-0.10013315570305369
0.78475,-0.10342575695321388
0.7848333333333334,-0.10278154402907687
0.7849166666666667,-0.03672220533331621
0.785,-0.15209128842533845
0.7850833333333334,-0.08452396654226514
0.7851666666666667,0.13801098363722522
0.78525,0.13110592239934396
0.7853333333333333,0.32451344244306685
0.7854166666666667,0.4080309090937102
0.7855,0.3064103393316968
0.7855833333333333,0.4385196584257146
0.7856666666666666,0.36097348761946235
0.78575,0.23053622271417598
0.7858333333333334,0.13197177119468115
0.7859166666666667,0.08730381952462862
0.786,0.16876408333153955
0.7860833333333334,0.08421286464866815
0.7861666666666667,0.11890270614426454
0.78625,-0.03512721902812562
0.7863333333333333,-0.2789046867321984
0.7864166666666667,-0.10815193615151716
0.7865,-0.06965182408051446
0.7865833333333333,-0.053984329480092214
0.7866666666666666,0.04818588579282491
0.78675,-0.15651118674585637
0.7868333333333334,-0.2502845124343776
0.7869166666666667,-0.11435764587158129
0.787,-0.11265946484868725
0.7870833333333334,-0.0255563363417601
0.7871666666666667,0.07576238751068815
0.78725,0.031204932208220418
0.7873333333333333,0.17869805936721245
0.7874166666666667,0.23936481624891454
0.7875,0.17568461596883378
0.7875833333333333,0.3149395124856227
0.7876666666666666,0.24568465607989415
0.78775,0.1564195019307315
0.7878333333333334,0.2790019923735912
0.7879166666666667,0.14876524804577831
0.788,0.07906508489400633
0.7880833333333334,0.10074357627434959
0.7881666666666667,-0.25500899930676285
0.78825,-0.49514102164861407
0.7883333333333333,-0.5047588616349169
0.7884166666666667,-0.5369806280144884
0.7885,-0.2979741445130802
0.7885833333333333,-0.11114269996540667
0.7886666666666666,-0.2138289430898906
0.78875,-0.2839295778012768
0.7888333333333334,-0.297174709809286
0.7889166666666667,-0.2602016243615479
0.789,-0.09086317136960624
0.7890833333333334,0.05569061409730757
0.7891666666666667,0.02309464476214354
0.78925,0.05992975323080751
0.7893333333333333,0.045813954060521404
0.7894166666666667,0.022435707531266988
0.7895,0.14853697764223955
0.7895833333333333,-0.08792310157927402
0.7896666666666666,-0.23441623101652687
0.78975,0.0034589897855029873
0.7898333333333334,0.18743556451760746
0.7899166666666667,0.46374555826050473
0.79,0.4505043334193929
0.7900833333333334,0.22179810305758563
0.7901666666666667,0.21042715899077005
0.79025,-0.04643990770278407
0.7903333333333333,-0.14944076687316138
0.7904166666666667,-0.07382336428111592
0.7905,-0.358577548835577
0.7905833333333333,-0.255719215924596
0.7906666666666666,-0.04565000983992715
0.79075,-0.1216517008332664
0.7908333333333334,0.0774614190132635
0.7909166666666667,0.06392527234047518
0.791,-0.06363021373683746
0.7910833333333334,0.01909956182840754
0.7911666666666667,-0.038675279550908846
0.79125,0.042088796442202106
0.7913333333333333,0.25897019690695344
0.7914166666666667,0.42119652091265847
0.7915,0.4882850850737098
0.7915833333333333,0.3848276412314825
0.7916666666666666,0.20694167308697395
0.79175,-0.1513429876231299
0.7918333333333333,-0.31986313417257595
0.7919166666666667,-0.22873280859689388
0.792,-0.2251409574964341
0.7920833333333334,-0.03890920177369448
0.7921666666666667,0.03958953794607421
0.79225,0.021459459118664568
0.7923333333333333,0.1097751867440867
0.7924166666666667,0.005317101000506224
0.7925,0.0075927644499029666
0.7925833333333333,-0.02341761201758638
0.7926666666666666,-0.12212297871674274
0.79275,-0.029429994698378127
0.7928333333333333,-0.03517367507892443
0.7929166666666667,-0.036785522905668736
0.793,0.0985829263140494
0.7930833333333334,0.19740842537140427
0.7931666666666667,0.14335581856908805
0.79325,0.14167038666520362
0.7933333333333333,0.16009174650336527
0.7934166666666667,0.03064630363766125
0.7935,0.1331666570305071
0.7935833333333333,0.21522744701446103
0.7936666666666666,0.1022885261866675
0.79375,0.1518187259743985
0.7938333333333333,0.19035982611577568
0.7939166666666667,0.1523701844433332
0.794,0.004040437903994235
0.7940833333333334,-0.1664388485967491
0.7941666666666667,-0.10973137690159654
0.79425,0.010109424512974776
0.7943333333333333,0.11329926380158518
0.7944166666666667,0.1978815633200875
0.7945,0.14544325507738326
0.7945833333333333,0.10164075414355217
0.7946666666666666,0.12830670344184172
0.79475,-0.05748331224211597
0.7948333333333333,-0.15354512006227114
0.7949166666666667,-0.0854043678951663
0.795,-0.2462274830865914
0.7950833333333334,-0.02659648743244557
0.7951666666666667,0.2737743060300473
0.79525,-0.006882125476707719
0.7953333333333333,-0.07194064872733455
0.7954166666666667,-0.08019321435847938
0.7955,-0.35914108599004646
0.7955833333333333,-0.33064458285391995
0.7956666666666666,-0.1790693050940907
0.79575,-0.19319536530483478
0.7958333333333333,-0.20605149634491357
0.7959166666666667,-0.09773173752665358
0.796,-0.01347502001831951
0.7960833333333334,-0.15569169879475234
0.7961666666666667,-0.23869419568604977
0.79625,-0.18722715408723992
0.7963333333333333,-0.14788259144972635
0.7964166666666667,0.02518370284029929
0.7965,0.12069091284053905
0.7965833333333333,0.0682909590783041
0.7966666666666666,0.09660374138360449
0.79675,0.12825081664614105
0.7968333333333333,0.17835635136636263
0.7969166666666667,0.2471925913735919
0.797,0.11246648076425379
0.7970833333333334,-0.04227152301318393
0.7971666666666667,0.07596823108137264
0.79725,0.059049225261236946
0.7973333333333333,-0.07863372165150213
0.7974166666666667,0.008422710326352993
0.7975,-0.07092551474810833
0.7975833333333333,-0.23360543362420738
0.7976666666666666,-0.2701505309348804
0.79775,-0.2566628587901913
0.7978333333333333,-0.10790791747335898
0.7979166666666667,-0.10207810085003183
0.798,0.018343713951061144
0.7980833333333334,0.26730787034489956
0.7981666666666667,0.09948361144537331
0.79825,0.09470239838242055
0.7983333333333333,0.28958125115096867
0.7984166666666667,0.06261461537887182
0.7985,-0.0878980055856532
0.7985833333333333,0.11489826948242265
0.7986666666666666,0.1786530409100475
0.79875,0.08156664969731993
0.7988333333333333,0.23173334221885739
0.7989166666666667,0.3684139805308169
0.799,0.1510105357863865
0.7990833333333334,0.08429959156993197
0.7991666666666667,0.13219785340028212
0.79925,-0.03555209424047389
0.7993333333333333,0.0029653050774387226
0.7994166666666667,0.23628094416582754
0.7995,0.2815065107455922
0.7995833333333333,0.23904412365086575
0.7996666666666666,0.07926558735056845
0.79975,-0.21522109072128115
0.7998333333333333,-0.2955093728145878
0.7999166666666667,-0.3532710180912007
0.8,-0.2153649356935968
0.8000833333333334,0.20677038877001094
0.8001666666666667,0.12784569668626866
0.80025,0.05297203610404428
0.8003333333333333,0.08251766505774515
0.8004166666666667,-0.07318500978498799
0.8005,-0.028982077143082062
0.8005833333333333,-0.2455490739925382
0.8006666666666666,-0.3702850232594297
0.80075,-0.2979672437062658
0.8008333333333333,-0.16923474352974252
0.8009166666666667,0.09202477108471853
0.801,-0.18769847986543753
0.8010833333333334,-0.3106334649672912
0.8011666666666667,-0.2408476000065353
0.80125,-0.41045508458635005
0.8013333333333333,-0.28944309900327714
0.8014166666666667,-0.21566974879519404
0.8015,-0.042756948315635146
0.8015833333333333,0.21272027218288195
0.8016666666666666,0.2006067318249228
0.80175,0.3744041158390143
0.8018333333333333,0.46556327991240165
0.8019166666666667,0.16505769269672396
0.802,-0.016033184493347473
0.8020833333333334,0.06612210947989594
0.8021666666666667,0.12143187615241953
0.80225,0.2031654029545857
0.8023333333333333,0.27257050055652
0.8024166666666667,0.09387048999683051
0.8025,-0.028734013206492832
0.8025833333333333,-0.1539756057878471
0.8026666666666666,-0.4603485225517004
0.80275,-0.44875417921271255
0.8028333333333333,-0.2777676728481037
0.8029166666666666,-0.2516308046245026
0.803,-0.12668235952173293
0.8030833333333334,-0.09886023685611445
0.8031666666666667,-0.1801118509794537
0.80325,-0.15436969204652123
0.8033333333333333,-0.23188669802625797
0.8034166666666667,-0.2728146976499579
0.8035,-0.10403830933650347
0.8035833333333333,0.1266474975046915
0.8036666666666666,0.31441472409724947
0.80375,0.37858201788445744
0.8038333333333333,0.39811331847543135
0.8039166666666666,0.41165207893893485
0.804,0.383221402270336
0.8040833333333334,0.30312288961979483
0.8041666666666667,0.4132317622272859
0.80425,0.530580522686464
0.8043333333333333,0.48551196720555356
0.8044166666666667,0.6960714554977068
0.8045,0.5035799263995737
0.8045833333333333,-0.033294007602114636
0.8046666666666666,-0.06640038415224533
0.80475,-0.10939628611742808
0.8048333333333333,-0.21908246504559595
0.8049166666666666,-0.13753874714591535
0.805,-0.17028338087943026
0.8050833333333334,-0.33578747890976723
0.8051666666666667,-0.30285212953006513
0.80525,-0.23921006023503857
0.8053333333333333,-0.4957775338790855
0.8054166666666667,-0.5164739300979082
0.8055,-0.28363148575908315
0.8055833333333333,-0.14847341856160115
0.8056666666666666,-0.017408530992216495
0.80575,0.05499988505709489
0.8058333333333333,0.24623216595406
0.8059166666666666,0.17589906557476465
0.806,-0.13146373784069237
0.8060833333333334,0.003577458459057158
0.8061666666666667,0.02716019350976507
0.80625,-0.08020065594717313
0.8063333333333333,0.2551497548970516
0.8064166666666667,0.3830742760727919
0.8065,0.2322364472151491
0.8065833333333333,0.2788999755299652
0.8066666666666666,0.034729056122892975
0.80675,-0.2441650804782034
0.8068333333333333,-0.1423530872419863
0.8069166666666666,-0.24841797747527997
0.807,-0.215654429622551
0.8070833333333334,-0.08898330180103224
0.8071666666666667,-0.4503050102587121
0.80725,-0.4943757507102828
0.8073333333333333,-0.3586370295599536
0.8074166666666667,-0.530031883799376
0.8075,-0.2919924731473682
0.8075833333333333,0.020973701965683083
0.8076666666666666,-0.0038421415477965177
0.80775,0.14691486219711616
0.8078333333333333,0.17883418675714713
0.8079166666666666,0.0376221702082419
0.808,0.07449259651049009
0.8080833333333334,0.05838973485368507
0.8081666666666667,0.2711434550698515
0.80825,0.3946578254082603
0.8083333333333333,0.3470311005170167
0.8084166666666667,0.45019425484794556
0.8085,-0.06407548645100603
0.8085833333333333,-0.3502187372131634
0.8086666666666666,-0.13829968770704773
0.80875,-0.11260099470399959
0.8088333333333333,0.15954422955113076
0.8089166666666666,0.08165835386079427
0.809,-0.05903263145490678
0.8090833333333334,0.0033968449410792063
0.8091666666666667,-0.20030334367219832
0.80925,-0.1886788457278668
0.8093333333333333,-0.2464439451507942
0.8094166666666667,-0.21003348884713455
0.8095,0.026224625912435275
0.8095833333333333,0.028117997859235754
0.8096666666666666,0.11143275327895115
0.80975,-0.015184919452084635
0.8098333333333333,-0.22527496737997013
0.8099166666666666,-0.16712820940502413
0.81,-0.202907120145178
0.8100833333333334,-0.1313541757490343
0.8101666666666667,0.11491094927709128
0.81025,0.3619382288266359
0.8103333333333333,0.4531507880932309
0.8104166666666667,0.33778762214855895
0.8105,0.3349275807061083
0.8105833333333333,0.08335237938613134
0.8106666666666666,0.02940241336790395
0.81075,0.4157526146467298
0.8108333333333333,0.1301722931001183
0.8109166666666666,0.004353493704834995
0.811,0.20475211937034613
0.8110833333333334,0.028534009714905932
0.8111666666666667,0.07734439768612544
0.81125,-0.07101336359570114
0.8113333333333334,-0.31010387512661636
0.8114166666666667,-0.23429266411443117
0.8115,-0.1797120323404789
0.8115833333333333,-0.0745552707596357
0.8116666666666666,-0.01647278107923473
0.81175,-0.000516400876438447
0.8118333333333333,0.024395385467317333
0.8119166666666666,0.011101983721341442
0.812,0.0375437638933561
0.8120833333333334,0.08159083752540429
0.8121666666666667,0.018336744187749318
0.81225,0.027890594733026436
0.8123333333333334,0.2573542943744871
0.8124166666666667,0.41007236980550976
0.8125,0.43988769184881105
0.8125833333333333,0.3790364900876164
0.8126666666666666,0.24512407943163744
0.81275,0.14008554873749704
0.8128333333333333,0.134960158846015
0.8129166666666666,0.11594920006481885
0.813,-0.006061603508257325
0.8130833333333334,0.11548501236835046
0.8131666666666667,0.24933240091578623
0.81325,0.05152579863567169
0.8133333333333334,-0.1403649599952832
0.8134166666666667,-0.10149836990463797
0.8135,-0.04148838456143323
0.8135833333333333,-0.23625506022133994
0.8136666666666666,-0.33625181188561176
0.81375,-0.2616625511050578
0.8138333333333333,-0.4337749412102797
0.8139166666666666,-0.5951342834939773
0.814,-0.520852760301801
0.8140833333333334,-0.5141572391888676
0.8141666666666667,-0.4544964867937586
0.81425,-0.15990247400272337
0.8143333333333334,-0.02775717602769695
0.8144166666666667,0.06923245257324262
0.8145,0.3435396659488978
0.8145833333333333,0.39448142874401626
0.8146666666666667,0.3280315342412905
0.81475,0.3220246652141604
0.8148333333333333,0.20582399981161562
0.8149166666666666,0.12293233867082926
0.815,0.02415702515320814
0.8150833333333334,-0.17329748356279037
0.8151666666666667,-0.16889421872712132
0.81525,-0.3167297812523865
0.8153333333333334,-0.29179602631346585
0.8154166666666667,0.11765474384636511
0.8155,-0.03690191715695166
0.8155833333333333,0.12227512450507216
0.8156666666666667,0.28452551589624
0.81575,-0.15746840015719082
0.8158333333333333,0.12147544650382877
0.8159166666666666,-0.031305357227894515
0.816,-0.38559662023568353
0.8160833333333334,-0.05993981855787147
0.8161666666666667,-0.4874963194341172
0.81625,-0.575925939738514
0.8163333333333334,-0.15155358842749828
0.8164166666666667,-0.37813226497717634
0.8165,-0.3898557304953248
0.8165833333333333,-0.28943952270359935
0.8166666666666667,-0.32853102986862587
0.81675,-0.2897647044167014
0.8168333333333333,-0.11335064967081104
0.8169166666666666,0.16744025685840716
0.817,0.15396818920891372
0.8170833333333334,0.2548983097130092
0.8171666666666667,0.15345907672329162
0.81725,-0.12947472911222282
0.8173333333333334,-0.016302153941292252
0.8174166666666667,-0.05812742790491376
0.8175,0.15514377493027917
0.8175833333333333,0.4131821611186017
0.8176666666666667,0.4057998734556853
0.81775,0.6167496173720163
0.8178333333333333,0.44821792294658813
0.8179166666666666,0.29529674145161716
0.818,0.3792677795310916
0.8180833333333334,0.01826377709975801
0.8181666666666667,-0.06017733656889785
0.81825,0.11434317544847597
0.8183333333333334,-0.2115048066092378
0.8184166666666667,-0.24576778954806203
0.8185,-0.24631649909905326
0.8185833333333333,-0.6347626103716587
0.8186666666666667,-0.5045016289190196
0.81875,-0.43517733148380205
0.8188333333333333,-0.616020288759223
0.8189166666666666,-0.516033971765517
0.819,-0.26493090817546694
0.8190833333333334,-0.07533155517893782
0.8191666666666667,-0.26657623604080133
0.81925,-0.21006930387862466
0.8193333333333334,-0.0006569595096772441
0.8194166666666667,-0.0045323576427879495
0.8195,0.2943875688898902
0.8195833333333333,0.534434851292056
0.8196666666666667,0.7128125221838265
0.81975,0.8728775885328484
0.8198333333333333,0.7900025910051764
0.8199166666666666,0.8100979065236675
0.82,0.727784211802234
0.8200833333333334,0.6251176208111352
0.8201666666666667,0.6933667413643695
0.82025,0.5725453230617583
0.8203333333333334,0.5260712836113557
0.8204166666666667,0.6281038622530086
0.8205,0.3750289127979045
0.8205833333333333,-0.048186146368280315
0.8206666666666667,-0.15758199360235742
0.82075,-0.3008413250186048
0.8208333333333333,-0.5363933985381264
0.8209166666666666,-0.5340218505199681
0.821,-0.5236562557795655
0.8210833333333334,-0.4434688769618532
0.8211666666666667,-0.29836019939320824
0.82125,-0.1632810965299955
0.8213333333333334,-0.2191467314848491
0.8214166666666667,-0.42912267084770533
0.8215,-0.3274728904335939
0.8215833333333333,-0.3442005764710875
0.8216666666666667,-0.2480055950462616
0.82175,0.08925976450434223
0.8218333333333333,0.0964605086044151
0.8219166666666666,0.24436912360865967
0.822,0.3322340630467516
0.8220833333333334,0.22214939954330182
0.8221666666666667,0.2831966315587084
0.82225,0.2635724088348335
0.8223333333333334,0.2826692931604644
0.8224166666666667,0.31792802757969063
0.8225,0.21478197236837712
0.8225833333333333,0.07800352800492115
0.8226666666666667,-0.12802398107516522
0.82275,-0.3781111316178827
0.8228333333333333,-0.5408186266160693
0.8229166666666666,-0.4875278181077688
0.823,-0.3615796609492741
0.8230833333333333,-0.34096558797409166
0.8231666666666667,-0.2902428568873167
0.82325,-0.18788593053594307
0.8233333333333334,-0.30654147456226255
0.8234166666666667,-0.45928152623489693
0.8235,-0.3084375689134259
0.8235833333333333,-0.1770830884456866
0.8236666666666667,-0.02372619758481424
0.82375,0.3058465912941794
0.8238333333333333,0.3468749780691251
0.8239166666666666,0.04880193872108241
0.824,-0.14525982510994215
0.8240833333333333,0.04227412446104637
0.8241666666666667,0.2740513577675241
0.82425,0.3627175000248132
0.8243333333333334,0.5764947264211333
0.8244166666666667,0.6365565137489007
0.8245,0.6357227599747758
0.8245833333333333,0.6066404786212293
0.8246666666666667,0.17867804473830948
0.82475,0.04369268450077077
0.8248333333333333,0.16839557960580484
0.8249166666666666,-0.0681614344230583
0.825,-0.19994176586484422
0.8250833333333333,-0.16627199425266503
0.8251666666666667,-0.3021984757882594
0.82525,-0.4807561438550637
0.8253333333333334,-0.5156639548925842
0.8254166666666667,-0.5845578830304584
0.8255,-0.617146560369609
0.8255833333333333,-0.3055035451124115
0.8256666666666667,-0.07531494514030414
0.82575,-0.06071344112848429
0.8258333333333333,-0.04842271951678542
0.8259166666666666,-0.06123395850931466
0.826,-0.01525848335790048
0.8260833333333333,-0.006432240267293317
0.8261666666666667,0.06900258025105707
0.82625,0.2718384416587373
0.8263333333333334,0.4755446140817761
0.8264166666666667,0.6350190209440928
0.8265,0.6233194379404811
0.8265833333333333,0.5309780782524699
0.8266666666666667,0.4226536708962062
0.82675,0.22494073827558575
0.8268333333333333,0.08583915586698854
0.8269166666666666,0.11470754314385254
0.827,0.06087812689863189
0.8270833333333333,0.01036074786630746
0.8271666666666667,0.05176381156127807
0.82725,-0.18119657427695846
0.8273333333333334,-0.4574882689077143
0.8274166666666667,-0.6276998023913608
0.8275,-0.7369428469534886
0.8275833333333333,-0.632218694245732
0.8276666666666667,-0.6531336268771574
0.82775,-0.5388128195424692
0.8278333333333333,-0.2571898961530576
0.8279166666666666,-0.3410691101229413
0.828,-0.2911085401350989
0.8280833333333333,-0.26367975753233397
0.8281666666666667,-0.3632348806813607
0.82825,-0.15857658344121398
0.8283333333333334,-0.09477539477516798
0.8284166666666667,0.03240428629491245
0.8285,0.3086897673743487
0.8285833333333333,0.3793080813292027
0.8286666666666667,0.37998217540418394
0.82875,0.36812859547393656
0.8288333333333333,0.3605420434060522
0.8289166666666666,0.35094113930713366
0.829,0.35668874929351907
0.8290833333333333,0.295056296926386
0.8291666666666667,0.3340646323424603
0.82925,0.21701568553576453
0.8293333333333334,-0.15499984591500549
0.8294166666666667,-0.09259657285983837
0.8295,-0.16570126570475696
0.8295833333333333,-0.32266460202928615
0.8296666666666667,-0.06706587982517978
0.82975,-0.10561885631973583
0.8298333333333333,-0.1174039429271018
0.8299166666666666,0.04731750566702866
0.83,0.052515039925426006
0.8300833333333333,-0.030751771109373948
0.8301666666666667,-0.2646714182682048
0.83025,-0.25941832279970206
0.8303333333333334,-0.12771209033574296
0.8304166666666667,-0.017530752735483147
0.8305,0.16479929146772362
0.8305833333333333,0.07988639764256111
0.8306666666666667,0.05935974082664822
0.83075,0.08545254592257912
0.8308333333333333,0.02254178415857147
0.8309166666666666,0.18678618420858598
0.831,0.32218668826956237
0.8310833333333333,0.4256759468513169
0.8311666666666667,0.46617684365754075
0.83125,0.29764784012794393
0.8313333333333334,-0.039490803884363296
0.8314166666666667,-0.1752744854072067
0.8315,0.04008651701670339
0.8315833333333333,-0.1274197156304561
0.8316666666666667,-0.15607482237877954
0.83175,0.10707400642155894
0.8318333333333333,-0.001908601874344916
0.8319166666666666,0.008569346378294089
0.832,-0.020783654263603218
0.8320833333333333,0.05520368088642425
0.8321666666666667,0.192725267156843
0.83225,-0.03640823398970851
0.8323333333333334,-0.009613303090321407
0.8324166666666667,0.09660285138980994
0.8325,0.205689191249526
0.8325833333333333,0.18855428251323533
0.8326666666666667,-0.04379990529634228
0.83275,0.054262436472289184
0.8328333333333333,0.07715896615769119
0.8329166666666666,0.06826739879827433
0.833,0.1189492075995937
0.8330833333333333,0.16971972562262874
0.8331666666666667,0.20894036666421353
0.83325,0.03866716437639417
0.8333333333333334,0.19780875641510606
0.8334166666666667,0.05670585533291183
0.8335,-0.29671599413793753
0.8335833333333333,-0.1910758210563778
0.8336666666666667,-0.4941815108485907
0.83375,-0.5633460123502988
0.8338333333333333,-0.26769784147673803
0.8339166666666666,-0.37073782148553347
0.834,-0.27860474601947227
0.8340833333333333,-0.2583944403591263
0.8341666666666666,-0.4364605686463524
0.83425,-0.22900991187879305
0.8343333333333334,-0.09883159225394371
0.8344166666666667,-0.21899011687824815
0.8345,-0.17273560219429532
0.8345833333333333,-0.1356977243585816
0.8346666666666667,-0.1608100507039105
0.83475,-0.11764509049754432
0.8348333333333333,-0.02205398466749882
0.8349166666666666,0.14109496141776703
0.835,0.19718043166210997
0.8350833333333333,0.2458230188893575
0.8351666666666666,0.47105838616978085
0.83525,0.5840963427891323
0.8353333333333334,0.4730537511455694
0.8354166666666667,0.5309815969625483
0.8355,0.4900115103136149
0.8355833333333333,0.12793331046339584
0.8356666666666667,0.15671224347847149
0.83575,0.04728434993419508
0.8358333333333333,-0.1934902931498402
0.8359166666666666,0.1952436434041865
0.836,0.0863811954158392
0.8360833333333333,-0.05909008210384003
0.8361666666666666,0.35235146342080553
0.83625,0.1566490168258872
0.8363333333333334,-0.09523705358049542
0.8364166666666667,-0.08956338622694542
0.8365,-0.15981954986731148
0.8365833333333333,-0.14417269737629457
0.8366666666666667,0.08957180303756981
0.83675,0.27149445969195063
0.8368333333333333,0.012136561447749196
0.8369166666666666,0.1649359225916841
0.837,0.2019880747282283
0.8370833333333333,-0.18475992830405638
0.8371666666666666,0.01571688517814186
0.83725,0.007074642473601802
0.8373333333333334,-0.04889447128449786
0.8374166666666667,0.06425010326574844
0.8375,-0.007970939443578434
0.8375833333333333,0.18139031584833684
0.8376666666666667,0.055440118414832644
0.83775,-0.18737537636867957
0.8378333333333333,-0.33459988071368274
0.8379166666666666,-0.47242544964135863
0.838,-0.17313435199063476
0.8380833333333333,-0.25502577148964967
0.8381666666666666,-0.460182648880363
0.83825,-0.24355899535835834
0.8383333333333334,-0.15545429950408746
0.8384166666666667,-0.045501277227739785
0.8385,0.0434638406172774
0.8385833333333333,-0.007401366418842197
0.8386666666666667,-0.18547668128441203
0.83875,-0.20152397788136242
0.8388333333333333,-0.033123955547375405
0.8389166666666666,-0.08400903181720071
0.839,0.06634952788906016
0.8390833333333333,0.13871080249198933
0.8391666666666666,-0.08380736212774272
0.83925,-0.10785449566140046
0.8393333333333334,-0.04830150400055259
0.8394166666666667,-0.06469319429214171
0.8395,-0.16884375854549366
0.8395833333333333,-0.07019806103472777
0.8396666666666667,0.12037971985856946
0.83975,0.20934333365551877
0.8398333333333333,0.2616442653109404
0.8399166666666666,0.20190197519932832
0.84,0.1964890563790556
0.8400833333333333,0.136655688912432
0.8401666666666666,0.11884138779251685
0.84025,-0.07080770179686306
0.8403333333333334,-0.3210739935299949
0.8404166666666667,0.025775134314683784
0.8405,0.0693883887293245
0.8405833333333333,-0.08276895893187028
0.8406666666666667,0.15010032497846001
0.84075,0.03843111234000004
0.8408333333333333,0.09951033775215157
0.8409166666666666,0.21591772938570683
0.841,4.59428551550435e-05
0.8410833333333333,0.26599462975496324
0.8411666666666666,0.4344923951069353
0.84125,0.28316473346406174
0.8413333333333334,0.2754360292807111
0.8414166666666667,0.0397484456002568
0.8415,-0.15211522418337847
0.8415833333333333,-0.12026119289209312
0.8416666666666667,-0.013999273267644625
0.84175,0.2508084451655175
0.8418333333333333,0.37694688689784994
0.8419166666666666,0.4458727134201209
0.842,0.5287745235294922
0.8420833333333333,0.332831013367293
0.8421666666666666,0.36206481606576724
0.84225,0.34077497122843114
0.8423333333333334,-0.13131025348410905
0.8424166666666667,-0.030176798019436922
0.8425,0.0910719508684977
0.8425833333333334,-0.2519787884115112
0.8426666666666667,-0.19781197616517032
0.84275,-0.09954005343914814
0.8428333333333333,-0.22208893522958284
0.8429166666666666,-0.36264040790750784
0.843,-0.36643793447088074
0.8430833333333333,-0.39523428720605713
0.8431666666666666,-0.3321859180988889
0.84325,0.12917372618444253
0.8433333333333334,0.07247882015638564
0.8434166666666667,-0.07267683964763394
0.8435,0.1529598903834535
0.8435833333333334,-0.1522138840563251
0.8436666666666667,-0.2821412373100434
0.84375,-0.10833480108488407
0.8438333333333333,-0.153138496454415
0.8439166666666666,-0.09513767726629191
0.844,-0.040800223297874035
0.8440833333333333,0.08245998764760754
0.8441666666666666,0.038439871350977935
0.84425,-0.05438037857334016
0.8443333333333334,-0.0239881425795756
0.8444166666666667,-0.38436348247274954
0.8445,-0.39465376772264316
0.8445833333333334,-0.1781089960684358
0.8446666666666667,-0.3444241218758353
0.84475,-0.31936583153795084
0.8448333333333333,-0.2840052092970857
0.8449166666666666,-0.249058102927285
0.845,-0.15639395169436826
0.8450833333333333,-0.14468998479309092
0.8451666666666666,-0.19632429170388221
0.84525,-0.4298753980502555
0.8453333333333334,-0.3154569454310665
0.8454166666666667,-0.06401960498849305
0.8455,-0.07182319850852276
0.8455833333333334,0.03817801256356737
0.8456666666666667,-0.023637600113182375
0.84575,-0.21689521956434732
0.8458333333333333,-0.10164161400070466
0.8459166666666667,0.06906426813891456
0.846,-0.013856289465696985
0.8460833333333333,-0.03251171359962197
0.8461666666666666,0.10495832694846333
0.84625,0.025041860106394954
0.8463333333333334,0.11392751486789807
0.8464166666666667,0.2537061492631221
0.8465,0.0914366994742911
0.8465833333333334,0.17048114463304523
0.8466666666666667,0.2233943445659273
0.84675,0.10481319359227209
0.8468333333333333,0.12853315477635247
0.8469166666666667,0.13136641438502944
0.847,0.1501196884808487
0.8470833333333333,0.02636422422823001
0.8471666666666666,-0.15004345362630786
0.84725,-0.1006168573876985
0.8473333333333334,-0.12310193183154493
0.8474166666666667,-0.12753308935778804
0.8475,0.07281026921692266
0.8475833333333334,0.13669437948429605
0.8476666666666667,0.1310565903359594
0.84775,0.18117620091033415
0.8478333333333333,-0.019124948997642877
0.8479166666666667,-0.12872101716095663
0.848,-0.02723653015932928
0.8480833333333333,-0.18958615234910944
0.8481666666666666,-0.02690814656185373
0.84825,0.39660902119323277
0.8483333333333334,0.34343090879108923
0.8484166666666667,0.451084217284223
0.8485,0.45678941013676755
0.8485833333333334,0.07974165132061034
0.8486666666666667,0.22131233106965995
0.84875,0.4165497549594866
0.8488333333333333,0.2833040506660278
0.8489166666666667,0.2855668042768403
0.849,0.34295294336018245
0.8490833333333333,0.1493652448746228
0.8491666666666666,-0.06583124814592374
0.84925,0.03374179245733051
0.8493333333333334,-0.019178542831455144
0.8494166666666667,-0.1151421948593716
0.8495,0.048440059687843276
0.8495833333333334,-0.08083161961408186
0.8496666666666667,-0.46128000810235364
0.84975,-0.5235912704587594
0.8498333333333333,-0.3403142927842668
0.8499166666666667,-0.372098065510783
0.85,-0.32237926578358844
0.8500833333333333,-0.12425952430018146
0.8501666666666666,-0.3444802045286869
0.85025,-0.3300570555777809
0.8503333333333334,0.012622549671213998
0.8504166666666667,-0.09770604739660677
0.8505,0.06728452090589647
0.8505833333333334,0.2405841889769257
0.8506666666666667,-0.009830467384698748
0.85075,0.30573153182530344
0.8508333333333333,0.3428028612308922
0.8509166666666667,-0.01668301432133195
0.851,0.16541201687646376
0.8510833333333333,0.13828394177833928
0.8511666666666666,0.05908596521787601
0.85125,0.22853164679842974
0.8513333333333334,0.15163881423526254
0.8514166666666667,0.11920213032780011
0.8515,0.17623272659797418
0.8515833333333334,-0.0018400054965292424
0.8516666666666667,-0.13667907044482322
0.85175,-0.007319409528347754
0.8518333333333333,-0.041599033217926136
0.8519166666666667,-0.11768101259857702
0.852,0.11913442018123527
0.8520833333333333,0.19935421901096326
0.8521666666666666,0.04903432570406397
0.85225,-0.17241480671761364
0.8523333333333334,-0.34387557445841643
0.8524166666666667,-0.2481247016910497
0.8525,-0.17632857977304645
0.8525833333333334,0.0093628830916874
0.8526666666666667,0.19736985047451724
0.85275,0.09706646831530352
0.8528333333333333,0.13438623348001696
0.8529166666666667,0.05980637440052256
0.853,-0.2037404837298424
0.8530833333333333,-0.1832672326853993
0.8531666666666666,0.07704273487242018
0.85325,0.17424652758547407
0.8533333333333334,0.05259676424784452
0.8534166666666667,0.09355240750827057
0.8535,0.01496275585860761
0.8535833333333334,-0.21395949983058682
0.8536666666666667,-0.2202672745624827
0.85375,-0.2569746829713946
0.8538333333333333,-0.35598954437602043
0.8539166666666667,-0.2054871330648394
0.854,0.07740268865070472
0.8540833333333333,-0.09172107466922999
0.8541666666666666,-0.1970593849008568
0.85425,0.0926829497599127
0.8543333333333333,-0.08533041100751775
0.8544166666666667,-0.025085887439529282
0.8545,0.30110069225912584
0.8545833333333334,0.12105833552009099
0.8546666666666667,0.25833373080685207
0.85475,0.4243536447180195
0.8548333333333333,0.3511373563093586
0.8549166666666667,0.39271573631456264
0.855,0.16594012768687713
0.8550833333333333,0.059095064156782805
0.8551666666666666,0.1919875473931254
0.85525,0.2743216117952715
0.8553333333333333,0.4542454501085662
0.8554166666666667,0.483521301334855
0.8555,0.3159597420072692
0.8555833333333334,0.27561733819712514
0.8556666666666667,0.04811548513521785
0.85575,-0.3248711193048742
0.8558333333333333,-0.2726807272069453
0.8559166666666667,-0.29843101323197974
0.856,-0.38968777863710774
0.8560833333333333,-0.1853619056854766
0.8561666666666666,-0.28130173470294767
0.85625,-0.37555889542793935
0.8563333333333333,-0.3635267729779127
0.8564166666666667,-0.53046530184963
0.8565,-0.5294006520102748
0.8565833333333334,-0.42083211748132887
0.8566666666666667,-0.20626567365032958
0.85675,-0.2432094475626822
0.8568333333333333,-0.3215249900400705
0.8569166666666667,0.009707892874345455
0.857,-0.0013852115616359232
0.8570833333333333,0.036642764470535945
0.8571666666666666,0.2579810659455917
0.85725,0.29674630883670383
0.8573333333333333,0.5192782031638258
0.8574166666666667,0.5101247927016951
0.8575,0.4911082430698968
0.8575833333333334,0.39521875641384563
0.8576666666666667,-0.10487899079982264
0.85775,-0.2658559768594111
0.8578333333333333,-0.3736583581004763
0.8579166666666667,-0.4955094790201326
0.858,-0.296903281076934
0.8580833333333333,-0.24298939670855685
0.8581666666666666,-0.17527034747069456
0.85825,-0.022352352410257872
0.8583333333333333,-0.00982347995088141
0.8584166666666667,-0.04508549648125792
0.8585,-0.0880312278751894
0.8585833333333334,0.07662436403440176
0.8586666666666667,0.11732374164821263
0.85875,-0.0637081866042407
0.8588333333333333,-0.08266878907660441
0.8589166666666667,-0.17427018501328623
0.859,-0.1572035204346617
0.8590833333333333,-0.1480485062555929
0.8591666666666666,-0.2101356209957993
0.85925,0.010514987758198459
0.8593333333333333,0.16098566991988
0.8594166666666667,0.43464315926915054
0.8595,0.6907868381964897
0.8595833333333334,0.5419355482453586
0.8596666666666667,0.352063402435801
0.85975,0.22056062933182025
0.8598333333333333,0.24736186078098207
0.8599166666666667,0.23629220492846167
0.86,0.15453569750657328
0.8600833333333333,0.07827455030126154
0.8601666666666666,-0.20608815491810445
0.86025,-0.22106177923813053
0.8603333333333333,-0.01763193426626526
0.8604166666666667,0.009921008947696508
0.8605,0.0820507873336438
0.8605833333333334,0.29151331898782906
0.8606666666666667,0.43985154860279324
0.86075,0.44303562181549444
0.8608333333333333,0.5998313181762437
0.8609166666666667,0.4825390911259138
0.861,0.20114538248336025
0.8610833333333333,0.2638933653979042
0.8611666666666666,0.09845177384298212
0.86125,0.055635363564088616
0.8613333333333333,-0.02361595014395277
0.8614166666666667,-0.3035213115633556
0.8615,-0.1911533722214897
0.8615833333333334,-0.4936607044218716
0.8616666666666667,-0.8826945839693064
0.86175,-0.8359497727560853
0.8618333333333333,-0.967470176136868
0.8619166666666667,-0.8339400334169692
0.862,-0.5099930989169329
0.8620833333333333,-0.49488948043488334
0.8621666666666666,-0.35814628359583
0.86225,-0.27758872631715215
0.8623333333333333,-0.4403051927031446
0.8624166666666667,-0.29903213903933196
0.8625,-0.24743640850716345
0.8625833333333334,-0.3549125394025241
0.8626666666666667,-0.10797251483763942
0.86275,0.12771059576998428
0.8628333333333333,0.34451871854068716
0.8629166666666667,0.5110498420057524
0.863,0.611055798651561
0.8630833333333333,0.6792476145464161
0.8631666666666666,0.5073978070638475
0.86325,0.6015561494792504
0.8633333333333333,0.5826361705891644
0.8634166666666667,0.26327221689948976
0.8635,0.22399145611635002
0.8635833333333334,-0.008844770155975984
0.8636666666666667,-0.18257934430370718
0.86375,-0.06529113835065366
0.8638333333333333,-0.10581978557519985
0.8639166666666667,-0.05894074499859673
0.864,0.09537293630284795
0.8640833333333333,0.24739199709875778
0.8641666666666666,0.22175845438158368
0.86425,0.07235172445581431
0.8643333333333333,0.11761144429982265
0.8644166666666667,-0.025359313791384733
0.8645,-0.08945022348444165
0.8645833333333334,0.19428434126304725
0.8646666666666667,0.21025358594181445
0.86475,0.28701647757808896
0.8648333333333333,0.4959907171468851
0.8649166666666667,0.42018596881648723
0.865,0.41524352399613595
0.8650833333333333,0.3104956237858183
0.8651666666666666,0.11767292303062206
0.86525,0.25062240095133265
0.8653333333333333,0.24724884665688515
0.8654166666666666,0.0873112174063006
0.8655,0.07223538861037952
0.8655833333333334,0.06491392618086447
0.8656666666666667,0.1752491178820986
0.86575,0.16104753009170453
0.8658333333333333,-0.024164731012514592
0.8659166666666667,-0.009275979215310245
0.866,-0.02825153235755643
0.8660833333333333,-0.04395826683234357
0.8661666666666666,-0.05439261917258813
0.86625,-0.13940028010730998
0.8663333333333333,-0.023403025529396916
0.8664166666666666,-0.0774476315067943
0.8665,-0.15540427576565305
0.8665833333333334,-0.1042067093791291
0.8666666666666667,-0.4021446898931439
0.86675,-0.6040917762096443
0.8668333333333333,-0.6441879416317341
0.8669166666666667,-0.7073921378524558
0.867,-0.662951643859614
0.8670833333333333,-0.5917684619660665
0.8671666666666666,-0.37386776548594847
0.86725,-0.32505845478169015
0.8673333333333333,-0.3539057909255438
0.8674166666666666,-0.2716841874373755
0.8675,-0.3576999102811306
0.8675833333333334,-0.37014215378659066
0.8676666666666667,-0.29499584011527274
0.86775,-0.11157789599658077
0.8678333333333333,0.1255320461618793
0.8679166666666667,0.24934347077952793
0.868,0.3997120869007438
0.8680833333333333,0.3888231010514218
0.8681666666666666,0.173171852496078
0.86825,0.14098497838144294
0.8683333333333333,0.34924654765104224
0.8684166666666666,0.29793650959222673
0.8685,0.2492040124254756
0.8685833333333334,0.39232508042825476
0.8686666666666667,0.31570028108643156
0.86875,0.37410684665939753
0.8688333333333333,0.25050343056687646
0.8689166666666667,-0.0809811926612627
0.869,-0.032445163154947505
0.8690833333333333,-0.11586550789345873
0.8691666666666666,-0.20468277667701879
0.86925,-0.0630001607560138
0.8693333333333333,-0.19120936727051993
0.8694166666666666,-0.2952494785903232
0.8695,-0.11220500797468785
0.8695833333333334,-0.08807129073731321
0.8696666666666667,-0.2852521656145884
0.86975,-0.35113488700716516
0.8698333333333333,-0.13623037158457624
0.8699166666666667,0.13024037229350985
0.87,0.35231133029962486
0.8700833333333333,0.5151623021836644
0.8701666666666666,0.38822571194095423
0.87025,0.18154278149819078
0.8703333333333333,0.15990106030087559
0.8704166666666666,0.23265115623771207
0.8705,0.13015936859357452
0.8705833333333334,0.09835632233921116
0.8706666666666667,0.35575207960364
0.87075,0.23943792648406761
0.8708333333333333,0.09533722953054861
0.8709166666666667,0.10249703692624766
0.871,-0.13229347883136128
0.8710833333333333,-0.11683519023118698
0.8711666666666666,-0.03199552995528918
0.87125,-0.04162027763962973
0.8713333333333333,-0.11797247606378178
0.8714166666666666,-0.3179901920532699
0.8715,-0.38254177209069734
0.8715833333333334,-0.4729130708408189
0.8716666666666667,-0.4278645932585067
0.87175,-0.290134406547249
0.8718333333333333,-0.25493259863651796
0.8719166666666667,-0.06547901308478407
0.872,-0.00609507111781453
0.8720833333333333,-0.10880100434751447
0.8721666666666666,-0.15421216237851046
0.87225,-0.20991827580505487
0.8723333333333333,-0.1263471729761915
0.8724166666666666,-0.09291441392752106
0.8725,-0.06698042242210539
0.8725833333333334,0.1376841377828645
0.8726666666666667,0.24514851972527055
0.87275,0.42752137707455745
0.8728333333333333,0.417849916480617
0.8729166666666667,0.1786721260668633
0.873,0.2607098919866226
0.8730833333333333,0.20082861300312058
0.8731666666666666,0.11705118520266271
0.87325,0.21734006329784408
0.8733333333333333,0.0331710662374348
0.8734166666666666,-0.08875503514850953
0.8735,-0.14860063289001774
0.8735833333333334,-0.17730390551139144
0.8736666666666667,-0.025984767181218074
0.87375,-0.11265607012046897
0.8738333333333334,-0.10175312222094532
0.8739166666666667,0.0638919818973463
0.874,-0.07173267154983229
0.8740833333333333,-0.2620394022242629
0.8741666666666666,-0.28709339825683833
0.87425,-0.20570224760272085
0.8743333333333333,-0.24888444020565276
0.8744166666666666,-0.18295180350775347
0.8745,0.0015603190035761085
0.8745833333333334,-0.05419967186832352
0.8746666666666667,0.06284563207792603
0.87475,-0.03443063919304259
0.8748333333333334,-0.46427679482818024
0.8749166666666667,-0.3216782066870393
0.875,-0.05520926359288971
0.8750833333333333,0.017588631854201755
0.8751666666666666,0.26477309264612364
0.87525,0.3733520152580213
0.8753333333333333,0.20931378929474423
0.8754166666666666,0.14386493107251064
0.8755,0.10118110925169206
0.8755833333333334,-0.2475680343776453
0.8756666666666667,-0.36964792525067164
0.87575,-0.29945675755674384
0.8758333333333334,-0.4024933964472569
0.8759166666666667,-0.2522522539852583
0.876,-0.20553574400683713
0.8760833333333333,-0.2916495586922237
0.8761666666666666,-0.24944335579385368
0.87625,-0.28936894427346294
0.8763333333333333,-0.17541730826969515
0.8764166666666666,-0.12607438954128067
0.8765,-0.13962673510175064
0.8765833333333334,0.04920158907731995
0.8766666666666667,0.18172222927542778
0.87675,0.2683298906487252
0.8768333333333334,0.2570578850563783
0.8769166666666667,0.157168907172753
0.877,0.17023233921086695
0.8770833333333333,0.3131275462199597
0.8771666666666667,0.5161959012392398
0.87725,0.3812337438201455
0.8773333333333333,0.06269399327750795
0.8774166666666666,0.1530749668070331
0.8775,0.37106677689339906
0.8775833333333334,0.43440807456861474
0.8776666666666667,0.36975883474721144
0.87775,0.31879713956266803
0.8778333333333334,0.4058720138003411
0.8779166666666667,0.10168187923597814
0.878,-0.28607292915546056
0.8780833333333333,-0.1210876903583161
0.8781666666666667,-0.22636111068057713
0.87825,-0.556082684783608
0.8783333333333333,-0.3009800739239321
0.8784166666666666,-0.12386994348129467
0.8785,-0.14531695107470877
0.8785833333333334,0.12249636930161394
0.8786666666666667,0.16505814183793296
0.87875,-0.12691644323404389
0.8788333333333334,-0.1734569184386921
0.8789166666666667,0.19042500309576912
0.879,0.3538505784761366
0.8790833333333333,0.30989445863622256
0.8791666666666667,0.5361151949070385
0.87925,0.27670310839788503
0.8793333333333333,-0.13435648885550475
0.8794166666666666,0.09147694308924341
0.8795,-0.03413074386151762
0.8795833333333334,-0.1569339917551039
0.8796666666666667,0.04301547456730114
0.87975,-0.262114199388276
0.8798333333333334,-0.26673440826887196
0.8799166666666667,-0.11764506884015907
0.88,-0.49009708485611825
0.8800833333333333,-0.5323588695474465
0.8801666666666667,-0.3370320824580728
0.88025,-0.3897057176273764
0.8803333333333333,-0.48644191186410884
0.8804166666666666,-0.2968333166001711
0.8805,0.018692677104733095
0.8805833333333334,-0.13500990761479212
0.8806666666666667,-0.2810334862651292
0.88075,-0.028610379973231476
0.8808333333333334,-0.016634980337581054
0.8809166666666667,0.02959017137844821
0.881,0.45068826688520686
0.8810833333333333,0.5048783831861491
0.8811666666666667,0.43717341511267976
0.88125,0.6163570605105646
0.8813333333333333,0.4525207143696578
0.8814166666666666,0.38198625179320456
0.8815,0.5877058271957349
0.8815833333333334,0.3806726321720767
0.8816666666666667,0.22211730076791708
0.88175,0.28191808134874285
0.8818333333333334,0.007487512213828799
0.8819166666666667,0.022538955686943973
0.882,0.20002429670632596
0.8820833333333333,-0.12024613398198004
0.8821666666666667,-0.141044542518486
0.88225,0.023573725767630636
0.8823333333333333,-0.02578252282119744
0.8824166666666666,-0.03949669173653215
0.8825,0.0029081625591268314
0.8825833333333334,0.22976825085229224
0.8826666666666667,0.08634800769308665
0.88275,-0.06826722456907497
0.8828333333333334,0.21053784672648101
0.8829166666666667,0.08970541880507994
0.883,-0.001214675418324728
0.8830833333333333,0.21433714614430258
0.8831666666666667,0.14848031997021036
0.88325,0.050687344324710414
0.8833333333333333,0.2744492164007384
0.8834166666666666,0.25541778067421655
0.8835,-0.1932030288677555
0.8835833333333334,-0.06488552517717074
0.8836666666666667,0.13439321037082202
0.88375,-0.11219624886072704
0.8838333333333334,0.0451007527903848
0.8839166666666667,0.03010551355789337
0.884,-0.202300168951448
0.8840833333333333,-0.15526394214537326
0.8841666666666667,-0.2442062724442192
0.88425,-0.3296247250933029
0.8843333333333333,-0.3797618063233147
0.8844166666666666,-0.32159071289161656
0.8845,-0.15551394804024934
0.8845833333333334,-0.17485766095360716
0.8846666666666667,-0.11151846752600839
0.88475,-0.014900611559812635
0.8848333333333334,-0.10621348718908871
0.8849166666666667,-0.10587858118637615
0.885,0.03775710680754894
0.8850833333333333,-0.006248689116574166
0.8851666666666667,-0.12536355486241715
0.88525,-0.19239120388389686
0.8853333333333333,-0.5294940599351277
0.8854166666666666,-0.6065567494504674
0.8855,-0.25717772507313374
0.8855833333333333,-0.3329700662479989
0.8856666666666667,-0.25504778838815434
0.88575,0.12931299460028706
0.8858333333333334,-0.07049643962661785
0.8859166666666667,-0.12726817048327335
0.886,0.12297168014294033
0.8860833333333333,-0.05136086865943766
0.8861666666666667,-0.17280397139735135
0.88625,-0.049252613900128375
0.8863333333333333,0.030747005229676702
0.8864166666666666,0.21318880983172203
0.8865,0.2590701815162019
0.8865833333333333,0.30276450219678985
0.8866666666666667,0.4715829536767375
0.88675,0.12732963600614502
0.8868333333333334,0.03326643840592227
0.8869166666666667,0.2638048932222699
0.887,0.1473913851432594
0.8870833333333333,0.3339938107403001
0.8871666666666667,0.32615167862759104
0.88725,0.19305213588797435
0.8873333333333333,0.2760644867151535
0.8874166666666666,0.01836335525980442
0.8875,-0.1015491580945949
0.8875833333333333,-0.05912612621810975
0.8876666666666667,-0.04252161804135816
0.88775,0.07492813259870533
0.8878333333333334,0.2221719089572737
0.8879166666666667,0.0437221797275818
0.888,-0.1496818425425557
0.8880833333333333,0.1688544045779145
0.8881666666666667,0.07892085775935902
0.88825,-0.019201993568746547
0.8883333333333333,0.2372070908483825
0.8884166666666666,0.17040732243565246
0.8885,0.280680093929646
0.8885833333333333,0.18601307985484528
0.8886666666666667,0.01892777678739364
0.88875,0.17997939902558813
0.8888333333333334,-0.09746994457215169
0.8889166666666667,-0.23496696041142454
0.889,-0.30730350307685517
0.8890833333333333,-0.5473324537785964
0.8891666666666667,-0.16777119063002127
0.88925,-0.16713927350419092
0.8893333333333333,-0.42867167732389094
0.8894166666666666,-0.12518407477850588
0.8895,-0.20803891325934928
0.8895833333333333,-0.2122541292711337
0.8896666666666667,0.032082821769290885
0.88975,-0.052504720487339444
0.8898333333333334,0.09991189252555539
0.8899166666666667,0.15545793195178204
0.89,-0.018521182471452458
0.8900833333333333,-0.04981272428331457
0.8901666666666667,0.020450686733932525
0.89025,0.04345210144055948
0.8903333333333333,-0.1448440132936973
0.8904166666666666,0.10578424368264028
0.8905,0.3684659126605173
0.8905833333333333,0.08265002860151131
0.8906666666666667,0.14027591899192218
0.89075,0.14782249634789224
0.8908333333333334,-0.27816594312221565
0.8909166666666667,-0.21387387953546536
0.891,0.16176693033446027
0.8910833333333333,0.06957611317245715
0.8911666666666667,0.00863565429216576
0.89125,0.08637997406414989
0.8913333333333333,-0.05773833197194637
0.8914166666666666,0.10543388421534618
0.8915,0.12440147452139376
0.8915833333333333,-0.08634813658602272
0.8916666666666667,0.17418373333711243
0.89175,0.3971336368025138
0.8918333333333334,0.45239966993246367
0.8919166666666667,0.42499841769675073
0.892,0.3678801800570484
0.8920833333333333,0.42656321414976345
0.8921666666666667,0.2578163266779649
0.89225,0.054385403953365045
0.8923333333333333,-0.17480568254970222
0.8924166666666666,-0.48344366556552804
0.8925,-0.3920304469041981
0.8925833333333333,-0.26808947263856825
0.8926666666666667,-0.4826946763657035
0.89275,-0.4956408326050854
0.8928333333333334,-0.3549488288589362
0.8929166666666667,-0.6365516798587961
0.893,-0.7204526565938342
0.8930833333333333,-0.3205967868623967
0.8931666666666667,-0.46963978443058885
0.89325,-0.5357651087266961
0.8933333333333333,-0.1552687081776829
0.8934166666666666,-0.26369934791744415
0.8935,0.06702697489839331
0.8935833333333333,0.6841254463607439
0.8936666666666667,0.6013179649007779
0.89375,0.6048399282225589
0.8938333333333334,0.5586610204872884
0.8939166666666667,0.3172916633269005
0.894,0.5392230130408054
0.8940833333333333,0.6728934145503286
0.8941666666666667,0.4453466534801057
0.89425,0.48855013835473227
0.8943333333333333,0.5072610014401969
0.8944166666666666,0.20997052959475618
0.8945,-0.060898241552869124
0.8945833333333333,-0.25299396622019454
0.8946666666666667,-0.38392438469443146
0.89475,-0.5567304228530601
0.8948333333333334,-0.5663651673957527
0.8949166666666667,-0.45065901035900174
0.895,-0.4469590700221777
0.8950833333333333,-0.3265369669024525
0.8951666666666667,-0.32198840480763646
0.89525,-0.2657089627128636
0.8953333333333333,-0.1012382090231321
0.8954166666666666,-0.08227114762216459
0.8955,0.1464438118997194
0.8955833333333333,0.24824522994213824
0.8956666666666667,0.29243751594695533
0.89575,0.4710895281744806
0.8958333333333334,0.25873623503746973
0.8959166666666667,0.201910745636717
0.896,0.35190465449606756
0.8960833333333333,0.1760186405221175
0.8961666666666667,0.2969346087934069
0.89625,0.2754475414070339
0.8963333333333333,-0.06072901031871778
0.8964166666666666,0.3002319604254356
0.8965,0.2088315140582441
0.8965833333333333,-0.2403629707145423
0.8966666666666666,-0.027015248260745202
0.89675,-0.21858796741710565
0.8968333333333334,-0.24694430190530742
0.8969166666666667,-0.0584826459584678
0.897,-0.21850131381521065
0.8970833333333333,-0.11593492633093697
0.8971666666666667,-0.20562385343686193
0.89725,-0.19350449656764662
0.8973333333333333,-0.043364982364844255
0.8974166666666666,-0.09324433936362442
0.8975,0.040800085757064876
0.8975833333333333,-0.013929517075967686
0.8976666666666666,0.029200103388147113
0.89775,0.22443806017380546
0.8978333333333334,0.08462876861115254
0.8979166666666667,0.008339042698029606
0.898,-0.0405930233288875
0.8980833333333333,-0.29406453892427964
0.8981666666666667,-0.32644334427367483
0.89825,-0.08157090317643752
0.8983333333333333,-0.09374555043739086
0.8984166666666666,-0.22802222965072774
0.8985,-0.17854642112807984
0.8985833333333333,-0.36384852085897507
0.8986666666666666,-0.5912467131440848
0.89875,-0.4855340408096199
0.8988333333333334,-0.5274711997363818
0.8989166666666667,-0.6257793507396329
0.899,-0.3580716316056448
0.8990833333333333,-0.16235325693588318
0.8991666666666667,-0.11473174236313843
0.89925,0.14309320414771712
0.8993333333333333,0.20485012227203156
0.8994166666666666,0.048490101274473736
0.8995,0.20155255327549218
0.8995833333333333,0.44692437273845315
0.8996666666666666,0.42894024081145693
0.89975,0.3222113067077321
0.8998333333333334,0.4472644888034526
0.8999166666666667,0.5737090979381027
0.9,0.508763680002893
0.9000833333333333,0.38337487987094776
0.9001666666666667,0.08573664937690788
0.90025,-0.04090582460678549
0.9003333333333333,0.051784892555662966
0.9004166666666666,0.1495574341470743
0.9005,0.24588977776200244
0.9005833333333333,0.14506623505188723
0.9006666666666666,0.12731550163181415
0.90075,-0.07695447504203562
0.9008333333333334,-0.2280097385406174
0.9009166666666667,0.06866685778443264
0.901,-0.148992649795622
0.9010833333333333,-0.1837391739462056
0.9011666666666667,0.26644312716941015
0.90125,0.1290568704266406
0.9013333333333333,0.20941463784440653
0.9014166666666666,0.4988208243522904
0.9015,0.09761444809458768
0.9015833333333333,-0.06686118152998298
0.9016666666666666,0.07737768701473328
0.90175,-0.18477237629046186
0.9018333333333334,-0.18469399670886444
0.9019166666666667,-0.004503275605147562
0.902,-0.10767312931074367
0.9020833333333333,-0.12859512329371853
0.9021666666666667,-0.1528118224355229
0.90225,-0.19350247963417758
0.9023333333333333,-0.0920094451893335
0.9024166666666666,-0.09804733247023711
0.9025,-0.12504167294613192
0.9025833333333333,0.12791487464340018
0.9026666666666666,0.13554859645448586
0.90275,-0.18608797709986155
0.9028333333333334,-0.26852253058097075
0.9029166666666667,-0.44694185556354
0.903,-0.5116587278759098
0.9030833333333333,-0.3562908518916345
0.9031666666666667,-0.4188837653310148
0.90325,-0.26543215874660125
0.9033333333333333,-0.14834679580024135
0.9034166666666666,-0.22452853959225932
0.9035,-0.23566597106355466
0.9035833333333333,-0.4374282028525998
0.9036666666666666,-0.5047121615547675
0.90375,-0.2558772534842655
0.9038333333333334,-0.17667639505290894
0.9039166666666667,-0.2725524734776291
0.904,-0.06736335860758352
0.9040833333333333,-0.00141389263972697
0.9041666666666667,-0.04709788403881062
0.90425,0.24954194301856913
0.9043333333333333,0.10345971243873675
0.9044166666666666,0.15680472200663792
0.9045,0.6014496236817906
0.9045833333333333,0.43560203870178604
0.9046666666666666,0.4550576818224574
0.90475,0.429220585279433
0.9048333333333334,0.1383900088134106
0.9049166666666667,0.28236550062775245
0.905,0.2556408824971261
0.9050833333333334,0.23525411075462546
0.9051666666666667,0.37146104805423374
0.90525,0.3658852391813307
0.9053333333333333,0.38613340894106174
0.9054166666666666,0.08053112414780783
0.9055,-0.2114275103092731
0.9055833333333333,-0.22272818369197964
0.9056666666666666,-0.2458468393572428
0.90575,-0.06580584967774661
0.9058333333333334,0.19934564874309676
0.9059166666666667,0.2666637773274525
0.906,0.23030107082910065
0.9060833333333334,0.3018093448861765
0.9061666666666667,0.23398383393284025
0.90625,0.02221713781075489
0.9063333333333333,0.0982707924842307
0.9064166666666666,0.1858910159702484
0.9065,0.32474150336315766
0.9065833333333333,0.6293315885052843
0.9066666666666666,0.6570112547124557
0.90675,0.6532219047813307
0.9068333333333334,0.6338324545984757
0.9069166666666667,0.2677500193321409
0.907,0.028346940073849705
0.9070833333333334,-0.02177255351901369
0.9071666666666667,-0.1010390822639096
0.90725,0.028552795007259765
0.9073333333333333,0.06201633542556757
0.9074166666666666,-0.03710129604919891
0.9075,-0.12183434733937779
0.9075833333333333,-0.4711749255650219
0.9076666666666666,-0.6138289194273078
0.90775,-0.6661452805046786
0.9078333333333334,-0.8932584815109886
0.9079166666666667,-0.6589704865797287
0.908,-0.5222532324252029
0.9080833333333334,-0.4942172786920402
0.9081666666666667,-0.10640247645971199
0.90825,-0.2908128809259928
0.9083333333333333,-0.5369827848484013
0.9084166666666667,-0.4474937839625354
0.9085,-0.6657511294340646
0.9085833333333333,-0.38353079810654306
0.9086666666666666,-0.009041524885977209
0.90875,-0.04204032254465376
0.9088333333333334,0.1415714823317966
0.9089166666666667,-0.04648944935427898
0.909,-0.18513873784988638
0.9090833333333334,-0.15858466077353034
0.9091666666666667,-0.24710621520929069
0.90925,0.20783043095633874
0.9093333333333333,0.23282382293796938
0.9094166666666667,0.07387914924013815
0.9095,0.261465751904838
0.9095833333333333,0.09428072043551572
0.9096666666666666,0.22293491399070417
0.90975,0.3676102097682705
0.9098333333333334,0.24191706243285002
0.9099166666666667,0.34235428690179465
0.91,0.47420947114332096
0.9100833333333334,0.47896137021136187
0.9101666666666667,0.45485930451917145
0.91025,0.6090445543927259
0.9103333333333333,0.4838556264310076
0.9104166666666667,0.13761246223897394
0.9105,-0.0482726243282148
0.9105833333333333,-0.14700643268472594
0.9106666666666666,-0.037413991768299064
0.91075,-0.07359677091103171
0.9108333333333334,0.012133220125525371
0.9109166666666667,0.08018759217093022
0.911,-0.34443205457717807
0.9110833333333334,-0.3859015299490107
0.9111666666666667,-0.2719245909992159
0.91125,-0.23252372863670917
0.9113333333333333,0.07147070955812958
0.9114166666666667,-0.04262865648160243
0.9115,-0.15175478738653841
0.9115833333333333,0.09470397358869231
0.9116666666666666,-0.14712246518611746
0.91175,-0.33882646168931363
0.9118333333333334,-0.10270355973021855
0.9119166666666667,-0.14744305853995507
0.912,-0.03348533647511625
0.9120833333333334,0.19495888763591054
0.9121666666666667,0.043560915913889865
0.91225,0.15112689425310086
0.9123333333333333,0.3099421015963029
0.9124166666666667,0.1431951743252054
0.9125,0.04566995163520454
0.9125833333333333,0.005476569944670361
0.9126666666666666,0.00910635560817002
0.91275,0.08541899462448446
0.9128333333333334,0.07765075947487217
0.9129166666666667,0.08064186610610494
0.913,0.13419778487456255
0.9130833333333334,-0.14939780769728986
0.9131666666666667,-0.3570852317437372
0.91325,-0.16944179789142833
0.9133333333333333,-0.32156663936581
0.9134166666666667,-0.21812441700684773
0.9135,0.14359455240788596
0.9135833333333333,0.044823811363324854
0.9136666666666666,0.26561926618067105
0.91375,0.2596558549008251
0.9138333333333334,-0.01721358036419901
0.9139166666666667,0.2184193406717795
0.914,0.1479794653937448
0.9140833333333334,0.1676573161938385
0.9141666666666667,0.4202431596598742
0.91425,0.21121000304156168
0.9143333333333333,0.18589153208348555
0.9144166666666667,0.13873351517163013
0.9145,-0.20924310488032888
0.9145833333333333,-0.14004845021627296
0.9146666666666666,0.053925981988332226
0.91475,0.04342988095739477
0.9148333333333334,0.019755949149462843
0.9149166666666667,-0.028306160788244827
0.915,0.09230254169369105
0.9150833333333334,-0.011956444900804764
0.9151666666666667,-0.20329626620888933
0.91525,0.05185152052206454
0.9153333333333333,-0.028225363602787747
0.9154166666666667,-0.05230225713543972
0.9155,0.17435398504209706
0.9155833333333333,-0.021641291613580665
0.9156666666666666,-0.029361863882969318
0.91575,-0.23561376441067797
0.9158333333333334,-0.39533051724770246
0.9159166666666667,-0.04567959273201123
0.916,-0.05862410142348781
0.9160833333333334,0.14122223908482218
0.9161666666666667,0.2009453034257709
0.91625,-0.009814241763834799
0.9163333333333333,0.21003399295712644
0.9164166666666667,-0.18010613925617958
0.9165,-0.4627363074282369
0.9165833333333333,-0.23450275480890037
0.9166666666666666,-0.34454089715785663
0.91675,-0.18089212545858308
0.9168333333333333,-0.0921218763367247
0.9169166666666667,-0.27505257531914457
0.917,-0.3618901456953769
0.9170833333333334,-0.48275359625419184
0.9171666666666667,-0.47559591340511187
0.91725,-0.4469753847662662
0.9173333333333333,-0.15360900232657324
0.9174166666666667,0.049842805969733665
0.9175,-0.09812177012293222
0.9175833333333333,0.09333045192948053
0.9176666666666666,-0.016550205374376716
0.91775,-0.03741673002652089
0.9178333333333333,0.38238126826060564
0.9179166666666667,0.22212669960453998
0.918,0.20247687974599352
0.9180833333333334,0.29902330877410727
0.9181666666666667,0.3506387622834009
0.91825,0.4748549173664562
0.9183333333333333,0.05283569295383838
0.9184166666666667,0.003203214845736906
0.9185,0.16612272850805385
0.9185833333333333,0.12023390782940373
0.9186666666666666,0.3426528281568288
0.91875,0.19231751301684322
0.9188333333333333,0.008875826097677559
0.9189166666666667,0.06050458575751205
0.919,-0.22008770931497276
0.9190833333333334,-0.22828434464038935
0.9191666666666667,0.05607695489119273
0.91925,-0.031193726016185627
0.9193333333333333,0.08112815012992886
0.9194166666666667,0.4309704984364532
0.9195,0.296887974227243
0.9195833333333333,0.107905186182017
0.9196666666666666,0.009911644926396807
0.91975,-0.3292883742413095
0.9198333333333333,-0.4058345241330266
0.9199166666666667,-0.21995195442560725
0.92,-0.18964822501500017
0.9200833333333334,-0.09038554102023692
0.9201666666666667,0.13800076724373186
0.92025,0.20249408267890565
0.9203333333333333,0.03440124152882212
0.9204166666666667,-0.0710802975924328
0.9205,-0.16681856750420337
0.9205833333333333,-0.24872543659877366
0.9206666666666666,-0.03203603405129717
0.92075,-0.08819428561689877
0.9208333333333333,-0.22445049995122368
0.9209166666666667,-0.026371051600695077
0.921,-0.1940928608437319
0.9210833333333334,-0.4479459242349306
0.9211666666666667,-0.5577631348884776
0.92125,-0.5298555596746466
0.9213333333333333,-0.1741357301671023
0.9214166666666667,-0.0792778302916071
0.9215,0.023050189050142313
0.9215833333333333,0.1914627295608544
0.9216666666666666,0.05647999725926802
0.92175,0.17108256336030633
0.9218333333333333,0.33393858790090264
0.9219166666666667,0.3712060588333982
0.922,0.4505396818466122
0.9220833333333334,0.40730493671139395
0.9221666666666667,0.45905068309773506
0.92225,0.34039745275076216
0.9223333333333333,0.009401418482281728
0.9224166666666667,-0.00624137454480232
0.9225,0.020820402670437804
0.9225833333333333,0.057180066111853944
0.9226666666666666,0.26598855623789597
0.92275,0.19446675514910192
0.9228333333333333,0.11144623443048526
0.9229166666666667,0.24208024434279987
0.923,0.2065726795998036
0.9230833333333334,0.21403966618466772
0.9231666666666667,0.13970190626039217
0.92325,0.04296270740209293
0.9233333333333333,0.12268496926116608
0.9234166666666667,-0.03292559901320835
0.9235,-0.12617688112384348
0.9235833333333333,-0.2680587530413495
0.9236666666666666,-0.45458881227039344
0.92375,-0.2393140733298602
0.9238333333333333,-0.10685260241352963
0.9239166666666667,0.08385081802716929
0.924,0.31705735926357015
0.9240833333333334,0.2105863514724173
0.9241666666666667,0.10141531419212955
0.92425,0.05184747102803001
0.9243333333333333,0.08302199934995648
0.9244166666666667,0.06836541192395099
0.9245,0.07239402584576883
0.9245833333333333,0.2314049915042415
0.9246666666666666,0.1136273352564125
0.92475,0.04853395599215311
0.9248333333333333,0.12383529839306917
0.9249166666666667,-0.0599530279789147
0.925,-0.0760679116003053
0.9250833333333334,0.006862044584584698
0.9251666666666667,-0.026508647375066446
0.92525,0.06771061984212416
0.9253333333333333,0.2849871315268772
0.9254166666666667,0.36413023157952973
0.9255,0.05486398511848101
0.9255833333333333,-0.02020466158937699
0.9256666666666666,0.07978388182533709
0.92575,-0.1546111549953503
0.9258333333333333,-0.11653953052647152
0.9259166666666667,-0.07901431778462258
0.926,-0.11339854733363831
0.9260833333333334,0.1433486725899352
0.9261666666666667,0.0421130700421315
0.92625,-0.3008712190455354
0.9263333333333333,-0.39088578067395324
0.9264166666666667,-0.5716623086510796
0.9265,-0.7920830084404672
0.9265833333333333,-0.517063528178738
0.9266666666666666,-0.2999784339300193
0.92675,-0.2969659670916408
0.9268333333333333,-0.08572476863462578
0.9269166666666667,-0.18131916581809818
0.927,-0.1820773144703288
0.9270833333333334,-0.014627306734764058
0.9271666666666667,-0.21065144836057753
0.92725,-0.21981315649577135
0.9273333333333333,-0.13160426345389453
0.9274166666666667,-0.005652705762458402
0.9275,0.06979032720930187
0.9275833333333333,-0.09121137819225059
0.9276666666666666,0.04705781052443312
0.92775,0.011050848972785951
0.9278333333333333,-0.22220455455114374
0.9279166666666666,-0.07460994058566188
0.928,0.060750707761487756
0.9280833333333334,0.08297492028724793
0.9281666666666667,0.18330020646802095
0.92825,0.3196262202444825
0.9283333333333333,0.2165480549359232
0.9284166666666667,-0.020804631490650517
0.9285,-0.0012095180290465485
0.9285833333333333,-0.07679012438174776
0.9286666666666666,-0.14025581468087958
0.92875,0.17580226760751505
0.9288333333333333,0.07721488724599561
0.9289166666666666,0.013764869043896611
0.929,0.4143947854303859
0.9290833333333334,0.045268601627856835
0.9291666666666667,-0.13338680651202336
0.92925,0.1938037984789652
0.9293333333333333,-0.030486882043205925
0.9294166666666667,0.17363011717227642
0.9295,0.592734619977227
0.9295833333333333,0.5472450356588395
0.9296666666666666,0.4113814562365048
0.92975,0.32075285866214437
0.9298333333333333,0.23208291494723168
0.9299166666666666,-0.1004214765899973
0.93,-0.050700213549290156
0.9300833333333334,0.26743049019683973
0.9301666666666667,0.08175367662270705
0.93025,0.027980037999724122
0.9303333333333333,0.1459655289189649
0.9304166666666667,-0.07844738328052625
0.9305,-0.1158479846440003
0.9305833333333333,0.013630209795537071
0.9306666666666666,-0.23015787842615046
0.93075,-0.2457044407356945
0.9308333333333333,0.0537430877828155
0.9309166666666666,0.025844991385146343
0.931,-0.11454551562105249
0.9310833333333334,-0.12351568855722211
0.9311666666666667,-0.20052713296389946
0.93125,-0.5368834028943147
0.9313333333333333,-0.7069943699358153
0.9314166666666667,-0.4681423344425604
0.9315,-0.3132665935270922
0.9315833333333333,-0.18284230332219958
0.9316666666666666,-0.09922913235259709
0.93175,-0.2720602509100165
0.9318333333333333,-0.22681631403475463
0.9319166666666666,0.09520245202730293
0.932,0.1917887603291146
0.9320833333333334,0.048271999218455756
0.9321666666666667,0.08568990944150423
0.93225,0.14563035228922747
0.9323333333333333,0.035662303599947376
0.9324166666666667,0.1822582676472279
0.9325,0.0765647530086189
0.9325833333333333,-0.28022153567498964
0.9326666666666666,0.01761057363062159
0.93275,0.15216462085077245
0.9328333333333333,0.0032200166202784692
0.9329166666666666,0.24542383848200774
0.933,0.1917736810829038
0.9330833333333334,-0.008814806234694383
0.9331666666666667,-0.1012201091535421
0.93325,-0.20493418138414493
0.9333333333333333,-0.06326508379327415
0.9334166666666667,-0.0024420035932530707
0.9335,0.07255744160736298
0.9335833333333333,0.026190317311434046
0.9336666666666666,-0.16663532023723793
0.93375,0.0018044976736035772
0.9338333333333333,-0.028850332089263776
0.9339166666666666,0.05178220744875132
0.934,0.37979364944160116
0.9340833333333334,0.13852643114964638
0.9341666666666667,0.1320041400183921
0.93425,0.40430292600188733
0.9343333333333333,0.20718675557798474
0.9344166666666667,0.12764724799931293
0.9345,0.14234914103088395
0.9345833333333333,-0.09376140239731981
0.9346666666666666,-0.06911590785632456
0.93475,0.3042378403042799
0.9348333333333333,0.4880591691918862
0.9349166666666666,0.4430284672059831
0.935,0.33279368055520414
0.9350833333333334,-0.1709751684352502
0.9351666666666667,-0.5571239595420735
0.93525,-0.33359077225701056
0.9353333333333333,-0.23696910503036503
0.9354166666666667,-0.08833126829300154
0.9355,0.18635368118938778
0.9355833333333333,-0.01514764662327104
0.9356666666666666,-0.17178072787045276
0.93575,-0.10696767606132315
0.9358333333333333,-0.095363861094759
0.9359166666666666,-0.15787165256680985
0.936,-0.17787260466939642
0.9360833333333334,0.05966723846467182
0.9361666666666667,0.1199588849366678
0.93625,0.2554092151624765
0.9363333333333334,0.3405747823880515
0.9364166666666667,-0.0781040356051555
0.9365,-0.030436104732889824
0.9365833333333333,-0.05360098709890992
0.9366666666666666,-0.28883415894076525
0.93675,-0.09710651271039149
0.9368333333333333,-0.14853553940217454
0.9369166666666666,-0.07215597670539077
0.937,-0.0356944211064721
0.9370833333333334,-0.06539997380729709
0.9371666666666667,0.005316458204311292
0.93725,-0.4385127853501676
0.9373333333333334,-0.5298238456126503
0.9374166666666667,-0.40924833926427806
0.9375,-0.5174680782573966
0.9375833333333333,-0.3451984329708684
0.9376666666666666,-0.2123075318698288
0.93775,-0.021547716173727072
0.9378333333333333,0.04070922345374832
0.9379166666666666,-0.016690394859340728
0.938,0.19230877243326547
0.9380833333333334,0.09958726369590282
0.9381666666666667,0.12128366453452974
0.93825,0.274323261369043
0.9383333333333334,0.1667447829569504
0.9384166666666667,0.44171296707679997
0.9385,0.4175474572597906
0.9385833333333333,0.33835840182085325
0.9386666666666666,0.6459605557251079
0.93875,0.34593802383928635
0.9388333333333333,0.3130443054412774
0.9389166666666666,0.5408342405112133
0.939,0.2278832516586848
0.9390833333333334,0.1593541893828858
0.9391666666666667,0.19830634152080295
0.93925,-0.006372143313829977
0.9393333333333334,-0.21106885416414145
0.9394166666666667,-0.2495336393088318
0.9395,-0.2276506849856659
0.9395833333333333,-0.2930422375762971
0.9396666666666667,-0.22576425524749794
0.93975,-0.21220912122403054
0.9398333333333333,-0.16820949815962016
0.9399166666666666,-0.17198160129326942
0.94,-0.23945991511455134
0.9400833333333334,0.1643723825652556
0.9401666666666667,0.16141696712920622
0.94025,-0.014063669312678696
0.9403333333333334,0.24583232054561488
0.9404166666666667,0.07079675363335514
0.9405,0.1881607424059242
0.9405833333333333,0.3759308660107482
0.9406666666666667,0.08090131313362872
0.94075,0.18860217076914695
0.9408333333333333,0.24417976197198102
0.9409166666666666,0.08953513149144085
0.941,0.14672837176123935
0.9410833333333334,0.17604326702962816
0.9411666666666667,-0.10290588998009378
0.94125,-0.15453894220474182
0.9413333333333334,0.06320375182435425
0.9414166666666667,-0.08474827484626392
0.9415,-0.058193083140071065
0.9415833333333333,-0.08858690210479021
0.9416666666666667,-0.11217925028870313
0.94175,-0.011372751878084418
0.9418333333333333,-0.3074759842383299
0.9419166666666666,-0.11530585246221095
0.942,-0.06661354690501614
0.9420833333333334,-0.26768782138462266
0.9421666666666667,-0.1107521914519299
0.94225,-0.3317682938657399
0.9423333333333334,-0.018892392273558177
0.9424166666666667,0.24374487177769372
0.9425,-0.06699866566443222
0.9425833333333333,0.3505507049662545
0.9426666666666667,0.4010384738938646
0.94275,0.09862434199729674
0.9428333333333333,0.2514776893770026
0.9429166666666666,0.005201534289035219
0.943,-0.2469576661897088
0.9430833333333334,-0.23000725062677022
0.9431666666666667,-0.2733225711202859
0.94325,-0.2234084675504753
0.9433333333333334,-0.1688221301095162
0.9434166666666667,0.0972279394047505
0.9435,0.3611387878685155
0.9435833333333333,0.2736303468699049
0.9436666666666667,0.16003623760516358
0.94375,0.09878822296952254
0.9438333333333333,0.04479152581368629
0.9439166666666666,-0.20930182647520482
0.944,-0.4008944315230481
0.9440833333333334,-0.31869835669201735
0.9441666666666667,-0.46835770415672145
0.94425,-0.5025413744797927
0.9443333333333334,-0.43172138633731577
0.9444166666666667,-0.5880120723752638
0.9445,-0.5560393113470244
0.9445833333333333,-0.5702227268153756
0.9446666666666667,-0.4785390090573609
0.94475,-0.09916962017617009
0.9448333333333333,-0.056663914925874345
0.9449166666666666,0.03566488048583559
0.945,0.19579461286152633
0.9450833333333334,-0.05097714323492094
0.9451666666666667,-0.22369816580074783
0.94525,-0.2735678831661533
0.9453333333333334,-0.2579204321877345
0.9454166666666667,-0.21874588057603606
0.9455,-0.2870151031873761
0.9455833333333333,-0.1444350883502526
0.9456666666666667,-0.002217307708049486
0.94575,0.040497694158572815
0.9458333333333333,0.07712281987832866
0.9459166666666666,0.04446882655352754
0.946,0.20076963650022356
0.9460833333333334,0.2920911672222518
0.9461666666666667,0.37643622071535426
0.94625,0.6656342750967699
0.9463333333333334,0.5209928643610892
0.9464166666666667,0.30861455996598797
0.9465,0.26370055273351145
0.9465833333333333,-0.08374512705769517
0.9466666666666667,-0.11223932669408829
0.94675,-0.12939003846790034
0.9468333333333333,-0.16237888707793438
0.9469166666666666,0.2885535082632671
0.947,0.2770887281856008
0.9470833333333334,0.2763992487922116
0.9471666666666667,0.3831872479519979
0.94725,0.10406987805124959
0.9473333333333334,0.24309614749566935
0.9474166666666667,0.21449719339060103
0.9475,-0.0258977713107875
0.9475833333333333,0.19724614888544484
0.9476666666666667,0.2963545089802579
0.94775,0.24995328771793937
0.9478333333333333,0.46998913268011183
0.9479166666666666,0.5629906969153785
0.948,0.0972693858123028
0.9480833333333333,-0.16443145910699838
0.9481666666666667,0.03406590271387327
0.94825,-0.12016306380977113
0.9483333333333334,0.06839025525416817
0.9484166666666667,0.5897923817104125
0.9485,0.27610554173888463
0.9485833333333333,0.23447312362755948
0.9486666666666667,0.3658868721755787
0.94875,-0.11253050516225721
0.9488333333333333,0.04100632070364701
0.9489166666666666,0.05882402556387433
0.949,-0.28617726652933734
0.9490833333333333,-0.06542541624750822
0.9491666666666667,-0.07820613692508659
0.94925,-0.087705968992442
0.9493333333333334,-0.144850876627743
0.9494166666666667,-0.5244729098694453
0.9495,-0.4987438446847386
0.9495833333333333,-0.4502903269404486
0.9496666666666667,-0.48646559116819416
0.94975,-0.41105306836502437
0.9498333333333333,-0.3967418070596132
0.9499166666666666,-0.3022470249597965
0.95,-0.3462922551291303
0.9500833333333333,-0.43060610688540096
0.9501666666666667,-0.33201468496119524
0.95025,-0.27618580465775555
0.9503333333333334,-0.2299164368369302
0.9504166666666667,-0.2340248962316308
0.9505,-0.23054986492646648
0.9505833333333333,-0.15973896740994642
0.9506666666666667,-0.2353441050702609
0.95075,-0.1442457975955648
0.9508333333333333,0.039543138340084626
0.9509166666666666,-0.07631187485452512
0.951,0.07220717835768314
0.9510833333333333,0.3584013929788892
0.9511666666666667,0.3725655003675012
0.95125,0.523385964928954
0.9513333333333334,0.5852123483949495
0.9514166666666667,0.7068051914685077
0.9515,0.7839790761696334
0.9515833333333333,0.40867733877311163
0.9516666666666667,0.4414223975887247
0.95175,0.4756100408713999
0.9518333333333333,0.12988219500569173
0.9519166666666666,0.15496385843631857
0.952,0.13615355442498436
0.9520833333333333,-0.07166836824211065
0.9521666666666667,0.10088231772884676
0.95225,0.4920182220801657
0.9523333333333334,0.5169677393382328
0.9524166666666667,0.48323644902349017
0.9525,0.5518921333118559
0.9525833333333333,0.3599328727010179
0.9526666666666667,0.30357261603847735
0.95275,0.2783821453898466
0.9528333333333333,0.10593736097610157
0.9529166666666666,0.11720739866941846
0.953,0.1303242769792228
0.9530833333333333,0.0730196011818571
0.9531666666666667,0.017091653331476428
0.95325,-0.2157993394802989
0.9533333333333334,-0.44466711466693015
0.9534166666666667,-0.45515467505121354
0.9535,-0.3996757641523248
0.9535833333333333,-0.11237459631409653
0.9536666666666667,0.0995731940425662
0.95375,0.0730792064709653
0.9538333333333333,0.13113749722216597
0.9539166666666666,-0.26098246654082224
0.954,-0.5730381254072018
0.9540833333333333,-0.5035123158216855
0.9541666666666667,-0.6165078147235828
0.95425,-0.21079708384267892
0.9543333333333334,0.19441345355795223
0.9544166666666667,0.16135602340781896
0.9545,0.2353646661861562
0.9545833333333333,-0.052421205515752474
0.9546666666666667,-0.3764738917058408
0.95475,-0.4082325638469109
0.9548333333333333,-0.5029692630140556
0.9549166666666666,-0.33567935749290423
0.955,0.04335465117930507
0.9550833333333333,0.035118987537076235
0.9551666666666667,-0.04571509198691636
0.95525,-0.07244021381966484
0.9553333333333334,-0.394802562311414
0.9554166666666667,-0.3908274693703501
0.9555,-0.3699041132323422
0.9555833333333333,-0.5141176291630045
0.9556666666666667,-0.2527934407012298
0.95575,-0.2724788192797745
0.9558333333333333,-0.21900040794432923
0.9559166666666666,-0.03712674744404599
0.956,-0.34742711877338917
0.9560833333333333,-0.22441032183645757
0.9561666666666667,-0.011966604876316414
0.95625,-0.18060295812903462
0.9563333333333334,0.04788124185198699
0.9564166666666667,0.2768777753539503
0.9565,0.2114893332184882
0.9565833333333333,0.3858061250341845
0.9566666666666667,0.516990336826774
0.95675,0.35289622495951384
0.9568333333333333,0.38796730446481353
0.9569166666666666,0.30267934491509024
0.957,0.035110996206889324
0.9570833333333333,0.0068646745243064215
0.9571666666666667,-0.14053990774713565
0.95725,-0.16374583053014866
0.9573333333333334,-0.10744972293022059
0.9574166666666667,-0.16769254709746925
0.9575,0.056079966423500986
0.9575833333333333,0.16879434660950166
0.9576666666666667,0.11470531797704372
0.95775,0.1812749429510971
0.9578333333333333,0.30999624202811366
0.9579166666666666,0.45515697974962
0.958,0.40109021153304086
0.9580833333333333,0.3227305033989578
0.9581666666666667,0.3772046976423389
0.95825,0.39354269843547807
0.9583333333333334,0.3866444687509727
0.9584166666666667,0.19631498205117243
0.9585,-0.012688822763026558
0.9585833333333333,-0.03326948097634421
0.9586666666666667,-0.14026028854815312
0.95875,0.1250593459490794
0.9588333333333333,0.39568912370917253
0.9589166666666666,0.10025361798447124
0.959,0.1450328104730044
0.9590833333333333,-0.038585576243463496
0.9591666666666666,-0.39541697879453375
0.95925,-0.1354225825293569
0.9593333333333334,-0.3163662724357078
0.9594166666666667,-0.4432593097747807
0.9595,-0.243146872409322
0.9595833333333333,-0.434524540568503
0.9596666666666667,-0.3903503385232128
0.95975,-0.30804158580848423
0.9598333333333333,-0.43433634527398396
0.9599166666666666,-0.4817019618463683
0.96,-0.47364306668308437
0.9600833333333333,-0.3493859069026624
0.9601666666666666,-0.22858049647208747
0.96025,0.017070022274026396
0.9603333333333334,0.28470069635596607
0.9604166666666667,0.30937795319276423
0.9605,0.24595065394983334
0.9605833333333333,0.0906334534976374
0.9606666666666667,-0.18854589166472588
0.96075,-0.29775552670738464
0.9608333333333333,-0.11839868909144652
0.9609166666666666,-0.08092081551543347
0.961,0.018993723781533044
0.9610833333333333,0.17134327073092806
0.9611666666666666,0.02767993765843834
0.96125,0.2456392861315602
0.9613333333333334,0.22293141116368362
0.9614166666666667,-0.29483867180286505
0.9615,-0.28776357562726085
0.9615833333333333,-0.14990741579342898
0.9616666666666667,0.017956227435550264
0.96175,0.14096878958190162
0.9618333333333333,0.07061360664872463
0.9619166666666666,0.23742437778642153
0.962,0.24857695879043057
0.9620833333333333,0.2559848576732164
0.9621666666666666,0.21293027727734948
0.96225,-0.09636220885142038
0.9623333333333334,-0.04044459299430584
0.9624166666666667,0.053960821471763315
0.9625,0.10493481635875926
0.9625833333333333,0.1407519002077395
0.9626666666666667,-0.08346906822749003
0.96275,-0.08984067235532744
0.9628333333333333,-0.08616453251515455
0.9629166666666666,-0.09136544587947132
0.963,0.037981804762686165
0.9630833333333333,0.07654920432853711
0.9631666666666666,0.28356226129567635
0.96325,0.3048181649075344
0.9633333333333334,0.20462132321899112
0.9634166666666667,0.2928942836885552
0.9635,0.00240804532089453
0.9635833333333333,-0.3794236335378172
0.9636666666666667,-0.33128687993635414
0.96375,-0.12192037756084048
0.9638333333333333,-0.10927441018523099
0.9639166666666666,0.053279201755172735
0.964,0.416994629248601
0.9640833333333333,0.24098676709849576
0.9641666666666666,0.027342407185368494
0.96425,0.0946181713163359
0.9643333333333334,-0.1192319139023546
0.9644166666666667,-0.13250027056681019
0.9645,0.2458952193043272
0.9645833333333333,0.22074478272857462
0.9646666666666667,0.012065032802457062
0.96475,0.2734058646123144
0.9648333333333333,0.20006257597402258
0.9649166666666666,-0.20818234960291612
0.965,-0.13368119676082155
0.9650833333333333,-0.18925879240872556
0.9651666666666666,-0.24036766468908707
0.96525,0.08159126319147973
0.9653333333333334,0.07155265475934189
0.9654166666666667,-0.07762153090851306
0.9655,-0.142707241598662
0.9655833333333333,-0.09546285384682318
0.9656666666666667,0.022760010528415208
0.96575,-0.2745040822469171
0.9658333333333333,-0.22920136279103898
0.9659166666666666,-0.09335320875331585
0.966,-0.3876326781237611
0.9660833333333333,0.038241652602624375
0.9661666666666666,0.2063972008572811
0.96625,-0.15587739330290706
0.9663333333333334,-0.05298423452988655
0.9664166666666667,-0.3993437861978345
0.9665,-0.5932193459597345
0.9665833333333333,-0.11054036303173262
0.9666666666666667,0.0007096314145827343
0.96675,-0.08497579054287173
0.9668333333333333,-0.03710954757185209
0.9669166666666666,0.023213225576169547
0.967,-0.025738022190508626
0.9670833333333333,-0.11676457789968438
0.9671666666666666,-0.0064369343931079655
0.96725,0.03500297069768222
0.9673333333333334,-0.09658315175990886
0.9674166666666667,-0.022755902954593257
0.9675,0.24113760480189234
0.9675833333333334,0.31810700515546464
0.9676666666666667,0.23855442095552826
0.96775,0.22939285388890557
0.9678333333333333,-0.09257377076421588
0.9679166666666666,-0.38600952729616417
0.968,-0.015965854413847083
0.9680833333333333,0.06367984981510919
0.9681666666666666,0.04255292655355398
0.96825,0.4198025485188637
0.9683333333333334,0.2553541366571311
0.9684166666666667,0.07301650232487222
0.9685,0.11851891194747502
0.9685833333333334,-0.04898360863425502
0.9686666666666667,-0.1350638571182884
0.96875,-0.18486019845284155
0.9688333333333333,-0.1363674865315949
0.9689166666666666,-0.19006836751008196
0.969,-0.10147310138129337
0.9690833333333333,0.0696402126412375
0.9691666666666666,-0.31370269651399413
0.96925,-0.33789345512968805
0.9693333333333334,-0.11793719364359502
0.9694166666666667,-0.2501959509006249
0.9695,0.05238055295079704
0.9695833333333334,0.4335736623098632
0.9696666666666667,0.4574211560584444
0.96975,0.5793426993323231
0.9698333333333333,0.6770071197448854
0.9699166666666666,0.4879171625836785
0.97,0.3375216793456354
0.9700833333333333,0.34058103751216684
0.9701666666666666,0.15796625123654462
0.97025,0.2059660997298005
0.9703333333333334,0.5906093581675775
0.9704166666666667,0.5765542594303249
0.9705,0.42918215310073354
0.9705833333333334,0.4564402444749579
0.9706666666666667,0.3700040726250793
0.97075,0.25729946712018215
0.9708333333333333,0.0724304142074984
0.9709166666666667,0.0726073142902443
0.971,0.15930456888475802
0.9710833333333333,-0.09235305865298363
0.9711666666666666,-0.09187374059635264
0.97125,-0.33643735045999723
0.9713333333333334,-0.6408299491084947
0.9714166666666667,-0.1928762820283463
0.9715,-0.3718249863984281
0.9715833333333334,-0.5735371889133439
0.9716666666666667,-0.31397391409449726
0.97175,-0.5454540008133474
0.9718333333333333,-0.3415726610932956
0.9719166666666667,-0.25087726965832635
0.972,-0.38250512235066564
0.9720833333333333,-0.13490978738986467
0.9721666666666666,-0.18810418508424703
0.97225,-0.02800684628277688
0.9723333333333334,-0.07768078255739205
0.9724166666666667,-0.1786012628917545
0.9725,0.10625033841071797
0.9725833333333334,-0.198504414560019
0.9726666666666667,-0.25236909703881094
0.97275,-0.18120401350838616
0.9728333333333333,-0.40815669080934336
0.9729166666666667,-0.4451823252292405
0.973,-0.7029068216668478
0.9730833333333333,-0.5675974257365514
0.9731666666666666,-0.2874517307080191
0.97325,-0.32095674660207274
0.9733333333333334,-0.03462806808544148
0.9734166666666667,0.04329589703547638
0.9735,-0.1291117039645834
0.9735833333333334,0.016591670972866568
0.9736666666666667,0.1833882917129823
0.97375,0.4058318551832431
0.9738333333333333,0.7226915546762024
0.9739166666666667,0.5273540358429339
0.974,0.370934287000159
0.9740833333333333,0.42106387602585393
0.9741666666666666,0.02919500931275345
0.97425,-0.07783187161569005
0.9743333333333334,-0.0074688513798129175
0.9744166666666667,0.14053778101804273
0.9745,0.561952780902774
0.9745833333333334,0.5458009162151841
0.9746666666666667,0.5361905622382686
0.97475,0.5156182030337435
0.9748333333333333,0.334021440965513
0.9749166666666667,0.2550783001621866
0.975,0.06901619130873311
0.9750833333333333,0.1489431662957447
0.9751666666666666,0.09994047545162273
0.97525,0.058916693660211565
0.9753333333333334,0.2459683020414573
0.9754166666666667,-0.051131779134070084
0.9755,-0.13731134966003128
0.9755833333333334,-0.08889240520700684
0.9756666666666667,-0.18101149924395338
0.97575,-0.0826578129842686
0.9758333333333333,0.0004538057750069206
0.9759166666666667,0.34841245598417947
0.976,0.30856377144554303
0.9760833333333333,0.07417262268320442
0.9761666666666666,0.11989236126628765
0.97625,-0.3138023009991281
0.9763333333333334,-0.4648597594032954
0.9764166666666667,-0.40720833253591215
0.9765,-0.5611934484197273
0.9765833333333334,-0.49098071570245316
0.9766666666666667,-0.5888291025934081
0.97675,-0.4869902650263141
0.9768333333333333,-0.3913196609116431
0.9769166666666667,-0.6439479381873136
0.977,-0.5034122885601334
0.9770833333333333,-0.34040763919435424
0.9771666666666666,-0.2829861276149022
0.97725,0.0470763534342044
0.9773333333333334,0.14119340834187535
0.9774166666666667,-0.051764498036455026
0.9775,0.04929595646851819
0.9775833333333334,0.12542879530617498
0.9776666666666667,-0.10515279227086635
0.97775,0.028718538697771988
0.9778333333333333,0.18511251025434047
0.9779166666666667,0.08926846247544701
0.978,0.16271255469524235
0.9780833333333333,0.09354994944707473
0.9781666666666666,0.20202895281455982
0.97825,0.4178097899041337
0.9783333333333334,0.2884257281151876
0.9784166666666667,0.3693269300577772
0.9785,0.42316808843522385
0.9785833333333334,0.30892014047584554
0.9786666666666667,0.2744989636021049
0.97875,-0.07579780019365669
0.9788333333333333,-0.31384994790568754
0.9789166666666667,-0.13631308391354258
0.979,-0.13499212661150142
0.9790833333333333,0.022708230096125777
0.9791666666666666,0.41736444706832787
0.97925,0.2692981877538669
0.9793333333333333,0.19800220309208355
0.9794166666666667,0.2508520333040556
0.9795,-0.04834610157184415
0.9795833333333334,0.24706988870072558
0.9796666666666667,0.48111275983392426
0.97975,0.3274270631709908
0.9798333333333333,0.5045292881424567
0.9799166666666667,0.31596213653238314
0.98,0.158065456131267
0.9800833333333333,0.16101578585261597
0.9801666666666666,-0.03179393735639259
0.98025,0.11908615666330795
0.9803333333333333,0.22824068967139938
0.9804166666666667,0.33835345669002337
0.9805,0.4338595973547503
0.9805833333333334,0.13398033578137344
0.9806666666666667,-0.06552415982066544
0.98075,-0.1982122723861977
0.9808333333333333,-0.2746791466360759
0.9809166666666667,-0.29010553215351603
0.981,-0.324036126120253
0.9810833333333333,-0.17691390338890614
0.9811666666666666,-0.1888597892067551
0.98125,-0.185536113633969
0.9813333333333333,-0.19224968153218813
0.9814166666666667,-0.4683321556231547
0.9815,-0.28189975723165184
0.9815833333333334,0.030010541909585985
0.9816666666666667,-0.07224640509899377
0.98175,-0.005195439638834559
0.9818333333333333,-0.04524516248237279
0.9819166666666667,-0.19296552333400047
0.982,-0.13838447374259835
0.9820833333333333,-0.3856852152009111
0.9821666666666666,-0.44891140588117207
0.98225,-0.3222529037097618
0.9823333333333333,-0.4093587734003049
0.9824166666666667,-0.19435603266954488
0.9825,-0.16754781246058698
0.9825833333333334,-0.17355033884600718
0.9826666666666667,0.07602008525955219
0.98275,-0.0055333597073052515
0.9828333333333333,0.12835534948149332
0.9829166666666667,0.1667748777657555
0.983,0.09003243089591428
0.9830833333333333,0.4133510482488003
0.9831666666666666,0.3173954655035445
0.98325,0.41171680527015314
0.9833333333333333,0.4887452499678579
0.9834166666666667,-0.03723035262633315
0.9835,0.061901584130051895
0.9835833333333334,0.21242019576357477
0.9836666666666667,0.20601221372265277
0.98375,0.25227093156859765
0.9838333333333333,-0.06802965841538088
0.9839166666666667,-0.02524061837888585
0.984,0.00183413058794294
0.9840833333333333,-0.1379936071509342
0.9841666666666666,-0.08325068122384625
0.98425,-0.08532674244892359
0.9843333333333333,0.11061865104169957
0.9844166666666667,0.19101939733254472
0.9845,-0.06802214353625957
0.9845833333333334,-0.2862800783635876
0.9846666666666667,-0.4288089262483341
0.98475,-0.5303909139022703
0.9848333333333333,-0.5035261382485586
0.9849166666666667,-0.37997076597343726
0.985,-0.22991194000523646
0.9850833333333333,-0.27505184616507405
0.9851666666666666,-0.24420080759758755
0.98525,-0.08610298587704904
0.9853333333333333,-0.43541549900267684
0.9854166666666667,-0.2681882731427277
0.9855,0.20177763940235824
0.9855833333333334,-0.0902341951368032
0.9856666666666667,0.18354988675468137
0.98575,0.38791439427467056
0.9858333333333333,-0.1071129112267845
0.9859166666666667,0.014171058160772312
0.986,-0.0504413163262114
0.9860833333333333,-0.2945774590256426
0.9861666666666666,0.07673445800975295
0.98625,0.08780528152543715
0.9863333333333333,0.26998459405562736
0.9864166666666667,0.6413962755345167
0.9865,0.37295615971231555
0.9865833333333334,0.43187073714043445
0.9866666666666667,0.23160602958137014
0.98675,0.06353743464035437
0.9868333333333333,0.5014268298307685
0.9869166666666667,0.23473731161712413
0.987,0.278071604631996
0.9870833333333333,0.19584104676496547
0.9871666666666666,-0.20161049082556876
0.98725,0.1399327871277204
0.9873333333333333,-0.3688939015864021
0.9874166666666667,-0.6623663327075101
0.9875,-0.3667557800410545
0.9875833333333334,-0.6136091845128088
0.9876666666666667,-0.30086072841948897
0.98775,-0.11268326899845288
0.9878333333333333,-0.25914418180804466
0.9879166666666667,-0.24654534679612145
0.988,-0.18450265776517596
0.9880833333333333,0.1081375551890141
0.9881666666666666,0.08932169882632164
0.98825,0.22384947947698425
0.9883333333333333,0.4391859339407265
0.9884166666666667,0.2663373330949677
0.9885,0.2105301102751486
0.9885833333333334,0.0020839609586527424
0.9886666666666667,-0.10373002059699848
0.98875,-0.05010656097400202
0.9888333333333333,0.007216756067169111
0.9889166666666667,0.3223849995792562
0.989,0.27391223786659596
0.9890833333333333,0.23092375632586326
0.9891666666666666,0.2873185625758287
0.98925,-0.20109391259616624
0.9893333333333333,-0.3467114594788491
0.9894166666666667,-0.33206902037064473
0.9895,-0.5958346277275421
0.9895833333333334,-0.332901619317238
0.9896666666666667,-0.2696856426603203
0.98975,-0.5416326629664175
0.9898333333333333,-0.3552971183648141
0.9899166666666667,-0.4914417563926152
0.99,-0.6918056212449807
0.9900833333333333,-0.36382586446980536
0.9901666666666666,-0.12890739908185106
0.99025,0.17885133934635328
0.9903333333333333,0.4760531472853638
0.9904166666666666,0.6030119134623809
0.9905,0.6203618232068658
0.9905833333333334,0.21325782364812537
0.9906666666666667,0.04271765084345956
0.99075,0.10843299206188581
0.9908333333333333,0.0033877256132395913
0.9909166666666667,0.20739712423557208
0.991,0.2954134564018067
0.9910833333333333,0.10514162102085332
0.9911666666666666,0.09160248458794612
0.99125,-0.09295405605390701
0.9913333333333333,-0.4161290372292522
0.9914166666666666,-0.32073889801213845
0.9915,-0.06949126834675995
0.9915833333333334,0.04835743407304535
0.9916666666666667,0.2941015551916007
0.99175,0.4356889835534895
0.9918333333333333,0.29374269222856464
0.9919166666666667,0.20520212326448367
0.992,0.32133173717924074
0.9920833333333333,0.4208883813881606
0.9921666666666666,0.3065605616239385
0.99225,0.11927579768797111
0.9923333333333333,-0.006074977967342993
0.9924166666666666,0.002379224818993624
0.9925,-0.012788562668503485
0.9925833333333334,-0.12423487092032537
0.9926666666666667,0.024170161771262414
0.99275,0.1534713720742503
0.9928333333333333,0.19532370566963445
0.9929166666666667,0.4117701161584672
0.993,0.17172766934627742
0.9930833333333333,-0.14449517875362441
0.9931666666666666,-0.3017232856863177
0.99325,-0.7027234572542242
0.9933333333333333,-0.6835133720438091
0.9934166666666666,-0.7435316620235018
0.9935,-0.7610097298999045
0.9935833333333334,-0.4077270511709483
0.9936666666666667,-0.46731480095928213
0.99375,-0.23540872095843884
0.9938333333333333,-0.1548927533692167
0.9939166666666667,-0.3547614024056783
0.994,-0.18862680332033047
0.9940833333333333,-0.2570798594017627
0.9941666666666666,0.07182157519068769
0.99425,0.4219295752160825
0.9943333333333333,0.37024354156174255
0.9944166666666666,0.4401546556591163
0.9945,0.1899931368630999
0.9945833333333334,0.04861127044910454
0.9946666666666667,-0.030365058548147947
0.99475,-0.08516479432986349
0.9948333333333333,0.20726958618154107
0.9949166666666667,0.26349102968964866
0.995,0.23837296119282894
0.9950833333333333,0.15144298489732522
0.9951666666666666,-0.008840262900402178
0.99525,-0.012795057039081927
0.9953333333333333,-0.1504233281029472
0.9954166666666666,-0.2181354236786758
0.9955,-0.06219029976272486
0.9955833333333334,0.11188294488722329
0.9956666666666667,0.34667850091893304
0.99575,0.5267427640589494
0.9958333333333333,0.5116967160299053
0.9959166666666667,0.43613685669008706
0.996,0.34229612782994184
0.9960833333333333,0.3268729732018661
0.9961666666666666,0.2689710635366762
0.99625,0.26063681413283085
0.9963333333333333,0.6136563845105778
0.9964166666666666,0.5314106264352434
0.9965,0.20945877741093222
0.9965833333333334,0.1746351330892838
0.9966666666666667,-0.21833144230064358
0.99675,-0.3055801072901236
0.9968333333333333,-0.1400191276487043
0.9969166666666667,-0.18553190170959027
0.997,0.08732828148411509
0.9970833333333333,0.1313498905173481
0.9971666666666666,0.15830689839426962
0.99725,0.27917440950105854
0.9973333333333333,0.0061342682727597775
0.9974166666666666,0.08680027210717182
0.9975,0.1952654738702608
0.9975833333333334,0.037898578301893616
0.9976666666666667,0.22239992640962583
0.99775,0.1127082208944637
0.9978333333333333,-0.22633850229670735
0.9979166666666667,-0.12090234617547654
0.998,-0.09525285882444787
0.9980833333333333,-0.2063057750900812
0.9981666666666666,-0.11724026966206894
0.99825,-0.13862122545601033
0.9983333333333333,-0.22052042426679735
0.9984166666666666,-0.14014206994544137
0.9985,-0.20882795099524837
0.9985833333333334,-0.259343171176321
0.9986666666666667,-0.17269254315869204
0.99875,-0.3238757394595637
0.9988333333333334,-0.36743801335465676
0.9989166666666667,-0.420893375818901
0.999,-0.6256425564392543
0.9990833333333333,-0.50332570439002
0.9991666666666666,-0.4924319397025171
0.99925,-0.3659399139915609
0.9993333333333333,0.07062633290407339
0.9994166666666666,0.03023113727478384
0.9995,0.041246359881340615
0.9995833333333334,0.1656420103474453
0.9996666666666667,-0.10744398474586363
0.99975,-0.0986777747494594
0.9998333333333334,0.057147743561340315
0.9999166666666667,0.12953525420093762
