time_s,amplitude
0.0,-0.02926577885711085
8.333333333333333e-05,0.16057182149135382
0.00016666666666666666,0.10097658364547568
0.00025,0.1128757198085061
0.0003333333333333333,0.09718370688495896
0.0004166666666666667,-6.483059995758726e-05
0.0005,-0.0405963894534215
0.0005833333333333334,-0.09329034279544228
0.0006666666666666666,0.005482969634199792
0.00075,0.04385942012228736
0.0008333333333333334,0.10227466745314073
0.0009166666666666666,0.35668256593891773
0.001,0.38422981071334894
0.0010833333333333333,0.37193446618421566
0.0011666666666666668,0.1809091316559776
0.00125,0.07336395860089073
0.0013333333333333333,0.3832025748349964
0.0014166666666666668,0.3240408874524963
0.0015,0.25155874819982266
0.0015833333333333333,0.29321958415088484
0.0016666666666666668,0.11760647296943619
0.00175,0.18003862264419287
0.0018333333333333333,0.3265643085584003
0.0019166666666666666,0.3186002063294458
0.002,0.313633338365461
0.0020833333333333333,0.34342962740048055
0.0021666666666666666,0.13583604278244477
0.00225,-0.006167121209551743
0.0023333333333333335,0.15159531041739285
0.002416666666666667,0.11767475872492476
0.0025,0.15510445306543816
0.0025833333333333333,0.11480644388700004
0.0026666666666666666,-0.08274831120327208
0.00275,-0.0018366656422504919
0.0028333333333333335,-0.0868452200875001
0.002916666666666667,-0.10558966249394203
0.003,-0.0036181035545934954
0.0030833333333333333,-0.02941232033477593
0.0031666666666666666,0.12474513484876112
0.00325,0.12772442409110643
0.0033333333333333335,0.16041243269957325
0.003416666666666667,0.28364439741051733
0.0035,0.08048472752723151
0.0035833333333333333,-0.06678985302100517
0.0036666666666666666,-0.046702984100051644
0.00375,-0.05774627458631981
0.003833333333333333,0.07718705751591375
0.003916666666666666,0.22734864531374246
0.004,0.06452451852748167
0.004083333333333333,0.019440665953593565
0.004166666666666667,0.08917781793043011
0.00425,-0.005987486062160688
0.004333333333333333,0.022751116537373436
0.004416666666666667,-0.09212197536353825
0.0045,-0.092445062060882
0.004583333333333333,0.1680760630012037
0.004666666666666667,0.1237438850232859
0.00475,0.10901847299547317
0.004833333333333334,0.17815100041479257
0.004916666666666666,-0.07191441910610184
0.005,-0.3200451784197332
0.005083333333333333,-0.2966919154418347
0.005166666666666667,-0.3220837189573598
0.00525,-0.2206786058187466
0.005333333333333333,-0.045156744504597085
0.005416666666666667,-0.14626342924240618
0.0055,-0.05565277109943144
0.005583333333333333,-0.14352841086920012
0.005666666666666667,-0.298300727781013
0.00575,-0.0421645029128442
0.005833333333333334,-0.06769490987889817
0.005916666666666666,0.0331056582118488
0.006,0.21636271936937246
0.006083333333333333,0.11911193342362894
0.006166666666666667,0.1734706134719895
0.00625,0.14706490000925798
0.006333333333333333,0.23592766313034472
0.006416666666666667,0.170188183302186
0.0065,0.015374481751341816
0.006583333333333333,0.2654108573095345
0.006666666666666667,0.0905711131087795
0.00675,0.06201747888562585
0.006833333333333334,0.2983005993249079
0.0069166666666666664,0.007740819545329637
0.007,0.07520513806252445
0.007083333333333333,0.2297777538638953
0.007166666666666667,0.2003413526141278
0.00725,0.3464680517895239
0.007333333333333333,0.21447772471497428
0.007416666666666667,0.2069469495687785
0.0075,0.1453651215578863
0.007583333333333333,-0.010436035439002043
0.007666666666666666,0.1791322133696281
0.00775,-0.025460819992768984
0.007833333333333333,-0.1561856361175634
0.007916666666666667,0.06852751806708038
0.008,0.0869097900139391
0.008083333333333333,0.3073496257425168
0.008166666666666666,0.44446134330545284
0.00825,0.3789050382165612
0.008333333333333333,0.3051361588123228
0.008416666666666666,0.1348333653302498
0.0085,0.19557623784622938
0.008583333333333333,0.18930280832640817
0.008666666666666666,0.21898969462179882
0.00875,0.2974606510254359
0.008833333333333334,0.01281856989840227
0.008916666666666666,-0.019230075733308174
0.009,-0.04554212500545174
0.009083333333333334,-0.08048855427586954
0.009166666666666667,0.19712063976005967
0.00925,0.1638559307764213
0.009333333333333334,0.16803769616361333
0.009416666666666667,0.10694248328231279
0.0095,-0.036478993750108824
0.009583333333333333,0.05327517517732491
0.009666666666666667,-0.09115827750928415
0.00975,-0.15793974143156875
0.009833333333333333,-0.2563174729814499
0.009916666666666667,-0.23675136985766065
0.01,-0.009594367852190417
0.010083333333333333,-0.14623965154175997
0.010166666666666666,-0.14422351553584714
0.01025,-0.09886042159703463
0.010333333333333333,-0.08418679408490144
0.010416666666666666,-0.023146198444113884
0.0105,-0.09286936701749071
0.010583333333333333,-0.04105421762528967
0.010666666666666666,-0.13416715072845273
0.01075,-0.018348989313523977
0.010833333333333334,0.1888170580066053
0.010916666666666667,0.0865049313663063
0.011,0.16394532212144877
0.011083333333333334,0.18597939165612384
0.011166666666666667,0.23635612281718754
0.01125,0.27948646006900374
0.011333333333333334,0.3037208172650499
0.011416666666666667,0.4510732304346987
0.0115,0.1963673651936473
0.011583333333333333,0.11406149028143438
0.011666666666666667,0.1101066460367996
0.01175,0.04118378852069704
0.011833333333333333,0.3224058944822014
0.011916666666666667,0.061712899738211445
0.012,-0.03124886345830406
0.012083333333333333,0.24549014191255053
0.012166666666666666,0.08525997022320236
0.01225,0.3198070254377044
0.012333333333333333,0.4133356898623932
0.012416666666666666,0.1824153635305961
0.0125,0.17318491238489542
0.012583333333333334,-0.04808540038155129
0.012666666666666666,-0.016286669521514783
0.01275,0.09573171977473154
0.012833333333333334,0.1315781213807238
0.012916666666666667,0.34488982750015473
0.013,0.13685885310784035
0.013083333333333334,0.20325478736176283
0.013166666666666667,0.4718107322936387
0.01325,0.037308655837309454
0.013333333333333334,-0.06814283388935982
0.013416666666666667,-0.01942767927018541
0.0135,-0.1913603610224515
0.013583333333333333,0.22138174408834976
0.013666666666666667,0.41876829788784364
0.01375,0.2854159434038324
0.013833333333333333,0.24156496651856602
0.013916666666666667,-0.02321994809017643
0.014,-0.09301042535917364
0.014083333333333333,-0.07655276435610217
0.014166666666666666,0.06728975140842477
0.01425,0.32775356048898174
0.014333333333333333,0.18347134551490835
0.014416666666666666,0.01864204231261107
0.0145,-0.12627278971253125
0.014583333333333334,-0.21526504633359836
0.014666666666666666,-0.07445088817555032
0.01475,-0.14478110106153042
0.014833333333333334,-0.25573321408484107
0.014916666666666667,-0.026764345135832094
0.015,0.1957697080892673
0.015083333333333334,0.15284927048653243
0.015166666666666667,0.15465427107657112
0.01525,-0.033748503975882055
0.015333333333333332,-0.3747491296365919
0.015416666666666667,-0.20092218170123471
0.0155,-0.01867475779047945
0.015583333333333333,0.0036715985590131516
0.015666666666666666,0.050857468599328395
0.01575,-0.15666743913953987
0.015833333333333335,-0.1572583389996778
0.015916666666666666,-0.07610494190556101
0.016,-0.11018982704463584
0.016083333333333335,-0.014848434950329578
0.016166666666666666,-0.028941368846326695
0.01625,-0.007245919837689867
0.01633333333333333,0.040880411411373156
0.016416666666666666,0.08300106017625514
0.0165,0.08990118944502962
0.016583333333333332,-0.1012861171887671
0.016666666666666666,-0.024607268844130833
0.01675,0.05034687665307086
0.016833333333333332,0.01024877632920789
0.016916666666666667,0.22460505324730928
0.017,0.16850639075285292
0.017083333333333332,0.1349427501890885
0.017166666666666667,0.17042668425377105
0.01725,-0.07036189949109918
0.017333333333333333,0.004763183501705159
0.017416666666666667,0.03289411807473685
0.0175,0.12786327021893706
0.017583333333333333,0.4218101583722035
0.017666666666666667,0.17071153544263
0.01775,0.12640426243382777
0.017833333333333333,0.17248981256552748
0.017916666666666668,-0.03588381964107879
0.018,0.13808262159380622
0.018083333333333333,0.11292660248505562
0.018166666666666668,0.11023323303129287
0.01825,0.2631781976657681
0.018333333333333333,0.03480892520196627
0.018416666666666668,-0.028814127431402197
0.0185,-0.01834384008582124
0.018583333333333334,-0.0021403661727796234
0.018666666666666668,0.135689430727055
0.01875,0.060227438771880915
0.018833333333333334,0.059103416976053286
0.018916666666666665,0.19894791809730086
0.019,0.3043388234785063
0.019083333333333334,0.30795738242143134
0.019166666666666665,0.10350341250474378
0.01925,0.019870759670670365
0.019333333333333334,0.057513425458395176
0.019416666666666665,-0.027713189833342578
0.0195,0.06514821677814328
0.019583333333333335,0.1928656179448475
0.019666666666666666,0.12716108300511167
0.01975,0.086747281926579
0.019833333333333335,-0.08214215772121905
0.019916666666666666,-0.1109685700917435
0.02,0.07800030306120866
0.020083333333333335,0.04881806490665763
0.020166666666666666,0.09937806847020715
0.02025,0.13627737044777116
0.02033333333333333,0.07628242948885239
0.020416666666666666,0.19584395778456332
0.0205,-0.0019331312773168841
0.020583333333333332,-0.2158632310394561
0.020666666666666667,0.03524834210350655
0.02075,-0.06773448735502365
0.020833333333333332,-0.24968251988363166
0.020916666666666667,-0.004223279484880663
0.021,-0.0490383825102977
0.021083333333333332,0.011832336472550433
0.021166666666666667,0.23051171228915615
0.02125,0.02380565986691922
0.021333333333333333,0.09845690574223558
0.021416666666666667,0.28184251008057465
0.0215,0.1115908816483423
0.021583333333333333,0.03242404745622971
0.021666666666666667,0.061304918470267145
0.02175,0.03607697706047551
0.021833333333333333,-0.13182442939422193
0.021916666666666668,-0.1509705106203317
0.022,-0.06591926698793035
0.022083333333333333,-0.09912496403266194
0.022166666666666668,0.01423489000165022
0.02225,-0.10058899470946969
0.022333333333333334,-0.19028715829501394
0.022416666666666668,-0.03433578842151659
0.0225,-0.21085836537557984
0.022583333333333334,-0.12555668047454083
0.02266666666666667,0.005157601361230715
0.02275,-0.2474360960902482
0.022833333333333334,-0.0704849658609528
0.022916666666666665,-0.023151934024576663
0.023,-0.1590421710467416
0.023083333333333334,0.13774588227345727
0.023166666666666665,0.07268436814168054
0.02325,-0.007419256515058486
0.023333333333333334,0.16199449216880718
0.023416666666666665,0.038510086141881825
0.0235,0.14648411466435227
0.023583333333333335,0.1983100311160277
0.023666666666666666,0.0055774997190129304
0.02375,-0.006259704680493356
0.023833333333333335,-0.08270919919383511
0.023916666666666666,0.03426697751038519
0.024,0.2698429210253345
0.024083333333333335,0.13911167855694895
0.024166666666666666,0.07816169749924197
0.02425,0.21419107079758026
0.024333333333333332,0.16351993939894074
0.024416666666666666,0.16505881436311767
0.0245,0.03459839757575486
0.024583333333333332,-0.27839265134393076
0.024666666666666667,-0.16145682812705636
0.02475,-0.20866440150815863
0.024833333333333332,-0.38765730944248145
0.024916666666666667,-0.1440709538063671
0.025,-0.039007728947092354
0.025083333333333332,0.15610297652456837
0.025166666666666667,0.4347468875038912
0.02525,0.3661403603995446
0.025333333333333333,0.3297603467086435
0.025416666666666667,0.33645760646171585
0.0255,0.17127318070385184
0.025583333333333333,-0.00048302543417446016
0.025666666666666667,0.06436054458882895
0.02575,0.17530333384058658
0.025833333333333333,0.07584472721224153
0.025916666666666668,0.06527426177261587
0.026,0.17656422176072836
0.026083333333333333,0.12110235973249026
0.026166666666666668,0.058874441681974206
0.02625,0.07748701007362677
0.026333333333333334,0.05571807870905267
0.026416666666666668,0.05863138494594372
0.0265,0.03827122185744482
0.026583333333333334,-0.04222016842020122
0.02666666666666667,-0.10920328185594655
0.02675,-0.0675474237276665
0.026833333333333334,0.01259995445719044
0.026916666666666665,-0.03436162483351362
0.027,-0.0602561968611465
0.027083333333333334,-0.05162336471994734
0.027166666666666665,-0.13638813517561055
0.02725,-0.2504478926366878
0.027333333333333334,-0.2427491814001473
0.027416666666666666,-0.10027985745397366
0.0275,0.005066440086316027
0.027583333333333335,0.1521636076939956
0.027666666666666666,0.2732026428322447
0.02775,0.19436256276435868
0.027833333333333335,0.11253335790600855
0.027916666666666666,0.09119427944655908
0.028,0.1616589894471215
0.02808333333333333,0.16214223587245002
0.028166666666666666,0.12226978762116557
0.02825,0.22616807596359967
0.028333333333333332,0.09411612245390094
0.028416666666666666,0.18308703545327912
0.0285,0.46424802239300306
0.028583333333333332,0.23334452169258552
0.028666666666666667,0.10278780362974478
0.02875,0.02026299688399429
0.028833333333333332,-0.23273205325803661
0.028916666666666667,-0.19601209825754373
0.029,-0.10766753597306879
0.029083333333333333,-0.09354301893175959
0.029166666666666667,0.09563698614731783
0.02925,0.23416976671482034
0.029333333333333333,0.051443752041590046
0.029416666666666667,0.03867306155225083
0.0295,0.11846643257094977
0.029583333333333333,-0.17019265934535707
0.029666666666666668,-0.2239451461119888
0.02975,-0.06457405556824895
0.029833333333333333,-0.1777626843203409
0.029916666666666668,0.00674450009578084
0.03,0.32157350151006237
0.030083333333333333,0.1355254394561294
0.030166666666666668,0.08220069136848017
0.03025,0.1623898927626
0.030333333333333334,0.09204895202611438
0.030416666666666668,0.32133754593333247
0.0305,0.46441918609737176
0.030583333333333334,0.38555610525289247
0.030666666666666665,0.30529796556814504
0.03075,0.013151850988828899
0.030833333333333334,-0.2052385455967429
0.030916666666666665,-0.18468357174160605
0.031,-0.07126960745054503
0.031083333333333334,0.016524254397733352
0.031166666666666665,-0.029124144409903293
0.03125,0.032453337433983084
0.03133333333333333,0.1361843182022825
0.03141666666666667,0.054711095596008064
0.0315,-0.005537925527791256
0.03158333333333333,-0.08879183654972025
0.03166666666666667,-0.24322405217517445
0.03175,-0.2737941001080078
0.03183333333333333,-0.1594101840663271
0.03191666666666667,-0.02339680895683049
0.032,0.015582802024360893
0.03208333333333333,-0.004974700672491341
0.03216666666666667,-0.15239632517990293
0.03225,-0.3215174020197793
0.03233333333333333,-0.2090138341348141
0.03241666666666667,0.04214883219150572
0.0325,0.07710612494766014
0.03258333333333333,0.08611822225313699
0.03266666666666666,0.19689625936471003
0.03275,-0.0006338809491603735
0.03283333333333333,0.005021551922767735
0.032916666666666664,0.2698407350041576
0.033,0.14620221896641922
0.03308333333333333,0.08109287513417779
0.033166666666666664,0.03245371381381241
0.03325,0.097891724742705
0.03333333333333333,0.2892539003853316
0.033416666666666664,0.11878129225436157
0.0335,0.16410123421590503
0.03358333333333333,0.15048114048978165
0.033666666666666664,0.04977452438991829
0.03375,0.2940194374151715
0.03383333333333333,0.1926311896178913
0.033916666666666664,0.14089950627012207
0.034,0.11246431398949444
0.034083333333333334,-0.27713191215995286
0.034166666666666665,-0.35304760312877415
0.03425,-0.28580387055405093
0.034333333333333334,-0.06012429475954381
0.034416666666666665,0.17597159055433745
0.0345,0.06257022708880478
0.034583333333333334,0.05047801912393697
0.034666666666666665,-0.04126864534328
0.03475,-0.058458463951629444
0.034833333333333334,0.05668038585724593
0.034916666666666665,-0.10304280662309313
0.035,-0.058484212559624896
0.035083333333333334,-0.03457884508336853
0.035166666666666666,-0.2255913175933388
0.03525,-0.08965885367987599
0.035333333333333335,-0.035905923732371336
0.035416666666666666,-0.1511175312857936
0.0355,-0.1045087055938629
0.035583333333333335,-0.06479708854378341
0.035666666666666666,0.1229235382808559
0.03575,0.2622481561313899
0.035833333333333335,0.3002978956956668
0.035916666666666666,0.3437749730361762
0.036,0.04750041693930993
0.036083333333333335,-0.11331558981228379
0.036166666666666666,-0.13867294981525843
0.03625,-0.17841403625776883
0.036333333333333336,-0.024524451948393273
0.03641666666666667,-0.12510675785856945
0.0365,-0.165735425000378
0.036583333333333336,-0.18176302520181462
0.03666666666666667,-0.2223074623942399
0.03675,0.09680679239138246
0.036833333333333336,0.28276289218769934
0.03691666666666667,0.4364640965108648
0.037,0.3990237707837079
0.037083333333333336,0.06812777413304608
0.03716666666666667,-0.07474405952737886
0.03725,-0.1644391024037531
0.037333333333333336,0.019530598750198715
0.03741666666666667,0.25154968285238827
0.0375,0.15184157062870904
0.03758333333333334,0.12366749797583329
0.03766666666666667,0.14810515670408853
0.03775,0.04291534088960734
0.03783333333333333,0.006445369453100187
0.03791666666666667,0.108751164648007
0.038,0.10636816107265439
0.03808333333333333,0.09889691699065863
0.03816666666666667,0.3239848157208768
0.03825,0.337096030211874
0.03833333333333333,0.14350090052116848
0.03841666666666667,0.15248063280812377
0.0385,-0.01632988015306457
0.03858333333333333,-0.09270528887375266
0.03866666666666667,0.065781552608121
0.03875,0.060266291165555624
0.03883333333333333,0.19177142097691235
0.03891666666666667,0.07764962595968736
0.039,-0.08504867001897112
0.03908333333333333,-0.04798265526910975
0.03916666666666667,-0.31016957152700814
0.03925,-0.19272098114492645
0.03933333333333333,0.15375517286007492
0.03941666666666667,0.2315173050006927
0.0395,0.3074981599402421
0.03958333333333333,0.24536465209663166
0.03966666666666667,0.08825293730127899
0.03975,-0.02076681369046331
0.03983333333333333,0.04555076903965383
0.03991666666666667,0.0465462228948754
0.04,-0.03957974669705297
0.04008333333333333,0.12626641953557755
0.04016666666666667,0.1876505050544878
0.04025,0.157511774402282
0.04033333333333333,0.17292506264305924
0.04041666666666666,0.009687605415663046
0.0405,-0.13482474150274515
0.04058333333333333,-0.15615287777648373
0.04066666666666666,-0.2007218172854179
0.04075,-0.1830329439524077
0.04083333333333333,0.07878723286582427
0.040916666666666664,0.22160979579243031
0.041,-0.012797544646501556
0.04108333333333333,-0.07802747476135447
0.041166666666666664,-0.08744174184989614
0.04125,-0.318458853302113
0.04133333333333333,-0.2704913019076037
0.041416666666666664,-0.16302733066456923
0.0415,-0.1135949619745127
0.04158333333333333,0.07778949517529776
0.041666666666666664,0.1055498308768653
0.04175,0.1694619016179747
0.041833333333333333,0.012061373031047552
0.041916666666666665,-0.2641507115812525
0.042,-0.07298940258491282
0.042083333333333334,-0.08248739707124109
0.042166666666666665,0.11551657874448436
0.04225,0.6139544432310072
0.042333333333333334,0.4338844713502641
0.042416666666666665,0.1717557478916515
0.0425,0.03893012403343933
0.042583333333333334,-0.06709971060190746
0.042666666666666665,-0.04127942482407533
0.04275,-0.0122913601423513
0.042833333333333334,0.18595358531161246
0.042916666666666665,0.18698594129949347
0.043,0.1820070880095327
0.043083333333333335,0.13615341948465387
0.043166666666666666,-0.23960138336713233
0.04325,-0.20222299686367984
0.043333333333333335,-0.15448973348369333
0.043416666666666666,-0.1818801104393198
0.0435,0.2115806013124248
0.043583333333333335,0.25160043435179374
0.043666666666666666,0.16051034632646552
0.04375,0.1785997066757219
0.043833333333333335,-0.08712832461903017
0.043916666666666666,-0.14070816850532444
0.044,-0.17412872588974374
0.044083333333333335,-0.2539922400599362
0.04416666666666667,-0.02569093129336283
0.04425,0.025326656718244325
0.044333333333333336,0.06037588878470881
0.04441666666666667,0.09167721948141981
0.0445,-0.09713818928744503
0.044583333333333336,0.14014733943994756
0.04466666666666667,0.30179801446553545
0.04475,0.11861509085273268
0.044833333333333336,0.2696123687804466
0.04491666666666667,0.2419111620343469
0.045,0.18143578294469068
0.045083333333333336,0.31559140077686576
0.04516666666666667,-0.016942697371495792
0.04525,-0.19375606579143434
0.04533333333333334,-0.025771245100454292
0.04541666666666667,-0.09395244479565071
0.0455,0.04695959956436039
0.04558333333333333,0.16837010108925365
0.04566666666666667,-0.10047077110701219
0.04575,-0.07646930911976316
0.04583333333333333,-0.04572324528455929
0.04591666666666667,-0.2461593883433038
0.046,-0.13435481921239484
0.04608333333333333,-0.0029319053918899513
0.04616666666666667,-0.06039279429418182
0.04625,-0.162334264955058
0.04633333333333333,-0.1722006652596883
0.04641666666666667,-0.15170361960266074
0.0465,-0.27972367506109913
0.04658333333333333,-0.2029924673601833
0.04666666666666667,-0.10295597153379898
0.04675,-0.11052689131284685
0.04683333333333333,0.05959248603151041
0.04691666666666667,-0.00964437885273966
0.047,-0.10815989987661634
0.04708333333333333,0.0764255815544497
0.04716666666666667,0.008613693681768257
0.04725,-0.22705232425011707
0.04733333333333333,-0.22619890371135598
0.04741666666666667,0.005059282164126223
0.0475,0.22060963084652005
0.04758333333333333,0.38385538693709964
0.04766666666666667,0.4208482727771402
0.04775,0.16694731794664897
0.04783333333333333,0.08069509805651962
0.04791666666666667,0.012659569761477347
0.048,-0.1027717517972656
0.04808333333333333,0.12231845359873465
0.04816666666666667,0.07530320579741359
0.04825,-0.026682742062114215
0.04833333333333333,0.0882904562815489
0.04841666666666666,-0.09213959004173974
0.0485,-0.11142633480516487
0.04858333333333333,-0.028434611741843346
0.048666666666666664,-0.12378446386143285
0.04875,0.07620217885712252
0.04883333333333333,0.31720156774984365
0.048916666666666664,0.3582433462359891
0.049,0.28817753297534143
0.04908333333333333,-0.10198009676435407
0.049166666666666664,-0.344363597319502
0.04925,-0.3003274888244115
0.04933333333333333,-0.39845340315006406
0.049416666666666664,-0.24300682492587322
0.0495,0.03752200641445017
0.04958333333333333,0.23369663040214736
0.049666666666666665,0.3817187054100055
0.04975,0.10185414573469655
0.049833333333333334,0.053845059028971916
0.049916666666666665,0.25323611606331264
0.05,0.1676751034040131
0.050083333333333334,0.1383822314718752
0.050166666666666665,0.036518318133531874
0.05025,-0.02766519383406101
0.050333333333333334,-0.01462472192341588
0.050416666666666665,0.005576863145566059
0.0505,0.07514858103520768
0.050583333333333334,-0.10689364180958735
0.050666666666666665,-0.2162759486613629
0.05075,-0.22415686823457515
0.050833333333333335,-0.143961300509607
0.050916666666666666,0.1506606751934604
0.051,0.10649636351029691
0.051083333333333335,-0.13009016271030457
0.051166666666666666,-0.1698848245260442
0.05125,-0.26702740922090096
0.051333333333333335,-0.3245331785560225
0.051416666666666666,-0.12089069278778508
0.0515,-0.16918467921161356
0.051583333333333335,-0.21498885252519412
0.051666666666666666,0.11610904247732128
0.05175,-0.1468848724758364
0.051833333333333335,-0.3739637883431674
0.051916666666666667,-0.11789816106558021
0.052,-0.30693784875413976
0.052083333333333336,-0.15508216111204354
0.05216666666666667,0.0891557038015151
0.05225,-0.014179885651347377
0.052333333333333336,0.35908551602366456
0.05241666666666667,0.39471140477434125
0.0525,0.1635877068521063
0.052583333333333336,0.2814791712054388
0.05266666666666667,0.06477632652284862
0.05275,-0.09772955598662839
0.052833333333333336,0.07568739258237529
0.05291666666666667,0.13131287604057792
0.053,0.2197504844207988
0.05308333333333334,0.23223706752209652
0.05316666666666667,-0.06557669068638938
0.05325,-0.2145523303505153
0.05333333333333334,-0.1170560190112026
0.05341666666666667,-0.16382824651074854
0.0535,-0.0825351860498261
0.05358333333333333,0.1472716569656006
0.05366666666666667,0.1579184338859632
0.05375,0.17983496313495154
0.05383333333333333,0.08009982477671476
0.05391666666666667,-0.3846367910775354
0.054,-0.4614341231750188
0.05408333333333333,-0.03255473467207098
0.05416666666666667,0.06087682535683456
0.05425,0.07878354172329387
0.05433333333333333,0.22770957476386963
0.05441666666666667,0.02702188926018563
0.0545,-0.08657892963725755
0.05458333333333333,-0.006102432416890376
0.05466666666666667,-0.12491928279522152
0.05475,-0.1028028268163576
0.05483333333333333,0.10445968008491796
0.05491666666666667,0.2208039067932199
0.055,0.21537272254964887
0.05508333333333333,0.10036019249827167
0.05516666666666667,0.0645382409807495
0.05525,-0.08862196409819928
0.05533333333333333,-0.213294513408227
0.05541666666666667,-0.007288892314330083
0.0555,-0.10825185635504928
0.05558333333333333,-0.1517556896041156
0.05566666666666667,0.008774613610122451
0.05575,-0.18304027760266137
0.05583333333333333,-0.16105005144626616
0.05591666666666667,-0.18962352237785982
0.056,-0.3383082580621195
0.05608333333333333,-0.08429486126924898
0.05616666666666666,0.15987701826124542
0.05625,0.3038120070840046
0.05633333333333333,0.33199824034051273
0.056416666666666664,0.21865130434730162
0.0565,0.061108485428363044
0.05658333333333333,-0.042625239574525645
0.056666666666666664,-0.010518262035652337
0.05675,-0.13403933855341155
0.05683333333333333,-0.18698942709800503
0.056916666666666664,0.1561250660018444
0.057,0.4189439958608841
0.05708333333333333,0.4174419360089165
0.057166666666666664,0.5492577869080675
0.05725,0.46490316246558167
0.05733333333333333,0.07840637687139584
0.057416666666666664,-0.012899849291003239
0.0575,-0.03516779808848401
0.057583333333333334,0.052443225132495164
0.057666666666666665,0.19111717213049884
0.05775,0.20199192646500028
0.057833333333333334,0.2117536622141373
0.057916666666666665,-0.10944224853570267
0.058,-0.18889849712635928
0.058083333333333334,-0.20990795407955096
0.058166666666666665,-0.4058409008731701
0.05825,-0.09618157748833395
0.058333333333333334,-0.11340347673457188
0.058416666666666665,-0.12474321030603108
0.0585,0.1670422305095034
0.058583333333333334,0.014933493834794023
0.058666666666666666,-0.0018873518328833428
0.05875,-0.09398886847213676
0.058833333333333335,-0.1567894885293318
0.058916666666666666,0.02730288697194701
0.059,-0.025637057968054214
0.059083333333333335,0.18565624381191828
0.059166666666666666,0.22431575342139898
0.05925,-0.04609871038857832
0.059333333333333335,-0.054464733561806936
0.059416666666666666,-0.16093229266667713
0.0595,0.014383103616679672
0.059583333333333335,0.24859179381738714
0.059666666666666666,0.07298233607377559
0.05975,0.14046935751048195
0.059833333333333336,0.1235648995834521
0.05991666666666667,-0.026566301363298888
0.06,0.05279544342935594
0.060083333333333336,-0.11322298992223301
0.06016666666666667,-0.2695338982403561
0.06025,-0.1922020044133002
0.060333333333333336,-0.1289568210744601
0.06041666666666667,-0.028865653965560737
0.0605,0.043328037486200774
0.060583333333333336,0.025816599368591812
0.06066666666666667,-0.16476179993041054
0.06075,-0.3403815818679685
0.060833333333333336,-0.20536487482122562
0.06091666666666667,0.06787033652895076
0.061,0.11155431865332413
0.06108333333333334,0.04070718904466614
0.06116666666666667,0.14012803257173498
0.06125,0.03707921463489647
0.06133333333333333,0.08703134242571435
0.06141666666666667,0.384099683186367
0.0615,0.1444016432052477
0.06158333333333333,0.07688041439716313
0.06166666666666667,0.17258045306595635
0.06175,-0.012723508125582672
0.06183333333333333,0.26448850009837793
0.06191666666666667,0.35707018429774384
0.062,0.08640440476482691
0.06208333333333333,0.18904174864510334
0.06216666666666667,0.13961592024648364
0.06225,-0.045922306978730815
0.06233333333333333,-0.009643896643910988
0.06241666666666667,-0.09007045926233095
0.0625,-0.24849536147606635
0.06258333333333334,-0.26415846165569645
0.06266666666666666,-0.16830823126347297
0.06275,0.0065061782938343245
0.06283333333333334,0.034761190116618615
0.06291666666666666,-0.11596347968078594
0.063,-0.20245061421755478
0.06308333333333334,-0.36212389320301946
0.06316666666666666,-0.4405429813006447
0.06325,-0.312450500504422
0.06333333333333334,-0.3236008274662105
0.06341666666666666,-0.32381036865920065
0.0635,-0.2532777300665527
0.06358333333333334,-0.1477080763507434
0.06366666666666666,0.023773588079510317
0.06375,0.08019603488034016
0.06383333333333334,0.18021881193177308
0.06391666666666666,0.1778515864633525
0.064,0.09162956429105495
0.06408333333333334,0.11769216583881356
0.06416666666666666,0.003997782304784784
0.06425,0.053515746866785036
0.06433333333333334,0.13178518306503578
0.06441666666666666,0.01820054195804068
0.0645,0.06818349869554781
0.06458333333333334,0.04204744643954539
0.06466666666666666,0.10098116841887511
0.06475,0.3138684042825835
0.06483333333333334,0.28603322007966225
0.06491666666666666,0.19666909992091627
0.065,0.07948088899923411
0.06508333333333334,-0.0028988515612095745
0.06516666666666666,-0.03543462140723491
0.06525,-0.062286991759147856
0.06533333333333333,0.09392576407434851
0.06541666666666666,-0.0460588202197863
0.0655,-0.3578801051095216
0.06558333333333333,-0.2185101153729003
0.06566666666666666,-0.12453549229955632
0.06575,-0.09262303839184877
0.06583333333333333,0.07469630869926627
0.06591666666666667,-0.06569613291720393
0.066,-0.13532203435039963
0.06608333333333333,0.0355249204480745
0.06616666666666667,0.06756200624862771
0.06625,0.1499654675072599
0.06633333333333333,0.18826633869289533
0.06641666666666667,0.050356598585003035
0.0665,-0.00011701430762241756
0.06658333333333333,0.06828515431523507
0.06666666666666667,0.20334980077065498
0.06675,0.3093222902184499
0.06683333333333333,0.18680092095723294
0.06691666666666667,-0.1109603974788284
0.067,-0.18473774839784543
0.06708333333333333,-0.0074288913946285815
0.06716666666666667,0.2196783152827894
0.06725,0.3539185457912717
0.06733333333333333,0.14485404002764837
0.06741666666666667,0.02353285264930564
0.0675,0.015193447770450027
0.06758333333333333,-0.014677962049142417
0.06766666666666667,0.2524207917602609
0.06775,0.06896863927458585
0.06783333333333333,-0.21079201933008318
0.06791666666666667,-0.022978166857668732
0.068,-0.12351283545163352
0.06808333333333333,-0.024206854794254103
0.06816666666666667,0.1979744657710054
0.06825,0.028330452546997117
0.06833333333333333,-0.170150635875898
0.06841666666666667,-0.36603735288916894
0.0685,-0.19108432955008176
0.06858333333333333,0.16645566043977453
0.06866666666666667,0.3294971875133872
0.06875,0.2720285662283386
0.06883333333333333,-0.021636051624852503
0.06891666666666667,-0.07429331429575248
0.069,-0.16192090702373693
0.06908333333333333,-0.130431408341472
0.06916666666666667,0.11082715061845644
0.06925,0.014595842437131938
0.06933333333333333,0.07232498475521018
0.06941666666666667,0.028934710804445415
0.0695,-0.1285087078904321
0.06958333333333333,-0.06228601140751221
0.06966666666666667,-0.17825383472009576
0.06975,-0.18010709067997907
0.06983333333333333,-0.17599487376167008
0.06991666666666667,-0.16510124616254995
0.07,0.018206827770076258
0.07008333333333333,0.0019114740672753292
0.07016666666666667,-0.06694240784686739
0.07025,-0.10810890975259506
0.07033333333333333,-0.03176048319904208
0.07041666666666667,-0.0069437125273529385
0.0705,-0.07005673399812334
0.07058333333333333,0.06572898730544237
0.07066666666666667,-0.03260142289752185
0.07075,0.0037662378108053295
0.07083333333333333,0.14834954478209894
0.07091666666666667,-0.1084140112214676
0.071,-0.042142359803126916
0.07108333333333333,-0.09452655677657086
0.07116666666666667,-0.27915318651402
0.07125,0.114845955797233
0.07133333333333333,0.2035795233547232
0.07141666666666667,0.09319647230646322
0.0715,0.14397786069020654
0.07158333333333333,0.0063645687883359375
0.07166666666666667,0.04337294197577618
0.07175,0.10051927992374468
0.07183333333333333,0.09288363137326712
0.07191666666666667,0.16255398123782813
0.072,0.08648358065531592
0.07208333333333333,0.09999698145720907
0.07216666666666667,0.04227981185097488
0.07225,-0.08719466871502739
0.07233333333333333,-0.06718978651418508
0.07241666666666667,-0.2555302492896129
0.0725,-0.2259649204244281
0.07258333333333333,-0.02148118368941206
0.07266666666666667,-0.05634006907657843
0.07275,0.15433690716864776
0.07283333333333333,0.17367919993740338
0.07291666666666667,-0.08879850593076503
0.073,-0.016199256284654674
0.07308333333333333,-0.007283497081115595
0.07316666666666667,-0.06056743975894113
0.07325,0.05353871863112357
0.07333333333333333,0.09092340591654595
0.07341666666666667,0.196652540938836
0.0735,0.20667770646030628
0.07358333333333333,-0.03381460965415187
0.07366666666666667,-0.008277866052428995
0.07375,-0.0139174158471692
0.07383333333333333,-0.13913517126740801
0.07391666666666667,0.13195422200379847
0.074,0.13145627903633736
0.07408333333333333,0.03658691243884213
0.07416666666666667,0.296208192407614
0.07425,0.13401444735520077
0.07433333333333333,-0.0803469865281829
0.07441666666666667,-0.00571877237029335
0.0745,-0.009852237657592662
0.07458333333333333,-0.02970514149789118
0.07466666666666667,-0.15757804963437386
0.07475,-0.2531370051161778
0.07483333333333334,-0.3033332905696412
0.07491666666666667,-0.3401531558206559
0.075,-0.1455621729033202
0.07508333333333334,-0.029415255587966514
0.07516666666666667,-0.06907237762780334
0.07525,-0.13607489549896404
0.07533333333333334,-0.2630691510196833
0.07541666666666667,-0.2569244282474515
0.0755,-0.08268662329680276
0.07558333333333334,0.06175561615988992
0.07566666666666666,-0.017264037804622115
0.07575,-0.08046424426181839
0.07583333333333334,-0.011402751325005575
0.07591666666666666,0.0037288290094630704
0.076,0.14107133256879942
0.07608333333333334,0.1605457802871219
0.07616666666666666,-0.005711399035183374
0.07625,0.010275973642110402
0.07633333333333334,0.09792158781730355
0.07641666666666666,0.21237169595447208
0.0765,0.24162612309710108
0.07658333333333334,0.2157441124669651
0.07666666666666666,0.20013603441414365
0.07675,-0.05198723399478605
0.07683333333333334,-0.045306441133141265
0.07691666666666666,0.23414690386499734
0.077,0.18438855724481257
0.07708333333333334,0.1765225049255856
0.07716666666666666,0.22985756744136773
0.07725,0.07780908963950771
0.07733333333333334,-0.03877087047170716
0.07741666666666666,-0.13913537807788726
0.0775,-0.19124251019462432
0.07758333333333334,-0.14331605883900397
0.07766666666666666,-0.11465226253181192
0.07775,-0.08544224325898611
0.07783333333333334,-0.026137861905998736
0.07791666666666666,0.05209169860161431
0.078,0.07103534628154753
0.07808333333333334,-0.02215448303700419
0.07816666666666666,-0.11859422432116393
0.07825,-0.1674723339659697
0.07833333333333334,-0.125463917546155
0.07841666666666666,-0.009619788654971
0.0785,-0.12315395472171903
0.07858333333333334,-0.2911123083300719
0.07866666666666666,-0.13013762430966255
0.07875,-0.05630928299539705
0.07883333333333334,-0.12530945620392264
0.07891666666666666,-0.007017702574225586
0.079,-0.045688593344755106
0.07908333333333334,-0.1294638623632617
0.07916666666666666,0.012810452894367443
0.07925,-0.06537331373898593
0.07933333333333334,-0.2244305903203026
0.07941666666666666,-0.144006532913645
0.0795,-0.17649521664614823
0.07958333333333334,-0.2434552342899018
0.07966666666666666,-0.1447890181615503
0.07975,-0.16132716950457612
0.07983333333333334,-0.2030133995513541
0.07991666666666666,-0.14711450556384015
0.08,-0.19050502418874307
0.08008333333333334,-0.22644037091888589
0.08016666666666666,-0.11712136435853454
0.08025,-0.0630868962381402
0.08033333333333334,-0.17750777324313885
0.08041666666666666,-0.2445008667504522
0.0805,-0.18618678077566755
0.08058333333333334,-0.10198505619153307
0.08066666666666666,0.0567995378721288
0.08075,0.2091201652396301
0.08083333333333333,0.19895335411010448
0.08091666666666666,0.14743114252649112
0.081,0.17674614761263818
0.08108333333333333,0.23671694628898707
0.08116666666666666,0.2589896576431225
0.08125,0.2092162368577247
0.08133333333333333,0.08237631292834924
0.08141666666666666,-0.10381780755236485
0.0815,-0.14789186784310793
0.08158333333333333,0.05390051651465519
0.08166666666666667,0.29681242905956223
0.08175,0.4453765458994877
0.08183333333333333,0.46735797498248355
0.08191666666666667,0.30227956976163295
0.082,0.04195449136621969
0.08208333333333333,-0.08033320676866529
0.08216666666666667,-0.12572165089080678
0.08225,-0.1329666760886291
0.08233333333333333,-0.056686213550081244
0.08241666666666667,-0.036373314101153825
0.0825,0.005102310649391538
0.08258333333333333,-0.03272681481228562
0.08266666666666667,-0.07197798830636205
0.08275,-0.020752382611745144
0.08283333333333333,-0.21897970947888762
0.08291666666666667,-0.11231869760697136
0.083,0.1647065305998032
0.08308333333333333,0.023820405246072356
0.08316666666666667,0.23830967399262756
0.08325,0.38331129542066694
0.08333333333333333,0.10143336786621447
0.08341666666666667,0.009609829672258414
0.0835,-0.19844702634724012
0.08358333333333333,-0.11873120328457032
0.08366666666666667,0.12477231857262207
0.08375,-0.02792775113943954
0.08383333333333333,0.17863377867905567
0.08391666666666667,0.20384316620841034
0.084,-0.22282461616164334
0.08408333333333333,-0.12513726489638205
0.08416666666666667,-0.10164145052664889
0.08425,-0.21310344851164334
0.08433333333333333,0.03019143281921664
0.08441666666666667,0.14237093557417818
0.0845,0.26510992381718734
0.08458333333333333,0.14093508508350067
0.08466666666666667,-0.16153727189441638
0.08475,-0.14012420040807622
0.08483333333333333,-0.3920557900760071
0.08491666666666667,-0.40069071150956637
0.085,-0.04019282100087331
0.08508333333333333,-0.09562665560257509
0.08516666666666667,-0.023828972790508562
0.08525,0.058079968693610984
0.08533333333333333,-0.1055740536391492
0.08541666666666667,-0.12262759448280969
0.0855,-0.14545729331419832
0.08558333333333333,-0.15927407660512224
0.08566666666666667,0.0070091659840709215
0.08575,0.23916698950868945
0.08583333333333333,0.2789551576777596
0.08591666666666667,0.3511867070156795
0.086,0.29092804421084173
0.08608333333333333,-0.14583849076806119
0.08616666666666667,-0.05542483173154353
0.08625,0.0567047501035781
0.08633333333333333,-0.17367313374875815
0.08641666666666667,0.10588968253543544
0.0865,0.16849327871169958
0.08658333333333333,0.11545025782941158
0.08666666666666667,0.2628000890501423
0.08675,0.09350809816154793
0.08683333333333333,0.1112162798315739
0.08691666666666667,0.01823998808451088
0.087,-0.09762333225796058
0.08708333333333333,0.1036120209937035
0.08716666666666667,0.0076342879302695055
0.08725,0.006174019254597719
0.08733333333333333,-0.06430934313101554
0.08741666666666667,-0.37307162075430467
0.0875,-0.38688607215685034
0.08758333333333333,-0.40818000476074817
0.08766666666666667,-0.24575914527564863
0.08775,0.07808643389426242
0.08783333333333333,0.19795025350375045
0.08791666666666667,0.2744535588368767
0.088,0.13101718022369124
0.08808333333333333,-0.12497147780544457
0.08816666666666667,-0.35222591476861903
0.08825,-0.31066814576504886
0.08833333333333333,0.0966859398820385
0.08841666666666667,0.09646992297940639
0.0885,-0.06537535661148737
0.08858333333333333,-0.012650148700961492
0.08866666666666667,-0.07253260015133296
0.08875,-0.09586309513893537
0.08883333333333333,-0.22388161086183095
0.08891666666666667,-0.2688189013132767
0.089,-0.16402516307125992
0.08908333333333333,-0.1033089787870903
0.08916666666666667,0.1863627697526703
0.08925,0.15961066103769217
0.08933333333333333,0.0994810458691421
0.08941666666666667,0.24212442722440897
0.0895,-0.13512300271733144
0.08958333333333333,-0.15320712306752807
0.08966666666666667,0.07092601045533785
0.08975,-0.10426255455885938
0.08983333333333333,0.05939127568447325
0.08991666666666667,0.14364637174732728
0.09,0.026231061056631904
0.09008333333333333,0.17715004163614315
0.09016666666666667,0.17158127971368184
0.09025,0.06728152392125897
0.09033333333333333,0.12349804484636043
0.09041666666666667,0.16773591972774451
0.0905,0.2233669987325695
0.09058333333333334,0.315288779496854
0.09066666666666667,0.16386240114402248
0.09075,-0.021783609124759826
0.09083333333333334,-0.11716685471392549
0.09091666666666667,-0.31474488488922137
0.091,-0.019103468023324303
0.09108333333333334,0.23153317145640098
0.09116666666666666,-0.07210245544074885
0.09125,-0.07116274504588727
0.09133333333333334,-0.16475574961807327
0.09141666666666666,-0.36779445576963177
0.0915,-0.21797090567612368
0.09158333333333334,-0.055348809342286656
0.09166666666666666,-0.008175192183721612
0.09175,-0.0591400416303661
0.09183333333333334,-0.05145894922348321
0.09191666666666666,-0.1818716608928302
0.092,-0.14307957884390046
0.09208333333333334,-0.10123826333504131
0.09216666666666666,-0.4249735068711253
0.09225,-0.19991693422479154
0.09233333333333334,-0.00813423134060204
0.09241666666666666,0.05442345660406529
0.0925,0.2816751868501788
0.09258333333333334,-0.08323175116896399
0.09266666666666666,-0.18527858957071747
0.09275,-0.18458166541023066
0.09283333333333334,-0.22679893916417018
0.09291666666666666,0.2545818925868323
0.093,0.2192449782752904
0.09308333333333334,0.06642033571839759
0.09316666666666666,0.18138781614065527
0.09325,0.05000881435380318
0.09333333333333334,0.10599688023680298
0.09341666666666666,0.21270872403622262
0.0935,0.1544258298029953
0.09358333333333334,0.08692818827762018
0.09366666666666666,0.1330765999337338
0.09375,0.1018659451669249
0.09383333333333334,0.05849137624561068
0.09391666666666666,0.1496460820378787
0.094,-0.21198844532290526
0.09408333333333334,-0.35883211998350606
0.09416666666666666,-0.03693255247432633
0.09425,0.09869753264070068
0.09433333333333334,0.3280769452707938
0.09441666666666666,0.27456025911550946
0.0945,0.002904038371149267
0.09458333333333334,-0.11630519235219558
0.09466666666666666,-0.17492499744288162
0.09475,-0.003341569321038877
0.09483333333333334,0.019173501178133084
0.09491666666666666,-0.09704902035949789
0.095,-0.1487686093981543
0.09508333333333334,-0.21636025359806393
0.09516666666666666,-0.19424620673514528
0.09525,-0.13565311148915968
0.09533333333333334,-0.07597028023564883
0.09541666666666666,-0.09611234023545123
0.0955,-0.052244907400227254
0.09558333333333334,0.07601541688400312
0.09566666666666666,0.1291199455067214
0.09575,0.18787759785846553
0.09583333333333334,0.18222405805452416
0.09591666666666666,0.12060597685572423
0.096,0.024486629003362508
0.09608333333333334,-0.0090650288722991
0.09616666666666666,-0.035604792408338436
0.09625,-0.1968040300595161
0.09633333333333334,-0.3132278363257353
0.09641666666666666,-0.37847027410330025
0.0965,-0.3234638508956022
0.09658333333333333,-0.22810787654028006
0.09666666666666666,-0.11694679785618681
0.09675,0.015688799651807386
0.09683333333333333,-0.07635975452827917
0.09691666666666666,-0.13451173422489518
0.097,-0.0519383536090617
0.09708333333333333,0.13630392084940135
0.09716666666666667,0.15540793605707817
0.09725,-0.11351544560668556
0.09733333333333333,-0.16575039164508767
0.09741666666666667,-0.2427885850158491
0.0975,-0.12184573583768113
0.09758333333333333,0.14561706076134964
0.09766666666666667,-0.06118413306640047
0.09775,-0.008682006457795535
0.09783333333333333,0.1496759596420486
0.09791666666666667,0.1593597213138428
0.098,0.39907385557596115
0.09808333333333333,0.4294561661468136
0.09816666666666667,0.485439488219102
0.09825,0.5252024385238807
0.09833333333333333,0.2767396166602617
0.09841666666666667,0.11165525369654963
0.0985,0.05018423623204318
0.09858333333333333,0.07378065627696015
0.09866666666666667,-0.13988003550792358
0.09875,-0.322764166847306
0.09883333333333333,-0.08819696385936915
0.09891666666666667,-0.06068590891525982
0.099,-0.0877766351312185
0.09908333333333333,0.027771722997256918
0.09916666666666667,0.0841183994668828
0.09925,0.15877672342395188
0.09933333333333333,0.07773416722405509
0.09941666666666667,-0.016270183335484047
0.0995,-0.1332897640020048
0.09958333333333333,-0.3204274616377689
0.09966666666666667,-0.29485450991178835
0.09975,-0.291575735394098
0.09983333333333333,-0.11919022283894942
0.09991666666666667,0.2789312936290998
0.1,0.1286964867014604
0.10008333333333333,-0.18769381611745733
0.10016666666666667,-0.19174839047315578
0.10025,-0.19847244197512323
0.10033333333333333,0.043827355246406095
0.10041666666666667,0.12050334488264537
0.1005,-0.06883891311711704
0.10058333333333333,0.1840678944737225
0.10066666666666667,0.1502904656303392
0.10075,-0.05364170597652501
0.10083333333333333,0.14251208972927
0.10091666666666667,0.08924698088381353
0.101,0.16213077891093336
0.10108333333333333,0.22710767324488507
0.10116666666666667,0.034898036259433635
0.10125,0.24114288619599442
0.10133333333333333,0.21533966614133823
0.10141666666666667,-0.107715682855778
0.1015,-0.2026637246918323
0.10158333333333333,-0.2900159894685974
0.10166666666666667,-0.14016243431827838
0.10175,0.2343441620389517
0.10183333333333333,0.3437596185142577
0.10191666666666667,0.1278827681553882
0.102,-0.02193255742978287
0.10208333333333333,-0.11857311742254739
0.10216666666666667,-0.12245097055461567
0.10225,0.23341678114759498
0.10233333333333333,0.3645679560755921
0.10241666666666667,0.3570398050021429
0.1025,0.29368774717510787
0.10258333333333333,-0.21154079988899385
0.10266666666666667,-0.25484192605097056
0.10275,-0.09735134935776045
0.10283333333333333,-0.4545089646809363
0.10291666666666667,-0.4400735222860082
0.103,-0.04401432703377746
0.10308333333333333,0.18226012105945186
0.10316666666666667,0.41229733647677547
0.10325,0.46193221975136306
0.10333333333333333,0.02550275888840926
0.10341666666666667,-0.1614855995280544
0.1035,0.006504819593973277
0.10358333333333333,-0.18114538521429935
0.10366666666666667,-0.12475213966686541
0.10375,0.0069970279606865245
0.10383333333333333,-0.3115731114007167
0.10391666666666667,-0.42363967285466947
0.104,-0.5070969860765203
0.10408333333333333,-0.39203113210297547
0.10416666666666667,-0.03222105195044928
0.10425,-0.03573421546412844
0.10433333333333333,0.05693116634880718
0.10441666666666667,0.10028240749861571
0.1045,-0.01687655648846836
0.10458333333333333,0.03902966517282026
0.10466666666666667,-0.11416886453153646
0.10475,-0.1620076673986162
0.10483333333333333,-0.10473402581985423
0.10491666666666667,-0.1605878008892069
0.105,0.064663303296887
0.10508333333333333,0.06903507197770789
0.10516666666666667,-0.11796312032581666
0.10525,-0.17835116592350617
0.10533333333333333,-0.3807158556879527
0.10541666666666667,-0.20392171362537775
0.1055,0.11696382564587107
0.10558333333333333,0.15080455213623298
0.10566666666666667,0.23871620566217835
0.10575,0.109782179268138
0.10583333333333333,-0.044740488040778466
0.10591666666666667,0.06063963354528305
0.106,0.05026935891411056
0.10608333333333334,-0.017916848159047878
0.10616666666666667,0.11327681047347798
0.10625,0.161190693329156
0.10633333333333334,0.0025069451231567227
0.10641666666666667,0.058735543021201056
0.1065,0.07526768150125616
0.10658333333333334,-0.039602488994049695
0.10666666666666667,-0.026931850184598774
0.10675,-0.10153808743859255
0.10683333333333334,0.018939301156253623
0.10691666666666666,0.17680678649731557
0.107,0.1010157869390639
0.10708333333333334,0.12748154332538345
0.10716666666666666,0.016253218425289834
0.10725,-0.08710511102195066
0.10733333333333334,0.047811075973538245
0.10741666666666666,0.054130683890596484
0.1075,0.10604265282466016
0.10758333333333334,0.08852604492498485
0.10766666666666666,-0.16596457940513473
0.10775,-0.11966036037533635
0.10783333333333334,-0.08075989691680785
0.10791666666666666,-0.18670011971802195
0.108,-0.03843655675907605
0.10808333333333334,-0.0561472400584028
0.10816666666666666,-0.08970771358358304
0.10825,-0.02281147015623403
0.10833333333333334,-0.08647021401107177
0.10841666666666666,0.05657325324538777
0.1085,0.002022417280589826
0.10858333333333334,-0.256230958335084
0.10866666666666666,-0.170048609819805
0.10875,-0.12953250369256564
0.10883333333333334,-0.21619417860779422
0.10891666666666666,-0.2195844601855605
0.109,-0.23871922002150206
0.10908333333333334,-0.26678989784659385
0.10916666666666666,-0.2616027401846026
0.10925,-0.17063550903086602
0.10933333333333334,-0.12483681957671149
0.10941666666666666,-0.08603920173715635
0.1095,0.06504670884671837
0.10958333333333334,0.004700376917717618
0.10966666666666666,-0.10937690269401379
0.10975,0.016367111671761688
0.10983333333333334,0.1265594337790059
0.10991666666666666,0.17132965855190788
0.11,0.23197872551529225
0.11008333333333334,0.30512417636742095
0.11016666666666666,0.18865544689773225
0.11025,0.05897694155590409
0.11033333333333334,0.11825024060515502
0.11041666666666666,-0.0051637463317757305
0.1105,0.11809160205115335
0.11058333333333334,0.3729113977404483
0.11066666666666666,0.1327766413878426
0.11075,0.0717412517927852
0.11083333333333334,0.24586511183589385
0.11091666666666666,0.3054298729772265
0.111,0.41431099322545195
0.11108333333333334,0.28812251783588294
0.11116666666666666,0.05641793604226413
0.11125,-0.005459829080777296
0.11133333333333334,-0.17084467889222835
0.11141666666666666,-0.23119731012761527
0.1115,-0.17186433922933542
0.11158333333333334,-0.2473775438942806
0.11166666666666666,-0.24951370596821834
0.11175,-0.1800755017824773
0.11183333333333334,-0.05484968583705548
0.11191666666666666,-0.08964522987296003
0.112,-0.10699856371871921
0.11208333333333333,0.02735817284819926
0.11216666666666666,-0.12217249988952764
0.11225,0.011635353720952967
0.11233333333333333,0.1297624759804833
0.11241666666666666,-0.02935606230069605
0.1125,0.0576185203325882
0.11258333333333333,-0.09522227311135337
0.11266666666666666,-0.1022500519703689
0.11275,-0.12590309157896803
0.11283333333333333,-0.38475268585743844
0.11291666666666667,-0.2915059066170605
0.113,-0.36525307306878557
0.11308333333333333,-0.25815139415200555
0.11316666666666667,0.03622624220172736
0.11325,0.0023842488508289458
0.11333333333333333,0.09436084278507315
0.11341666666666667,0.04371449038334839
0.1135,-0.06602765733068267
0.11358333333333333,0.056672646307103225
0.11366666666666667,-0.04587014546798131
0.11375,-0.17210719033777203
0.11383333333333333,-0.07155421358170527
0.11391666666666667,-0.05417493910485394
0.114,0.0036650554071878515
0.11408333333333333,0.0792161444134579
0.11416666666666667,-0.0933762208126781
0.11425,-0.05832065796909764
0.11433333333333333,0.08212028307168227
0.11441666666666667,0.02346965159922026
0.1145,0.11423709616636266
0.11458333333333333,0.16239240064841945
0.11466666666666667,0.25088456109065715
0.11475,0.39783727180136397
0.11483333333333333,0.36077510184266404
0.11491666666666667,0.4003719290062381
0.115,0.30383757043831155
0.11508333333333333,0.1750079433856812
0.11516666666666667,0.17185204631225104
0.11525,0.13908313111448126
0.11533333333333333,0.20038981696608868
0.11541666666666667,0.04927127618183723
0.1155,-0.16804326805663763
0.11558333333333333,-0.1670616487972413
0.11566666666666667,-0.2008578916527189
0.11575,-0.2656603885581209
0.11583333333333333,-0.24311032671005792
0.11591666666666667,-0.03384164980700316
0.116,0.1515307884046088
0.11608333333333333,0.014313521546041692
0.11616666666666667,-0.26167936809155323
0.11625,-0.3121475466094119
0.11633333333333333,-0.24329845355297683
0.11641666666666667,-0.3787097240562328
0.1165,-0.36685773011481737
0.11658333333333333,-0.13731995854693466
0.11666666666666667,-0.14071345708903502
0.11675,-0.07443643991661097
0.11683333333333333,0.07841963659379833
0.11691666666666667,-0.085126035799701
0.117,-0.15178769375196885
0.11708333333333333,-0.044205391477146055
0.11716666666666667,-0.0022229073964867164
0.11725,0.2220147098915838
0.11733333333333333,0.35862948660163513
0.11741666666666667,0.23502776919076185
0.1175,0.11197736817774076
0.11758333333333333,-0.13740215355583255
0.11766666666666667,-0.18785130400013164
0.11775,-0.054588741026260504
0.11783333333333333,-0.19261291912923453
0.11791666666666667,-0.13772515124147836
0.118,-0.14297549538164814
0.11808333333333333,-0.2968153990038597
0.11816666666666667,-0.01921543330786798
0.11825,0.0699671097245391
0.11833333333333333,0.06258513283585444
0.11841666666666667,0.13688515674549684
0.1185,-0.06753726003564514
0.11858333333333333,-0.08472557361307051
0.11866666666666667,-0.03763759563039905
0.11875,0.09562723297780039
0.11883333333333333,0.2557284654926051
0.11891666666666667,0.11635206932643424
0.119,0.14956546333420387
0.11908333333333333,0.08873355780387059
0.11916666666666667,0.03042711761176922
0.11925,0.2508319925283532
0.11933333333333333,0.22539329524213228
0.11941666666666667,0.2464608143103131
0.1195,0.24600731281246413
0.11958333333333333,0.06824564270088458
0.11966666666666667,0.08250122305436507
0.11975,0.08686797553947069
0.11983333333333333,0.1152421945564734
0.11991666666666667,0.0162892829382604
0.12,-0.13216528408659772
0.12008333333333333,0.13977905649417263
0.12016666666666667,0.15305792587763614
0.12025,-0.08385647500255056
0.12033333333333333,-0.07564036508625077
0.12041666666666667,-0.32530326167585355
0.1205,-0.405831224126824
0.12058333333333333,-0.11053336663450616
0.12066666666666667,-0.11350607879478838
0.12075,-0.054245491867992136
0.12083333333333333,0.10287955298228738
0.12091666666666667,0.03616503486514534
0.121,0.048693941903343085
0.12108333333333333,0.058209710205306256
0.12116666666666667,-0.15889691783034635
0.12125,-0.3060299844160581
0.12133333333333333,-0.1423466819373133
0.12141666666666667,-0.12993314584783014
0.1215,-0.09798183606641961
0.12158333333333333,0.16946989300970902
0.12166666666666667,-0.017112770281269316
0.12175,-0.10454976844204708
0.12183333333333334,-0.014571212827030921
0.12191666666666667,-0.22785181163753238
0.122,-0.06303485952740681
0.12208333333333334,0.031647843095124764
0.12216666666666667,-0.03304176631286217
0.12225,0.1707176225745748
0.12233333333333334,-0.07981970808870409
0.12241666666666666,-0.4075604256422871
0.1225,-0.33623423397960733
0.12258333333333334,-0.25175288519733163
0.12266666666666666,-0.0664357303351477
0.12275,0.07803336978973575
0.12283333333333334,0.0013512773911290386
0.12291666666666666,-0.03007595422451619
0.123,-0.010443982118204161
0.12308333333333334,-0.09579040136294949
0.12316666666666666,-0.16334467450586385
0.12325,-0.11966453458535484
0.12333333333333334,-0.02640623645180574
0.12341666666666666,0.09139223931398896
0.1235,0.17671999544372646
0.12358333333333334,0.1615618193058804
0.12366666666666666,0.0736022638741311
0.12375,0.035052474330071484
0.12383333333333334,0.029897417447034915
0.12391666666666666,0.1626731907967187
0.124,0.40581941304624336
0.12408333333333334,0.3872121612751773
0.12416666666666666,0.24135096413473467
0.12425,0.07049467266733793
0.12433333333333334,-0.003734630114562024
0.12441666666666666,0.05702093892488525
0.1245,-0.10489372226083898
0.12458333333333334,-0.018875267281164045
0.12466666666666666,0.23409755815360575
0.12475,0.17643263192027897
0.12483333333333334,0.2043211995671865
0.12491666666666666,0.09392248678759187
0.125,-0.13173218326032843
0.12508333333333332,-0.08421963799429154
0.12516666666666668,-0.12365775596774979
0.12525,-0.0989343529394764
0.12533333333333332,0.08204298487815688
0.12541666666666668,-0.04598114746132412
0.1255,-0.1056768858377207
0.12558333333333332,-0.17143704423864967
0.12566666666666668,-0.43227462709165376
0.12575,-0.17136242984255834
0.12583333333333332,-0.06747957361051399
0.12591666666666668,-0.20538831489620318
0.126,0.07333074546242425
0.12608333333333333,-0.04167630558368181
0.12616666666666668,-0.1664490720054467
0.12625,-0.06925286009877293
0.12633333333333333,-0.19120233310436743
0.12641666666666668,-0.026748231175641162
0.1265,0.07247323281399377
0.12658333333333333,0.03276530044114802
0.12666666666666668,0.12876218064521808
0.12675,0.08480970141416974
0.12683333333333333,-0.032839211503374814
0.12691666666666668,-0.17876304410269708
0.127,-0.09770404920516153
0.12708333333333333,0.1157523352539134
0.12716666666666668,0.19903846084254206
0.12725,0.33390826011743757
0.12733333333333333,0.3144187623560479
0.12741666666666668,0.15066141935906155
0.1275,0.03463224480863687
0.12758333333333333,0.0343667574516536
0.12766666666666668,0.029193237818358173
0.12775,-0.0349829900395187
0.12783333333333333,0.15364003729162418
0.12791666666666668,0.16602066485272615
0.128,0.16671325308023346
0.12808333333333333,0.39376705681353974
0.12816666666666668,0.17920082018032016
0.12825,-0.02677971950973289
0.12833333333333333,-0.09165453651816888
0.12841666666666668,-0.15511373749064114
0.1285,0.03794178363908246
0.12858333333333333,0.1872140011171822
0.12866666666666668,0.20272414563682775
0.12875,0.061776270654920265
0.12883333333333333,-0.008109486530453574
0.12891666666666668,-0.11079158841718324
0.129,-0.2702644557704983
0.12908333333333333,-0.10633727421964008
0.12916666666666668,-0.14186029944018402
0.12925,-0.1769869630796816
0.12933333333333333,0.14468281236241712
0.12941666666666668,0.206762946338
0.1295,0.13641397340082936
0.12958333333333333,0.15697826065379689
0.12966666666666668,-0.0665592949174231
0.12975,-0.2753036210742028
0.12983333333333333,-0.23317614368699568
0.12991666666666668,-0.12787525687325849
0.13,0.11626886210837276
0.13008333333333333,0.0744935893995318
0.13016666666666668,-0.1778036272938158
0.13025,-0.09602707576700117
0.13033333333333333,-0.14447511926919496
0.13041666666666665,-0.10508090496060477
0.1305,0.20147579990441222
0.13058333333333333,0.1847003166425565
0.13066666666666665,0.12856575485021712
0.13075,0.1905802943662311
0.13083333333333333,0.10659995016984959
0.13091666666666665,0.07267615045929651
0.131,0.10680426594070438
0.13108333333333333,-0.03529576405769892
0.13116666666666665,-0.16962778737218165
0.13125,-0.11231492086421412
0.13133333333333333,-0.04148537199952169
0.13141666666666665,0.0006717347612478617
0.1315,-0.015037648891648164
0.13158333333333333,-0.15327640823477792
0.13166666666666665,-0.1542726723198743
0.13175,0.024196361222326386
0.13183333333333333,-0.009384852988210327
0.13191666666666665,-0.07894858849367986
0.132,0.07563615365325896
0.13208333333333333,0.04094863688568746
0.13216666666666665,-0.08405306126524287
0.13225,-0.040266473603196164
0.13233333333333333,-0.13907967347509637
0.13241666666666665,-0.25090191915381654
0.1325,-0.21086779531806138
0.13258333333333333,-0.18356695652544996
0.13266666666666665,-0.13863359640117642
0.13275,-0.1373661566814789
0.13283333333333333,-0.09935256543902196
0.13291666666666666,0.04884139943374469
0.133,0.0589034695959757
0.13308333333333333,0.025557033123539907
0.13316666666666666,0.10127873751338526
0.13325,0.023440827001233063
0.13333333333333333,-0.16269951053437692
0.13341666666666666,-0.1116998295448037
0.1335,-0.054983868943940986
0.13358333333333333,-0.10974386315279774
0.13366666666666666,0.008788498879899171
0.13375,-0.04540297280858189
0.13383333333333333,-0.16768396338896968
0.13391666666666666,-0.003911064931955506
0.134,0.027165109014533697
0.13408333333333333,0.13951782949305466
0.13416666666666666,0.26987178699294545
0.13425,0.09913623671509256
0.13433333333333333,0.055424133493840774
0.13441666666666666,-0.03766061724927583
0.1345,-0.08327633707593923
0.13458333333333333,-0.017427341909467556
0.13466666666666666,-0.1672394511562268
0.13475,-0.050201527553919004
0.13483333333333333,0.008212940471411944
0.13491666666666666,-0.14542395325319324
0.135,0.13804203661926415
0.13508333333333333,0.17234860676865757
0.13516666666666666,-0.11757636212132633
0.13525,-0.04615193240795349
0.13533333333333333,-0.06103241342191845
0.13541666666666666,-0.10987317202534462
0.1355,0.07104911475007601
0.13558333333333333,0.08726803054567507
0.13566666666666666,-0.017442015225836657
0.13575,-0.12110692138358367
0.13583333333333333,-0.10837940114712381
0.13591666666666666,-0.02409915560642249
0.136,-0.061049358819492555
0.13608333333333333,0.05568607419900331
0.13616666666666666,0.07807054057629785
0.13625,0.050737483248612665
0.13633333333333333,0.1629428742259949
0.13641666666666666,-0.011325245951359614
0.1365,0.014392612993602416
0.13658333333333333,0.0064101583713826165
0.13666666666666666,-0.15895410255309642
0.13675,0.09983545021855303
0.13683333333333333,0.1022053556453848
0.13691666666666666,0.029793129304079995
0.137,0.04965419309837357
0.13708333333333333,-0.053992074940600834
0.13716666666666666,-0.03727031869701403
0.13725,-0.0863141503588307
0.13733333333333334,-0.03186771248767689
0.13741666666666666,-0.10375551392417753
0.1375,-0.044189712066642864
0.13758333333333334,0.1167105904933533
0.13766666666666666,-0.07527432688595445
0.13775,-0.027533974003412287
0.13783333333333334,-0.1382016188229447
0.13791666666666666,0.0011755890976955976
0.138,0.25839399514466216
0.13808333333333334,-0.1395271500240818
0.13816666666666666,0.010239916001938241
0.13825,0.02797726299999295
0.13833333333333334,-0.26446247162094694
0.13841666666666666,-0.11792515799417827
0.1385,-0.32821210708050835
0.13858333333333334,-0.26471096322424015
0.13866666666666666,-0.04336369939956079
0.13875,-0.08539918638715412
0.13883333333333334,0.14485977861202223
0.13891666666666666,0.17610913728347313
0.139,0.2740541322049583
0.13908333333333334,0.2236131751164314
0.13916666666666666,-0.2073823352302893
0.13925,-0.110778350183736
0.13933333333333334,0.061005731001770994
0.13941666666666666,0.11133302748719646
0.1395,0.13513775290129335
0.13958333333333334,0.04089456427233602
0.13966666666666666,0.15624919010338711
0.13975,-0.007043570906108245
0.13983333333333334,-0.15426250558645885
0.13991666666666666,-0.09133821180106341
0.14,-0.09402150868087765
0.14008333333333334,0.2173166784037925
0.14016666666666666,0.1549925131000247
0.14025,-0.01864420998300328
0.14033333333333334,0.1801373317942965
0.14041666666666666,-0.15642153605617926
0.1405,-0.3724375516464026
0.14058333333333334,-0.19527970939212894
0.14066666666666666,-0.2554257881392646
0.14075,0.002857289124316575
0.14083333333333334,0.2663903232179691
0.14091666666666666,0.1468088891008161
0.141,0.06138901927039797
0.14108333333333334,-0.06910881313845453
0.14116666666666666,-0.08102292079884967
0.14125,-0.054804780901849426
0.14133333333333334,0.009031713449986862
0.14141666666666666,0.21998185036279364
0.1415,0.17096383644551863
0.14158333333333334,0.11298252866918433
0.14166666666666666,0.03989498215761349
0.14175,-0.09465300660531058
0.14183333333333334,-0.21629492638583606
0.14191666666666666,-0.31340071313735346
0.142,-0.12459991376296599
0.14208333333333334,-0.2086733208491778
0.14216666666666666,-0.05589292190733415
0.14225,0.255756237212328
0.14233333333333334,-0.14832640223997462
0.14241666666666666,-0.1708151553287637
0.1425,-0.13980642429539664
0.14258333333333334,-0.24262445034925653
0.14266666666666666,0.05302357320073116
0.14275,-0.07333098875235376
0.14283333333333334,-0.04119718770360894
0.14291666666666666,0.1938021963707254
0.143,0.049401462538507815
0.14308333333333334,-0.053121327947244584
0.14316666666666666,-0.08075836519966906
0.14325,-0.1180819332956519
0.14333333333333334,-0.31684633383347405
0.14341666666666666,-0.05138585413289493
0.1435,0.36307907292071206
0.14358333333333334,0.24549407756087038
0.14366666666666666,0.41193787439619034
0.14375,0.15618774665752644
0.14383333333333334,-0.23429351804120394
0.14391666666666666,-0.05458371500385568
0.144,-0.20890705671146526
0.14408333333333334,0.04515690804912707
0.14416666666666667,0.299379200328342
0.14425,0.06901640606516182
0.14433333333333334,0.30130844208881286
0.14441666666666667,0.2361404173047301
0.1445,-0.06048013949229014
0.14458333333333334,-0.026864187248379454
0.14466666666666667,-0.18183208619599958
0.14475,-0.2498626079516882
0.14483333333333334,-0.034399808219752075
0.14491666666666667,0.07097367189106078
0.145,0.06675734794848742
0.14508333333333334,0.015609048980632157
0.14516666666666667,-0.1612830491996439
0.14525,-0.2586413085699796
0.14533333333333334,-0.13439254084726013
0.14541666666666667,0.013413189254663392
0.1455,0.15470615003795338
0.14558333333333334,0.25480816379345417
0.14566666666666667,0.08158760537540494
0.14575,-0.10500379602318413
0.14583333333333334,-0.05345868833767223
0.14591666666666667,-0.07895512025538035
0.146,-0.14973051724834527
0.14608333333333334,-0.016925739412034287
0.14616666666666667,0.08158877449924636
0.14625,0.053275259140884865
0.14633333333333334,0.16596713737845642
0.14641666666666667,0.15120424392653356
0.1465,0.07405731711861689
0.14658333333333334,0.20758368818648182
0.14666666666666667,0.05401477567206753
0.14675,-0.04267983895043433
0.14683333333333334,0.08462263155842156
0.14691666666666667,0.16062817238082658
0.147,0.26136980633847695
0.14708333333333334,-0.05525280734565425
0.14716666666666667,-0.21323849886084054
0.14725,-0.09872431128810882
0.14733333333333334,-0.13812924153760728
0.14741666666666667,0.16284195108490573
0.1475,0.22226579891925577
0.14758333333333334,-0.0004330520558094871
0.14766666666666667,-0.015169424114981329
0.14775,0.024468447380001066
0.14783333333333334,0.16559407409706936
0.14791666666666667,0.2188538341177428
0.148,0.2231036952121574
0.14808333333333334,0.011718381363389907
0.14816666666666667,-0.11386267519991437
0.14825,0.04154743987434184
0.14833333333333334,-0.21716773971441494
0.14841666666666667,-0.21416749209213382
0.1485,-0.004549751113683042
0.14858333333333335,-0.1656056896766408
0.14866666666666667,-0.036589770745854476
0.14875,0.056865937405004036
0.14883333333333335,0.008606368599900589
0.14891666666666667,0.12927586781000464
0.149,0.03511470289244849
0.14908333333333335,-0.11158092806380426
0.14916666666666667,-0.1415649071858725
0.14925,-0.1584042577821422
0.14933333333333335,0.0373599626629187
0.14941666666666667,0.03378974982180669
0.1495,-0.25012669804401266
0.14958333333333335,-0.19813685906777495
0.14966666666666667,-0.29056237861937273
0.14975,-0.39157592296611765
0.14983333333333335,-0.21158858109019976
0.14991666666666667,-0.17487756349568398
0.15,0.10475220255507389
0.15008333333333335,0.07455989632193678
0.15016666666666667,-0.10186523359906464
0.15025,0.17679480753303314
0.15033333333333335,-0.025295880182483455
0.15041666666666667,-0.12733658689238914
0.1505,0.07732251313020864
0.15058333333333335,-0.1645444145153027
0.15066666666666667,-0.0900781575119577
0.15075,0.08952789043824472
0.15083333333333335,-0.1651004626358708
0.15091666666666667,-0.11396829978224632
0.151,-0.07276828254024773
0.15108333333333332,-0.13716201376163217
0.15116666666666667,0.1492186646371472
0.15125,0.12573210357737727
0.15133333333333332,0.25914577016699786
0.15141666666666667,0.56273119291616
0.1515,0.21221531907234273
0.15158333333333332,0.04956318998121434
0.15166666666666667,0.04976489468994696
0.15175,-0.09467724449858446
0.15183333333333332,0.01112163842864666
0.15191666666666667,0.04213793391557998
0.152,0.008149712906716343
0.15208333333333332,0.14267925956843078
0.15216666666666667,0.14368386968950478
0.15225,-0.017902869922627972
0.15233333333333332,0.12293884240198716
0.15241666666666667,0.18626721539613428
0.1525,0.024208144051852048
0.15258333333333332,0.18933074929867674
0.15266666666666667,0.266606649131793
0.15275,0.10854284641616771
0.15283333333333332,-0.07716498179444846
0.15291666666666667,-0.3308614308040419
0.153,-0.44276797900817544
0.15308333333333332,-0.3681594271164814
0.15316666666666667,-0.1864033667693916
0.15325,-0.09408970518009957
0.15333333333333332,-0.08553578612171744
0.15341666666666667,0.04724079555042445
0.1535,0.13290925278075297
0.15358333333333332,0.054110009312303226
0.15366666666666667,-0.0576445502577133
0.15375,-0.17554163691144967
0.15383333333333332,-0.21097645401004106
0.15391666666666667,-0.11876100155341951
0.154,-0.016632024936831868
0.15408333333333332,-0.036710738542541116
0.15416666666666667,-0.21055807027274798
0.15425,-0.0981394730688181
0.15433333333333332,0.007409549039287951
0.15441666666666667,-0.256666971286849
0.1545,-0.032928506881243616
0.15458333333333332,0.1881840306241196
0.15466666666666667,0.02765638002126419
0.15475,0.22557054183620862
0.15483333333333332,0.11494461340194165
0.15491666666666667,-0.22009546381314113
0.155,-0.07980053287035446
0.15508333333333332,0.03523933581014416
0.15516666666666667,0.014898283235348695
0.15525,0.08605997719541592
0.15533333333333332,0.15988607247067382
0.15541666666666668,0.19936968103732686
0.1555,0.2838940156143745
0.15558333333333332,0.1721287208188367
0.15566666666666668,-0.05510198943321551
0.15575,0.1373824625955528
0.15583333333333332,0.2497733615800248
0.15591666666666668,0.08027880015720178
0.156,0.14896869989553382
0.15608333333333332,0.2190849205655613
0.15616666666666668,0.2574831722275279
0.15625,0.18869355592180623
0.15633333333333332,-0.0632952830473566
0.15641666666666668,-0.04725745325125614
0.1565,0.021396653487411287
0.15658333333333332,0.008829688745777628
0.15666666666666668,0.07859761183418801
0.15675,0.07085229558585192
0.15683333333333332,0.1715719315793835
0.15691666666666668,0.3089784703807362
0.157,0.23632984376490904
0.15708333333333332,0.19501906234495953
0.15716666666666668,0.07618647541833173
0.15725,-0.16180143466974073
0.15733333333333333,-0.19306443541718185
0.15741666666666668,-0.18072979903537814
0.1575,-0.12574415758921087
0.15758333333333333,0.09911007824998831
0.15766666666666668,0.11966079105027469
0.15775,0.02594116742720037
0.15783333333333333,0.15855160669846813
0.15791666666666668,0.16827573022570608
0.158,-0.09589298536391402
0.15808333333333333,-0.2341466829975354
0.15816666666666668,-0.29008583284597356
0.15825,-0.3394158897717715
0.15833333333333333,-0.10279270150880118
0.15841666666666668,0.12906435376329198
0.1585,0.04318840326241225
0.15858333333333333,-0.1548727035547663
0.15866666666666668,-0.29407195887068727
0.15875,-0.2602003700748151
0.15883333333333333,-0.13459663721737647
0.15891666666666668,0.0004262652401162205
0.159,0.09009081116213848
0.15908333333333333,0.010043962287262962
0.15916666666666668,-0.005456998504995836
0.15925,0.1108681214832471
0.15933333333333333,0.00042032425812982787
0.15941666666666668,-0.16137441457947346
0.1595,-0.052700346201583516
0.15958333333333333,-0.03102963551048038
0.15966666666666668,-0.05806440121826667
0.15975,0.08892724600021379
0.15983333333333333,0.11796912915709265
0.15991666666666668,0.18307726881772027
0.16,0.2877903558585389
0.16008333333333333,0.14689604030105757
0.16016666666666668,0.06140879813390432
0.16025,0.06307841912177752
0.16033333333333333,0.060559779188148116
0.16041666666666668,0.2008063272395545
0.1605,0.11324522536793655
0.16058333333333333,-0.17222173523844939
0.16066666666666668,-0.19148430315345014
0.16075,-0.09075109501134694
0.16083333333333333,0.014439435230191368
0.16091666666666668,-0.0021646013087844775
0.161,-0.13407166922241107
0.16108333333333333,-0.07267325981639915
0.16116666666666668,-0.03178153292426696
0.16125,0.05080311652029996
0.16133333333333333,0.16033139758088175
0.16141666666666668,-0.13179444547476604
0.1615,-0.3002127767412407
0.16158333333333333,-0.24284886885227672
0.16166666666666665,-0.2796690469312535
0.16175,-0.10534118342474971
0.16183333333333333,-0.08347949511691852
0.16191666666666665,-0.20560252083868205
0.162,-0.027484375903073305
0.16208333333333333,0.07404589011319138
0.16216666666666665,0.06992986314627242
0.16225,0.07092662656738771
0.16233333333333333,-0.14910940893791366
0.16241666666666665,-0.2105171424183697
0.1625,0.03753732151378701
0.16258333333333333,0.10598461350735662
0.16266666666666665,0.1533564722834159
0.16275,0.1176596503854091
0.16283333333333333,0.018927521385698715
0.16291666666666665,0.03962587046315295
0.163,-0.3632414620222841
0.16308333333333333,-0.28374540152760835
0.16316666666666665,0.1671942265058627
0.16325,-0.012419298721412177
0.16333333333333333,0.2131755463285594
0.16341666666666665,0.22557541489944627
0.1635,-0.14257835389938864
0.16358333333333333,0.05318635248319609
0.16366666666666665,-0.09092056509259282
0.16375,-0.20749974696756412
0.16383333333333333,-0.05444646336829079
0.16391666666666665,-0.10848723346756493
0.164,0.11699898297431685
0.16408333333333333,0.12191162454662116
0.16416666666666666,0.041597378599779876
0.16425,0.21803267929779557
0.16433333333333333,-0.07425038192082695
0.16441666666666666,-0.2757997721681308
0.1645,-0.03288783144255582
0.16458333333333333,0.17710552139033037
0.16466666666666666,0.32423730540940654
0.16475,0.19833141154630116
0.16483333333333333,-0.05243487520819894
0.16491666666666666,-0.06647137101644111
0.165,0.08012662186778416
0.16508333333333333,0.1990587905145163
0.16516666666666666,0.25664116058049496
0.16525,0.21208298698447897
0.16533333333333333,0.11452576255074132
0.16541666666666666,0.14687121984315996
0.1655,-0.06249415851420537
0.16558333333333333,-0.2737521799885302
0.16566666666666666,-0.08898116202894563
0.16575,-0.09934877279713519
0.16583333333333333,-0.11414360581947844
0.16591666666666666,0.04784902384914208
0.166,0.07460336343689403
0.16608333333333333,0.19403729027140115
0.16616666666666666,0.09393626671125527
0.16625,-0.3036161152513557
0.16633333333333333,-0.2533138797763462
0.16641666666666666,-0.18562670407355067
0.1665,-0.28742187585286727
0.16658333333333333,0.137604570673625
0.16666666666666666,0.2264246022633769
0.16675,-0.1589599795699668
0.16683333333333333,-0.21927443340527428
0.16691666666666666,-0.39305769301229226
0.167,-0.3805343091357266
0.16708333333333333,0.03611757851806406
0.16716666666666666,0.10082176227467368
0.16725,-0.037376568860007855
0.16733333333333333,0.00888004246760831
0.16741666666666666,0.01477042446317058
0.1675,-0.08868183287362441
0.16758333333333333,-0.11450735775344953
0.16766666666666666,-0.1488231390726856
0.16775,-0.12371475189205258
0.16783333333333333,0.09594472644904614
0.16791666666666666,0.12170632141295687
0.168,0.12701556117488252
0.16808333333333333,0.2446952400816862
0.16816666666666666,0.11107759149851584
0.16825,0.08654421717980199
0.16833333333333333,0.06970059926646101
0.16841666666666666,0.0977427443163739
0.1685,0.3780155752335402
0.16858333333333334,0.3275931421982277
0.16866666666666666,0.2989650167290829
0.16875,0.2715427971086608
0.16883333333333334,0.059223471260259085
0.16891666666666666,0.0680487509324785
0.169,-0.05286093682552937
0.16908333333333334,-0.054699939500138316
0.16916666666666666,0.08414168980640221
0.16925,0.012359553731125022
0.16933333333333334,-0.03501392033414809
0.16941666666666666,-0.06856091540861392
0.1695,-0.052444569223441956
0.16958333333333334,-0.12047223532875521
0.16966666666666666,-0.16089595180367647
0.16975,-0.11488870465995181
0.16983333333333334,-0.14831512490528648
0.16991666666666666,-0.11851827134813601
0.17,-0.13197259854469748
0.17008333333333334,-0.08399881839819343
0.17016666666666666,-0.17971003934552415
0.17025,-0.37401469330718806
0.17033333333333334,-0.23663931633136417
0.17041666666666666,-0.2620242465477729
0.1705,-0.3023545384120858
0.17058333333333334,-0.026964933330152745
0.17066666666666666,0.04284495663580398
0.17075,0.02736511954416065
0.17083333333333334,0.15408342696902189
0.17091666666666666,0.08165155559334542
0.171,-0.1813069087182019
0.17108333333333334,-0.35156704441824127
0.17116666666666666,-0.30090703211302533
0.17125,-0.1470785161933459
0.17133333333333334,0.02316917463300581
0.17141666666666666,0.24475170262943238
0.1715,0.2048179816728629
0.17158333333333334,0.0440310009615751
0.17166666666666666,0.07617765805246855
0.17175,-0.045097289986778345
0.17183333333333334,-0.1067176952302705
0.17191666666666666,0.11268046862961277
0.172,0.025215206332803945
0.17208333333333334,-0.29990123583145545
0.17216666666666666,-0.24899644888942432
0.17225,-0.05039580481637035
0.17233333333333334,-0.01392256324620765
0.17241666666666666,0.1774297452539847
0.1725,0.2758351656590704
0.17258333333333334,0.08844584178298501
0.17266666666666666,0.09850403551972714
0.17275,0.12609583113773123
0.17283333333333334,0.14229258331040226
0.17291666666666666,0.37085973759288937
0.173,0.36450527411285505
0.17308333333333334,0.21588564806388613
0.17316666666666666,0.11563483501851828
0.17325,0.03559390291658066
0.17333333333333334,0.19465433137438096
0.17341666666666666,0.2147341527450697
0.1735,0.108042264226236
0.17358333333333334,0.13940857556358593
0.17366666666666666,-0.05682528270077657
0.17375,-0.06930176711594367
0.17383333333333334,0.2625776031514623
0.17391666666666666,0.3046282414510691
0.174,0.28844642545177995
0.17408333333333334,0.20630669386136596
0.17416666666666666,-0.04607920776189707
0.17425,0.05864557913714444
0.17433333333333334,0.09915137830279405
0.17441666666666666,-0.1060441489947529
0.1745,-0.0925083161862166
0.17458333333333334,-0.10668198886950062
0.17466666666666666,-0.11542998101852986
0.17475,0.017360597689704525
0.17483333333333334,0.14170708286550085
0.17491666666666666,0.09296677120702301
0.175,-0.19024400943827652
0.17508333333333334,-0.32032578057148553
0.17516666666666666,-0.30102192590950533
0.17525,-0.18619986814586104
0.17533333333333334,0.09668434298019214
0.17541666666666667,0.1840467543948984
0.1755,0.026124394135351236
0.17558333333333334,-0.14099571289346605
0.17566666666666667,-0.2529798336555748
0.17575,-0.33150740399382667
0.17583333333333334,-0.1704915769166984
0.17591666666666667,0.022121333953383532
0.176,-0.1702815860728297
0.17608333333333334,-0.25902004381877497
0.17616666666666667,-0.1155888805769713
0.17625,-0.07132152345223822
0.17633333333333334,0.02481888009515133
0.17641666666666667,0.05391971296307385
0.1765,-0.11593958120243876
0.17658333333333334,-0.032477846053165615
0.17666666666666667,0.2714623095071329
0.17675,0.272569358303575
0.17683333333333334,0.1369767641122465
0.17691666666666667,-0.027834977805282834
0.177,-0.2659772714554438
0.17708333333333334,-0.23908822368795454
0.17716666666666667,-0.026536553743019872
0.17725,0.2326541689397373
0.17733333333333334,0.32419135904340757
0.17741666666666667,0.10395168528374693
0.1775,0.08650093668275843
0.17758333333333334,0.0461574501919035
0.17766666666666667,-0.1350953276190929
0.17775,-0.004614665653724976
0.17783333333333334,-0.050146500858620255
0.17791666666666667,-0.10134552136813917
0.178,0.17228548142838845
0.17808333333333334,0.2677275439211009
0.17816666666666667,0.2195743622760252
0.17825,0.03233933539355303
0.17833333333333334,-0.163192607818526
0.17841666666666667,-0.2615355971287673
0.1785,-0.3345726844102909
0.17858333333333334,-0.10757794851700513
0.17866666666666667,0.03861476360174205
0.17875,0.037997783831232625
0.17883333333333334,0.15322847427595318
0.17891666666666667,-0.014522768760437961
0.179,-0.11716374006527075
0.17908333333333334,-0.0109552624092956
0.17916666666666667,-0.12576431563458293
0.17925,-0.0937608057075614
0.17933333333333334,0.023337263315271476
0.17941666666666667,0.03815681100936186
0.1795,0.21525495887131463
0.17958333333333334,0.2546651995207538
0.17966666666666667,0.10335757565695666
0.17975,-0.023285108997394072
0.17983333333333335,-0.13427770736075204
0.17991666666666667,-0.053649059408560316
0.18,0.12480561642163793
0.18008333333333335,0.26096769694291866
0.18016666666666667,0.26478012933657563
0.18025,0.05240485585016893
0.18033333333333335,-0.010264278805345103
0.18041666666666667,-0.05114424467053644
0.1805,-0.0585587131468712
0.18058333333333335,0.1475522613005838
0.18066666666666667,0.05790176001360366
0.18075,0.03101039981105073
0.18083333333333335,0.06436954522636751
0.18091666666666667,-0.10790737419115992
0.181,-0.05417975789902384
0.18108333333333335,-0.07408126703471975
0.18116666666666667,-0.11308876890929896
0.18125,-0.2202752884477035
0.18133333333333335,-0.3745696293650748
0.18141666666666667,-0.2507829785873177
0.1815,-0.18062180302675315
0.18158333333333335,-0.08440444758212105
0.18166666666666667,-0.1409710307929348
0.18175,-0.24826791765204853
0.18183333333333335,-0.2153786213914267
0.18191666666666667,-0.2775341204503495
0.182,-0.07730307418178672
0.18208333333333335,0.1217550885643846
0.18216666666666667,0.0872379766219242
0.18225,-0.03811117689721104
0.18233333333333332,-0.21875500078776552
0.18241666666666667,-0.12167363115018925
0.1825,0.10488853656991932
0.18258333333333332,0.2828677208814705
0.18266666666666667,0.3722351194291579
0.18275,0.23292911136891814
0.18283333333333332,0.26688456492350077
0.18291666666666667,0.3063098003779943
0.183,-0.06320590404289499
0.18308333333333332,-0.12540087934736796
0.18316666666666667,-0.003020631911654456
0.18325,-0.006391655968046932
0.18333333333333332,0.17936824596809428
0.18341666666666667,0.10045180315012278
0.1835,0.1050622814145649
0.18358333333333332,0.20942849989749412
0.18366666666666667,0.10112348395286554
0.18375,0.23460689730891274
0.18383333333333332,0.056402487399069445
0.18391666666666667,-0.05276920382947808
0.184,0.07097917528986614
0.18408333333333332,-0.2206129245730168
0.18416666666666667,0.03538860431115047
0.18425,0.317652654352665
0.18433333333333332,0.1584528481469543
0.18441666666666667,0.2992441991488943
0.1845,0.12334200768221537
0.18458333333333332,0.11999876828821009
0.18466666666666667,0.3955694241313322
0.18475,0.25682359679553257
0.18483333333333332,0.2348308570690327
0.18491666666666667,0.09146512843325452
0.185,0.020985687007019475
0.18508333333333332,0.25573031142757113
0.18516666666666667,0.14739405238277434
0.18525,0.055276444527284856
0.18533333333333332,0.028882138055452377
0.18541666666666667,-0.1629713008746178
0.1855,-0.09480502598419151
0.18558333333333332,0.13832398513073765
0.18566666666666667,0.13083897014016657
0.18575,-0.05937171099467917
0.18583333333333332,-0.28620325748205505
0.18591666666666667,-0.4387483195031984
0.186,-0.2473933795066935
0.18608333333333332,-0.03056164636396732
0.18616666666666667,-0.03312050432522318
0.18625,0.027022092341967452
0.18633333333333332,-0.1118484727388702
0.18641666666666667,-0.23978005333930152
0.1865,-0.24201284261832942
0.18658333333333332,-0.46291044801841275
0.18666666666666668,-0.4017671446873464
0.18675,-0.27745636752369907
0.18683333333333332,-0.2121463942272709
0.18691666666666668,0.14490687428194823
0.187,0.16226787040566798
0.18708333333333332,-0.022394120664510457
0.18716666666666668,-0.11385072326424872
0.18725,-0.31171212929473713
0.18733333333333332,-0.2410667197397378
0.18741666666666668,-0.047060141613135154
0.1875,0.05712592416790093
0.18758333333333332,0.2416560841084877
0.18766666666666668,0.22556069203818027
0.18775,0.1665926064522224
0.18783333333333332,0.09439161728938968
0.18791666666666668,-0.1798321833070174
0.188,-0.15266292449503563
0.18808333333333332,-0.07746770630258375
0.18816666666666668,-0.004326965912856316
0.18825,0.23334023339093288
0.18833333333333332,0.22378138360146363
0.18841666666666668,0.27192799155733605
0.1885,0.18940522037590465
0.18858333333333333,-0.03896725679475364
0.18866666666666668,-0.0901384019705902
0.18875,-0.051631226846673844
0.18883333333333333,0.27419668838174327
0.18891666666666668,0.38042590641487983
0.189,0.2709436750113611
0.18908333333333333,0.1479443525381987
0.18916666666666668,-0.14901700499309664
0.18925,-0.11839834969478852
0.18933333333333333,-0.04898216153633129
0.18941666666666668,-0.019057933693263245
0.1895,0.1325516929150008
0.18958333333333333,0.09852187233536415
0.18966666666666668,0.20285874384321786
0.18975,0.2713756828433577
0.18983333333333333,0.17353145125576055
0.18991666666666668,0.027266100748122798
0.19,-0.27453193155576794
0.19008333333333333,-0.1652562236597602
0.19016666666666668,0.08637317806328909
0.19025,0.05032585457696992
0.19033333333333333,0.10957382708970365
0.19041666666666668,-0.066471913650079
0.1905,-0.3552269579394712
0.19058333333333333,-0.3822816498120391
0.19066666666666668,-0.528054472336
0.19075,-0.4403119243847211
0.19083333333333333,-0.00018250796178617871
0.19091666666666668,0.060187656053986516
0.191,-0.06050085333412363
0.19108333333333333,-0.007879983709853128
0.19116666666666668,0.013418787030940146
0.19125,-0.1412882797956271
0.19133333333333333,-0.35246161365102946
0.19141666666666668,-0.09594671566084408
0.1915,0.14491632316221822
0.19158333333333333,-0.04124358777741073
0.19166666666666668,0.10616584921283079
0.19175,0.12611278857448333
0.19183333333333333,-0.15678751535018076
0.19191666666666668,-0.16370910101084363
0.192,-0.3263062229310849
0.19208333333333333,-0.3438753207259118
0.19216666666666668,0.013165314614140689
0.19225,0.24789212254284262
0.19233333333333333,0.41028647885810776
0.19241666666666668,0.3549024517303693
0.1925,0.193126379400772
0.19258333333333333,0.17575127059875884
0.19266666666666668,0.15707365644824808
0.19275,0.23314200246592046
0.19283333333333333,0.2133750914253681
0.19291666666666665,0.11810928923399913
0.193,0.24645208580909972
0.19308333333333333,0.19274930052912168
0.19316666666666665,0.023605406975039215
0.19325,0.04419164017276318
0.19333333333333333,-0.1109963703381031
0.19341666666666665,-0.08863291062157021
0.1935,0.18668637810847388
0.19358333333333333,0.08693714769192237
0.19366666666666665,0.21313092815406956
0.19375,0.3155432768456857
0.19383333333333333,-0.06062370908869408
0.19391666666666665,0.05562741396676333
0.194,0.10210107590010632
0.19408333333333333,0.033585647014151385
0.19416666666666665,0.22615603596686576
0.19425,-0.10472750735323846
0.19433333333333333,-0.20408418263127134
0.19441666666666665,-0.05500067994638057
0.1945,-0.16616385623936822
0.19458333333333333,-0.07522044570983137
0.19466666666666665,-0.09291922301429464
0.19475,-0.12000028351547828
0.19483333333333333,-0.016483804316007836
0.19491666666666665,-0.0731791196224433
0.195,-0.022350067299503496
0.19508333333333333,0.08444572910861083
0.19516666666666665,-0.08113932714100792
0.19525,-0.17164119867609876
0.19533333333333333,-0.18976120617555464
0.19541666666666666,-0.3577237917601007
0.1955,-0.2440264381882942
0.19558333333333333,-0.15759420280813408
0.19566666666666666,-0.3149401430493789
0.19575,-0.28808817026262656
0.19583333333333333,-0.19772898449855775
0.19591666666666666,-0.22515134294571446
0.196,-0.3608840041679327
0.19608333333333333,-0.3108161311910831
0.19616666666666666,-0.12329382524547909
0.19625,-0.22741740809730246
0.19633333333333333,-0.3044663939989248
0.19641666666666666,0.014182208223660198
0.1965,0.1820519349677112
0.19658333333333333,0.05433794741303838
0.19666666666666666,0.1785091328596767
0.19675,0.13998626609763698
0.19683333333333333,-0.00733968056674573
0.19691666666666666,0.155753843838109
0.197,-0.08006521170951317
0.19708333333333333,-0.34351072734238763
0.19716666666666666,-0.08551937657597812
0.19725,0.09760503697799522
0.19733333333333333,0.2351081472731042
0.19741666666666666,0.42979379231466175
0.1975,0.2984564378481058
0.19758333333333333,0.18375193765938244
0.19766666666666666,0.3197736788131771
0.19775,0.12545373057080358
0.19783333333333333,0.06205600898868159
0.19791666666666666,0.23234365273581392
0.198,-0.0038776810903744328
0.19808333333333333,0.03340946892310329
0.19816666666666666,0.12422985457864152
0.19825,0.0402333940507813
0.19833333333333333,0.23582321758721783
0.19841666666666666,0.09333287774736232
0.1985,0.04729925814359151
0.19858333333333333,0.24344545751023464
0.19866666666666666,0.15734934859182906
0.19875,0.24386162778985834
0.19883333333333333,0.188174848445027
0.19891666666666666,0.06253435378884781
0.199,0.21483014302377446
0.19908333333333333,0.18007309522299195
0.19916666666666666,0.13261765425685887
0.19925,0.16708161261422028
0.19933333333333333,0.09548629934120552
0.19941666666666666,-0.15650375841679828
0.1995,-0.4251925163068813
0.19958333333333333,-0.4358956732511713
0.19966666666666666,-0.5191641596832404
0.19975,-0.37087180198670916
0.19983333333333334,-0.044996181074098876
0.19991666666666666,-0.38424631434198
0.2,-0.5318315748230571
0.20008333333333334,-0.24338764387707687
0.20016666666666666,-0.2755433276445635
0.20025,-0.0401798442297481
0.20033333333333334,0.15669299246853055
0.20041666666666666,-0.12493791040523508
0.2005,-0.19841112543594605
0.20058333333333334,-0.1592722513380219
0.20066666666666666,-0.16762875307612887
0.20075,-0.11997766594387761
0.20083333333333334,-0.15134244286527407
0.20091666666666666,-0.22168051192185434
0.201,-0.15134373332504117
0.20108333333333334,0.12205732699860036
0.20116666666666666,0.3872281955723622
0.20125,0.35231500173093755
0.20133333333333334,0.12026381556303076
0.20141666666666666,0.1467385851892928
0.2015,0.26145124952697957
0.20158333333333334,0.24671594367144054
0.20166666666666666,0.40493567680069964
0.20175,0.3942205407419742
0.20183333333333334,0.21839908252433757
0.20191666666666666,0.3801026612828372
0.202,0.3217483857070558
0.20208333333333334,0.15612384111461236
0.20216666666666666,0.3972045932305538
0.20225,0.22430222130533467
0.20233333333333334,-0.13310201336294866
0.20241666666666666,-0.11674247810795899
0.2025,-0.11309700485131885
0.20258333333333334,0.10445074928653027
0.20266666666666666,0.31289367490706343
0.20275,0.29700608327308764
0.20283333333333334,0.22442721949780695
0.20291666666666666,0.02536738841502226
0.203,0.02520647883642534
0.20308333333333334,0.07935331951398658
0.20316666666666666,0.12325994328745332
0.20325,0.1080608462696776
0.20333333333333334,-0.1626069014457979
0.20341666666666666,-0.2163311366497026
0.2035,-0.2495187893496936
0.20358333333333334,-0.23404037300766414
0.20366666666666666,-0.026214025629143576
0.20375,-0.14330277863096835
0.20383333333333334,-0.1689660219762931
0.20391666666666666,-0.01866679245071167
0.204,0.0005178333820448805
0.20408333333333334,0.037348590946978996
0.20416666666666666,-0.04242009580502093
0.20425,-0.13364132735851877
0.20433333333333334,-0.16266353175800222
0.20441666666666666,-0.20715013540424757
0.2045,-0.2576910583786831
0.20458333333333334,-0.3476077726250983
0.20466666666666666,-0.35600586827397307
0.20475,-0.257543346108411
0.20483333333333334,-0.23536722426562603
0.20491666666666666,-0.29964777360034134
0.205,-0.08920924357096702
0.20508333333333334,0.07260923081192792
0.20516666666666666,-0.07892002539954994
0.20525,0.08395170283053222
0.20533333333333334,0.11604646555596744
0.20541666666666666,-0.13166450383753225
0.2055,0.07681015101490127
0.20558333333333334,0.16691721609902763
0.20566666666666666,-0.01387046611924743
0.20575,0.07873655483395821
0.20583333333333334,-0.002650385102055176
0.20591666666666666,-0.18906555524941715
0.206,-0.000547892184741836
0.20608333333333334,0.09698049043838977
0.20616666666666666,0.04293185309778104
0.20625,0.04124384310339773
0.20633333333333334,-0.09017556065990828
0.20641666666666666,0.0178876848157241
0.2065,0.21309873079991262
0.20658333333333334,0.14188830652128198
0.20666666666666667,0.21347579834457514
0.20675,0.15772793614988126
0.20683333333333334,0.06543206943429233
0.20691666666666667,0.2882384089351579
0.207,0.12849653756851234
0.20708333333333334,-0.05754363595319494
0.20716666666666667,0.07053621345117775
0.20725,-0.06028900840123358
0.20733333333333334,-0.01562394044879071
0.20741666666666667,0.08542445097395743
0.2075,-0.059016497331380924
0.20758333333333334,0.07921719152015125
0.20766666666666667,0.14931280707427833
0.20775,-0.034371087418551584
0.20783333333333334,-0.06069427892108905
0.20791666666666667,-0.054053774925024764
0.208,0.008141502071090078
0.20808333333333334,0.21393103584615014
0.20816666666666667,0.26676148676682554
0.20825,0.16630928546979012
0.20833333333333334,-0.0022989933585605953
0.20841666666666667,-0.2712445317018497
0.2085,-0.3040952955141251
0.20858333333333334,0.004327293204803627
0.20866666666666667,0.18548827660592612
0.20875,0.08092651641913239
0.20883333333333334,0.012483691524414382
0.20891666666666667,-0.022142867080979563
0.209,-0.09267211621779299
0.20908333333333334,-0.16478622710717364
0.20916666666666667,-0.3340337374402286
0.20925,-0.3437774884059755
0.20933333333333334,-0.17168874275874865
0.20941666666666667,0.09828079976589268
0.2095,0.304103897706223
0.20958333333333334,0.037355055404421855
0.20966666666666667,-0.13166682194493545
0.20975,-0.08581506802238674
0.20983333333333334,-0.2648371315051611
0.20991666666666667,-0.12464723256243831
0.21,0.22073259197837616
0.21008333333333334,0.16580912030177783
0.21016666666666667,0.06366143955509777
0.21025,0.07408939477382938
0.21033333333333334,-0.1373434056905364
0.21041666666666667,-0.1272975704778151
0.2105,0.044242901972165384
0.21058333333333334,-0.05622069230404643
0.21066666666666667,0.19330278533766776
0.21075,0.3027490602561012
0.21083333333333334,0.14077090555364555
0.21091666666666667,0.3063703401021964
0.211,0.1301259499338764
0.21108333333333335,0.016056342463874836
0.21116666666666667,0.040154373241005674
0.21125,-0.05326708693589828
0.21133333333333335,0.08812032721961749
0.21141666666666667,0.023852171913255994
0.2115,0.19193035918577875
0.21158333333333335,0.18468919383634008
0.21166666666666667,-0.09740278642851011
0.21175,0.0941649953159134
0.21183333333333335,-0.14969378102683575
0.21191666666666667,-0.16043317477694752
0.212,-0.01892159179316222
0.21208333333333335,-0.24604928736804188
0.21216666666666667,0.16203510811033284
0.21225,0.06343701579611544
0.21233333333333335,-0.16537838268954552
0.21241666666666667,0.0337201429243064
0.2125,-0.3034934738880627
0.21258333333333335,-0.2340910732135972
0.21266666666666667,-0.08610128575551569
0.21275,-0.12364090046414526
0.21283333333333335,0.10503880327173078
0.21291666666666667,0.06720054754959205
0.213,0.11880668828218147
0.21308333333333335,0.08018159529238782
0.21316666666666667,-0.16149674373292028
0.21325,-0.09063060724426905
0.21333333333333335,0.04381227926871668
0.21341666666666667,0.0742963258849101
0.2135,0.26032700344849613
0.21358333333333332,0.5109658540587289
0.21366666666666667,0.2536739284456681
0.21375,-0.0890542246931917
0.21383333333333332,-0.16716812359720687
0.21391666666666667,-0.27701762914227673
0.214,-0.1127646922786233
0.21408333333333332,0.05440307728101091
0.21416666666666667,0.06809198222922642
0.21425,0.18095132035558556
0.21433333333333332,0.27889256348015945
0.21441666666666667,0.3094851688923026
0.2145,0.0856881240428946
0.21458333333333332,-0.09375387570487992
0.21466666666666667,-0.027216626204425692
0.21475,0.015799895274014274
0.21483333333333332,-0.014416166400130792
0.21491666666666667,-0.0941019908251469
0.215,0.05832961823559966
0.21508333333333332,0.03834060205859995
0.21516666666666667,-0.22560248184325402
0.21525,-0.1307999200791783
0.21533333333333332,-0.1400621287805904
0.21541666666666667,-0.1274382360974891
0.2155,0.022670591893223232
0.21558333333333332,-0.01623876811040974
0.21566666666666667,0.08727410264286772
0.21575,0.08362892238514838
0.21583333333333332,-0.015292212122984655
0.21591666666666667,-0.08587055099067788
0.216,-0.09695159065283493
0.21608333333333332,0.1448147046165358
0.21616666666666667,0.17641620301376854
0.21625,0.22173597938656234
0.21633333333333332,0.33166148316678296
0.21641666666666667,0.15185739188136158
0.2165,0.12147219773840012
0.21658333333333332,-0.11080234525344279
0.21666666666666667,-0.44154320068846103
0.21675,-0.18316431463237987
0.21683333333333332,-0.040744315406161954
0.21691666666666667,0.024053357841589844
0.217,0.2937007973491423
0.21708333333333332,0.19247333837910893
0.21716666666666667,0.12454193524094079
0.21725,0.13985923131892278
0.21733333333333332,-0.05772114746015572
0.21741666666666667,-0.029018445182855318
0.2175,0.06111638405575438
0.21758333333333332,-0.017690139259444276
0.21766666666666667,-0.05620245100447743
0.21775,-0.10551162283945092
0.21783333333333332,-0.23278745336267329
0.21791666666666668,-0.3054243912129351
0.218,-0.28297430993695627
0.21808333333333332,-0.1342678381365278
0.21816666666666668,0.19194637150067898
0.21825,0.34476715356454246
0.21833333333333332,0.22342780526722186
0.21841666666666668,0.1704478798852105
0.2185,0.12310201697608336
0.21858333333333332,-0.013230051511854505
0.21866666666666668,-0.09882247091549161
0.21875,-0.11587230466345347
0.21883333333333332,-0.10133302243546251
0.21891666666666668,0.046492625220340034
0.219,0.19690319921703295
0.21908333333333332,-0.04537045449558723
0.21916666666666668,-0.26819738724690106
0.21925,-0.21999441279972215
0.21933333333333332,-0.2990900683700912
0.21941666666666668,-0.14394161041623105
0.2195,0.13641760141638962
0.21958333333333332,0.14321855921016813
0.21966666666666668,0.05735746743251273
0.21975,-0.1782949259767107
0.21983333333333333,-0.28739606525197786
0.21991666666666668,-0.23982865621762822
0.22,-0.06823864386951745
0.22008333333333333,0.18111083640179898
0.22016666666666668,0.05033457026495694
0.22025,0.048497413867722924
0.22033333333333333,0.14610360166200043
0.22041666666666668,0.07378653503773419
0.2205,0.1591575135237597
0.22058333333333333,-0.0530492913813906
0.22066666666666668,-0.11246110393668504
0.22075,0.09806231100096094
0.22083333333333333,-0.037696383457307366
0.22091666666666668,0.1273096150797258
0.221,0.28623511831865345
0.22108333333333333,0.08636963466578138
0.22116666666666668,0.10978160403275186
0.22125,0.1981739486092991
0.22133333333333333,0.24504057184824402
0.22141666666666668,0.26716680203638815
0.2215,0.2371611839236327
0.22158333333333333,0.0535828026209164
0.22166666666666668,-0.10174997533912138
0.22175,-0.0416383754455015
0.22183333333333333,-0.1904206480763566
0.22191666666666668,-0.23108986972238896
0.222,-0.08392702891629497
0.22208333333333333,0.0003291061230945423
0.22216666666666668,0.0813885905802626
0.22225,-0.06587832570772309
0.22233333333333333,-0.0479459264871386
0.22241666666666668,-0.03064564377049748
0.2225,-0.1562521612581409
0.22258333333333333,0.034461572739787755
0.22266666666666668,0.056317573272378914
0.22275,-0.018445406023674508
0.22283333333333333,-0.0388070133314299
0.22291666666666668,-0.23562388676225535
0.223,-0.24340179942348072
0.22308333333333333,-0.057492153374338495
0.22316666666666668,0.08186521905371319
0.22325,0.11262938345131479
0.22333333333333333,0.0987688369716717
0.22341666666666668,-0.03877159512178742
0.2235,-0.16270478976049182
0.22358333333333333,-0.14325419750066967
0.22366666666666668,-0.27182675955026425
0.22375,-0.21525320816669205
0.22383333333333333,-0.07216499501203529
0.22391666666666668,-0.11130798100429806
0.224,0.02033197471949083
0.22408333333333333,0.002127004875209294
0.22416666666666665,-0.10030739065374192
0.22425,-0.027690252796468025
0.22433333333333333,-0.23955495829053333
0.22441666666666665,-0.26919714608000295
0.2245,0.1210127564055877
0.22458333333333333,0.0936234326084182
0.22466666666666665,0.04796795924770107
0.22475,0.03485899145572226
0.22483333333333333,-0.3364371221426924
0.22491666666666665,-0.24913266941880755
0.225,-0.07387395898843985
0.22508333333333333,-0.029936763667215708
0.22516666666666665,0.2065191121546737
0.22525,-0.024136606052741007
0.22533333333333333,-0.26512087388678224
0.22541666666666665,-0.1973848190297054
0.2255,-0.22324039821514072
0.22558333333333333,0.001469894105048426
0.22566666666666665,0.2176804700187523
0.22575,0.19086923952235407
0.22583333333333333,0.2689395207773769
0.22591666666666665,0.283353014726022
0.226,0.3145215263980653
0.22608333333333333,0.29841972483240903
0.22616666666666665,0.16123452192646237
0.22625,0.2694902563874231
0.22633333333333333,0.268332785423708
0.22641666666666665,0.23030849459102276
0.2265,0.32659882196021084
0.22658333333333333,0.2216900673540563
0.22666666666666666,0.07857884807445503
0.22675,-0.0656535706686594
0.22683333333333333,-0.0031710178915341797
0.22691666666666666,0.15869409866619347
0.227,0.18999271214721242
0.22708333333333333,0.38805907121388156
0.22716666666666666,0.31729448857979
0.22725,0.0066044074649207075
0.22733333333333333,-0.10800026691336351
0.22741666666666666,-0.2834021758646046
0.2275,-0.2705923329687108
0.22758333333333333,-0.1386264752760223
0.22766666666666666,-0.1257416320444401
0.22775,0.14503068914253203
0.22783333333333333,0.14618288196299248
0.22791666666666666,-0.0985296697699202
0.228,-0.029099585725066966
0.22808333333333333,-0.2822138822011815
0.22816666666666666,-0.40037616512162966
0.22825,-0.12865231764088
0.22833333333333333,-0.11826637214554053
0.22841666666666666,0.1118252669130909
0.2285,0.06661845062591447
0.22858333333333333,-0.2651849579848511
0.22866666666666666,-0.22323820426961047
0.22875,-0.4848260057551255
0.22883333333333333,-0.4868068581649723
0.22891666666666666,-0.19971028973936364
0.229,-0.2938714391501343
0.22908333333333333,-0.05072531454198866
0.22916666666666666,0.15901611198394602
0.22925,0.03128090778347768
0.22933333333333333,0.017217808908244012
0.22941666666666666,-0.07326758075389758
0.2295,-0.18967270759226545
0.22958333333333333,-0.22048578031347404
0.22966666666666666,-0.19255423806629554
0.22975,-0.021055726016235832
0.22983333333333333,0.22569600695529388
0.22991666666666666,0.08202613359380422
0.23,-0.2588089121399667
0.23008333333333333,-0.2517393155843738
0.23016666666666666,-0.14911150927591793
0.23025,0.15911167636340193
0.23033333333333333,0.46340330851007433
0.23041666666666666,0.49783938534993044
0.2305,0.6034581172839938
0.23058333333333333,0.3912966037649863
0.23066666666666666,0.11765158298688014
0.23075,0.1509572228640839
0.23083333333333333,0.027292210858652754
0.23091666666666666,0.15809786873783788
0.231,0.41902605873856197
0.23108333333333334,0.43310872112314874
0.23116666666666666,0.5902163338049926
0.23125,0.31554124657441934
0.23133333333333334,-0.1548875231450401
0.23141666666666666,-0.23128497671457535
0.2315,-0.2989691066441422
0.23158333333333334,-0.1265611583768847
0.23166666666666666,0.03775578831374675
0.23175,0.08585249556817251
0.23183333333333334,0.08857603539763628
0.23191666666666666,0.016111176794195763
0.232,0.047194355201738994
0.23208333333333334,-0.3541090370059611
0.23216666666666666,-0.49397769718990836
0.23225,-0.23311765224794864
0.23233333333333334,-0.2761288200976851
0.23241666666666666,-0.06268951033633992
0.2325,0.032525616978368865
0.23258333333333334,0.00425044971038421
0.23266666666666666,0.09023238570887407
0.23275,-0.21690858084605588
0.23283333333333334,-0.2357438267839835
0.23291666666666666,0.10266719253329372
0.233,0.10062526734779996
0.23308333333333334,0.13474612572600445
0.23316666666666666,0.26244418694493665
0.23325,0.18562465550815613
0.23333333333333334,0.23501002211088337
0.23341666666666666,0.23442880622916232
0.2335,-0.01605946743980986
0.23358333333333334,-0.08771157753632537
0.23366666666666666,-0.12458720821168247
0.23375,-0.14221728261052985
0.23383333333333334,-0.025903961554347623
0.23391666666666666,-0.16072518827043905
0.234,-0.28263449333082946
0.23408333333333334,-0.34615602678200663
0.23416666666666666,-0.5063743379167108
0.23425,-0.1582866911882569
0.23433333333333334,0.25376905817253037
0.23441666666666666,0.1342258340611443
0.2345,0.035491958046873044
0.23458333333333334,-0.12244522400058909
0.23466666666666666,-0.28543405100744856
0.23475,-0.12184456048760403
0.23483333333333334,-0.24232781738684508
0.23491666666666666,-0.2662791338003736
0.235,0.17707325537950258
0.23508333333333334,0.17305872504218223
0.23516666666666666,0.13034499480825867
0.23525,0.22556172722945225
0.23533333333333334,-0.045897126738947594
0.23541666666666666,0.009527120421870804
0.2355,0.09198580506392603
0.23558333333333334,0.005553207610438709
0.23566666666666666,0.34118649296669135
0.23575,0.4012787288705045
0.23583333333333334,0.3391883455863403
0.23591666666666666,0.38411613261019895
0.236,0.09424449054207147
0.23608333333333334,0.15848604727809462
0.23616666666666666,0.15860063954494147
0.23625,-0.08383844062029329
0.23633333333333334,0.06610538261437184
0.23641666666666666,-0.09109758226854484
0.2365,-0.16933023607768158
0.23658333333333334,0.059233298151239906
0.23666666666666666,-0.08646374438396187
0.23675,-0.13822836210779357
0.23683333333333334,-0.15002961419706815
0.23691666666666666,-0.25171128060435366
0.237,-0.04426686554770976
0.23708333333333334,0.10058853282844911
0.23716666666666666,0.10210508711302729
0.23725,0.21636041064214415
0.23733333333333334,0.010990787052661521
0.23741666666666666,-0.32518897275886677
0.2375,-0.18491194954659476
0.23758333333333334,-0.02380539834865181
0.23766666666666666,-0.07703262141835113
0.23775,0.01430354558756296
0.23783333333333334,0.024347964164735846
0.23791666666666667,-0.1850721664171216
0.238,-0.1378261689277179
0.23808333333333334,-0.02009977832430501
0.23816666666666667,-0.12430403726031353
0.23825,0.06509875819711713
0.23833333333333334,0.2290307183791388
0.23841666666666667,0.07522258571629761
0.2385,0.17936457096882077
0.23858333333333334,0.2712993386929012
0.23866666666666667,0.07535786672802837
0.23875,-0.01554149120461915
0.23883333333333334,-0.16723073818521536
0.23891666666666667,-0.42019023618443596
0.239,-0.2075827828384382
0.23908333333333334,0.0611654707583972
0.23916666666666667,0.08854737732959643
0.23925,0.2330563388621072
0.23933333333333334,0.033003471121844805
0.23941666666666667,-0.18779603600671008
0.2395,-0.021952459174671982
0.23958333333333334,0.08167150340485041
0.23966666666666667,0.21721806302559066
0.23975,0.25549403579066843
0.23983333333333334,0.13814811345489136
0.23991666666666667,0.11172316987303228
0.24,0.16896275134445313
0.24008333333333334,0.13467269274644011
0.24016666666666667,-0.08690702082435225
0.24025,-0.18083331186619403
0.24033333333333334,-0.033529508769857545
0.24041666666666667,0.1746058246336539
0.2405,0.3585097036280881
0.24058333333333334,0.43286675685571263
0.24066666666666667,0.16542972012344875
0.24075,-0.16567038110740875
0.24083333333333334,-0.2249945775106028
0.24091666666666667,-0.30328149865649606
0.241,-0.2535385850408245
0.24108333333333334,-0.06390488997119888
0.24116666666666667,0.0534580169979758
0.24125,0.12430547785998441
0.24133333333333334,-0.06649198580316425
0.24141666666666667,-0.2688519420935864
0.2415,-0.27820516039516796
0.24158333333333334,-0.3901510930986335
0.24166666666666667,-0.4030615658852105
0.24175,-0.20016745533466904
0.24183333333333334,-0.007334290180059365
0.24191666666666667,0.21698833949822371
0.242,0.29959110294323366
0.24208333333333334,0.1554068853439931
0.24216666666666667,-0.019203074480075955
0.24225,-0.007187109842535113
0.24233333333333335,0.23898106603443525
0.24241666666666667,0.34319550537171156
0.2425,0.34519651688004854
0.24258333333333335,0.2954720120581651
0.24266666666666667,0.04869475935841543
0.24275,-0.13914432018298692
0.24283333333333335,-0.23671881617632162
0.24291666666666667,-0.3066216153566923
0.243,-0.18448921353395276
0.24308333333333335,0.003658588503283199
0.24316666666666667,0.04870198009068249
0.24325,0.21139103668619028
0.24333333333333335,0.32531132666583285
0.24341666666666667,0.1060774703252335
0.2435,-0.0883295102934587
0.24358333333333335,-0.20161544044907628
0.24366666666666667,-0.19150839228037142
0.24375,0.04318517059800338
0.24383333333333335,0.20425852334877673
0.24391666666666667,0.07960490334494293
0.244,-0.056923971192795464
0.24408333333333335,-0.11594678976389311
0.24416666666666667,-0.2943389203538142
0.24425,-0.13625798105255713
0.24433333333333335,0.13222063437029602
0.24441666666666667,0.14219797346150234
0.2445,0.4301737081472698
0.24458333333333335,0.5370982211076794
0.24466666666666667,0.36227138354897676
0.24475,0.29653744493048684
0.24483333333333332,0.0284243935276841
0.24491666666666667,-0.13173005996097795
0.245,-0.07259739657808031
0.24508333333333332,0.05619801256172914
0.24516666666666667,0.10970047673163308
0.24525,0.0651209451085815
0.24533333333333332,0.2027212139144415
0.24541666666666667,0.06729865793898497
0.2455,-0.015254724548327032
0.24558333333333332,0.005126348753308382
0.24566666666666667,-0.32261418052866964
0.24575,-0.17280568147862072
0.24583333333333332,-0.09705861102841566
0.24591666666666667,-0.23189838713023622
0.246,0.11795542461308302
0.24608333333333332,-0.10268126336984629
0.24616666666666667,-0.43766889451887236
0.24625,-0.20717379216956566
0.24633333333333332,-0.2075859907704218
0.24641666666666667,-0.05091095080530951
0.2465,0.08549391478641266
0.24658333333333332,-0.09728439887895335
0.24666666666666667,0.08793391957185157
0.24675,0.08223141436791591
0.24683333333333332,-0.04384869453671603
0.24691666666666667,0.15514523912892692
0.247,-0.0360691213087918
0.24708333333333332,-0.21837333619622673
0.24716666666666667,-0.05648163649536328
0.24725,-0.01710165981110379
0.24733333333333332,0.15333379153432541
0.24741666666666667,0.4031052210642831
0.2475,0.17925596784668743
0.24758333333333332,0.025474458406315823
0.24766666666666667,0.2631555105783654
0.24775,0.0016197984571215598
0.24783333333333332,-0.12124956151278195
0.24791666666666667,0.2314787798599138
0.248,0.009151322297137358
0.24808333333333332,-0.16860227805269393
0.24816666666666667,-0.10089587443389962
0.24825,-0.3220904578482858
0.24833333333333332,-0.3619336669915017
0.24841666666666667,-0.27772994183488287
0.2485,-0.2816690084153694
0.24858333333333332,-0.06241970799041256
0.24866666666666667,0.24937659391929784
0.24875,0.3180742859787976
0.24883333333333332,0.19188766264287813
0.24891666666666667,-0.11991862321205976
0.249,-0.32085668942278306
0.24908333333333332,-0.22369762617664804
0.24916666666666668,-0.0939245655770363
0.24925,0.13820241755929638
0.24933333333333332,0.18427398955851143
0.24941666666666668,0.08918109699221675
0.2495,0.1681721101382761
0.24958333333333332,0.08786943679778449
0.24966666666666668,-0.010496351461948196
0.24975,0.010685749701287812
0.24983333333333332,0.026011832535149316
0.24991666666666668,0.06578529140568723
0.25,0.2493387925734373
0.2500833333333333,0.32532661310855254
0.25016666666666665,0.010607000062740074
0.25025,-0.12662042734987886
0.25033333333333335,-0.20822587552868585
0.2504166666666667,-0.3026936749890513
0.2505,-0.08244036986675993
0.2505833333333333,-0.02463742835422195
0.25066666666666665,0.10498567206659747
0.25075,0.2166847112722091
0.25083333333333335,-0.0815208322882516
0.2509166666666667,-0.3000265397970545
0.251,-0.3676092741299025
0.2510833333333333,-0.151854705016844
0.25116666666666665,0.08858335699331499
0.25125,-0.08532344400824093
0.25133333333333335,-0.007805384480623312
0.2514166666666667,0.13290801876531794
0.2515,-0.07212392838019478
0.2515833333333333,0.04889438105434496
0.25166666666666665,0.10039023703894742
0.25175,-0.12478693224584622
0.25183333333333335,0.14171346161931178
0.2519166666666667,0.34351383652152384
0.252,0.14006986712183483
0.2520833333333333,0.12938737217579724
0.25216666666666665,0.019036218840838604
0.25225,-0.2529649988240731
0.25233333333333335,-0.16169950098407462
0.2524166666666667,0.009704986780403779
0.2525,0.11459957169319565
0.2525833333333333,0.28124231308196723
0.25266666666666665,0.24178544549846734
0.25275,0.11298492148254634
0.25283333333333335,-0.11269388025194033
0.2529166666666667,-0.4107219090747697
0.253,-0.3838029559581826
0.2530833333333333,-0.19781673338103642
0.25316666666666665,-0.1420408914673366
0.25325,-0.08527584068635435
0.25333333333333335,-0.004067108987798501
0.2534166666666667,-0.13371846536508702
0.2535,-0.11160818855249824
0.2535833333333333,-0.026037130308900144
0.25366666666666665,-0.19189245667494864
0.25375,0.025367606599285917
0.25383333333333336,0.07410416987890849
0.2539166666666667,-0.10735919368628925
0.254,0.11877329122718339
0.2540833333333333,-0.023948243349790694
0.25416666666666665,-0.2745403767622653
0.25425,-0.22468123475974752
0.25433333333333336,-0.2457963763863343
0.2544166666666667,-0.07705894538105812
0.2545,0.23129133493134246
0.25458333333333333,0.30752816374732195
0.25466666666666665,0.190725001486461
0.25475,-0.011887999277459099
0.25483333333333336,-0.21596537970179203
0.2549166666666667,-0.12131056730590417
0.255,0.0517552320071678
0.25508333333333333,0.0671576670506945
0.25516666666666665,0.1750465846784573
0.25525,0.18016647672057612
0.25533333333333336,0.1986789261062872
0.2554166666666667,0.371117626308987
0.2555,0.14731744986153517
0.25558333333333333,-0.1994499269146422
0.25566666666666665,-0.13738117598723515
0.25575,-0.13935649946929116
0.25583333333333336,-0.07585884772114354
0.2559166666666667,0.2252425231292963
0.256,0.0678325501330953
0.25608333333333333,-0.10796725053929765
0.25616666666666665,-0.06946416845017336
0.25625,-0.2272756599414979
0.25633333333333336,-0.047134753492751716
0.2564166666666667,0.30194827813519426
0.2565,0.31055876273832517
0.25658333333333333,0.2279659844390864
0.25666666666666665,0.2323203197088928
0.25675,0.1851217999177632
0.25683333333333336,0.11065947068560678
0.2569166666666667,0.16332216118211781
0.257,0.03300582153804574
0.25708333333333333,-0.1262072005108204
0.25716666666666665,-0.12026695333145385
0.25725,-0.16253080631704672
0.25733333333333336,0.05848709535346504
0.2574166666666667,0.23112557040758688
0.2575,0.06726006230485879
0.25758333333333333,0.023349079819029235
0.25766666666666665,-0.10334604734124861
0.25775,-0.24176958542734608
0.25783333333333336,0.015557725571005382
0.2579166666666667,0.13560793094832466
0.258,-0.09161040905377782
0.25808333333333333,-0.24550300532346372
0.25816666666666666,-0.281019509939741
0.25825,-0.234270820909993
0.25833333333333336,-0.2270349968287311
0.2584166666666667,-0.21471269775793755
0.2585,-0.09956825773682493
0.25858333333333333,-0.08804760574014667
0.25866666666666666,-0.03323492893934945
0.25875,0.1016065610864091
0.25883333333333336,0.03891199264545144
0.2589166666666667,-0.16881318452107053
0.259,-0.2469631649391633
0.25908333333333333,-0.18888020448527243
0.25916666666666666,-0.0820581994882659
0.25925,0.1412288274929262
0.25933333333333336,0.1838352561885823
0.2594166666666667,0.1477580798983442
0.2595,0.19116139093704274
0.25958333333333333,0.011215372033078675
0.25966666666666666,0.014277863003971675
0.25975,0.07100502131831837
0.25983333333333336,0.009389034342224425
0.2599166666666667,0.2377047569838385
0.26,0.12533906132772876
0.26008333333333333,-0.12269630928049313
0.26016666666666666,0.05248625277906414
0.26025,0.04089889716334125
0.26033333333333336,0.047398967744586185
0.2604166666666667,0.13790236846057008
0.2605,-0.02804672206300928
0.26058333333333333,0.004590143178049039
0.26066666666666666,0.12146329949940454
0.26075,0.004270538008605896
0.2608333333333333,-0.06209841598908078
0.2609166666666667,-0.15132599174091518
0.261,-0.31268404839347064
0.26108333333333333,-0.15249425092410548
0.26116666666666666,0.03411293948419438
0.26125,-0.021177046903208666
0.2613333333333333,-0.014183787684368157
0.2614166666666667,-0.21693204039652547
0.2615,-0.292795409677962
0.26158333333333333,0.03819259861063018
0.26166666666666666,0.09774553155572972
0.26175,0.10678713060057904
0.2618333333333333,0.08088404216546977
0.2619166666666667,0.07418660200733235
0.262,0.33392580603906896
0.26208333333333333,0.128875175716233
0.26216666666666666,-0.10060661093533343
0.26225,-0.02646532253669118
0.2623333333333333,-0.08344231429574789
0.2624166666666667,-0.045375161532944984
0.2625,-0.11580194810567719
0.26258333333333334,-0.0053416426808045505
0.26266666666666666,0.19268258479520214
0.26275,-0.0140190123385857
0.2628333333333333,-0.054022921314261604
0.2629166666666667,-0.03006230402262666
0.263,-0.07283854800392031
0.26308333333333334,0.11381426673911534
0.26316666666666666,0.19694805702022763
0.26325,0.0005048594478614196
0.2633333333333333,0.03850145656058447
0.2634166666666667,0.15169668277926593
0.2635,-0.19034641337927874
0.26358333333333334,-0.2618642989901142
0.26366666666666666,-0.1344486810794974
0.26375,-0.1307955339373937
0.2638333333333333,0.08471067002333621
0.2639166666666667,0.005699138917532881
0.264,0.059089443703707216
0.26408333333333334,0.2595538929404018
0.26416666666666666,0.035953378998577076
0.26425,0.17694585713543803
0.2643333333333333,0.36813241225706617
0.2644166666666667,0.23910750570822747
0.2645,0.19462627839876293
0.26458333333333334,-0.0006808287223760788
0.26466666666666666,-0.10608005822087566
0.26475,-0.01785595903018156
0.2648333333333333,0.0579951404894549
0.2649166666666667,0.04162069032724039
0.265,-0.05796609792600564
0.26508333333333334,0.01065021470809934
0.26516666666666666,0.03526272175490758
0.26525,-0.009872509290279167
0.2653333333333333,0.022769410697540685
0.2654166666666667,0.0060874349818994845
0.2655,-0.08043760027712263
0.26558333333333334,-0.11924636003815084
0.26566666666666666,-0.02663192773889048
0.26575,-0.11777110702126042
0.2658333333333333,-0.27580617453914136
0.2659166666666667,-0.3446358005093464
0.266,-0.4070076916868369
0.26608333333333334,-0.14803956822541736
0.26616666666666666,0.0925458251667413
0.26625,0.16610520864185482
0.2663333333333333,0.2112297329897004
0.2664166666666667,0.02320896829744268
0.2665,-0.06328178368422409
0.26658333333333334,-0.03321024653720207
0.26666666666666666,-0.021167071600866463
0.26675,-0.05457084566609089
0.2668333333333333,-0.08888433050387316
0.2669166666666667,0.03454330235694345
0.267,0.030257498624958173
0.26708333333333334,0.07229270551244671
0.26716666666666666,-0.0683329668063856
0.26725,-0.3069338933646739
0.2673333333333333,-0.07319806500636461
0.2674166666666667,0.006408390091618468
0.2675,0.23198954620756018
0.26758333333333334,0.4855341719863622
0.26766666666666666,0.2267843867245125
0.26775,0.18882903071410242
0.2678333333333333,-0.04737123957063845
0.2679166666666667,-0.33265745308674505
0.268,-0.07946372353589187
0.26808333333333334,-0.047496930005386656
0.26816666666666666,-0.005255049282592772
0.26825,0.1598565129666571
0.2683333333333333,-0.030345288033890302
0.2684166666666667,0.021097367300765727
0.2685,0.10267275310976784
0.26858333333333334,-0.10281616960902112
0.26866666666666666,-0.05847410053991185
0.26875,-0.04083753752281131
0.2688333333333333,0.17684994101835314
0.2689166666666667,0.4245200962647973
0.269,0.2178788376208725
0.26908333333333334,0.10113783997516715
0.26916666666666667,-0.14477763972385443
0.26925,-0.1152488903842656
0.2693333333333333,0.11702053174369181
0.2694166666666667,-0.014565052303438833
0.2695,0.1994979872327098
0.26958333333333334,0.17356127219348175
0.26966666666666667,-0.11002554447544062
0.26975,-0.07794253131007978
0.2698333333333333,-0.10484009463312141
0.2699166666666667,-0.09379921241435094
0.27,-0.19252845584471032
0.27008333333333334,-0.16614939824278963
0.27016666666666667,-0.08453129470048078
0.27025,-0.20304274198448438
0.2703333333333333,-0.14725712695987012
0.2704166666666667,-0.2839244840559323
0.2705,-0.3622730332813975
0.27058333333333334,-0.1724372886204709
0.27066666666666667,-0.10179965114476189
0.27075,0.15836633149175364
0.2708333333333333,0.358668371505798
0.27091666666666664,0.2417922394217165
0.271,0.037199902188696315
0.27108333333333334,-0.22364057572678386
0.27116666666666667,-0.2257666620480159
0.27125,-0.024645727125047878
0.2713333333333333,0.014407879555619613
0.27141666666666664,0.13269297094323207
0.2715,0.34850044605495645
0.27158333333333334,0.2688961500510893
0.27166666666666667,0.11272673306476827
0.27175,0.16075023145308504
0.2718333333333333,0.03554771074905992
0.27191666666666664,-0.13775460453813396
0.272,-0.017892061522393855
0.27208333333333334,0.006796168647890564
0.27216666666666667,0.05216097063959843
0.27225,0.1000073097939511
0.2723333333333333,-0.12514735869839583
0.27241666666666664,-0.1649168976635354
0.2725,-0.21032743699579093
0.27258333333333334,-0.17010689479600566
0.27266666666666667,0.20726497940706654
0.27275,0.2109941726575905
0.2728333333333333,0.08202106097764239
0.27291666666666664,0.18847328191451962
0.273,0.09111914521059108
0.27308333333333334,-0.09491364354123755
0.27316666666666667,-0.04956748821244859
0.27325,-0.03915713080711683
0.2733333333333333,-0.11339617080574856
0.27341666666666664,0.08157467666455132
0.2735,0.3195675158485343
0.27358333333333335,0.36161269714908184
0.27366666666666667,0.43826259376671534
0.27375,0.47177824552927167
0.2738333333333333,0.2417000380256181
0.27391666666666664,0.08146699221589412
0.274,0.11825251349610873
0.27408333333333335,0.10605087356896958
0.27416666666666667,0.15515688110519127
0.27425,0.07779141799841544
0.2743333333333333,-0.061280903168895395
0.27441666666666664,0.051509903759987014
0.2745,-0.0558700775996039
0.27458333333333335,-0.3233616035152094
0.27466666666666667,-0.14919292421550312
0.27475,0.09386707682960538
0.2748333333333333,-0.051521257297766535
0.27491666666666664,-0.11682584316482786
0.275,-0.12036364494178384
0.27508333333333335,-0.2712885268049437
0.27516666666666667,-0.16111870447621568
0.27525,-0.1724194215739036
0.2753333333333333,-0.3341060913849405
0.27541666666666664,-0.2077721039082361
0.2755,-0.1660312946535468
0.27558333333333335,-0.13062315596011376
0.27566666666666667,-0.0656601831986152
0.27575,-0.10616123721679026
0.2758333333333333,-0.014342322171350482
0.27591666666666664,0.08372570982291004
0.276,0.02998297534090068
0.27608333333333335,0.007768196047511951
0.27616666666666667,0.11351650028590214
0.27625,0.10588798652096382
0.2763333333333333,0.10283671658432139
0.27641666666666664,0.09376199115914334
0.2765,0.052115184873686875
0.27658333333333335,0.27304097887960077
0.27666666666666667,0.2211183988931856
0.27675,0.05029446800130058
0.2768333333333333,0.06561530018790801
0.27691666666666664,-0.1693484957852208
0.277,-0.25241466183376704
0.27708333333333335,-0.1958896379575787
0.2771666666666667,-0.19758834271830802
0.27725,-0.1503994159325129
0.2773333333333333,-0.19478747043890127
0.27741666666666664,-0.1472255181441234
0.2775,-0.10231333027135403
0.27758333333333335,-0.07980631912682817
0.2776666666666667,0.01839856592610017
0.27775,0.02582863686916666
0.2778333333333333,0.07542646537122648
0.27791666666666665,0.13201349586933994
0.278,0.057295037771423446
0.27808333333333335,-0.08314709052000457
0.2781666666666667,-0.22323511852278835
0.27825,-0.21746240590702526
0.2783333333333333,-0.09546445721173781
0.27841666666666665,0.08633455807967302
0.2785,0.32029597862651205
0.27858333333333335,0.15242619683326786
0.2786666666666667,-0.09102673325766338
0.27875,-0.0036588121175736774
0.2788333333333333,-0.1825728138155343
0.27891666666666665,-0.012746246946390602
0.279,0.27872078932119787
0.27908333333333335,0.09691524255081935
0.2791666666666667,0.3868785657341065
0.27925,0.24036169446735217
0.2793333333333333,-0.24513521996095378
0.27941666666666665,-0.04708321885502788
0.2795,-0.34304397172584633
0.27958333333333335,-0.5215250381910804
0.2796666666666667,0.06720611833196255
0.27975,0.05011016348209745
0.2798333333333333,-0.027075400542067418
0.27991666666666665,0.17523957810418658
0.28,-0.2558175292090857
0.28008333333333335,-0.3384436294339495
0.2801666666666667,-0.07846136584540084
0.28025,-0.256897904407388
0.2803333333333333,-0.13964994249926535
0.28041666666666665,0.07606420444687409
0.2805,0.131857494013535
0.28058333333333335,0.22054127589282937
0.2806666666666667,0.172726630366372
0.28075,0.04635255582521159
0.2808333333333333,-0.11851592018286171
0.28091666666666665,-0.06922522092097338
0.281,0.09702777075736803
0.28108333333333335,0.12226554486237759
0.2811666666666667,0.19966447348133493
0.28125,0.1438166732961828
0.2813333333333333,-0.015033130799645628
0.28141666666666665,-0.02951618167042758
0.2815,-0.06512948224068343
0.28158333333333335,-0.08027153144186201
0.2816666666666667,-0.062129083953760454
0.28175,0.07580709710767007
0.2818333333333333,0.21342544635655697
0.28191666666666665,0.05722527128126698
0.282,-0.02269421571937142
0.28208333333333335,-0.18892432865162936
0.2821666666666667,-0.46826185532935805
0.28225,-0.36607531164453866
0.2823333333333333,-0.19135984850158932
0.28241666666666665,0.08794980106066379
0.2825,0.3607336529817521
0.28258333333333335,0.2268370795618244
0.2826666666666667,0.1683807068170253
0.28275,-0.018314694249981004
0.2828333333333333,-0.3977891951160465
0.28291666666666665,-0.21431594008106977
0.283,0.13546877094545012
0.28308333333333335,0.4198806092610364
0.2831666666666667,0.6071298977013937
0.28325,0.3624198092682761
0.2833333333333333,0.1383588860970298
0.28341666666666665,-0.12280233469669644
0.2835,-0.23611836091220934
0.28358333333333335,-0.03955361116207518
0.2836666666666667,-0.1254349685159626
0.28375,-0.003387927105811069
0.2838333333333333,0.2257519721697541
0.28391666666666665,0.06422626399498088
0.284,0.012991272423616642
0.28408333333333335,0.008530431777199888
0.2841666666666667,-0.07966259632077693
0.28425,-0.017522268052798332
0.2843333333333333,0.16429175048426184
0.28441666666666665,0.22238052946157139
0.2845,-0.0022829304021340004
0.28458333333333335,-0.19742682401155845
0.2846666666666667,-0.19414824706987627
0.28475,-0.2725460656856124
0.2848333333333333,-0.29857100990830115
0.28491666666666665,-0.12458532059598083
0.285,0.009792690806890025
0.28508333333333336,0.09013940966740085
0.2851666666666667,0.11788815432436905
0.28525,0.09363918911571878
0.2853333333333333,-0.04624073408780167
0.28541666666666665,-0.03312213238317859
0.2855,0.12231125458053388
0.28558333333333336,-0.18706558589486114
0.2856666666666667,-0.18278607619344248
0.28575,0.10356081062427022
0.28583333333333333,-0.11057998418586538
0.28591666666666665,0.04825336596024804
0.286,0.1831586381968969
0.28608333333333336,-0.1291675491901691
0.2861666666666667,-0.05347334324502115
0.28625,0.03658011874963438
0.28633333333333333,-0.11260171361235088
0.28641666666666665,-0.17267569119882137
0.2865,-0.14972313119313274
0.28658333333333336,-0.2617543597465785
0.2866666666666667,-0.3580550901544253
0.28675,0.01626722359509152
0.28683333333333333,0.26729737814980437
0.28691666666666665,0.17335060797196228
0.287,0.20775503282328842
0.28708333333333336,0.05337521047337856
0.2871666666666667,-0.039843840307235465
0.28725,0.09607273761528351
0.28733333333333333,-0.08191303812838362
0.28741666666666665,-0.3563086503315377
0.2875,-0.40492460947289016
0.28758333333333336,-0.18886419133467783
0.2876666666666667,0.015596490786929288
0.28775,0.1630630047987545
0.28783333333333333,0.32335324548170685
0.28791666666666665,0.018352470720303753
0.288,-0.09514932504669472
0.28808333333333336,0.04854371654544361
0.2881666666666667,-0.06989190992025474
0.28825,0.11786445779838527
0.28833333333333333,0.11807073439858676
0.28841666666666665,-0.02596800114165113
0.2885,-0.00778049483593927
0.28858333333333336,-0.09049214530289765
0.2886666666666667,0.0369174823850676
0.28875,-0.11725891798377229
0.28883333333333333,-0.2016230856691765
0.28891666666666665,0.10239075136784938
0.289,0.031955775577804144
0.28908333333333336,0.1143257958171846
0.2891666666666667,0.3854237905236827
0.28925,0.23903752105791373
0.28933333333333333,0.19717277708177666
0.28941666666666666,0.20378919080996558
0.2895,-0.027464322967984657
0.28958333333333336,0.12880355781760097
0.2896666666666667,0.2300950224043665
0.28975,0.0026444490074488455
0.28983333333333333,0.0248685917222215
0.28991666666666666,-0.11746909209139408
0.29,-0.16331793398533054
0.29008333333333336,0.12730321683896975
0.2901666666666667,0.11583191389011327
0.29025,0.16999461825424494
0.29033333333333333,0.24422915289063712
0.29041666666666666,-0.013825927496124138
0.2905,0.10691662390239723
0.29058333333333336,0.21337339443253822
0.2906666666666667,-0.03307152406118821
0.29075,0.04719023941583998
0.29083333333333333,-0.11644249188680106
0.29091666666666666,-0.2669823376522302
0.291,0.1122766677149935
0.29108333333333336,0.05372921714134621
0.2911666666666667,-0.2026383839500897
0.29125,-0.16343170178419922
0.29133333333333333,-0.2863632172156506
0.29141666666666666,-0.3497279462758786
0.2915,-0.14884563449175067
0.29158333333333336,-0.17712793662530588
0.2916666666666667,-0.2789376963201996
0.29175,-0.20186544094121134
0.29183333333333333,-0.18010552479081463
0.29191666666666666,-0.04875467455137691
0.292,0.0805373462895977
0.2920833333333333,0.053985030062405084
0.2921666666666667,0.008834947841503215
0.29225,-0.17397160892249044
0.29233333333333333,-0.13907037219811907
0.29241666666666666,0.08749947575962687
0.2925,0.0013916313071155022
0.2925833333333333,0.0904702719669873
0.2926666666666667,0.16288948752608237
0.29275,-0.051884747355852696
0.29283333333333333,0.06363196367665985
0.29291666666666666,0.06205130225914034
0.293,0.14353412622772393
0.2930833333333333,0.3701823674840184
0.2931666666666667,-0.03241168598985766
0.29325,-0.08087250106309991
0.29333333333333333,0.30972539706400914
0.29341666666666666,0.3124796551597655
0.2935,0.35067565306632725
0.2935833333333333,0.2670286286435149
0.2936666666666667,-0.089657478210365
0.29375,-0.11766998182207347
0.29383333333333334,0.06468298105396939
0.29391666666666666,0.11479948833161026
0.294,0.18918619075372364
0.2940833333333333,0.07486605862629298
0.2941666666666667,-0.24273007023591808
0.29425,-0.25529616584349046
0.29433333333333334,-0.1907995672995559
0.29441666666666666,-0.13980352941251975
0.2945,0.04421772812931045
0.2945833333333333,-0.2122470198512072
0.2946666666666667,-0.31905018220769116
0.29475,0.06351784166789434
0.29483333333333334,-0.10132163221787897
0.29491666666666666,-0.06555711052958167
0.295,0.18033188624520444
0.2950833333333333,-0.13824845569074948
0.2951666666666667,-0.008086616778068144
0.29525,0.0536111183475588
0.29533333333333334,-0.08917512940619464
0.29541666666666666,0.14340182021903042
0.2955,-0.07030204577955379
0.2955833333333333,-0.13231701468155263
0.2956666666666667,-0.031183169857474997
0.29575,-0.19605354126658894
0.29583333333333334,-0.03302209444434803
0.29591666666666666,0.06444111744356229
0.296,0.08406552851871191
0.2960833333333333,0.04116850790651316
0.2961666666666667,-0.06628771113928766
0.29625,-0.05810505695287481
0.29633333333333334,-0.22057142192370635
0.29641666666666666,-0.23598439763483298
0.2965,-0.30452065693332003
0.2965833333333333,-0.4123139143386897
0.2966666666666667,-0.251328323721692
0.29675,-0.12361127478327674
0.29683333333333334,0.05169512115464359
0.29691666666666666,-0.02876098357755891
0.297,-0.09862720252950229
0.2970833333333333,0.07305572901319043
0.2971666666666667,0.008751149984963963
0.29725,0.11016768398653326
0.29733333333333334,0.19658920974507157
0.29741666666666666,0.06098388346557121
0.2975,0.04079483271109392
0.2975833333333333,-0.07895227128789097
0.2976666666666667,-0.01289926074936096
0.29775,0.2768972200821893
0.29783333333333334,0.2786667104672901
0.29791666666666666,0.3215581015261026
0.298,0.5161191804444196
0.2980833333333333,0.5309915434452399
0.2981666666666667,0.4507317923410573
0.29825,0.25714721071665975
0.29833333333333334,0.14340249698232518
0.29841666666666666,0.17070646860821764
0.2985,0.12684879853750605
0.2985833333333333,0.14174466862871893
0.2986666666666667,0.09081363110987674
0.29875,-0.007472384652672251
0.29883333333333334,0.03032968312885963
0.29891666666666666,0.003835843775568952
0.299,-0.1735557283236871
0.2990833333333333,-0.20931839055427431
0.2991666666666667,-0.11333815653900779
0.29925,-0.2539217173092962
0.29933333333333334,-0.28965961983007127
0.29941666666666666,-0.09115107563103936
0.2995,-0.1299914518846629
0.2995833333333333,-0.16126320058606064
0.2996666666666667,-0.00838710134392297
0.29975,0.03312447495774436
0.29983333333333334,-0.03767036390887721
0.29991666666666666,-0.06814008769226716
0.3,0.023314568196574324
0.3000833333333333,0.0638879143639173
0.3001666666666667,0.03688951679415065
0.30025,-0.03202840401080434
0.30033333333333334,-0.1477605566137299
0.30041666666666667,-0.017079363573148838
0.3005,0.018056747671379245
0.3005833333333333,-0.01067083240668829
0.3006666666666667,0.10606358547098864
0.30075,0.03601273648472125
0.30083333333333334,0.1295537102623268
0.30091666666666667,0.16148081483348245
0.301,0.07553725267517099
0.3010833333333333,0.13485027630816016
0.3011666666666667,-0.013776684900862802
0.30125,0.005491296974291489
0.30133333333333334,0.1184792268452125
0.30141666666666667,-0.016219739340705443
0.3015,-0.1047531641007521
0.3015833333333333,-0.1417041641493141
0.3016666666666667,-0.2019283700937152
0.30175,-0.09356965777088566
0.30183333333333334,0.11696750096401044
0.30191666666666667,0.023575427059889808
0.302,0.013174483488401776
0.3020833333333333,0.2613083281577632
0.30216666666666664,0.17923071838615032
0.30225,0.01121083212568571
0.30233333333333334,0.08374124703556753
0.30241666666666667,0.14258511869994697
0.3025,0.11538442843478644
0.3025833333333333,0.18584783009233172
0.30266666666666664,0.23810655484496004
0.30275,0.14521109176309513
0.30283333333333334,0.166352346996098
0.30291666666666667,0.05863495841167532
0.303,-0.17391382408053171
0.3030833333333333,-0.13805800812199948
0.30316666666666664,-0.1105732620838909
0.30325,-0.16230581795491622
0.30333333333333334,-0.24615411269391016
0.30341666666666667,-0.14656754388181245
0.3035,0.07109316822790487
0.3035833333333333,-0.052914913533318314
0.30366666666666664,0.10528418636995196
0.30375,0.09745180479546393
0.30383333333333334,-0.29360555300646873
0.30391666666666667,0.09501904080232819
0.304,0.03436945400403514
0.3040833333333333,-0.4746621175298672
0.30416666666666664,-0.11167524788520125
0.30425,-0.14049886118107022
0.30433333333333334,-0.328580528275483
0.30441666666666667,0.08067378269593228
0.3045,0.06507838151215097
0.3045833333333333,-0.041262771443369296
0.30466666666666664,0.12103157266973621
0.30475,0.050665214959515384
0.30483333333333335,0.09995517963941437
0.30491666666666667,0.18971420269960595
0.305,0.11896912604025359
0.3050833333333333,0.2148390445853613
0.30516666666666664,0.15761743613914658
0.30525,0.026984457005757932
0.30533333333333335,-0.003444845777551709
0.30541666666666667,-0.1791208459951981
0.3055,-0.25954998329712187
0.3055833333333333,-0.252971326667022
0.30566666666666664,-0.2184825170874701
0.30575,-0.010410206647301504
0.30583333333333335,0.17355986920015673
0.30591666666666667,0.05196239645078221
0.306,-0.08271693924510479
0.3060833333333333,-0.10374823359719192
0.30616666666666664,-0.2760584592998848
0.30625,-0.1629451880769975
0.30633333333333335,-0.03290020648366736
0.30641666666666667,-0.13010030568573858
0.3065,0.02830675940937458
0.3065833333333333,-0.008588382797677518
0.30666666666666664,-0.09954817852851934
0.30675,-0.054088276396031865
0.30683333333333335,-0.10723153498664459
0.30691666666666667,0.1101559348552784
0.307,0.24272657997264924
0.3070833333333333,0.24896067214457207
0.30716666666666664,0.383623944419014
0.30725,0.23437015921312504
0.30733333333333335,0.012597016761727987
0.30741666666666667,-0.08542082914140346
0.3075,-0.046472308033799606
0.3075833333333333,0.19495699725773133
0.30766666666666664,0.30569157258485824
0.30775,0.21712183119898787
0.30783333333333335,0.07895210830039667
0.30791666666666667,0.014974704403822233
0.308,-0.08696398851042327
0.3080833333333333,-0.09582716169058716
0.30816666666666664,0.030295794533505834
0.30825,-0.07508263180393632
0.30833333333333335,0.030847074029842568
0.3084166666666667,0.07963288057014961
0.3085,-0.19501683327286656
0.3085833333333333,-0.1993103092845168
0.30866666666666664,-0.24494055603531778
0.30875,-0.3236981160373634
0.30883333333333335,-0.30715280834379327
0.3089166666666667,-0.06147042521214864
0.309,0.2696139018711228
0.3090833333333333,0.04314015430641571
0.30916666666666665,-0.012184462021692233
0.30925,-0.05696005923376206
0.30933333333333335,-0.4776414060935884
0.3094166666666667,-0.15925761700574467
0.3095,0.09488944101332307
0.3095833333333333,-0.11159099005580936
0.30966666666666665,0.3219091035355581
0.30975,0.3809214414028101
0.30983333333333335,0.006209544504087559
0.3099166666666667,0.15748435954980675
0.31,0.1203156791237171
0.3100833333333333,0.06647972267744912
0.31016666666666665,0.17611102917180255
0.31025,0.05911525885571956
0.31033333333333335,0.04579722549768389
0.3104166666666667,0.014780458207999348
0.3105,-0.06613527285302462
0.3105833333333333,-0.040996026122141004
0.31066666666666665,-0.04741116123618593
0.31075,-0.07108003950459618
0.31083333333333335,-0.09842720986882483
0.3109166666666667,-0.19051782842319503
0.311,-0.15104404271280356
0.3110833333333333,0.14963207937599393
0.31116666666666665,0.24965303563072025
0.31125,0.10029308079135452
0.31133333333333335,-0.07111963896049868
0.3114166666666667,-0.21249567559417648
0.3115,-0.15315649472921788
0.3115833333333333,-0.25089288585844627
0.31166666666666665,-0.2854750451494483
0.31175,0.21525565390757914
0.31183333333333335,0.39541144392978456
0.3119166666666667,0.12214771345452186
0.312,0.06226923864882708
0.3120833333333333,-0.08693064159746491
0.31216666666666665,-0.32015773068623654
0.31225,-0.2318918798277819
0.31233333333333335,-0.039378700822384795
0.3124166666666667,0.1040256390177285
0.3125,0.23105189440591048
0.3125833333333333,0.24017538055926937
0.31266666666666665,0.07928532224611369
0.31275,-0.12533591316917303
0.31283333333333335,-0.21261269290120496
0.3129166666666667,-0.21155564103890004
0.313,-0.11536824742637236
0.3130833333333333,0.08083577153158092
0.31316666666666665,0.15355687749696026
0.31325,0.05092112061395476
0.31333333333333335,-0.11490894773969804
0.3134166666666667,-0.2233068326567323
0.3135,-0.04036575015263857
0.3135833333333333,0.12327995089335067
0.31366666666666665,-0.10137202162203957
0.31375,-0.23721985527919756
0.31383333333333335,-0.1463242416637585
0.3139166666666667,-0.12435256328993259
0.314,-0.06998155952743154
0.3140833333333333,-0.15382051131162136
0.31416666666666665,-0.34088528976315247
0.31425,-0.08684072804934011
0.31433333333333335,0.15678186121544005
0.3144166666666667,0.2571122647442552
0.3145,0.6129814041296064
0.3145833333333333,0.3189279752958207
0.31466666666666665,-0.16514568703132854
0.31475,-0.10012801976517623
0.31483333333333335,-0.4018463670215181
0.3149166666666667,-0.3599665241443888
0.315,0.1720722537997544
0.3150833333333333,0.10149390930752017
0.31516666666666665,0.02145326468706907
0.31525,0.19244777309392733
0.31533333333333335,0.1297671760019979
0.3154166666666667,0.04887126716443957
0.3155,0.1981774473601737
0.3155833333333333,0.10928705709836768
0.31566666666666665,-0.25577976879709946
0.31575,-0.304738746727671
0.31583333333333335,-0.24804930037711312
0.3159166666666667,-0.06939899915059336
0.316,0.15397837462095254
0.3160833333333333,-0.031238604182909684
0.31616666666666665,-0.2019217108380702
0.31625,-0.28506856074121756
0.31633333333333336,-0.1343447183227555
0.3164166666666667,0.20225049912185575
0.3165,0.07751952733430686
0.3165833333333333,0.018703870089326176
0.31666666666666665,0.03602487214181488
0.31675,-0.02363258634157299
0.31683333333333336,0.28282636927426197
0.3169166666666667,0.2467453700648739
0.317,0.046481072612648604
0.31708333333333333,0.16049375053082374
0.31716666666666665,0.05402582050009017
0.31725,0.05751837885881092
0.31733333333333336,0.2684673858706922
0.3174166666666667,0.27233743542531413
0.3175,0.18440939284605176
0.31758333333333333,0.10437119010932122
0.31766666666666665,0.06602267414586571
0.31775,0.15289360836847252
0.31783333333333336,0.28422240044958963
0.3179166666666667,0.190028757029706
0.318,-0.07031279140802307
0.31808333333333333,-0.14793838067980505
0.31816666666666665,-0.1158629153624029
0.31825,-0.23281407659960776
0.31833333333333336,-0.21457814176380882
0.3184166666666667,0.055061780949901266
0.3185,0.054638949263076816
0.31858333333333333,-0.11550300567554989
0.31866666666666665,-0.254449181824441
0.31875,-0.32988750096476294
0.31883333333333336,-0.16563541729669498
0.3189166666666667,-0.28100918323801527
0.319,-0.41213257680057164
0.31908333333333333,-0.1721179276054496
0.31916666666666665,-0.07850687922406169
0.31925,0.07161232281681892
0.31933333333333336,0.12272007784965626
0.3194166666666667,-0.0346488133337115
0.3195,0.0648771629151232
0.31958333333333333,0.10962857690557881
0.31966666666666665,0.0955116699558928
0.31975,0.17557961699336264
0.31983333333333336,0.10795319496927971
0.3199166666666667,0.11475418820710243
0.32,0.17212837361382305
0.32008333333333333,0.023680251524431366
0.32016666666666665,0.022022816616759557
0.32025,0.14304296581022002
0.32033333333333336,0.1263275954272173
0.3204166666666667,0.1718283066444094
0.3205,0.06277147883227126
0.32058333333333333,-0.14851334044034448
0.32066666666666666,-0.1523483416158998
0.32075,-0.1932858908968101
0.32083333333333336,-0.1189886933733592
0.3209166666666667,0.10732710457887996
0.321,0.107817673745724
0.32108333333333333,0.0006874555009708238
0.32116666666666666,-0.016574308751939108
0.32125,-0.06667159161410938
0.32133333333333336,-0.11021263603229223
0.3214166666666667,-0.05331483582973059
0.3215,-0.10875666039633206
0.32158333333333333,-0.23828347189501883
0.32166666666666666,-0.2953238986017991
0.32175,-0.10438726999825725
0.32183333333333336,0.24514351149607969
0.3219166666666667,0.2631745875121595
0.322,0.2812311522991125
0.32208333333333333,0.18035315605462415
0.32216666666666666,-0.09871084658066107
0.32225,0.21724477113779195
0.32233333333333336,0.36064792775780147
0.3224166666666667,0.25922100850454166
0.3225,0.46075513590858924
0.32258333333333333,0.2265059942681402
0.32266666666666666,-0.008798569743757105
0.32275,-0.07582135631700208
0.32283333333333336,-0.2901921520901419
0.3229166666666667,-0.19250103970215693
0.323,-0.10155067439796184
0.32308333333333333,-0.02394464050436784
0.32316666666666666,0.07427860606835004
0.32325,0.13193735144476182
0.3233333333333333,0.2965048067630993
0.3234166666666667,-0.027427671353938272
0.3235,-0.3190946023837522
0.32358333333333333,-0.3371095025152062
0.32366666666666666,-0.44328621095301174
0.32375,-0.048218715470791346
0.3238333333333333,0.1589013921981428
0.3239166666666667,-0.05150649717230116
0.324,-0.16703023997465752
0.32408333333333333,-0.31859722850582106
0.32416666666666666,-0.2357357323482187
0.32425,-0.1803651079163664
0.3243333333333333,-0.007834796544676852
0.3244166666666667,0.20006207228746548
0.3245,0.10422705987743842
0.32458333333333333,0.1893328963102987
0.32466666666666666,-0.006032868891724609
0.32475,-0.23635106623696725
0.3248333333333333,-0.28346102471748924
0.3249166666666667,-0.45955397095335865
0.325,-0.12729123627450487
0.32508333333333334,0.10791428319679351
0.32516666666666666,0.1802237213744594
0.32525,0.3043493885661724
0.3253333333333333,-0.0982036327177766
0.3254166666666667,-0.11146856985480338
0.3255,0.04270847624127092
0.32558333333333334,-0.10531005003510402
0.32566666666666666,0.08194245708897664
0.32575,0.11153766540637133
0.3258333333333333,0.16607452668361905
0.3259166666666667,0.3415415896292094
0.326,0.16363621714880242
0.32608333333333334,-0.06877526880670316
0.32616666666666666,-0.22502081877316654
0.32625,-0.1318555029037829
0.3263333333333333,-0.02430457509059066
0.3264166666666667,0.1795697709146398
0.3265,0.4358266859339015
0.32658333333333334,0.13133012583670675
0.32666666666666666,-0.0693303410013208
0.32675,-0.18572008487197664
0.3268333333333333,-0.221153591622328
0.3269166666666667,0.200321983493803
0.327,0.276754369927904
0.32708333333333334,0.27877874862830704
0.32716666666666666,0.3689013636802922
0.32725,0.18019545176640303
0.3273333333333333,-0.03494000979804144
0.3274166666666667,-0.14771229835862063
0.3275,0.012766363529009278
0.32758333333333334,0.1283505646616389
0.32766666666666666,0.15365179559008554
0.32775,0.16163201305192648
0.3278333333333333,-0.0022019461000290386
0.3279166666666667,-0.014658294673910771
0.328,-0.07679355324582879
0.32808333333333334,-0.21974285079623213
0.32816666666666666,-0.13508880365559034
0.32825,0.035979940406924656
0.3283333333333333,0.23400295063843676
0.3284166666666667,0.28539246562168913
0.3285,0.13241738109467535
0.32858333333333334,0.12469901138209138
0.32866666666666666,0.0999568275402772
0.32875,-0.14201409466856876
0.3288333333333333,-0.127012590657939
0.3289166666666667,-0.07503319156639836
0.329,-0.17181680490299614
0.32908333333333334,-0.01119629635216285
0.32916666666666666,-0.0039198416980296
0.32925,-0.12613706551653814
0.3293333333333333,-0.14003354408775018
0.3294166666666667,-0.16222805536831847
0.3295,0.034304997831882324
0.32958333333333334,0.07531792952819676
0.32966666666666666,0.12465711286661718
0.32975,0.29099165256091186
0.3298333333333333,0.044576841709791266
0.3299166666666667,-0.059929709747210416
0.33,-0.08342944166805591
0.33008333333333334,-0.25060481017504666
0.33016666666666666,-0.11754098701694868
0.33025,0.058088332301111746
0.3303333333333333,0.03195365622243683
0.3304166666666667,0.094157689291866
0.3305,0.2907245575861477
0.33058333333333334,0.15382192673558376
0.33066666666666666,0.045394264888728386
0.33075,0.051927953294781504
0.3308333333333333,-0.08001354774828387
0.3309166666666667,0.030913876659102363
0.331,-0.06623736888933017
0.33108333333333334,-0.06355932543397799
0.33116666666666666,0.14177314780005912
0.33125,0.026827463709282632
0.3313333333333333,0.06703103002865168
0.3314166666666667,0.040710870274442604
0.3315,-0.017873561599029125
0.33158333333333334,-0.042438528310276676
0.33166666666666667,-0.10822825931369025
0.33175,0.014542655195934761
0.3318333333333333,-0.12802238967526977
0.3319166666666667,-0.143044988750144
0.332,0.1156521499716252
0.33208333333333334,0.06551294582327746
0.33216666666666667,-0.09804539520453379
0.33225,-0.167499454276271
0.3323333333333333,-0.20218811049981023
0.3324166666666667,-0.14764707131046306
0.3325,0.18876172002850955
0.33258333333333334,0.19939530123723673
0.33266666666666667,-0.08046453987646748
0.33275,0.014390192053354066
0.3328333333333333,-0.22098087032751187
0.3329166666666667,-0.3196874821372987
0.333,-0.09044588740265937
0.33308333333333334,-0.34438235013685925
0.33316666666666667,-0.10411573163856223
0.33325,0.2160238011677553
0.3333333333333333,0.009032212463992021
0.33341666666666664,0.19947403692274335
0.3335,0.09880750810376601
0.33358333333333334,-0.2563428591094813
0.33366666666666667,-0.09820158509807649
0.33375,-0.17383258962301004
0.3338333333333333,-0.18156654919016116
0.33391666666666664,0.19398873494562566
0.334,0.16301492412896498
0.33408333333333334,0.2115280349967492
0.33416666666666667,0.3124976245163122
0.33425,0.09275730915708802
0.3343333333333333,0.21409898532959032
0.33441666666666664,0.1991028747359962
0.3345,0.024563309139900808
0.33458333333333334,0.10533153201249978
0.33466666666666667,0.07411037770538105
0.33475,0.13045029919518508
0.3348333333333333,-0.005411182376263457
0.33491666666666664,-0.20276133064701213
0.335,-0.15080950530058615
0.33508333333333334,-0.25915236725563984
0.33516666666666667,-0.19048414112790085
0.33525,-0.14464739898200402
0.3353333333333333,-0.1947311790755241
0.33541666666666664,-0.13234260158979144
0.3355,-0.3260805084485792
0.33558333333333334,-0.3359262661094685
0.33566666666666667,-0.3054123726778032
0.33575,-0.27019756549188956
0.3358333333333333,0.0677002924268345
0.33591666666666664,0.0693678007265713
0.336,0.2040676309473151
0.33608333333333335,0.2716686274037504
0.33616666666666667,-0.21635077306886907
0.33625,-0.2161975354293024
0.3363333333333333,-0.16721339214203884
0.33641666666666664,-0.2172110465864471
0.3365,0.15735909747483598
0.33658333333333335,0.251040297644606
0.33666666666666667,0.39122249521316677
0.33675,0.6464914424218059
0.3368333333333333,0.37889296855549665
0.33691666666666664,0.08593982990825919
0.337,-0.05461893885489396
0.33708333333333335,-0.08516863999092979
0.33716666666666667,0.19374657192554737
0.33725,0.3600792322446812
0.3373333333333333,0.33620528265792016
0.33741666666666664,0.23740195740367637
0.3375,-0.14983102663275072
0.33758333333333335,-0.40422421671791087
0.33766666666666667,-0.4862183527851712
0.33775,-0.5731399260363577
0.3378333333333333,-0.23024408995498233
0.33791666666666664,0.09317753483556832
0.338,0.12718351072433273
0.33808333333333335,0.20640591697271846
0.33816666666666667,0.031772837764848696
0.33825,-0.10518146813355916
0.3383333333333333,0.030226739405354818
0.33841666666666664,0.01811332513776127
0.3385,0.09897997840061724
0.33858333333333335,0.2164451559743312
0.33866666666666667,0.12776725614658438
0.33875,0.04854484227129649
0.3388333333333333,-0.05709298005424722
0.33891666666666664,-0.04730563672113999
0.339,0.03318634604396883
0.33908333333333335,0.09560027851317861
0.33916666666666667,0.32136761447684586
0.33925,0.4521787632725711
0.3393333333333333,0.37289092143516095
0.33941666666666664,0.2297532832854231
0.3395,0.001560420633894298
0.33958333333333335,-0.33831547527775413
0.3396666666666667,-0.3940630106282998
0.33975,-0.189298522459726
0.3398333333333333,-0.19230697026021504
0.33991666666666664,-0.11326171894117368
0.34,-0.16859646225379338
0.34008333333333335,-0.41060528711228333
0.3401666666666667,-0.37363030682808684
0.34025,-0.43393565535795114
0.3403333333333333,-0.36859092885288997
0.34041666666666665,-0.08932795875072191
0.3405,-0.07051480538160212
0.34058333333333335,0.05088688376587031
0.3406666666666667,0.19017417867953956
0.34075,-0.0781413702653949
0.3408333333333333,-0.24065973828782397
0.34091666666666665,-0.2040988036403317
0.341,-0.3164537948528411
0.34108333333333335,-0.11221014625160498
0.3411666666666667,0.20893053304562084
0.34125,0.26470411054567955
0.3413333333333333,0.2004154923699449
0.34141666666666665,-0.19083229903412097
0.3415,-0.26295637223716845
0.34158333333333335,0.001443264027765694
0.3416666666666667,0.06424822050026158
0.34175,0.4035748996132701
0.3418333333333333,0.49381898455238377
0.34191666666666665,0.18680541307131515
0.342,0.2193722794842328
0.34208333333333335,0.16946421695213806
0.3421666666666667,-0.12906619965068133
0.34225,-0.25239067872491067
0.3423333333333333,-0.2728424500088945
0.34241666666666665,-0.2581165901316256
0.3425,-0.05232191343803971
0.34258333333333335,0.13822903343481055
0.3426666666666667,0.05945658584827237
0.34275,-0.018269199179824867
0.3428333333333333,-0.03247598625335658
0.34291666666666665,-0.12203190378647144
0.343,-0.011870425464104334
0.34308333333333335,0.25565739687106614
0.3431666666666667,0.34512894684005413
0.34325,0.34339309733458334
0.3433333333333333,0.29630139838800984
0.34341666666666665,0.19680274736675515
0.3435,0.1707440847165183
0.34358333333333335,0.11135988371300162
0.3436666666666667,0.08596507453819459
0.34375,0.05222849157076197
0.3438333333333333,-0.08555234750765568
0.34391666666666665,-0.041213203736047886
0.344,-0.1532482930107765
0.34408333333333335,-0.19825466680615336
0.3441666666666667,0.010018931066978083
0.34425,-0.36470362791959393
0.3443333333333333,-0.4499148043274012
0.34441666666666665,-0.045610861684594994
0.3445,-0.04499164405382456
0.34458333333333335,0.042821416702996475
0.3446666666666667,-0.12332448595237615
0.34475,-0.48265671723245196
0.3448333333333333,-0.4625302425941237
0.34491666666666665,-0.45065551223222367
0.345,-0.3951901415554708
0.34508333333333335,-0.3047444289114862
0.3451666666666667,-0.15344688426167385
0.34525,-0.07471292516836651
0.3453333333333333,-0.07105537515544211
0.34541666666666665,0.12155701274557756
0.3455,0.18103362394746214
0.34558333333333335,0.43926657017039766
0.3456666666666667,0.564783428382885
0.34575,0.26747295724260145
0.3458333333333333,0.357632775706388
0.34591666666666665,0.4580755477287239
0.346,0.4693933592017605
0.34608333333333335,0.31750686170927095
0.3461666666666667,-0.029402430996762662
0.34625,0.05500279017327646
0.3463333333333333,-0.010767805428048881
0.34641666666666665,-0.04485520795720952
0.3465,0.18938146670297898
0.34658333333333335,0.06372121297062222
0.3466666666666667,0.043655159234620086
0.34675,0.1363335649917387
0.3468333333333333,0.05048610431413688
0.34691666666666665,0.11554672429656722
0.347,0.28232760860115536
0.34708333333333335,0.13989344510514545
0.3471666666666667,-0.14191562103900782
0.34725,-0.1968041127039252
0.3473333333333333,-0.20529338455123633
0.34741666666666665,-0.04855696133130788
0.3475,-0.11222488714990235
0.34758333333333336,-0.29684158903064367
0.3476666666666667,0.06059475390356805
0.34775,0.060553960728426746
0.3478333333333333,-0.02693269135565575
0.34791666666666665,0.18242169870627106
0.348,0.07972130748952855
0.34808333333333336,0.22273046131674973
0.3481666666666667,0.16988038688478782
0.34825,-0.01091444865029337
0.34833333333333333,0.2606247588683443
0.34841666666666665,0.15801764927101428
0.3485,0.15216552010459897
0.34858333333333336,0.2831535175887719
0.3486666666666667,-0.1337888429799788
0.34875,-0.4026474960075128
0.34883333333333333,-0.41636199304807875
0.34891666666666665,-0.4465300152195636
0.349,-0.3910309807276241
0.34908333333333336,-0.301259878874454
0.3491666666666667,-0.1773303310112787
0.34925,-0.195527239000015
0.34933333333333333,-0.2896421128342228
0.34941666666666665,-0.18424022295193904
0.3495,-0.08614531154968132
0.34958333333333336,-0.04226997903971916
0.3496666666666667,-0.008907458898599558
0.34975,-0.01944782968276668
0.34983333333333333,0.09164526600450744
0.34991666666666665,0.04305159124752504
0.35,-0.05257317968594047
0.35008333333333336,-0.06309368270054073
0.3501666666666667,-0.2752133337285805
0.35025,-0.18268599096038587
0.35033333333333333,0.12529270046415208
0.35041666666666665,0.334532405892694
0.3505,0.4783224973434
0.35058333333333336,0.403211104934848
0.3506666666666667,0.44582620395834943
0.35075,0.2503812988903161
0.35083333333333333,0.04498350388197004
0.35091666666666665,0.3756874131451065
0.351,0.22436724108563882
0.35108333333333336,-0.04584696489470275
0.3511666666666667,0.11729013981521233
0.35125,-0.013991769631932252
0.35133333333333333,-0.07090367761633794
0.35141666666666665,-0.01859043753798689
0.3515,-0.12085630783026671
0.35158333333333336,-0.01713698002021648
0.3516666666666667,-0.0196716332470176
0.35175,-0.009272861646397254
0.35183333333333333,0.16435883261852013
0.35191666666666666,-0.02848144956823651
0.352,-0.18272786140666322
0.35208333333333336,-0.1523727968086048
0.3521666666666667,-0.24391492652655652
0.35225,-0.1253533644109896
0.35233333333333333,0.04858944099579519
0.35241666666666666,0.026196090598380555
0.3525,-0.17484856364340393
0.35258333333333336,-0.32999660319606394
0.3526666666666667,-0.1100053173144307
0.35275,-0.009968255571075333
0.35283333333333333,-0.013500070634661703
0.35291666666666666,0.17323914881462554
0.353,0.05146845186268411
0.35308333333333336,-0.051473337359725466
0.3531666666666667,0.031802740703819214
0.35325,0.0719852055616484
0.35333333333333333,0.11220297244352856
0.35341666666666666,-0.12160158803439464
0.3535,-0.04912527002278823
0.35358333333333336,-0.02921956309139163
0.3536666666666667,-0.304155740941943
0.35375,0.08551960617722668
0.35383333333333333,0.1345351274422941
0.35391666666666666,-0.1914183770433801
0.354,-0.21102930253456534
0.35408333333333336,-0.33234935601160553
0.3541666666666667,-0.24379651642744715
0.35425,-0.018393262552165515
0.35433333333333333,0.22485829254774156
0.35441666666666666,0.13296441770675108
0.3545,-0.1331596611129277
0.3545833333333333,0.10145304183563894
0.3546666666666667,0.1703128311750644
0.35475,0.1337390417896376
0.35483333333333333,0.16048722201523244
0.35491666666666666,-0.05296770760780848
0.355,-0.13481178079871908
0.3550833333333333,-0.04612142441974253
0.3551666666666667,0.13682575364366986
0.35525,0.12371016215722065
0.35533333333333333,-0.04767987746056804
0.35541666666666666,-0.06596087957103489
0.3555,-0.08270958248312865
0.3555833333333333,-0.016538596190686972
0.3556666666666667,0.04930325379205743
0.35575,0.1173206887425547
0.35583333333333333,0.21581951275585384
0.35591666666666666,0.3211572317602953
0.356,0.3522838284914152
0.3560833333333333,0.18405885096333413
0.3561666666666667,0.2676379616804644
0.35625,0.20175980591085707
0.35633333333333334,-0.008548420547982797
0.35641666666666666,0.06629231730488856
0.3565,-0.10970311718616373
0.3565833333333333,-0.04123849948524842
0.3566666666666667,0.08860254187415581
0.35675,-0.16375591758762012
0.35683333333333334,-0.06079676058654632
0.35691666666666666,0.07442660604815333
0.357,0.07158750747553946
0.3570833333333333,0.2779798696541014
0.3571666666666667,0.3566260611603332
0.35725,0.13677712325210553
0.35733333333333334,-0.03388197696109802
0.35741666666666666,-0.133293406907851
0.3575,-0.23596840001616415
0.3575833333333333,-0.10869543293792755
0.3576666666666667,0.0012483732527881382
0.35775,0.06266319166920667
0.35783333333333334,0.06734581625598486
0.35791666666666666,-0.03875408794787606
0.358,-0.06625054791380387
0.3580833333333333,-0.28374616862269486
0.3581666666666667,-0.208895059483257
0.35825,-0.02992292961918957
0.35833333333333334,-0.22352280638937197
0.35841666666666666,0.027262969166183332
0.3585,0.14177707100226417
0.3585833333333333,0.06634625519668105
0.3586666666666667,0.22490773083281165
0.35875,-0.07833126190880507
0.35883333333333334,-0.16472235253748932
0.35891666666666666,-0.03954848893449307
0.359,-0.09932310673428052
0.3590833333333333,0.034725093935553286
0.3591666666666667,-0.010115571584732296
0.35925,-0.07126809821590056
0.35933333333333334,-0.20179934158971408
0.35941666666666666,-0.35463324524669027
0.3595,-0.1316586110296104
0.3595833333333333,-0.0497708672705738
0.3596666666666667,0.029962930114870525
0.35975,0.18081039246154934
0.35983333333333334,0.12036670782780229
0.35991666666666666,0.31329587510593604
0.36,0.4358766769806302
0.3600833333333333,-0.01152343434645882
0.3601666666666667,-0.35807662621332104
0.36025,-0.419762785551134
0.36033333333333334,-0.3264974459776735
0.36041666666666666,0.10034272587651494
0.3605,0.21021258183139707
0.3605833333333333,0.12561125840872203
0.3606666666666667,0.2489957307725752
0.36075,0.04053153603049574
0.36083333333333334,-0.017642990581105283
0.36091666666666666,0.10470928699093927
0.361,0.10403824575057037
0.3610833333333333,0.22956518787119753
0.3611666666666667,0.03571515353514744
0.36125,-0.07232278790919316
0.36133333333333334,0.01750300996772007
0.36141666666666666,-0.09492029948204261
0.3615,-0.01981079636996279
0.3615833333333333,-0.04978397439600914
0.3616666666666667,-0.15089718716018727
0.36175,-0.0818200091451134
0.36183333333333334,-0.12437762736430799
0.36191666666666666,-0.10110341023017098
0.362,0.05153882553978814
0.3620833333333333,-0.015399481368488439
0.3621666666666667,-0.2530315935949069
0.36225,-0.22435569342042663
0.36233333333333334,-0.08888372505934446
0.36241666666666666,0.0770554300379048
0.3625,0.22101223349227897
0.3625833333333333,0.07004355481226884
0.3626666666666667,0.04304573285468992
0.36275,0.17697070925920685
0.36283333333333334,0.2634357749809525
0.36291666666666667,0.20757353827691102
0.363,-0.0566080625443828
0.3630833333333333,-0.21493154376184911
0.3631666666666667,-0.1162598254575203
0.36325,0.1507747414909253
0.36333333333333334,0.2701064245978274
0.36341666666666667,0.2756811948045881
0.3635,0.12085809804859149
0.3635833333333333,-0.24086038187915743
0.3636666666666667,-0.303017413098184
0.36375,-0.15242263745600998
0.36383333333333334,0.06387776672999154
0.36391666666666667,0.17134348065867397
0.364,-0.04088047375270912
0.3640833333333333,-0.20628778040997017
0.3641666666666667,-0.32618490541969314
0.36425,-0.3099125651092398
0.36433333333333334,-0.10488193624054509
0.36441666666666667,-0.2783348904637333
0.3645,-0.4251333637061527
0.3645833333333333,-0.16602508704162758
0.36466666666666664,-0.10182406332411738
0.36475,0.06740772924459096
0.36483333333333334,0.3802365079814658
0.36491666666666667,0.28868791304825925
0.365,0.12604347424933462
0.3650833333333333,-0.03785108945212668
0.36516666666666664,-0.12219904820735257
0.36525,0.13877507814497855
0.36533333333333334,0.21695719026892257
0.36541666666666667,0.09789296100747095
0.3655,0.250987857664129
0.3655833333333333,0.2786898870633565
0.36566666666666664,0.05459021175600738
0.36575,0.009471943112814836
0.36583333333333334,0.06064009020483865
0.36591666666666667,0.06901006242445765
0.366,0.04398194424451439
0.3660833333333333,0.012845992025176427
0.36616666666666664,0.01736735721580868
0.36625,-0.007951699778181788
0.36633333333333334,-0.04554740707890637
0.36641666666666667,-0.08045736008736526
0.3665,-0.15810122082558845
0.3665833333333333,-0.23952497368919606
0.36666666666666664,-0.20656377720847394
0.36675,-0.11894484351515547
0.36683333333333334,-0.10130400040828395
0.36691666666666667,-0.16269061227657738
0.367,-0.1675841836692997
0.3670833333333333,-0.0120379513189864
0.36716666666666664,0.13859319004122903
0.36725,0.3524396386789055
0.36733333333333335,0.43198111724250343
0.36741666666666667,0.22971717611496234
0.3675,0.19860542546525106
0.3675833333333333,0.21499309823949733
0.36766666666666664,0.1706845570931781
0.36775,0.06150625893326328
0.36783333333333335,-0.05073514683027954
0.36791666666666667,0.008737704308260779
0.368,-0.09570766146108106
0.3680833333333333,0.05381002953675508
0.36816666666666664,0.25628450925401697
0.36825,0.06753214491718454
0.36833333333333335,0.06204456946822973
0.36841666666666667,-0.2843443529058967
0.3685,-0.5480698654628215
0.3685833333333333,-0.3192044642215865
0.36866666666666664,-0.38846886588886487
0.36875,-0.17589619768901113
0.36883333333333335,-0.010261441228431064
0.36891666666666667,-0.1863937779978994
0.369,-0.0900079154857436
0.3690833333333333,-0.16440473198129843
0.36916666666666664,-0.1610703758155095
0.36925,0.023676902760560198
0.36933333333333335,-0.06389046893930209
0.36941666666666667,-0.08173149505927368
0.3695,-0.0685742402149235
0.3695833333333333,-0.11191752191553918
0.36966666666666664,0.03301493236383126
0.36975,0.11063648563946538
0.36983333333333335,0.05765400012531208
0.36991666666666667,0.16184368924059117
0.37,0.21767845969112481
0.3700833333333333,0.18221152491498663
0.37016666666666664,0.2555372022740836
0.37025,0.07925729496568733
0.37033333333333335,-0.14628193517782653
0.37041666666666667,-0.13489299309301775
0.3705,-0.19709106405353413
0.3705833333333333,-0.07169724527290292
0.37066666666666664,0.15566111969256255
0.37075,0.2648140971702767
0.37083333333333335,0.2362299655474483
0.3709166666666667,-0.12904809038163098
0.371,-0.2411852625572426
0.3710833333333333,-0.0351243612650313
0.37116666666666664,-0.021664588852186726
0.37125,-0.041999100952421445
0.37133333333333335,-0.12085229415761557
0.3714166666666667,-0.303079069489173
0.3715,-0.2599859650177616
0.3715833333333333,-0.008720298911856982
0.37166666666666665,0.039592929702514296
0.37175,-0.041380235739079466
0.37183333333333335,0.06995625460210818
0.3719166666666667,0.10813667072789825
0.372,0.10368265880122379
0.3720833333333333,0.28090272331967014
0.37216666666666665,0.1657061005528829
0.37225,-0.035481442067766406
0.37233333333333335,-0.03842814213846839
0.3724166666666667,-0.24692287499892662
0.3725,-0.14204157828924388
0.3725833333333333,0.19875794411292014
0.37266666666666665,0.0964842449900652
0.37275,0.05733347817806919
0.37283333333333335,0.07289876511534163
0.3729166666666667,-0.15964904262704716
0.373,-0.20971232789166055
0.3730833333333333,-0.08521427395505848
0.37316666666666665,0.01674457402038618
0.37325,0.15778556275261338
0.37333333333333335,0.19585076621931502
0.3734166666666667,-0.03235663757517079
0.3735,-0.23059221893385543
0.3735833333333333,-0.2236043725760992
0.37366666666666665,-0.3515331046877349
0.37375,-0.2725986981111612
0.37383333333333335,0.05209549598352327
0.3739166666666667,0.20536957955474414
0.374,0.49849915246121296
0.3740833333333333,0.4261848211240987
0.37416666666666665,0.12832918742293653
0.37425,0.19870623928169232
0.37433333333333335,0.02003721176467758
0.3744166666666667,-0.08959504297766846
0.3745,0.008409504190918978
0.3745833333333333,0.05353829196542413
0.37466666666666665,0.23952379226905224
0.37475,0.3726052476777635
0.37483333333333335,0.4307102405397205
0.3749166666666667,0.20376520219718683
0.375,-0.13185932943599607
0.3750833333333333,-0.18169600051272253
0.37516666666666665,-0.10301330926742544
0.37525,-0.0017881394331798004
0.37533333333333335,-0.035127031834288606
0.3754166666666667,-0.06384365543207518
0.3755,-0.12024493966993731
0.3755833333333333,-0.17056235774063794
0.37566666666666665,-0.07735829951125943
0.37575,-0.18903057594498626
0.37583333333333335,-0.19535352543332066
0.3759166666666667,-0.027929448485717687
0.376,-0.061452718601333924
0.3760833333333333,-0.08739949576929763
0.37616666666666665,0.03421663793509298
0.37625,0.09028893654378174
0.37633333333333335,-0.13784213892135658
0.3764166666666667,-0.2705485952947593
0.3765,-0.20415168853613996
0.3765833333333333,-0.17103611240134417
0.37666666666666665,-0.05534280879400845
0.37675,0.0313208981810679
0.37683333333333335,0.1358105551836734
0.3769166666666667,0.09921029245492718
0.377,-0.047440347733358576
0.3770833333333333,0.07684150858418386
0.37716666666666665,0.18545178054983963
0.37725,0.2095065981684178
0.37733333333333335,0.044408669977154425
0.3774166666666667,-0.18283546646698925
0.3775,-0.08814718006621289
0.3775833333333333,-0.13065250752812116
0.37766666666666665,-0.1409392486135655
0.37775,0.04664213661955801
0.37783333333333335,0.0022146629295635833
0.3779166666666667,0.040908567363693124
0.378,0.1032919697385288
0.3780833333333333,0.005813138437206487
0.37816666666666665,-0.12253803876181252
0.37825,-0.3001806049437795
0.37833333333333335,-0.19181663176106853
0.3784166666666667,-0.09296577509886746
0.3785,-0.09752611153381045
0.3785833333333333,0.1818462357472321
0.37866666666666665,0.14466609718819914
0.37875,-0.015030659318642508
0.37883333333333336,0.12432022938346149
0.3789166666666667,-0.03561550602042096
0.379,-0.2110569460563598
0.3790833333333333,-0.07266815013728319
0.37916666666666665,-0.0004569976968141176
0.37925,0.12437113932758642
0.37933333333333336,0.3097850128363856
0.3794166666666667,0.3406790252998099
0.3795,0.228994024391555
0.37958333333333333,0.04057776878704998
0.37966666666666665,0.022378702286556754
0.37975,0.06865178737761107
0.37983333333333336,0.10016155193233614
0.3799166666666667,0.19106371496377292
0.38,0.21984783784789266
0.38008333333333333,0.28460178820603566
0.38016666666666665,0.07248955371679411
0.38025,-0.2817385370265062
0.38033333333333336,-0.27202837631041066
0.3804166666666667,-0.23670681178994743
0.3805,-0.15533887300287041
0.38058333333333333,0.0961851714117011
0.38066666666666665,0.22338374298526628
0.38075,0.20620111621985684
0.38083333333333336,0.09935017200451997
0.3809166666666667,-0.1779335491520707
0.381,-0.35864864263214735
0.38108333333333333,-0.18940493427813984
0.38116666666666665,-0.14025543545460048
0.38125,-0.08121067209852499
0.38133333333333336,0.1513462208280908
0.3814166666666667,0.012904388066243349
0.3815,0.008154131199061011
0.38158333333333333,0.06969433921226756
0.38166666666666665,-0.2479574400171162
0.38175,-0.14094302041343193
0.38183333333333336,0.0440800084047123
0.3819166666666667,-0.031217304371087273
0.382,0.1583360793180984
0.38208333333333333,0.2012436550436348
0.38216666666666665,0.042345199927261996
0.38225,-0.018615610772929624
0.38233333333333336,-0.13001516599764615
0.3824166666666667,-0.1981202701011374
0.3825,0.04845760449419331
0.38258333333333333,0.19956417106751967
0.38266666666666665,0.030144075356716187
0.38275,0.09599251458916563
0.38283333333333336,-0.042975976438053516
0.3829166666666667,-0.2647856979429003
0.383,-0.03467726212536168
0.38308333333333333,-0.1590102424852126
0.38316666666666666,-0.25503209664621307
0.38325,-0.025464948082257712
0.38333333333333336,0.08699733037816193
0.3834166666666667,0.23695222583068123
0.3835,0.10355165414225231
0.38358333333333333,0.05726858750270475
0.38366666666666666,0.043733560679046685
0.38375,-0.21412590167107914
0.38383333333333336,0.0014507128173148805
0.3839166666666667,0.07718088018523006
0.384,-0.020289489438194103
0.38408333333333333,0.07210470527145141
0.38416666666666666,-0.09306275688475807
0.38425,-0.054153263266903354
0.38433333333333336,-0.06824931263791766
0.3844166666666667,-0.13553509576448206
0.3845,0.07581600279963373
0.38458333333333333,0.06152849993972766
0.38466666666666666,0.21078974229518097
0.38475,0.26309483595211036
0.38483333333333336,0.006816945194728105
0.3849166666666667,0.1039713935782843
0.385,0.09353416929655006
0.38508333333333333,0.05984429064441259
0.38516666666666666,0.2285253691345351
0.38525,0.09113113728309902
0.38533333333333336,-0.0017548907589590122
0.3854166666666667,-0.0048282331879335606
0.3855,-0.16888156909926558
0.38558333333333333,-0.26747542647548855
0.38566666666666666,-0.26330318516823226
0.38575,-0.05237040735034978
0.3858333333333333,0.12676016238318252
0.3859166666666667,0.0656767130393456
0.386,0.09516184368087927
0.38608333333333333,0.15746251959643742
0.38616666666666666,0.01808519300447978
0.38625,-0.11283540302430085
0.3863333333333333,-0.05829938656559462
0.3864166666666667,-0.12119051182908055
0.3865,-0.16149024839630227
0.38658333333333333,0.06631591624939763
0.38666666666666666,0.0018358269097031778
0.38675,-0.16512495797755136
0.3868333333333333,0.08340349154495766
0.3869166666666667,0.11153556557732798
0.387,-0.054710324988262116
0.38708333333333333,0.11684753538152781
0.38716666666666666,0.13470079779969513
0.38725,0.05911254954790165
0.3873333333333333,0.08146788411791639
0.3874166666666667,0.10753478974871439
0.3875,0.28067299819787506
0.38758333333333334,0.03647060542187679
0.38766666666666666,-0.054291450255422535
0.38775,0.24926625103792788
0.3878333333333333,0.08005129800495078
0.3879166666666667,0.13571636911531312
0.388,0.14331291112286929
0.38808333333333334,-0.09659766589941313
0.38816666666666666,-0.007974323496377106
0.38825,-0.05997410572420667
0.3883333333333333,0.10823750670956943
0.3884166666666667,0.10824107343162695
0.3885,-0.168051466794805
0.38858333333333334,0.045953850257582134
0.38866666666666666,-0.012672344055325387
0.38875,-0.10812321690354942
0.3888333333333333,0.09418233852286163
0.3889166666666667,-0.021071578334184625
0.389,-0.12430972551565164
0.38908333333333334,-0.03372505831872771
0.38916666666666666,-0.04637157402744231
0.38925,-0.18602008693584327
0.3893333333333333,-0.13945313691915895
0.3894166666666667,0.00012055352583108413
0.3895,0.018230963438969735
0.38958333333333334,0.0395284852649795
0.38966666666666666,-0.013340642526100602
0.38975,0.07422228640531203
0.3898333333333333,0.12025296997211472
0.3899166666666667,-0.04635923542128418
0.39,0.03560302316083974
0.39008333333333334,0.008328616244517277
0.39016666666666666,-0.16221343883347078
0.39025,-0.06381916369643348
0.3903333333333333,-0.01733189340716709
0.3904166666666667,-0.11387377521921313
0.3905,-0.17033770837328824
0.39058333333333334,-0.05407966405901273
0.39066666666666666,0.09510058407111724
0.39075,0.1087152296004748
0.3908333333333333,0.10239992979831423
0.3909166666666667,-0.00038116610748882747
0.391,-0.014404380700163387
0.39108333333333334,0.05246000099167303
0.39116666666666666,-0.0066192588943901134
0.39125,0.03556086153496619
0.3913333333333333,0.04836286161925095
0.3914166666666667,-0.007448781497450468
0.3915,0.07016384224543015
0.39158333333333334,0.11580568005270095
0.39166666666666666,0.03960058998643782
0.39175,0.045105869510909134
0.3918333333333333,0.04778410276891516
0.3919166666666667,-0.021717943212329026
0.392,0.09599038873946462
0.39208333333333334,0.09804795795661729
0.39216666666666666,0.006851924504245077
0.39225,-0.043707988336483185
0.3923333333333333,-0.19038218576749752
0.3924166666666667,-0.12224012319207912
0.3925,-0.09451257551419599
0.39258333333333334,-0.02418242338483396
0.39266666666666666,0.15942117027748673
0.39275,0.10599005157306793
0.3928333333333333,0.1403929562316634
0.3929166666666667,0.10784191586092474
0.393,-0.0806881875808963
0.39308333333333334,-0.1816425907212581
0.39316666666666666,-0.2755779841950281
0.39325,-0.3170233645429839
0.3933333333333333,-0.16804410292799066
0.3934166666666667,0.082832096306907
0.3935,0.12105446921181258
0.39358333333333334,0.15774939860551154
0.39366666666666666,0.16136347104408977
0.39375,-0.035860037927009966
0.3938333333333333,0.011054311186389233
0.3939166666666667,0.008852394858391491
0.394,-0.11734124874721794
0.39408333333333334,-0.03659509341000724
0.39416666666666667,-0.0469338082744706
0.39425,-0.031131825070182903
0.3943333333333333,0.03592607269571478
0.3944166666666667,-0.00480460313397485
0.3945,0.023387251660914675
0.39458333333333334,0.03795185201969737
0.39466666666666667,0.03104481503553668
0.39475,0.10877214999855589
0.3948333333333333,0.17485702402764877
0.3949166666666667,0.13119982586141932
0.395,0.020422435125775247
0.39508333333333334,-0.0995645098678215
0.39516666666666667,-0.2826651005865555
0.39525,-0.3571005310917476
0.3953333333333333,-0.20068253918327186
0.3954166666666667,-0.14231565258240228
0.3955,-0.05253545757915659
0.39558333333333334,0.12812197826230848
0.39566666666666667,-0.039662335168713155
0.39575,-0.07746864760611744
0.3958333333333333,-0.002938316333506049
0.39591666666666664,-0.2474479173304535
0.396,-0.15109210438512563
0.39608333333333334,-0.006690405382505264
0.39616666666666667,-0.1061074903179921
0.39625,0.06162347850673722
0.3963333333333333,0.06922019162577424
0.39641666666666664,-0.07182559907883936
0.3965,-0.06915595819642484
0.39658333333333334,-0.08348264383467158
0.39666666666666667,0.16637083770926028
0.39675,0.418124048597859
0.3968333333333333,0.3273379083801556
0.39691666666666664,0.26327186496712823
0.397,0.23969278962026205
0.39708333333333334,0.050113044729992645
0.39716666666666667,-0.23492549854684805
0.39725,-0.2640784085753397
0.3973333333333333,-0.1373477465987689
0.39741666666666664,-0.08320345398538354
0.3975,0.11128262459346941
0.39758333333333334,0.1688406242556573
0.39766666666666667,0.23297529428943792
0.39775,0.1951486126358212
0.3978333333333333,-0.17331857671015535
0.39791666666666664,-0.11323911570225698
0.398,-0.1900162155208823
0.39808333333333334,-0.2968549745708784
0.39816666666666667,0.06184667820185581
0.39825,-0.11469758893565167
0.3983333333333333,-0.18899504093059014
0.39841666666666664,0.07596018674132057
0.3985,-0.01753894982370687
0.39858333333333335,-0.16478906594059572
0.39866666666666667,-0.18736015006618978
0.39875,0.07669706671327704
0.3988333333333333,0.10043431674498404
0.39891666666666664,0.08390367177227698
0.399,0.34145282754900613
0.39908333333333335,-0.027153248205396264
0.39916666666666667,-0.23705476971877845
0.39925,-0.1038442257135873
0.3993333333333333,-0.18067333168664707
0.39941666666666664,0.11980466022809277
0.3995,0.29183411214060706
0.39958333333333335,0.25442877866796476
0.39966666666666667,0.17159021351455014
0.39975,-0.03744779003415
0.3998333333333333,0.05433998912519844
0.39991666666666664,0.03786651230242653
0.4,0.002496998185305308
0.40008333333333335,-0.038181798680391496
0.40016666666666667,-0.2291691933833227
0.40025,-0.05949995514048309
0.4003333333333333,0.0887414061178842
0.40041666666666664,0.016390705536987217
0.4005,-0.09414063050235208
0.40058333333333335,-0.17374259953765764
0.40066666666666667,-0.22731238533327533
0.40075,-0.1970444597891402
0.4008333333333333,0.033091381396155466
0.40091666666666664,-0.08630292523836461
0.401,-0.13629687545830746
0.40108333333333335,0.013744895841870988
0.40116666666666667,-0.22389140121088533
0.40125,-0.08951156730624658
0.4013333333333333,0.1600323487012443
0.40141666666666664,0.1622335461396768
0.4015,0.2934269806238926
0.40158333333333335,0.17011656630587965
0.40166666666666667,0.1850674811220536
0.40175,0.08849794347898576
0.4018333333333333,-0.20189481547734286
0.40191666666666664,0.08697777678450726
0.402,-0.08238582046407711
0.40208333333333335,-0.3494175660964818
0.4021666666666667,0.006173173139367194
0.40225,-0.05101347428476331
0.4023333333333333,0.050267281175947046
0.40241666666666664,0.20805634994068675
0.4025,-0.12585346456889954
0.40258333333333335,-0.0634795435318315
0.4026666666666667,0.13551043241322552
0.40275,0.12532508164618714
0.4028333333333333,0.035521119782998864
0.40291666666666665,-0.21612291235602324
0.403,-0.2972769867766128
0.40308333333333335,-0.22536295322729655
0.4031666666666667,-0.2298070003231534
0.40325,-0.22257893151616095
0.4033333333333333,-0.10479940270200633
0.40341666666666665,-0.07273956774987408
0.4035,-0.19008142719801577
0.40358333333333335,-0.03468425871689661
0.4036666666666667,0.2714729989538754
0.40375,0.4027196901648192
0.4038333333333333,0.4257771878977046
0.40391666666666665,0.27457954526133027
0.404,0.21306553978663587
0.40408333333333335,0.22757030323152844
0.4041666666666667,-0.06533569462084161
0.40425,-0.23077493814220026
0.4043333333333333,-0.1326327353372101
0.40441666666666665,-0.02781646508040667
0.4045,0.1426710440898438
0.40458333333333335,0.060475459880128424
0.4046666666666667,-0.07534444050180725
0.40475,0.12479907074772992
0.4048333333333333,0.1397339091302892
0.40491666666666665,0.008569689832561742
0.405,0.1090953884792479
0.40508333333333335,0.1844754024234028
0.4051666666666667,0.21736683983569438
0.40525,0.1006619634026445
0.4053333333333333,-0.20897993665479878
0.40541666666666665,-0.24234118231698473
0.4055,-0.20676078370814843
0.40558333333333335,-0.28049028140118176
0.4056666666666667,-0.17826691115018908
0.40575,-0.11935074447665418
0.4058333333333333,-0.05077587917130322
0.40591666666666665,0.10598452155547335
0.406,0.0742623659221973
0.40608333333333335,-0.005192061442078009
0.4061666666666667,0.0007402875512890664
0.40625,0.08171671605185421
0.4063333333333333,0.08069925204934471
0.40641666666666665,0.06439034363157878
0.4065,0.2598632663359117
0.40658333333333335,0.2247288317794185
0.4066666666666667,0.09159648199640796
0.40675,0.031174920421987825
0.4068333333333333,-0.23977607120077313
0.40691666666666665,-0.20770338650237077
0.407,-0.06811318946316311
0.40708333333333335,-0.15428451047268685
0.4071666666666667,-0.03734138846729724
0.40725,0.059160820889244944
0.4073333333333333,0.035504290215626344
0.40741666666666665,0.13572147297501688
0.4075,0.1316409717298092
0.40758333333333335,-0.015527070345958526
0.4076666666666667,0.07137628875916811
0.40775,0.10220702131867757
0.4078333333333333,-0.10828257500319446
0.40791666666666665,-0.16662855122714226
0.408,-0.22235350108750487
0.40808333333333335,-0.23080763059610046
0.4081666666666667,-0.25352203481499175
0.40825,-0.25552856579874783
0.4083333333333333,-0.019091410869303552
0.40841666666666665,-0.019945302388498058
0.4085,0.017075971570826576
0.40858333333333335,0.1597577972289935
0.4086666666666667,0.12278395733558366
0.40875,0.11574440534038116
0.4088333333333333,0.01868892571811329
0.40891666666666665,0.0981890149958839
0.409,0.15839654308941484
0.40908333333333335,0.08412414963552595
0.4091666666666667,0.09175553609817585
0.40925,-0.18271158345655528
0.4093333333333333,-0.19045131891401093
0.40941666666666665,-0.025575028149468916
0.4095,-0.10684384987881948
0.40958333333333335,0.005531175028961081
0.4096666666666667,0.031555358949035155
0.40975,0.14166756184577586
0.4098333333333333,0.28279457265235536
0.40991666666666665,0.04775391319926289
0.41,-0.09208741955577161
0.41008333333333336,-0.1770726627099741
0.4101666666666667,-0.054583857052271895
0.41025,0.29780237010697685
0.4103333333333333,0.21699035587723703
0.41041666666666665,0.1893109751282304
0.4105,0.29677081192331906
0.41058333333333336,0.004420372389275366
0.4106666666666667,0.026738912626427903
0.41075,0.20214469020027934
0.41083333333333333,-0.016023354303722745
0.41091666666666665,-0.05517055125997958
0.411,-0.026535878052656205
0.41108333333333336,-0.04775112427583312
0.4111666666666667,0.06868060869835442
0.41125,0.1800651652667229
0.41133333333333333,0.11114718301373645
0.41141666666666665,-0.05010329414546889
0.4115,0.029795134857715868
0.41158333333333336,0.09297578988880154
0.4116666666666667,0.17923241972137238
0.41175,0.08149806114886604
0.41183333333333333,-0.21626237892793038
0.41191666666666665,-0.21264902214510742
0.412,-0.5776645665356824
0.41208333333333336,-0.5284701237641919
0.4121666666666667,-0.01443687989888895
0.41225,-0.15145121738046247
0.41233333333333333,0.128187717203779
0.41241666666666665,0.23687680751256882
0.4125,-0.07855927035989306
0.41258333333333336,0.169068140364666
0.4126666666666667,0.0949255264846993
0.41275,-0.1540806708643042
0.41283333333333333,-0.1444266184297139
0.41291666666666665,-0.043563396875070055
0.413,0.04291093106690374
0.41308333333333336,-0.14359780746439285
0.4131666666666667,-0.17398678981645288
0.41325,-0.2762595481719995
0.41333333333333333,-0.21536455645026542
0.41341666666666665,0.22600191773678976
0.4135,-0.012751657991466355
0.41358333333333336,-0.12257938709295318
0.4136666666666667,0.2521396963146535
0.41375,0.11997596129522366
0.41383333333333333,-0.014765136402896206
0.41391666666666665,0.022456745868872897
0.414,0.1393014357872974
0.41408333333333336,0.3056151176893233
0.4141666666666667,0.261092777552747
0.41425,0.3036988521956352
0.41433333333333333,0.25601277995685895
0.41441666666666666,0.10926353641003571
0.4145,0.006045570668884751
0.41458333333333336,-0.24673277825457007
0.4146666666666667,-0.23610549883504334
0.41475,-0.024129644791057826
0.41483333333333333,0.02653256438378059
0.41491666666666666,0.16478181918014512
0.415,0.29927089483195146
0.41508333333333336,0.2100160244459539
0.4151666666666667,0.31697564612657697
0.41525,0.49681202642508393
0.41533333333333333,0.20941188480299536
0.41541666666666666,0.11327318605432016
0.4155,0.17645310162221312
0.41558333333333336,-0.16363972679396047
0.4156666666666667,-0.1522370888434343
0.41575,-0.005448292114888722
0.41583333333333333,-0.1887941444722735
0.41591666666666666,-0.21013707353026612
0.416,-0.13112982037420565
0.41608333333333336,-0.007945943307372994
0.4161666666666667,0.16414333272863388
0.41625,0.3820247936550901
0.41633333333333333,0.3849269994885281
0.41641666666666666,0.08306178721913715
0.4165,0.034834533829315804
0.41658333333333336,-0.14502012499324263
0.4166666666666667,-0.3267105072040133
0.41675,-0.23935997759733071
0.41683333333333333,-0.39400178509301215
0.41691666666666666,-0.20043092607768806
0.417,-0.060212087234523926
0.4170833333333333,-0.34484510103822785
0.4171666666666667,-0.09422063610880824
0.41725,0.02846629824668279
0.41733333333333333,-0.30360187915245207
0.41741666666666666,-0.21807528954464633
0.4175,-0.1697105593197091
0.4175833333333333,-0.3922666881313824
0.4176666666666667,-0.1234219674622816
0.41775,0.05873413670308973
0.41783333333333333,-0.2170892041071119
0.41791666666666666,-0.09894548033860753
0.418,-0.010219194719269813
0.4180833333333333,-0.1293900732347185
0.4181666666666667,0.043306417445174314
0.41825,0.042174512349096444
0.41833333333333333,0.041792708567897255
0.41841666666666666,0.20740015067816894
0.4185,0.0717004292533472
0.4185833333333333,0.06301240119998842
0.4186666666666667,0.1726255711163995
0.41875,-0.007002758735074286
0.41883333333333334,-0.022301931291121974
0.41891666666666666,0.03136285883037443
0.419,0.18885240422787936
0.4190833333333333,0.6624427725249449
0.4191666666666667,0.6642835102768767
0.41925,0.3571918004886242
0.41933333333333334,0.2434329636047062
0.41941666666666666,0.08333727441571812
0.4195,-0.06797028812310295
0.4195833333333333,-0.1384424261571023
0.4196666666666667,-0.110787864963972
0.41975,-0.08579765185878889
0.41983333333333334,0.06799280202217202
0.41991666666666666,0.23307371496582227
0.42,0.0746331532259127
0.4200833333333333,0.0425820509621338
0.4201666666666667,-0.001795825930738468
0.42025,-0.11670771870107366
0.42033333333333334,0.060293843666217324
0.42041666666666666,0.14795860589127338
0.4205,0.2166109792945559
0.4205833333333333,0.1573004520663195
0.4206666666666667,-0.12029138768305192
0.42075,-0.13947931063508742
0.42083333333333334,-0.17639060152736993
0.42091666666666666,-0.13780978836983937
0.421,0.0190889816493879
0.4210833333333333,-0.07054117948359102
0.4211666666666667,-0.05849521543607128
0.42125,-0.08520032046919038
0.42133333333333334,-0.265537366552645
0.42141666666666666,-0.24876928660942435
0.4215,-0.01811877237390878
0.4215833333333333,0.13376064374435662
0.4216666666666667,-0.06995757806047209
0.42175,-0.0990995207573874
0.42183333333333334,-0.030769665954266247
0.42191666666666666,-0.21918039120594185
0.422,-0.2651026720315492
0.4220833333333333,-0.44253507646521395
0.4221666666666667,-0.4556779565406073
0.42225,-0.17742760615304756
0.42233333333333334,-0.09787905516235135
0.42241666666666666,0.19263690240676512
0.4225,0.23283371601922992
0.4225833333333333,0.03832466706850852
0.4226666666666667,0.11922028370757948
0.42275,-0.1203406413345786
0.42283333333333334,-0.18485053930614567
0.42291666666666666,0.09842594091218454
0.423,0.17358988332478076
0.4230833333333333,0.2604490219063027
0.4231666666666667,0.23328691035239493
0.42325,0.18475134702093846
0.42333333333333334,0.15131828068329728
0.42341666666666666,-0.10546147070391754
0.4235,-0.24028726528489683
0.4235833333333333,-0.1935864374976406
0.4236666666666667,-0.0359123282007732
0.42375,0.15745034548827583
0.42383333333333334,0.13590953461374092
0.42391666666666666,0.08854217120662489
0.424,0.10815361469527307
0.4240833333333333,0.04626995770167146
0.4241666666666667,-0.02968992666977878
0.42425,-0.045010026504973905
0.42433333333333334,0.03171566951057978
0.42441666666666666,0.047566434254977336
0.4245,-0.045463039895467655
0.4245833333333333,0.03052252679129889
0.4246666666666667,0.05003181199633431
0.42475,-0.08383415572528262
0.42483333333333334,-0.04993903197462773
0.42491666666666666,-0.1151549965206148
0.425,-0.16159038293564967
0.4250833333333333,0.08183202380595767
0.4251666666666667,0.2772405069616114
0.42525,0.34715998633110706
0.42533333333333334,0.30299183131054397
0.42541666666666667,0.2407962017541997
0.4255,0.1316604233263794
0.4255833333333333,0.024080700524984715
0.4256666666666667,0.12344023818343161
0.42575,0.0037505312744527865
0.42583333333333334,-0.19745597764313655
0.42591666666666667,-0.2282684041122102
0.426,-0.410444001544611
0.4260833333333333,-0.42062680483296755
0.4261666666666667,-0.2946075961369515
0.42625,-0.43467002922587156
0.42633333333333334,-0.3789502693181789
0.42641666666666667,-0.023580172972044754
0.4265,0.04856550696361808
0.4265833333333333,-0.008694514970020701
0.4266666666666667,0.009371196262038627
0.42675,-0.07343377604143925
0.42683333333333334,-0.1613589789176462
0.42691666666666667,-0.36094342468767787
0.427,-0.49038842340203037
0.4270833333333333,-0.4007327510068851
0.42716666666666664,-0.18696375714408822
0.42725,0.13471851849051733
0.42733333333333334,0.17526178484314794
0.42741666666666667,0.1980138330062228
0.4275,0.15495767333859053
0.4275833333333333,-0.08032640184796638
0.42766666666666664,0.08923630860796934
0.42775,0.14664441788474017
0.42783333333333334,0.05561713908915006
0.42791666666666667,0.15653203393443235
0.428,0.18172228664978454
0.4280833333333333,0.270026863132206
0.42816666666666664,0.19509320307229472
0.42825,0.08705369632920479
0.42833333333333334,0.016908900822318555
0.42841666666666667,-0.14534492637347435
0.4285,0.048185446919619505
0.4285833333333333,0.19828895131647917
0.42866666666666664,0.10888981275488681
0.42875,0.0516317123266903
0.42883333333333334,-0.06542544471985204
0.42891666666666667,-0.10322903022876365
0.429,-0.16956928105336158
0.4290833333333333,-0.03536578151493728
0.42916666666666664,0.3152066900106099
0.42925,0.3492236820451814
0.42933333333333334,0.40127936020993427
0.42941666666666667,0.2858954930195277
0.4295,-0.14615794668496643
0.4295833333333333,-0.10982341469136517
0.42966666666666664,-0.018252274019040848
0.42975,-0.07270313204713703
0.42983333333333335,0.06814002847967356
0.42991666666666667,-0.040077135584348264
0.43,0.04940384984237889
0.4300833333333333,0.29090519623313565
0.43016666666666664,0.03338819996323576
0.43025,-0.12143959437717361
0.43033333333333335,-0.15456432542746817
0.43041666666666667,-0.19735703247108694
0.4305,-0.038978804046999
0.4305833333333333,0.13992474084374665
0.43066666666666664,0.14890849838470854
0.43075,-0.12326944142919907
0.43083333333333335,-0.14279768797630168
0.43091666666666667,-0.1719143667751781
0.431,-0.34797856452686105
0.4310833333333333,-0.068547515002085
0.43116666666666664,-0.11731374355853855
0.43125,-0.3589979274227403
0.43133333333333335,-0.23012557459639782
0.43141666666666667,-0.10757160095023317
0.4315,0.0067231748395111
0.4315833333333333,-0.024050329360280013
0.43166666666666664,0.021980542560237914
0.43175,0.05677856668129842
0.43183333333333335,0.0010627297819257291
0.43191666666666667,0.18344814558779998
0.432,0.2185212349462584
0.4320833333333333,0.2719905896432323
0.43216666666666664,0.2438612618091202
0.43225,-0.09861369441853897
0.43233333333333335,-0.08488837016571074
0.43241666666666667,0.05760756635760506
0.4325,0.10787652797418769
0.4325833333333333,0.25623889091054886
0.43266666666666664,0.22685953584438603
0.43275,0.11607198166810694
0.43283333333333335,-0.02241264534297384
0.43291666666666667,-0.028498202718824046
0.433,0.13313072990915342
0.4330833333333333,0.10773679576701342
0.43316666666666664,0.22924885342039866
0.43325,0.1570364062881638
0.43333333333333335,-0.17533919014963284
0.4334166666666667,0.005625437031191253
0.4335,-0.025484637194142807
0.4335833333333333,-0.2630099820530605
0.43366666666666664,-0.28851673042555886
0.43375,-0.38903409149391016
0.43383333333333335,-0.03651128452864168
0.4339166666666667,0.1836664725898064
0.434,0.06516476992161654
0.4340833333333333,0.16555362033226287
0.43416666666666665,-0.0653325163534049
0.43425,-0.2825547762634464
0.43433333333333335,-0.32617475302709453
0.4344166666666667,-0.30209907883365433
0.4345,0.030938985835483098
0.4345833333333333,0.10142575583769156
0.43466666666666665,0.12044398831056069
0.43475,0.17563476000676584
0.43483333333333335,-0.06756590679245786
0.4349166666666667,-0.18868373904165553
0.435,-0.3311869395213106
0.4350833333333333,-0.3243188091326298
0.43516666666666665,-0.004885605760346539
0.43525,0.1261327454303231
0.43533333333333335,0.2548692290301864
0.4354166666666667,0.1714415231000899
0.4355,-0.1434985123487685
0.4355833333333333,-0.1977798238750965
0.43566666666666665,-0.23869347401038654
0.43575,-0.18005397168866513
0.43583333333333335,-0.02630117001609762
0.4359166666666667,0.014021915293411425
0.436,0.08551302774760233
0.4360833333333333,-0.05397547556011929
0.43616666666666665,-0.31912376447583035
0.43625,-0.3488255051240532
0.43633333333333335,-0.24207200384830443
0.4364166666666667,0.015687731321916677
0.4365,0.256964041427299
0.4365833333333333,0.3080092822402787
0.43666666666666665,0.4072305908410513
0.43675,0.20383096775853002
0.43683333333333335,-0.15954171630659325
0.4369166666666667,-0.14033233836854822
0.437,-0.05126784320657028
0.4370833333333333,0.12719718196503316
0.43716666666666665,0.20185587841938352
0.43725,0.22506135609863587
0.43733333333333335,0.40596322086694736
0.4374166666666667,0.30033856502047096
0.4375,0.24722889540315718
0.4375833333333333,0.17823553708266057
0.43766666666666665,0.035841740371880274
0.43775,0.04090393952668907
0.43783333333333335,0.059736009190421505
0.4379166666666667,0.284815480175196
0.438,0.20259483718384583
0.4380833333333333,0.15875517588640262
0.43816666666666665,0.13094773431406329
0.43825,-0.3050306577968396
0.43833333333333335,-0.10259660611990032
0.4384166666666667,0.03284277287425367
0.4385,0.03445138683147227
0.4385833333333333,0.29216949783117174
0.43866666666666665,0.14073739197092913
0.43875,0.2961438033233331
0.43883333333333335,0.15781924168989958
0.4389166666666667,-0.26711478814044964
0.439,-0.32787110128470165
0.4390833333333333,-0.5640159688217055
0.43916666666666665,-0.23589586783628422
0.43925,0.12046782679643024
0.43933333333333335,0.051009589834408106
0.4394166666666667,0.20368266734391016
0.4395,0.11828705726065758
0.4395833333333333,0.019607766972602848
0.43966666666666665,-0.08577530049550819
0.43975,-0.22144019644488458
0.43983333333333335,-0.06915655762741782
0.4399166666666667,-0.07780444851855987
0.44,-0.11108106672288957
0.4400833333333333,-0.14959799170360275
0.44016666666666665,-0.3847697870241945
0.44025,-0.41166866880723224
0.44033333333333335,-0.25370279916479754
0.4404166666666667,-0.16300213392270593
0.4405,-0.08872615040132746
0.4405833333333333,-0.04619086825985381
0.44066666666666665,-0.13569971745190965
0.44075,-0.015155751111889259
0.44083333333333335,0.10621332386382812
0.4409166666666667,-0.10546099295242126
0.441,0.01223482521671136
0.4410833333333333,-0.05236436930603002
0.44116666666666665,-0.17661994478063528
0.44125,0.29580210451794964
0.44133333333333336,0.1763394628727564
0.4414166666666667,0.09795058823440411
0.4415,0.38625816911003086
0.4415833333333333,0.13645715047866683
0.44166666666666665,0.20380429148092988
0.44175,0.31774432296757643
0.44183333333333336,0.19035271149746294
0.4419166666666667,0.3575658674145267
0.442,0.35888223335939606
0.44208333333333333,0.16602619832966128
0.44216666666666665,0.1290467952753047
0.44225,0.07220212162156323
0.44233333333333336,-0.01746744878706485
0.4424166666666667,0.1506987423735174
0.4425,0.09530269824381495
0.44258333333333333,-0.0030958595277652094
0.44266666666666665,0.22471307033090573
0.44275,0.017052878140463888
0.44283333333333336,-0.10587280326187756
0.4429166666666667,-0.032788960184084726
0.443,-0.23070199621694018
0.44308333333333333,-0.1137957322412418
0.44316666666666665,-0.07639314207409817
0.44325,-0.2641659379393959
0.44333333333333336,-0.20835906914429828
0.4434166666666667,-0.16293894564770223
0.4435,-0.2288879344564016
0.44358333333333333,-0.31026193722964784
0.44366666666666665,-0.1955216036945446
0.44375,0.021274653912204875
0.44383333333333336,-0.050486991935910934
0.4439166666666667,-0.042177596526316724
0.444,-0.0429094386773446
0.44408333333333333,-0.2596864961960987
0.44416666666666665,-0.1288159405648097
0.44425,-0.14480716000780988
0.44433333333333336,-0.2539543222339341
0.4444166666666667,0.06992514063797796
0.4445,0.16350937652193615
0.44458333333333333,0.1437152158439787
0.44466666666666665,0.13568646600548304
0.44475,0.015087371379556956
0.44483333333333336,0.019007649142620184
0.4449166666666667,-0.04010890039807253
0.445,0.0459930338992441
0.44508333333333333,0.2838501335380062
0.44516666666666665,0.304643766864342
0.44525,0.19897150361598523
0.44533333333333336,-0.06019402362894491
0.4454166666666667,-0.2776815766297782
0.4455,-0.19232149759920042
0.44558333333333333,-0.11447290177021123
0.44566666666666666,-0.06087748070087933
0.44575,0.07821037492008544
0.44583333333333336,0.11790030416760075
0.4459166666666667,0.12951904734270855
0.446,0.11356533822914827
0.44608333333333333,-0.02954815942412398
0.44616666666666666,-0.1782868058086569
0.44625,-0.2116494562738365
0.44633333333333336,-0.17226190132220662
0.4464166666666667,-0.135746377083837
0.4465,0.14563177761925958
0.44658333333333333,0.30227185087414793
0.44666666666666666,-0.11390389720772995
0.44675,-0.20560008422450085
0.44683333333333336,-0.11104974806881893
0.4469166666666667,-0.12477601029178292
0.447,0.36017664859679566
0.44708333333333333,0.4399176486137467
0.44716666666666666,0.28318734108482646
0.44725,0.30916674536941297
0.44733333333333336,-0.028870164463754146
0.4474166666666667,0.06764035359842632
0.4475,0.16878807154491465
0.44758333333333333,0.07855074390786619
0.44766666666666666,0.344265856175726
0.44775,0.17788340095241614
0.44783333333333336,0.015469575674654384
0.4479166666666667,0.13023905880701947
0.448,0.13951313495680778
0.44808333333333333,0.20712455859177697
0.44816666666666666,-0.011751292015086732
0.44825,-0.13723192875647083
0.4483333333333333,-0.06875520639183144
0.4484166666666667,-0.15227059711461455
0.4485,0.1113836334179336
0.44858333333333333,0.05320625355267439
0.44866666666666666,-0.30566724327619593
0.44875,-0.19565638689991524
0.4488333333333333,-0.3089819311072335
0.4489166666666667,-0.15221078701567103
0.449,0.11517322495787054
0.44908333333333333,-0.2241348784220582
0.44916666666666666,-0.12311891641086598
0.44925,0.002376871627094667
0.4493333333333333,-0.028770739366317345
0.4494166666666667,0.32677791974804127
0.4495,0.25647594155590847
0.44958333333333333,0.026704307893577747
0.44966666666666666,0.03799295125807753
0.44975,-0.05376488628371118
0.4498333333333333,-0.04824236793356707
0.4499166666666667,0.0006097327936384049
0.45,0.0504479307900928
0.45008333333333334,0.032210644214298055
0.45016666666666666,-0.05468906868661974
0.45025,0.06364638273794818
0.4503333333333333,0.0810666778317059
0.4504166666666667,0.0963753937479719
0.4505,0.04753780280172529
0.45058333333333334,-0.20996924231863634
0.45066666666666666,-0.13876792034486238
0.45075,-0.08395509692894775
0.4508333333333333,-0.035895207256407206
0.4509166666666667,0.020140171107224502
0.451,-0.22819691597852756
0.45108333333333334,-0.27018769870296744
0.45116666666666666,-0.2854864394602237
0.45125,-0.23947185218039926
0.4513333333333333,-0.06674937715556167
0.4514166666666667,0.008699300115977587
0.4515,0.15390252146420866
0.45158333333333334,-0.138729856788155
0.45166666666666666,-0.4311551437280469
0.45175,-0.25448176025236335
0.4518333333333333,-0.1970473239356115
0.4519166666666667,-0.04973894856846442
0.452,0.13925134703751987
0.45208333333333334,0.21286124982115232
0.45216666666666666,0.2665369306266825
0.45225,0.17138274835389664
0.4523333333333333,0.07031498971415226
0.4524166666666667,-0.09216171482545929
0.4525,-0.1876728367117272
0.45258333333333334,-0.11161779081404141
0.45266666666666666,0.06218577231049091
0.45275,0.10332119589572242
0.4528333333333333,-0.08063788833886326
0.4529166666666667,0.10396650047783029
0.453,0.014761412785500276
0.45308333333333334,-0.3910722859653804
0.45316666666666666,-0.23833839863635767
0.45325,-0.17366619365831104
0.4533333333333333,0.02484480082445734
0.4534166666666667,0.3386971523627741
0.4535,0.11440401749472648
0.45358333333333334,0.06230219931491
0.45366666666666666,0.06266296015638514
0.45375,-0.14074257468679122
0.4538333333333333,-0.012011102334649389
0.4539166666666667,0.16995116382704475
0.454,0.19689919924337188
0.45408333333333334,0.13576433655098838
0.45416666666666666,0.08046330625462725
0.45425,0.24754040056434798
0.4543333333333333,0.15005717490710624
0.4544166666666667,-0.03832497003523215
0.4545,0.04194501341028745
0.45458333333333334,-0.09014725031977584
0.45466666666666666,0.07866046954731928
0.45475,0.4352889420459097
0.4548333333333333,0.14207839419647988
0.4549166666666667,-0.029164471076634963
0.455,0.00690765175346633
0.45508333333333334,-0.2961248043168635
0.45516666666666666,-0.2561727499879788
0.45525,-0.01983755705574529
0.4553333333333333,-0.006652957600715447
0.4554166666666667,0.06187451770338959
0.4555,-0.04147838640778283
0.45558333333333334,-0.24416410884453163
0.45566666666666666,-0.29371939119353435
0.45575,-0.21256962585714426
0.4558333333333333,-0.17254677053198675
0.4559166666666667,-0.17212847915365592
0.456,0.018649008046525983
0.45608333333333334,0.12613530894582928
0.45616666666666666,0.15151434819085371
0.45625,0.038163957976066115
0.4563333333333333,-0.3119746959064584
0.4564166666666667,-0.5083660634195885
0.4565,-0.3322553771275426
0.45658333333333334,0.06321799187223391
0.45666666666666667,0.18884725727876
0.45675,0.36073457534685865
0.4568333333333333,0.39789358003531367
0.4569166666666667,-0.08867478235326065
0.457,-0.20006384147619663
0.45708333333333334,-0.13222153088287256
0.45716666666666667,-0.008161090137287969
0.45725,0.34393624622999996
0.4573333333333333,0.3254644873484642
0.4574166666666667,0.17842696811316283
0.4575,0.09037369211081846
0.45758333333333334,0.046279699656034366
0.45766666666666667,0.053414923150668
0.45775,-0.014163421905069798
0.4578333333333333,0.019250761951221666
0.4579166666666667,0.1646748736756716
0.458,0.2554228562115999
0.45808333333333334,0.11634170566961578
0.45816666666666667,0.03867812220353175
0.45825,-0.13583594213282224
0.4583333333333333,-0.46931528721413746
0.45841666666666664,-0.234374954115084
0.4585,-0.059351495254617484
0.45858333333333334,0.12868438327018272
0.45866666666666667,0.5708199708159954
0.45875,0.18937475025624992
0.4588333333333333,-0.16370330366339222
0.45891666666666664,-0.09863098210194204
0.459,-0.21307129524723653
0.45908333333333334,-0.0850431699876971
0.45916666666666667,0.07682825184570943
0.45925,0.11635883603285103
0.4593333333333333,0.07016841653129297
0.45941666666666664,0.015796307518863306
0.4595,-0.04556600468977891
0.45958333333333334,-0.19692754403859755
0.45966666666666667,-0.06321072815630063
0.45975,-0.01987981214953914
0.4598333333333333,-0.048533474133957616
0.45991666666666664,0.16320069998639386
0.46,0.10961999037291235
0.46008333333333334,-0.07749986071052228
0.46016666666666667,-0.1786133886901701
0.46025,-0.2087466087420402
0.4603333333333333,-0.17429152595943143
0.46041666666666664,-0.2396817168059087
0.4605,-0.18962731337806574
0.46058333333333334,-0.050332197160299345
0.46066666666666667,-0.10113326487014665
0.46075,-0.18275562153158906
0.4608333333333333,-0.1541278712254043
0.46091666666666664,-0.179550808840562
0.461,-0.12062277597591951
0.46108333333333335,0.18718029765090677
0.46116666666666667,0.344777918000028
0.46125,0.4130208312761773
0.4613333333333333,0.4958332951776542
0.46141666666666664,0.21727078849508633
0.4615,0.012984246099359435
0.46158333333333335,-0.026062400255628414
0.46166666666666667,-0.22851393866522027
0.46175,-0.06756564280718347
0.4618333333333333,0.1238931659239507
0.46191666666666664,-0.05178154602014695
0.462,0.12823815256147977
0.46208333333333335,0.33897928027317054
0.46216666666666667,0.17845858857888977
0.46225,0.11615447135777626
0.4623333333333333,-0.03659178113603625
0.46241666666666664,-0.035248215525678556
0.4625,0.13993133553525391
0.46258333333333335,-0.13954788399907384
0.46266666666666667,-0.21152691159826562
0.46275,-0.16776335777073523
0.4628333333333333,-0.31254050268456995
0.46291666666666664,-0.181180476707793
0.463,-0.33450730752694596
0.46308333333333335,-0.4600676009734509
0.46316666666666667,-0.33239901957191786
0.46325,-0.3972608282830211
0.4633333333333333,-0.20842718942801208
0.46341666666666664,0.02132575219718364
0.4635,0.06989857917821687
0.46358333333333335,0.0015615096904775059
0.46366666666666667,-0.13368699671701706
0.46375,-0.05962286331412203
0.4638333333333333,-0.019801685923997597
0.46391666666666664,0.03424603739428051
0.464,0.07933284654185631
0.46408333333333335,0.03350925893438642
0.46416666666666667,0.17370114993368038
0.46425,0.21552937285292195
0.4643333333333333,0.18097790507909234
0.46441666666666664,0.197791137303904
0.4645,0.17378779834944047
0.46458333333333335,0.25743158342287764
0.4646666666666667,0.19641950219012622
0.46475,0.04987779698055934
0.4648333333333333,0.06513747979051275
0.46491666666666664,0.1572932833816566
0.465,0.28988033530615676
0.46508333333333335,0.21336039703787169
0.4651666666666667,0.10515365579251126
0.46525,0.19706615615813414
0.4653333333333333,0.13863690155580047
0.46541666666666665,-0.026780116033375396
0.4655,-0.08423297221029195
0.46558333333333335,-0.07037911848403239
0.4656666666666667,-0.011366492971841358
0.46575,-0.021928696788126686
0.4658333333333333,-0.03549294408360751
0.46591666666666665,0.06343286822301003
0.466,-0.007999471911394088
0.46608333333333335,-0.08934694984816136
0.4661666666666667,0.07613726766236908
0.46625,0.09559532105357914
0.4663333333333333,0.2174146804351248
0.46641666666666665,0.33927083073049213
0.4665,0.06397142913252088
0.46658333333333335,0.05004849766316001
0.4666666666666667,0.04967080080737837
0.46675,-0.003605358418703932
0.4668333333333333,0.21899215101979527
0.46691666666666665,0.13723378596977867
0.467,0.07372594054869831
0.46708333333333335,0.07519939298374273
0.4671666666666667,-0.03962703094153098
0.46725,0.05711865776422359
0.4673333333333333,0.04005071480973296
0.46741666666666665,-0.030790370581440196
0.4675,-0.06634582054031779
0.46758333333333335,-0.14823930151373674
0.4676666666666667,-0.20814119938700115
0.46775,-0.2980182659725204
0.4678333333333333,-0.2235258091477373
0.46791666666666665,-0.1264704002924961
0.468,-0.20188069699904834
0.46808333333333335,-0.30028455026577905
0.4681666666666667,-0.23242729306350787
0.46825,-0.21306409922612377
0.4683333333333333,-0.39268397999727145
0.46841666666666665,-0.2709349208016345
0.4685,-0.16150280645411189
0.46858333333333335,-0.3361324848052309
0.4686666666666667,-0.13220459985869598
0.46875,0.28820264954290636
0.4688333333333333,0.21062013709318247
0.46891666666666665,-0.1353748540913696
0.469,-0.2065244693103858
0.46908333333333335,-0.19308386420599388
0.4691666666666667,-0.11781479636287744
0.46925,-0.01639515014344076
0.4693333333333333,0.18256210229315817
0.46941666666666665,0.4317970570052283
0.4695,0.12965735674424225
0.46958333333333335,0.08926733857073696
0.4696666666666667,0.27156502704025437
0.46975,-0.05840811684328682
0.4698333333333333,0.07105425822689902
0.46991666666666665,0.31234896586781424
0.47,0.2511206500293986
0.47008333333333335,0.3537764482387563
0.4701666666666667,0.2900829653546968
0.47025,0.13812797181068706
0.4703333333333333,-0.08992982853384461
0.47041666666666665,-0.14950297141002925
0.4705,0.021761011839213237
0.47058333333333335,-0.0662676394607001
0.4706666666666667,0.2194663229599609
0.47075,0.4414995062050738
0.4708333333333333,0.12084349085166696
0.47091666666666665,0.2061359104830365
0.471,0.03998005282955122
0.47108333333333335,-0.23059758484938492
0.4711666666666667,-0.024141670297029055
0.47125,-0.15341055337476953
0.4713333333333333,0.030146262339124107
0.47141666666666665,0.2373102317600134
0.4715,-0.10601353464314268
0.47158333333333335,-0.0819498971466103
0.4716666666666667,-0.14497726687240206
0.47175,-0.16351027954948252
0.4718333333333333,0.10058489482939076
0.47191666666666665,0.09810614249269482
0.472,0.2378735154498702
0.47208333333333335,0.11015311009744957
0.4721666666666667,-0.14099195865554348
0.47225,-0.08360193550896386
0.4723333333333333,-0.19412755164026096
0.47241666666666665,-0.1658731536450386
0.4725,-0.3248033418973662
0.47258333333333336,-0.43712651342945513
0.4726666666666667,-0.06057475613826194
0.47275,-0.020454439072234095
0.4728333333333333,-0.12157064703051976
0.47291666666666665,-0.18870132594946698
0.473,-0.27464325807388534
0.47308333333333336,-0.24492736739512114
0.4731666666666667,-0.22518039205450843
0.47325,0.03495629424905403
0.47333333333333333,0.1956794458684909
0.47341666666666665,0.1129463084483617
0.4735,0.14706558813053008
0.47358333333333336,0.05953010363365752
0.4736666666666667,-0.06458877739515027
0.47375,-0.05092780181708344
0.47383333333333333,-0.08408289409925448
0.47391666666666665,0.029635523029145936
0.474,0.290361902784439
0.47408333333333336,0.3531192300927021
0.4741666666666667,0.40606811527062664
0.47425,0.445498165273115
0.47433333333333333,0.17604979829121645
0.47441666666666665,-0.004950152373573028
0.4745,0.108304995382635
0.47458333333333336,0.1941977152287533
0.4746666666666667,0.19273660876091275
0.47475,0.07696006180545709
0.47483333333333333,-0.19152355175024668
0.47491666666666665,-0.26469103176994024
0.475,-0.08542106849011862
0.47508333333333336,-0.06058190106873944
0.4751666666666667,0.008764178008848775
0.47525,0.1329342452159308
0.47533333333333333,-0.013017999822513683
0.47541666666666665,-0.047825347897734
0.4755,0.03206780775874207
0.47558333333333336,-0.02532197369349715
0.4756666666666667,-0.12034500426399876
0.47575,-0.20090260417949438
0.47583333333333333,-0.09596880797046656
0.47591666666666665,0.04069135734370295
0.476,0.13320625793640412
0.47608333333333336,0.3126913439667867
0.4761666666666667,0.15286664201045222
0.47625,-0.1565114519255234
0.47633333333333333,0.011970459491176892
0.47641666666666665,0.16830298509146494
0.4765,-0.04649779080078654
0.47658333333333336,-0.08852158932949747
0.4766666666666667,-0.014946054685871958
0.47675,-0.0996513452302441
0.47683333333333333,0.04865978807337108
0.47691666666666666,0.16183709803259863
0.477,-0.027724467409876465
0.47708333333333336,-0.0833991966996283
0.4771666666666667,-0.21480881895688497
0.47725,-0.20733218778766863
0.47733333333333333,-0.0017933760948788263
0.47741666666666666,-0.12138415919816165
0.4775,0.01155454099514029
0.47758333333333336,0.12749760569813529
0.4776666666666667,-0.18181158388776414
0.47775,-0.16623149564770678
0.47783333333333333,-0.055064697705591886
0.47791666666666666,-0.12958735866640184
0.478,-0.17635093305811184
0.47808333333333336,-0.0825560929658647
0.4781666666666667,0.26607404535830304
0.47825,0.4009229855614749
0.47833333333333333,0.23519642466002869
0.47841666666666666,0.28067749948456355
0.4785,0.2356161796330347
0.47858333333333336,-0.0748539210140961
0.4786666666666667,-0.10113655469626188
0.47875,-0.039602466388377465
0.47883333333333333,-0.07176114126008777
0.47891666666666666,-0.05780057707148355
0.479,-0.1566490822137203
0.47908333333333336,-0.05465204278990449
0.4791666666666667,0.1807393381300578
0.47925,0.2826292035083105
0.47933333333333333,0.23684028669605897
0.47941666666666666,-0.09799982783092821
0.4795,-0.19530483272975552
0.4795833333333333,-0.062178142668405184
0.4796666666666667,-0.0982428699739395
0.47975,-0.055411393135457315
0.47983333333333333,-0.09063156437953446
0.47991666666666666,-0.12548945820589882
0.48,0.01118036015206326
0.4800833333333333,0.017985611634412032
0.4801666666666667,-0.037328400257952504
0.48025,-0.0716030595516196
0.48033333333333333,-0.12810884499913391
0.48041666666666666,-0.2679233828488651
0.4805,-0.2012669326269584
0.4805833333333333,0.15687061511986156
0.4806666666666667,0.14227470990308996
0.48075,0.06198431458230738
0.48083333333333333,0.05674074186927984
0.48091666666666666,-0.11310171889825565
0.481,0.17484626953031787
0.4810833333333333,0.32078086439987996
0.4811666666666667,0.04071035836094258
0.48125,0.07871275412216783
0.48133333333333334,-0.08069176953709734
0.48141666666666666,-0.3260484485620364
0.4815,-0.1942007179057426
0.4815833333333333,-0.16530781972803707
0.4816666666666667,-0.16110855549703237
0.48175,-0.15425458145345466
0.48183333333333334,-0.07913827648083098
0.48191666666666666,0.14900832975475806
0.482,0.2083083727038161
0.4820833333333333,0.3511353942479281
0.4821666666666667,0.21431779474191467
0.48225,-0.1885393392689246
0.48233333333333334,-0.09266388591432148
0.48241666666666666,-0.011648191410242254
0.4825,0.0037500384150106975
0.4825833333333333,0.16527079116515042
0.4826666666666667,0.03506432774262934
0.48275,-0.16970922888858436
0.48283333333333334,-0.13738487961042756
0.48291666666666666,0.010461107076925345
0.483,0.15145280097628186
0.4830833333333333,0.21255099976231553
0.4831666666666667,0.10924016953417888
0.48325,0.1110978104874308
0.48333333333333334,0.17418591388675167
0.48341666666666666,0.16051796215385106
0.4835,0.25268382470304107
0.4835833333333333,0.022184337769533696
0.4836666666666667,-0.3197965605550399
0.48375,-0.3031844453648032
0.48383333333333334,-0.13621670619138998
0.48391666666666666,0.011213489318210831
0.484,-0.01919228762667671
0.4840833333333333,-0.07940112444499083
0.4841666666666667,-0.25958589305350077
0.48425,-0.2699362246509998
0.48433333333333334,0.02563972981979165
0.48441666666666666,0.06785973712225886
0.4845,0.12520725685583503
0.4845833333333333,0.08268556412510648
0.4846666666666667,-0.07717194145403394
0.48475,-0.08501084139540155
0.48483333333333334,-0.12699653486477466
0.48491666666666666,-0.10373774365139705
0.485,-0.17946152817467975
0.4850833333333333,-0.06406879953698337
0.4851666666666667,0.13836857105546463
0.48525,0.011763394914965452
0.48533333333333334,-0.034859420723363885
0.48541666666666666,-0.18212209009978106
0.4855,-0.30693975955875497
0.4855833333333333,-0.10651206144611636
0.4856666666666667,0.09165058130079531
0.48575,0.17405296300503412
0.48583333333333334,0.25497266380791983
0.48591666666666666,0.16482698779187696
0.486,-0.18893179784538275
0.4860833333333333,-0.2671221988495864
0.4861666666666667,-0.3741522956835093
0.48625,-0.2528956330990019
0.48633333333333334,0.4254572485782093
0.48641666666666666,0.39294832790056855
0.4865,0.22945516381429784
0.4865833333333333,0.1941696053091899
0.4866666666666667,-0.21516681980597266
0.48675,-0.1178608040145147
0.48683333333333334,-0.008074967960325084
0.48691666666666666,-0.08154831862579898
0.487,0.142326167321525
0.4870833333333333,0.3522381110211162
0.4871666666666667,0.4289325097049831
0.48725,0.3913764842693917
0.48733333333333334,0.3536937927779768
0.48741666666666666,0.016223129889484943
0.4875,-0.3634591740905912
0.4875833333333333,-0.20506586833172866
0.4876666666666667,0.05071212242756162
0.48775,0.3068292419556427
0.48783333333333334,0.45283416756370176
0.48791666666666667,0.0961416600453225
0.488,-0.2243232158555028
0.4880833333333333,-0.2614967886869314
0.4881666666666667,-0.35509999550681315
0.48825,-0.2811730839203285
0.48833333333333334,0.13364689034268426
0.48841666666666667,0.46010134192938795
0.4885,0.2955981682005459
0.4885833333333333,0.09181190192553129
0.4886666666666667,0.030246285447670305
0.48875,-0.2851420221425336
0.48883333333333334,-0.42366961556129706
0.48891666666666667,-0.3451282642636053
0.489,-0.18145182003988797
0.4890833333333333,0.1553377663752172
0.4891666666666667,0.185085621588621
0.48925,0.07220820840234649
0.48933333333333334,-0.29349869167275894
0.48941666666666667,-0.7483043830647957
0.4895,-0.49645856939880867
0.4895833333333333,-0.2766881642125981
0.48966666666666664,-0.036893563089726626
0.48975,0.5292871173815394
0.48983333333333334,0.3917519011389607
0.48991666666666667,0.1014364241066087
0.49,0.042886753782307094
0.4900833333333333,-0.3769385695622616
0.49016666666666664,-0.5172504397143208
0.49025,-0.28945837519181117
0.49033333333333334,-0.15101525743815086
0.49041666666666667,0.19004557180077347
0.4905,0.46056085995069906
0.4905833333333333,0.23278586328308246
0.49066666666666664,-0.06002586067268109
0.49075,-0.23303614039614196
0.49083333333333334,-0.3241598131743393
0.49091666666666667,-0.13463141748668464
0.491,0.1298929215591369
0.4910833333333333,0.25523671237677664
0.49116666666666664,0.2933264894155866
0.49125,0.348362213065847
0.49133333333333334,0.23334907921517248
0.49141666666666667,-0.12861994688372733
0.4915,-0.11199125909289251
0.4915833333333333,-0.0037050798050474055
0.49166666666666664,-0.19654427537401623
0.49175,-0.014112347034130406
0.49183333333333334,0.1738332272733256
0.49191666666666667,-0.03890229441709544
0.492,-0.057212979741953184
0.4920833333333333,-0.07224148228599021
0.49216666666666664,-0.2099470071628022
0.49225,-0.08584332547308753
0.49233333333333335,0.03620461584973376
0.49241666666666667,0.14653579936889397
0.4925,0.32172855803877554
0.4925833333333333,0.2906504086485307
0.49266666666666664,0.22178679759309408
0.49275,0.11023222716358999
0.49283333333333335,-0.039785288958448115
0.49291666666666667,-0.04207557983737552
0.493,-0.0073666047274663585
0.4930833333333333,0.0170905267142409
0.49316666666666664,0.01823993966696279
0.49325,-0.011252239658453947
0.49333333333333335,-0.118049901540743
0.49341666666666667,-0.28500713366185415
0.4935,-0.3099632751576017
0.4935833333333333,-0.04924771509340359
0.49366666666666664,0.18363425132400818
0.49375,0.12801395498093524
0.49383333333333335,0.19246416669373972
0.49391666666666667,0.2612507790414434
0.494,0.06618295970567646
0.4940833333333333,-0.09447771764647951
0.49416666666666664,-0.1874442159576076
0.49425,-0.26186838082820946
0.49433333333333335,-0.2517582221429382
0.49441666666666667,-0.13696097571625412
0.4945,-0.08918628262191283
0.4945833333333333,-0.05922563503366977
0.49466666666666664,-0.03983404756991563
0.49475,-0.17656820938059337
0.49483333333333335,-0.10284607771775825
0.49491666666666667,0.005002261102660492
0.495,0.1187182920870147
0.4950833333333333,0.4428311772481287
0.49516666666666664,0.353760803071655
0.49525,0.09067442958206148
0.49533333333333335,0.0399597841798325
0.49541666666666667,-0.07787971629989007
0.4955,-0.16623734533425158
0.4955833333333333,-0.050334173266448075
0.49566666666666664,0.25188471579094146
0.49575,0.22693367764630182
0.49583333333333335,0.09501881771690726
0.4959166666666667,0.24501102967042068
0.496,-0.044820416501100316
0.4960833333333333,-0.19367550232726585
0.49616666666666664,0.12034450800799638
0.49625,0.11455667230487546
0.49633333333333335,0.16903509292585966
0.4964166666666667,0.2399346142039289
0.4965,0.1685963508031774
0.4965833333333333,0.018049992766881958
0.49666666666666665,-0.2412166183494896
0.49675,-0.22737656272880596
0.49683333333333335,-0.24874693802668285
0.4969166666666667,-0.1579072244610574
0.497,0.06533562227753878
0.4970833333333333,0.07183738901795919
0.49716666666666665,0.17323319958536673
0.49725,-0.020413627482377905
0.49733333333333335,-0.21652686075314234
0.4974166666666667,-0.15143075128835648
0.4975,-0.11865488705328248
0.4975833333333333,0.18719643282370874
0.49766666666666665,0.16663960710215645
0.49775,0.09783733303977642
0.49783333333333335,0.2631147824316803
0.4979166666666667,-0.07505066018738864
0.498,-0.22525905362821888
0.4980833333333333,-0.1920168830001466
0.49816666666666665,-0.35362371263350884
0.49825,-0.11701727718224335
0.49833333333333335,0.08702511492423345
0.4984166666666667,-0.10858415245780302
0.4985,-0.03226831146074832
0.4985833333333333,0.07078706145913156
0.49866666666666665,-0.22051506774575572
0.49875,-0.18067981412435075
0.49883333333333335,0.04402587705994129
0.4989166666666667,0.1077541889943516
0.499,0.19701564445792982
0.4990833333333333,0.0920906168265562
0.49916666666666665,0.04203893831282042
0.49925,-0.010355947151701237
0.49933333333333335,-0.11150014353033641
0.4994166666666667,-0.007148469946144634
0.4995,-0.07954135342331599
0.4995833333333333,-0.11209284303699317
0.49966666666666665,0.15776242014852804
0.49975,0.1985170003710336
0.49983333333333335,0.006844402302617432
0.4999166666666667,-0.05373134617597915
0.5,-0.048160764052519595
0.5000833333333333,0.09818493064399439
0.5001666666666666,0.32075446568093335
0.50025,0.27049461006059894
0.5003333333333333,0.21559362148346567
0.5004166666666666,0.15444808550013428
0.5005,-0.10270267968165275
0.5005833333333334,-0.15607138501628703
0.5006666666666667,-0.05449598036441309
0.50075,-0.05789730207861689
0.5008333333333334,-0.0836906160434672
0.5009166666666667,-0.014887070287424602
0.501,-0.07334754165725618
0.5010833333333333,-0.24796473688791967
0.5011666666666666,-0.14295243002751806
0.50125,-0.10387563543720696
0.5013333333333333,-0.04677193096506773
0.5014166666666666,0.24774135373580639
0.5015,0.3180787239383691
0.5015833333333334,0.26715382268585325
0.5016666666666667,0.10540721486962126
0.50175,-0.03849137838842848
0.5018333333333334,-0.11378039433105244
0.5019166666666667,-0.22860069311825018
0.502,-0.030452064368120504
0.5020833333333333,0.07119279524311238
0.5021666666666667,0.04597109180663826
0.50225,0.1334384033183671
0.5023333333333333,-0.08341181265192149
0.5024166666666666,-0.208124240820753
0.5025,0.03941494159916912
0.5025833333333334,0.2276269762235681
0.5026666666666667,0.32155856763385876
0.50275,0.434193812749168
0.5028333333333334,0.35082689997481525
0.5029166666666667,0.16472559378585344
0.503,0.04847457555912593
0.5030833333333333,-0.22792235478344014
0.5031666666666667,-0.49864082054289116
0.50325,-0.570105553662354
0.5033333333333333,-0.39851205477885543
0.5034166666666666,-0.16593143440230618
0.5035,-0.14408865873823493
0.5035833333333334,-0.003509489571241727
0.5036666666666667,0.024813699634946344
0.50375,-0.1863570664917903
0.5038333333333334,-0.14951937741558613
0.5039166666666667,0.04069051192839061
0.504,0.20832622881080975
0.5040833333333333,0.14499045865340812
0.5041666666666667,0.15363764049064285
0.50425,0.3806235878275357
0.5043333333333333,0.20180349238899523
0.5044166666666666,0.04395492732966371
0.5045,-0.10871983400848903
0.5045833333333334,-0.3868977728243109
0.5046666666666667,-0.0467762975056234
0.50475,0.1414410285548872
0.5048333333333334,0.142615841497502
0.5049166666666667,0.44883474437212223
0.505,0.22118380180937333
0.5050833333333333,-0.0028639593757918413
0.5051666666666667,0.08103540918462647
0.50525,-0.06598781751615654
0.5053333333333333,-0.04708136332048443
0.5054166666666666,0.0739212403395533
0.5055,0.0887075358542817
0.5055833333333334,0.06653574765125372
0.5056666666666667,-0.07308201581793596
0.50575,-0.17496605381616098
0.5058333333333334,-0.17013475976380768
0.5059166666666667,-0.23435796832110892
0.506,-0.2775685947900864
0.5060833333333333,-0.16605316188068445
0.5061666666666667,-0.13513071260993967
0.50625,-0.0820322862242451
0.5063333333333333,0.04566329371485063
0.5064166666666666,-0.0068877227378564675
0.5065,-0.01533167512617953
0.5065833333333334,0.07806718786775517
0.5066666666666667,0.1779667484162734
0.50675,0.2915628372295262
0.5068333333333334,0.25916168717331634
0.5069166666666667,0.11432270344306233
0.507,-0.06074101809032534
0.5070833333333333,-0.005255921856486141
0.5071666666666667,0.24051705164915083
0.50725,0.11595703797520784
0.5073333333333333,0.054770577806517284
0.5074166666666666,0.27225867937565906
0.5075,0.1039750899971378
0.5075833333333334,0.07255198550377626
0.5076666666666667,0.19956258018573092
0.50775,-0.07039963459203537
0.5078333333333334,-0.0012089222891035496
0.5079166666666667,0.1939796390823155
0.508,0.13070632629683676
0.5080833333333333,0.18252801795398868
0.5081666666666667,0.10468949620194068
0.50825,0.0005654792504359035
0.5083333333333333,-0.3200817423505954
0.5084166666666666,-0.5243561596125033
0.5085,-0.18757663350605788
0.5085833333333334,-0.20650945129575987
0.5086666666666667,-0.09853754837196253
0.50875,0.1554634690184169
0.5088333333333334,-0.014304810351216573
0.5089166666666667,-0.048244105304139875
0.509,-0.3263052396396138
0.5090833333333333,-0.42309909119917566
0.5091666666666667,-0.08297384483914376
0.50925,-0.08822081231126058
0.5093333333333333,0.0010134024017457322
0.5094166666666666,0.08134052731135752
0.5095,0.020438342573337175
0.5095833333333334,0.029021373450510625
0.5096666666666667,-0.29990173639664985
0.50975,-0.3944669493444407
0.5098333333333334,-0.21517650168179114
0.5099166666666667,-0.1667929635646125
0.51,0.28455053841834915
0.5100833333333333,0.3196156930897408
0.5101666666666667,0.0352378184563045
0.51025,0.13153327280949478
0.5103333333333333,-0.2692765800345899
0.5104166666666666,-0.2726440780244386
0.5105,0.04000499136444887
0.5105833333333333,-0.0023937236661088854
0.5106666666666667,0.38825947236407277
0.51075,0.25250542329253206
0.5108333333333334,-0.10205620740441836
0.5109166666666667,-0.11436486646970047
0.511,-0.38030026868016487
0.5110833333333333,-0.222929583152044
0.5111666666666667,0.007253787819494503
0.51125,0.09731345010439679
0.5113333333333333,0.35305095440880846
0.5114166666666666,0.35371026367446373
0.5115,0.2726103316118653
0.5115833333333333,0.12238359823437855
0.5116666666666667,0.021488170091291097
0.51175,-0.010902991664903454
0.5118333333333334,-0.047945626822059995
0.5119166666666667,0.21951579478607755
0.512,0.18685127723803505
0.5120833333333333,0.0389812152899959
0.5121666666666667,0.1680467083450686
0.51225,-0.12202044690782687
0.5123333333333333,-0.20298634109005703
0.5124166666666666,0.15740097528874564
0.5125,0.16331531722042208
0.5125833333333333,0.21672812740975306
0.5126666666666667,0.3117730974264906
0.51275,0.06477188227723528
0.5128333333333334,0.025198465147524513
0.5129166666666667,-0.005105408278519246
0.513,-0.30632976555733266
0.5130833333333333,-0.25410453831100666
0.5131666666666667,-0.06710765889123593
0.51325,-0.0377467172782875
0.5133333333333333,-0.04919223993856601
0.5134166666666666,-0.1569175097314515
0.5135,-0.11030837897603002
0.5135833333333333,-0.0928444312233126
0.5136666666666667,-0.14483095079262978
0.51375,-0.08769835031139171
0.5138333333333334,-0.09365607305095387
0.5139166666666667,0.035950126011491564
0.514,0.08166093283312162
0.5140833333333333,0.03438176269247759
0.5141666666666667,0.10875060900655388
0.51425,-0.08814295526046095
0.5143333333333333,-0.16438126929133526
0.5144166666666666,-0.15233745481801167
0.5145,-0.28143723541961774
0.5145833333333333,-0.03311411585746031
0.5146666666666667,0.09373934085066245
0.51475,-0.015273740724962862
0.5148333333333334,0.03655494441521338
0.5149166666666667,-0.02285665383330287
0.515,-0.20653138335853463
0.5150833333333333,-0.3425450918723635
0.5151666666666667,-0.27909551557388973
0.51525,-0.08169781593618058
0.5153333333333333,0.09718488615198151
0.5154166666666666,0.017570417606476218
0.5155,-0.14086647416926237
0.5155833333333333,-0.05889545010186459
0.5156666666666667,-0.27356924265302207
0.51575,-0.3149134452021141
0.5158333333333334,0.059049911687396095
0.5159166666666667,0.06342971909421775
0.516,0.14774120136377367
0.5160833333333333,0.21597637063535102
0.5161666666666667,0.09283233154001172
0.51625,0.23081414588118218
0.5163333333333333,0.2480312869815443
0.5164166666666666,0.2027137222576375
0.5165,-0.0022541414667954177
0.5165833333333333,-0.22439362183505976
0.5166666666666667,0.04602049313362709
0.51675,0.19482032326512558
0.5168333333333334,0.36111099584924644
0.5169166666666667,0.40886374508033174
0.517,0.06303348249063895
0.5170833333333333,0.11729977598945726
0.5171666666666667,0.049499650876461104
0.51725,-0.043229173181378935
0.5173333333333333,0.13301021298131535
0.5174166666666666,-0.050299193015982485
0.5175,-0.026682746457735485
0.5175833333333333,0.03632445644572313
0.5176666666666667,-0.09702770565087188
0.51775,-0.18933618084337514
0.5178333333333334,-0.4113253981596921
0.5179166666666667,-0.3684661317513017
0.518,-0.2905692790422446
0.5180833333333333,-0.18702591313597067
0.5181666666666667,0.10330202406015539
0.51825,0.14431292628367012
0.5183333333333333,0.06875876891564733
0.5184166666666666,-0.0779455240533659
0.5185,-0.2633977843451534
0.5185833333333333,-0.3231669656361502
0.5186666666666667,-0.12784197663338942
0.51875,0.01653602196368408
0.5188333333333334,-0.08833977460623207
0.5189166666666667,-0.007934276439110528
0.519,-0.061590141398619465
0.5190833333333333,-0.010700795321653371
0.5191666666666667,0.22783837212183614
0.51925,0.08140343783000571
0.5193333333333333,0.10864528618036763
0.5194166666666666,0.10479425194065614
0.5195,-0.019188128270760805
0.5195833333333333,0.05852767749936992
0.5196666666666667,-0.03946072956381079
0.51975,0.08671208606837752
0.5198333333333334,0.2114529769841195
0.5199166666666667,0.10152765204328834
0.52,0.19072036119369476
0.5200833333333333,0.1288623388760794
0.5201666666666667,0.0784667619222481
0.52025,0.1593534723846155
0.5203333333333333,0.12154237316013217
0.5204166666666666,-0.018266632912795726
0.5205,-0.1721284058144579
0.5205833333333333,-0.08878069089138575
0.5206666666666667,-0.16332701820396706
0.52075,-0.1458710889883645
0.5208333333333334,0.17542980221510668
0.5209166666666667,0.07043816908647023
0.521,0.0013197596663759251
0.5210833333333333,-0.017628102630269687
0.5211666666666667,-0.10346112550589318
0.52125,0.08547595347238561
0.5213333333333333,0.031785071937125806
0.5214166666666666,0.19534698695474487
0.5215,0.3327800406254143
0.5215833333333333,-0.05320587378353746
0.5216666666666666,-0.11665206274122686
0.52175,-0.3422022984392433
0.5218333333333334,-0.4443044448231556
0.5219166666666667,0.032227808396407764
0.522,-0.013547055644236855
0.5220833333333333,-0.21470172720130126
0.5221666666666667,-0.1816531206235095
0.52225,-0.10194881745685949
0.5223333333333333,0.1160143561328201
0.5224166666666666,0.06873828945752779
0.5225,-0.130028106808426
0.5225833333333333,-0.21164534841595986
0.5226666666666666,-0.15156291750722156
0.52275,-0.0806328464339052
0.5228333333333334,-0.08323564851339597
0.5229166666666667,-0.0215323297155172
0.523,-0.12290757644888595
0.5230833333333333,-0.24613913418025415
0.5231666666666667,-0.31500726250297095
0.52325,-0.16291569302227663
0.5233333333333333,0.2334645370518006
0.5234166666666666,0.10345888111638554
0.5235,0.01679745900893577
0.5235833333333333,0.26542878541129217
0.5236666666666666,0.23400391802183076
0.52375,0.3160459514977108
0.5238333333333334,0.33004962070666005
0.5239166666666667,0.050033705861651734
0.524,-0.05651307390633386
0.5240833333333333,0.036799602337499765
0.5241666666666667,0.20831354999757284
0.52425,0.24357315439265606
0.5243333333333333,0.24201286650969817
0.5244166666666666,0.38034792574873244
0.5245,0.2214387219410206
0.5245833333333333,0.1615870369544483
0.5246666666666666,0.5399793649754653
0.52475,0.48870321813498396
0.5248333333333334,0.1893757138021371
0.5249166666666667,0.15329742137592786
0.525,-0.02285009351912082
0.5250833333333333,-0.1983921824474207
0.5251666666666667,-0.09697313913275325
0.52525,-0.06408840782972781
0.5253333333333333,-0.12585626001423453
0.5254166666666666,-0.016484280575469936
0.5255,0.06596442815751946
0.5255833333333333,0.09413642360359989
0.5256666666666666,0.17704141212386676
0.52575,0.10385188545194035
0.5258333333333334,-0.04034623197462425
0.5259166666666667,-0.11084549684520174
0.526,-0.15467066092212978
0.5260833333333333,-0.16543075253939657
0.5261666666666667,-0.13537644252085604
0.52625,-0.1136400045977472
0.5263333333333333,-0.162410376356692
0.5264166666666666,-0.3099415561476823
0.5265,-0.4777575871636026
0.5265833333333333,-0.4420457900157643
0.5266666666666666,-0.3005821000742612
0.52675,-0.08430553964363928
0.5268333333333334,0.09487561843787484
0.5269166666666667,-0.12327083829582217
0.527,-0.18563712225005227
0.5270833333333333,-0.14404677021711712
0.5271666666666667,-0.33550743630427604
0.52725,-0.24857927761066065
0.5273333333333333,-0.32093921013497684
0.5274166666666666,-0.380282833643877
0.5275,-0.11183385872726337
0.5275833333333333,-0.10550515652375214
0.5276666666666666,0.06686452430477621
0.52775,0.21657258053360476
0.5278333333333334,0.07717752907907519
0.5279166666666667,0.09498114466173137
0.528,0.05408133536588029
0.5280833333333333,0.08454831486166674
0.5281666666666667,0.1173002085645741
0.52825,0.02815841700674927
0.5283333333333333,0.019786896752339946
0.5284166666666666,-0.026612765016468965
0.5285,0.11679348008385262
0.5285833333333333,0.28194010254482
0.5286666666666666,0.29636475658197076
0.52875,0.35939188107759074
0.5288333333333334,0.2167230628780422
0.5289166666666667,0.06665690621541588
0.529,0.1002111853675578
0.5290833333333333,0.12917026163744025
0.5291666666666667,0.16208858114598645
0.52925,0.1610249069154379
0.5293333333333333,0.15387380998638542
0.5294166666666666,0.05196428170471529
0.5295,-0.0424901829628449
0.5295833333333333,0.004040627865764274
0.5296666666666666,0.006110489096768982
0.52975,0.12904679195904983
0.5298333333333334,0.2588085191220105
0.5299166666666667,0.23289031055401735
0.53,0.19327146434298412
0.5300833333333334,0.004620288872532975
0.5301666666666667,-0.03097216292769731
0.53025,0.08041369278693683
0.5303333333333333,0.04765120567577598
0.5304166666666666,0.1720911298530333
0.5305,0.19729235983788876
0.5305833333333333,0.05655717809777255
0.5306666666666666,0.11631027309662897
0.53075,-0.027443270159757827
0.5308333333333334,-0.3138696747016204
0.5309166666666667,-0.1563714709300165
0.531,0.07318352549399126
0.5310833333333334,0.1655552486717424
0.5311666666666667,0.2937659421860885
0.53125,0.050173945491420874
0.5313333333333333,-0.13118138881332808
0.5314166666666666,-0.13812504019929286
0.5315,-0.4626319122475452
0.5315833333333333,-0.37711293477913155
0.5316666666666666,-0.16468173253804733
0.53175,-0.20658517212630673
0.5318333333333334,-0.10755817584832866
0.5319166666666667,-0.21412343600889183
0.532,-0.19660164267697391
0.5320833333333334,-0.1300994312272853
0.5321666666666667,-0.24437884968388132
0.53225,-0.16501783626635055
0.5323333333333333,-0.1599692807797887
0.5324166666666666,0.023895874087993933
0.5325,0.2631993964730583
0.5325833333333333,0.11369229892702079
0.5326666666666666,-0.019017502434755883
0.53275,-0.17033632171486726
0.5328333333333334,-0.25835310859446675
0.5329166666666667,-0.09905842538884528
0.533,0.04941797769923216
0.5330833333333334,0.21623548299893566
0.5331666666666667,0.3181520277993212
0.53325,0.2707725062189133
0.5333333333333333,0.25468560395853573
0.5334166666666667,0.2597201352606224
0.5335,0.10160985981297786
0.5335833333333333,-0.11295541055103717
0.5336666666666666,-0.02507704709879929
0.53375,0.1059723499158161
0.5338333333333334,0.19790223244143265
0.5339166666666667,0.3929454676101546
0.534,0.19495724212774912
0.5340833333333334,-0.007425048786900269
0.5341666666666667,-0.0013888333127757436
0.53425,-0.3070696492618765
0.5343333333333333,-0.20373036213078993
0.5344166666666667,0.16792851371847858
0.5345,0.1442975854306982
0.5345833333333333,0.3568020793625891
0.5346666666666666,0.3030704325215985
0.53475,-0.10234468025462251
0.5348333333333334,-0.0696427331371453
0.5349166666666667,-0.2209434106315286
0.535,-0.30797720330837014
0.5350833333333334,-0.11564362276865603
0.5351666666666667,-0.07197773268000035
0.53525,0.10896789359383885
0.5353333333333333,-0.05472626613126152
0.5354166666666667,-0.13067093478612943
0.5355,0.05502008245366051
0.5355833333333333,-0.30362903339361225
0.5356666666666666,-0.2670943407576799
0.53575,0.00877009624796242
0.5358333333333334,0.036318574779684754
0.5359166666666667,0.27923757614364453
0.536,0.157970114744003
0.5360833333333334,-0.04812914544611506
0.5361666666666667,-0.16211093893129694
0.53625,-0.4208724654706754
0.5363333333333333,-0.3367045684517572
0.5364166666666667,-0.1924543181355244
0.5365,-0.07799276877313537
0.5365833333333333,0.16678996537092056
0.5366666666666666,0.22384449770613912
0.53675,-0.012107778436205903
0.5368333333333334,-0.1997580008797641
0.5369166666666667,-0.17501703216610198
0.537,-0.23343812206111367
0.5370833333333334,-0.17733555909488136
0.5371666666666667,0.014136909899490692
0.53725,0.1754314385143159
0.5373333333333333,0.3297466922707536
0.5374166666666667,0.2580063083987374
0.5375,0.12503544512340944
0.5375833333333333,0.034765664248358634
0.5376666666666666,-0.0750426665359747
0.53775,-0.057140170769340325
0.5378333333333334,0.12257965209050234
0.5379166666666667,0.1608084859698486
0.538,0.0649002554818869
0.5380833333333334,-0.0062195325106222926
0.5381666666666667,-0.20624389193591072
0.53825,-0.09742117457743538
0.5383333333333333,-0.03654350897332907
0.5384166666666667,-0.11747061765974409
0.5385,0.1951108640998644
0.5385833333333333,0.11048279936595068
0.5386666666666666,0.08841582603873899
0.53875,0.15041083915517095
0.5388333333333334,-0.2060772182932544
0.5389166666666667,-0.1460804582060536
0.539,-0.08928183574742582
0.5390833333333334,0.025738713718244866
0.5391666666666667,0.07426762736048001
0.53925,-0.24406504178699212
0.5393333333333333,-0.05805716554024179
0.5394166666666667,-0.10915792680332129
0.5395,-0.2770222527698893
0.5395833333333333,0.04248611480380932
0.5396666666666666,0.11117381425666945
0.53975,0.30417614045419616
0.5398333333333334,0.3728141892017854
0.5399166666666667,0.14376135912878565
0.54,0.1404356737548423
0.5400833333333334,-0.07253475549391789
0.5401666666666667,-0.058656016555032095
0.54025,-0.019082296234325932
0.5403333333333333,-0.20942356616984753
0.5404166666666667,0.06218079354085849
0.5405,-0.016102362814311145
0.5405833333333333,-0.0782145935523683
0.5406666666666666,0.14799557695810114
0.54075,-0.14808170700626674
0.5408333333333334,-0.08176532405006351
0.5409166666666667,0.09802671333719915
0.541,0.008853638234862559
0.5410833333333334,0.26378478467582644
0.5411666666666667,0.39570286493091983
0.54125,0.2857256092097314
0.5413333333333333,0.1350451033645381
0.5414166666666667,-0.1379139171676211
0.5415,-0.3658459144629199
0.5415833333333333,-0.295894234504177
0.5416666666666666,-0.1023598362386454
0.54175,-0.07500569985943827
0.5418333333333333,-0.007640510609905005
0.5419166666666667,0.06064671517223108
0.542,-0.018549904937988766
0.5420833333333334,-0.016709481462921633
0.5421666666666667,0.08894998135138242
0.54225,0.08994159961035106
0.5423333333333333,0.03179613640247719
0.5424166666666667,0.11258687677087163
0.5425,0.1726266788678641
0.5425833333333333,-0.09365629243499055
0.5426666666666666,-0.33664187707934756
0.54275,-0.2845548540682533
0.5428333333333333,-0.37690766977867785
0.5429166666666667,-0.26079335915493385
0.543,0.17089579165253926
0.5430833333333334,0.22424258395872979
0.5431666666666667,0.2360016512869896
0.54325,0.16142945576274456
0.5433333333333333,-0.06727526854724175
0.5434166666666667,0.03610618126746428
0.5435,0.05868261349069976
0.5435833333333333,0.031121993434277326
0.5436666666666666,0.011981471518555
0.54375,-0.16233951021558754
0.5438333333333333,-0.16133994947400931
0.5439166666666667,-0.19600290227739617
0.544,-0.20719277037179296
0.5440833333333334,-0.04214164786338549
0.5441666666666667,-0.023362845521773798
0.54425,-0.034689485683636556
0.5443333333333333,0.08915388003806808
0.5444166666666667,0.10333569588655465
0.5445,-0.06933439887562179
0.5445833333333333,-0.16910121543284656
0.5446666666666666,-0.26228248327502407
0.54475,-0.2223625041795591
0.5448333333333333,-0.05259530835460741
0.5449166666666667,-0.045997046551720495
0.545,0.2773942420324508
0.5450833333333334,0.5185812683602794
0.5451666666666667,0.29118689208403925
0.54525,0.21948843406922014
0.5453333333333333,0.025273645930441884
0.5454166666666667,-0.11887345625693867
0.5455,-0.06966675208240118
0.5455833333333333,-0.22481473406616034
0.5456666666666666,-0.046179283215346756
0.54575,0.10050284100800735
0.5458333333333333,-0.12471366637673373
0.5459166666666667,0.0480164102007276
0.546,0.13442182660094207
0.5460833333333334,-0.07822559520540757
0.5461666666666667,0.006932814940385638
0.54625,-0.06651867302910537
0.5463333333333333,-0.24190761175570538
0.5464166666666667,-0.10901468091950052
0.5465,-0.07718567472431474
0.5465833333333333,-0.21548640909504013
0.5466666666666666,-0.28054427762400513
0.54675,-0.2984095416664839
0.5468333333333333,-0.2487723794006599
0.5469166666666667,-0.03740321368406659
0.547,0.12295181892535953
0.5470833333333334,0.16033126332556893
0.5471666666666667,0.0777390193183877
0.54725,-0.05100362385792956
0.5473333333333333,0.04911408856177927
0.5474166666666667,0.08394791212985268
0.5475,0.15130174903859614
0.5475833333333333,0.3009902342927864
0.5476666666666666,0.10895309913413749
0.54775,-0.004295271936066583
0.5478333333333333,0.05679808251579718
0.5479166666666667,0.08875589825899408
0.548,0.12602938753487491
0.5480833333333334,0.002334607584539702
0.5481666666666667,-0.09879573125954318
0.54825,-0.06351899801449172
0.5483333333333333,0.07887997732914583
0.5484166666666667,0.20913795122387055
0.5485,0.09542988215023392
0.5485833333333333,-0.03411577272769483
0.5486666666666666,-0.14569254426196518
0.54875,-0.2799806939524919
0.5488333333333333,-0.10952674169547369
0.5489166666666667,0.13057391576777946
0.549,0.11822689113699426
0.5490833333333334,0.09174160310883227
0.5491666666666667,0.027859187482019803
0.54925,-0.11132789096735139
0.5493333333333333,-0.07485171022615847
0.5494166666666667,0.024262513094432402
0.5495,-0.11411059487233774
0.5495833333333333,-0.29012660126813183
0.5496666666666666,-0.14822078011023362
0.54975,0.06350823224657293
0.5498333333333333,0.28338770147666875
0.5499166666666667,0.5203143064185558
0.55,0.41663754901683503
0.5500833333333334,0.22211833938269113
0.5501666666666667,0.08779553076161845
0.55025,-0.04508080112762543
0.5503333333333333,0.0440155818337795
0.5504166666666667,0.05596983282316572
0.5505,-0.26767902388170745
0.5505833333333333,-0.3242003101094957
0.5506666666666666,-0.006155248836265158
0.55075,0.10967654657979786
0.5508333333333333,0.2588110587594737
0.5509166666666667,0.31283015638652534
0.551,0.1175380219105195
0.5510833333333334,0.08346275833364962
0.5511666666666667,-0.21401840945442516
0.55125,-0.43367800675467716
0.5513333333333333,-0.3052933114916094
0.5514166666666667,-0.3894728409822749
0.5515,-0.24080145762499178
0.5515833333333333,0.03070576855155757
0.5516666666666666,0.008173664109527487
0.55175,0.0776267636230925
0.5518333333333333,0.12467652115219627
0.5519166666666667,-0.0700846203788622
0.552,-0.18124155120367577
0.5520833333333334,-0.04066066290732837
0.5521666666666667,0.10837427419807008
0.55225,0.21675383135427917
0.5523333333333333,0.2936961396385605
0.5524166666666667,0.09794983972332752
0.5525,-0.23649116881892898
0.5525833333333333,-0.4057115182325791
0.5526666666666666,-0.3610276451509824
0.55275,-0.23401168030855
0.5528333333333333,-0.17654667344137018
0.5529166666666666,0.02104005156717372
0.553,0.27583534149854005
0.5530833333333334,0.2727138184342639
0.5531666666666667,0.314376782785066
0.55325,0.24196609159509636
0.5533333333333333,-0.10087012544043354
0.5534166666666667,-0.16629082884211027
0.5535,-0.2360419672917826
0.5535833333333333,-0.23677829258736421
0.5536666666666666,0.11123690169542047
0.55375,0.1849825849475318
0.5538333333333333,0.22619466012056863
0.5539166666666666,0.25194599606795015
0.554,0.07876705176389007
0.5540833333333334,0.13252355767596305
0.5541666666666667,0.25513787787487197
0.55425,0.3760192311692381
0.5543333333333333,0.23178359995256062
0.5544166666666667,0.05894578922453105
0.5545,0.15507351368337077
0.5545833333333333,-0.1380734516536706
0.5546666666666666,-0.13953954258275278
0.55475,0.11532848270759673
0.5548333333333333,-0.13514786232053397
0.5549166666666666,0.02809850199667883
0.555,0.2700108081067576
0.5550833333333334,0.09627344143229874
0.5551666666666667,0.13922743673245638
0.55525,0.04811937139851778
0.5553333333333333,-0.17689919960739983
0.5554166666666667,-0.11471730995709323
0.5555,-0.011471416303372022
0.5555833333333333,-0.04551751754398305
0.5556666666666666,-0.11844073270705963
0.55575,-0.17969240225549987
0.5558333333333333,-0.31295501709652135
0.5559166666666666,-0.2900715000847642
0.556,-0.06690993258269641
0.5560833333333334,-0.02662961637060855
0.5561666666666667,-0.024487847588878717
0.55625,0.00786084796476518
0.5563333333333333,0.025656921870365855
0.5564166666666667,-0.0021070207319462252
0.5565,-0.20176192144870472
0.5565833333333333,-0.07159677469422904
0.5566666666666666,0.05438049146735952
0.55675,-0.07033731270685206
0.5568333333333333,0.10652775746625759
0.5569166666666666,-0.004394046644577635
0.557,-0.21069809881073123
0.5570833333333334,-0.04020218821410466
0.5571666666666667,-0.09822751461093297
0.55725,-0.0705598471878302
0.5573333333333333,0.17882750235088554
0.5574166666666667,0.23322204142279734
0.5575,0.2548250084174935
0.5575833333333333,0.19108002460753956
0.5576666666666666,0.10028397962835969
0.55775,0.02696114956627953
0.5578333333333333,-0.15851528052596747
0.5579166666666666,-0.15908843442826964
0.558,-0.05842136517426627
0.5580833333333334,0.016962074012522317
0.5581666666666667,0.1256962750046716
0.55825,0.024867001697642607
0.5583333333333333,-0.15112496439824688
0.5584166666666667,-0.05608233000477805
0.5585,0.06679558710875239
0.5585833333333333,0.10292959661290198
0.5586666666666666,0.28993812094530824
0.55875,0.081658790750515
0.5588333333333333,-0.18756939397880867
0.5589166666666666,-0.006373318456291426
0.559,-0.23334813551303735
0.5590833333333334,-0.21626057761244394
0.5591666666666667,0.04755872038623264
0.55925,-0.13919179051255645
0.5593333333333333,0.20066309549673925
0.5594166666666667,0.3287700745154838
0.5595,0.0430815904103551
0.5595833333333333,0.13041696674841552
0.5596666666666666,-0.1754329561388856
0.55975,-0.256135986656506
0.5598333333333333,0.033743224362677
0.5599166666666666,0.06654842542236092
0.56,0.293898418892063
0.5600833333333334,0.20073449236602492
0.5601666666666667,-0.04868632189574956
0.56025,0.10305146090099498
0.5603333333333333,0.06954048847075592
0.5604166666666667,-0.03571221361217295
0.5605,0.13214447726241715
0.5605833333333333,0.18246329295309832
0.5606666666666666,0.03915016376094598
0.56075,0.08282978255375088
0.5608333333333333,-0.03785290534616767
0.5609166666666666,-0.1637230264287409
0.561,0.009853397484042138
0.5610833333333334,-0.1861716873667092
0.5611666666666667,-0.1850741360160795
0.56125,0.06228344770476153
0.5613333333333334,-0.09643322703563204
0.5614166666666667,-0.16253291687503618
0.5615,-0.309181514558544
0.5615833333333333,-0.38406224501942515
0.5616666666666666,-0.1109678017332116
0.56175,-0.01620710532704406
0.5618333333333333,0.05988218035049936
0.5619166666666666,0.165619221885325
0.562,0.24478702356149884
0.5620833333333334,0.24515196658761085
0.5621666666666667,0.003975075243020007
0.56225,-0.11016883887936572
0.5623333333333334,-0.18682491324482056
0.5624166666666667,-0.19794245107604083
0.5625,-0.0758641353896023
0.5625833333333333,-0.03507796421446993
0.5626666666666666,0.24073485080680676
0.56275,0.3479181415921769
0.5628333333333333,0.30808523195465487
0.5629166666666666,0.3651523143366273
0.563,0.07437440217735541
0.5630833333333334,-0.029624636768544415
0.5631666666666667,-0.035215993431895576
0.56325,-0.064491839410793
0.5633333333333334,0.31641809895722506
0.5634166666666667,0.4890253523889404
0.5635,0.08555956018698964
0.5635833333333333,-0.2723667884047851
0.5636666666666666,-0.12284302667269043
0.56375,-0.3019721493050029
0.5638333333333333,-0.37934962333233496
0.5639166666666666,0.09677189708929483
0.564,-0.16983486393226924
0.5640833333333334,-0.06968065803806174
0.5641666666666667,0.32376196051166184
0.56425,-0.1774537605649314
0.5643333333333334,-0.1691408387239597
0.5644166666666667,-0.05411345473431817
0.5645,-0.2820545515126259
0.5645833333333333,-0.05833894630833536
0.5646666666666667,0.0746695775050737
0.56475,0.15929101993492684
0.5648333333333333,0.4125926454193593
0.5649166666666666,0.32234956758536154
0.565,0.016882887424353666
0.5650833333333334,-0.27229010223762673
0.5651666666666667,-0.4899402803113953
0.56525,-0.22321912672969038
0.5653333333333334,-0.02731383511413421
0.5654166666666667,-0.1765940208491353
0.5655,0.07312041634580872
0.5655833333333333,0.21165975009308385
0.5656666666666667,0.15504584491277126
0.56575,0.2392350144458961
0.5658333333333333,0.07357675192860612
0.5659166666666666,-0.1011136593128629
0.566,-0.19368524925059374
0.5660833333333334,-0.25256308859069426
0.5661666666666667,-0.15472489720244978
0.56625,0.056658621603997004
0.5663333333333334,0.1309460763196521
0.5664166666666667,0.0071493009455181195
0.5665,0.005561268336042103
0.5665833333333333,-0.07881112869306833
0.5666666666666667,-0.057172510833003336
0.56675,0.10444746192985957
0.5668333333333333,0.04362639792166369
0.5669166666666666,0.21146813268902104
0.567,0.3174356078394659
0.5670833333333334,0.13794618535174777
0.5671666666666667,0.09461817002018783
0.56725,0.004749331807536879
0.5673333333333334,0.004780555790769216
0.5674166666666667,0.08544993359843231
0.5675,-0.01751058880053617
0.5675833333333333,-0.04311743013948929
0.5676666666666667,-0.0005360285938847757
0.56775,0.061960407649269106
0.5678333333333333,0.0746293822427326
0.5679166666666666,-0.014406163980355624
0.568,0.10482726377206183
0.5680833333333334,0.05213446639211787
0.5681666666666667,-0.08807639568081713
0.56825,0.12813080499591603
0.5683333333333334,0.14998565784297788
0.5684166666666667,0.20501496842164674
0.5685,0.16703710739334696
0.5685833333333333,-0.26174157976505324
0.5686666666666667,-0.17004384211225712
0.56875,-0.11165469467574743
0.5688333333333333,-0.29323081215582353
0.5689166666666666,-0.02829264292553153
0.569,-0.020388667903854032
0.5690833333333334,-0.10480660908114386
0.5691666666666667,0.01942556492575216
0.56925,-0.019938747181107695
0.5693333333333334,0.08079255247628742
0.5694166666666667,0.17750256762863653
0.5695,0.06975631471957895
0.5695833333333333,-0.09398304300086703
0.5696666666666667,-0.26315041581971244
0.56975,-0.2889360234805302
0.5698333333333333,-0.24014140229284284
0.5699166666666666,-0.1657683677832845
0.57,-0.14303310194492586
0.5700833333333334,-0.308438071764487
0.5701666666666667,-0.3100713141914979
0.57025,-0.09160398413592694
0.5703333333333334,-0.05099009943572644
0.5704166666666667,-0.06764110238171361
0.5705,-0.09377936161765404
0.5705833333333333,-0.055004818278616384
0.5706666666666667,0.18150755800736298
0.57075,0.09596369534956262
0.5708333333333333,-0.10667090431591923
0.5709166666666666,-0.17233943769671944
0.571,-0.4200463336199812
0.5710833333333334,-0.3009616452032461
0.5711666666666667,0.07021220148525693
0.57125,0.03107423828038122
0.5713333333333334,0.05681440692707307
0.5714166666666667,0.11222204092673979
0.5715,-0.1687379747336631
0.5715833333333333,-0.0059409407167188375
0.5716666666666667,0.27677432526714296
0.57175,-0.032615234533859866
0.5718333333333333,0.09675242164641794
0.5719166666666666,0.4039983306526315
0.572,0.30137141317724836
0.5720833333333334,0.3662631173620161
0.5721666666666667,0.22278001232328093
0.57225,0.13949382432712323
0.5723333333333334,0.16986300849538558
0.5724166666666667,-0.060431263333294696
0.5725,0.13989631277180423
0.5725833333333333,0.22888302968511479
0.5726666666666667,0.09070603407694088
0.57275,0.21307756407365222
0.5728333333333333,0.04311455926998479
0.5729166666666666,0.0054118872955941175
0.573,0.14936882441063926
0.5730833333333333,0.06451065763689152
0.5731666666666667,0.17183967866426006
0.57325,0.24575181257265724
0.5733333333333334,0.12877251126784311
0.5734166666666667,0.12713101452519074
0.5735,0.05240506732959481
0.5735833333333333,-0.17726386462616964
0.5736666666666667,-0.1823796937832064
0.57375,-0.04643199441131181
0.5738333333333333,-0.07363128272066437
0.5739166666666666,-0.06831293396526428
0.574,-0.06947236713171918
0.5740833333333333,-0.05222949961251715
0.5741666666666667,-0.020149258573584374
0.57425,-0.1312713150491674
0.5743333333333334,-0.12412816461914952
0.5744166666666667,-0.2623844078528657
0.5745,-0.3896167867978443
0.5745833333333333,-0.17993541250699654
0.5746666666666667,-0.22079721185875828
0.57475,-0.18867468320137878
0.5748333333333333,-0.09271490997676991
0.5749166666666666,-0.36793808305000164
0.575,-0.3064277845155432
0.5750833333333333,-0.12576926115329004
0.5751666666666667,-0.14498950876179234
0.57525,-0.08962961936578845
0.5753333333333334,-0.25817929703175646
0.5754166666666667,-0.2829963143493199
0.5755,-0.21561577299752546
0.5755833333333333,-0.2657132567983251
0.5756666666666667,0.046271747740750255
0.57575,0.09162694076819514
0.5758333333333333,0.012251159432136628
0.5759166666666666,0.3253898218971413
0.576,0.32382348142713313
0.5760833333333333,0.19478654357652933
0.5761666666666667,0.1431164216377025
0.57625,-0.05076134109691875
0.5763333333333334,-0.15926603327888392
0.5764166666666667,-0.014514045258073907
0.5765,0.06075520989190311
0.5765833333333333,-0.23614037431206136
0.5766666666666667,-0.1025245743946791
0.57675,0.14353384664730762
0.5768333333333333,0.04642591539112974
0.5769166666666666,0.34788321229319674
0.577,0.3693691669037544
0.5770833333333333,0.301207893968951
0.5771666666666667,0.47613446911472324
0.57725,0.2541636240310239
0.5773333333333334,0.11197972958363386
0.5774166666666667,-0.0932423772271424
0.5775,-0.11057434511261995
0.5775833333333333,0.0439832540579616
0.5776666666666667,-0.14107572985047392
0.57775,0.14436635786945282
0.5778333333333333,0.23081181077625926
0.5779166666666666,0.07773021303908202
0.578,0.3428366371546125
0.5780833333333333,0.1140883367588681
0.5781666666666667,0.036211106126534484
0.57825,0.2228604046444099
0.5783333333333334,-0.002753292083876995
0.5784166666666667,-0.08131413530191657
0.5785,-0.052174724423797184
0.5785833333333333,0.09229880561808465
0.5786666666666667,0.07870106066086593
0.57875,-0.12414474129222647
0.5788333333333333,-0.03277878419666133
0.5789166666666666,-0.14741802532688564
0.579,-0.269981965548691
0.5790833333333333,-0.098873007656119
0.5791666666666667,0.01674841950470337
0.57925,0.03875564089601803
0.5793333333333334,-0.0024182486685603993
0.5794166666666667,0.003874725098435677
0.5795,-0.185250746555043
0.5795833333333333,-0.2302118700393053
0.5796666666666667,0.03115372814100827
0.57975,-0.141388858478255
0.5798333333333333,-0.23617077436616346
0.5799166666666666,-0.13908674262375395
0.58,-0.3119825149732134
0.5800833333333333,-0.3006642036819963
0.5801666666666667,-0.26402387653129067
0.58025,-0.19658820044827954
0.5803333333333334,-0.050955561205026166
0.5804166666666667,-0.12693746386249125
0.5805,-0.0604062614085983
0.5805833333333333,-0.10415985813004311
0.5806666666666667,-0.24306648212224005
0.58075,-0.03891229419069547
0.5808333333333333,-0.04910248886765146
0.5809166666666666,-0.0375902104057122
0.581,0.2570642662193031
0.5810833333333333,0.11126988839539498
0.5811666666666667,0.01664974151762315
0.58125,0.24225128814147204
0.5813333333333334,0.021004145612342495
0.5814166666666667,-0.01245657791194297
0.5815,0.23088014248152666
0.5815833333333333,-0.09095544863756758
0.5816666666666667,-0.07465498364999912
0.58175,0.26575101079092667
0.5818333333333333,-0.03737199076265192
0.5819166666666666,0.01128572456100879
0.582,0.40209110451184915
0.5820833333333333,0.08770805317755223
0.5821666666666667,0.08507527922759456
0.58225,0.3034236300313592
0.5823333333333334,-0.20543864003342113
0.5824166666666667,-0.11144740966972866
0.5825,0.24442816732576034
0.5825833333333333,-0.03790781899665095
0.5826666666666667,0.16804377751280172
0.58275,0.3484494188361916
0.5828333333333333,0.16231910276009276
0.5829166666666666,0.16051283581213815
0.583,0.00934212311697887
0.5830833333333333,-0.16625758164439303
0.5831666666666667,-0.3006187728081218
0.58325,-0.1276377897973475
0.5833333333333334,0.27592069440751993
0.5834166666666667,0.4497808060354311
0.5835,0.6364689135413639
0.5835833333333333,0.504454782694468
0.5836666666666667,0.1537348862337096
0.58375,-0.006380456598812532
0.5838333333333333,-0.22095069921897226
0.5839166666666666,-0.270064900268384
0.584,-0.04220305876098769
0.5840833333333333,0.21477499918315054
0.5841666666666666,0.24820816950170238
0.58425,0.1240924108800991
0.5843333333333334,-0.058807026992704126
0.5844166666666667,-0.325126250445923
0.5845,-0.305195935699722
0.5845833333333333,-0.09063616542184542
0.5846666666666667,0.23415015855500887
0.58475,0.3995451127433777
0.5848333333333333,0.13623292611207255
0.5849166666666666,0.07544697068204545
0.585,-0.12085882452237531
0.5850833333333333,-0.3463803379074236
0.5851666666666666,-0.20267925842498372
0.58525,-0.3644764883408185
0.5853333333333334,-0.2695860657477037
0.5854166666666667,0.018976024055346524
0.5855,0.027529244857929448
0.5855833333333333,0.08925969827263441
0.5856666666666667,-0.14664322609128425
0.58575,-0.30564723115759934
0.5858333333333333,-0.4141973700121601
0.5859166666666666,-0.40644530628790043
0.586,0.18863628785873196
0.5860833333333333,0.2574389564158359
0.5861666666666666,0.07237444387024934
0.58625,-0.00026306971536191163
0.5863333333333334,-0.48567092169398945
0.5864166666666667,-0.4435541772600617
0.5865,-0.0844153010337143
0.5865833333333333,-0.11756852302256608
0.5866666666666667,-0.1564110848634386
0.58675,-0.15934411856592198
0.5868333333333333,-0.10263821832925345
0.5869166666666666,0.05929068455278401
0.587,0.08735546211130633
0.5870833333333333,-0.08154340211729272
0.5871666666666666,-0.1662311020981631
0.58725,-0.13285038406280292
0.5873333333333334,0.0005087416749930857
0.5874166666666667,0.30697534423080314
0.5875,0.48372666502647693
0.5875833333333333,0.3517379625517169
0.5876666666666667,0.006572437950915345
0.58775,-0.14470688794781614
0.5878333333333333,-0.05610770704368305
0.5879166666666666,0.04004780761024113
0.588,0.25108439280496836
0.5880833333333333,0.27572573754224033
0.5881666666666666,0.2505527775985131
0.58825,0.3264829253893159
0.5883333333333334,0.1978263190424997
0.5884166666666667,0.05147736840923234
0.5885,0.04548785257884161
0.5885833333333333,0.14474112600575198
0.5886666666666667,0.03390377225803086
0.58875,0.16370291797742248
0.5888333333333333,0.5429406629249169
0.5889166666666666,0.27465210372800314
0.589,0.155435847710317
0.5890833333333333,0.08895067359192316
0.5891666666666666,-0.3625759228893803
0.58925,-0.22761543323842448
0.5893333333333334,0.08484197487745254
0.5894166666666667,0.2021710262213943
0.5895,0.2520766492418248
0.5895833333333333,0.1402252122644899
0.5896666666666667,0.04442295809640537
0.58975,-0.1080075484799888
0.5898333333333333,-0.16710587927466253
0.5899166666666666,-0.23895661549305905
0.59,-0.16801284848117742
0.5900833333333333,0.16479092197454973
0.5901666666666666,0.1866041145807295
0.59025,0.16646910920598829
0.5903333333333334,0.060115061751120025
0.5904166666666667,-0.271048564669702
0.5905,-0.34389599840290763
0.5905833333333333,-0.3190843168461695
0.5906666666666667,-0.2388506551938713
0.59075,-0.11455966759922885
0.5908333333333333,-0.10765359191249689
0.5909166666666666,-0.10405032756101115
0.591,-0.12451618606900583
0.5910833333333333,-0.24279330456555928
0.5911666666666666,-0.30334301825067467
0.59125,-0.1390456060341864
0.5913333333333334,-0.08856713162477053
0.5914166666666667,-0.08474409994190729
0.5915,-0.040804767942259505
0.5915833333333333,-0.23668370096725316
0.5916666666666667,-0.20684808045819292
0.59175,-0.25113267936617045
0.5918333333333333,-0.4028645649501712
0.5919166666666666,-0.08708177627887354
0.592,0.017748823161858367
0.5920833333333333,0.1343531428493475
0.5921666666666666,0.4453442557451527
0.59225,0.3598748016438107
0.5923333333333334,0.22987288991299057
0.5924166666666667,0.044283014667262664
0.5925,-0.1891310003488823
0.5925833333333334,-0.08841465507313502
0.5926666666666667,0.15462933339310683
0.59275,0.2819841303576156
0.5928333333333333,0.241943368344347
0.5929166666666666,0.1081294367120378
0.593,0.024179214517835543
0.5930833333333333,-0.0998151685932364
0.5931666666666666,-0.2569004931227454
0.59325,-0.07194257382672206
0.5933333333333334,0.1903696878377619
0.5934166666666667,0.27240052630995465
0.5935,0.457616237672278
0.5935833333333334,0.4657161759982907
0.5936666666666667,0.345006641973575
0.59375,0.30469415425332885
0.5938333333333333,0.07438979248934796
0.5939166666666666,-0.03963324396640598
0.594,0.06476701618335128
0.5940833333333333,0.018425372151940445
0.5941666666666666,0.13234473104142477
0.59425,0.3371294571388244
0.5943333333333334,0.23824279936105586
0.5944166666666667,0.2618958093421544
0.5945,0.1507033733710856
0.5945833333333334,-0.13460186523500958
0.5946666666666667,0.072514703336193
0.59475,0.1413231724740889
0.5948333333333333,-0.05648936214225221
0.5949166666666666,-0.08037992627150746
0.595,-0.16789639615300742
0.5950833333333333,-0.19854963752250154
0.5951666666666666,-0.17475353195578167
0.59525,-0.1978781002254166
0.5953333333333334,-0.255712435890496
0.5954166666666667,-0.18928069740946582
0.5955,-0.0013621433051933893
0.5955833333333334,-0.10595403601749677
0.5956666666666667,-0.06422726447960966
0.59575,0.04186051427125634
0.5958333333333333,-0.29807027873378333
0.5959166666666667,-0.4162267873293009
0.596,-0.38659591295786006
0.5960833333333333,-0.4335080572197185
0.5961666666666666,-0.21455293657018046
0.59625,-0.05061298010304692
0.5963333333333334,-0.029123352436082
0.5964166666666667,-0.04033099014573881
0.5965,0.011709673174174264
0.5965833333333334,0.13759671374048985
0.5966666666666667,0.008144081040415507
0.59675,-0.051866352432548356
0.5968333333333333,0.0530042170913657
0.5969166666666667,-0.03690021650930082
0.597,-0.03537727062674785
0.5970833333333333,-0.02792945452607708
0.5971666666666666,-0.18846844680010325
0.59725,-0.25451926933067204
0.5973333333333334,-0.1987694179148381
0.5974166666666667,0.02387275403611156
0.5975,0.1673145874149579
0.5975833333333334,0.21830168462512953
0.5976666666666667,0.36355186509248577
0.59775,0.22345933704518986
0.5978333333333333,0.09821675736030781
0.5979166666666667,0.09341245436084294
0.598,-0.16048687393748237
0.5980833333333333,-0.17251392926027861
0.5981666666666666,-0.032448726804037424
0.59825,0.015659578529519096
0.5983333333333334,0.21419956422634936
0.5984166666666667,0.2569853851170277
0.5985,0.14987069235382125
0.5985833333333334,0.09038985308554451
0.5986666666666667,-0.00038100855337494706
0.59875,-0.0714957862277611
0.5988333333333333,-0.020717295294899917
0.5989166666666667,0.16319779840654544
0.599,0.22693156471870315
0.5990833333333333,0.10551131630931504
0.5991666666666666,-0.038620445834213334
0.59925,-0.20164188004442937
0.5993333333333334,-0.30955437033076
0.5994166666666667,-0.13721942636681098
0.5995,0.03786760080862439
0.5995833333333334,0.011313952431742475
0.5996666666666667,0.18543513184040997
0.59975,0.1518639357846825
0.5998333333333333,-0.12270941791180567
0.5999166666666667,-0.152339938477232
0.6,-0.20357626535390655
0.6000833333333333,-0.15298823243368637
0.6001666666666666,-0.01946617473846514
0.60025,0.15914911187169445
0.6003333333333334,0.18007531379556344
0.6004166666666667,0.03145763493463233
0.6005,0.24863436196105385
0.6005833333333334,0.047560346776166475
0.6006666666666667,-0.16543651268466147
0.60075,0.11826710635338167
0.6008333333333333,-0.08940586891934688
0.6009166666666667,-0.0031686004841870886
0.601,0.19330161074458702
0.6010833333333333,0.04378903350656537
0.6011666666666666,0.24359756216284792
0.60125,0.034319163926121395
0.6013333333333334,-0.11107403178074517
0.6014166666666667,0.039811569684696464
0.6015,0.0062064674080547135
0.6015833333333334,0.28730261447287964
0.6016666666666667,-0.037601984629061044
0.60175,-0.37815655459620995
0.6018333333333333,-0.15414592519867226
0.6019166666666667,-0.343910853098883
0.602,-0.22733545402945535
0.6020833333333333,-0.14620083628610758
0.6021666666666666,-0.18955898696491355
0.60225,0.13615516224305005
0.6023333333333334,0.09742303392212402
0.6024166666666667,0.058632937864961224
0.6025,0.09040182781075032
0.6025833333333334,-0.03363879404458466
0.6026666666666667,-0.21394390657932433
0.60275,-0.4273163723085418
0.6028333333333333,-0.32582067166584666
0.6029166666666667,-0.09618154145692974
0.603,0.11978257282559573
0.6030833333333333,0.12821697430318799
0.6031666666666666,-0.07370692882256952
0.60325,-0.044161486740843255
0.6033333333333334,-0.03414235821618348
0.6034166666666667,-0.07777840356239987
0.6035,0.13996041002362314
0.6035833333333334,0.2130845176014833
0.6036666666666667,-0.05928102331875115
0.60375,-0.23814238454612496
0.6038333333333333,-0.2257265239764308
0.6039166666666667,-0.13358445395923282
0.604,-0.11307323352575654
0.6040833333333333,-0.20198767476662746
0.6041666666666666,-0.129681602339529
0.60425,0.10960463998771418
0.6043333333333333,0.33251443513539186
0.6044166666666667,0.40589713709157554
0.6045,0.25104085680737687
0.6045833333333334,-0.08274043479133665
0.6046666666666667,-0.21745912212746257
0.60475,-0.06578374815598746
0.6048333333333333,-0.0011184104080734295
0.6049166666666667,0.11860698067565345
0.605,0.13805042602894524
0.6050833333333333,-0.005168253857779177
0.6051666666666666,0.08810684896307164
0.60525,0.04756378242813161
0.6053333333333333,0.07386835052585247
0.6054166666666667,0.27006433547173225
0.6055,0.16617497751888968
0.6055833333333334,0.23464416067502275
0.6056666666666667,0.2736691287140499
0.60575,0.15937055729890728
0.6058333333333333,0.1586138262143343
0.6059166666666667,-0.14113113959379311
0.606,-0.20462943183940804
0.6060833333333333,-0.10548898973126632
0.6061666666666666,-0.1380743935944729
0.60625,0.16018957566551756
0.6063333333333333,0.1818795490136591
0.6064166666666667,0.07044568713612803
0.6065,0.027338566940345182
0.6065833333333334,-0.15775678465882584
0.6066666666666667,-0.03505193033732202
0.60675,-0.020393116746291563
0.6068333333333333,-0.006730196466459981
0.6069166666666667,0.05927038706364775
0.607,-0.18548448837876394
0.6070833333333333,-0.14106986153878762
0.6071666666666666,-0.04439967754118862
0.60725,-0.14322672289192118
0.6073333333333333,-0.23116369526034075
0.6074166666666667,-0.3354075183640029
0.6075,-0.1664982149409863
0.6075833333333334,-0.024886852731908445
0.6076666666666667,-0.0668260486232735
0.60775,0.019801401507075
0.6078333333333333,-0.029905170602860538
0.6079166666666667,-0.23706932310778311
0.608,-0.2448649957870511
0.6080833333333333,-0.21214789020089725
0.6081666666666666,-0.2298231237588476
0.60825,-0.0396496084923116
0.6083333333333333,-0.013579717528382298
0.6084166666666667,-0.1383402975721872
0.6085,0.011588990595026721
0.6085833333333334,-0.028066581952194195
0.6086666666666667,-0.16920580727202028
0.60875,-0.08965428061083523
0.6088333333333333,0.002756070385312623
0.6089166666666667,0.13352322450106133
0.609,0.17123124823643196
0.6090833333333333,0.09919977958550322
0.6091666666666666,-0.04986451892129504
0.60925,-0.0743827403028601
0.6093333333333333,0.11510892036122766
0.6094166666666667,0.1378602907248716
0.6095,0.29791798603912784
0.6095833333333334,0.45230097291259325
0.6096666666666667,0.3108488244612842
0.60975,0.33705108803563744
0.6098333333333333,0.24503444179498396
0.6099166666666667,0.1425987085662843
0.61,0.2234693962489935
0.6100833333333333,0.05590331408996783
0.6101666666666666,0.0073824043342908124
0.61025,0.131501962378515
0.6103333333333333,0.19485565214443917
0.6104166666666667,0.3121128823460144
0.6105,0.3594116102309638
0.6105833333333334,0.24208240700348282
0.6106666666666667,0.0012417172140946533
0.61075,-0.019126478537366456
0.6108333333333333,0.10518324251324246
0.6109166666666667,0.06633293076490729
0.611,0.12218056122975725
0.6110833333333333,0.1564588089446789
0.6111666666666666,0.01536431589169004
0.61125,-0.13046808166000354
0.6113333333333333,-0.17006828831227466
0.6114166666666667,-0.06587040190788966
0.6115,-0.1239856754111517
0.6115833333333334,-0.1961941160508538
0.6116666666666667,-0.033390826994663676
0.61175,-0.00933420477946635
0.6118333333333333,-0.04078128977385804
0.6119166666666667,-0.03223748885760965
0.612,-0.17874092683982865
0.6120833333333333,-0.35623314859069033
0.6121666666666666,-0.3531594579283291
0.61225,-0.13200590638498635
0.6123333333333333,-0.030604922406958692
0.6124166666666667,0.06723459484390781
0.6125,0.15740131510615354
0.6125833333333334,-0.052539418004243325
0.6126666666666667,-0.07378037239768179
0.61275,-0.14981047392121163
0.6128333333333333,-0.2983110295139687
0.6129166666666667,-0.10790365179161251
0.613,-0.13311622363884654
0.6130833333333333,-0.14116672855855278
0.6131666666666666,-0.08254613964794862
0.61325,-0.14679856828175328
0.6133333333333333,0.045550925520809304
0.6134166666666667,0.07967457034769873
0.6135,0.018519744661864138
0.6135833333333334,0.0999719774388412
0.6136666666666667,0.006344104651714219
0.61375,-0.07152802350496232
0.6138333333333333,-0.07931199928825343
0.6139166666666667,-0.09566509305100208
0.614,-0.11053586185624992
0.6140833333333333,-0.09991343150038658
0.6141666666666666,-0.0502858731796643
0.61425,-0.1250243837819876
0.6143333333333333,-0.05476378029572735
0.6144166666666667,0.021190453912563377
0.6145,-0.07030984391699206
0.6145833333333334,0.026984616498090776
0.6146666666666667,0.03420566658438338
0.61475,0.1940620090250468
0.6148333333333333,0.2817802513647355
0.6149166666666667,-0.0878073992176595
0.615,0.01188616118362956
0.6150833333333333,0.04665394646715515
0.6151666666666666,-0.09444785297623678
0.61525,0.22024752298410014
0.6153333333333333,0.10777905162210472
0.6154166666666666,-0.07039069431292304
0.6155,0.04775136779254878
0.6155833333333334,-0.061479376055261395
0.6156666666666667,-0.007058618509771438
0.61575,0.038438732481344655
0.6158333333333333,0.06308992536764234
0.6159166666666667,0.23101667189708786
0.616,0.04990991328916862
0.6160833333333333,0.03406027030061738
0.6161666666666666,0.15744374445507933
0.61625,-0.17740402508690403
0.6163333333333333,-0.38023284998882095
0.6164166666666666,-0.2734720594952311
0.6165,-0.019842883516113723
0.6165833333333334,0.2982041751703224
0.6166666666666667,0.3521430612206171
0.61675,0.12279865762423911
0.6168333333333333,-0.11981543145668792
0.6169166666666667,-0.1499261426815854
0.617,-0.12618944553195863
0.6170833333333333,0.02825859321176032
0.6171666666666666,0.28743700693596025
0.61725,0.3286553033319469
0.6173333333333333,0.41892527427254467
0.6174166666666666,0.4213547921707567
0.6175,0.07730151700200155
0.6175833333333334,-0.10787432703993172
0.6176666666666667,-0.0725492433909869
0.61775,-0.0900550586720011
0.6178333333333333,0.04105689716818337
0.6179166666666667,0.2197412559061146
0.618,0.20636014725617596
0.6180833333333333,0.18851769779046593
0.6181666666666666,0.02395978817549459
0.61825,-0.19687185056482354
0.6183333333333333,-0.13178449135931455
0.6184166666666666,-0.02221284112023693
0.6185,0.18964545297734137
0.6185833333333334,0.3740279152568445
0.6186666666666667,0.1688289800412166
0.61875,-0.012887260198727333
0.6188333333333333,-0.1946200045892138
0.6189166666666667,-0.48515288936930273
0.619,-0.37512361277833534
0.6190833333333333,-0.122750388001747
0.6191666666666666,0.009635997653952616
0.61925,0.25582290881695197
0.6193333333333333,0.32666806774031687
0.6194166666666666,0.15979398572441508
0.6195,-0.13119062112023508
0.6195833333333334,-0.4048526737528814
0.6196666666666667,-0.3136805903867962
0.61975,-0.1435969795044659
0.6198333333333333,-0.04623750760593001
0.6199166666666667,0.12672333275167985
0.62,0.12206619837623259
0.6200833333333333,-0.14678122200979116
0.6201666666666666,-0.25929363855694887
0.62025,-0.18603248532946257
0.6203333333333333,-0.2969848854332343
0.6204166666666666,-0.16145175200112283
0.6205,0.1285765687536976
0.6205833333333334,-0.012506224319258599
0.6206666666666667,-0.10560909894395398
0.62075,-0.006455421847332055
0.6208333333333333,-0.05945837572516202
0.6209166666666667,-0.04471979515312475
0.621,0.10291518436429384
0.6210833333333333,0.06503253586072141
0.6211666666666666,0.02853699272943604
0.62125,0.06776251472647235
0.6213333333333333,0.05101636530593667
0.6214166666666666,0.19401026494130397
0.6215,0.09417356021714222
0.6215833333333334,-0.12758660070860223
0.6216666666666667,-0.03651704432297297
0.62175,-0.028960884800290885
0.6218333333333333,0.12737012799285063
0.6219166666666667,0.22810003891368216
0.622,0.06367545738836258
0.6220833333333333,0.13972631761554988
0.6221666666666666,0.04478642361128056
0.62225,0.08544874705078766
0.6223333333333333,0.3848010807140781
0.6224166666666666,0.2615761196075518
0.6225,0.23143072199841447
0.6225833333333334,0.14155315255265852
0.6226666666666667,-0.04710026882937379
0.62275,0.07132957751585389
0.6228333333333333,0.01440885757390748
0.6229166666666667,0.16817380843932309
0.623,0.23162985513363366
0.6230833333333333,-0.14761185858891168
0.6231666666666666,-0.10056791354976483
0.62325,-0.14049007422071816
0.6233333333333333,-0.3083211160152738
0.6234166666666666,-0.09748042587532353
0.6235,-0.06294290297455048
0.6235833333333334,-0.08588004920666045
0.6236666666666667,-0.07536656861165626
0.62375,-0.14922858863089153
0.6238333333333334,-0.1056876698188125
0.6239166666666667,-0.055335160439682625
0.624,-0.03844600808662594
0.6240833333333333,-0.0890523870472715
0.6241666666666666,-0.16665639313605934
0.62425,-0.19884836426329316
0.6243333333333333,-0.14471348077322874
0.6244166666666666,-0.06595070720473745
0.6245,-0.16809611427526375
0.6245833333333334,-0.08900767358398225
0.6246666666666667,0.09511551881276975
0.62475,0.07461418426882947
0.6248333333333334,0.039715018382395786
0.6249166666666667,-0.15301460399246034
0.625,-0.06566090193258374
0.6250833333333333,0.14808606676899536
0.6251666666666666,-0.0689116152057995
0.62525,0.0745659046293712
0.6253333333333333,0.2296084372826798
0.6254166666666666,0.09680518716109335
0.6255,0.17708526728508103
0.6255833333333334,-0.03474833074608011
0.6256666666666667,-0.20384876582028477
0.62575,-0.17023455265444734
0.6258333333333334,-0.20457047302969394
0.6259166666666667,-0.02968659898106789
0.626,0.03472291907468906
0.6260833333333333,0.10781676709386544
0.6261666666666666,0.2583781310327508
0.62625,0.24941164972024688
0.6263333333333333,0.05756094671445716
0.6264166666666666,-0.23805589285429746
0.6265,-0.18131224723134257
0.6265833333333334,-0.19354865201507063
0.6266666666666667,-0.1294170891569248
0.62675,0.24451545795023247
0.6268333333333334,0.14644540663861913
0.6269166666666667,0.15296431698875804
0.627,0.15111018817933156
0.6270833333333333,-0.0688680430858808
0.6271666666666667,0.17152192783183073
0.62725,0.2067549235018387
0.6273333333333333,0.1751511478404801
0.6274166666666666,0.2677076883599261
0.6275,0.12474818272084097
0.6275833333333334,0.06247871887748477
0.6276666666666667,-0.0835860140881409
0.62775,-0.10442248530305054
0.6278333333333334,-0.02845101001679345
0.6279166666666667,0.047315470099859376
0.628,0.3577211492225743
0.6280833333333333,0.27349642225491677
0.6281666666666667,0.013143639528683908
0.62825,-0.01089243367821491
0.6283333333333333,-0.08468340828774948
0.6284166666666666,-0.17314842437632064
0.6285,-0.2590178754900343
0.6285833333333334,-0.2889419333880481
0.6286666666666667,-0.3730743070204105
0.62875,-0.31890406108064334
0.6288333333333334,-0.17443733483454654
0.6289166666666667,-0.2792195884558527
0.629,-0.2152553275393898
0.6290833333333333,-0.03951373878118145
0.6291666666666667,-0.07060506479356808
0.62925,-0.3360326782062143
0.6293333333333333,-0.38558597624796903
0.6294166666666666,-0.2761793112049181
0.6295,-0.3761832757583986
0.6295833333333334,-0.00012281621009431658
0.6296666666666667,0.05283855862194484
0.62975,-0.17941526421862122
0.6298333333333334,0.17648515618858712
0.6299166666666667,0.04173696437021436
0.63,-0.0004986280886844654
0.6300833333333333,0.3005592284373887
0.6301666666666667,0.22448678136372505
0.63025,0.2812790588237546
0.6303333333333333,0.26496403237593424
0.6304166666666666,0.19550162355605757
0.6305,0.2665264964833449
0.6305833333333334,0.19657562253810404
0.6306666666666667,0.120531015873383
0.63075,0.08901793154649747
0.6308333333333334,0.16683436331254742
0.6309166666666667,0.39728366907870655
0.631,0.3057059370751579
0.6310833333333333,0.0615602035951862
0.6311666666666667,0.048411248138533695
0.63125,-0.2173065478603278
0.6313333333333333,-0.30114584668437855
0.6314166666666666,-0.026912533766264807
0.6315,-0.008160321812509008
0.6315833333333334,0.07853090459803426
0.6316666666666667,0.09983592063075525
0.63175,0.04170050340658818
0.6318333333333334,0.08746363295566348
0.6319166666666667,-0.012912038303163167
0.632,0.010362884934473468
0.6320833333333333,-0.0480558848185378
0.6321666666666667,-0.20249324425798135
0.63225,-0.08594287932470165
0.6323333333333333,0.03905948328629809
0.6324166666666666,0.06371481849278016
0.6325,-0.029488478410427326
0.6325833333333334,-0.12317376858741291
0.6326666666666667,-0.1400811861973532
0.63275,-0.05685292791233189
0.6328333333333334,0.12099943733501466
0.6329166666666667,0.046229642075726544
0.633,-0.033792793494598704
0.6330833333333333,-0.13586597899271172
0.6331666666666667,-0.362883185029539
0.63325,-0.3656612523610876
0.6333333333333333,-0.41069398540004465
0.6334166666666666,-0.27910664096224225
0.6335,-0.10907281057550147
0.6335833333333334,-0.278186254491929
0.6336666666666667,-0.24656794217417186
0.63375,-0.15738572081247748
0.6338333333333334,-0.1419242122983114
0.6339166666666667,-0.19669122756116963
0.634,-0.3197352315883448
0.6340833333333333,-0.14502638794472972
0.6341666666666667,0.014888093936116729
0.63425,0.11766477605007823
0.6343333333333333,0.2131087974372658
0.6344166666666666,0.11913851872372366
0.6345,0.14748314522515085
0.6345833333333334,0.16747126629931255
0.6346666666666667,0.05694932826636871
0.63475,0.05832513361855063
0.6348333333333334,0.22877399739079488
0.6349166666666667,0.3085785778364533
0.635,0.22324177647542512
0.6350833333333333,0.34817287240836065
0.6351666666666667,0.294546404769999
0.63525,0.1975367433145377
0.6353333333333333,0.30027099431831766
0.6354166666666666,0.021958748130353613
0.6355,0.05775952489338692
0.6355833333333333,0.2005163110686194
0.6356666666666667,0.015119179182762494
0.63575,0.12934552637921742
0.6358333333333334,-0.06303836216970655
0.6359166666666667,-0.22410288849077062
0.636,-0.11820656697691732
0.6360833333333333,-0.3097539225435248
0.6361666666666667,-0.2106901490347566
0.63625,0.0031122939763947467
0.6363333333333333,0.10376816206852357
0.6364166666666666,0.1538198228190345
0.6365,0.03430179016868461
0.6365833333333333,-0.023380815759156823
0.6366666666666667,-0.07561373154425777
0.63675,0.11267907407298186
0.6368333333333334,0.2697276386039309
0.6369166666666667,0.11320681574900557
0.637,0.16279642919700965
0.6370833333333333,0.219071925891837
0.6371666666666667,0.15544364874222713
0.63725,0.06925509385301953
0.6373333333333333,0.03131055470528489
0.6374166666666666,0.04921868459707751
0.6375,-0.16497157855966585
0.6375833333333333,-0.1817486342625216
0.6376666666666667,-0.1319105758524006
0.63775,-0.2639540653604546
0.6378333333333334,-0.20591055240768538
0.6379166666666667,-0.27347723705637433
0.638,-0.20845852076985857
0.6380833333333333,-0.10968945284352882
0.6381666666666667,-0.1504941417217249
0.63825,0.056521837667317186
0.6383333333333333,-0.19852336167469062
0.6384166666666666,-0.3093105067946442
0.6385,-0.03398649490355031
0.6385833333333333,-0.26521335542176827
0.6386666666666667,-0.1180001464903517
0.63875,0.10010327313200372
0.6388333333333334,-0.060361040455678784
0.6389166666666667,0.11792669989353474
0.639,0.13227694977837204
0.6390833333333333,0.05885317602564269
0.6391666666666667,0.20872185152834147
0.63925,0.1336616768145191
0.6393333333333333,0.014894687617513355
0.6394166666666666,0.10871159165445789
0.6395,0.18492248792262647
0.6395833333333333,0.17756573043863785
0.6396666666666667,0.24949650154274292
0.63975,0.17793296475664244
0.6398333333333334,-0.0029208855534061263
0.6399166666666667,-0.03997482262749151
0.64,-0.07668487088041481
0.6400833333333333,0.07476485060815333
0.6401666666666667,0.14216756295742425
0.64025,-0.0046361169778328885
0.6403333333333333,0.03274640583830938
0.6404166666666666,-0.08130471259974534
0.6405,-0.06280236857249052
0.6405833333333333,0.05329677028226552
0.6406666666666667,-0.16810656549564093
0.64075,-0.11002224313410083
0.6408333333333334,0.05075892564143769
0.6409166666666667,0.04732504861029711
0.641,0.1796338680884871
0.6410833333333333,0.15183582223575567
0.6411666666666667,0.011873689602700016
0.64125,0.046660720277068246
0.6413333333333333,0.05166044545869497
0.6414166666666666,0.12956502766825648
0.6415,0.20261673376202707
0.6415833333333333,0.06407994489628466
0.6416666666666667,0.05467177464696321
0.64175,-0.08291314943638534
0.6418333333333334,-0.12578271234543623
0.6419166666666667,0.22759796603244378
0.642,0.2707485523915765
0.6420833333333333,0.24622019007871365
0.6421666666666667,0.20366830939673056
0.64225,0.05224658189606697
0.6423333333333333,0.12127996065973792
0.6424166666666666,-0.0933895067361817
0.6425,-0.2521323300684676
0.6425833333333333,-0.11754330352998746
0.6426666666666667,-0.19331036336284438
0.64275,-0.17899008487019877
0.6428333333333334,-0.18252698402244621
0.6429166666666667,-0.17435548318408794
0.643,0.012708484419934383
0.6430833333333333,-0.05686103967098656
0.6431666666666667,-0.1731441699494757
0.64325,-0.12269748558303262
0.6433333333333333,-0.0497054770106446
0.6434166666666666,0.005200014460473312
0.6435,0.08604022308317803
0.6435833333333333,0.036184458929341266
0.6436666666666667,-0.17694817948951932
0.64375,-0.1392112842024357
0.6438333333333334,-0.2900802004621663
0.6439166666666667,-0.36733199165774677
0.644,0.029550541304861556
0.6440833333333333,0.0033893697945297906
0.6441666666666667,0.11352891925492423
0.64425,0.22690314593851943
0.6443333333333333,-0.15886682175661768
0.6444166666666666,-0.01933287822681944
0.6445,-0.017554011502728315
0.6445833333333333,-0.26153986121533285
0.6446666666666667,0.02663361886838164
0.64475,0.07083377700578916
0.6448333333333334,-0.03094922677433304
0.6449166666666667,0.09409016293149063
0.645,-0.041507459702704474
0.6450833333333333,-0.16579328539464633
0.6451666666666667,-0.0321521868069598
0.64525,-0.051662049093456106
0.6453333333333333,-0.024080108968388116
0.6454166666666666,0.11271453103782442
0.6455,0.026123040742066884
0.6455833333333333,0.045921974933092004
0.6456666666666667,0.08317572527957803
0.64575,0.0005067390705639859
0.6458333333333334,0.08760310195518223
0.6459166666666667,0.07728265168669773
0.646,0.0455118298939825
0.6460833333333333,0.16623706853322187
0.6461666666666667,0.1187868485075454
0.64625,0.10779790583825333
0.6463333333333333,0.2030899830795693
0.6464166666666666,-0.028282389509941625
0.6465,-0.17299724862809193
0.6465833333333333,-6.957145777578528e-05
0.6466666666666666,-0.05551312026556453
0.64675,0.015022569035746869
0.6468333333333334,0.32799053879764656
0.6469166666666667,0.2610951725568517
0.647,0.057745336277418645
0.6470833333333333,-0.03451151693129677
0.6471666666666667,-0.17021034099743781
0.64725,-0.16490157543742373
0.6473333333333333,-0.052273483311420565
0.6474166666666666,0.05449600983283398
0.6475,0.1669814005724352
0.6475833333333333,0.08266201931703672
0.6476666666666666,-0.02977823572141192
0.64775,-0.00600025651225965
0.6478333333333334,-0.018644013069093125
0.6479166666666667,0.03366269436538515
0.648,0.1660246767766814
0.6480833333333333,0.19165867945534013
0.6481666666666667,0.08343549760360112
0.64825,0.007310543019952669
0.6483333333333333,-0.0020627922432134432
0.6484166666666666,-0.031739324840887345
0.6485,-0.04078748575934249
0.6485833333333333,-0.02808741377047792
0.6486666666666666,0.046750290267790276
0.64875,0.014995189124356916
0.6488333333333334,-0.13138504869980502
0.6489166666666667,-0.04155659433660091
0.649,-0.08686250130721113
0.6490833333333333,-0.3039374136226184
0.6491666666666667,-0.16266411455656984
0.64925,-0.10455464063239456
0.6493333333333333,-0.1458073663401821
0.6494166666666666,0.0502672782922985
0.6495,0.09905826070843718
0.6495833333333333,0.07356690377687405
0.6496666666666666,0.10717557693343341
0.64975,0.155929148072553
0.6498333333333334,0.12332462528419741
0.6499166666666667,-0.04394510417669897
0.65,-0.06752870041181727
0.6500833333333333,-0.08654163392872408
0.6501666666666667,0.08050062498604649
0.65025,0.39780013736263575
0.6503333333333333,0.20669621199550042
0.6504166666666666,-0.0418984025708999
0.6505,-0.054808188501347305
0.6505833333333333,-0.09952505983501153
0.6506666666666666,0.10918379053103111
0.65075,0.24227064485476127
0.6508333333333334,0.008340483884056735
0.6509166666666667,-0.010289216698801862
0.651,0.06770752681414624
0.6510833333333333,-0.08876231213004634
0.6511666666666667,-0.0858045253321915
0.65125,-0.04498760004436391
0.6513333333333333,-0.14374900583209335
0.6514166666666666,-0.004778758332846191
0.6515,0.06974196626697932
0.6515833333333333,0.05625276572253225
0.6516666666666666,0.13567914508239892
0.65175,-0.08977300442573838
0.6518333333333334,-0.19671574179015866
0.6519166666666667,-0.18525583455686856
0.652,-0.21873672969701316
0.6520833333333333,0.018801750322292195
0.6521666666666667,-0.01845585005487731
0.65225,-0.07023204825715094
0.6523333333333333,0.08133486269139018
0.6524166666666666,-0.15044235255513
0.6525,-0.25302352711180626
0.6525833333333333,0.000433679859107677
0.6526666666666666,-0.0006773994593399694
0.65275,-0.08136320135130443
0.6528333333333334,0.12754747473486613
0.6529166666666667,0.11464960213241035
0.653,-0.10679077153140318
0.6530833333333333,-0.09702363459061031
0.6531666666666667,-0.13629090555124768
0.65325,-0.1460926049201286
0.6533333333333333,0.026348915430073516
0.6534166666666666,0.14869102975744716
0.6535,0.03553050057813434
0.6535833333333333,-0.04128296839596478
0.6536666666666666,0.07644641949944453
0.65375,-0.1635141030064692
0.6538333333333334,-0.1919483219873375
0.6539166666666667,0.188483022977702
0.654,0.22414602264243266
0.6540833333333333,0.22863276568123028
0.6541666666666667,0.13695571061169476
0.65425,0.044470424163742556
0.6543333333333333,0.06483550794115599
0.6544166666666666,-0.12050666829336035
0.6545,0.025463593885264493
0.6545833333333333,0.2683115584558303
0.6546666666666666,0.1645646482087681
0.65475,0.11086694832884811
0.6548333333333334,0.19376811243707348
0.6549166666666667,0.05481366283298205
0.655,-0.2777393424801038
0.6550833333333334,-0.17895079620004065
0.6551666666666667,-0.18519542746707926
0.65525,-0.38622710490993084
0.6553333333333333,0.08749881818139632
0.6554166666666666,0.24478982072687183
0.6555,-0.02062100204942551
0.6555833333333333,0.06653048511368337
0.6556666666666666,-0.11501242904716696
0.65575,-0.2572294021981898
0.6558333333333334,-0.15774135025206168
0.6559166666666667,-0.1930845775158069
0.656,-0.16062580521122918
0.6560833333333334,-0.2396396263201404
0.6561666666666667,-0.14148560708278668
0.65625,-0.014396265874627763
0.6563333333333333,-0.1768392503378582
0.6564166666666666,0.13717004463292032
0.6565,0.3068001937235081
0.6565833333333333,0.0296543103173463
0.6566666666666666,0.040289220416951856
0.65675,-0.07877304100597905
0.6568333333333334,-0.09613885232283408
0.6569166666666667,0.1892516506159056
0.657,0.25050447157696504
0.6570833333333334,0.130855508220564
0.6571666666666667,-0.02518433187219322
0.65725,0.0518750929341084
0.6573333333333333,0.1441911798077729
0.6574166666666666,0.0772062818653776
0.6575,0.28387505278947095
0.6575833333333333,0.2761803197682175
0.6576666666666666,-0.05099265970314754
0.65775,0.015257253575572316
0.6578333333333334,0.1134109783502186
0.6579166666666667,0.015554387791388352
0.658,0.08833360533446898
0.6580833333333334,0.046970349302372844
0.6581666666666667,-0.18091169644889166
0.65825,-0.1173855567582596
0.6583333333333333,-0.030177837179013633
0.6584166666666667,-0.21097229220575195
0.6585,-0.21708443375025813
0.6585833333333333,-0.19433713100527225
0.6586666666666666,-0.14647838258412046
0.65875,0.08367916568406905
0.6588333333333334,0.04285878213356931
0.6589166666666667,-0.026947558992542215
0.659,0.09677837335541326
0.6590833333333334,0.11046672265468985
0.6591666666666667,0.0020634376195453677
0.65925,0.007838001623000896
0.6593333333333333,0.09913691596860316
0.6594166666666667,-0.02470048609640331
0.6595,-0.08503085692210748
0.6595833333333333,0.012994610710874282
0.6596666666666666,0.06396171321069988
0.65975,0.1404720500929048
0.6598333333333334,0.1590257336022499
0.6599166666666667,0.029196872722713256
0.66,-0.16918886576092168
0.6600833333333334,-0.0787695620427405
0.6601666666666667,-0.013337841224384233
0.66025,-0.1674439791042545
0.6603333333333333,-0.011729044380335682
0.6604166666666667,-0.08745952916978462
0.6605,-0.28500927022849054
0.6605833333333333,-0.18289671640537275
0.6606666666666666,-0.3644579702275631
0.66075,-0.2960492696658827
0.6608333333333334,0.03363736842659576
0.6609166666666667,-0.02885453304388291
0.661,-0.025803073631993658
0.6610833333333334,0.09387733418574917
0.6611666666666667,0.1058537810508514
0.66125,-0.06026537715288026
0.6613333333333333,-0.2872028927505675
0.6614166666666667,-0.19768272489375513
0.6615,-0.08796050224189272
0.6615833333333333,-0.05581941797471025
0.6616666666666666,0.05646632869971378
0.66175,-0.03905038684152155
0.6618333333333334,-0.05066846183608931
0.6619166666666667,0.1426316149680413
0.662,0.06574343030901884
0.6620833333333334,0.06323681390429453
0.6621666666666667,0.25811495416204244
0.66225,0.2295821764919001
0.6623333333333333,0.13049375824560627
0.6624166666666667,-0.04797716898214701
0.6625,-0.13388986390609442
0.6625833333333333,-0.07609094247123432
0.6626666666666666,-0.23234949518910794
0.66275,-0.19182214059680597
0.6628333333333334,0.00904931404543993
0.6629166666666667,0.16608031371414847
0.663,0.40856831367900914
0.6630833333333334,0.3072290977572744
0.6631666666666667,0.08024337716118626
0.66325,-0.005523983840414088
0.6633333333333333,-0.07528032999847695
0.6634166666666667,-0.003977887863351183
0.6635,0.029542328780768828
0.6635833333333333,0.08749285221176428
0.6636666666666666,0.05223139170065212
0.66375,-0.12675060993209306
0.6638333333333334,-0.03664391097680446
0.6639166666666667,0.03344928546455081
0.664,0.06436217826602098
0.6640833333333334,0.09456280759152402
0.6641666666666667,-0.02562061490028673
0.66425,0.11800367557587337
0.6643333333333333,0.23447598040634235
0.6644166666666667,0.12068067084624112
0.6645,0.08214006305403343
0.6645833333333333,-0.12902651263010967
0.6646666666666666,-0.38650643621902314
0.66475,-0.30254926718397107
0.6648333333333334,-0.07169666641223198
0.6649166666666667,-0.07414172599476296
0.665,-0.13191730751317982
0.6650833333333334,0.06128807099617407
0.6651666666666667,0.013725933703499683
0.66525,-0.1432479862087117
0.6653333333333333,0.1433372155576003
0.6654166666666667,0.09597669568755782
0.6655,-0.18640939041870777
0.6655833333333333,-0.010866624565744333
0.6656666666666666,-0.04180982864654445
0.66575,0.1134570393931844
0.6658333333333334,0.5920442698057525
0.6659166666666667,0.38030773458385253
0.666,0.11443226699816712
0.6660833333333334,-0.002959647950436418
0.6661666666666667,-0.24137691826226085
0.66625,-0.07136184631429612
0.6663333333333333,0.1253406099578146
0.6664166666666667,0.07528615546177539
0.6665,-0.021334130161108928
0.6665833333333333,-0.06060456935098493
0.6666666666666666,-0.09166346182231509
0.66675,-0.16251923784092068
0.6668333333333333,-0.12736091380112538
0.6669166666666667,-0.15668022974300802
0.667,-0.10912430080953699
0.6670833333333334,-0.08997913656271503
0.6671666666666667,-0.12715110682523376
0.66725,0.04220358550772203
0.6673333333333333,-0.003990536554650545
0.6674166666666667,-0.06328591173572962
0.6675,-0.13409276625442715
0.6675833333333333,-0.24210437619403918
0.6676666666666666,0.0257571408813488
0.66775,0.173178418931925
0.6678333333333333,0.18236671058604625
0.6679166666666667,0.10786116160570133
0.668,-0.003933056104556276
0.6680833333333334,0.10710918866930479
0.6681666666666667,0.12584703274738177
0.66825,0.22809192419889152
0.6683333333333333,0.29708895622980847
0.6684166666666667,0.18305092710917106
0.6685,0.1326226107489122
0.6685833333333333,0.07496080038705186
0.6686666666666666,0.08345525138265456
0.66875,0.01496244447161228
0.6688333333333333,-0.0904191120686169
0.6689166666666667,-0.09943413581060656
0.669,-0.05611471193685441
0.6690833333333334,0.03392702951111053
0.6691666666666667,0.00246697439658816
0.66925,0.00853682071001882
0.6693333333333333,0.0023297386450265244
0.6694166666666667,-0.12755799588140165
0.6695,-0.04798354656898121
0.6695833333333333,-0.009387527316659464
0.6696666666666666,-0.23015431221671748
0.66975,-0.21277956289141114
0.6698333333333333,-0.11513448187877079
0.6699166666666667,-0.18363026878130537
0.67,-0.03312362557414199
0.6700833333333334,0.04789992697106102
0.6701666666666667,0.014889941587092429
0.67025,0.13549366375741884
0.6703333333333333,0.055821176555230514
0.6704166666666667,0.0013443558664737437
0.6705,0.07252485706832368
0.6705833333333333,-0.009996689040311294
0.6706666666666666,-0.04136501423946767
0.67075,0.011274371888637226
0.6708333333333333,0.08728153819962618
0.6709166666666667,0.1511042575250546
0.671,0.17001809000456847
0.6710833333333334,0.12472233108169037
0.6711666666666667,-0.00872061050288771
0.67125,-0.031368150003539624
0.6713333333333333,0.07799902506389897
0.6714166666666667,0.06920414580074284
0.6715,-0.018658387731727896
0.6715833333333333,0.00886561415764145
0.6716666666666666,-0.0648371694565613
0.67175,-0.1263461898124962
0.6718333333333333,-0.03577237958778579
0.6719166666666667,-0.1552520455112946
0.672,-0.17906181143772532
0.6720833333333334,-0.04384477837219535
0.6721666666666667,-0.14837061534946813
0.67225,-0.24573460638579595
0.6723333333333333,-0.175869321423779
0.6724166666666667,-0.09935381470271873
0.6725,-0.19932207848569586
0.6725833333333333,-0.25933430790354356
0.6726666666666666,-0.08113179071262586
0.67275,-0.05810308833524498
0.6728333333333333,0.02742009871259625
0.6729166666666667,0.16885126502944206
0.673,0.02077009435876141
0.6730833333333334,0.1559303611952712
0.6731666666666667,0.15550142612913267
0.67325,-0.14669267923531268
0.6733333333333333,0.03255151657842577
0.6734166666666667,0.08429627754228745
0.6735,0.02231511881833261
0.6735833333333333,0.16940151172492698
0.6736666666666666,0.21359575756301966
0.67375,0.3598212228917637
0.6738333333333333,0.2903683226515451
0.6739166666666667,0.12523119778971434
0.674,0.052148807686424166
0.6740833333333334,-0.08548924735373119
0.6741666666666667,0.0829311063931485
0.67425,0.18864069622089097
0.6743333333333333,0.2708305792117907
0.6744166666666667,0.42539817274873926
0.6745,0.1222342730894149
0.6745833333333333,-0.1604742716114608
0.6746666666666666,-0.2317322485502036
0.67475,-0.22117327023562167
0.6748333333333333,-0.005062594170507634
0.6749166666666667,0.05374091675052535
0.675,0.06070960760875975
0.6750833333333334,0.12816043311558448
0.6751666666666667,-0.02109013026613749
0.67525,-0.05671694354163924
0.6753333333333333,-0.06181392784579896
0.6754166666666667,-0.13453565617529942
0.6755,0.13215146512752193
0.6755833333333333,0.12655800909171275
0.6756666666666666,-0.09487291611730815
0.67575,-0.0020730819914857885
0.6758333333333333,-0.19712641076692777
0.6759166666666667,-0.3067958364434107
0.676,-0.11963416780046202
0.6760833333333334,-0.0926329015554408
0.6761666666666667,0.17074268114587263
0.67625,0.32201925598887665
0.6763333333333333,0.1787827784186273
0.6764166666666667,0.0721249510962381
0.6765,-0.2612214408102195
0.6765833333333333,-0.3712120778825057
0.6766666666666666,-0.27047758221496326
0.67675,-0.4059100262262475
0.6768333333333333,-0.2268525600108413
0.6769166666666667,0.06872071419505792
0.677,0.04440175322275755
0.6770833333333334,0.13823182833643474
0.6771666666666667,0.21242733662016125
0.67725,0.04018066832420853
0.6773333333333333,0.06301499614010644
0.6774166666666667,0.04227016941114048
0.6775,-0.11425631565399261
0.6775833333333333,0.08094157761153246
0.6776666666666666,0.12543909804419348
0.67775,0.06137059541066348
0.6778333333333333,0.18613445813571775
0.6779166666666666,0.08455834801862128
0.678,0.13346073702503355
0.6780833333333334,0.22016902136067973
0.6781666666666667,0.15480088558944494
0.67825,0.19688559614396933
0.6783333333333333,0.20997421749200634
0.6784166666666667,0.41021016083936934
0.6785,0.31467286671732586
0.6785833333333333,0.071591624464926
0.6786666666666666,0.2431912507003197
0.67875,0.033824830218753155
0.6788333333333333,-0.16343583348520324
0.6789166666666666,-0.18131308169215601
0.679,-0.26887467751320254
0.6790833333333334,0.0994349546496251
0.6791666666666667,0.17006682460979858
0.67925,0.05270563289523541
0.6793333333333333,0.12854361375922083
0.6794166666666667,-0.09966409024317337
0.6795,-0.22803599639730757
0.6795833333333333,-0.39164411577939623
0.6796666666666666,-0.39014873454880655
0.67975,-0.10986082807348929
0.6798333333333333,-0.1918384578768913
0.6799166666666666,-0.07979718219749111
0.68,0.0226726400818757
0.6800833333333334,-0.029214476946498567
0.6801666666666667,0.22157418010358335
0.68025,0.09996736207377967
0.6803333333333333,-0.023798679342544777
0.6804166666666667,-0.026681862994505156
0.6805,-0.1608364488951005
0.6805833333333333,0.1646654938646421
0.6806666666666666,0.17909264015936052
0.68075,-0.09310824278546656
0.6808333333333333,-0.10614983531874835
0.6809166666666666,-0.38412596634375196
0.681,-0.4058838971304758
0.6810833333333334,-0.15561364334557368
0.6811666666666667,-0.1056025356048587
0.68125,0.0838484117061318
0.6813333333333333,0.11773424354717621
0.6814166666666667,-0.05956330289117344
0.6815,-0.0045863119148742745
0.6815833333333333,-0.08798920568067217
0.6816666666666666,-0.2938597847622191
0.68175,-0.2019752786720418
0.6818333333333333,-0.22711576095694827
0.6819166666666666,-0.3229220219545118
0.682,-0.11552464848091783
0.6820833333333334,0.089019800428066
0.6821666666666667,0.16201887361704262
0.68225,0.09873783933652563
0.6823333333333333,0.04188471979655093
0.6824166666666667,0.04391821750693586
0.6825,-0.019290357878180495
0.6825833333333333,0.14227179950154453
0.6826666666666666,0.247674346816435
0.68275,0.13540189004272865
0.6828333333333333,0.19090276070368642
0.6829166666666666,0.23090433659342066
0.683,0.2228451114142517
0.6830833333333334,0.17223652967511618
0.6831666666666667,0.11299158238906425
0.68325,0.11437036204761448
0.6833333333333333,-0.06348208800197985
0.6834166666666667,0.004059376820750091
0.6835,0.2685673599676237
0.6835833333333333,0.14912930290765625
0.6836666666666666,0.02781620117229489
0.68375,-0.08967918193729818
0.6838333333333333,-0.2337619534683271
0.6839166666666666,-0.07410384010053915
0.684,-0.05147529502568648
0.6840833333333334,-0.019752873019479807
0.6841666666666667,0.13451707162250526
0.68425,-0.14876765781865653
0.6843333333333333,-0.24029095307437517
0.6844166666666667,-0.01918402087632202
0.6845,-0.171693009403042
0.6845833333333333,-0.18365496318024127
0.6846666666666666,-0.029479065553933183
0.68475,-0.037435039130932816
0.6848333333333333,0.16112943245169078
0.6849166666666666,0.33590441909811586
0.685,0.34231259408310954
0.6850833333333334,0.36699069955538893
0.6851666666666667,0.2513663493957645
0.68525,0.06697895621871439
0.6853333333333333,0.049256438884766676
0.6854166666666667,0.04781118809100554
0.6855,-0.07815209820737225
0.6855833333333333,-0.029874089882685164
0.6856666666666666,0.12309723936300362
0.68575,0.17670659244389839
0.6858333333333333,0.06188549172372653
0.6859166666666666,-0.19794374602937703
0.686,-0.11918577683120281
0.6860833333333334,-0.020449633947545908
0.6861666666666667,-0.10634093264821218
0.68625,0.03245464934564736
0.6863333333333334,-0.08424339537783498
0.6864166666666667,-0.4040778303428419
0.6865,-0.3911377369729916
0.6865833333333333,-0.42284460998883233
0.6866666666666666,-0.503292688756598
0.68675,-0.10951309296521158
0.6868333333333333,0.08813794028779696
0.6869166666666666,-0.04528352223401826
0.687,0.15788496486513898
0.6870833333333334,-0.010723256767262256
0.6871666666666667,-0.2724706141777215
0.68725,-0.32563598098931085
0.6873333333333334,-0.4626200485719759
0.6874166666666667,0.005936940951409937
0.6875,0.23741530286440746
0.6875833333333333,0.15776106514602145
0.6876666666666666,0.3004084813566126
0.68775,0.020941433321851978
0.6878333333333333,0.010623005732920516
0.6879166666666666,0.09634530972226023
0.688,-0.05807622536818825
0.6880833333333334,0.11965942330221756
0.6881666666666667,0.15586559828576504
0.68825,0.12177841787367483
0.6883333333333334,0.06947613633378893
0.6884166666666667,-0.056111159902093165
0.6885,-0.013460790209225972
0.6885833333333333,-0.19927708771495647
0.6886666666666666,-0.22700810964721593
0.68875,0.04657981214809056
0.6888333333333333,0.09192991010228613
0.6889166666666666,0.19974194706439258
0.689,0.22133970853508544
0.6890833333333334,-0.17464962855329216
0.6891666666666667,-0.43814072743042637
0.68925,-0.2769940966013754
0.6893333333333334,-0.0931815891785695
0.6894166666666667,0.057383693572389566
0.6895,0.3251047749596959
0.6895833333333333,0.19425123200443095
0.6896666666666667,-0.21855772748746893
0.68975,-0.12545499019791254
0.6898333333333333,0.02125488343049515
0.6899166666666666,-0.10782486448677042
0.69,0.042848217712674316
0.6900833333333334,0.25461538291491714
0.6901666666666667,0.27846657726620805
0.69025,0.19517320724613116
0.6903333333333334,0.008366908208029008
0.6904166666666667,-0.09125739351151528
0.6905,-0.1164859521462842
0.6905833333333333,0.0009091468083613495
0.6906666666666667,0.13766523005975484
0.69075,0.06623746886141263
0.6908333333333333,-0.014335874139598451
0.6909166666666666,-0.08798452388914937
0.691,-0.2655148425238997
0.6910833333333334,-0.4777126363584963
0.6911666666666667,-0.37825437134691126
0.69125,-0.10326841100531552
0.6913333333333334,0.08217027713236609
0.6914166666666667,0.31174029511460977
0.6915,0.1348024590126038
0.6915833333333333,-0.1458959104207742
0.6916666666666667,-0.11268912116810008
0.69175,-0.2067818620983072
0.6918333333333333,-0.15122455606764837
0.6919166666666666,0.04673232113891861
0.692,0.1107447876109381
0.6920833333333334,0.154741328870469
0.6921666666666667,0.14496711871898846
0.69225,0.07905666959294462
0.6923333333333334,-0.03635561582156423
0.6924166666666667,-0.14768507020758417
0.6925,-0.16777660282117612
0.6925833333333333,-0.06928161041083597
0.6926666666666667,0.02157250521035443
0.69275,0.20381285580671002
0.6928333333333333,0.3235094101463488
0.6929166666666666,0.14765083007281485
0.693,0.12771901657917353
0.6930833333333334,-0.04391559757076482
0.6931666666666667,-0.31874020423233307
0.69325,-0.01476829455646539
0.6933333333333334,0.22565274244413644
0.6934166666666667,0.19783430623510162
0.6935,0.11392965357598918
0.6935833333333333,-0.20533096821087726
0.6936666666666667,-0.2940686298619081
0.69375,-0.25128464020729857
0.6938333333333333,-0.2811854438087612
0.6939166666666666,-0.10576009207177542
0.694,-0.03619549529671068
0.6940833333333334,0.062474918750889244
0.6941666666666667,0.257295415885843
0.69425,0.15724944462883475
0.6943333333333334,0.07987616214133966
0.6944166666666667,0.10315987676348959
0.6945,0.03747699226637349
0.6945833333333333,-0.03494676221528879
0.6946666666666667,-0.045727334808490394
0.69475,0.09416130645109312
0.6948333333333333,0.1408854954020241
0.6949166666666666,0.02425728304035298
0.695,0.02552532867365877
0.6950833333333334,0.07685555123705051
0.6951666666666667,0.04940025249138499
0.69525,0.07501245749666903
0.6953333333333334,0.13759300111792397
0.6954166666666667,0.03552037300866033
0.6955,0.11253607558422399
0.6955833333333333,0.2817737813799028
0.6956666666666667,0.12061054437850854
0.69575,0.15375473252790553
0.6958333333333333,0.16130879256955674
0.6959166666666666,-0.04535341304858096
0.696,-0.08424728919686303
0.6960833333333334,-0.25260537078670775
0.6961666666666667,-0.1948332594447538
0.69625,0.03133048728052829
0.6963333333333334,-0.04610896186397723
0.6964166666666667,-0.03410149906792424
0.6965,0.029727265751001795
0.6965833333333333,0.03106817420067718
0.6966666666666667,-0.008747643191326843
0.69675,-0.16698334117004485
0.6968333333333333,-0.11470367977297632
0.6969166666666666,0.07882118098339924
0.697,-0.0007475208682162314
0.6970833333333334,-0.10294542801089336
0.6971666666666667,-0.0798764109579975
0.69725,-0.09497395214867764
0.6973333333333334,-0.061453930756561005
0.6974166666666667,-0.0027986851663294823
0.6975,0.1928374537464744
0.6975833333333333,0.2737247096486788
0.6976666666666667,0.18797467412124183
0.69775,0.3062092050834317
0.6978333333333333,0.07553087108264897
0.6979166666666666,-0.0834909874066816
0.698,0.09380817687165174
0.6980833333333333,-0.10352260467658723
0.6981666666666667,-0.006166969361892151
0.69825,0.05948020285897841
0.6983333333333334,-0.20216674002674756
0.6984166666666667,-0.072063284000095
0.6985,-0.021640312937244024
0.6985833333333333,0.02742293077397754
0.6986666666666667,0.06351484988872702
0.69875,-0.11562920626233891
0.6988333333333333,-0.1456864500785237
0.6989166666666666,-0.1708416172189727
0.699,0.0009677595644846918
0.6990833333333333,0.20052415967158727
0.6991666666666667,0.05260220647872632
0.69925,-0.131408983555004
0.6993333333333334,-0.23205690434389634
0.6994166666666667,-0.25533088365026363
0.6995,-0.09993239443507654
0.6995833333333333,0.1267969515928113
0.6996666666666667,0.022410327401573973
0.69975,-0.05659931378508197
0.6998333333333333,0.11447013562664356
0.6999166666666666,-0.004101973087123125
0.7,-0.048325755504531595
0.7000833333333333,0.052543317062305056
0.7001666666666667,-0.030778406446098687
0.70025,-0.012204165230437524
0.7003333333333334,0.01964451623073392
0.7004166666666667,-0.016998358503589186
0.7005,0.11168325587894365
0.7005833333333333,0.2394123963505475
0.7006666666666667,0.16984320494572933
0.70075,0.2058291126428189
0.7008333333333333,0.16217603686855495
0.7009166666666666,0.024491408479179275
0.701,0.19111694209175373
0.7010833333333333,0.09214696033976308
0.7011666666666667,-0.02918288716714783
0.70125,0.0709849779482655
0.7013333333333334,-0.10633422088196012
0.7014166666666667,-0.05412262436743822
0.7015,0.027223982428941775
0.7015833333333333,-0.09247692433589927
0.7016666666666667,-0.12033805450823078
0.70175,-0.2150549233650179
0.7018333333333333,-0.09809833539223452
0.7019166666666666,0.09153120195032606
0.702,0.15458108429373382
0.7020833333333333,0.20584378015871177
0.7021666666666667,0.12231978445710552
0.70225,0.03723497120999809
0.7023333333333334,-0.06792591891412451
0.7024166666666667,-0.05486641322529817
0.7025,0.028063093668096842
0.7025833333333333,-0.21078025705899
0.7026666666666667,-0.29530750049379717
0.70275,-0.11332271415958885
0.7028333333333333,-0.10341733065478641
0.7029166666666666,0.035736225014977814
0.703,0.15439643426919683
0.7030833333333333,-0.12851740743931914
0.7031666666666667,-0.21153869631132594
0.70325,-0.08784514471743955
0.7033333333333334,-0.15174121248395897
0.7034166666666667,0.09845219027598048
0.7035,0.29475339430937
0.7035833333333333,0.03965507231718346
0.7036666666666667,-0.09862132158328164
0.70375,-0.2737087449482336
0.7038333333333333,-0.2592240802802072
0.7039166666666666,-0.024719017153751927
0.704,0.034336167836894096
0.7040833333333333,0.194948841489453
0.7041666666666667,0.19678669029389206
0.70425,0.25853101142219537
0.7043333333333334,0.3016656467426637
0.7044166666666667,-0.0226819424673039
0.7045,-0.011421979561868871
0.7045833333333333,-0.03482546406690075
0.7046666666666667,-0.16583380626810143
0.70475,0.11190365563330318
0.7048333333333333,0.24365878359285487
0.7049166666666666,0.17513146318628578
0.705,0.13305530356088338
0.7050833333333333,-0.10220890777582756
0.7051666666666667,-0.2413218053304936
0.70525,-0.017896101787126948
0.7053333333333334,-0.04019325930323717
0.7054166666666667,-0.1239362114581848
0.7055,0.04946966994252547
0.7055833333333333,-0.13122081872830035
0.7056666666666667,-0.17215762865799353
0.70575,-0.0727291964055172
0.7058333333333333,-0.15711468645917015
0.7059166666666666,0.07267446686085095
0.706,0.026491151726124255
0.7060833333333333,-0.013032349718543718
0.7061666666666667,0.29811390978693353
0.70625,0.23591328092700073
0.7063333333333334,0.1903534481002908
0.7064166666666667,0.08994155523978861
0.7065,-0.1410499174056364
0.7065833333333333,-0.05633376568927457
0.7066666666666667,0.038998364928288745
0.70675,0.23194674417087344
0.7068333333333333,0.44927339720299747
0.7069166666666666,0.31909177563480706
0.707,0.10103537987275603
0.7070833333333333,0.008576387189460438
0.7071666666666667,-0.03832292021982794
0.70725,-0.04276738167757814
0.7073333333333334,0.12981569361985726
0.7074166666666667,0.20975338988674402
0.7075,0.1607557107118686
0.7075833333333333,0.333878581855884
0.7076666666666667,0.2893116340461812
0.70775,0.1069988433461692
0.7078333333333333,0.13335880887822182
0.7079166666666666,-0.09002858348096623
0.708,-0.21216077700005706
0.7080833333333333,-0.1938165683210947
0.7081666666666667,-0.2996913574381798
0.70825,-0.13481506516460032
0.7083333333333334,-0.17922376546678537
0.7084166666666667,-0.29940099847714524
0.7085,-0.15312029902178087
0.7085833333333333,-0.23635517431525915
0.7086666666666667,-0.25190361016698837
0.70875,-0.13352511917277535
0.7088333333333333,-0.1868075621157375
0.7089166666666666,-0.3079118026682691
0.709,-0.16079890356108487
0.7090833333333333,-0.014346313227609807
0.7091666666666666,-0.1963375344474896
0.70925,-0.08986059998423518
0.7093333333333334,-0.08689205086434734
0.7094166666666667,-0.25026850937915995
0.7095,-0.10533208515954119
0.7095833333333333,-0.17074418009502004
0.7096666666666667,-0.08194620862400262
0.70975,0.036514280977463724
0.7098333333333333,-0.022851470871465638
0.7099166666666666,0.2498959397186675
0.71,0.20256078242411069
0.7100833333333333,0.0738642784161259
0.7101666666666666,0.1685194823955633
0.71025,-0.04016682078826216
0.7103333333333334,-0.039530523429900315
0.7104166666666667,0.02559855250023892
0.7105,-0.0787233895414513
0.7105833333333333,0.03901851398261306
0.7106666666666667,0.11710871138085199
0.71075,0.11728621733881815
0.7108333333333333,0.14357016523856264
0.7109166666666666,0.0944153546261188
0.711,-0.03231056338301703
0.7110833333333333,-0.07209814612633719
0.7111666666666666,0.03577149062998885
0.71125,0.11114282816433
0.7113333333333334,0.23331082318205873
0.7114166666666667,0.23990191063355573
0.7115,0.026587467329723138
0.7115833333333333,-0.06176138069086899
0.7116666666666667,-0.08196806995870656
0.71175,0.002975851148443901
0.7118333333333333,0.16809146779022752
0.7119166666666666,0.12114835980978772
0.712,0.09360359268707913
0.7120833333333333,0.08547231952597922
0.7121666666666666,0.07100828020229051
0.71225,0.11555590322218275
0.7123333333333334,0.0635863027929424
0.7124166666666667,0.2043929927257336
0.7125,0.2437699108477723
0.7125833333333333,0.09843678928459032
0.7126666666666667,0.24856895037099178
0.71275,0.17104821278224858
0.7128333333333333,-0.07178937225382961
0.7129166666666666,-0.13239169777343404
0.713,-0.30440908935217514
0.7130833333333333,-0.34674528766959145
0.7131666666666666,-0.2401390540729552
0.71325,-0.1833800403503647
0.7133333333333334,-0.07306586585832345
0.7134166666666667,-0.014236787975474835
0.7135,-0.03762072923917579
0.7135833333333333,-0.11014973675482007
0.7136666666666667,-0.2836246335411202
0.71375,-0.2891324540633892
0.7138333333333333,-0.18458795658990126
0.7139166666666666,-0.27671689101495583
0.714,-0.2105740165094289
0.7140833333333333,-0.07034936528265599
0.7141666666666666,-0.07846151505045834
0.71425,-0.029287055827583435
0.7143333333333334,-0.24643485245905292
0.7144166666666667,-0.43206468916478746
0.7145,-0.1349507479839903
0.7145833333333333,0.038196874732981896
0.7146666666666667,0.06143156343730316
0.71475,0.25573612216269415
0.7148333333333333,0.24095566909600216
0.7149166666666666,0.038058093021069744
0.715,-0.06949876573012101
0.7150833333333333,-0.11758409214691565
0.7151666666666666,-0.005748889005952008
0.71525,0.060376071546249355
0.7153333333333334,0.10543745295464987
0.7154166666666667,0.22146640894229586
0.7155,0.006751765786811145
0.7155833333333333,0.0013341958245267384
0.7156666666666667,0.06492217566617536
0.71575,-0.3149563809001877
0.7158333333333333,-0.19424101661274773
0.7159166666666666,0.06949986775633955
0.716,0.0850659946052318
0.7160833333333333,0.4155630017384589
0.7161666666666666,0.3470704143718139
0.71625,-0.0004952442498526705
0.7163333333333334,0.05416045625843639
0.7164166666666667,0.017391469900513375
0.7165,0.12497344125407286
0.7165833333333333,0.5182699025887213
0.7166666666666667,0.43962215143748185
0.71675,0.2051076131331061
0.7168333333333333,0.04758540819853767
0.7169166666666666,-0.22240146930761712
0.717,-0.141149090650288
0.7170833333333333,0.023190996016909615
0.7171666666666666,0.05316652775524794
0.71725,0.1589029035899088
0.7173333333333334,0.12561124140760407
0.7174166666666667,0.12651394126260063
0.7175,0.11283668416335756
0.7175833333333334,-0.09773082129803107
0.7176666666666667,-0.24230203097431244
0.71775,-0.25806606692810236
0.7178333333333333,-0.16404889882189672
0.7179166666666666,0.028540240510589645
0.718,0.19186885670816753
0.7180833333333333,0.08608387637539222
0.7181666666666666,-0.1275868258104291
0.71825,-0.17681707693142804
0.7183333333333334,-0.26372287708619846
0.7184166666666667,-0.1859434047420801
0.7185,-0.0666961734476423
0.7185833333333334,-0.15832775881649305
0.7186666666666667,-0.011119122560447713
0.71875,-0.07632947782225415
0.7188333333333333,-0.20635103542374914
0.7189166666666666,0.11621449267531797
0.719,-0.10967469280453798
0.7190833333333333,-0.30251491687104404
0.7191666666666666,0.12835525887565122
0.71925,0.023324268288360494
0.7193333333333334,-0.07546160813766534
0.7194166666666667,0.041034572991443904
0.7195,-0.276518134651822
0.7195833333333334,-0.29953583181807086
0.7196666666666667,-0.1986924091363889
0.71975,-0.3108364134902202
0.7198333333333333,-0.21561786855428175
0.7199166666666666,-0.08345256034573494
0.72,0.05881601012162774
0.7200833333333333,-0.023386180959303053
0.7201666666666666,-0.23513455783644427
0.72025,-0.04816895500997079
0.7203333333333334,0.032496504859095734
0.7204166666666667,-0.20583701380914635
0.7205,-0.19414636291326
0.7205833333333334,0.019734013296092614
0.7206666666666667,0.08861768876504653
0.72075,0.07629539217425188
0.7208333333333333,0.03125794977395959
0.7209166666666667,0.04194065526348591
0.721,0.16862168871842734
0.7210833333333333,0.14237367060132344
0.7211666666666666,0.039279655747113645
0.72125,0.16338759432297822
0.7213333333333334,0.3049467789886156
0.7214166666666667,0.2655148583055036
0.7215,0.29056574073043073
0.7215833333333334,0.2478576145161811
0.7216666666666667,0.17483399895635318
0.72175,0.1642902802467771
0.7218333333333333,-0.10670488899324804
0.7219166666666667,-0.0892768229533092
0.722,0.06413192139408674
0.7220833333333333,-0.06354963620583981
0.7221666666666666,0.1943307482485491
0.72225,0.35606865963193723
0.7223333333333334,0.15128714741972513
0.7224166666666667,0.06838415861640451
0.7225,-0.019920454417441776
0.7225833333333334,0.0020466748577349213
0.7226666666666667,0.02520070869054399
0.72275,0.05625792345755021
0.7228333333333333,0.07806525448883789
0.7229166666666667,-0.187829870777222
0.723,-0.029119114135178998
0.7230833333333333,0.2148931508843152
0.7231666666666666,0.005681685617484238
0.72325,0.08864007701810261
0.7233333333333334,-0.0022069548568157144
0.7234166666666667,-0.09013615707562084
0.7235,0.21426429189802101
0.7235833333333334,0.18841650888607345
0.7236666666666667,0.22293129232595948
0.72375,0.22034806983073776
0.7238333333333333,0.12669632563629776
0.7239166666666667,0.17783082249787568
0.724,-0.06673722608466932
0.7240833333333333,-0.13127913473884284
0.7241666666666666,-0.14416496887002048
0.72425,-0.3201035472168937
0.7243333333333334,-0.2512423340339905
0.7244166666666667,-0.17516096393689776
0.7245,-0.055676653694192446
0.7245833333333334,0.06378645119753659
0.7246666666666667,0.1011926909415728
0.72475,0.022638631851962028
0.7248333333333333,-0.16947609337936761
0.7249166666666667,-0.1592368467900023
0.725,-0.15966460304030974
0.7250833333333333,-0.233350505955866
0.7251666666666666,-0.16016614992013034
0.72525,-0.051089912090681554
0.7253333333333334,-0.04912824859949104
0.7254166666666667,-0.1713532319541283
0.7255,-0.30239434687496614
0.7255833333333334,-0.29262231087738916
0.7256666666666667,-0.1402014745740467
0.72575,-0.03692900211350303
0.7258333333333333,0.08506188613781242
0.7259166666666667,0.15809415184143796
0.726,0.04342535308548181
0.7260833333333333,0.062228078623310826
0.7261666666666666,0.049289966299045036
0.72625,-0.05905391363917184
0.7263333333333334,0.13036490286478705
0.7264166666666667,0.1946817577177886
0.7265,0.10429306839266012
0.7265833333333334,0.2500428511078884
0.7266666666666667,0.14252908266075234
0.72675,0.049165056144205896
0.7268333333333333,0.14690629854889095
0.7269166666666667,0.009635472962144889
0.727,0.14654074973732506
0.7270833333333333,0.20173115817939544
0.7271666666666666,0.042532113613084024
0.72725,0.2447001805355503
0.7273333333333334,0.19988333282762347
0.7274166666666667,0.023433922860273095
0.7275,-0.007476051370867433
0.7275833333333334,-0.1054927819157364
0.7276666666666667,0.02206923687344957
0.72775,0.15810620230611747
0.7278333333333333,0.12437706581829176
0.7279166666666667,0.09127366268653433
0.728,0.07119720149340303
0.7280833333333333,0.046971026259181266
0.7281666666666666,-0.03140598130654279
0.72825,-0.13641592208861694
0.7283333333333334,-0.13370046019469
0.7284166666666667,-0.09188110327781028
0.7285,-0.29703429254741
0.7285833333333334,-0.20303857108492712
0.7286666666666667,0.15131221106729634
0.72875,0.04715079159179163
0.7288333333333333,0.07841434608057068
0.7289166666666667,-0.05276571946293179
0.729,-0.4929498423842421
0.7290833333333333,-0.26986337956356254
0.7291666666666666,-0.07960724093374316
0.72925,-0.26567269027609025
0.7293333333333333,-0.18324581851617774
0.7294166666666667,-0.041080406762100063
0.7295,-0.007367367555041863
0.7295833333333334,0.13895965173922223
0.7296666666666667,0.2917062484188645
0.72975,0.2472775267190966
0.7298333333333333,0.16673456567492256
0.7299166666666667,0.1739330298027836
0.73,0.23408791265365775
0.7300833333333333,0.17927473160780205
0.7301666666666666,0.005408815894179813
0.73025,-0.10924815522406259
0.7303333333333333,-0.2566994374842775
0.7304166666666667,-0.2900125045101434
0.7305,-0.2052310223992969
0.7305833333333334,-0.16078433548372426
0.7306666666666667,0.01128115023810969
0.73075,0.08666250390747925
0.7308333333333333,0.03308637603052672
0.7309166666666667,0.055220274123523275
0.731,0.06259428776087048
0.7310833333333333,0.07184410490545236
0.7311666666666666,-0.05644389328723309
0.73125,-0.15752785878019046
0.7313333333333333,-0.10586503251194503
0.7314166666666667,-0.17780457659652504
0.7315,-0.13663494922710454
0.7315833333333334,0.007148730292915734
0.7316666666666667,-0.007754310261979645
0.73175,0.038810507188338485
0.7318333333333333,0.13280695227401126
0.7319166666666667,0.05898231988814045
0.732,0.06161324063945685
0.7320833333333333,0.12027586657434823
0.7321666666666666,0.06274151860606637
0.73225,0.25547114254733105
0.7323333333333333,0.3397297057023011
0.7324166666666667,0.1908311459858873
0.7325,0.22217846709655492
0.7325833333333334,-0.002387528470491911
0.7326666666666667,-0.141200382336323
0.73275,0.09004833255383853
0.7328333333333333,0.160810255799301
0.7329166666666667,0.18167183231522777
0.733,0.12052837415758118
0.7330833333333333,-0.07327066288478684
0.7331666666666666,-0.21721052496545395
0.73325,-0.24787972501514283
0.7333333333333333,-0.19852246449016045
0.7334166666666667,-0.15646984213211407
0.7335,-0.034705811785578994
0.7335833333333334,-0.029038251081352735
0.7336666666666667,-0.037671710025114484
0.73375,0.06000369066779675
0.7338333333333333,-0.032313018539584425
0.7339166666666667,-0.1288673742440931
0.734,-0.1210227171074296
0.7340833333333333,0.046676688073812894
0.7341666666666666,0.11987552106092422
0.73425,-0.029645745417031202
0.7343333333333333,0.06080848706544252
0.7344166666666667,0.09141817850627904
0.7345,0.0266596738903161
0.7345833333333334,0.020711882515266657
0.7346666666666667,0.00496560570761175
0.73475,0.1666412493729726
0.7348333333333333,0.24209352936089157
0.7349166666666667,0.2602781995179312
0.735,0.24982376577277815
0.7350833333333333,0.1411804348336772
0.7351666666666666,0.07604450180476932
0.73525,-0.0272349907386585
0.7353333333333333,-0.09743482258330713
0.7354166666666667,-0.0900423733819924
0.7355,-0.03660098340445003
0.7355833333333334,-0.07501824032994081
0.7356666666666667,0.06999149073588902
0.73575,0.18603253179247373
0.7358333333333333,-0.2107678469744915
0.7359166666666667,-0.3462651504262295
0.736,-0.3537155898520432
0.7360833333333333,-0.3422045421399938
0.7361666666666666,-0.046681031151041
0.73625,0.06434717404341532
0.7363333333333333,0.21455979275593118
0.7364166666666667,0.1386874237539714
0.7365,-0.01784721442804535
0.7365833333333334,-0.008213587334624736
0.7366666666666667,-0.1773784567199705
0.73675,-0.004554774501769708
0.7368333333333333,0.022903988180354325
0.7369166666666667,-0.09597736130175406
0.737,0.16444602976287737
0.7370833333333333,0.09008921579845575
0.7371666666666666,-0.08667577534711898
0.73725,-0.3147550664761004
0.7373333333333333,-0.5994584792631914
0.7374166666666667,-0.40700471213522504
0.7375,-0.24428304615430313
0.7375833333333334,-0.006879114199325029
0.7376666666666667,0.2605127681932823
0.73775,0.1144637445451771
0.7378333333333333,0.19288171969509432
0.7379166666666667,0.215982784083603
0.738,0.04844272020484699
0.7380833333333333,0.13643976132641292
0.7381666666666666,-0.007974578562002047
0.73825,-0.1435138068292857
0.7383333333333333,-0.04877708291586535
0.7384166666666667,0.060507444096380286
0.7385,0.23911489620791374
0.7385833333333334,0.23962782350051065
0.7386666666666667,0.2764493308898711
0.73875,0.2587391768309226
0.7388333333333333,0.14479746842020105
0.7389166666666667,0.3033511264931348
0.739,0.3101297173455396
0.7390833333333333,0.27630690562240684
0.7391666666666666,0.22259464765347117
0.73925,-0.06896150268158845
0.7393333333333333,-0.08695983171853341
0.7394166666666667,-0.08534107360131742
0.7395,-0.19855447786391797
0.7395833333333334,-0.06653924045273699
0.7396666666666667,-0.06138777170922527
0.73975,-0.23726490496762606
0.7398333333333333,-0.17109753993628088
0.7399166666666667,-0.07329188227067909
0.74,-0.14554792407406195
0.7400833333333333,-0.052725654290811115
0.7401666666666666,0.10539306615885836
0.74025,0.0937328508275245
0.7403333333333333,0.05159281696621251
0.7404166666666666,0.019565034787808477
0.7405,-0.02927365317466356
0.7405833333333334,-0.08854637842967458
0.7406666666666667,-0.043261617850285566
0.74075,-0.008707518914121309
0.7408333333333333,-0.061728121312759385
0.7409166666666667,0.10865802277534925
0.741,0.19592740178368986
0.7410833333333333,0.003280173973133892
0.7411666666666666,-0.10623297576228936
0.74125,-0.19588836988352534
0.7413333333333333,-0.1127778275909063
0.7414166666666666,0.05597510539698395
0.7415,-0.028541442444884966
0.7415833333333334,0.03280656113428951
0.7416666666666667,0.12109934765894202
0.74175,0.025422336555607876
0.7418333333333333,0.02178704561583179
0.7419166666666667,-0.10968330061346143
0.742,-0.2164167834850273
0.7420833333333333,-0.17456323776686727
0.7421666666666666,-0.2208882032759244
0.74225,-0.217182099521538
0.7423333333333333,-0.24995750450272494
0.7424166666666666,-0.06140559440999206
0.7425,0.080719141589882
0.7425833333333334,-0.19682117104675703
0.7426666666666667,-0.0013683349336024806
0.74275,0.21666815993986313
0.7428333333333333,0.18807973564158037
0.7429166666666667,0.4711621559950173
0.743,0.39593283522694145
0.7430833333333333,0.25150710594555015
0.7431666666666666,0.25856056408288275
0.74325,-0.006920286548418463
0.7433333333333333,-0.17461114391324195
0.7434166666666666,-0.127063894372
0.7435,0.10514102919418788
0.7435833333333334,0.18350753742724094
0.7436666666666667,0.1325671429462649
0.74375,0.34260218356835426
0.7438333333333333,0.4131570407600886
0.7439166666666667,0.2983725013309706
0.744,0.03621864163562342
0.7440833333333333,-0.3240709913855395
0.7441666666666666,-0.31160086983799296
0.74425,-0.17874151819937362
0.7443333333333333,-0.15049352776797711
0.7444166666666666,-0.0002595756685735679
0.7445,0.042772989147638024
0.7445833333333334,-0.12121156676232789
0.7446666666666667,-0.2880930131131947
0.74475,-0.43794738480460693
0.7448333333333333,-0.3869174449334726
0.7449166666666667,-0.23012034500350986
0.745,-0.21723854829810074
0.7450833333333333,-0.11981213647757985
0.7451666666666666,0.04722264777126013
0.74525,0.10289671515318784
0.7453333333333333,-0.05466112227298181
0.7454166666666666,-0.20765894728446338
0.7455,-0.21283303595440506
0.7455833333333334,-0.1990885893174476
0.7456666666666667,0.18604844024866338
0.74575,0.38942181048177343
0.7458333333333333,0.1205891046650147
0.7459166666666667,0.05168420228789787
0.746,-0.28830213968213336
0.7460833333333333,-0.741979855569568
0.7461666666666666,-0.6450540068130994
0.74625,-0.27073830518821046
0.7463333333333333,0.12029291960096836
0.7464166666666666,0.29378627086778997
0.7465,0.3313821517038904
0.7465833333333334,0.2583163784486093
0.7466666666666667,-0.0016929065826193166
0.74675,-0.12116202364524192
0.7468333333333333,-0.18800832156872793
0.7469166666666667,-0.15696583067337497
0.747,0.14329917616865964
0.7470833333333333,0.31960855371511954
0.7471666666666666,0.38004642165446917
0.74725,0.21838258676534011
0.7473333333333333,-0.18995048881563295
0.7474166666666666,-0.27136099466352726
0.7475,-0.22922493963752516
0.7475833333333334,-0.035012556853011446
0.7476666666666667,0.49527154467550194
0.74775,0.736401190662136
0.7478333333333333,0.5602899752946507
0.7479166666666667,0.23950471411438867
0.748,0.08211305981745426
0.7480833333333333,-0.009692281711137911
0.7481666666666666,-0.17226630503413343
0.74825,-0.050418507480883765
0.7483333333333333,0.03581429516567748
0.7484166666666666,0.07503177956853715
0.7485,0.27048247091954786
0.7485833333333334,0.1048189956810905
0.7486666666666667,-0.2102233671650299
0.74875,-0.3497490992971539
0.7488333333333334,-0.395080189115924
0.7489166666666667,-0.3016298907914774
0.749,-0.14832950987847443
0.7490833333333333,0.11607271383376097
0.7491666666666666,0.19106769128151274
0.74925,0.05212150990094785
0.7493333333333333,0.03320046857008749
0.7494166666666666,-0.16771432872244166
0.7495,-0.2395031816305033
0.7495833333333334,-0.009476578623254501
0.7496666666666667,0.015465621068607627
0.74975,0.028116156375550174
0.7498333333333334,-0.04948543277637193
0.7499166666666667,-0.3846917515077294
0.75,-0.4708357965363794
0.7500833333333333,-0.29435577544920954
0.7501666666666666,-0.13393494485817495
0.75025,0.04057502724932133
0.7503333333333333,0.13155842331309295
0.7504166666666666,0.22064269956963642
0.7505,0.31209897746976256
0.7505833333333334,0.17061446627869853
0.7506666666666667,-0.0043762267729188726
0.75075,-0.18629973072801023
0.7508333333333334,-0.29776600988750507
0.7509166666666667,-0.006843507113999331
0.751,0.24407737834320029
0.7510833333333333,0.1801663023838678
0.7511666666666666,0.16919661589714854
0.75125,-0.04708579766645535
0.7513333333333333,-0.3253223842638487
0.7514166666666666,-0.08891964574991168
0.7515,0.036284603986858156
0.7515833333333334,0.07825169293144571
0.7516666666666667,0.33779126493627376
0.75175,0.2573373470209547
0.7518333333333334,0.17549534378922496
0.7519166666666667,0.09849182132638912
0.752,-0.01884808141902965
0.7520833333333333,0.08774351601563199
0.7521666666666667,0.008695884061974564
0.75225,0.05163944349254631
0.7523333333333333,0.12645449662279015
0.7524166666666666,0.055180344045165364
0.7525,0.2353253856641274
0.7525833333333334,0.14593562422842618
0.7526666666666667,-0.08977391740711625
0.75275,-0.09534296191671819
0.7528333333333334,-0.04992760377383419
0.7529166666666667,0.19292588156667226
0.753,0.3367247839408945
0.7530833333333333,0.18215041202203633
0.7531666666666667,-0.06580400212201684
0.75325,-0.1475630729819001
0.7533333333333333,-0.05140345151662998
0.7534166666666666,-0.12055188424549254
0.7535,-0.10228357502894254
0.7535833333333334,-0.05130372451002804
0.7536666666666667,-0.15526402720020963
0.75375,-0.00024378532618705471
0.7538333333333334,0.057901118284075126
0.7539166666666667,-0.12903170536090203
0.754,-0.02931836728297407
0.7540833333333333,0.02212422019249075
0.7541666666666667,-0.1328140207828897
0.75425,0.02953245235886112
0.7543333333333333,0.14130230836790872
0.7544166666666666,-0.12176531068657795
0.7545,-0.22558654553165794
0.7545833333333334,-0.2126015479581016
0.7546666666666667,-0.2248590582682086
0.75475,-0.11711357300115703
0.7548333333333334,-0.08869508545747722
0.7549166666666667,-0.04008208776180017
0.755,-0.00853451113261009
0.7550833333333333,-0.15045081372699903
0.7551666666666667,0.0227240587742967
0.75525,0.23480364522995478
0.7553333333333333,0.12425893250133978
0.7554166666666666,0.19114148472833725
0.7555,0.06687064256104372
0.7555833333333334,-0.18167571149352085
0.7556666666666667,-0.0037765685838806688
0.75575,-0.04274894595548105
0.7558333333333334,-0.0967737426544211
0.7559166666666667,0.23000253350658598
0.756,0.19549347957420943
0.7560833333333333,0.07943548330803045
0.7561666666666667,0.2967701404912636
0.75625,0.15048844801746808
0.7563333333333333,-0.11203589229230779
0.7564166666666666,0.029330070539509503
0.7565,-0.0531192590729272
0.7565833333333334,-0.1825535274611519
0.7566666666666667,0.06465362204119474
0.75675,-0.010637927279365694
0.7568333333333334,-0.08021087454731461
0.7569166666666667,0.17216912676850984
0.757,-0.012836264513535074
0.7570833333333333,-0.12161073619911243
0.7571666666666667,-0.007078312166629826
0.75725,-0.019847216122479767
0.7573333333333333,0.10360583581790926
0.7574166666666666,-0.03238525965579508
0.7575,-0.001288829440655075
0.7575833333333334,0.07237979137088017
0.7576666666666667,-0.20923393107273083
0.75775,-0.04988364106292005
0.7578333333333334,-0.11968099870548639
0.7579166666666667,-0.2085892838526747
0.758,0.14444063520522746
0.7580833333333333,0.07370257688127012
0.7581666666666667,0.10228775370866663
0.75825,0.13320940883649887
0.7583333333333333,-0.07725340571049386
0.7584166666666666,-0.14589457577470197
0.7585,-0.20936629549178631
0.7585833333333334,0.043307320467123475
0.7586666666666667,0.24227866334577045
0.75875,0.10540784470644389
0.7588333333333334,-0.05609760140282408
0.7589166666666667,-0.22330498141612798
0.759,-0.2692563212337272
0.7590833333333333,-0.18776369464961887
0.7591666666666667,0.12320333181594866
0.75925,0.18857388459166952
0.7593333333333333,-0.006419519117647049
0.7594166666666666,-0.022191976029157002
0.7595,-0.15292532600340972
0.7595833333333334,0.07029910889386091
0.7596666666666667,0.22588570380117504
0.75975,-0.07957348210570991
0.7598333333333334,-0.031144038034422828
0.7599166666666667,-0.032141357794814314
0.76,0.22126787758177324
0.7600833333333333,0.5656351792585924
0.7601666666666667,0.12745063782288393
0.76025,0.06289865383452689
0.7603333333333333,0.05180235459604578
0.7604166666666666,-0.2383782551860745
0.7605,0.19804643581997508
0.7605833333333333,0.28760522307148306
0.7606666666666667,0.1413242776722698
0.76075,0.2816402902787763
0.7608333333333334,-0.034976000011343114
0.7609166666666667,-0.10101329770740912
0.761,-0.045454376616098024
0.7610833333333333,-0.07271894597504976
0.7611666666666667,0.0848652175219405
0.76125,-0.09886221546932343
0.7613333333333333,-0.0034640440176918422
0.7614166666666666,0.1251202086679421
0.7615,-0.14772607399270338
0.7615833333333333,-0.08827477641958455
0.7616666666666667,-0.2323834802407409
0.76175,-0.4299316410459894
0.7618333333333334,-0.07693681078694407
0.7619166666666667,0.09879530790827766
0.762,0.16631784889048043
0.7620833333333333,0.28445870823876135
0.7621666666666667,0.02360145730823886
0.76225,-0.255631540509371
0.7623333333333333,-0.36178261791227534
0.7624166666666666,-0.22931632582851794
0.7625,0.02389777480310737
0.7625833333333333,-0.08842418134485922
0.7626666666666667,0.08521263633535006
0.76275,0.23888310842055693
0.7628333333333334,-0.18821694986801393
0.7629166666666667,-0.15351961246058096
0.763,-0.2054184448697859
0.7630833333333333,-0.4268258594378205
0.7631666666666667,-0.06597102810868039
0.76325,0.03433273959862781
0.7633333333333333,0.040087410380453936
0.7634166666666666,0.06750477700503682
0.7635,-0.13965914100439014
0.7635833333333333,-0.21653266442190805
0.7636666666666667,-0.3240312518498214
0.76375,-0.21732747230712365
0.7638333333333334,-0.002996993243868191
0.7639166666666667,0.08111096873839692
0.764,0.2271537060975771
0.7640833333333333,0.17434610240901718
0.7641666666666667,0.05805527521606589
0.76425,-0.048391571539067375
0.7643333333333333,-0.22692689547200162
0.7644166666666666,-0.2618614097441318
0.7645,-0.01026202336609251
0.7645833333333333,0.37400171364969803
0.7646666666666667,0.4847628275853202
0.76475,0.5186853310884902
0.7648333333333334,0.43563770225521214
0.7649166666666667,0.07953747591802579
0.765,0.008923314933108866
0.7650833333333333,0.06261875283863558
0.7651666666666667,0.12985997530450197
0.76525,0.470533732464725
0.7653333333333333,0.5611147054657106
0.7654166666666666,0.41118170646508506
0.7655,0.3192957142776842
0.7655833333333333,0.06394457436659148
0.7656666666666667,-0.001526495328841004
0.76575,0.07223903705434213
0.7658333333333334,-0.07661349811169611
0.7659166666666667,-0.015557167389609784
0.766,0.09752265337237048
0.7660833333333333,0.053713607042249666
0.7661666666666667,-0.028105138231206386
0.76625,-0.24228716447052753
0.7663333333333333,-0.295886671329984
0.7664166666666666,-0.26543799915846295
0.7665,-0.27026437319230406
0.7665833333333333,-0.1804465688117228
0.7666666666666667,-0.16408603737721103
0.76675,-0.05446343501552771
0.7668333333333334,0.1193148687626077
0.7669166666666667,-0.1439069051723612
0.767,-0.3909949086216253
0.7670833333333333,-0.014387081199055326
0.7671666666666667,0.06582556842270056
0.76725,-0.16915985418096766
0.7673333333333333,0.10685386765013069
0.7674166666666666,0.06529041476102221
0.7675,-0.21388426310390865
0.7675833333333333,-0.11690707175402938
0.7676666666666667,-0.14552949101742643
0.76775,-0.1083630254975052
0.7678333333333334,-0.10035851600171009
0.7679166666666667,-0.08951148809167075
0.768,0.09597433318463358
0.7680833333333333,-0.11845297765422412
0.7681666666666667,-0.11650223322691981
0.76825,-0.1126149782843054
0.7683333333333333,-0.5570173753739762
0.7684166666666666,-0.27471903547050025
0.7685,0.03734433237261218
0.7685833333333333,-0.10369900336802548
0.7686666666666667,0.1825486641552783
0.76875,0.2155599680776866
0.7688333333333334,0.0038690739067489457
0.7689166666666667,0.14078432271642757
0.769,0.016596830117674276
0.7690833333333333,-0.2067259389412822
0.7691666666666667,0.0580317417763849
0.76925,0.2981001500296626
0.7693333333333333,0.1533148131980689
0.7694166666666666,0.14699365504366338
0.7695,0.30622060118375893
0.7695833333333333,0.24570016706421735
0.7696666666666667,0.3323542405423739
0.76975,0.437423289774824
0.7698333333333334,0.2626704417921265
0.7699166666666667,0.29895235607443355
0.77,0.4281263910339456
0.7700833333333333,0.43901063223514764
0.7701666666666667,0.25844206916929396
0.77025,0.03870899889456886
0.7703333333333333,0.13438864318383212
0.7704166666666666,0.15515925589793383
0.7705,0.15018027598007463
0.7705833333333333,0.13138577889540187
0.7706666666666667,-0.025301231952013097
0.77075,0.016253925855049832
0.7708333333333334,-0.10026892764324301
0.7709166666666667,-0.43631567044510255
0.771,-0.42822728121034837
0.7710833333333333,-0.15077689358702676
0.7711666666666667,-0.16437469821207848
0.77125,-0.24970118261448407
0.7713333333333333,-0.1061568420152086
0.7714166666666666,-0.2140823429159692
0.7715,-0.2867239676872247
0.7715833333333333,-0.19898472610255988
0.7716666666666666,-0.3449419390784058
0.77175,-0.2587720267222788
0.7718333333333334,0.010919721562510677
0.7719166666666667,-0.09118222157744046
0.772,-0.2051584971540385
0.7720833333333333,-0.042642653335026974
0.7721666666666667,-0.044369847449983554
0.77225,-0.23975276529722533
0.7723333333333333,-0.3046116656327582
0.7724166666666666,-0.23620063770925068
0.7725,-0.11064444354074442
0.7725833333333333,0.1199577081430589
0.7726666666666666,0.30259865911636935
0.77275,0.05651513058676502
0.7728333333333334,-0.22998615556002924
0.7729166666666667,-0.22019152099300993
0.773,-0.39022852656611784
0.7730833333333333,-0.3913983182822329
0.7731666666666667,-0.02491376532386787
0.77325,-0.03129679462895643
0.7733333333333333,-0.17949088856129014
0.7734166666666666,-0.1529375478987647
0.7735,-0.2084358514304001
0.7735833333333333,-0.09709583586865544
0.7736666666666666,0.006749179012223536
0.77375,-0.057336150633711225
0.7738333333333334,-0.017720714235067405
0.7739166666666667,-0.02150585490991092
0.774,0.045451500960024906
0.7740833333333333,0.015025320319085217
0.7741666666666667,-0.05335733230698293
0.77425,0.23520325925476412
0.7743333333333333,0.10577027518205256
0.7744166666666666,-0.08400356927866243
0.7745,0.22088823647186276
0.7745833333333333,0.09427224867285275
0.7746666666666666,0.1577891753584412
0.77475,0.5740374664714885
0.7748333333333334,0.34871213315369665
0.7749166666666667,0.31022219223732495
0.775,0.6359071652995814
0.7750833333333333,0.4335004603103304
0.7751666666666667,0.15283774421771187
0.77525,0.2659658550088881
0.7753333333333333,0.21546938681022443
0.7754166666666666,-0.08710350712986888
0.7755,0.02229082154393935
0.7755833333333333,0.1955769333319804
0.7756666666666666,-0.06402738402733042
0.77575,-0.035769270362548025
0.7758333333333334,0.20716202397756078
0.7759166666666667,0.005322674055150243
0.776,-0.13669946962560117
0.7760833333333333,0.030238687448568138
0.7761666666666667,0.06470688326875484
0.77625,-0.09785190429924777
0.7763333333333333,-0.17562510780653098
0.7764166666666666,-0.12485419278954954
0.7765,-0.25784053952353536
0.7765833333333333,-0.14451746585917105
0.7766666666666666,0.12406070141757972
0.77675,-0.0938299597811364
0.7768333333333334,-0.1701427109963277
0.7769166666666667,-0.0766223014273471
0.777,-0.04922478456755254
0.7770833333333333,0.03785410109459812
0.7771666666666667,-0.04176335268966944
0.77725,-0.12185081639680313
0.7773333333333333,-0.20682902401998546
0.7774166666666666,-0.2373487383190314
0.7775,-0.2263924298549731
0.7775833333333333,-0.2096003918134335
0.7776666666666666,-0.1645636067868522
0.77775,-0.2880198421784287
0.7778333333333334,-0.24672377556016464
0.7779166666666667,-0.20750592574715235
0.778,-0.21151711288207214
0.7780833333333333,-0.08213348600964714
0.7781666666666667,-0.15319950750243075
0.77825,-0.1288861976096962
0.7783333333333333,-0.14985869327792956
0.7784166666666666,-0.22366721072895882
0.7785,0.03725826915873379
0.7785833333333333,0.054641048874050135
0.7786666666666666,-0.10076410093170621
0.77875,0.07093610494249025
0.7788333333333334,0.15368658404066163
0.7789166666666667,0.0909278306411587
0.779,0.19175781340721976
0.7790833333333333,0.07609417457602852
0.7791666666666667,-0.015378592698245043
0.77925,0.22176844654001962
0.7793333333333333,0.058851635091606264
0.7794166666666666,0.004874760266084117
0.7795,0.30029202070063066
0.7795833333333333,0.11308218469258745
0.7796666666666666,0.09525015203677503
0.77975,0.22531086654873983
0.7798333333333334,0.05356482799787757
0.7799166666666667,0.24485393648036902
0.78,0.20299953402237242
0.7800833333333334,-0.15312834722971952
0.7801666666666667,0.02046368693991843
0.78025,0.012669607475073003
0.7803333333333333,-0.018038692822704667
0.7804166666666666,0.2215736242385753
0.7805,-0.03072279291860518
0.7805833333333333,-0.0031756621779283154
0.7806666666666666,0.055953756430361726
0.78075,-0.27863235791222507
0.7808333333333334,-0.03819378050718382
0.7809166666666667,-0.009211788178500513
0.781,0.00857473089687255
0.7810833333333334,0.36031973078119195
0.7811666666666667,0.17835230866988497
0.78125,0.23262591399471177
0.7813333333333333,0.3531325568778669
0.7814166666666666,0.2181034649885283
0.7815,0.1846529118496695
0.7815833333333333,-0.04723204842908569
0.7816666666666666,-0.03718682134542044
0.78175,-0.0020868449037943796
0.7818333333333334,-0.10815148773492946
0.7819166666666667,0.0507421442652457
0.782,-0.006274844507057337
0.7820833333333334,-0.23384380221740464
0.7821666666666667,-0.32230506176191037
0.78225,-0.3336534818317749
0.7823333333333333,-0.27416453039605876
0.7824166666666666,-0.07384949534304902
0.7825,0.16854423440348237
0.7825833333333333,0.043443059739919535
0.7826666666666666,-0.06289471702071106
0.78275,0.05358660241375958
0.7828333333333334,-0.19012857636575956
0.7829166666666667,-0.4134893497879559
0.783,-0.34529053851278435
0.7830833333333334,-0.32209580302031754
0.7831666666666667,-0.15203825772477925
0.78325,-0.009596383408554864
0.7833333333333333,-0.012515885463954025
0.7834166666666667,0.023643823618268806
0.7835,-0.11380545719769755
0.7835833333333333,0.01801087197197773
0.7836666666666666,0.2064266314312274
0.78375,0.043098453188566366
0.7838333333333334,0.34349135676680354
0.7839166666666667,0.4324414386168489
0.784,0.13804359009431236
0.7840833333333334,0.2755757204868667
0.7841666666666667,0.10557432475423537
0.78425,-0.1372815889344447
0.7843333333333333,-0.044202527934347174
0.7844166666666667,-0.022220418762326274
0.7845,0.05907366020784603
0.7845833333333333,0.1830044025493227
0.7846666666666666,0.18938050867234257
0.78475,-0.055592661692692905
0.7848333333333334,-0.20946674417199332
0.7849166666666667,-0.07506220193190645
0.785,0.12319588738751364
0.7850833333333334,0.28509238739815845
0.7851666666666667,0.22151174981407787
0.78525,0.06773452672070751
0.7853333333333333,-0.19307261991763733
0.7854166666666667,-0.2390479635213761
0.7855,0.02822451899834095
0.7855833333333333,-0.0242393458963928
0.7856666666666666,0.11736897193882875
0.78575,0.2877924448770373
0.7858333333333334,-0.06311605736446124
0.7859166666666667,-0.11024962067790596
0.786,-0.10574091958343092
0.7860833333333334,-0.25333350524941534
0.7861666666666667,0.005597244825634935
0.78625,0.04153633744162553
0.7863333333333333,-0.03267233748720891
0.7864166666666667,0.25385086396844303
0.7865,0.13314753689780315
0.7865833333333333,-0.11902892258985093
0.7866666666666666,-0.06616145478740361
0.78675,-0.19053000040760634
0.7868333333333334,-0.11815544308961039
0.7869166666666667,0.05213062527199335
0.787,-0.028495295390574892
0.7870833333333334,0.12325326288016605
0.7871666666666667,0.11993774441344049
0.78725,-0.13081773165442204
0.7873333333333333,-0.17999541495269283
0.7874166666666667,-0.1696208232732603
0.7875,0.10415472491805619
0.7875833333333333,0.340356194071185
0.7876666666666666,0.2550747026314786
0.78775,0.25009349479044773
0.7878333333333334,0.09148142715024073
0.7879166666666667,-0.17426886735687414
0.788,-0.21600749445201853
0.7880833333333334,-0.07844618756392749
0.7881666666666667,0.08311226196961578
0.78825,0.09329237083398348
0.7883333333333333,0.10481514438703476
0.7884166666666667,0.01521661131936134
0.7885,-0.17009042930823498
0.7885833333333333,-0.1688845043654735
0.7886666666666666,-0.048985431605951105
0.78875,0.0599501917100625
0.7888333333333334,0.08493396189335586
0.7889166666666667,0.1684503926230577
0.789,0.1320813184987231
0.7890833333333334,0.09194017883726478
0.7891666666666667,0.25628936217727905
0.78925,0.0958778240887071
0.7893333333333333,-0.1524837891599317
0.7894166666666667,-0.3473897376454515
0.7895,-0.37798119660900087
0.7895833333333333,-0.01263764192721606
0.7896666666666666,0.10645987294670485
0.78975,0.1404185424241852
0.7898333333333334,0.08315344031831157
0.7899166666666667,-0.21335264763894193
0.79,-0.19461381113987952
0.7900833333333334,-0.19851286136636806
0.7901666666666667,-0.17334574179788295
0.79025,0.12249266389358665
0.7903333333333333,0.06961842828245904
0.7904166666666667,-0.15142457424649655
0.7905,-0.18440905604054317
0.7905833333333333,-0.3258440816088487
0.7906666666666666,-0.37030961800819345
0.79075,-0.19483233125219848
0.7908333333333334,-0.153724691835486
0.7909166666666667,-0.08186631094546794
0.791,0.09228734288848642
0.7910833333333334,0.11204534453242748
0.7911666666666667,0.027993531024928884
0.79125,0.01093536270967565
0.7913333333333333,-0.021069443152671796
0.7914166666666667,-0.1630182056660843
0.7915,0.08353636453990515
0.7915833333333333,0.3558251379575669
0.7916666666666666,0.15931564685312946
0.79175,0.1988932930579447
0.7918333333333333,0.07139456501833955
0.7919166666666667,-0.0994122370595877
0.792,0.1723807458158246
0.7920833333333334,0.03773657392330934
0.7921666666666667,0.07392621384768824
0.79225,0.35606579874084077
0.7923333333333333,0.22552853567312817
0.7924166666666667,0.24270015101429634
0.7925,0.15176876590767116
0.7925833333333333,-0.03779031857926517
0.7926666666666666,0.08131580202328083
0.79275,0.16424067545642107
0.7928333333333333,0.19374961187460005
0.7929166666666667,0.23865796280039675
0.793,0.27211585244689485
0.7930833333333334,0.1738664687112577
0.7931666666666667,0.021532845865265875
0.79325,0.02767202525678265
0.7933333333333333,-0.04288676291486408
0.7934166666666667,-0.04799092007771795
0.7935,0.059048341991280125
0.7935833333333333,0.14242472109615137
0.7936666666666666,0.2736926795922008
0.79375,0.0867047172925752
0.7938333333333333,-0.19418197740767837
0.7939166666666667,-0.24607956317759488
0.794,-0.24439459690517923
0.7940833333333334,-0.09338962102214954
0.7941666666666667,0.020443701637308232
0.79425,0.06252506508116386
0.7943333333333333,0.23047769157529704
0.7944166666666667,0.23223434102039114
0.7945,-0.10319334944497661
0.7945833333333333,-0.3023744175572228
0.7946666666666666,-0.26599901473496507
0.79475,-0.41641766091215615
0.7948333333333333,-0.45106403544033863
0.7949166666666667,-0.23773135773248105
0.795,-0.16680336665910114
0.7950833333333334,-0.07901574012663498
0.7951666666666667,0.0077583767259556
0.79525,-0.12575092769229565
0.7953333333333333,-0.16422609712941783
0.7954166666666667,-0.10514306121556476
0.7955,-0.11624968847107515
0.7955833333333333,0.043086355299426574
0.7956666666666666,0.13845169628777643
0.79575,0.021116337250586075
0.7958333333333333,-0.12617251571631471
0.7959166666666667,-0.206795717080756
0.796,0.014655563106101338
0.7960833333333334,0.07901249341780134
0.7961666666666667,-0.06661979411558526
0.79625,0.07493852510997173
0.7963333333333333,0.17541925566435745
0.7964166666666667,0.18541419952755303
0.7965,0.19013747871867667
0.7965833333333333,0.10276963566234795
0.7966666666666666,0.0479890737585293
0.79675,0.12742169500918174
0.7968333333333333,0.19406228688015045
0.7969166666666667,0.07673641276724087
0.797,0.21027312972680465
0.7970833333333334,0.23612995571328355
0.7971666666666667,-0.038439255368617316
0.79725,0.004738722421216854
0.7973333333333333,-0.09820279288660931
0.7974166666666667,-0.014272360218092113
0.7975,0.29777096517853263
0.7975833333333333,0.15773109696489598
0.7976666666666666,0.18835348021526052
0.79775,0.18165089616869082
0.7978333333333333,0.09253980329429821
0.7979166666666667,0.1873035525919988
0.798,0.12349556437159813
0.7980833333333334,0.10650656886865804
0.7981666666666667,0.06842451862731638
0.79825,0.03163924562072057
0.7983333333333333,-0.04106193423582911
0.7984166666666667,0.0004968635719534673
0.7985,0.15317946365944823
0.7985833333333333,0.03562476888558409
0.7986666666666666,0.002767618979471356
0.79875,-0.192220123844996
0.7988333333333333,-0.3578358155586845
0.7989166666666667,-0.2673840314845617
0.799,-0.22018395866785148
0.7990833333333334,0.10275886720198611
0.7991666666666667,0.06901090595932917
0.79925,-0.17053086753748062
0.7993333333333333,-0.10872356351257757
0.7994166666666667,-0.3654245148281453
0.7995,-0.3315426729670226
0.7995833333333333,-0.021917757462507858
0.7996666666666666,-0.2945994168330003
0.79975,-0.3084673870270002
0.7998333333333333,0.025935988774502445
0.7999166666666667,-0.06567673715630373
0.8,-0.03289008667717453
0.8000833333333334,0.012748623140936019
0.8001666666666667,-0.1984643487603905
0.80025,-0.07782602219698596
0.8003333333333333,0.019284046821917523
0.8004166666666667,0.12376219149339421
0.8005,0.3665864597728814
0.8005833333333333,0.058533640134369194
0.8006666666666666,-0.10355413707555203
0.80075,0.16363528401637192
0.8008333333333333,0.020078490612912638
0.8009166666666667,0.06683963138972804
0.801,0.3355928125561409
0.8010833333333334,0.08933180845293244
0.8011666666666667,0.07997725632654967
0.80125,0.22459698623681
0.8013333333333333,-0.21107807259108918
0.8014166666666667,-0.39957403182683965
0.8015,-0.21919715265351294
0.8015833333333333,-0.14695735042818958
0.8016666666666666,0.18770857094296037
0.80175,0.3680690936450858
0.8018333333333333,0.08150642842669525
0.8019166666666667,-0.15474977083566502
0.802,-0.28467350090313914
0.8020833333333334,-0.27783316716289663
0.8021666666666667,-0.1570254761397345
0.80225,-0.05235220105163571
0.8023333333333333,-0.04178685146341675
0.8024166666666667,-0.1679765247063138
0.8025,-0.1517882535853861
0.8025833333333333,-0.09826062450324267
0.8026666666666666,-0.18192997544296616
0.80275,-0.23621252648851596
0.8028333333333333,-0.05969824071946959
0.8029166666666666,0.23750200295660978
0.803,0.126531390184922
0.8030833333333334,0.07752559141212352
0.8031666666666667,0.23718438734900185
0.80325,-0.008149279904981143
0.8033333333333333,-0.14381622064033972
0.8034166666666667,-0.24338050788238363
0.8035,-0.3698888569685054
0.8035833333333333,-0.09368113275639085
0.8036666666666666,0.040901222564457114
0.80375,0.06923658624630331
0.8038333333333333,0.2182788488491267
0.8039166666666666,0.18599832137802816
0.804,0.05912650832255029
0.8040833333333334,0.0637948242829754
0.8041666666666667,0.033099964390029976
0.80425,-0.013340234717492128
0.8043333333333333,0.13073737216017564
0.8044166666666667,0.11434399265474787
0.8045,0.1335893426878078
0.8045833333333333,0.277297432302583
0.8046666666666666,0.1572899133037784
0.80475,0.015422825965357425
0.8048333333333333,-0.10720744597709152
0.8049166666666666,-0.043944759046002674
0.805,0.13198127471919777
0.8050833333333334,0.12423560739673774
0.8051666666666667,0.1058103042275478
0.80525,-0.018631411577424928
0.8053333333333333,-0.08529218470199385
0.8054166666666667,-0.09936417939033597
0.8055,0.04844507589010254
0.8055833333333333,0.3495141319147309
0.8056666666666666,0.2280649609924721
0.80575,0.19306450104050007
0.8058333333333333,0.11587386783356715
0.8059166666666666,-0.1394602898628596
0.806,-0.10077966528694454
0.8060833333333334,-0.2783073816127437
0.8061666666666667,-0.22459219353129187
0.80625,-0.07255406183488841
0.8063333333333333,-0.13849785109471666
0.8064166666666667,0.17655097537685477
0.8065,0.1176645498288732
0.8065833333333333,-0.13709567754900506
0.8066666666666666,-0.20597628818749986
0.80675,-0.41943565805694616
0.8068333333333333,-0.2927852849246739
0.8069166666666666,-0.09968865988476142
0.807,0.10158544556854901
0.8070833333333334,0.16435224781441102
0.8071666666666667,-0.17348191759425238
0.80725,-0.12212808417173106
0.8073333333333333,-0.06471627760853725
0.8074166666666667,-0.2071180103008579
0.8075,-0.08307181052165333
0.8075833333333333,-0.07390101014056413
0.8076666666666666,-0.1478653585944298
0.80775,-0.13733075349032997
0.8078333333333333,-0.11740023101507625
0.8079166666666666,-0.21440713513956097
0.808,-0.3586934745080219
0.8080833333333334,-0.30424311494010714
0.8081666666666667,-0.12852997626069804
0.80825,0.07612030189794103
0.8083333333333333,0.2548411051627015
0.8084166666666667,0.3867138188780953
0.8085,0.2790742779621522
0.8085833333333333,-0.0013778035301900953
0.8086666666666666,-0.06458987632341662
0.80875,-0.040631970083961286
0.8088333333333333,-0.06616429626856753
0.8089166666666666,0.044821708080571926
0.809,0.2103644839419951
0.8090833333333334,0.1721581812096163
0.8091666666666667,0.04135286374083616
0.80925,0.09529319305480875
0.8093333333333333,0.26504749945268413
0.8094166666666667,0.18130735565933517
0.8095,0.11454907951442747
0.8095833333333333,0.2612169912549508
0.8096666666666666,0.13343924046716027
0.80975,0.2775376075170505
0.8098333333333333,0.48672729874067755
0.8099166666666666,0.10182528130382446
0.81,0.05191796385568142
0.8100833333333334,0.10145715787636539
0.8101666666666667,-0.032145459218257795
0.81025,0.06375565541665101
0.8103333333333333,0.13428298134271702
0.8104166666666667,0.24076320974708973
0.8105,0.043602621929467275
0.8105833333333333,-0.025253059906903772
0.8106666666666666,0.1751683087883283
0.81075,-0.06461664097134637
0.8108333333333333,0.02141600143971503
0.8109166666666666,0.04036585325540677
0.811,-0.1347838080239289
0.8110833333333334,0.07094274565223663
0.8111666666666667,-0.13483634163695984
0.81125,-0.15438411345191946
0.8113333333333334,-0.012372774379945344
0.8114166666666667,-0.13942413938708895
0.8115,-0.023173199657707578
0.8115833333333333,-0.11897910297816507
0.8116666666666666,-0.1932071844211628
0.81175,-0.32081807679231844
0.8118333333333333,-0.3685299121039039
0.8119166666666666,0.02197094919227208
0.812,-0.020678370664538263
0.8120833333333334,0.044364339293450385
0.8121666666666667,0.18867906544745303
0.81225,-0.050979002963276614
0.8123333333333334,-0.0862894905067494
0.8124166666666667,-0.1892714025148086
0.8125,-0.10394314880737647
0.8125833333333333,-0.038354683057448866
0.8126666666666666,-0.21588584753355547
0.81275,0.04315797412229512
0.8128333333333333,0.046802537782497544
0.8129166666666666,-0.04386140979765772
0.813,0.24226717427839847
0.8130833333333334,0.07572626388034312
0.8131666666666667,-0.06170366321210168
0.81325,0.08615222811626412
0.8133333333333334,-0.03949212350318578
0.8134166666666667,0.06690173292317364
0.8135,0.14000139936345926
0.8135833333333333,-0.1358742861641906
0.8136666666666666,-0.08847578216162669
0.81375,-0.21920451677703268
0.8138333333333333,-0.37426800120943443
0.8139166666666666,0.08243830234365707
0.814,0.17422534697798253
0.8140833333333334,0.05757917797184953
0.8141666666666667,0.1629341439857344
0.81425,-0.021136444477956113
0.8143333333333334,-0.08989331594696068
0.8144166666666667,0.005490283558863449
0.8145,0.007386580370870985
0.8145833333333333,0.1438634524546313
0.8146666666666667,0.27790426166081283
0.81475,0.25250475502978986
0.8148333333333333,0.2263906305598565
0.8149166666666666,0.2827875187474948
0.815,0.2647578426642372
0.8150833333333334,0.08572694380986634
0.8151666666666667,-0.07979217381374579
0.81525,0.012018054324807324
0.8153333333333334,0.043839545322128845
0.8154166666666667,-0.04741390310756749
0.8155,0.1794203361622466
0.8155833333333333,0.06400960836210363
0.8156666666666667,-0.23574747758491274
0.81575,-0.010582901229253915
0.8158333333333333,-0.15188557720273096
0.8159166666666666,-0.3025459848201202
0.816,0.03389345394058768
0.8160833333333334,-0.08485311861319092
0.8161666666666667,-0.21141701586399245
0.81625,-0.004294204573403898
0.8163333333333334,-0.00993684001831896
0.8164166666666667,-0.0466876926049793
0.8165,-0.020168140616552106
0.8165833333333333,0.08533218159553907
0.8166666666666667,0.14954723717267532
0.81675,-0.020102198357055852
0.8168333333333333,0.016546139820786298
0.8169166666666666,0.1038092480118018
0.817,-0.1250935053867974
0.8170833333333334,-0.1110198549664815
0.8171666666666667,0.0008122894778944937
0.81725,-0.10468603449143044
0.8173333333333334,0.0766806881807211
0.8174166666666667,0.22164541601182206
0.8175,0.12128943868289302
0.8175833333333333,0.14236663510041328
0.8176666666666667,0.08147964459276215
0.81775,0.09226796955264577
0.8178333333333333,0.059980721437744786
0.8179166666666666,-0.15108887825228184
0.818,-0.05631357977011173
0.8180833333333334,-0.14602388038309091
0.8181666666666667,-0.3482733913090751
0.81825,-0.11687154408644806
0.8183333333333334,-0.04540898266029969
0.8184166666666667,-0.16297039485823803
0.8185,-0.07938123186130329
0.8185833333333333,0.013774163981664419
0.8186666666666667,-0.07874957914278377
0.81875,0.06388332829783792
0.8188333333333333,0.16234449145320676
0.8189166666666666,-0.18501241940938695
0.819,-0.06762929047045152
0.8190833333333334,-0.013762993180939495
0.8191666666666667,-0.24701878591010853
0.81925,0.03562243481828155
0.8193333333333334,0.009781363375434364
0.8194166666666667,-0.004148157885231051
0.8195,0.25596663077706344
0.8195833333333333,-0.006218357543797301
0.8196666666666667,-0.08437597164942688
0.81975,0.08346872145855243
0.8198333333333333,-0.10789298094327833
0.8199166666666666,-0.14744142181320938
0.82,0.23004610554044772
0.8200833333333334,0.284378611767212
0.8201666666666667,0.023588743882401998
0.82025,0.16630984167835267
0.8203333333333334,0.18808287973257543
0.8204166666666667,-0.014987832803408338
0.8205,0.037539278750862576
0.8205833333333333,-0.03565995241135665
0.8206666666666667,-0.17463318644690265
0.82075,-0.1283372039643143
0.8208333333333333,-0.10106013651286452
0.8209166666666666,-0.3378074065550246
0.821,-0.3909905686432614
0.8210833333333334,-0.06381447152367725
0.8211666666666667,-0.04562087372446433
0.82125,0.04050865228560638
0.8213333333333334,0.3358505669386519
0.8214166666666667,0.39574386811552537
0.8215,0.4817054386038275
0.8215833333333333,0.5252343200518896
0.8216666666666667,0.2782603702895897
0.82175,-0.07126638337654179
0.8218333333333333,0.02187290558273507
0.8219166666666666,0.09908699612993581
0.822,-0.05251820010382701
0.8220833333333334,0.14236911779097217
0.8221666666666667,0.03761895514644008
0.82225,-0.04608729565941376
0.8223333333333334,0.08290717510521184
0.8224166666666667,-0.14332256993023043
0.8225,-0.06604569157096002
0.8225833333333333,0.039659213929514894
0.8226666666666667,0.045470683983658285
0.82275,0.09524680695118748
0.8228333333333333,-0.0984080144488228
0.8229166666666666,0.0762599698827608
0.823,0.0848120303289303
0.8230833333333333,-0.3339609988644142
0.8231666666666667,-0.3346812632077331
0.82325,-0.3259048147509224
0.8233333333333334,-0.31943544603007634
0.8234166666666667,-0.07743917943950597
0.8235,-0.06812678035826603
0.8235833333333333,-0.11382696401772083
0.8236666666666667,-0.05081863865282647
0.82375,-0.07518086583913572
0.8238333333333333,-0.01474208008653259
0.8239166666666666,0.10003857253532913
0.824,0.09752427004800743
0.8240833333333333,0.06532756676978124
0.8241666666666667,0.05648776041106174
0.82425,0.2071952569508228
0.8243333333333334,0.23448052777632616
0.8244166666666667,0.10308501705106672
0.8245,0.07631416467636593
0.8245833333333333,-0.2351162820699847
0.8246666666666667,-0.30302007112883295
0.82475,-0.07508233726236117
0.8248333333333333,-0.10685636319394091
0.8249166666666666,0.14569800872814304
0.825,0.27327319406496026
0.8250833333333333,0.1305548520175802
0.8251666666666667,0.1250470315147018
0.82525,0.17551079850747825
0.8253333333333334,0.2572059220314009
0.8254166666666667,0.01942466807000554
0.8255,0.03284750590217265
0.8255833333333333,0.051238369879053614
0.8256666666666667,-0.22406661667770747
0.82575,0.10940765426371635
0.8258333333333333,0.1273357125953167
0.8259166666666666,-0.037228844122778534
0.826,0.14823414672516855
0.8260833333333333,-0.16062608903862668
0.8261666666666667,-0.1755179774153142
0.82625,0.028719269749899818
0.8263333333333334,-0.1819997331715015
0.8264166666666667,-0.10970657100543665
0.8265,0.09306850766484458
0.8265833333333333,0.055337727504115995
0.8266666666666667,-0.07080226474794638
0.82675,-0.029601682801018967
0.8268333333333333,0.130417638654977
0.8269166666666666,0.046352199058574066
0.827,0.0031165229271791477
0.8270833333333333,-0.06293847646275337
0.8271666666666667,-0.3082908715938866
0.82725,-0.18227541150418994
0.8273333333333334,-0.11012963331380862
0.8274166666666667,-0.2049565110553732
0.8275,0.005647094962001253
0.8275833333333333,-0.0357745911483312
0.8276666666666667,-0.13795651807140527
0.82775,-0.005211844704615673
0.8278333333333333,-0.05193091869415618
0.8279166666666666,-0.03152598192602297
0.828,0.054314725985037185
0.8280833333333333,-0.0401175285255595
0.8281666666666667,-0.0717257712803729
0.82825,0.004482790678664445
0.8283333333333334,0.009966203217160784
0.8284166666666667,-0.00244350365395883
0.8285,-0.07665974244073358
0.8285833333333333,-0.14902531393063534
0.8286666666666667,-0.0743381557609157
0.82875,-0.04504571496682348
0.8288333333333333,0.09313489229281655
0.8289166666666666,0.1769161068969331
0.829,-0.023772372766162345
0.8290833333333333,-0.023984026121747836
0.8291666666666667,0.012372285286396183
0.82925,0.026304413252803065
0.8293333333333334,0.25099242673453065
0.8294166666666667,0.24611915353262367
0.8295,0.03827674273572411
0.8295833333333333,-0.02793503809942256
0.8296666666666667,-0.09974825488451385
0.82975,-0.11177729186223047
0.8298333333333333,0.1434116585178208
0.8299166666666666,0.08720320736176806
0.83,-0.16791698482884185
0.8300833333333333,0.11701132789837529
0.8301666666666667,0.2549215831478317
0.83025,0.20407658036198906
0.8303333333333334,0.41455958668946274
0.8304166666666667,0.2791579670890626
0.8305,0.024766612236808917
0.8305833333333333,0.11107645178021626
0.8306666666666667,0.22823589969605526
0.83075,0.13655171634573735
0.8308333333333333,0.12180684002278383
0.8309166666666666,0.08765076376811337
0.831,-0.4080048889418881
0.8310833333333333,-0.6158468923007618
0.8311666666666667,-0.28265438537008075
0.83125,-0.04727415377307654
0.8313333333333334,0.07000778964975293
0.8314166666666667,0.09966763442607646
0.8315,0.07222145051090981
0.8315833333333333,-0.15329112518367954
0.8316666666666667,-0.3277270153891736
0.83175,-0.0753033921347065
0.8318333333333333,-0.10116521117205896
0.8319166666666666,-0.3082507542502348
0.832,-0.08179995107974232
0.8320833333333333,-0.028591362398617776
0.8321666666666667,-0.22378818096851041
0.83225,-0.16060722899552027
0.8323333333333334,-0.16020779722696857
0.8324166666666667,-0.4259541008238448
0.8325,-0.4308706134017898
0.8325833333333333,-0.11942390749095352
0.8326666666666667,-0.033041187370722896
0.83275,-0.007887866257555595
0.8328333333333333,0.08054316091147366
0.8329166666666666,-0.06850482824758196
0.833,-0.12041149208643076
0.8330833333333333,-0.01548461551391627
0.8331666666666667,0.03339429594728354
0.83325,0.14125224615372928
0.8333333333333334,0.08672423499555598
0.8334166666666667,-0.10677010228683077
0.8335,-0.22443439415371258
0.8335833333333333,-0.2701797509883707
0.8336666666666667,-0.20912703977385771
0.83375,-0.12139459634431884
0.8338333333333333,0.17080714184124127
0.8339166666666666,0.3824427088768854
0.834,0.3400145374379174
0.8340833333333333,0.46917813510994666
0.8341666666666666,0.3706052707172399
0.83425,0.24545952076179842
0.8343333333333334,0.29660530894273957
0.8344166666666667,0.19861560281074261
0.8345,0.30504900811828073
0.8345833333333333,0.34844553533003847
0.8346666666666667,0.33041896460379555
0.83475,0.28360898738466606
0.8348333333333333,-0.07194364669534536
0.8349166666666666,-0.29411041946615935
0.835,-0.3114497260867192
0.8350833333333333,-0.04479061394480574
0.8351666666666666,0.2554780943680256
0.83525,0.2310980704996379
0.8353333333333334,0.1829248583498007
0.8354166666666667,-0.05444071754403906
0.8355,-0.2826266010505878
0.8355833333333333,-0.16355243806971195
0.8356666666666667,-0.10596418067903471
0.83575,-0.1305207739714503
0.8358333333333333,0.030184782015627624
0.8359166666666666,0.08623227949179259
0.836,-0.12600468633515208
0.8360833333333333,-0.21919218699943874
0.8361666666666666,-0.3157245588341008
0.83625,-0.5904783441042101
0.8363333333333334,-0.7073810308614662
0.8364166666666667,-0.43460232879605903
0.8365,-0.03676357741197271
0.8365833333333333,-0.02539426256330805
0.8366666666666667,0.05239991656334135
0.83675,0.26121795566295253
0.8368333333333333,0.07979059868298756
0.8369166666666666,-0.11746449235560356
0.837,-0.24089798800309126
0.8370833333333333,-0.1528529395808457
0.8371666666666666,0.11741437090239779
0.83725,0.11216926552131444
0.8373333333333334,-0.053322090658455695
0.8374166666666667,-0.27733539987793626
0.8375,-0.2910576427991662
0.8375833333333333,-0.13302225868234435
0.8376666666666667,-0.10389831496582085
0.83775,-0.010469818513301709
0.8378333333333333,0.08020428311072413
0.8379166666666666,0.22947345171931288
0.838,0.31438378244177906
0.8380833333333333,0.03678677475936576
0.8381666666666666,0.0067527868723084045
0.83825,0.09763499385775706
0.8383333333333334,-0.02234387669965033
0.8384166666666667,0.22671658002567183
0.8385,0.24755473972101877
0.8385833333333333,0.08938086247417143
0.8386666666666667,0.31404189749482975
0.83875,0.034485390258891205
0.8388333333333333,-0.06390434308800994
0.8389166666666666,0.1881141628607893
0.839,-0.04262027682809417
0.8390833333333333,0.2767495607089104
0.8391666666666666,0.5810437155772744
0.83925,0.3553791710115174
0.8393333333333334,0.5200207819684725
0.8394166666666667,0.33287575411344833
0.8395,0.009372432677414255
0.8395833333333333,0.1599982159526846
0.8396666666666667,0.1442622288769835
0.83975,0.1407303551504094
0.8398333333333333,0.027889207215600318
0.8399166666666666,-0.21224347625615858
0.84,-0.09863992636052975
0.8400833333333333,-0.15831125553927536
0.8401666666666666,-0.2612923305154737
0.84025,-0.09175575484417578
0.8403333333333334,-0.11211883139349363
0.8404166666666667,-0.04992202709575666
0.8405,0.13548843114266185
0.8405833333333333,0.09415161185464074
0.8406666666666667,-0.039215545639668115
0.84075,-0.06624434388156883
0.8408333333333333,-0.0006919231125279962
0.8409166666666666,-0.19088512518832784
0.841,-0.3523342733614349
0.8410833333333333,-0.16539825842817987
0.8411666666666666,-0.03508184089390541
0.84125,0.05836485955136082
0.8413333333333334,-0.029656646206613218
0.8414166666666667,-0.16094732786053287
0.8415,0.10409745266195757
0.8415833333333333,0.061679382995155976
0.8416666666666667,-0.11801773179571964
0.84175,0.13307476517951985
0.8418333333333333,0.13381185391216233
0.8419166666666666,0.10719480090882261
0.842,0.17254038293100685
0.8420833333333333,-0.13830084819148378
0.8421666666666666,-0.1625765187536609
0.84225,0.00591870967552062
0.8423333333333334,-0.17912028423183177
0.8424166666666667,-0.14419804742791678
0.8425,-0.06844384835518139
0.8425833333333334,-0.28703609273739394
0.8426666666666667,-0.15422147929170418
0.84275,0.005378511781220402
0.8428333333333333,-0.11664467285147828
0.8429166666666666,0.006705770329933533
0.843,-0.06519594822581444
0.8430833333333333,-0.26114580629204825
0.8431666666666666,-0.02709807961753104
0.84325,0.05179365621283015
0.8433333333333334,0.12247622061259127
0.8434166666666667,0.2862987963471627
0.8435,0.09543898870965178
0.8435833333333334,0.22071076567126732
0.8436666666666667,0.27144567432017513
0.84375,-0.048962161245000115
0.8438333333333333,0.06624146950140668
0.8439166666666666,0.03536704412723188
0.844,0.015804546329675023
0.8440833333333333,0.16820272221540578
0.8441666666666666,-0.001412488466000424
0.84425,0.1637634521216917
0.8443333333333334,0.26244505467998364
0.8444166666666667,0.18760658912988376
0.8445,0.2808419134747061
0.8445833333333334,-0.007043494550579803
0.8446666666666667,-0.025910871405380006
0.84475,0.09664697906173121
0.8448333333333333,-0.171320459698611
0.8449166666666666,-0.08286652376123999
0.845,-0.0478880360578091
0.8450833333333333,-0.28805246273629853
0.8451666666666666,-0.2911247153887826
0.84525,-0.35938949322676267
0.8453333333333334,-0.3921315260752965
0.8454166666666667,-0.16570911204087976
0.8455,-0.10768548809182792
0.8455833333333334,-0.23213027297737693
0.8456666666666667,0.06315666553671659
0.84575,0.3808127613384364
0.8458333333333333,0.10358253821551001
0.8459166666666667,-0.09047952423793328
0.846,-0.12513937944746908
0.8460833333333333,-0.23228417431458798
0.8461666666666666,-0.14022959067133783
0.84625,-0.007513527486089715
0.8463333333333334,0.003674139328187531
0.8464166666666667,-0.09553854873950492
0.8465,-0.0630158519006903
0.8465833333333334,-0.07882386266103947
0.8466666666666667,-0.2906765202241802
0.84675,-0.1302494619300384
0.8468333333333333,0.1694440132897713
0.8469166666666667,0.2891900543827135
0.847,0.44548167386600024
0.8470833333333333,0.4328969014768947
0.8471666666666666,0.2629580240209202
0.84725,0.1325367939521803
0.8473333333333334,-0.024092028712709934
0.8474166666666667,-0.05189875419511239
0.8475,-0.02812437874643728
0.8475833333333334,-0.04025482659627222
0.8476666666666667,0.17786495843120723
0.84775,0.10092170466710046
0.8478333333333333,-0.19969234215713588
0.8479166666666667,-0.05475202318758982
0.848,-0.06474955930915628
0.8480833333333333,-6.852955791437917e-05
0.8481666666666666,0.3681183623867944
0.84825,0.29106663566898416
0.8483333333333334,0.2646705931895194
0.8484166666666667,0.24072273055185264
0.8485,0.018233705317749305
0.8485833333333334,0.09589429015912629
0.8486666666666667,-0.09336406838268871
0.84875,-0.27324675132581383
0.8488333333333333,-0.13012250999264008
0.8489166666666667,-0.23297518592384495
0.849,0.045992609521833
0.8490833333333333,0.34576618179629437
0.8491666666666666,-0.02531264247985173
0.84925,0.008552972162067877
0.8493333333333334,0.08771140067768805
0.8494166666666667,-0.36885083562551974
0.8495,-0.33123332734884614
0.8495833333333334,-0.1310982256812803
0.8496666666666667,-0.07399820511875135
0.84975,0.23331187112704968
0.8498333333333333,0.150448142251011
0.8499166666666667,-0.23715734698219965
0.85,-0.41915951053550765
0.8500833333333333,-0.3972635536765528
0.8501666666666666,-0.18072886884760517
0.85025,0.028338193490268514
0.8503333333333334,0.14056792333573057
0.8504166666666667,-0.033451140423701106
0.8505,-0.2922732442428302
0.8505833333333334,-0.21313361298226466
0.8506666666666667,-0.09706130681809362
0.85075,-0.057317081410826226
0.8508333333333333,-0.05983319130129945
0.8509166666666667,-0.04542121581852557
0.851,0.1652819889251299
0.8510833333333333,0.34362309151730097
0.8511666666666666,0.2876892063932446
0.85125,-0.029024058205694505
0.8513333333333334,-0.13725822301387658
0.8514166666666667,0.07315511439275194
0.8515,0.016078703535481586
0.8515833333333334,0.060431081939534975
0.8516666666666667,0.25343401210814853
0.85175,0.07554247075364014
0.8518333333333333,-0.028934101136667546
0.8519166666666667,0.13140646517248009
0.852,0.19820770068903396
0.8520833333333333,0.23772578719011342
0.8521666666666666,0.31058255236745624
0.85225,0.2546567542000338
0.8523333333333334,0.1565950883882452
0.8524166666666667,0.10537553528154298
0.8525,0.04275970407535775
0.8525833333333334,-0.11165128080772373
0.8526666666666667,-0.22572857543279282
0.85275,-0.16269710092525302
0.8528333333333333,-0.02616230462059423
0.8529166666666667,0.23691878266007688
0.853,0.2785751018338349
0.8530833333333333,0.13818011009452372
0.8531666666666666,0.16545814363294212
0.85325,-0.05619678415633264
0.8533333333333334,-0.13633225559257078
0.8534166666666667,0.10961271358013147
0.8535,0.2317944001028391
0.8535833333333334,0.43025558319010115
0.8536666666666667,0.3929458435654775
0.85375,0.12139814194914039
0.8538333333333333,-0.04197652724443827
0.8539166666666667,-0.19267061451439102
0.854,-0.10388276063287764
0.8540833333333333,-0.055746500397056344
0.8541666666666666,-0.1250400390835479
0.85425,0.003503992313530567
0.8543333333333333,-0.0002354411896956736
0.8544166666666667,-0.006460434493967994
0.8545,-0.028450522893377166
0.8545833333333334,-0.25945665674637286
0.8546666666666667,-0.22946713177087358
0.85475,-0.18829417101552826
0.8548333333333333,-0.3842930963274373
0.8549166666666667,-0.2481309774342312
0.855,-0.10187724649345484
0.8550833333333333,-0.3290123431325187
0.8551666666666666,-0.38044765252372664
0.85525,-0.40897950443958464
0.8553333333333333,-0.4322577886278589
0.8554166666666667,-0.21030119298644276
0.8555,-0.1509198987860881
0.8555833333333334,-0.1156306293872818
0.8556666666666667,-0.13415338348681108
0.85575,-0.11271035040897334
0.8558333333333333,0.08637304816520691
0.8559166666666667,0.01830873709111613
0.856,0.0814959943005039
0.8560833333333333,0.32691246744408675
0.8561666666666666,0.4451294013762327
0.85625,0.46824184652424267
0.8563333333333333,0.3017832384524481
0.8564166666666667,0.26551024483408786
0.8565,0.1917676857606769
0.8565833333333334,-0.044975735105758446
0.8566666666666667,-0.01142056596627196
0.85675,0.16382917321840781
0.8568333333333333,0.3185151450669307
0.8569166666666667,0.31081073487761074
0.857,0.08615977300913526
0.8570833333333333,0.04503983238780202
0.8571666666666666,0.13037371405286535
0.85725,-0.0024229702456004046
0.8573333333333333,-0.11007054838700096
0.8574166666666667,-0.09009321741190962
0.8575,-0.19614971583443966
0.8575833333333334,-0.21015757819681047
0.8576666666666667,-0.12473036913536595
0.85775,-0.18723422485377003
0.8578333333333333,-0.08760336330243472
0.8579166666666667,0.12042131599166762
0.858,0.17067692597112002
0.8580833333333333,0.23978256663254507
0.8581666666666666,0.07541931520405126
0.85825,-0.18117936083382716
0.8583333333333333,-0.054322879797040105
0.8584166666666667,-0.012207856814632786
0.8585,0.13104830263592812
0.8585833333333334,0.44172756677067593
0.8586666666666667,0.3146432054768877
0.85875,0.28218762194353203
0.8588333333333333,0.22935052619742
0.8589166666666667,0.029240853755226514
0.859,-0.028435920907462876
0.8590833333333333,-0.3134212099254561
0.8591666666666666,-0.14059980898020583
0.85925,0.12270382936911053
0.8593333333333333,-0.0815585379663157
0.8594166666666667,0.02856379781469635
0.8595,-0.19461411198845138
0.8595833333333334,-0.5725392991071006
0.8596666666666667,-0.471742223226641
0.85975,-0.4237414991499791
0.8598333333333333,-0.27592566577666394
0.8599166666666667,-0.08682109065903901
0.86,0.04080351257932501
0.8600833333333333,0.07079941188917456
0.8601666666666666,-0.1627503879725357
0.86025,-0.3081048200734162
0.8603333333333333,-0.34718653362014773
0.8604166666666667,-0.30032101023734625
0.8605,-0.005389206174793446
0.8605833333333334,0.22166620487621658
0.8606666666666667,0.11596286026332932
0.86075,0.020784750597203423
0.8608333333333333,-0.03934909669245526
0.8609166666666667,-0.2957550407767122
0.861,-0.24035844814054197
0.8610833333333333,0.09876995776648448
0.8611666666666666,0.16256289767389553
0.86125,0.23975764935643684
0.8613333333333333,0.4274127944460452
0.8614166666666667,0.28763291350192477
0.8615,-0.013421480087110289
0.8615833333333334,-0.06147856264439164
0.8616666666666667,-0.06404959425283145
0.86175,-0.14042084888760345
0.8618333333333333,0.00204810119963803
0.8619166666666667,0.10242668717577508
0.862,-0.04113748408193149
0.8620833333333333,-0.15300513031998988
0.8621666666666666,-0.09885015660893678
0.86225,0.035248292098234976
0.8623333333333333,-0.05273829636517005
0.8624166666666667,-0.028704143200655313
0.8625,0.1461163666977779
0.8625833333333334,0.10667556824011794
0.8626666666666667,0.2286386604617108
0.86275,0.08614581688029621
0.8628333333333333,-0.21720875648450003
0.8629166666666667,-0.037421819552909075
0.863,0.03617947400261093
0.8630833333333333,0.12876451217828386
0.8631666666666666,0.4137424165239683
0.86325,0.45101185666169685
0.8633333333333333,0.3161148456120787
0.8634166666666667,0.17901280952622164
0.8635,0.06962655526042168
0.8635833333333334,-0.030545736061252497
0.8636666666666667,0.10886137960356519
0.86375,0.22939324718153112
0.8638333333333333,-0.01751729540984775
0.8639166666666667,-0.10266612163073852
0.864,-0.1247739975540054
0.8640833333333333,-0.3245097248696478
0.8641666666666666,-0.3465342465060142
0.86425,-0.3194517498894004
0.8643333333333333,-0.22846749912695394
0.8644166666666667,-0.06954670775923295
0.8645,-0.08665976847411838
0.8645833333333334,-0.04456207337031548
0.8646666666666667,-0.017127343715467765
0.86475,-0.17844344981747742
0.8648333333333333,-0.4034393561894216
0.8649166666666667,-0.5263175836059882
0.865,-0.20010209680999447
0.8650833333333333,0.11624748492426193
0.8651666666666666,0.1519657598891533
0.86525,0.24049321583014097
0.8653333333333333,0.054167638083131145
0.8654166666666666,0.054786515220791664
0.8655,0.21094604919899093
0.8655833333333334,-0.10754975927461588
0.8656666666666667,-0.062414266605536194
0.86575,0.0940087366526533
0.8658333333333333,-0.014081660519635919
0.8659166666666667,0.2247561387555556
0.866,0.2390583128867795
0.8660833333333333,0.004140257896809987
0.8661666666666666,-0.10354468494830042
0.86625,-0.28758105173220466
0.8663333333333333,-0.1384267471461779
0.8664166666666666,0.1282868384025746
0.8665,0.1306878783166196
0.8665833333333334,0.3231958432047561
0.8666666666666667,0.30669496256326945
0.86675,-0.04614835117400472
0.8668333333333333,-0.13651611306182007
0.8669166666666667,-0.25728142667176535
0.867,-0.3148742718283635
0.8670833333333333,-0.05380783383892292
0.8671666666666666,0.07177878708689041
0.86725,0.003247718937024014
0.8673333333333333,0.01168479427683376
0.8674166666666666,0.11640806077755984
0.8675,0.09796722894096667
0.8675833333333334,0.10290774653369518
0.8676666666666667,0.19232129385886454
0.86775,0.2528814747192618
0.8678333333333333,0.32654322117157764
0.8679166666666667,0.23703641767937095
0.868,0.09035204173250644
0.8680833333333333,-0.1875161454842119
0.8681666666666666,-0.3546713091041541
0.86825,-0.2734663783087282
0.8683333333333333,-0.31905828757435495
0.8684166666666666,-0.025305603182929074
0.8685,0.23560707527573985
0.8685833333333334,0.14153726590154933
0.8686666666666667,0.15223156623148595
0.86875,0.1167621798195149
0.8688333333333333,0.01837756529473045
0.8689166666666667,-0.19067850270411743
0.869,-0.21712282653825288
0.8690833333333333,-0.09844420298475189
0.8691666666666666,0.037040605734059505
0.86925,0.3017221930673797
0.8693333333333333,0.10197094720361612
0.8694166666666666,-0.05474911586897892
0.8695,-0.06335400269652153
0.8695833333333334,-0.4220704135157535
0.8696666666666667,-0.23059163233234972
0.86975,0.13505187535140956
0.8698333333333333,0.1244551120895207
0.8699166666666667,0.3941193950824749
0.87,0.42056418527552275
0.8700833333333333,0.07588305518292981
0.8701666666666666,-0.08620749124123138
0.87025,-0.27582047927190156
0.8703333333333333,-0.3236439152684603
0.8704166666666666,-0.14087524864538942
0.8705,0.01553560732692739
0.8705833333333334,0.06342962424747693
0.8706666666666667,0.02851625609692642
0.87075,0.041344217996396745
0.8708333333333333,-0.07123535275879506
0.8709166666666667,-0.23084960169373125
0.871,-0.15861864038164752
0.8710833333333333,-0.004213193469680101
0.8711666666666666,0.07347032414399682
0.87125,0.24233444406804308
0.8713333333333333,0.26429170128299795
0.8714166666666666,-0.11952051238579672
0.8715,-0.2019857966973416
0.8715833333333334,-0.09114129930784337
0.8716666666666667,-0.10808563366609684
0.87175,0.08551590477177377
0.8718333333333333,0.10532125905868997
0.8719166666666667,0.029033252039258703
0.872,-0.01078191466301936
0.8720833333333333,-0.1357694251309326
0.8721666666666666,-0.07445260165406418
0.87225,0.00026243603187725377
0.8723333333333333,0.05776744310009141
0.8724166666666666,0.22761009339975483
0.8725,0.31847851304289887
0.8725833333333334,0.13669992365350556
0.8726666666666667,-0.03670991801506751
0.87275,-0.08502206646609113
0.8728333333333333,-0.1284060488061368
0.8729166666666667,0.201990833492782
0.873,0.2665377121613943
0.8730833333333333,0.11056541690585817
0.8731666666666666,0.36469385767149587
0.87325,0.08397356175984334
0.8733333333333333,-0.022017612015786513
0.8734166666666666,0.14061123526277225
0.8735,-0.22546908393968224
0.8735833333333334,-0.021247069820493365
0.8736666666666667,0.10008571672088964
0.87375,0.07246941762455812
0.8738333333333334,0.372246163905891
0.8739166666666667,0.06921265847643024
0.874,-0.07071157376734194
0.8740833333333333,-0.08953176919370884
0.8741666666666666,-0.33492854514676845
0.87425,-0.053659975638543356
0.8743333333333333,0.1899466490318565
0.8744166666666666,0.16268604923338642
0.8745,0.17021893642691158
0.8745833333333334,-0.04374831163105033
0.8746666666666667,-0.17833960906967838
0.87475,-0.13568093302188527
0.8748333333333334,-0.302305697728778
0.8749166666666667,-0.31655897709461456
0.875,-0.2367724955841254
0.8750833333333333,-0.34684354104681275
0.8751666666666666,-0.15638870106695563
0.87525,0.06823230414544004
0.8753333333333333,-0.010530206158959688
0.8754166666666666,0.007392746905957558
0.8755,-0.024970531710445686
0.8755833333333334,-0.18389330765336895
0.8756666666666667,-0.08969264349159084
0.87575,-0.025044444696496054
0.8758333333333334,-0.23187790359068877
0.8759166666666667,-0.25374975344757655
0.876,-0.17067040117249613
0.8760833333333333,-0.15006214675983098
0.8761666666666666,0.030517513659689865
0.87625,0.09979414296150813
0.8763333333333333,0.1578262367622927
0.8764166666666666,0.2835915699729304
0.8765,0.13230373261791484
0.8765833333333334,0.08128317851526541
0.8766666666666667,0.04310397550071204
0.87675,-0.2215702051846494
0.8768333333333334,-0.2998614285849632
0.8769166666666667,-0.33817586354503637
0.877,-0.2306519249314156
0.8770833333333333,0.1360562786132082
0.8771666666666667,0.21090779834923445
0.87725,0.19017389971261672
0.8773333333333333,0.13290991742122638
0.8774166666666666,-0.044625392933852856
0.8775,0.19501867711576262
0.8775833333333334,0.3794317388405079
0.8776666666666667,0.2972693033613816
0.87775,0.4091095758430553
0.8778333333333334,0.4195741755616643
0.8779166666666667,0.30202839951101307
0.878,0.13781303145453824
0.8780833333333333,-0.10655506076652436
0.8781666666666667,-0.2955752290404189
0.87825,-0.1510245291578475
0.8783333333333333,0.13750200184869052
0.8784166666666666,0.15142172285267957
0.8785,0.30548597089163165
0.8785833333333334,0.2187110994034292
0.8786666666666667,-0.14914008662747696
0.87875,-0.18009876306682296
0.8788333333333334,-0.34065831186001017
0.8789166666666667,-0.18564336834906953
0.879,0.19520556885738868
0.8790833333333333,-0.0024282183400455726
0.8791666666666667,-0.1326259520175113
0.87925,-0.16265227162558676
0.8793333333333333,-0.1975708806612264
0.8794166666666666,-0.12958243978538025
0.8795,-0.3325774231078853
0.8795833333333334,-0.1541095903955143
0.8796666666666667,0.23563765312525203
0.87975,-0.00020521921228469812
0.8798333333333334,-0.0170063703928239
0.8799166666666667,0.16436761353293305
0.88,-0.08224165318296904
0.8800833333333333,-0.08991789083583819
0.8801666666666667,0.03958830713200084
0.88025,0.002243057267798816
0.8803333333333333,0.18204904958157045
0.8804166666666666,0.23402931695780385
0.8805,0.002089223424267145
0.8805833333333334,-0.013512765676423505
0.8806666666666667,0.1333010989559643
0.88075,0.035815092535930466
0.8808333333333334,-0.08669050587378455
0.8809166666666667,0.11431927940288639
0.881,0.21441754905038599
0.8810833333333333,0.16367181716473103
0.8811666666666667,0.08604425147164387
0.88125,-0.1738143547833433
0.8813333333333333,-0.0783960224786434
0.8814166666666666,0.12834604103684014
0.8815,0.009486191078992571
0.8815833333333334,0.008929003043877072
0.8816666666666667,0.01203596420108585
0.88175,0.03911237520314588
0.8818333333333334,0.06515118474271261
0.8819166666666667,0.015000128248824093
0.882,0.21211172460652608
0.8820833333333333,0.2318949346751245
0.8821666666666667,0.07913669431986686
0.88225,0.07770295085102413
0.8823333333333333,-0.03319073273399343
0.8824166666666666,0.06105908156668938
0.8825,0.2075908503289105
0.8825833333333334,-0.034024219527413475
0.8826666666666667,-0.12510557457472188
0.88275,0.17077986066385067
0.8828333333333334,0.4165005762330693
0.8829166666666667,0.18861121419206228
0.883,-0.043359865194833175
0.8830833333333333,0.009919452005516504
0.8831666666666667,-0.17772095485175485
0.88325,-0.12265187219326658
0.8833333333333333,0.05485721348046473
0.8834166666666666,-0.2146665055902943
0.8835,-0.19549067510534193
0.8835833333333334,-0.06114921904269245
0.8836666666666667,-0.23962346096537884
0.88375,-0.13960783700028265
0.8838333333333334,0.041077444879655575
0.8839166666666667,-0.12392080044937573
0.884,-0.24927434710686758
0.8840833333333333,-0.2577790646970419
0.8841666666666667,-0.18199348673621368
0.88425,0.12434996632374591
0.8843333333333333,0.21708060654806952
0.8844166666666666,-0.11216584146917949
0.8845,-0.2623382707660952
0.8845833333333334,-0.2372051959174641
0.8846666666666667,-0.3186481981727217
0.88475,0.04155590095443355
0.8848333333333334,0.2496728643171237
0.8849166666666667,0.01973856140579169
0.885,0.3019246274036467
0.8850833333333333,0.24020712247381557
0.8851666666666667,0.029193500967568124
0.88525,0.25582286829193285
0.8853333333333333,-0.040789510350250906
0.8854166666666666,-0.15727842270872047
0.8855,-0.055636772566521046
0.8855833333333333,-0.09499495261181572
0.8856666666666667,0.2355040116466303
0.88575,0.21155559128069693
0.8858333333333334,-0.07875325563225302
0.8859166666666667,-0.08299946073900955
0.886,-0.06594454847258656
0.8860833333333333,0.043033405570474144
0.8861666666666667,0.19264295327375497
0.88625,0.09424941908868212
0.8863333333333333,-0.049263519610341075
0.8864166666666666,0.026885970737915967
0.8865,-0.05235631275361206
0.8865833333333333,-0.14763623615024296
0.8866666666666667,-0.04692326682898111
0.88675,-0.2746389310711841
0.8868333333333334,-0.36276628326485655
0.8869166666666667,-0.06055749704286882
0.887,0.04847230506998266
0.8870833333333333,0.11049426737423855
0.8871666666666667,0.003350095696461471
0.88725,-0.1865932522358684
0.8873333333333333,-0.05363545261924494
0.8874166666666666,-0.029961440526778616
0.8875,0.053010096475855265
0.8875833333333333,0.30115237200285516
0.8876666666666667,0.20669796002721955
0.88775,0.15953571364984132
0.8878333333333334,0.17337842028795344
0.8879166666666667,0.016961095951796918
0.888,-0.03839886878928934
0.8880833333333333,-0.19443452652365564
0.8881666666666667,-0.1925756253007509
0.88825,0.011378290789917112
0.8883333333333333,0.00095443975196372
0.8884166666666666,0.12867056160403084
0.8885,0.11065933293883325
0.8885833333333333,-0.14289788607418732
0.8886666666666667,-0.1751620809258127
0.88875,-0.2802974007713934
0.8888333333333334,-0.31649427524731966
0.8889166666666667,-0.21262240443515
0.889,-0.19439863897181336
0.8890833333333333,-0.14595416773051886
0.8891666666666667,-0.10856171056891348
0.88925,-0.14021336971509413
0.8893333333333333,-0.18839583396370893
0.8894166666666666,-0.12941807179247058
0.8895,-0.23561705673679836
0.8895833333333333,-0.19504921704563338
0.8896666666666667,0.3018338387603441
0.88975,0.354982348562345
0.8898333333333334,0.25533792993999194
0.8899166666666667,0.1978228587237024
0.89,-0.15617595433791442
0.8900833333333333,-0.10421306486583984
0.8901666666666667,0.017362882375169243
0.89025,0.1382965236650067
0.8903333333333333,0.4577821627636323
0.8904166666666666,0.3244547940562339
0.8905,0.19713265972614402
0.8905833333333333,0.18758333681583442
0.8906666666666667,0.037083219784454786
0.89075,-0.02862807079513791
0.8908333333333334,-0.11736096180164174
0.8909166666666667,-0.035361208603929974
0.891,0.0599225752720985
0.8910833333333333,0.14118870858383795
0.8911666666666667,0.24559458872900952
0.89125,0.00443743442288312
0.8913333333333333,-0.204121581004688
0.8914166666666666,-0.367726263074167
0.8915,-0.402593351713751
0.8915833333333333,-0.20707852918456318
0.8916666666666667,-0.2001975441808897
0.89175,-0.05954808748697538
0.8918333333333334,0.018123355365299923
0.8919166666666667,-0.11193641689654105
0.892,-0.07450644955664436
0.8920833333333333,-0.12615652105131925
0.8921666666666667,-0.1501070436308551
0.89225,-0.00874013280438804
0.8923333333333333,0.05407208214316534
0.8924166666666666,0.15671876870493792
0.8925,0.3113444972733957
0.8925833333333333,0.18857788770733505
0.8926666666666667,0.030505233817315163
0.89275,-0.04216569992739061
0.8928333333333334,-0.23198145872532097
0.8929166666666667,-0.040772875142698714
0.893,0.20862443461290325
0.8930833333333333,0.19729317330628704
0.8931666666666667,0.272603938882383
0.89325,0.006017802397799725
0.8933333333333333,-0.21065504357251
0.8934166666666666,-0.20941006819866492
0.8935,-0.3837870436200401
0.8935833333333333,-0.19344648763880415
0.8936666666666667,-0.05635607812745786
0.89375,-0.0781242539907668
0.8938333333333334,0.24021508326018962
0.8939166666666667,0.17385113374402467
0.894,-0.10254917332003628
0.8940833333333333,-0.17152462343465477
0.8941666666666667,-0.2856992474782001
0.89425,-0.14753170813335595
0.8943333333333333,-0.1185304829880699
0.8944166666666666,-0.15015821558810247
0.8945,0.03497516913765181
0.8945833333333333,-0.10540392506055525
0.8946666666666667,0.012697664193637595
0.89475,0.23331679872572633
0.8948333333333334,0.06269789302034692
0.8949166666666667,0.22757792893751225
0.895,0.3681299513427185
0.8950833333333333,0.3417856666489215
0.8951666666666667,0.35199858986891663
0.89525,0.1406166043895988
0.8953333333333333,0.02851008252849382
0.8954166666666666,0.003531760890635038
0.8955,-0.04552318823478691
0.8955833333333333,-0.019067336889845198
0.8956666666666667,-0.0024847198881710946
0.89575,0.006831976390629209
0.8958333333333334,0.07819639771595878
0.8959166666666667,0.08474226572353599
0.896,-0.09948267926657547
0.8960833333333333,-0.1673141217312492
0.8961666666666667,-0.15774351535996908
0.89625,-0.1696026255902181
0.8963333333333333,0.0189826154720953
0.8964166666666666,0.137904579112739
0.8965,0.02466655943202205
0.8965833333333333,-0.11979874041031993
0.8966666666666666,-0.15301411135693913
0.89675,-0.15932449160109824
0.8968333333333334,-0.24664234707710908
0.8969166666666667,-0.24219707567421084
0.897,-0.11000826544778346
0.8970833333333333,0.07232416017893674
0.8971666666666667,0.17768766143015857
0.89725,0.12184968709266959
0.8973333333333333,0.023772341079278284
0.8974166666666666,-0.019257680571467026
0.8975,-0.0720210658033411
0.8975833333333333,-0.10573780710081233
0.8976666666666666,0.11513996215877065
0.89775,0.15450988960599205
0.8978333333333334,0.05046780410910183
0.8979166666666667,0.1712677777266518
0.898,-0.11156754150459461
0.8980833333333333,-0.18329831086056372
0.8981666666666667,0.04240910599134866
0.89825,-0.0870888722522532
0.8983333333333333,0.13981774888449058
0.8984166666666666,0.15060877490812674
0.8985,-0.03227642235419286
0.8985833333333333,0.09293661255037905
0.8986666666666666,-0.06740052908731514
0.89875,0.030864933242066465
0.8988333333333334,0.1976019864141701
0.8989166666666667,0.1725961117821573
0.899,0.2533239511970717
0.8990833333333333,0.11026915147012585
0.8991666666666667,0.09871931747712065
0.89925,0.052033917510834235
0.8993333333333333,-0.16895721010842524
0.8994166666666666,-0.019257776924778976
0.8995,0.14822969119307403
0.8995833333333333,0.08662033432957024
0.8996666666666666,0.06536678784067124
0.89975,0.15036602918989825
0.8998333333333334,0.13830993902268998
0.8999166666666667,0.07231297286129422
0.9,0.22517141767344687
0.9000833333333333,0.2563741581653594
0.9001666666666667,0.07399338821123247
0.90025,-0.016590508551762237
0.9003333333333333,-0.020302794170431255
0.9004166666666666,0.04604152994406477
0.9005,0.08332095436468653
0.9005833333333333,0.015802142140702222
0.9006666666666666,-0.14238241115139977
0.90075,-0.19322763062819706
0.9008333333333334,-0.14008284594973944
0.9009166666666667,-0.10463270343431083
0.901,0.032247581254772714
0.9010833333333333,0.05526661767954898
0.9011666666666667,0.05133829729215408
0.90125,0.106772221014692
0.9013333333333333,0.04006079345154744
0.9014166666666666,0.00257908372767285
0.9015,0.016608562389605307
0.9015833333333333,0.027721636541433604
0.9016666666666666,-0.10204534463326292
0.90175,-0.16588029291623652
0.9018333333333334,-0.1440199919440043
0.9019166666666667,-0.17101705364429282
0.902,0.015137456422163706
0.9020833333333333,-0.10035112955255159
0.9021666666666667,-0.19090173219271347
0.90225,0.11803705223691521
0.9023333333333333,0.12246389802474941
0.9024166666666666,0.15646715515999748
0.9025,0.07617726157142687
0.9025833333333333,-0.16826513299945375
0.9026666666666666,-0.2077819768841916
0.90275,-0.28350953175317295
0.9028333333333334,-0.10361621476725055
0.9029166666666667,-0.09542290798598299
0.903,-0.23810143939940764
0.9030833333333333,-0.1099946536055869
0.9031666666666667,-0.13064311593968778
0.90325,0.02130438941829388
0.9033333333333333,0.15177407331502915
0.9034166666666666,0.038260255253222256
0.9035,-0.014693515779566605
0.9035833333333333,-0.10718729631888772
0.9036666666666666,-0.10044783020443752
0.90375,-0.031099334092091986
0.9038333333333334,0.002753802825389999
0.9039166666666667,-0.08599386848194204
0.904,-0.17173589418211957
0.9040833333333333,-0.03491886290097708
0.9041666666666667,0.08730542919483843
0.90425,0.09449767672429504
0.9043333333333333,0.04207999952919488
0.9044166666666666,0.0158901313979863
0.9045,-0.011689660156158454
0.9045833333333333,0.053656537759918396
0.9046666666666666,0.12776304454220713
0.90475,0.02514885971129768
0.9048333333333334,0.14392138089809747
0.9049166666666667,0.1940933525143395
0.905,0.0004409534123132173
0.9050833333333334,0.12474943850232106
0.9051666666666667,0.22416270976957267
0.90525,0.16997694888164805
0.9053333333333333,0.25369697672302466
0.9054166666666666,0.13582060986068895
0.9055,-0.01444084797147756
0.9055833333333333,0.015498393665778943
0.9056666666666666,-0.19062804688111062
0.90575,-0.3494406334057845
0.9058333333333334,-0.17449601536701065
0.9059166666666667,-0.04774777855867902
0.906,-0.024365710453411963
0.9060833333333334,-0.04425099506781786
0.9061666666666667,-0.06835413905634269
0.90625,-0.1513439639987771
0.9063333333333333,-0.29588893180457354
0.9064166666666666,-0.22973151946395948
0.9065,-0.11001139219860023
0.9065833333333333,0.07516854834270187
0.9066666666666666,0.2793456446145342
0.90675,0.14388528686678445
0.9068333333333334,0.06840282747778634
0.9069166666666667,0.05512128035280854
0.907,-0.07829621498260954
0.9070833333333334,0.0328164259674522
0.9071666666666667,0.15091157782042738
0.90725,0.2033672292908179
0.9073333333333333,0.30164845635465537
0.9074166666666666,0.17567378976987458
0.9075,-0.04903255252848713
0.9075833333333333,-0.11279920578757949
0.9076666666666666,0.02212259635511495
0.90775,0.05695984205827753
0.9078333333333334,-0.03839440374502073
0.9079166666666667,0.1599141271143573
0.908,0.30747506342112424
0.9080833333333334,0.22787741550402263
0.9081666666666667,0.17801222962786675
0.90825,-0.05842216063556717
0.9083333333333333,-0.15490053032745194
0.9084166666666667,-0.022280795188724997
0.9085,-0.0625796361530058
0.9085833333333333,-0.07312367999044647
0.9086666666666666,-0.1435435699338599
0.90875,-0.23967953079334645
0.9088333333333334,-0.0922767319811609
0.9089166666666667,0.010839031096039994
0.909,0.12039092226483572
0.9090833333333334,0.19524544001962846
0.9091666666666667,0.04337839911553988
0.90925,-0.0194728156629966
0.9093333333333333,0.0512640271369773
0.9094166666666667,0.24272200649834028
0.9095,0.25136343359177327
0.9095833333333333,-0.09015532221643235
0.9096666666666666,-0.25313363298725566
0.90975,-0.3160642229098696
0.9098333333333334,-0.2150576054871201
0.9099166666666667,0.035360032208829946
0.91,0.08723499229745293
0.9100833333333334,0.20538221674964705
0.9101666666666667,0.16563229699682752
0.91025,0.049113481127469834
0.9103333333333333,0.08162912334847267
0.9104166666666667,-0.09775993857323494
0.9105,-0.1588106131806142
0.9105833333333333,-0.07602166200184463
0.9106666666666666,-0.08073175799823437
0.91075,-0.07074520758914375
0.9108333333333334,-0.06108247122108894
0.9109166666666667,0.08377931861941387
0.911,0.11689782523090289
0.9110833333333334,-0.019898041447956854
0.9111666666666667,0.0055995908300599025
0.91125,0.11367409057561227
0.9113333333333333,0.18383895031778888
0.9114166666666667,0.14704010443197574
0.9115,0.10222393555559586
0.9115833333333333,0.11789656889740548
0.9116666666666666,0.1120659918094897
0.91175,0.09483728002458988
0.9118333333333334,0.004659434547907274
0.9119166666666667,-0.01219573635074093
0.912,0.07057292301373852
0.9120833333333334,0.10550612685031543
0.9121666666666667,0.16252448513390091
0.91225,0.056212764808542696
0.9123333333333333,-0.03407522629994633
0.9124166666666667,0.09713032058201813
0.9125,-0.0892712812862855
0.9125833333333333,-0.2593240003690308
0.9126666666666666,-0.11670802435711837
0.91275,-0.12471131484246332
0.9128333333333334,0.0022026468303981885
0.9129166666666667,0.12463905558008946
0.913,-0.0325721941065297
0.9130833333333334,-0.1423339634792765
0.9131666666666667,-0.28520157470944923
0.91325,-0.32691938002441906
0.9133333333333333,-0.07088761488831827
0.9134166666666667,0.08814951916744185
0.9135,0.01273990271322982
0.9135833333333333,-0.006249124499271596
0.9136666666666666,-0.0910863329035108
0.91375,-0.15023773236152874
0.9138333333333334,0.018094642222388067
0.9139166666666667,0.009084247749048506
0.914,-0.021830278443903985
0.9140833333333334,0.05776308341213954
0.9141666666666667,0.07978924707736622
0.91425,0.09027327535465716
0.9143333333333333,-0.016075537385661906
0.9144166666666667,-0.10540406173485073
0.9145,-0.25598911073316066
0.9145833333333333,-0.30259314275028565
0.9146666666666666,-0.12117515350761607
0.91475,-0.09183283537662838
0.9148333333333334,0.04059741491565652
0.9149166666666667,0.10019477857987144
0.915,-0.09146614095008919
0.9150833333333334,-0.10951402542023538
0.9151666666666667,-0.08661318890277465
0.91525,-0.09956444806576026
0.9153333333333333,-0.18036825698330172
0.9154166666666667,-0.14110925618371195
0.9155,0.11131591174604996
0.9155833333333333,0.022331916570384924
0.9156666666666666,-0.14971841761685328
0.91575,-0.13279301140219324
0.9158333333333334,-0.20634080935659344
0.9159166666666667,-0.1776094654432913
0.916,-0.024638344196277452
0.9160833333333334,0.12066800208693182
0.9161666666666667,0.25085159624984016
0.91625,0.269349877002135
0.9163333333333333,0.16056188925328552
0.9164166666666667,-0.007815650090521738
0.9165,-0.20069185251117153
0.9165833333333333,-0.13017947141032007
0.9166666666666666,0.17151428409591096
0.91675,0.11415503205842989
0.9168333333333333,0.14806470508882408
0.9169166666666667,0.2862211562218814
0.917,0.07957646058777894
0.9170833333333334,0.23062481555511138
0.9171666666666667,0.1932642785654948
0.91725,-0.06814055780168476
0.9173333333333333,0.16917199069371652
0.9174166666666667,0.12681782110226977
0.9175,0.05309980361221156
0.9175833333333333,0.12326485832007723
0.9176666666666666,0.00012602149205602305
0.91775,0.08612756778845014
0.9178333333333333,0.11930450660048972
0.9179166666666667,0.11303082385700255
0.918,0.2119423394165845
0.9180833333333334,0.09060727139312642
0.9181666666666667,-0.04244199085447357
0.91825,0.0033170636767160325
0.9183333333333333,-0.03184740528406908
0.9184166666666667,-0.09983011571768435
0.9185,-0.016047292680952428
0.9185833333333333,-0.16575090821783703
0.9186666666666666,-0.29498403099561893
0.91875,-0.03351736027446155
0.9188333333333333,-0.09967053232062247
0.9189166666666667,-0.22260236686960483
0.919,-0.1039171907755076
0.9190833333333334,-0.29420066077768514
0.9191666666666667,-0.2765552705538034
0.91925,-0.14527735248459103
0.9193333333333333,-0.2884637877827878
0.9194166666666667,-0.09777983567467387
0.9195,-0.025921005412871696
0.9195833333333333,-0.18091420828213786
0.9196666666666666,0.07400206824352412
0.91975,0.07288753872573597
0.9198333333333333,-0.07411413103365677
0.9199166666666667,0.06820372193916115
0.92,-0.04324214938764874
0.9200833333333334,-0.03811765276379349
0.9201666666666667,0.08607602470625891
0.92025,-0.031013698277331095
0.9203333333333333,-0.11715187701240544
0.9204166666666667,-0.15282018020370994
0.9205,-0.07475133223111892
0.9205833333333333,-0.046841391488292625
0.9206666666666666,0.0777601830442285
0.92075,0.2019159620060845
0.9208333333333333,0.01699710195795152
0.9209166666666667,0.0061299764320476065
0.921,-0.07977716165613477
0.9210833333333334,-0.07783898431222054
0.9211666666666667,0.026993290776164237
0.92125,-0.2190089239464938
0.9213333333333333,-0.05132364282365899
0.9214166666666667,-0.021387885463252404
0.9215,-0.17106504773581677
0.9215833333333333,0.18934888181171874
0.9216666666666666,0.004105820756871671
0.92175,-0.22722463246689276
0.9218333333333333,-0.05289470528916551
0.9219166666666667,-0.16901329757403058
0.922,-0.04090420445789937
0.9220833333333334,0.16893308304851998
0.9221666666666667,0.06431890999220446
0.92225,0.008130866218567836
0.9223333333333333,-0.023078980917479043
0.9224166666666667,0.024440869255538848
0.9225,0.19028668548762773
0.9225833333333333,0.19288223379547292
0.9226666666666666,0.10509950408514773
0.92275,0.12279019711234113
0.9228333333333333,0.11538697802022951
0.9229166666666667,0.10673812014873714
0.923,0.15481157131420434
0.9230833333333334,0.0889063073987353
0.9231666666666667,-0.01432935302426242
0.92325,-0.0503079122348435
0.9233333333333333,-0.07993028238428887
0.9234166666666667,0.055485421387233114
0.9235,0.2170002828953623
0.9235833333333333,0.1438413009075687
0.9236666666666666,0.10219762281032845
0.92375,-0.028769712378936312
0.9238333333333333,-0.2039906577276854
0.9239166666666667,-0.04476062955456184
0.924,-0.08061100804410351
0.9240833333333334,-0.2199673042986246
0.9241666666666667,-0.11152825068120745
0.92425,-0.063644094250047
0.9243333333333333,0.03815208638981381
0.9244166666666667,-0.019029514647381774
0.9245,-0.029290489674916275
0.9245833333333333,0.08812046251658737
0.9246666666666666,-0.1386289923382738
0.92475,-0.15461819156293588
0.9248333333333333,0.029866361592259024
0.9249166666666667,0.09238162192406082
0.925,0.10514969094606699
0.9250833333333334,0.04928538693018047
0.9251666666666667,-0.04131050030684104
0.92525,-0.09912540324508848
0.9253333333333333,0.11159367586966626
0.9254166666666667,0.09017496375859038
0.9255,0.014898798055456854
0.9255833333333333,0.24684218204240863
0.9256666666666666,0.17022121373919166
0.92575,0.009833047917181618
0.9258333333333333,-0.12427214493959908
0.9259166666666667,-0.20057743593546573
0.926,-0.11700690179178341
0.9260833333333334,0.008265095898476973
0.9261666666666667,0.19992994786151866
0.92625,0.1627940001047875
0.9263333333333333,0.194783117868571
0.9264166666666667,0.17763124801344943
0.9265,-0.15439863950653582
0.9265833333333333,-0.11420791469518728
0.9266666666666666,0.05840499988653195
0.92675,-0.07582202886269836
0.9268333333333333,-0.04149532133826579
0.9269166666666667,0.2251704416550105
0.927,0.223803193989895
0.9270833333333334,0.12322834228633563
0.9271666666666667,0.1537942011333155
0.92725,-0.04252272837274748
0.9273333333333333,-0.20028408354242372
0.9274166666666667,-0.028249533208580545
0.9275,0.16940530691812788
0.9275833333333333,0.23803542825298385
0.9276666666666666,0.2345650862603926
0.92775,0.17468816793740818
0.9278333333333333,-0.024680107685290456
0.9279166666666666,-0.18982993012824473
0.928,-0.14868225165809915
0.9280833333333334,-0.015746936436179
0.9281666666666667,0.06289487810715311
0.92825,0.15573228480037943
0.9283333333333333,0.2678830137982022
0.9284166666666667,0.05867913994636052
0.9285,-0.059568290974316235
0.9285833333333333,0.0983451435462659
0.9286666666666666,-0.06726901878745115
0.92875,-0.08675426522897425
0.9288333333333333,0.08682967031720182
0.9289166666666666,0.023607809918068674
0.929,-0.01429419342886592
0.9290833333333334,-0.21933859496348374
0.9291666666666667,-0.2852675736407394
0.92925,-0.16852126431190537
0.9293333333333333,-0.3120740140557361
0.9294166666666667,-0.09541190956766193
0.9295,0.18800855765972554
0.9295833333333333,0.11573580753833936
0.9296666666666666,0.10408463143095098
0.92975,-0.130724890319721
0.9298333333333333,-0.37018489169640023
0.9299166666666666,-0.34406883957341516
0.93,-0.2128488268917418
0.9300833333333334,0.0293377982525951
0.9301666666666667,0.08240187787256179
0.93025,0.12910036390225452
0.9303333333333333,0.11857941752408283
0.9304166666666667,-0.05778714097546479
0.9305,-0.03367514543127552
0.9305833333333333,-0.06913672211674465
0.9306666666666666,-0.03535457107193382
0.93075,0.07413245351204784
0.9308333333333333,0.04133536475138296
0.9309166666666666,0.10505299314279598
0.931,0.09717408331663545
0.9310833333333334,0.09983131802395545
0.9311666666666667,0.003061871685299861
0.93125,-0.18350956626368148
0.9313333333333333,-0.12634151159241414
0.9314166666666667,-0.13308613908312825
0.9315,-0.1384350928382927
0.9315833333333333,0.01455227320610603
0.9316666666666666,0.1379024523969271
0.93175,-0.000824802030189217
0.9318333333333333,-0.10401342158527052
0.9319166666666666,0.08062248215031202
0.932,0.042737892636285794
0.9320833333333334,0.024928118714381203
0.9321666666666667,0.1249073401558422
0.93225,0.09484114549842879
0.9323333333333333,-0.01674304640704475
0.9324166666666667,-0.18383278694428862
0.9325,-0.14112096942652722
0.9325833333333333,-0.20510866346868845
0.9326666666666666,-0.08065180336093625
0.93275,0.2631149594387954
0.9328333333333333,0.13008253821533938
0.9329166666666666,0.22728238613963067
0.933,0.2393783183366593
0.9330833333333334,-0.14797976803265442
0.9331666666666667,-0.09425863669292608
0.93325,-0.15143000818991972
0.9333333333333333,-0.17017284751377432
0.9334166666666667,0.09667088544311772
0.9335,-0.03275506249924026
0.9335833333333333,0.03197607739859222
0.9336666666666666,0.14633535294176173
0.93375,-0.09462221226482315
0.9338333333333333,-0.015162785439772956
0.9339166666666666,0.02875978228822579
0.934,-0.00031023611635921857
0.9340833333333334,0.20158928223684605
0.9341666666666667,0.08566275632798606
0.93425,-0.11921040165249028
0.9343333333333333,-0.14422873196747726
0.9344166666666667,-0.1778161830439607
0.9345,0.044860152401189825
0.9345833333333333,0.1885581641511348
0.9346666666666666,-0.0336585383941793
0.93475,0.0015209090231111614
0.9348333333333333,0.11883442274626685
0.9349166666666666,0.11822939727751923
0.935,0.21966217789880085
0.9350833333333334,0.04892919878873955
0.9351666666666667,-0.1749618866632528
0.93525,-0.20537309231985154
0.9353333333333333,-0.17096917808596196
0.9354166666666667,0.004043262278594322
0.9355,0.2675325725940001
0.9355833333333333,0.44605804619968387
0.9356666666666666,0.26828838566001934
0.93575,0.1265554592524457
0.9358333333333333,-0.0074436957099334195
0.9359166666666666,-0.29992017768600954
0.936,-0.05652388299837484
0.9360833333333334,0.06490095764694123
0.9361666666666667,-0.20488162598289206
0.93625,-0.007062968873364489
0.9363333333333334,0.13588083951146904
0.9364166666666667,0.036525723424590435
0.9365,0.1535710783717379
0.9365833333333333,0.13018753307286596
0.9366666666666666,-0.07917191682193332
0.93675,-0.23034718316003952
0.9368333333333333,-0.1367923416847958
0.9369166666666666,0.33925305073057693
0.937,0.46109160063274873
0.9370833333333334,0.1354062654663756
0.9371666666666667,-0.07041927355312974
0.93725,-0.37968667620584934
0.9373333333333334,-0.3811531120897617
0.9374166666666667,-0.06887165528868489
0.9375,-0.07210368878552921
0.9375833333333333,0.053156824961760635
0.9376666666666666,0.11210785593041978
0.93775,-0.02891721941350991
0.9378333333333333,0.07564827968150961
0.9379166666666666,-0.019814617516320354
0.938,-0.18640833520570282
0.9380833333333334,-0.25455527818042467
0.9381666666666667,-0.31956001815155977
0.93825,-0.08888501628393704
0.9383333333333334,0.12688545644210805
0.9384166666666667,0.3212377206920489
0.9385,0.3212904916485891
0.9385833333333333,-0.05836850712322823
0.9386666666666666,-0.1990398102741191
0.93875,-0.19635922774458914
0.9388333333333333,-0.10420259760068554
0.9389166666666666,0.16341295361558664
0.939,0.242654304884914
0.9390833333333334,0.17053757008355958
0.9391666666666667,0.0810137691188541
0.93925,0.05892778527185569
0.9393333333333334,0.04207650104871183
0.9394166666666667,-0.05951748310480126
0.9395,-0.046735958166004545
0.9395833333333333,0.0021264156894738474
0.9396666666666667,0.022743094692361927
0.93975,0.2563189411840078
0.9398333333333333,0.4274281222332807
0.9399166666666666,0.20647900282391696
0.94,-0.00620272250922785
0.9400833333333334,-0.12599775308701597
0.9401666666666667,-0.3451941684820108
0.94025,-0.18117714704799617
0.9403333333333334,0.12946963782213675
0.9404166666666667,-0.00446810157208276
0.9405,0.02755214832530453
0.9405833333333333,0.1852614153733088
0.9406666666666667,0.014152248386985136
0.94075,-0.11085875683084163
0.9408333333333333,-0.11335494028729118
0.9409166666666666,-0.0787302138542736
0.941,-0.05146480126265471
0.9410833333333334,-0.017846477163522074
0.9411666666666667,-0.03259956450716123
0.94125,-0.1262851170858795
0.9413333333333334,-0.0947071481862308
0.9414166666666667,-0.14296542221860692
0.9415,-0.12994378500575018
0.9415833333333333,-0.0025238092281369227
0.9416666666666667,-0.05783674534140401
0.94175,-0.019867912727394275
0.9418333333333333,-0.06845339213614926
0.9419166666666666,-0.1583535355948388
0.942,0.03096128051965533
0.9420833333333334,0.047459446477870204
0.9421666666666667,-0.013115082865766767
0.94225,0.0705996101899041
0.9423333333333334,0.06742142096127858
0.9424166666666667,0.13618573349359772
0.9425,0.1833790673585975
0.9425833333333333,0.06396128251989183
0.9426666666666667,0.1389053121478335
0.94275,0.17072580974146187
0.9428333333333333,-0.06058755019272985
0.9429166666666666,-0.05428915184300037
0.943,0.07272719215751174
0.9430833333333334,0.0009752403195939905
0.9431666666666667,-0.09894019811008786
0.94325,-0.09650150776126845
0.9433333333333334,-0.10132852044993745
0.9434166666666667,-0.15116648328942808
0.9435,0.03812243410247119
0.9435833333333333,0.15121091820875818
0.9436666666666667,0.025705174162661524
0.94375,0.044125211385772835
0.9438333333333333,-0.11718114945329039
0.9439166666666666,-0.18986612852522952
0.944,-0.05142853029003164
0.9440833333333334,-0.2744342613276134
0.9441666666666667,-0.3320441588013877
0.94425,-0.17459916172344367
0.9443333333333334,-0.15480632411844025
0.9444166666666667,-0.039490589836510714
0.9445,0.10871538794166545
0.9445833333333333,0.17547445540505444
0.9446666666666667,0.024515538251902166
0.94475,-0.08634118086118886
0.9448333333333333,-0.001577987545420191
0.9449166666666666,0.04324178347670031
0.945,0.19945871637648235
0.9450833333333334,0.30707559748966295
0.9451666666666667,0.19701637668760594
0.94525,0.0543703295036137
0.9453333333333334,-0.04410984626961802
0.9454166666666667,-0.05829674012167603
0.9455,-0.024401309118259974
0.9455833333333333,0.05476979768751207
0.9456666666666667,0.07099298186090856
0.94575,0.03589578525672094
0.9458333333333333,0.11409432867026184
0.9459166666666666,0.09589944452875408
0.946,-0.04071534607216169
0.9460833333333334,-0.13717952585985843
0.9461666666666667,-0.19708236622963948
0.94625,-0.11305641771649591
0.9463333333333334,-0.022897113743913525
0.9464166666666667,-0.05096361634185458
0.9465,-0.04101854090459642
0.9465833333333333,-0.0682363558993007
0.9466666666666667,-0.2798726643589399
0.94675,-0.3380033404713048
0.9468333333333333,-0.09076925728619908
0.9469166666666666,-0.02182615131736445
0.947,-0.062203407482976404
0.9470833333333334,0.004905696918007869
0.9471666666666667,0.11178566343943573
0.94725,0.2877723594823628
0.9473333333333334,0.28525983027144824
0.9474166666666667,0.09532511697050008
0.9475,-0.11086088610372727
0.9475833333333333,-0.13779912298345834
0.9476666666666667,0.05617015724055191
0.94775,0.18165544733367264
0.9478333333333333,0.22360454455552278
0.9479166666666666,0.20016948450850805
0.948,0.047411745935286215
0.9480833333333333,-0.11238238465256456
0.9481666666666667,0.015732042885794977
0.94825,0.21886513033772945
0.9483333333333334,0.19197235278377095
0.9484166666666667,0.07542382182518892
0.9485,-0.1682291709192072
0.9485833333333333,-0.1776899333684587
0.9486666666666667,-0.05447784696800584
0.94875,-0.20070681694949574
0.9488333333333333,-0.17731802545658895
0.9489166666666666,-0.15942660978257434
0.949,-0.25827018480312697
0.9490833333333333,-0.07539612760711549
0.9491666666666667,0.0565927455253498
0.94925,0.0014243693748307012
0.9493333333333334,0.08586361518766124
0.9494166666666667,0.024055828001938267
0.9495,-0.2629269793300302
0.9495833333333333,-0.30695736719779465
0.9496666666666667,-0.23315468840368783
0.94975,-0.1025541710902021
0.9498333333333333,0.06062877756367202
0.9499166666666666,0.055787305199335765
0.95,0.08591158427907936
0.9500833333333333,0.10585600544909525
0.9501666666666667,0.11697077713843071
0.95025,0.11426315605763868
0.9503333333333334,-0.010785649995611579
0.9504166666666667,-0.08783814451612092
0.9505,-0.10069074431776297
0.9505833333333333,-0.11545608281859035
0.9506666666666667,-0.2384720584726406
0.95075,-0.20622920002112025
0.9508333333333333,-0.012034380931844732
0.9509166666666666,-0.10158015378575577
0.951,-0.08611502871945644
0.9510833333333333,0.06905521689660435
0.9511666666666667,0.00973558316157727
0.95125,0.08709358629130427
0.9513333333333334,0.1558246996859945
0.9514166666666667,-0.039291623818975344
0.9515,-0.09771322097217461
0.9515833333333333,-0.040284846164836484
0.9516666666666667,-0.0216854727349714
0.95175,0.07778741119610295
0.9518333333333333,0.13965666238919167
0.9519166666666666,0.13110170568320165
0.952,0.01807767596634569
0.9520833333333333,-0.13329524956648134
0.9521666666666667,-0.014383050918294343
0.95225,0.18533345439422666
0.9523333333333334,0.18026365651238468
0.9524166666666667,0.15295072250150318
0.9525,0.14465625789796252
0.9525833333333333,0.08353635386086843
0.9526666666666667,0.06646863468337165
0.95275,0.012606994048218209
0.9528333333333333,0.025202315924678434
0.9529166666666666,0.09812620837403073
0.953,0.08146336442520194
0.9530833333333333,0.21129506680063828
0.9531666666666667,0.10386158360825157
0.95325,-0.19143053703099044
0.9533333333333334,-0.032496880585118036
0.9534166666666667,0.01845701008503915
0.9535,-0.1476494924206391
0.9535833333333333,-0.05552966062672249
0.9536666666666667,-0.08564237803959068
0.95375,-0.2083859901949161
0.9538333333333333,-0.05460672150696794
0.9539166666666666,0.11073746867363755
0.954,0.1307368454963512
0.9540833333333333,0.176724856337105
0.9541666666666667,0.17892295868979444
0.95425,0.036929445413856975
0.9543333333333334,-0.04393242181655018
0.9544166666666667,-0.05507906533537573
0.9545,-0.11876724777172078
0.9545833333333333,-0.08646724129021668
0.9546666666666667,-0.016842829865479168
0.95475,0.05779973184792716
0.9548333333333333,0.18461302412938757
0.9549166666666666,0.16669739712416629
0.955,0.12316860138219139
0.9550833333333333,0.16467547961024923
0.9551666666666667,0.11772529201111746
0.95525,0.06364899167243235
0.9553333333333334,0.1734321415898988
0.9554166666666667,0.30551520260921955
0.9555,0.22057932614620301
0.9555833333333333,0.08702900346865014
0.9556666666666667,-0.041631881361619404
0.95575,-0.2729522196254385
0.9558333333333333,-0.2715136206651696
0.9559166666666666,-0.1626777830200848
0.956,-0.13169019630234713
0.9560833333333333,0.048246106723063065
0.9561666666666667,0.12411992375692948
0.95625,0.10707187477522433
0.9563333333333334,0.062004321404546536
0.9564166666666667,-0.06617878812173515
0.9565,-0.06154279384955039
0.9565833333333333,-0.09821019178302703
0.9566666666666667,0.012041559320399216
0.95675,0.12548104024363974
0.9568333333333333,-0.038223070877518486
0.9569166666666666,0.0612603747096575
0.957,-0.0055838955448489335
0.9570833333333333,-0.18359242912645524
0.9571666666666667,-0.041519500835048684
0.95725,-0.12279852124742695
0.9573333333333334,-0.050054882057830014
0.9574166666666667,0.26999682814283826
0.9575,0.42174514617219416
0.9575833333333333,0.33578215950744994
0.9576666666666667,0.06638929190981874
0.95775,-0.09459772783580402
0.9578333333333333,-0.35320650345134175
0.9579166666666666,-0.33154581034562336
0.958,-0.049876832265895656
0.9580833333333333,-0.014705351989878034
0.9581666666666667,0.20954601577752782
0.95825,0.13949128769090793
0.9583333333333334,-0.052007488256128456
0.9584166666666667,-0.03970001025652134
0.9585,-0.3944749713947526
0.9585833333333333,-0.3231221039508914
0.9586666666666667,-0.08157393802582935
0.95875,-0.14909872682426886
0.9588333333333333,-0.04859278132309659
0.9589166666666666,-0.1426308038609862
0.959,-0.2638652441610975
0.9590833333333333,-0.2543343877741303
0.9591666666666666,-0.09013684583332705
0.95925,0.17404403653631106
0.9593333333333334,0.21890369270407783
0.9594166666666667,0.2404070744745438
0.9595,0.11952242390882153
0.9595833333333333,0.11249716007013566
0.9596666666666667,0.17349158996177613
0.95975,-0.021561016254200625
0.9598333333333333,0.029549308928444304
0.9599166666666666,0.04446796559489157
0.96,-0.004746534884774965
0.9600833333333333,0.22056287099518487
0.9601666666666666,0.31265924688759905
0.96025,0.24713481130982523
0.9603333333333334,0.1405352143888561
0.9604166666666667,-0.02451575572495945
0.9605,-0.0979352477428644
0.9605833333333333,-0.0679946233260872
0.9606666666666667,-0.18902409391300345
0.96075,-0.22538776835082827
0.9608333333333333,-0.014226748695389516
0.9609166666666666,-0.09293101650165651
0.961,-0.26806190487247006
0.9610833333333333,-0.2930390752262573
0.9611666666666666,-0.27697245366661305
0.96125,-0.1510580773771496
0.9613333333333334,-0.04425309757496098
0.9614166666666667,0.1773180434368743
0.9615,0.20407842926803663
0.9615833333333333,-0.08269526898982374
0.9616666666666667,-0.13048158339949187
0.96175,-0.2911261813611492
0.9618333333333333,-0.4604521676798424
0.9619166666666666,-0.15567473049865097
0.962,-0.0019215015357043758
0.9620833333333333,-0.06331062038175336
0.9621666666666666,0.10379744229506778
0.96225,0.14454393613236974
0.9623333333333334,-0.013308925039010462
0.9624166666666667,0.004854141237618466
0.9625,-0.1297091165872427
0.9625833333333333,-0.3144021980246796
0.9626666666666667,-0.024930320709638094
0.96275,0.16928305809309468
0.9628333333333333,0.13261444836222927
0.9629166666666666,0.14058156256369095
0.963,-0.03826054943002646
0.9630833333333333,-0.19957721630126604
0.9631666666666666,-0.17900736269338277
0.96325,0.011304465857866803
0.9633333333333334,0.19619026717395838
0.9634166666666667,0.25220382378860484
0.9635,0.23363730658903706
0.9635833333333333,-0.020751558735082082
0.9636666666666667,-0.16822475749732788
0.96375,-0.18266464832046256
0.9638333333333333,-0.19264447538669904
0.9639166666666666,0.030989691524919604
0.964,0.15606576156759627
0.9640833333333333,0.2937957050409784
0.9641666666666666,0.4419318567537486
0.96425,0.39092143408889146
0.9643333333333334,0.43984972870338884
0.9644166666666667,0.33717409809569365
0.9645,0.2018823573153365
0.9645833333333333,0.2327725696181061
0.9646666666666667,0.26039031355662895
0.96475,0.4164648846765212
0.9648333333333333,0.3728406056593057
0.9649166666666666,0.14874000640171822
0.965,-0.03350193298384938
0.9650833333333333,-0.23562527416302276
0.9651666666666666,-0.1573155428756759
0.96525,-0.006318618741572428
0.9653333333333334,0.02989097863463818
0.9654166666666667,0.16008522136606892
0.9655,0.0962178020027979
0.9655833333333333,-0.02747138771924878
0.9656666666666667,0.05162368177098859
0.96575,-0.02085225359406793
0.9658333333333333,-0.07879401469552487
0.9659166666666666,-0.135937052867006
0.966,-0.37299431229364427
0.9660833333333333,-0.339400243629037
0.9661666666666666,-0.15717186566120486
0.96625,0.05898832743878858
0.9663333333333334,0.0711001753545791
0.9664166666666667,-0.3117653981102984
0.9665,-0.34139980365752876
0.9665833333333333,-0.2252762373101851
0.9666666666666667,-0.07582102813560618
0.96675,0.2791912110965303
0.9668333333333333,0.14738784015930156
0.9669166666666666,0.00237842859755233
0.967,0.12221304097213882
0.9670833333333333,0.07550685822824743
0.9671666666666666,0.12881027339950066
0.96725,0.13991031875415896
0.9673333333333334,-0.01805095219005882
0.9674166666666667,-0.18827067390550106
0.9675,-0.21972799223814177
0.9675833333333334,-0.1270569309701807
0.9676666666666667,-0.0598121751570704
0.96775,0.050473945639791726
0.9678333333333333,-0.11195115181926808
0.9679166666666666,-0.21265751318145418
0.968,0.0031929697976455958
0.9680833333333333,-0.04720685489462448
0.9681666666666666,0.008858720831947208
0.96825,0.0788202247964847
0.9683333333333334,-0.1644413789497117
0.9684166666666667,-0.1326890563357279
0.9685,-0.08776379516940441
0.9685833333333334,-0.1356473130886535
0.9686666666666667,0.06016685838533831
0.96875,0.07273787095509371
0.9688333333333333,-0.023869548910339492
0.9689166666666666,0.040006554762678725
0.969,0.03265254582187068
0.9690833333333333,0.04799448880102597
0.9691666666666666,0.16262319693950059
0.96925,0.17987921747292301
0.9693333333333334,0.1969967113095389
0.9694166666666667,0.2915358521135505
0.9695,0.17320570178927583
0.9695833333333334,0.0010456165640114218
0.9696666666666667,-0.14776303509408747
0.96975,-0.36625919735174794
0.9698333333333333,-0.2630766448512104
0.9699166666666666,-0.14003747086690058
0.97,0.012054419378034857
0.9700833333333333,0.26437958602937756
0.9701666666666666,0.08500967082052945
0.97025,-0.024637961418967676
0.9703333333333334,-0.10016062588040858
0.9704166666666667,-0.22687393484527882
0.9705,-0.04875427014646008
0.9705833333333334,-0.05843539723102233
0.9706666666666667,-0.179569200527978
0.97075,-0.22730706041822313
0.9708333333333333,-0.1521068498993808
0.9709166666666667,-0.01121324050300154
0.971,-0.037270560447431135
0.9710833333333333,0.13039487601116792
0.9711666666666666,0.24257544950461207
0.97125,0.07766319310365433
0.9713333333333334,0.0644028719687241
0.9714166666666667,0.09832337917818451
0.9715,0.05912408043499405
0.9715833333333334,0.03702628388437479
0.9716666666666667,0.12889963701171447
0.97175,0.27009192856873615
0.9718333333333333,0.12253692225889284
0.9719166666666667,-0.0014482099984551716
0.972,0.003989240533246596
0.9720833333333333,-0.271855644308005
0.9721666666666666,-0.22842077559151117
0.97225,0.13209991440527333
0.9723333333333334,0.12697670256602336
0.9724166666666667,0.2132251406193425
0.9725,0.21871542595201987
0.9725833333333334,-0.1546764501737962
0.9726666666666667,-0.10564412170926463
0.97275,0.06620008515275307
0.9728333333333333,-0.13902011637677134
0.9729166666666667,-0.19069455325333948
0.973,-0.04749005384333137
0.9730833333333333,0.049132033346441034
0.9731666666666666,0.10379684778470963
0.97325,0.2197518194769632
0.9733333333333334,0.18888961842803406
0.9734166666666667,-0.04030900293757222
0.9735,0.06973954726511582
0.9735833333333334,0.22474583932967604
0.9736666666666667,0.22830273818856653
0.97375,0.36653650648280556
0.9738333333333333,0.27896395470544166
0.9739166666666667,0.0815301527547352
0.974,-0.04788181067986336
0.9740833333333333,-0.07697108811218689
0.9741666666666666,0.162226683298782
0.97425,0.17777938138716662
0.9743333333333334,0.054723034977888704
0.9744166666666667,0.13784117183723746
0.9745,0.0304205861968477
0.9745833333333334,-0.06207950551713838
0.9746666666666667,-0.013117977415704059
0.97475,-0.21622011018966256
0.9748333333333333,-0.34670084226154807
0.9749166666666667,-0.3059105596586001
0.975,-0.24341579858030646
0.9750833333333333,-0.08270655060078744
0.9751666666666666,-0.08303952613605017
0.97525,-0.15247952450046173
0.9753333333333334,-0.270272726119142
0.9754166666666667,-0.4600891444117568
0.9755,-0.35496717034615144
0.9755833333333334,-0.12290563925968352
0.9756666666666667,-0.07153682867197453
0.97575,-0.16888357759484934
0.9758333333333333,-0.20349768416659036
0.9759166666666667,-0.08092577677389592
0.976,0.011878826532029785
0.9760833333333333,0.02753604310043842
0.9761666666666666,0.10667772690448513
0.97625,0.1687017182602795
0.9763333333333334,-0.008829175550533868
0.9764166666666667,-0.12638710013085436
0.9765,0.018308751866144984
0.9765833333333334,-0.004154378545847553
0.9766666666666667,-0.037344527019971555
0.97675,0.0761783626442685
0.9768333333333333,-0.20241010383657185
0.9769166666666667,-0.28182584303313857
0.977,0.07278803096177901
0.9770833333333333,-0.045584645539060796
0.9771666666666666,0.008455357118763404
0.97725,0.2769660362449454
0.9773333333333334,0.036219097604824474
0.9774166666666667,-0.07517484413043586
0.9775,-0.08676095038353374
0.9775833333333334,-0.12132660683411774
0.9776666666666667,-0.06251133733596076
0.97775,0.014988339923048143
0.9778333333333333,0.20952837381911982
0.9779166666666667,0.1353078133135612
0.978,0.19509834614798374
0.9780833333333333,0.2556740586001674
0.9781666666666666,-0.12324619863060535
0.97825,-0.04098778908245348
0.9783333333333334,0.11719921378307517
0.9784166666666667,0.08114493238983425
0.9785,0.15372507990309944
0.9785833333333334,-0.05757497066446149
0.9786666666666667,-0.027257723207731625
0.97875,0.11142845314449323
0.9788333333333333,0.09312308511697776
0.9789166666666667,0.2540492785175145
0.979,0.06506286122535535
0.9790833333333333,-0.08482880476868791
0.9791666666666666,0.06675826471382856
0.97925,-0.08527996071724081
0.9793333333333333,-0.1429559813877708
0.9794166666666667,-0.1385738645201582
0.9795,-0.32121316359859503
0.9795833333333334,-0.3153111150969087
0.9796666666666667,-0.2935767375529961
0.97975,-0.25555688234429985
0.9798333333333333,-0.05029878160183836
0.9799166666666667,0.015676741381741556
0.98,0.018528224234788112
0.9800833333333333,-0.07544266279558852
0.9801666666666666,-0.2674031879856362
0.98025,-0.09135891560810278
0.9803333333333333,0.026639746207957633
0.9804166666666667,-0.07874104031862948
0.9805,0.0005471059088024299
0.9805833333333334,-0.14841766413265214
0.9806666666666667,-0.16864614297212407
0.98075,0.06430275224138421
0.9808333333333333,-0.13990546906319062
0.9809166666666667,-0.1909951534875039
0.981,-0.049458897037319816
0.9810833333333333,-0.04721449293746047
0.9811666666666666,0.28235461056749217
0.98125,0.4754902355975365
0.9813333333333333,0.4145764208830286
0.9814166666666667,0.4304407799734693
0.9815,0.23299806689206373
0.9815833333333334,0.15786389301759093
0.9816666666666667,0.20374416416943214
0.98175,0.09777094355095485
0.9818333333333333,0.16049596851686668
0.9819166666666667,0.19694513377506498
0.982,0.06823738957913145
0.9820833333333333,0.009973564929328209
0.9821666666666666,0.1177678990979102
0.98225,0.18403980541358636
0.9823333333333333,0.1947928698977983
0.9824166666666667,0.3786524384210869
0.9825,0.28648346092882926
0.9825833333333334,0.10314940269354562
0.9826666666666667,0.16511344253245583
0.98275,0.13594083215098404
0.9828333333333333,0.11928683302975951
0.9829166666666667,-0.04665527120353882
0.983,-0.1292616937994502
0.9830833333333333,0.0391053332311682
0.9831666666666666,0.01636311917144439
0.98325,0.05318989690126515
0.9833333333333333,-0.06979065520356875
0.9834166666666667,-0.3828847979917437
0.9835,-0.34252151830296934
0.9835833333333334,-0.1691532504416103
0.9836666666666667,-0.004571519901422938
0.98375,0.05044175151333901
0.9838333333333333,0.07170275504954882
0.9839166666666667,0.10301880631007569
0.984,-0.11619314106265483
0.9840833333333333,-0.23812040096954457
0.9841666666666666,-0.28795391345699206
0.98425,-0.35634362346846316
0.9843333333333333,-0.283118920425909
0.9844166666666667,-0.19440388609742806
0.9845,-0.008790503530899404
0.9845833333333334,0.07458035102750313
0.9846666666666667,-0.003198184398522477
0.98475,-0.19231975572507762
0.9848333333333333,-0.3477897747817576
0.9849166666666667,-0.23502422213969967
0.985,-0.12536739707154265
0.9850833333333333,0.028755157039368703
0.9851666666666666,0.1018807655368731
0.98525,0.14256557085719748
0.9853333333333333,0.32471060740359514
0.9854166666666667,0.15020955848436257
0.9855,-0.19621633191060533
0.9855833333333334,-0.33660268707764396
0.9856666666666667,-0.2808712137826991
0.98575,-0.16192281673018027
0.9858333333333333,0.0022416932304247794
0.9859166666666667,0.15007751012809495
0.986,-0.0061529173313536415
0.9860833333333333,0.06748239372622228
0.9861666666666666,0.15981634934528235
0.98625,-0.016781211888847434
0.9863333333333333,0.21167363898021702
0.9864166666666667,0.20322404142402764
0.9865,0.11389068591679276
0.9865833333333334,0.26732061656908257
0.9866666666666667,0.046184925417832465
0.98675,0.12157582661461352
0.9868333333333333,0.16857586509916106
0.9869166666666667,-0.057802095005189194
0.987,-0.023893796292893146
0.9870833333333333,-0.035701870020450985
0.9871666666666666,0.274919492367008
0.98725,0.44650833155101477
0.9873333333333333,0.2994999045691957
0.9874166666666667,0.39723944294644187
0.9875,0.07452655482835521
0.9875833333333334,-0.2215546141211021
0.9876666666666667,-0.09306094506703988
0.98775,-0.009672872176734397
0.9878333333333333,0.09133573244803284
0.9879166666666667,0.008162648468546077
0.988,-0.10063767826512351
0.9880833333333333,-0.14291789858713622
0.9881666666666666,-0.23866785019953735
0.98825,-0.14727319643745168
0.9883333333333333,-0.017791081290320292
0.9884166666666667,0.02318640419131057
0.9885,0.05985460963115579
0.9885833333333334,0.11729502745111006
0.9886666666666667,-0.02252057578682989
0.98875,-0.35608985724920394
0.9888333333333333,-0.2857515265162217
0.9889166666666667,-0.1084761910220116
0.989,-0.09497781919029286
0.9890833333333333,0.2542361785817403
0.9891666666666666,0.29725827191097626
0.98925,-0.09841592900825195
0.9893333333333333,-0.2540746868220951
0.9894166666666667,-0.4992821621207404
0.9895,-0.6402642278557441
0.9895833333333334,-0.3893989219989243
0.9896666666666667,-0.17266241697002993
0.98975,0.042111768486370216
0.9898333333333333,0.2030284543525385
0.9899166666666667,0.14611463794778398
0.99,0.17154644692525725
0.9900833333333333,0.14851966439365116
0.9901666666666666,-0.05139817604930653
0.99025,-0.014149901967737853
0.9903333333333333,0.11449838450079663
0.9904166666666666,0.26785592792152624
0.9905,0.3080959782480462
0.9905833333333334,0.09779132316264574
0.9906666666666667,-0.07513895406119094
0.99075,-0.37281390991933816
0.9908333333333333,-0.24341642139105857
0.9909166666666667,0.16143443447899966
0.991,0.3240205280372372
0.9910833333333333,0.590392112059998
0.9911666666666666,0.30762640291661575
0.99125,-0.0835188542652937
0.9913333333333333,-0.019017208762318615
0.9914166666666666,-0.04194794936344331
0.9915,0.005758765609275119
0.9915833333333334,0.0010887897063725088
0.9916666666666667,-0.08007983070928239
0.99175,-0.013965675770246393
0.9918333333333333,0.08375827197737781
0.9919166666666667,-0.06372400202258394
0.992,-0.278242702513412
0.9920833333333333,-0.2733784028307382
0.9921666666666666,-0.2780404315740564
0.99225,0.002866359376273475
0.9923333333333333,0.27813469595655216
0.9924166666666666,0.18225728333891908
0.9925,0.12408659545282506
0.9925833333333334,-0.08639221638561306
0.9926666666666667,-0.2578311372719098
0.99275,-0.16706021121884732
0.9928333333333333,-0.014363659879294466
0.9929166666666667,0.08771884945550523
0.993,0.09201080854032488
0.9930833333333333,0.2122517145540833
0.9931666666666666,0.1986343287587643
0.99325,0.08427466435524007
0.9933333333333333,0.02935717665848807
0.9934166666666666,-0.10624101862174173
0.9935,-0.01848158638064561
0.9935833333333334,0.1232919102605246
0.9936666666666667,0.285954703041968
0.99375,0.4302493636031063
0.9938333333333333,0.2869003200919977
0.9939166666666667,0.16329820386750887
0.994,-0.12069585572403164
0.9940833333333333,-0.1736453205982643
0.9941666666666666,0.10196366741050573
0.99425,-0.04357309833573663
0.9943333333333333,-0.06644990793227369
0.9944166666666666,-0.013574275651975257
0.9945,-0.11586384785836484
0.9945833333333334,-0.09577129525424864
0.9946666666666667,-0.14525867155272099
0.99475,-0.14347825607546585
0.9948333333333333,-0.17681168202901956
0.9949166666666667,-0.03256152067745793
0.995,0.12638515448965257
0.9950833333333333,0.03444848528825463
0.9951666666666666,0.07325846072867806
0.99525,-0.07196082390849469
0.9953333333333333,-0.22393373690666088
0.9954166666666666,-0.1337285660064769
0.9955,0.07485227630876173
0.9955833333333334,0.1233315685379236
0.9956666666666667,-0.16833156790435105
0.99575,-0.1420574402455865
0.9958333333333333,-0.15322493352627511
0.9959166666666667,-0.2395137968566938
0.996,0.10209426026914516
0.9960833333333333,0.19506936619230383
0.9961666666666666,0.0667611838513281
0.99625,0.056023967578552235
0.9963333333333333,0.12817392331063862
0.9964166666666666,0.18637407530870578
0.9965,0.06868762344286966
0.9965833333333334,0.0215936137144332
0.9966666666666667,-0.08264417608237058
0.99675,-0.21710097857189511
0.9968333333333333,-0.09873212717200477
0.9969166666666667,-0.10704841377568268
0.997,-0.24254246419141326
0.9970833333333333,-0.2648244793578818
0.9971666666666666,-0.2389922587544083
0.99725,0.014035312266028858
0.9973333333333333,0.3005267170490829
0.9974166666666666,0.32392804029113176
0.9975,0.2692993700072661
0.9975833333333334,-0.07592556062433724
0.9976666666666667,-0.43522332030420874
0.99775,-0.19499880905376943
0.9978333333333333,0.1322403620544123
0.9979166666666667,0.34509697622982627
0.998,0.34488132702142504
0.9980833333333333,0.008021052344512282
0.9981666666666666,0.025582751165304316
0.99825,-0.007284734409076288
0.9983333333333333,-0.08100029681967072
0.9984166666666666,0.40599624358240377
0.9985,0.32941272001801786
0.9985833333333334,0.042894550695174276
0.9986666666666667,0.38766309898641294
0.99875,0.4255193480274028
0.9988333333333334,0.37043354088384095
0.9989166666666667,0.4230851729610138
0.999,0.17124766033457448
0.9990833333333333,-0.056304735581721395
0.9991666666666666,-0.11756555303467878
0.99925,0.01998246608202682
0.9993333333333333,0.15269858187838728
0.9994166666666666,0.04532408215140543
0.9995,-0.10492414467128423
0.9995833333333334,-0.19222182264536114
0.9996666666666667,-0.2316858944878945
0.99975,-0.1835105210886239
0.9998333333333334,0.0315352370002055
0.9999166666666667,0.10835162246135509
