time_s,amplitude
0.0,0.030967640979828646
8.333333333333333e-05,-0.38173532795411336
0.00016666666666666666,-0.08101213080992561
0.00025,-0.047299502220239556
0.0003333333333333333,-0.03614416588150294
0.0004166666666666667,-0.19707389530413474
0.0005,-0.1286381864497444
0.0005833333333333334,0.3771638890488652
0.0006666666666666666,0.41043410430595556
0.00075,0.30809750922553814
0.0008333333333333334,0.32763089821897357
0.0009166666666666666,0.3343815814766526
0.001,0.332156765359243
0.0010833333333333333,0.2548074993704674
0.0011666666666666668,0.022390496956019815
0.00125,-0.07346868590056792
0.0013333333333333333,0.22075775266974995
0.0014166666666666668,0.2534423672125597
0.0015,0.07702156356244419
0.0015833333333333333,0.05935651523945166
0.0016666666666666668,-0.04375624850991489
0.00175,-0.11023336185059274
0.0018333333333333333,0.06756124599240881
0.0019166666666666666,0.08657556932598115
0.002,-0.1448131358051465
0.0020833333333333333,0.1493759942952778
0.0021666666666666666,0.4158727393121239
0.00225,0.20642335376870607
0.0023333333333333335,0.2038934763719033
0.002416666666666667,0.17366378533750546
0.0025,0.24318911282479805
0.0025833333333333333,0.04896833389911003
0.0026666666666666666,-0.42433390818370065
0.00275,-0.260960426368803
0.0028333333333333335,-0.2748420553659058
0.002916666666666667,-0.38450820283659326
0.003,-0.07555394674190696
0.0030833333333333333,-0.07463360051649946
0.0031666666666666666,-0.17854938670861237
0.00325,-0.12444348693964703
0.0033333333333333335,-0.07862926650068486
0.003416666666666667,-0.03080300865246983
0.0035,0.05358224877218693
0.0035833333333333333,0.24609054629279986
0.0036666666666666666,0.4612410008460374
0.00375,0.46986275031713637
0.003833333333333333,0.3311032751935315
0.003916666666666666,0.36371212177546985
0.004,0.2925339389891861
0.004083333333333333,-0.011360251142798506
0.004166666666666667,0.11341648987846525
0.00425,0.32805369829102415
0.004333333333333333,0.2786066423696879
0.004416666666666667,0.656199170609775
0.0045,0.6205941409816151
0.004583333333333333,0.09906653974808863
0.004666666666666667,0.30386294781059686
0.00475,0.32437803690959405
0.004833333333333334,0.12691553953588522
0.004916666666666666,0.3316943511673208
0.005,0.31706433691189145
0.005083333333333333,0.2529129367850087
0.005166666666666667,0.19652920078499378
0.00525,-0.07715220036273736
0.005333333333333333,-0.2828059549806141
0.005416666666666667,-0.31377090408026315
0.0055,-0.31740281358549455
0.005583333333333333,-0.2588512448822648
0.005666666666666667,-0.33142472229887115
0.00575,-0.38981733464160806
0.005833333333333334,0.07628979480205936
0.005916666666666666,0.13725861519621718
0.006,-0.19274781427743948
0.006083333333333333,-0.16192383759582105
0.006166666666666667,-0.15293782949176782
0.00625,0.33533147931226254
0.006333333333333333,0.5720428335428074
0.006416666666666667,-0.04736473581979792
0.0065,-0.05553726564497775
0.006583333333333333,0.07260789601039205
0.006666666666666667,-0.208922769958866
0.00675,0.03689866434629517
0.006833333333333334,0.2779976820010387
0.0069166666666666664,0.03562823132794655
0.007,0.1990234779686676
0.007083333333333333,0.3989435665158495
0.007166666666666667,0.07098919130166208
0.00725,0.15559736490440232
0.007333333333333333,0.37028706562433417
0.007416666666666667,0.16198658033195032
0.0075,0.2160708510295817
0.007583333333333333,0.2282485025100206
0.007666666666666666,0.05166138642831835
0.00775,0.12095150602159682
0.007833333333333333,-0.06754836053475587
0.007916666666666667,-0.22708936576169225
0.008,-0.1080592641184939
0.008083333333333333,-0.2110372583375679
0.008166666666666666,-0.08394116147302971
0.00825,0.11951973751410155
0.008333333333333333,0.18053692081630524
0.008416666666666666,0.18266049087237585
0.0085,-0.0895744956437968
0.008583333333333333,-0.12529742861994142
0.008666666666666666,-0.028963103486410374
0.00875,0.13094041460592606
0.008833333333333334,0.2944120260811621
0.008916666666666666,0.2390293588403297
0.009,0.30503674749208587
0.009083333333333334,0.19610338992794038
0.009166666666666667,0.2109371648167594
0.00925,0.22781765533986387
0.009333333333333334,0.009772684878015003
0.009416666666666667,0.26301859054451665
0.0095,0.3770221757355918
0.009583333333333333,0.2848831255570596
0.009666666666666667,0.3914313585652828
0.00975,0.39054330360803874
0.009833333333333333,0.3861806079921569
0.009916666666666667,0.3104503853761868
0.01,0.11924019540653989
0.010083333333333333,-0.06306240544958927
0.010166666666666666,-0.06896273599463988
0.01025,-0.12709533512498522
0.010333333333333333,-0.28146172723779567
0.010416666666666666,-0.03786412151325146
0.0105,0.08512843284030439
0.010583333333333333,0.1534085758701768
0.010666666666666666,0.5378538052639013
0.01075,0.2662002618895472
0.010833333333333334,-0.1229257039215979
0.010916666666666667,0.021917450317054533
0.011,-0.22914924510972312
0.011083333333333334,-0.17880692773916987
0.011166666666666667,0.2618086405557271
0.01125,0.2457427540646416
0.011333333333333334,0.40131325008085994
0.011416666666666667,0.14884275774609104
0.0115,-0.32337141063743435
0.011583333333333333,-0.3067073270732824
0.011666666666666667,-0.5376813479873485
0.01175,-0.4085064231689736
0.011833333333333333,-0.2538530038760436
0.011916666666666667,-0.24899834256756462
0.012,0.17109572119664557
0.012083333333333333,-0.04464743473737621
0.012166666666666666,-0.22966893006719913
0.01225,-0.037065781281259806
0.012333333333333333,-0.09716730252908025
0.012416666666666666,0.10729323960699202
0.0125,0.22552086274132674
0.012583333333333334,0.11722851242394547
0.012666666666666666,-0.16629961089627465
0.01275,-0.39373243208910735
0.012833333333333334,-0.3424082444901957
0.012916666666666667,-0.6484129746988382
0.013,-0.5526054689119972
0.013083333333333334,-0.06207329230620304
0.013166666666666667,0.02070377180367885
0.01325,0.17980086986806362
0.013333333333333334,0.09723178796356494
0.013416666666666667,0.08431155065342384
0.0135,0.2975382395273846
0.013583333333333333,0.11437186887156839
0.013666666666666667,0.17085211087736252
0.01375,0.2389399370608933
0.013833333333333333,0.12919632763321476
0.013916666666666667,0.2451519969821676
0.014,0.2559172045230872
0.014083333333333333,0.2158090247311864
0.014166666666666666,0.28949409885370786
0.01425,0.44989842992420626
0.014333333333333333,0.3291486789755524
0.014416666666666666,0.14268454562630892
0.0145,0.27889467464003415
0.014583333333333334,0.16121449941319588
0.014666666666666666,0.11200128759550787
0.01475,0.35553894845735556
0.014833333333333334,0.20786267400752204
0.014916666666666667,0.04252635123042189
0.015,0.38363379923177754
0.015083333333333334,0.4660361782312784
0.015166666666666667,0.23723236624952077
0.01525,0.21015705038407564
0.015333333333333332,0.035436655510392524
0.015416666666666667,0.14036084010066632
0.0155,0.09518766662777367
0.015583333333333333,-0.37944771971216606
0.015666666666666666,-0.14636215941403696
0.01575,-0.03852223263714214
0.015833333333333335,-0.10243308153190328
0.015916666666666666,0.1036855125834576
0.016,-0.18242184632156222
0.016083333333333335,-0.11109540668764079
0.016166666666666666,0.17580095519283445
0.01625,0.043670855920640614
0.01633333333333333,0.1549019556048774
0.016416666666666666,0.13717277399659625
0.0165,-0.07151956741631073
0.016583333333333332,0.021688864551489932
0.016666666666666666,0.009867781426761429
0.01675,-0.3353604210265559
0.016833333333333332,-0.38958916707668156
0.016916666666666667,-0.3092901945194578
0.017,-0.6132651446678105
0.017083333333333332,-0.3327153720747692
0.017166666666666667,0.19076125598053487
0.01725,-0.08863741102119485
0.017333333333333333,-0.20266807519739402
0.017416666666666667,-0.07359478279277656
0.0175,-0.0007047369383407855
0.017583333333333333,0.36092707804004065
0.017666666666666667,0.2168429123449763
0.01775,-0.012564117614660005
0.017833333333333333,0.26870847478910936
0.017916666666666668,0.060420160878812405
0.018,0.10994836744296461
0.018083333333333333,0.4235498982661392
0.018166666666666668,0.131432090604084
0.01825,0.30589679842020145
0.018333333333333333,0.43532305101568386
0.018416666666666668,0.4641622649284399
0.0185,0.864215205451722
0.018583333333333334,0.5048018231274365
0.018666666666666668,0.28830029211858177
0.01875,0.40691871825203
0.018833333333333334,0.2500900717942742
0.018916666666666665,0.32571040298599724
0.019,0.23907522681746202
0.019083333333333334,0.23849056380890923
0.019166666666666665,0.13802241413650332
0.01925,0.07601766645235727
0.019333333333333334,0.46144607584176456
0.019416666666666665,0.1347661762491048
0.0195,-0.05871824421028498
0.019583333333333335,0.26453437519185685
0.019666666666666666,0.15954705354166
0.01975,0.31185656327516853
0.019833333333333335,0.3891902469564106
0.019916666666666666,0.179757027676937
0.02,0.25055469004517567
0.020083333333333335,-0.0017823155254856002
0.020166666666666666,-0.2718158549336065
0.02025,-0.08198247940573838
0.02033333333333333,0.02819472057693937
0.020416666666666666,0.20543397615708323
0.0205,0.16900572163861127
0.020583333333333332,-0.13585594319041086
0.020666666666666667,-0.17996366797988728
0.02075,-0.3484934619008314
0.020833333333333332,-0.3103099051163517
0.020916666666666667,-0.10253655608627263
0.021,-0.16766919125746202
0.021083333333333332,-0.17860187973771735
0.021166666666666667,-0.2047949627980215
0.02125,-0.11456490264972582
0.021333333333333333,-0.019614894480379973
0.021416666666666667,-0.06992484163984432
0.0215,-0.1331927312455199
0.021583333333333333,-0.0681125371342089
0.021666666666666667,-0.06825350608577069
0.02175,-0.18961383715090666
0.021833333333333333,0.27496696599087656
0.021916666666666668,0.15057570299326245
0.022,-0.37796623760336434
0.022083333333333333,-0.024028148150974114
0.022166666666666668,-0.3218489379446169
0.02225,-0.5254096111648637
0.022333333333333334,-0.030055795522798155
0.022416666666666668,-0.08516445007766558
0.0225,0.07195323425399706
0.022583333333333334,0.002281204718930541
0.02266666666666667,-0.24894595006809914
0.02275,0.2629592353978332
0.022833333333333334,0.22114675683553603
0.022916666666666665,-0.11870985954351504
0.023,0.020905229407564098
0.023083333333333334,-0.1619474850463024
0.023166666666666665,-0.10240466926649983
0.02325,0.08803714438244145
0.023333333333333334,-0.1532458628649032
0.023416666666666665,-0.11161732498702277
0.0235,0.01968972954022949
0.023583333333333335,0.01469491703267557
0.023666666666666666,0.03487524141885129
0.02375,0.30069051849988904
0.023833333333333335,0.32105851490870346
0.023916666666666666,-0.11565757895419873
0.024,0.20639810685328758
0.024083333333333335,0.3241328596398883
0.024166666666666666,0.20700851304697462
0.02425,0.7022045233080421
0.024333333333333332,0.3884778148435886
0.024416666666666666,0.22356797593871594
0.0245,0.39607120849275623
0.024583333333333332,-0.14461988657125235
0.024666666666666667,-0.2009631424956454
0.02475,-0.042774024950922855
0.024833333333333332,0.07398151101522189
0.024916666666666667,0.34716407493697854
0.025,0.3552359534402867
0.025083333333333332,0.4968342261549732
0.025166666666666667,0.4422435115931354
0.02525,0.39342562890676025
0.025333333333333333,0.3293940075288865
0.025416666666666667,-0.006373926112162095
0.0255,0.2588713268613765
0.025583333333333333,0.22930850887444928
0.025666666666666667,0.20432655255816218
0.02575,0.3375716066116802
0.025833333333333333,-0.4058553738252416
0.025916666666666668,-0.29368948393342775
0.026,-0.0037047374804613587
0.026083333333333333,-0.20894667090294736
0.026166666666666668,0.22585062136517314
0.02625,0.23589321652998954
0.026333333333333334,0.1254224463364653
0.026416666666666668,-0.052266390375631196
0.0265,-0.3245999098549518
0.026583333333333334,-0.07679600206951331
0.02666666666666667,-0.02493847302850615
0.02675,0.19096791027596824
0.026833333333333334,0.24256198108226984
0.026916666666666665,0.0007945666750349471
0.027,-0.1043629775842044
0.027083333333333334,-0.44784029002232195
0.027166666666666665,-0.1761132156375987
0.02725,-0.00566905666983867
0.027333333333333334,-0.3675353858306844
0.027416666666666666,-0.07764667113774565
0.0275,0.050141732992107675
0.027583333333333335,-0.020674653301129282
0.027666666666666666,0.19992755516167535
0.02775,0.09772708538243985
0.027833333333333335,0.029132225002374536
0.027916666666666666,0.14952261438873105
0.028,-0.07957108867662188
0.02808333333333333,-0.1617543803108141
0.028166666666666666,0.14532084942954218
0.02825,-0.004952066231491852
0.028333333333333332,-0.2708719603977751
0.028416666666666666,-0.06491801417150769
0.0285,-0.0667376372595258
0.028583333333333332,-0.3110874647331675
0.028666666666666667,-0.16226509845265433
0.02875,0.0006952604589879123
0.028833333333333332,-0.266916826908006
0.028916666666666667,-0.26030335084706
0.029,0.06982295115015877
0.029083333333333333,0.2488578792841843
0.029166666666666667,0.427824655773376
0.02925,0.4699477122258221
0.029333333333333333,0.42776224230803456
0.029416666666666667,0.35423675030916457
0.0295,0.09276728627500527
0.029583333333333333,0.25330965921201576
0.029666666666666668,0.7432116465753846
0.02975,0.5447440905701034
0.029833333333333333,0.2631418696162401
0.029916666666666668,0.43337991313712354
0.03,0.2559891667376449
0.030083333333333333,0.17352244820085236
0.030166666666666668,0.2075093454605827
0.03025,-0.035883915309350416
0.030333333333333334,0.11389548617594773
0.030416666666666668,0.2771066937704001
0.0305,0.1128623334999772
0.030583333333333334,-0.10635507858168777
0.030666666666666665,-0.2085723286899871
0.03075,0.03440727221221996
0.030833333333333334,0.1711781993677957
0.030916666666666665,0.09007158839147289
0.031,0.0739985911456421
0.031083333333333334,0.06454359237004605
0.031166666666666665,0.14745975858132734
0.03125,0.18649276760556982
0.03133333333333333,-0.030206134249503434
0.03141666666666667,-0.11824229949598469
0.0315,0.25463994568777304
0.03158333333333333,0.5327152193253604
0.03166666666666667,0.2827942073827573
0.03175,0.22556972510645948
0.03183333333333333,0.47493225790101734
0.03191666666666667,0.4421560463787191
0.032,0.2855636771247274
0.03208333333333333,-0.052864765856435035
0.03216666666666667,-0.28917387017653473
0.03225,-0.17490552982413243
0.03233333333333333,-0.2081659592752464
0.03241666666666667,-0.39340677283651937
0.0325,-0.6797975044147502
0.03258333333333333,-0.5776389592492787
0.03266666666666666,-0.38719961431719
0.03275,-0.5695199996456858
0.03283333333333333,-0.42641740127271
0.032916666666666664,-0.6393151904592267
0.033,-0.7982175699905495
0.03308333333333333,-0.2627617036415919
0.033166666666666664,-0.36713861052918484
0.03325,-0.6439377817555028
0.03333333333333333,-0.40036546036271126
0.033416666666666664,-0.14325332666550805
0.0335,-0.04049582841572149
0.03358333333333333,0.15347904448258742
0.033666666666666664,0.4778584154156475
0.03375,0.39112554416213013
0.03383333333333333,0.3166019779424905
0.033916666666666664,0.38986214750323517
0.034,0.1649765406812498
0.034083333333333334,0.09186102748625768
0.034166666666666665,0.21359984986516833
0.03425,0.2597641385017524
0.034333333333333334,0.08628536477989102
0.034416666666666665,-0.021302273029155938
0.0345,0.12002998273661895
0.034583333333333334,0.11651410199134324
0.034666666666666665,0.11376535054793588
0.03475,-0.033204692946309365
0.034833333333333334,-0.16507493613848614
0.034916666666666665,0.02180573569252741
0.035,-0.0877153388154038
0.035083333333333334,-0.07855772299032138
0.035166666666666666,0.0031778008141305344
0.03525,-0.26533785115850145
0.035333333333333335,0.06496508409528474
0.035416666666666666,0.43713778609561693
0.0355,0.3570313149199674
0.035583333333333335,0.4814220407581081
0.035666666666666666,0.4826275650624502
0.03575,0.43544858105664486
0.035833333333333335,0.24121952777634553
0.035916666666666666,0.07997377485031945
0.036,0.31053116324674557
0.036083333333333335,0.17715201079043533
0.036166666666666666,0.23197784662662602
0.03625,0.5238908953444682
0.036333333333333336,0.3006741174011086
0.03641666666666667,0.182555282356562
0.0365,0.22515104654524207
0.036583333333333336,0.22301077412945156
0.03666666666666667,0.06801013874968849
0.03675,0.02960480774834453
0.036833333333333336,0.3239481002654371
0.03691666666666667,0.1099531936879857
0.037,-0.11839952406569448
0.037083333333333336,-0.049810852046239716
0.03716666666666667,-0.13785702088108268
0.03725,0.03973341007838627
0.037333333333333336,-0.04245062542769131
0.03741666666666667,-0.18901436280912576
0.0375,-0.012313631931522346
0.03758333333333334,-0.16527182953062325
0.03766666666666667,-0.1494962237135169
0.03775,0.018278447294807272
0.03783333333333333,0.09375181454616291
0.03791666666666667,0.23598190804927333
0.038,0.22809977277652138
0.03808333333333333,-0.08025516714217316
0.03816666666666667,-0.4549627761602372
0.03825,-0.09804962606901502
0.03833333333333333,0.0037487423133562977
0.03841666666666667,-0.2865008170817468
0.0385,-0.058774571977941496
0.03858333333333333,-0.1928105539048585
0.03866666666666667,-0.12610771813984623
0.03875,-0.2196572274829488
0.03883333333333333,-0.7974484319779043
0.03891666666666667,-0.6626559998788881
0.039,-0.47487848590223514
0.03908333333333333,-0.39093056749812416
0.03916666666666667,-0.5208768283986593
0.03925,-0.5306975218202467
0.03933333333333333,-0.29646818925842355
0.03941666666666667,-0.5166211963939646
0.0395,-0.22865628114172865
0.03958333333333333,-0.10114288979388095
0.03966666666666667,-0.21466246688230786
0.03975,0.19665508810657653
0.03983333333333333,0.1062619293347815
0.03991666666666667,0.20474847273901606
0.04,0.39702167373150526
0.04008333333333333,0.005787355657268656
0.04016666666666667,-0.019975736650907773
0.04025,0.06911099663543083
0.04033333333333333,0.08761578772230241
0.04041666666666666,0.37130908282720715
0.0405,0.536028881399347
0.04058333333333333,0.5792980311921523
0.04066666666666666,0.582034693461753
0.04075,0.503638871860272
0.04083333333333333,0.37045809500440396
0.040916666666666664,0.011780953553465858
0.041,0.04089869123618776
0.04108333333333333,0.42991021155660764
0.041166666666666664,0.3648373378522354
0.04125,0.18760681171898536
0.04133333333333333,0.07756307164801694
0.041416666666666664,0.1448921584620552
0.0415,0.22598543996747975
0.04158333333333333,0.18909781961876634
0.041666666666666664,0.3211690650051497
0.04175,0.09668914788355625
0.041833333333333333,0.09229349685071217
0.041916666666666665,0.3371639101757202
0.042,0.14056737857703222
0.042083333333333334,0.05609622513013412
0.042166666666666665,-0.06718639254702177
0.04225,0.10905139434415949
0.042333333333333334,0.25461792079174217
0.042416666666666665,-0.10626573300181019
0.0425,0.304802883731986
0.042583333333333334,0.6492028284493475
0.042666666666666665,0.30840425587092335
0.04275,0.13245125771877808
0.042833333333333334,-0.1659301727372839
0.042916666666666665,-0.2745578916699645
0.043,-0.39429671805769523
0.043083333333333335,-0.6348949674957803
0.043166666666666666,-0.3394668792264045
0.04325,-0.2402493215904286
0.043333333333333335,-0.3293084338968338
0.043416666666666666,-0.1834896910417429
0.0435,-0.2586805855732084
0.043583333333333335,-0.5744412571569563
0.043666666666666666,-0.7725174124298901
0.04375,-0.5971498590332983
0.043833333333333335,-0.4661596502437365
0.043916666666666666,-0.32185313204442195
0.044,0.03867218410975537
0.044083333333333335,0.10474234652526289
0.04416666666666667,0.09044466369742463
0.04425,0.10429431419591587
0.044333333333333336,0.042872710882623656
0.04441666666666667,0.007414037684690552
0.0445,-0.09208385046679818
0.044583333333333336,0.10265824022060774
0.04466666666666667,0.23204096595697749
0.04475,-0.03483838265349664
0.044833333333333336,0.09226495112988141
0.04491666666666667,0.1131270793009081
0.045,-0.09193304061117274
0.045083333333333336,0.2502979282515695
0.04516666666666667,0.17811889375049328
0.04525,-0.10566344333547734
0.04533333333333334,0.054421002468592404
0.04541666666666667,-0.12107939436075546
0.0455,-0.07218437723958707
0.04558333333333333,0.19476031325101412
0.04566666666666667,0.13624324043002567
0.04575,0.2815707338460767
0.04583333333333333,0.251238007204843
0.04591666666666667,0.12664479630003886
0.046,0.4471068136311366
0.04608333333333333,0.5385015998593807
0.04616666666666667,0.28502272394040357
0.04625,0.3603600223260955
0.04633333333333333,0.37483246485219324
0.04641666666666667,-0.008537907330905018
0.0465,-0.0692987895266563
0.04658333333333333,-0.062178415871308894
0.04666666666666667,-0.09111697399792909
0.04675,0.21390737083286704
0.04683333333333333,0.2015902768010332
0.04691666666666667,0.0215075975304461
0.047,-0.18896964916078665
0.04708333333333333,-0.3293806745452143
0.04716666666666667,-0.023634021615438143
0.04725,-0.1401680293075744
0.04733333333333333,-0.3222713800897412
0.04741666666666667,-0.17009971808890623
0.0475,-0.24190936102486438
0.04758333333333333,-0.05894685242778013
0.04766666666666667,-0.2168044199285139
0.04775,-0.31473032287935815
0.04783333333333333,0.40843622877407293
0.04791666666666667,0.1741001381049455
0.048,-0.16342188769546728
0.04808333333333333,0.16713039006164485
0.04816666666666667,-0.08514486541483476
0.04825,0.15449936871693404
0.04833333333333333,0.44892834574785967
0.04841666666666666,0.3770992450499805
0.0485,0.5612422163549019
0.04858333333333333,0.20922137108564165
0.048666666666666664,0.14949432029569193
0.04875,0.15523770086268862
0.04883333333333333,-0.1562953752816747
0.048916666666666664,-0.010684660660565832
0.049,-0.26544121694398426
0.04908333333333333,-0.48101001910776564
0.049166666666666664,-0.3340258349633307
0.04925,-0.24249415865110854
0.04933333333333333,-0.07297219385733525
0.049416666666666664,-0.2737640321454575
0.0495,-0.3187537814882917
0.04958333333333333,-0.3134002196792258
0.049666666666666665,-0.5755471356160847
0.04975,-0.33535459817837604
0.049833333333333334,-0.2674589053248495
0.049916666666666665,-0.5996134730134784
0.05,-0.49241746782342777
0.050083333333333334,-0.306877200510011
0.050166666666666665,-0.20579140664071593
0.05025,0.06199845399343209
0.050333333333333334,0.12649193324805424
0.050416666666666665,0.12964099711611782
0.0505,0.24800820016351321
0.050583333333333334,0.18359077908685706
0.050666666666666665,0.06520150667540645
0.05075,0.10155224613017505
0.050833333333333335,0.18680458808202738
0.050916666666666666,0.0778347745254502
0.051,0.17287820345308763
0.051083333333333335,0.4122103847720898
0.051166666666666666,0.19459066639327796
0.05125,0.3437609734280131
0.051333333333333335,0.5119380266108158
0.051416666666666666,-0.07895794608945378
0.0515,-0.20962193485382308
0.051583333333333335,-0.08382603051615789
0.051666666666666666,-0.15999384100246516
0.05175,-0.053345016166604926
0.051833333333333335,-0.20524549547452248
0.051916666666666667,-0.12764746904457833
0.052,0.2250156614355884
0.052083333333333336,0.2943111173160636
0.05216666666666667,0.31802041126711
0.05225,0.1352140192209499
0.052333333333333336,0.054994610138927244
0.05241666666666667,0.20896349742326237
0.0525,0.2499933296639708
0.052583333333333336,0.4289645844332852
0.05266666666666667,0.5460138050481229
0.05275,0.4240961886817675
0.052833333333333336,0.5106213230194612
0.05291666666666667,0.7318498418708115
0.053,0.5414531567222081
0.05308333333333334,0.32652560599166824
0.05316666666666667,0.3150524142255198
0.05325,0.12193095006973644
0.05333333333333334,0.18744157893993696
0.05341666666666667,0.27967989738060994
0.0535,0.2607112497641929
0.05358333333333333,0.3476531025929018
0.05366666666666667,0.2784505619552016
0.05375,0.47402798796992746
0.05383333333333333,0.20882963037963093
0.05391666666666667,-0.2757188237629496
0.054,-0.17808679106344777
0.05408333333333333,-0.5053347933196708
0.05416666666666667,-0.5155979462283922
0.05425,-0.37407041772165495
0.05433333333333333,-0.5275312253311603
0.05441666666666667,-0.09485936887793926
0.0545,-0.04933393906432534
0.05458333333333333,-0.1780355933383213
0.05466666666666667,-0.1436224225356885
0.05475,-0.3401112055433703
0.05483333333333333,-0.32375697199150183
0.05491666666666667,-0.34602107280617017
0.055,-0.10406406437600205
0.05508333333333333,0.04401454558305224
0.05516666666666667,-0.25516001926997833
0.05525,-0.17130243271460932
0.05533333333333333,-0.2444706720589411
0.05541666666666667,-0.34550507322205326
0.0555,-0.052662433211462294
0.05558333333333333,-0.29394161015099773
0.05566666666666667,-0.38909454234331553
0.05575,-0.08950618880047442
0.05583333333333333,-0.36026776046081654
0.05591666666666667,-0.30886596278909206
0.056,-0.1854665564564848
0.05608333333333333,-0.3691730372516788
0.05616666666666666,-0.015420647397607895
0.05625,-0.06248197921348755
0.05633333333333333,-0.07742911812058471
0.056416666666666664,0.2444291232128749
0.0565,-0.014455665192716195
0.05658333333333333,0.039031050504546874
0.056666666666666664,0.05535475532586597
0.05675,-0.2082558075962609
0.05683333333333333,-0.0023436689697981317
0.056916666666666664,0.1608976289654973
0.057,0.2842187248954661
0.05708333333333333,0.5246814097286614
0.057166666666666664,0.5672314462432794
0.05725,0.6351062488477477
0.05733333333333333,0.82318341289721
0.057416666666666664,0.6070396680686531
0.0575,0.30179034650560593
0.057583333333333334,0.45727601282229485
0.057666666666666665,0.5168916799819631
0.05775,0.4087625698352465
0.057833333333333334,0.467150177047414
0.057916666666666665,0.367475785783083
0.058,0.26179762650132465
0.058083333333333334,0.5739313300918762
0.058166666666666665,0.40935554576067856
0.05825,-0.18753249479890194
0.058333333333333334,-0.17966044208290882
0.058416666666666665,-0.009891643305285686
0.0585,0.15586112733289864
0.058583333333333334,-0.07649536380955735
0.058666666666666666,-0.35462288812732967
0.05875,0.018620203216036448
0.058833333333333335,-0.2329182432895694
0.058916666666666666,-0.44898892869277257
0.059,-0.29966390924032243
0.059083333333333335,-0.38242897478117793
0.059166666666666666,0.10700569591736575
0.05925,0.23038483359352308
0.059333333333333335,-0.10259098097701541
0.059416666666666666,-0.18895381666799313
0.0595,-0.16367863792964593
0.059583333333333335,0.03269036175737867
0.059666666666666666,-0.11638413725045943
0.05975,-0.15272389017106036
0.059833333333333336,-0.08208703019140376
0.05991666666666667,-0.22154465924544198
0.06,0.05633931381933755
0.060083333333333336,-0.11369909978691178
0.06016666666666667,-0.5886100734380303
0.06025,-0.11472505235159966
0.060333333333333336,0.06412983482193095
0.06041666666666667,-0.32218842872901704
0.0605,-0.36349808953813084
0.060583333333333336,-0.7987757674453861
0.06066666666666667,-0.7163866479031554
0.06075,-0.26989128338424895
0.060833333333333336,-0.7616258635048143
0.06091666666666667,-0.6487911043255551
0.061,-0.39255811720957146
0.06108333333333334,-0.4471883912755372
0.06116666666666667,-0.018013116757514915
0.06125,-0.11367212222094866
0.06133333333333333,-0.1811305326951861
0.06141666666666667,0.004238947606665661
0.0615,0.010502520221443868
0.06158333333333333,0.18207198879138392
0.06166666666666667,0.03620561646755168
0.06175,0.09259158931044636
0.06183333333333333,0.48763501807096415
0.06191666666666667,0.4651611812555605
0.062,0.35751810810635754
0.06208333333333333,0.46056961380634726
0.06216666666666667,0.5515737775445742
0.06225,0.3741925364161146
0.06233333333333333,0.26668051986443003
0.06241666666666667,0.31446459920453174
0.0625,0.28877185499967395
0.06258333333333334,0.43925604157465215
0.06266666666666666,0.3165283185939443
0.06275,-0.08649208162740994
0.06283333333333334,-0.029549878394576387
0.06291666666666666,0.07168582073829444
0.063,-0.047976026360835027
0.06308333333333334,0.13855778870760954
0.06316666666666666,0.36649233081175986
0.06325,0.4917834449675811
0.06333333333333334,0.6697125551478007
0.06341666666666666,0.40795522903859427
0.0635,0.11924707966873231
0.06358333333333334,0.16352467782935085
0.06366666666666666,0.13380284609091908
0.06375,0.19713764602154182
0.06383333333333334,0.27570320854911035
0.06391666666666666,0.3988925791973684
0.064,0.49069108054355143
0.06408333333333334,0.3766802928802307
0.06416666666666666,0.14766686951198604
0.06425,-0.21370992255546187
0.06433333333333334,-0.09103292024196158
0.06441666666666666,0.14029847195548695
0.0645,0.0764443134980842
0.06458333333333334,0.18483101801100105
0.06466666666666666,0.015992467812997416
0.06475,-0.18578615448955918
0.06483333333333334,-0.1185520276527271
0.06491666666666666,-0.1453354225606496
0.065,-0.2941347635551293
0.06508333333333334,-0.4697285679108555
0.06516666666666666,-0.2789807414802477
0.06525,9.368280439739958e-05
0.06533333333333333,-0.11048505753334627
0.06541666666666666,-0.27204004912769114
0.0655,-0.10254891540417033
0.06558333333333333,0.042142516342057214
0.06566666666666666,-0.13920437759137552
0.06575,0.07373113546581588
0.06583333333333333,0.24201023836723518
0.06591666666666667,-0.15660743368378288
0.066,-0.23352941487623208
0.06608333333333333,-0.43001834647074755
0.06616666666666667,-0.6460310202506022
0.06625,-0.5284414527168559
0.06633333333333333,-0.6611930166242552
0.06641666666666667,-0.25871190237552416
0.0665,-0.17042244547212634
0.06658333333333333,-0.7088885626287494
0.06666666666666667,-0.531172879544592
0.06675,-0.6203011553495511
0.06683333333333333,-0.5779758583938179
0.06691666666666667,-0.25995989376733925
0.067,-0.5326052403687744
0.06708333333333333,-0.31493162903202787
0.06716666666666667,-0.12746992012083339
0.06725,-0.26861609887960325
0.06733333333333333,-0.194901040984431
0.06741666666666667,-0.21879624495403974
0.0675,-0.06302088075573103
0.06758333333333333,0.14182853470004547
0.06766666666666667,0.5000121754895286
0.06775,0.54121008140661
0.06783333333333333,0.0996997709865377
0.06791666666666667,0.21160946541621908
0.068,0.26281467140981113
0.06808333333333333,0.23812934594128116
0.06816666666666667,0.2190688695253296
0.06825,0.1081365381891389
0.06833333333333333,0.6245247999320129
0.06841666666666667,0.5819619430222439
0.0685,0.284034234918821
0.06858333333333333,0.5120115325192093
0.06866666666666667,0.273489344479361
0.06875,0.18368380225090208
0.06883333333333333,0.19963980097955553
0.06891666666666667,0.11522447113815319
0.069,0.21722958295693745
0.06908333333333333,0.0546916524979587
0.06916666666666667,0.36851363518757396
0.06925,0.6039725831242424
0.06933333333333333,0.10414698518644384
0.06941666666666667,0.15810448719336817
0.0695,0.3190090541663376
0.06958333333333333,0.0025164212354029858
0.06966666666666667,-0.2009368136544788
0.06975,-0.26968923325206146
0.06983333333333333,-0.26118017920670356
0.06991666666666667,-0.3717605415427561
0.07,-0.49835999357932187
0.07008333333333333,-0.42677401517232283
0.07016666666666667,-0.4205212342949974
0.07025,-0.567250631002729
0.07033333333333333,-0.5218429242465878
0.07041666666666667,-0.060950464151717586
0.0705,-0.11694812609476465
0.07058333333333333,-0.3588804445245508
0.07066666666666667,0.14999802902164366
0.07075,0.01685054938529492
0.07083333333333333,-0.17683581251931907
0.07091666666666667,0.13986452708277167
0.071,-0.17381351914323936
0.07108333333333333,0.0508520576275105
0.07116666666666667,0.20853855496014814
0.07125,0.013853436877621639
0.07133333333333333,0.3583698104270369
0.07141666666666667,0.028129027936323846
0.0715,0.05731730974057764
0.07158333333333333,0.37761282159135817
0.07166666666666667,0.07709509259054441
0.07175,-0.1652726557616201
0.07183333333333333,-0.7392880205124575
0.07191666666666667,-0.47669118480537226
0.072,-0.06699273280033122
0.07208333333333333,-0.4977753026192278
0.07216666666666667,-0.07785482856295893
0.07225,0.12042553273061411
0.07233333333333333,-0.1426176011919062
0.07241666666666667,0.07595775247587698
0.0725,-0.26496637435154974
0.07258333333333333,-0.7522948465919153
0.07266666666666667,-0.5027338401897187
0.07275,-0.25232032078892946
0.07283333333333333,-0.23491350111338172
0.07291666666666667,0.032612237664575335
0.073,-0.18883610037263857
0.07308333333333333,-0.460881164165161
0.07316666666666667,0.0434014286737176
0.07325,-0.04414123509037134
0.07333333333333333,-0.05567322838644117
0.07341666666666667,0.5315164865203325
0.0735,0.5140203506847483
0.07358333333333333,0.45886867501499984
0.07366666666666667,0.3689293376881449
0.07375,0.23656647617778515
0.07383333333333333,0.33274960468025105
0.07391666666666667,0.10816963002143345
0.074,0.1458661824813292
0.07408333333333333,0.7441841105930027
0.07416666666666667,0.9238934399875095
0.07425,0.6253762102022249
0.07433333333333333,0.8059456165756816
0.07441666666666667,0.7171352269253626
0.0745,0.02361426280027159
0.07458333333333333,0.17968512748344606
0.07466666666666667,0.45712557932759834
0.07475,0.449506516398115
0.07483333333333334,0.7458213081056903
0.07491666666666667,0.5335334831297947
0.075,0.18196365682880786
0.07508333333333334,-0.09233276277839825
0.07516666666666667,-0.5786600820783774
0.07525,-0.6384339739772462
0.07533333333333334,-0.47235676555420575
0.07541666666666667,-0.3195829468669055
0.0755,-0.06870810803526785
0.07558333333333334,0.004956171423986091
0.07566666666666666,-0.20881643414938222
0.07575,-0.38365887328140713
0.07583333333333334,-0.41472736720418757
0.07591666666666666,-0.49509266008847064
0.076,-0.3271430722610161
0.07608333333333334,-0.16141027072221747
0.07616666666666666,-0.0766578636657601
0.07625,0.13012011243793495
0.07633333333333334,-0.11609968981313243
0.07641666666666666,-0.2929656601354933
0.0765,-0.26883458447802444
0.07658333333333334,-0.39560162085072126
0.07666666666666666,-0.2914077855691144
0.07675,-0.1528775235005072
0.07683333333333334,0.3291101391342832
0.07691666666666666,0.5173485940658235
0.077,0.16478153258639466
0.07708333333333334,0.2031850604110901
0.07716666666666666,-0.09204712928916253
0.07725,-0.1510385520258387
0.07733333333333334,0.04008646360421345
0.07741666666666666,-0.26992066971931794
0.0775,-0.0023080566572721917
0.07758333333333334,0.2222428622866874
0.07766666666666666,0.12075921273538187
0.07775,0.1416630537836686
0.07783333333333334,-0.08883304518095544
0.07791666666666666,-0.11068651744779345
0.078,-0.12948914099485545
0.07808333333333334,-0.26301867889664665
0.07816666666666666,-0.185271688411278
0.07825,-0.23249474751961308
0.07833333333333334,-0.33476226065190223
0.07841666666666666,-0.3256642479640797
0.0785,-0.37748967276067796
0.07858333333333334,-0.6319175188651842
0.07866666666666666,-0.6433303340079027
0.07875,-0.2828059820401965
0.07883333333333334,-0.31891102407320915
0.07891666666666666,-0.339585511250748
0.079,-0.08679957419751716
0.07908333333333334,-0.2836276997312844
0.07916666666666666,-0.3474509403913917
0.07925,-0.06916767554297673
0.07933333333333334,0.12487902935392822
0.07941666666666666,0.3738504060947573
0.0795,0.4165885735170092
0.07958333333333334,0.4591137134952313
0.07966666666666666,0.5246323922302485
0.07975,0.2570897018267545
0.07983333333333334,0.24949018314666283
0.07991666666666666,0.5279682505177489
0.08,0.7187080319929506
0.08008333333333334,0.7775250179003108
0.08016666666666666,0.5715641471034271
0.08025,0.39824370353245186
0.08033333333333334,0.18542313254214382
0.08041666666666666,-0.11837308160165998
0.0805,0.0564333278147571
0.08058333333333334,0.2428845411448015
0.08066666666666666,0.2420628767551791
0.08075,0.4910587615041465
0.08083333333333333,0.18923732166469973
0.08091666666666666,-0.3440199310905447
0.081,-0.32977637201599375
0.08108333333333333,-0.4277233572767599
0.08116666666666666,-0.4791538683908168
0.08125,-0.2781316350297377
0.08133333333333333,-0.16615821849910112
0.08141666666666666,-0.10350051634877284
0.0815,0.06260965119224807
0.08158333333333333,0.08236923952541238
0.08166666666666667,-0.2163460431730015
0.08175,-0.2250145978019057
0.08183333333333333,-0.36867351088212497
0.08191666666666667,-0.6310056536735318
0.082,-0.1712689625959441
0.08208333333333333,0.10910142172253372
0.08216666666666667,0.118725598569952
0.08225,0.24736947406562837
0.08233333333333333,0.016280491006130868
0.08241666666666667,-0.04436950404732998
0.0825,0.04933812483509995
0.08258333333333333,-0.33580963297327593
0.08266666666666667,-0.5754414283385506
0.08275,-0.23824755411512594
0.08283333333333333,-0.10058281585519407
0.08291666666666667,-0.11875163641252906
0.083,0.18537709842535627
0.08308333333333333,0.0018317027311865106
0.08316666666666667,-0.41721936578927943
0.08325,-0.49431529622119275
0.08333333333333333,-0.5570777895110758
0.08341666666666667,-0.17619973463251346
0.0835,-0.08681620497800246
0.08358333333333333,-0.37983942855668956
0.08366666666666667,-0.09867695702712134
0.08375,-0.011885077759215568
0.08383333333333333,0.09319364796285311
0.08391666666666667,0.11884088567696402
0.084,-0.20043123702342014
0.08408333333333333,0.12592590766835682
0.08416666666666667,0.31559437456688844
0.08425,0.3584610262748524
0.08433333333333333,0.6284728438052116
0.08441666666666667,0.4248071140388264
0.0845,0.42387962773175425
0.08458333333333333,0.4684975242831117
0.08466666666666667,0.18057280672831136
0.08475,-0.01519124805290724
0.08483333333333333,-0.07914351956870733
0.08491666666666667,0.44962940039342414
0.085,0.7802099027456975
0.08508333333333333,0.4387449326951617
0.08516666666666667,0.3555827123942109
0.08525,0.11428523816189551
0.08533333333333333,-0.1848470847511235
0.08541666666666667,-0.06759093080351272
0.0855,0.03477742280830648
0.08558333333333333,0.20730676826512023
0.08566666666666667,0.18843973986746437
0.08575,-0.03439891000959404
0.08583333333333333,0.08395478533596909
0.08591666666666667,0.0984921390131773
0.086,-0.1556020620622565
0.08608333333333333,-0.16589219381871648
0.08616666666666667,-0.04420307342720441
0.08625,0.12443888105380976
0.08633333333333333,0.20666972386651464
0.08641666666666667,0.12119275695419263
0.0865,0.23465371398185667
0.08658333333333333,0.04280282974311762
0.08666666666666667,0.06433636520145938
0.08675,0.7135178407564118
0.08683333333333333,0.38781962345677623
0.08691666666666667,0.09879263025442563
0.087,0.5076324079351048
0.08708333333333333,-0.0760696012234362
0.08716666666666667,-0.518904486421364
0.08725,-0.13924801962166036
0.08733333333333333,-0.21690152826390913
0.08741666666666667,-0.20613912737230405
0.0875,0.09622446886589506
0.08758333333333333,-0.3589779915071337
0.08766666666666667,-0.6585092935526847
0.08775,-0.38082034335847653
0.08783333333333333,-0.735472036863719
0.08791666666666667,-0.8860632390820654
0.088,-0.7640483511570898
0.08808333333333333,-0.8718729224677988
0.08816666666666667,-0.2784817356158146
0.08825,0.020304432273528086
0.08833333333333333,-0.010444767901776704
0.08841666666666667,0.26851000297281413
0.0885,-0.30901014714164304
0.08858333333333333,-0.6889588833657441
0.08866666666666667,-0.2920922457823778
0.08875,-0.21058877592914804
0.08883333333333333,0.3065345886599793
0.08891666666666667,0.7826451089772611
0.089,0.3640441916632321
0.08908333333333333,0.26590659990854315
0.08916666666666667,0.32187310310116596
0.08925,0.1485769992703171
0.08933333333333333,0.29718259601828045
0.08941666666666667,0.20303862035650527
0.0895,0.09884606991054769
0.08958333333333333,0.36338084181979646
0.08966666666666667,0.4664906795670243
0.08975,0.5543528495625374
0.08983333333333333,0.40723633353941113
0.08991666666666667,0.12780661671325985
0.09,0.0793183708104791
0.09008333333333333,0.029454951272243103
0.09016666666666667,0.0692976676063444
0.09025,0.11469574894451955
0.09033333333333333,0.33675888897355577
0.09041666666666667,0.2828861388436948
0.0905,-0.1545185310794201
0.09058333333333334,-0.176088760272177
0.09066666666666667,-0.3278554787812743
0.09075,-0.05660675217024116
0.09083333333333334,0.23612893545579838
0.09091666666666667,-0.3628683127330403
0.091,-0.030559419949934268
0.09108333333333334,0.3073794797184378
0.09116666666666666,0.058086481974208425
0.09125,0.29752080452783763
0.09133333333333334,-0.21003733282195014
0.09141666666666666,-0.5086511575217226
0.0915,-0.02425156838754875
0.09158333333333334,-0.07329959156414906
0.09166666666666666,-0.20110881298851527
0.09175,-0.07680015279118955
0.09183333333333334,0.09435012675999226
0.09191666666666666,0.08089874672736916
0.092,0.039569685428641095
0.09208333333333334,-0.13312591578171185
0.09216666666666666,-0.33415624730768473
0.09225,-0.0010563693199980098
0.09233333333333334,-0.13619674958712896
0.09241666666666666,-0.3525199241738901
0.0925,-0.11179040418711933
0.09258333333333334,-0.35983223442966084
0.09266666666666666,-0.22598064104003723
0.09275,0.012890316556633174
0.09283333333333334,-0.4242352720670023
0.09291666666666666,-0.4579679321589158
0.093,-0.1500645790074
0.09308333333333334,-0.04929694025200141
0.09316666666666666,-0.18665142733819984
0.09325,-0.35140721450709883
0.09333333333333334,-0.33357962324125434
0.09341666666666666,-0.4026816461951563
0.0935,-0.46053872438279764
0.09358333333333334,-0.340803059701642
0.09366666666666666,-0.3001966760308113
0.09375,-0.3031510243034985
0.09383333333333334,0.0659787313211526
0.09391666666666666,0.25104564472152824
0.094,-0.13844021171806806
0.09408333333333334,-0.18383728979456432
0.09416666666666666,-0.05973592253420939
0.09425,-0.18736573463163708
0.09433333333333334,-0.18752833049071976
0.09441666666666666,0.07204452043817156
0.0945,0.3450654910159986
0.09458333333333334,0.16884514881528706
0.09466666666666666,0.12369758736230957
0.09475,0.28327894600001413
0.09483333333333334,0.09410652744812997
0.09491666666666666,-0.038596116416644836
0.095,-0.20127646237512162
0.09508333333333334,-0.11208799674379046
0.09516666666666666,0.1598350450090515
0.09525,0.18178702593346036
0.09533333333333334,0.5083375538672399
0.09541666666666666,0.590709935343539
0.0955,0.48336502552658334
0.09558333333333334,0.6451147895014111
0.09566666666666666,0.4873895235411362
0.09575,0.41721483944897847
0.09583333333333334,0.5446135928837901
0.09591666666666666,0.5216489239819704
0.096,0.4711790877345407
0.09608333333333334,0.42264148546706204
0.09616666666666666,0.2821139515332266
0.09625,0.06496580521131573
0.09633333333333334,-0.019999527125807333
0.09641666666666666,-0.13312424055822972
0.0965,-0.08401905071204888
0.09658333333333333,-0.012827383357374626
0.09666666666666666,-0.17388782734954938
0.09675,0.09805612082168541
0.09683333333333333,0.08767013056834884
0.09691666666666666,-0.4435679736555391
0.097,-0.5015023902073442
0.09708333333333333,-0.5879609976602347
0.09716666666666667,-0.7849619170576462
0.09725,-0.6824023729062929
0.09733333333333333,-0.6747430329210442
0.09741666666666667,-0.8704382080335498
0.0975,-0.8206585222184148
0.09758333333333333,-0.48762535438958876
0.09766666666666667,-0.276196133550518
0.09775,-0.016847917283798287
0.09783333333333333,0.11805661068057596
0.09791666666666667,0.3242923810065238
0.098,0.6112658824015823
0.09808333333333333,0.24481113407344657
0.09816666666666667,0.21530803136039633
0.09825,0.3822739778358226
0.09833333333333333,-0.05531222219932163
0.09841666666666667,-0.1270423633410533
0.0985,-0.09602263939895629
0.09858333333333333,-0.22470673688735415
0.09866666666666667,-0.0663968274847686
0.09875,-0.07290337461345527
0.09883333333333333,-0.16418540841346851
0.09891666666666667,-0.10831258762429523
0.099,-0.22253888697891192
0.09908333333333333,-0.2589634968412133
0.09916666666666667,-0.14570451056548198
0.09925,-0.19455072103948629
0.09933333333333333,-0.1998419522275287
0.09941666666666667,-0.12446216327075779
0.0995,-0.11260886218495256
0.09958333333333333,-0.0298011714476275
0.09966666666666667,0.11159997817730055
0.09975,0.25771435492537
0.09983333333333333,0.43421452227260765
0.09991666666666667,0.4377330348798522
0.1,0.4584967586551734
0.10008333333333333,0.594101008802227
0.10016666666666667,0.4258133344440112
0.10025,0.3944158722603156
0.10033333333333333,0.47300004217387537
0.10041666666666667,0.30447368919004475
0.1005,0.43057956592049385
0.10058333333333333,0.48140947892135594
0.10066666666666667,0.4661859282095859
0.10075,0.7064891952587078
0.10083333333333333,0.5193192884302549
0.10091666666666667,0.2840389508019844
0.101,0.24103163337888636
0.10108333333333333,0.2181605011602068
0.10116666666666667,0.1718240564426545
0.10125,-0.41637818210431543
0.10133333333333333,-0.49614602977617206
0.10141666666666667,-0.1678092670093508
0.1015,-0.5312238171742233
0.10158333333333333,-0.5698836119396951
0.10166666666666667,-0.6916124155250245
0.10175,-1.0234457991569366
0.10183333333333333,-0.5503701333677428
0.10191666666666667,-0.19292575919319396
0.102,-0.1506583513729159
0.10208333333333333,-0.2627733883898785
0.10216666666666667,-0.6947148608634214
0.10225,-0.7701778248397033
0.10233333333333333,-0.8193165647120706
0.10241666666666667,-1.0026719734452059
0.1025,-0.6927842607362609
0.10258333333333333,-0.0585815475895688
0.10266666666666667,0.24298043780972078
0.10275,0.0011558329274045434
0.10283333333333333,-0.1427113789350251
0.10291666666666667,-0.37266239326643713
0.103,-0.5950227994375341
0.10308333333333333,-0.39716180129779205
0.10316666666666667,-0.4281018999226934
0.10325,0.005170756712719152
0.10333333333333333,0.36330781688935343
0.10341666666666667,-0.1436088996158868
0.1035,-0.08088771043871698
0.10358333333333333,-0.04701164844639956
0.10366666666666667,-0.366930076994537
0.10375,-0.2583667608406098
0.10383333333333333,-0.35172068381882726
0.10391666666666667,-0.3996792440852486
0.104,-0.02591824058186378
0.10408333333333333,-0.03336875596018928
0.10416666666666667,-0.09828070718149885
0.10425,0.39151529399557466
0.10433333333333333,0.4093864393470937
0.10441666666666667,0.3192263863080897
0.1045,0.6618438743289052
0.10458333333333333,0.3555308529800511
0.10466666666666667,0.2576144494055118
0.10475,0.5282550119517123
0.10483333333333333,0.2693346976680803
0.10491666666666667,0.29495950399091836
0.105,0.27639873534536463
0.10508333333333333,0.0529885983275036
0.10516666666666667,0.5250599376971107
0.10525,0.6979798125332406
0.10533333333333333,0.23890286467016958
0.10541666666666667,0.6123395602772697
0.1055,1.0784561221410904
0.10558333333333333,0.6490941301364536
0.10566666666666667,0.5451535106779745
0.10575,0.626954889417183
0.10583333333333333,0.38434080282356353
0.10591666666666667,0.3600505086361835
0.106,0.19297581108681755
0.10608333333333334,0.064818387909937
0.10616666666666667,0.06672064550643436
0.10625,-0.3362885267766267
0.10633333333333334,-0.4310514602769718
0.10641666666666667,-0.4883278785423686
0.1065,-0.8897397494356739
0.10658333333333334,-0.5871559778410501
0.10666666666666667,-0.2284820061942301
0.10675,-0.4387348886098428
0.10683333333333334,-0.34236292804651497
0.10691666666666666,-0.17327017028366093
0.107,-0.2798054229671496
0.10708333333333334,-0.3381921951266028
0.10716666666666666,-0.5436815966375019
0.10725,-0.2211521817256221
0.10733333333333334,0.4042865444534278
0.10741666666666666,-0.21336675399445504
0.1075,-0.4220986355732177
0.10758333333333334,0.0804752361191019
0.10766666666666666,-0.3981860890956325
0.10775,-0.4682946592806213
0.10783333333333334,-0.1950229509679272
0.10791666666666666,-0.09585234687967419
0.108,0.3600006055068749
0.10808333333333334,0.4043145440700215
0.10816666666666666,0.45572340184771265
0.10825,0.3513148163018251
0.10833333333333334,-0.2685991123749642
0.10841666666666666,-0.22719459037616108
0.1085,0.13187413027467296
0.10858333333333334,0.04840525534249362
0.10866666666666666,0.07543762322175424
0.10875,0.14949410209046257
0.10883333333333334,-0.1543567537199883
0.10891666666666666,-0.32101444542141555
0.109,-0.39178796197027577
0.10908333333333334,-0.45346388457685316
0.10916666666666666,-0.25907412480709313
0.10925,-0.16304544049725225
0.10933333333333334,-0.08848796408416867
0.10941666666666666,-0.0188996961995605
0.1095,0.12684820130841307
0.10958333333333334,0.19613985506986606
0.10966666666666666,0.029216286778423077
0.10975,0.1944474145979533
0.10983333333333334,0.3473908093572164
0.10991666666666666,0.3884859438008713
0.11,0.5543984116385159
0.11008333333333334,0.5684528554229936
0.11016666666666666,0.36644114787520865
0.11025,0.2498384476556802
0.11033333333333334,0.5521280225489942
0.11041666666666666,0.47037140305587827
0.1105,0.11743820689811815
0.11058333333333334,0.14374211257936903
0.11066666666666666,0.17018696452429016
0.11075,0.46158037092403087
0.11083333333333334,0.4499978937640111
0.11091666666666666,0.09308159386376261
0.111,0.1591947125821495
0.11108333333333334,-0.05946788170979118
0.11116666666666666,-0.25470921946228375
0.11125,-0.16642609823761031
0.11133333333333334,-0.4115086258975715
0.11141666666666666,-0.5567122067659154
0.1115,-0.5504940007167031
0.11158333333333334,-0.5241406303077631
0.11166666666666666,-0.4516006405396962
0.11175,-0.4910587895380619
0.11183333333333334,-0.20502643350149818
0.11191666666666666,0.039481785918918925
0.112,-0.13207266363694659
0.11208333333333333,-0.0929151074747664
0.11216666666666666,-0.14308056800829383
0.11225,-0.2508381540328594
0.11233333333333333,-0.12334274840053461
0.11241666666666666,-0.13095688635294558
0.1125,-0.09734610905065111
0.11258333333333333,-0.08873068385861385
0.11266666666666666,-0.024128641811648775
0.11275,0.09760109880734225
0.11283333333333333,0.05012720478576178
0.11291666666666667,-0.06456887889928271
0.113,-0.41168610327561
0.11308333333333333,-0.29021196839390895
0.11316666666666667,-0.021270579747635618
0.11325,-0.2327983353665335
0.11333333333333333,-0.060484808056210405
0.11341666666666667,-0.04601603029159798
0.1135,-0.25625061577863906
0.11358333333333333,-0.34554616590716786
0.11366666666666667,-0.5321044031485203
0.11375,-0.43627264142337785
0.11383333333333333,-0.46858604171339713
0.11391666666666667,-0.22645094997218396
0.114,0.20297695908373412
0.11408333333333333,0.09788066030064643
0.11416666666666667,0.3064889172539115
0.11425,0.5220705239198455
0.11433333333333333,0.48407448747305704
0.11441666666666667,0.4677841600293317
0.1145,0.19064853109641916
0.11458333333333333,0.3167954404149518
0.11466666666666667,0.5778794234635825
0.11475,0.38942286315694313
0.11483333333333333,0.4264447671407201
0.11491666666666667,0.4562075557236259
0.115,0.24525506344592052
0.11508333333333333,0.3960801206525862
0.11516666666666667,0.5323896442634766
0.11525,0.34073897323956515
0.11533333333333333,0.31600178297795356
0.11541666666666667,0.3778812193038761
0.1155,0.36102096632491393
0.11558333333333333,0.3443606969864135
0.11566666666666667,0.118294533197382
0.11575,-0.12460454441900332
0.11583333333333333,0.02019295409964087
0.11591666666666667,0.1656988343143104
0.116,-0.10359584008214723
0.11608333333333333,-0.4697348411256467
0.11616666666666667,-0.4040140932685379
0.11625,-0.06143500973779604
0.11633333333333333,-0.1156171584129228
0.11641666666666667,-0.19892203585044066
0.1165,-0.07722529228106112
0.11658333333333333,-0.31897206550006596
0.11666666666666667,-0.36645303738541535
0.11675,0.026896010717501806
0.11683333333333333,-0.005160288691471347
0.11691666666666667,-0.27950383202641094
0.117,0.006066645873083579
0.11708333333333333,0.23679766866749008
0.11716666666666667,-0.18820375687234797
0.11725,-0.23298984766787567
0.11733333333333333,0.000471089785805046
0.11741666666666667,-0.27139624337733936
0.1175,-0.28913144540366453
0.11758333333333333,-0.2200899726552975
0.11766666666666667,-0.16680363684673186
0.11775,0.32563746045420483
0.11783333333333333,0.1581469292083337
0.11791666666666667,-0.1977604650795191
0.118,-0.05918593033438058
0.11808333333333333,-0.16798984148568652
0.11816666666666667,-0.17573531865130948
0.11825,-0.2982199257249802
0.11833333333333333,-0.3996863168734735
0.11841666666666667,-0.3783797468790926
0.1185,-0.6313201520683601
0.11858333333333333,-0.3718729899248061
0.11866666666666667,-0.2911869807280001
0.11875,-0.5477226891104375
0.11883333333333333,-0.25787754699332105
0.11891666666666667,-0.07299756564017906
0.119,-0.13093230033932404
0.11908333333333333,-0.10459901304993174
0.11916666666666667,0.12592757600516902
0.11925,0.269015001425307
0.11933333333333333,0.3158323981238228
0.11941666666666667,0.48403251463579944
0.1195,0.33290899233405985
0.11958333333333333,0.4826220055324216
0.11966666666666667,0.7992494825764451
0.11975,0.6176169211637668
0.11983333333333333,0.5314609522696319
0.11991666666666667,0.39050052751599373
0.12,0.3009248703407128
0.12008333333333333,0.17846997827259942
0.12016666666666667,-0.147208624014091
0.12025,-0.06426340348805916
0.12033333333333333,-0.1456759131785874
0.12041666666666667,-0.22926776847533498
0.1205,-0.011440220984946679
0.12058333333333333,-0.03262495663307694
0.12066666666666667,0.06556453096292465
0.12075,0.053719896253005044
0.12083333333333333,0.1183796525368174
0.12091666666666667,0.2034684205945322
0.121,-0.23495475951858621
0.12108333333333333,-0.2092659549267694
0.12116666666666667,-0.19031411318442892
0.12125,-0.47181721027019896
0.12133333333333333,-0.43188063882631
0.12141666666666667,-0.5528824152487524
0.1215,-0.16962401040867453
0.12158333333333333,0.2371189287034987
0.12166666666666667,0.11520963553423913
0.12175,0.3771755318272742
0.12183333333333334,0.21589277454669262
0.12191666666666667,-0.18616323968376775
0.122,-0.08798217721310081
0.12208333333333334,-0.2018346711111462
0.12216666666666667,-0.3790650001648018
0.12225,-0.25190821898826343
0.12233333333333334,-0.16916443813962828
0.12241666666666666,-0.2983237209802229
0.1225,-0.31796532461490856
0.12258333333333334,-0.1881289690605868
0.12266666666666666,-0.15321279673720506
0.12275,-0.10123970010575681
0.12283333333333334,-0.0313083652353335
0.12291666666666666,-0.0851941700517012
0.123,0.08719450287427437
0.12308333333333334,0.31796514795559516
0.12316666666666666,-0.047722677145339384
0.12325,-0.22261724011445572
0.12333333333333334,-0.07281209874294385
0.12341666666666666,-0.029665333593419163
0.1235,0.3058625630149107
0.12358333333333334,0.11756746649787703
0.12366666666666666,-0.10057645550195188
0.12375,0.3193324477823316
0.12383333333333334,0.34190623414929844
0.12391666666666666,0.36726738868962133
0.124,0.4691961498026971
0.12408333333333334,0.3518054296380434
0.12416666666666666,0.377350970497676
0.12425,0.36162897582613
0.12433333333333334,0.3433438962406262
0.12441666666666666,0.4256756788037924
0.1245,0.2364357604985733
0.12458333333333334,-0.11448737022492342
0.12466666666666666,-0.11278214840876022
0.12475,-0.3058098119561442
0.12483333333333334,-0.5308717799873516
0.12491666666666666,-0.13165951530815898
0.125,0.12225076249663375
0.12508333333333332,0.04470910432164987
0.12516666666666668,-0.00825033313718075
0.12525,0.10634843196677425
0.12533333333333332,0.0005627283676334142
0.12541666666666668,-0.18295619657200846
0.1255,0.08314746293326508
0.12558333333333332,-0.07921839305435728
0.12566666666666668,-0.23202284084547778
0.12575,-0.04847086524679385
0.12583333333333332,-0.07413441278411781
0.12591666666666668,-0.08322569620159882
0.126,-0.40313049252077654
0.12608333333333333,-0.23077084953600407
0.12616666666666668,-0.004185990476486005
0.12625,-0.2599266631944025
0.12633333333333333,0.2153200155065484
0.12641666666666668,0.15994555781402234
0.1265,-0.03992619820313075
0.12658333333333333,0.3430032837532239
0.12666666666666668,0.07463268023905209
0.12675,0.03732814148163924
0.12683333333333333,0.051108454516416386
0.12691666666666668,0.04687739812655802
0.127,0.36665531306359045
0.12708333333333333,0.1469465439239165
0.12716666666666668,0.0649058827648755
0.12725,-0.07386175799557892
0.12733333333333333,-0.4073876040513144
0.12741666666666668,-0.5835388125930127
0.1275,-0.8879181599566306
0.12758333333333333,-0.45181834237461505
0.12766666666666668,-0.1363459876257597
0.12775,-0.44578480647664753
0.12783333333333333,-0.021049792697482535
0.12791666666666668,0.31486380270669284
0.128,-0.14733737940633734
0.12808333333333333,-0.3709349323218323
0.12816666666666668,-0.2733989062224428
0.12825,-0.7431942890296063
0.12833333333333333,-0.9016680510061217
0.12841666666666668,-0.09615282994209061
0.1285,0.04480837784444394
0.12858333333333333,-0.0166080937281744
0.12866666666666668,0.5629938243644146
0.12875,0.42692363017924295
0.12883333333333333,0.03582075116967174
0.12891666666666668,0.19501946777551968
0.129,0.13309826959731502
0.12908333333333333,0.12685099710212833
0.12916666666666668,0.41956141805029085
0.12925,0.443334947584763
0.12933333333333333,0.3513814072103175
0.12941666666666668,0.2512210080813132
0.1295,0.29643885524311603
0.12958333333333333,0.34316051966512706
0.12966666666666668,0.018165210228195294
0.12975,0.013549739957970071
0.12983333333333333,0.07179860180793607
0.12991666666666668,-0.06520579010710133
0.13,-0.018792519178058915
0.13008333333333333,-0.32926495042561177
0.13016666666666668,-0.4321570456778347
0.13025,-0.1973633684063328
0.13033333333333333,-0.3535510260786482
0.13041666666666665,-0.5352085441359942
0.1305,-0.4264549859223756
0.13058333333333333,-0.19637546002769699
0.13066666666666665,-0.37353691052560156
0.13075,-0.4037308928141363
0.13083333333333333,-0.14369882287940383
0.13091666666666665,-0.3204052910875897
0.131,-0.31139365198580055
0.13108333333333333,-0.21606700039906215
0.13116666666666665,-0.22828310075078678
0.13125,-0.22286677083309053
0.13133333333333333,-0.2592683746936286
0.13141666666666665,0.09135912197655116
0.1315,0.3568171089172392
0.13158333333333333,0.44007822439830857
0.13166666666666665,0.50208590146212
0.13175,0.39255755691783917
0.13183333333333333,0.43050718615845596
0.13191666666666665,0.4014176478432877
0.132,0.39011557030864474
0.13208333333333333,0.473080743110683
0.13216666666666665,0.37330999291124317
0.13225,0.29290430301384934
0.13233333333333333,0.11152572654650887
0.13241666666666665,-0.0068734106312820726
0.1325,-0.1923400319311208
0.13258333333333333,-0.5545338725544806
0.13266666666666665,-0.4833680880027684
0.13275,-0.5374241342344188
0.13283333333333333,-0.5441539819736942
0.13291666666666666,-0.18990293022128807
0.133,-0.09484981916498975
0.13308333333333333,-0.09929874644457024
0.13316666666666666,-0.3939423210891625
0.13325,-0.2585619345499114
0.13333333333333333,0.2203182483565723
0.13341666666666666,-0.048986441055186646
0.1335,-0.0393466270651951
0.13358333333333333,0.1921002375382146
0.13366666666666666,0.18863315134416206
0.13375,0.14491582020011015
0.13383333333333333,-0.0250230735100622
0.13391666666666666,0.32912415220236435
0.134,0.44014728207722265
0.13408333333333333,0.3523656549382216
0.13416666666666666,0.7554437632508517
0.13425,0.5191161551482759
0.13433333333333333,0.3297553393422791
0.13441666666666666,0.4265489010134605
0.1345,0.20332679847693
0.13458333333333333,0.2869765793842883
0.13466666666666666,0.3188459040787577
0.13475,0.3521234413707388
0.13483333333333333,0.4134353908180906
0.13491666666666666,0.27827598667024706
0.135,0.0011099208595969762
0.13508333333333333,-0.4034119786071447
0.13516666666666666,-0.1801193173634535
0.13525,-0.16647913970151584
0.13533333333333333,-0.6031466535637501
0.13541666666666666,-0.1306709298442678
0.1355,0.07957065746283953
0.13558333333333333,-0.21392119271890214
0.13566666666666666,0.23101590241378808
0.13575,0.1978750935626286
0.13583333333333333,-0.026992869614768142
0.13591666666666666,0.26884603097644866
0.136,-0.10782601651365833
0.13608333333333333,-0.07208939053058855
0.13616666666666666,0.163017621898708
0.13625,-0.32791828457017347
0.13633333333333333,-0.15411695098975536
0.13641666666666666,0.07612341388609092
0.1365,0.05103116805807582
0.13658333333333333,0.2589854695474912
0.13666666666666666,0.29217893339652673
0.13675,0.31590944845540725
0.13683333333333333,0.041996636459549555
0.13691666666666666,-0.20284083427553906
0.137,-0.050950248923383124
0.13708333333333333,-0.07643017952333425
0.13716666666666666,-0.20971900970696875
0.13725,-0.409066934436884
0.13733333333333334,-0.6302609337977286
0.13741666666666666,-0.545791244714196
0.1375,-0.4696244925214801
0.13758333333333334,-0.5737236392200287
0.13766666666666666,-0.4402666250756356
0.13775,-0.2703191484807023
0.13783333333333334,-0.3261397004476225
0.13791666666666666,-0.498217643062265
0.138,-0.6614009116497593
0.13808333333333334,-0.5830338063116164
0.13816666666666666,-0.4472093278532765
0.13825,-0.04620696679247799
0.13833333333333334,0.2760529880150227
0.13841666666666666,0.08912146969917611
0.1385,0.40332528181875915
0.13858333333333334,0.553256656756399
0.13866666666666666,0.06784600918645249
0.13875,0.05504056976121507
0.13883333333333334,0.14940701379027546
0.13891666666666666,0.3310635523369538
0.139,0.6997786163298847
0.13908333333333334,0.614287715338281
0.13916666666666666,0.3318748452153599
0.13925,0.15220277572592417
0.13933333333333334,0.03866475348552751
0.13941666666666666,-0.08486372438838943
0.1395,-0.09926135746516224
0.13958333333333334,-0.04032008646458345
0.13966666666666666,-0.03335371280485079
0.13975,-0.009376100231429792
0.13983333333333334,-0.24094706862531884
0.13991666666666666,-0.2524965639738625
0.14,-0.2228490002745881
0.14008333333333334,-0.4099329142176654
0.14016666666666666,-0.027675027874359936
0.14025,0.024686077852855752
0.14033333333333334,-0.19338634818316988
0.14041666666666666,-0.09785701797894933
0.1405,-0.31736788969935237
0.14058333333333334,-0.35695416771820687
0.14066666666666666,-0.23968501436154413
0.14075,0.07681817834216634
0.14083333333333334,0.4866128386658892
0.14091666666666666,0.29229872759658304
0.141,0.12975153640143794
0.14108333333333334,0.16377135989295974
0.14116666666666666,0.12797474907249795
0.14125,-0.19227467755017702
0.14133333333333334,-0.49851830455300455
0.14141666666666666,-0.26212626691440194
0.1415,-0.330867079989554
0.14158333333333334,-0.3763437751099023
0.14166666666666666,-0.10111729196505408
0.14175,-0.23130468939563315
0.14183333333333334,-0.23649424649709472
0.14191666666666666,-0.1822956552537882
0.142,-0.19227295426431593
0.14208333333333334,-0.07893200467340289
0.14216666666666666,-0.09680132605895997
0.14225,0.24526892750680646
0.14233333333333334,0.5650956407773375
0.14241666666666666,0.39304329262510856
0.1425,0.4330571209026337
0.14258333333333334,0.6413027448734381
0.14266666666666666,0.8269779299494231
0.14275,0.7095362111397615
0.14283333333333334,0.44634949305468746
0.14291666666666666,0.6257580039278647
0.143,0.3149150305040695
0.14308333333333334,0.022581292515905627
0.14316666666666666,0.29090722490362336
0.14325,-0.05302624191997493
0.14333333333333334,-0.019962993453006325
0.14341666666666666,0.16920957450793261
0.1435,-0.1876042385307016
0.14358333333333334,0.04403043166264838
0.14366666666666666,0.023289200896074384
0.14375,-0.09658222894266638
0.14383333333333334,0.16058793555217904
0.14391666666666666,-0.1457886821914986
0.144,-0.018914606388254103
0.14408333333333334,0.43925278770274334
0.14416666666666667,0.2271491757039624
0.14425,0.04594165076533068
0.14433333333333334,-0.03451074264375296
0.14441666666666667,-0.060759974710599386
0.1445,0.2384671382198496
0.14458333333333334,0.28842726180510453
0.14466666666666667,0.023506255715219755
0.14475,0.25883878371665137
0.14483333333333334,0.6788175996460126
0.14491666666666667,0.5404329912152304
0.145,0.42146814990642734
0.14508333333333334,0.3203173355893895
0.14516666666666667,0.15492505103959653
0.14525,0.32483934528623737
0.14533333333333334,0.113517139418435
0.14541666666666667,0.16852485006352558
0.1455,0.45567474464395585
0.14558333333333334,-0.03953661942553036
0.14566666666666667,0.06405299691594224
0.14575,-0.0810024907006308
0.14583333333333334,-0.7871127745526402
0.14591666666666667,-0.37390333699389044
0.146,-0.3119130448070598
0.14608333333333334,-0.6164040485960365
0.14616666666666667,-0.4050808888108711
0.14625,-0.37391998046733366
0.14633333333333334,-0.04318497003113269
0.14641666666666667,0.2001947779741951
0.1465,-0.40218057581744615
0.14658333333333334,-0.7243140008994471
0.14666666666666667,-0.535969437131328
0.14675,-0.817488193688655
0.14683333333333334,-0.7155062078261852
0.14691666666666667,-0.31517281611573955
0.147,-0.7231729712999886
0.14708333333333334,-0.5657063289066855
0.14716666666666667,-0.10175417881497534
0.14725,-0.3694130950072096
0.14733333333333334,-0.3438298774909709
0.14741666666666667,-0.23314123920817448
0.1475,-0.02466648731663252
0.14758333333333334,0.3908057870131171
0.14766666666666667,0.11901116732619711
0.14775,0.045392703473295444
0.14783333333333334,0.5195876646183769
0.14791666666666667,0.3560120696083199
0.148,-0.01752381468563828
0.14808333333333334,-0.11266083943886136
0.14816666666666667,-0.09827004798165967
0.14825,0.35957181736490396
0.14833333333333334,0.41231641752104425
0.14841666666666667,-0.060354171319695525
0.1485,0.04243587483073553
0.14858333333333335,0.22247931261631287
0.14866666666666667,0.3451232926704095
0.14875,0.4163474139742219
0.14883333333333335,0.14597536516391998
0.14891666666666667,0.37020710866167184
0.149,0.7584099648901828
0.14908333333333335,0.6637371758379738
0.14916666666666667,0.4847179960713111
0.14925,0.27607355632023817
0.14933333333333335,0.11370320274884155
0.14941666666666667,0.03947170604390828
0.1495,-0.033235693278897534
0.14958333333333335,-0.1147563596091541
0.14966666666666667,-0.10273200389686477
0.14975,0.07372656122434426
0.14983333333333335,-0.15184796960130992
0.14991666666666667,-0.5062939928597604
0.15,-0.2924735882901381
0.15008333333333335,-0.29051574611547376
0.15016666666666667,-0.510360084618631
0.15025,-0.30395473107749366
0.15033333333333335,-0.37082863222928336
0.15041666666666667,-0.6675953091887916
0.1505,-0.6664120597164146
0.15058333333333335,-0.8345839724208444
0.15066666666666667,-0.78573803092488
0.15075,-0.4763675659243029
0.15083333333333335,-0.6033366677522687
0.15091666666666667,-0.46970899763541873
0.151,-0.2685943125987841
0.15108333333333332,-0.48201309046092733
0.15116666666666667,-0.3688794921965696
0.15125,-0.22613019437649284
0.15133333333333332,-0.14477358732712226
0.15141666666666667,0.18107925534446317
0.1515,0.39226967446406963
0.15158333333333332,0.6861977750294332
0.15166666666666667,0.8105016634009189
0.15175,0.4798033964340776
0.15183333333333332,0.4009017645988233
0.15191666666666667,0.19527051565006626
0.152,-0.04705120221571423
0.15208333333333332,0.2917091556694282
0.15216666666666667,0.13507993846107463
0.15225,-0.03990520099369627
0.15233333333333332,0.2588338079953454
0.15241666666666667,0.04397822135931994
0.1525,-0.0946485560782701
0.15258333333333332,-0.12438338648184953
0.15266666666666667,-0.14485641655426376
0.15275,0.11113146681039304
0.15283333333333332,0.21414002699077372
0.15291666666666667,0.49449314575841197
0.153,0.42219053084903235
0.15308333333333332,0.07149344779358319
0.15316666666666667,0.2844830224176908
0.15325,-0.006585864891352857
0.15333333333333332,-0.39501789302653656
0.15341666666666667,-0.039816771229649196
0.1535,0.08567882646957743
0.15358333333333332,0.21615593090961252
0.15366666666666667,0.4540611029753772
0.15375,0.3326842412827724
0.15383333333333332,0.4433493184606143
0.15391666666666667,0.6265910672496471
0.154,0.5208011562510743
0.15408333333333332,0.5028771960560844
0.15416666666666667,0.55996460061501
0.15425,0.581198070344126
0.15433333333333332,0.5634114670195363
0.15441666666666667,0.4620936627212873
0.1545,0.30703008011133004
0.15458333333333332,0.12430489908335453
0.15466666666666667,-0.04011249540919721
0.15475,-0.09126367283382521
0.15483333333333332,-0.0976375438804767
0.15491666666666667,-0.06586363957149202
0.155,0.08091182283988507
0.15508333333333332,0.12764658034758536
0.15516666666666667,0.23726121560603963
0.15525,0.3082154312407349
0.15533333333333332,0.04054089743392416
0.15541666666666668,-0.04504964711954428
0.1555,0.00415551503786944
0.15558333333333332,0.01805669728929707
0.15566666666666668,-0.02441384481589729
0.15575,-0.36128295566788504
0.15583333333333332,-0.474387424263789
0.15591666666666668,-0.532893098586304
0.156,-0.6920383253877695
0.15608333333333332,-0.5941661021913403
0.15616666666666668,-0.6954759892628769
0.15625,-0.5816532380590451
0.15633333333333332,-0.3599633056778481
0.15641666666666668,-0.5313181168566293
0.1565,-0.5705476632053739
0.15658333333333332,-0.7541197822523619
0.15666666666666668,-0.7418806980666836
0.15675,-0.5219626326133062
0.15683333333333332,-0.5974928923696253
0.15691666666666668,-0.4633297948823894
0.157,-0.4051642012672871
0.15708333333333332,-0.3552583335950216
0.15716666666666668,-0.30559088186657635
0.15725,-0.6262145504875036
0.15733333333333333,-0.6696149108364763
0.15741666666666668,-0.3662243292499726
0.1575,-0.07594608193330946
0.15758333333333333,0.1648442120699868
0.15766666666666668,0.36327264898496
0.15775,0.4348160812426953
0.15783333333333333,0.4214997729580153
0.15791666666666668,0.5546322855005493
0.158,0.6258697708819049
0.15808333333333333,0.6645680952856299
0.15816666666666668,0.8299899625269256
0.15825,0.6790143886313447
0.15833333333333333,0.4143757375402053
0.15841666666666668,0.5379087608498668
0.1585,0.3394948140036199
0.15858333333333333,-0.05213138814570552
0.15866666666666668,0.1740196072856701
0.15875,0.23833097897421257
0.15883333333333333,0.15210706781482594
0.15891666666666668,0.30763487822637176
0.159,0.17263811895776626
0.15908333333333333,0.07404648959253886
0.15916666666666668,0.013834726947185719
0.15925,-0.14931326627209177
0.15933333333333333,-0.3051935664006309
0.15941666666666668,-0.558913506731773
0.1595,-0.36432989852786085
0.15958333333333333,-0.026912751412952834
0.15966666666666668,0.028884373917647317
0.15975,0.06061510727201796
0.15983333333333333,-0.2662064532688236
0.15991666666666668,-0.5032105298807142
0.16,-0.2913957306384547
0.16008333333333333,-0.23075529779491152
0.16016666666666668,-0.15919176927251877
0.16025,0.2584537634811288
0.16033333333333333,0.3648657085693946
0.16041666666666668,-0.07052825765715566
0.1605,-0.07038133182048177
0.16058333333333333,-0.24510060712804455
0.16066666666666668,-0.8931818313388654
0.16075,-0.5272972389649526
0.16083333333333333,-0.12956891295816075
0.16091666666666668,-0.3252474394821916
0.161,-0.36758647920409737
0.16108333333333333,-0.5872371186739975
0.16116666666666668,-0.6429078543222009
0.16125,-0.7476844980295734
0.16133333333333333,-0.8364121478590856
0.16141666666666668,-0.49687344289884783
0.1615,-0.34378379656583474
0.16158333333333333,-0.060143855922020456
0.16166666666666665,0.39676012830130747
0.16175,0.5719688363089852
0.16183333333333333,0.5264700760980344
0.16191666666666665,0.37202601199970886
0.162,0.07157003300488729
0.16208333333333333,-0.25002558752973686
0.16216666666666665,-0.0454713328357363
0.16225,0.11994155816873386
0.16233333333333333,0.13663538153317595
0.16241666666666665,0.6142030886771206
0.1625,0.5564155835300306
0.16258333333333333,0.16957313522559153
0.16266666666666665,0.3542141697198307
0.16275,0.3009557057328183
0.16283333333333333,0.18017980651766086
0.16291666666666665,0.4235772635868047
0.163,0.507960139270444
0.16308333333333333,0.605496875793518
0.16316666666666665,0.5669277860547028
0.16325,0.3141027237688329
0.16333333333333333,0.4208960054811127
0.16341666666666665,0.5180587021430538
0.1635,0.3917991793619883
0.16358333333333333,0.3541123537029992
0.16366666666666665,0.2432316826277973
0.16375,0.1444812611966874
0.16383333333333333,0.15468829687802854
0.16391666666666665,0.16804682266724913
0.164,0.41049002080079855
0.16408333333333333,0.6976662128262318
0.16416666666666666,0.5880050106775843
0.16425,0.6131077643075457
0.16433333333333333,0.7759505999268901
0.16441666666666666,0.31547691375054937
0.1645,0.0018728495844165585
0.16458333333333333,-0.03194022843516634
0.16466666666666666,-0.3299113855519744
0.16475,-0.17063521128380454
0.16483333333333333,0.01787501859922369
0.16491666666666666,0.03268744099039123
0.165,0.2118786933292215
0.16508333333333333,-0.05132508514856212
0.16516666666666666,-0.3686116861301066
0.16525,-0.5205419878722378
0.16533333333333333,-0.545864365330956
0.16541666666666666,-0.3296880543525767
0.1655,-0.17611933748192954
0.16558333333333333,0.263327083427065
0.16566666666666666,0.5049622053132107
0.16575,0.15839943141491486
0.16583333333333333,-0.017908028654004482
0.16591666666666666,-0.4443547775546832
0.166,-1.1104486832282892
0.16608333333333333,-1.0107160390513839
0.16616666666666666,-0.6461211754329463
0.16625,-0.4621057447281198
0.16633333333333333,-0.1733980842271822
0.16641666666666666,-0.21646587094335085
0.1665,-0.44219118190043866
0.16658333333333333,-0.661384115593064
0.16666666666666666,-0.8924713959934429
0.16675,-0.7893937578762389
0.16683333333333333,-0.6850433348068964
0.16691666666666666,-0.4243239105242944
0.167,-0.24165801785688024
0.16708333333333333,-0.38969320536366314
0.16716666666666666,-0.21310729621579386
0.16725,-0.2458255953074886
0.16733333333333333,-0.24568654568697215
0.16741666666666666,-0.020559432078925657
0.1675,-0.020019819976087865
0.16758333333333333,0.3974431372895065
0.16766666666666666,0.4451593694292709
0.16775,0.2264285126639367
0.16783333333333333,0.4771008563340308
0.16791666666666666,0.31195686058805794
0.168,0.46025840334629253
0.16808333333333333,0.842656548604041
0.16816666666666666,0.6951098991770714
0.16825,0.6810285960760426
0.16833333333333333,0.3025753907526899
0.16841666666666666,-0.14187345241704485
0.1685,-0.017911594658447008
0.16858333333333334,-0.06488881018557079
0.16866666666666666,-0.06102905308355027
0.16875,0.0018021603816118076
0.16883333333333334,-0.23803432058052829
0.16891666666666666,-0.22079489306116837
0.169,-0.0035389951890379594
0.16908333333333334,-0.08529572628958472
0.16916666666666666,-0.28013168172653224
0.16925,0.011784918652436827
0.16933333333333334,0.4124462770453689
0.16941666666666666,0.13538355291979176
0.1695,0.011655820368299248
0.16958333333333334,0.14305942552876894
0.16966666666666666,0.11918166840809283
0.16975,0.494750725678404
0.16983333333333334,0.2926507980846412
0.16991666666666666,-0.4212222896504451
0.17,-0.37967627842187834
0.17008333333333334,-0.288835027570046
0.17016666666666666,-0.16338138643956937
0.17025,0.15760582266678658
0.17033333333333334,0.19415307484995314
0.17041666666666666,0.3967129707609057
0.1705,0.30447796836165886
0.17058333333333334,-0.060166358183628955
0.17066666666666666,-0.18811372133849594
0.17075,-0.43979367061892455
0.17083333333333334,-0.27258709313570295
0.17091666666666666,-0.20560081149861678
0.171,-0.24318820993786572
0.17108333333333334,0.026669156937355235
0.17116666666666666,-0.3675686786291113
0.17125,-0.19078057334884002
0.17133333333333334,0.0724912479847353
0.17141666666666666,-0.3693965377365408
0.1715,0.28553898334710676
0.17158333333333334,0.7090018631882099
0.17166666666666666,0.45151591434589533
0.17175,0.5334288376698215
0.17183333333333334,0.31806402843145604
0.17191666666666666,0.29821697292297544
0.172,0.11365564251237241
0.17208333333333334,-0.23806405279176926
0.17216666666666666,0.09965063048901582
0.17225,0.1988892662981864
0.17233333333333334,0.17892753858642463
0.17241666666666666,0.18031196016667767
0.1725,-0.0913946844297263
0.17258333333333334,-0.04759193515990106
0.17266666666666666,-0.17998493304051094
0.17275,-0.36273337598040395
0.17283333333333334,-0.4081798547182705
0.17291666666666666,-0.4437005099106009
0.173,0.00041464211996720165
0.17308333333333334,0.14610831687046894
0.17316666666666666,0.15425466830021028
0.17325,0.22997174823094962
0.17333333333333334,0.11830565102281648
0.17341666666666666,0.48104609121336483
0.1735,0.32704404939706216
0.17358333333333334,-0.1061919349119709
0.17366666666666666,0.11615413277631235
0.17375,0.021829077856886786
0.17383333333333334,0.031093678734808887
0.17391666666666666,0.24603292486936265
0.174,0.09914300012564488
0.17408333333333334,0.21168322786099597
0.17416666666666666,0.2830070586486351
0.17425,-0.00688588629436229
0.17433333333333334,-0.1754970459933379
0.17441666666666666,-0.039989290459272166
0.1745,0.3524994980664557
0.17458333333333334,0.44189645585475096
0.17466666666666666,0.3462843326056951
0.17475,0.32019686301191375
0.17483333333333334,-0.04126423590686241
0.17491666666666666,-0.1615706710930396
0.175,-0.12408809675856072
0.17508333333333334,-0.2454058807675789
0.17516666666666666,-0.0539851446012743
0.17525,0.15378419622259154
0.17533333333333334,0.4235712496582001
0.17541666666666667,0.41135972494693157
0.1755,-0.057919362750989696
0.17558333333333334,-0.08163673048079204
0.17566666666666667,-0.008628552298141082
0.17575,-0.08157569053905377
0.17583333333333334,0.0021213208867230373
0.17591666666666667,0.1283040795710268
0.176,0.29289345700197567
0.17608333333333334,0.06757734441621127
0.17616666666666667,-0.45394026287550066
0.17625,-0.6491782361318452
0.17633333333333334,-0.5255901568381345
0.17641666666666667,-0.3408661711729806
0.1765,-0.2899051310308926
0.17658333333333334,-0.3755995712979409
0.17666666666666667,-0.4307440053724507
0.17675,-0.27835426604208807
0.17683333333333334,-0.10229073525664639
0.17691666666666667,-0.15330923032748106
0.177,-0.10591585090318102
0.17708333333333334,0.38044982056895527
0.17716666666666667,0.797499662488252
0.17725,0.5744748695303474
0.17733333333333334,0.11579501410261746
0.17741666666666667,-0.2821165482745057
0.1775,-0.29802643189798383
0.17758333333333334,0.16706823553678046
0.17766666666666667,0.16365889382870147
0.17775,0.08772614189333376
0.17783333333333334,0.502078864558347
0.17791666666666667,0.35511718563351036
0.178,-0.005373295497021172
0.17808333333333334,-0.01680696569338437
0.17816666666666667,-0.352198966711699
0.17825,-0.3051467421330692
0.17833333333333334,0.17705833052876346
0.17841666666666667,-0.0016890940116578654
0.1785,-0.18907786335703775
0.17858333333333334,-0.08005891559915118
0.17866666666666667,-0.1845957044200305
0.17875,-0.3741876406473964
0.17883333333333334,-0.39832444376052173
0.17891666666666667,-0.2226654085494879
0.179,-0.13008653077114307
0.17908333333333334,-0.03521017490302116
0.17916666666666667,0.01771549953855733
0.17925,-0.06920211905340516
0.17933333333333334,-0.20022727167277588
0.17941666666666667,-0.07420508820168414
0.1795,0.3182859829223033
0.17958333333333334,0.054998541242258156
0.17966666666666667,0.025766040865555537
0.17975,0.2993809909282345
0.17983333333333335,-0.16061749938671877
0.17991666666666667,-0.025974479449716988
0.18,0.021856177050042794
0.18008333333333335,-0.43621855219097744
0.18016666666666667,-0.16507377734696208
0.18025,-0.30848368516682195
0.18033333333333335,-0.6654029711038387
0.18041666666666667,-0.1613409437436514
0.1805,0.218192354314408
0.18058333333333335,0.2580584313712615
0.18066666666666667,0.5011254861358654
0.18075,0.3363333487088366
0.18083333333333335,0.11186402593718528
0.18091666666666667,0.4497955692417435
0.181,0.31457392858984257
0.18108333333333335,0.0022945797051435258
0.18116666666666667,0.07422919452423472
0.18125,0.21352298525878372
0.18133333333333335,0.5029534064826784
0.18141666666666667,0.45204381946752586
0.1815,0.15883777252030148
0.18158333333333335,0.06578191971447747
0.18166666666666667,0.1330328155763576
0.18175,-0.01916065249744444
0.18183333333333335,-0.37467792650391113
0.18191666666666667,-0.16100090575852832
0.182,0.06801514390489542
0.18208333333333335,-0.06740955679718924
0.18216666666666667,-0.13541967992176002
0.18225,-0.16864256939127842
0.18233333333333332,-0.09063005554294677
0.18241666666666667,-0.2467876180628249
0.1825,-0.4695929516236524
0.18258333333333332,-0.36079289780242957
0.18266666666666667,-0.3382627863457527
0.18275,-0.15110175276059876
0.18283333333333332,0.20833112363617767
0.18291666666666667,0.05990952588449223
0.183,0.0032488581529197475
0.18308333333333332,0.22482532234026556
0.18316666666666667,-0.02513610492490506
0.18325,-0.013661783803925348
0.18333333333333332,0.3601644325999736
0.18341666666666667,0.3388101442522304
0.1835,0.4391455512006115
0.18358333333333332,0.5169702693712137
0.18366666666666667,0.23613932929043985
0.18375,0.128070502822216
0.18383333333333332,0.14945440202067845
0.18391666666666667,-0.043982837745092145
0.184,-0.1902103825235607
0.18408333333333332,-0.11335191343999296
0.18416666666666667,-0.3614393457887978
0.18425,-0.4782070495736252
0.18433333333333332,-0.2448596383416986
0.18441666666666667,-0.46121867276599715
0.1845,-0.3860502025224573
0.18458333333333332,-0.2049239839728027
0.18466666666666667,-0.4827016595659941
0.18475,-0.10752083674653024
0.18483333333333332,0.26460780798041755
0.18491666666666667,0.09778825426114052
0.185,0.10553619263934684
0.18508333333333332,-0.16650101790408958
0.18516666666666667,-0.22514879608055782
0.18525,0.13347471121843923
0.18533333333333332,-0.04669648258810431
0.18541666666666667,-0.0935719042523519
0.1855,0.26519716734958865
0.18558333333333332,0.274348374040277
0.18566666666666667,0.21978363479622967
0.18575,0.39336608106460225
0.18583333333333332,0.2405379307515012
0.18591666666666667,-0.014179488711080183
0.186,0.01924696963214067
0.18608333333333332,-0.13521008550265967
0.18616666666666667,-0.013550468182181774
0.18625,0.18432073623224055
0.18633333333333332,0.032843812189825454
0.18641666666666667,0.15557856594961672
0.1865,-0.004548752717356838
0.18658333333333332,-0.27852549916625774
0.18666666666666668,-0.1414740665935221
0.18675,-0.2245619414140659
0.18683333333333332,-0.32499604420585365
0.18691666666666668,-0.010847195242683441
0.187,0.10094238789637343
0.18708333333333332,-0.09262300666547003
0.18716666666666668,-0.007707446572574863
0.18725,-0.07076335406289902
0.18733333333333332,0.14527204860836695
0.18741666666666668,0.6347922583496631
0.1875,0.4141728452828563
0.18758333333333332,0.5701466671111188
0.18766666666666668,0.6848927843523408
0.18775,0.3268378938323294
0.18783333333333332,0.5203683814534676
0.18791666666666668,0.02840894521445638
0.188,-0.2901924174832386
0.18808333333333332,0.43325599551869914
0.18816666666666668,0.11615253934808407
0.18825,-0.28507841206661866
0.18833333333333332,-0.1239054272006678
0.18841666666666668,-0.597156096155174
0.1885,-0.7265961256799656
0.18858333333333333,-0.4302599250583448
0.18866666666666668,-0.3041902361359876
0.18875,-0.26117388292479704
0.18883333333333333,-0.496156084755995
0.18891666666666668,-0.5845093605723358
0.189,-0.6864830789973685
0.18908333333333333,-0.9740472888354763
0.18916666666666668,-0.8489206703585758
0.18925,-0.4362167435034866
0.18933333333333333,-0.12762399899249038
0.18941666666666668,-0.045714559269880876
0.1895,0.14337374283887783
0.18958333333333333,0.33556308671744567
0.18966666666666668,0.12030765810921953
0.18975,0.01736350632508079
0.18983333333333333,-0.05864723552153687
0.18991666666666668,-0.14463532683331795
0.19,0.07297123724182673
0.19008333333333333,0.19213203238258436
0.19016666666666668,0.5060808629008415
0.19025,0.5136996772281686
0.19033333333333333,-0.12001676480908681
0.19041666666666668,-0.10170254784586955
0.1905,-0.13968586496491647
0.19058333333333333,-0.5028296380288857
0.19066666666666668,-0.0667556751195238
0.19075,0.16532391550030087
0.19083333333333333,0.26180229085671075
0.19091666666666668,0.678090965586655
0.191,0.41386426528905806
0.19108333333333333,0.17032437894739977
0.19116666666666668,0.21314676041166183
0.19125,0.14335339140769568
0.19133333333333333,0.3506133125316549
0.19141666666666668,0.41135076028596756
0.1915,0.49025941361735226
0.19158333333333333,0.5334247027600034
0.19166666666666668,0.05093783123931838
0.19175,-0.08004738055317939
0.19183333333333333,-0.03410356468446068
0.19191666666666668,-0.10407159894730893
0.192,0.2660992927277843
0.19208333333333333,0.3299002196632272
0.19216666666666668,0.25136342633797487
0.19225,0.4688410398150609
0.19233333333333333,0.29484437344321834
0.19241666666666668,-0.01167655727894012
0.1925,-0.1324073203655008
0.19258333333333333,-0.037663042278572235
0.19266666666666668,-0.08256257434461046
0.19275,-0.27130303363328845
0.19283333333333333,0.09081607913803151
0.19291666666666665,0.1992127435594875
0.193,0.03839111585382837
0.19308333333333333,0.17818221822035757
0.19316666666666665,-0.06510730946387966
0.19325,-0.15674617071133684
0.19333333333333333,0.04738223455536554
0.19341666666666665,-0.07867312682927652
0.1935,-0.16619202634809155
0.19358333333333333,-0.2229045342184408
0.19366666666666665,-0.3860980532245593
0.19375,-0.5743186479631386
0.19383333333333333,-0.5949521740551129
0.19391666666666665,-0.31078672957568965
0.194,-0.20476751310769611
0.19408333333333333,-0.07678874368725859
0.19416666666666665,0.15363872191251884
0.19425,-0.34803596362752787
0.19433333333333333,-0.8696956615529119
0.19441666666666665,-0.8461614615175257
0.1945,-0.9936544082877374
0.19458333333333333,-0.8508490845253152
0.19466666666666665,-0.42307258380646856
0.19475,-0.22322693300970464
0.19483333333333333,-0.035684018986887514
0.19491666666666665,0.007475623914651403
0.195,0.10798103437090004
0.19508333333333333,0.1693142542432162
0.19516666666666665,-0.09008835559099254
0.19525,-0.036253117562098015
0.19533333333333333,0.4032809568681235
0.19541666666666666,0.7264356646394459
0.1955,0.7192193957353284
0.19558333333333333,0.5761655865082539
0.19566666666666666,0.4873157370389235
0.19575,0.27875530144451444
0.19583333333333333,0.21983454889684292
0.19591666666666666,0.41729615867175524
0.196,0.6105453538970473
0.19608333333333333,0.6885097243190001
0.19616666666666666,0.4660402980359534
0.19625,0.3361980427366578
0.19633333333333333,0.21157371487957216
0.19641666666666666,-0.09279546481025647
0.1965,0.057079453844105475
0.19658333333333333,0.041646646511715485
0.19666666666666666,-0.1076652153439017
0.19675,0.16678945910346127
0.19683333333333333,0.0724815754546107
0.19691666666666666,0.06876401764932887
0.197,0.09211446846773629
0.19708333333333333,-0.11163197133573022
0.19716666666666666,0.13216652741168258
0.19725,0.04782485393065874
0.19733333333333333,0.04279300338621479
0.19741666666666666,0.2592052635992048
0.1975,0.034589460286403584
0.19758333333333333,0.07163407013572422
0.19766666666666666,0.0469272432515835
0.19775,0.188882219149151
0.19783333333333333,0.28992094922481476
0.19791666666666666,-0.12436891477360529
0.198,0.14142109147947818
0.19808333333333333,0.2367937421056313
0.19816666666666666,-0.13205566489145618
0.19825,-0.004194981830856003
0.19833333333333333,-0.031492157507462676
0.19841666666666666,-0.3875551339344226
0.1985,-0.753469095025717
0.19858333333333333,-0.6085144199245055
0.19866666666666666,-0.3480127995908951
0.19875,-0.600059486911426
0.19883333333333333,-0.33635405422649733
0.19891666666666666,-0.17717920656641556
0.199,-0.6091847707385617
0.19908333333333333,-0.2610666592992338
0.19916666666666666,0.009241340761192285
0.19925,-0.1845594172104169
0.19933333333333333,0.009352241011342305
0.19941666666666666,0.0906915165373593
0.1995,0.15469321142861667
0.19958333333333333,0.12423177672405239
0.19966666666666666,0.1435668010637285
0.19975,0.29199805871017936
0.19983333333333334,0.1678013781724834
0.19991666666666666,0.3593962877479283
0.2,0.22873756525727965
0.20008333333333334,0.21315645418179452
0.20016666666666666,0.778384082269591
0.20025,0.4798819852521349
0.20033333333333334,0.1448379445272604
0.20041666666666666,0.1592857993761791
0.2005,-0.1414794314796084
0.20058333333333334,-0.5321881276067972
0.20066666666666666,-0.6197502477298272
0.20075,-0.15133067021047725
0.20083333333333334,-0.031887442710838966
0.20091666666666666,-0.12144593042274421
0.201,0.049950172673206915
0.20108333333333334,0.0948839319076876
0.20116666666666666,0.010358781691227637
0.20125,-0.27654678498329444
0.20133333333333334,-0.0069338829385987505
0.20141666666666666,0.47904300872196975
0.2015,0.2597967163821899
0.20158333333333334,0.2559434215427089
0.20166666666666666,0.3770363493116692
0.20175,0.19652941455143247
0.20183333333333334,0.23504848175095233
0.20191666666666666,0.33440760918686485
0.202,0.21772411371569036
0.20208333333333334,0.10918821633417937
0.20216666666666666,0.40222262151307275
0.20225,0.5888608003944942
0.20233333333333334,0.28117931963316345
0.20241666666666666,0.07704365390755151
0.2025,-0.04468786599400309
0.20258333333333334,0.1439693982755026
0.20266666666666666,0.3511023295937439
0.20275,0.05099974119999604
0.20283333333333334,0.002802445394274675
0.20291666666666666,-0.046590850488206874
0.203,-0.09782365940093143
0.20308333333333334,-0.183716304393004
0.20316666666666666,-0.8770038492069279
0.20325,-0.65371413054133
0.20333333333333334,0.2904400199042354
0.20341666666666666,0.044694846625830266
0.2035,-0.354156366722074
0.20358333333333334,-0.17169904202369066
0.20366666666666666,-0.38732228066536445
0.20375,-0.3869601053066181
0.20383333333333334,-0.27009417651165907
0.20391666666666666,-0.591076655015009
0.204,-0.19763189475497006
0.20408333333333334,0.05945272434776238
0.20416666666666666,-0.2096591429948189
0.20425,0.014495042325363172
0.20433333333333334,-0.25523816714031433
0.20441666666666666,-0.3798724890817839
0.2045,0.02235008011228002
0.20458333333333334,-0.31821231337936373
0.20466666666666666,-0.38068264809023356
0.20475,0.16554645863477546
0.20483333333333334,0.37774518179022054
0.20491666666666666,0.24453463538750655
0.205,-0.05289935310350606
0.20508333333333334,-0.010019591161405649
0.20516666666666666,0.32704138306077335
0.20525,0.03330474222129506
0.20533333333333334,-0.45452616622292535
0.20541666666666666,-0.21735284678455202
0.2055,-0.10987860889877064
0.20558333333333334,-0.16313152774446718
0.20566666666666666,0.02515616481132665
0.20575,-0.2981563499604168
0.20583333333333334,-0.34570283149799413
0.20591666666666666,0.06603990790769443
0.206,-0.2325991953819365
0.20608333333333334,-0.400040993732054
0.20616666666666666,0.03911498413515372
0.20625,0.1416265843966273
0.20633333333333334,0.24806992096384664
0.20641666666666666,0.3641780110872069
0.2065,0.18807874803751898
0.20658333333333334,0.22945117482938282
0.20666666666666667,0.07041612301973517
0.20675,0.052736947356283856
0.20683333333333334,0.34060834844258
0.20691666666666667,0.33506601325767715
0.207,0.560084740782564
0.20708333333333334,0.6971745066504212
0.20716666666666667,0.5820293177810552
0.20725,0.37975894633157437
0.20733333333333334,0.17267372747759757
0.20741666666666667,0.15737568314842318
0.2075,0.08300022725127368
0.20758333333333334,0.3580577148560345
0.20766666666666667,0.34007816122075346
0.20775,0.010226877092303186
0.20783333333333334,-0.10070326707805038
0.20791666666666667,-0.5614528691420604
0.208,-0.4702161074382421
0.20808333333333334,-0.026420319893559432
0.20816666666666667,-0.022106318870204353
0.20825,0.14644587558420408
0.20833333333333334,0.36919901706917446
0.20841666666666667,0.2739213836432037
0.2085,0.11490720122562341
0.20858333333333334,0.14111199423048604
0.20866666666666667,-0.1500976804543659
0.20875,-0.44894208801700697
0.20883333333333334,-0.3174063386048225
0.20891666666666667,-0.19641596492794539
0.209,0.1290966710306915
0.20908333333333334,0.2238162146262093
0.20916666666666667,0.023286515625767994
0.20925,0.28993829883428923
0.20933333333333334,0.30740475958685043
0.20941666666666667,0.10023145019877105
0.2095,0.029061571297299894
0.20958333333333334,-0.29177403098302673
0.20966666666666667,0.0055906207604032926
0.20975,0.2673942236326919
0.20983333333333334,-0.25001250806913455
0.20991666666666667,-0.38397425466598273
0.21,-0.626174682688424
0.21008333333333334,-0.6800823832445276
0.21016666666666667,-0.27002174907492066
0.21025,-0.5270835899870429
0.21033333333333334,-0.4543009700508336
0.21041666666666667,-0.09462200084785558
0.2105,-0.23829994819404507
0.21058333333333334,-0.22566169892853408
0.21066666666666667,-0.26073076283867547
0.21075,-0.376864759094615
0.21083333333333334,-0.12304637881706088
0.21091666666666667,0.3775268524563068
0.211,0.49541371602306145
0.21108333333333335,0.5082670261578577
0.21116666666666667,0.7404030404806239
0.21125,0.4618377893401138
0.21133333333333335,0.3411424867281387
0.21141666666666667,0.436728213927963
0.2115,0.31172739569431973
0.21158333333333335,0.5646709380880225
0.21166666666666667,0.6530771005358585
0.21175,0.7212818238396974
0.21183333333333335,0.7146943884744458
0.21191666666666667,0.09345185038708098
0.212,-0.12523644790712568
0.21208333333333335,-0.08651748770570572
0.21216666666666667,-0.060660806200786184
0.21225,0.21137344462901175
0.21233333333333335,0.1536972492907174
0.21241666666666667,0.18050006382974515
0.2125,0.26961592032624226
0.21258333333333335,-0.08111509371149286
0.21266666666666667,-0.43116190021537487
0.21275,-0.6774903354210662
0.21283333333333335,-0.6263155728593408
0.21291666666666667,-0.4161116655838986
0.213,-0.3116445617372296
0.21308333333333335,-0.21478770006103493
0.21316666666666667,-0.39489665816289127
0.21325,-0.2439761608133629
0.21333333333333335,0.005072597914368682
0.21341666666666667,-0.43769883732741754
0.2135,-0.41159158789422756
0.21358333333333332,-0.10848270098808939
0.21366666666666667,-0.20384336823454058
0.21375,0.041392464003930395
0.21383333333333332,0.14129624818296768
0.21391666666666667,-0.021078165734532923
0.214,-0.03674407654178435
0.21408333333333332,-0.07176524125448767
0.21416666666666667,0.028089668910496298
0.21425,-0.02960113951787984
0.21433333333333332,-0.05327688844156662
0.21441666666666667,0.07014386658834627
0.2145,0.011065465313579133
0.21458333333333332,0.09865906407585663
0.21466666666666667,0.0524737893377037
0.21475,0.06499621047327213
0.21483333333333332,0.20571611654918698
0.21491666666666667,0.0037863014613730072
0.215,0.057644445629961384
0.21508333333333332,0.04832711991737453
0.21516666666666667,-0.10031113903097484
0.21525,0.014569085885762388
0.21533333333333332,-0.07511234545645099
0.21541666666666667,-0.13482668245410542
0.2155,-0.3439525994493048
0.21558333333333332,-0.37280519804375306
0.21566666666666667,-0.0212439693100022
0.21575,-0.2952842225674315
0.21583333333333332,-0.37423093720561906
0.21591666666666667,-0.22983497807368383
0.216,-0.5195399049464363
0.21608333333333332,-0.4403790771001127
0.21616666666666667,-0.32086803595879815
0.21625,-0.26537747654268384
0.21633333333333332,-0.10138752829678559
0.21641666666666667,-0.1986284271947732
0.2165,-0.19508019293061205
0.21658333333333332,-0.16814859558908668
0.21666666666666667,-0.28417854851802005
0.21675,-0.3046446633462077
0.21683333333333332,-0.0959038639173505
0.21691666666666667,0.29725895951413583
0.217,0.4860262357500981
0.21708333333333332,0.6156879164590203
0.21716666666666667,0.7380538330420501
0.21725,0.6641781227796766
0.21733333333333332,0.6057564013910549
0.21741666666666667,0.41281783125969496
0.2175,0.39785000300222617
0.21758333333333332,0.4857801978330967
0.21766666666666667,0.1810771659006681
0.21775,0.30410285419766525
0.21783333333333332,0.49884704315796735
0.21791666666666668,0.20741559283983596
0.218,0.17597272757038504
0.21808333333333332,0.0675182972931475
0.21816666666666668,-0.1412536555599116
0.21825,-0.18946542627946023
0.21833333333333332,-0.2907835098843263
0.21841666666666668,-0.09371773902974898
0.2185,0.1505867314644823
0.21858333333333332,0.008519992923698509
0.21866666666666668,0.00439125784428319
0.21875,0.36070529840444565
0.21883333333333332,0.27020666608361654
0.21891666666666668,-0.07446307641269108
0.219,0.05760871463786757
0.21908333333333332,-0.029399953705410604
0.21916666666666668,-0.273554657476795
0.21925,-0.06979472513712448
0.21933333333333332,-0.0023420607497027035
0.21941666666666668,-0.08615741483492331
0.2195,-0.058401410197378094
0.21958333333333332,-0.3274443232893297
0.21966666666666668,-0.49414051748056054
0.21975,-0.6059036887221565
0.21983333333333333,-0.8914923572506304
0.21991666666666668,-0.3156823343848849
0.22,0.15204364712270452
0.22008333333333333,-0.14540740783656536
0.22016666666666668,0.0023454563918605042
0.22025,-0.1429202051929762
0.22033333333333333,-0.5566330915640183
0.22041666666666668,-0.5516065824379821
0.2205,-0.6759029899957951
0.22058333333333333,-0.6090129632568144
0.22066666666666668,-0.27353256728439485
0.22075,0.17591623877606968
0.22083333333333333,0.4751206385010796
0.22091666666666668,0.25865786579419825
0.221,0.48680664228803017
0.22108333333333333,0.7833156479082528
0.22116666666666668,0.4099840361811544
0.22125,0.4506706467441133
0.22133333333333333,0.5208790478903441
0.22141666666666668,0.2751718686389275
0.2215,0.46028321212551493
0.22158333333333333,0.38249193200345033
0.22166666666666668,-0.03909792513606058
0.22175,-0.07642344952474692
0.22183333333333333,-0.08285899653379032
0.22191666666666668,-0.29321688928801376
0.222,-0.376024285680993
0.22208333333333333,-0.3470617573966632
0.22216666666666668,-0.36035524843961897
0.22225,-0.2440162353259538
0.22233333333333333,-0.028653769800967677
0.22241666666666668,-0.23237265854794661
0.2225,-0.47237047784775177
0.22258333333333333,0.04671466893827346
0.22266666666666668,0.07348578275072651
0.22275,-0.45095138754926944
0.22283333333333333,-0.028369563047903827
0.22291666666666668,0.06256647326656305
0.223,-0.19757752376823332
0.22308333333333333,0.30428220595452976
0.22316666666666668,0.22583074173367995
0.22325,-0.04915435190389291
0.22333333333333333,0.36529490250499386
0.22341666666666668,0.5016555912866718
0.2235,0.47236421324378725
0.22358333333333333,0.4387331451593503
0.22366666666666668,0.22089289006393062
0.22375,0.3407079335049131
0.22383333333333333,0.2231609313774752
0.22391666666666668,0.10702329907140443
0.224,0.6731966429584053
0.22408333333333333,0.5938147484942655
0.22416666666666665,0.5427763456515726
0.22425,0.9191357950973602
0.22433333333333333,0.35620930077620855
0.22441666666666665,-0.05778987409069656
0.2245,-0.14952558614198452
0.22458333333333333,-0.2978073279887532
0.22466666666666665,0.01344197071876555
0.22475,0.07260952646422038
0.22483333333333333,-0.09312550441638676
0.22491666666666665,-0.10971483653881317
0.225,-0.19752949549776028
0.22508333333333333,-0.4570167842926337
0.22516666666666665,-0.4158239307786572
0.22525,-0.11092984735355932
0.22533333333333333,-0.4044397933045281
0.22541666666666665,-0.39118329011314673
0.2255,-0.14520869926711558
0.22558333333333333,-0.7037685758093724
0.22566666666666665,-0.6849316582493605
0.22575,-0.3747412273771609
0.22583333333333333,-0.5807643942826028
0.22591666666666665,-0.4521350448111243
0.226,-0.36843654339326243
0.22608333333333333,-0.21089521285589785
0.22616666666666665,-0.06057965307327792
0.22625,-0.002718279281167823
0.22633333333333333,0.2525434191026589
0.22641666666666665,-0.1086015076186848
0.2265,0.08599198779427611
0.22658333333333333,0.5497356531620451
0.22666666666666666,0.016184175813598357
0.22675,0.2065466797910982
0.22683333333333333,0.5041382659779747
0.22691666666666666,0.12950536555249395
0.227,0.23390892445007222
0.22708333333333333,0.42066646588765516
0.22716666666666666,0.48782859525132594
0.22725,0.455188571560663
0.22733333333333333,-0.03302401236220247
0.22741666666666666,-0.33765077870479304
0.2275,-0.0156570842943072
0.22758333333333333,-0.03341360060995599
0.22766666666666666,-0.16462879740013941
0.22775,0.21195714527432152
0.22783333333333333,0.03987149349025237
0.22791666666666666,-0.3015287235342381
0.228,-0.4564931227065307
0.22808333333333333,-0.6001768154928967
0.22816666666666666,-0.320664567579781
0.22825,-0.41946823154041596
0.22833333333333333,-0.27503341251451663
0.22841666666666666,0.23441030045005987
0.2285,0.028910849852560726
0.22858333333333333,0.19128802470068113
0.22866666666666666,0.4298905718942173
0.22875,0.13169817774205375
0.22883333333333333,0.08389473088353848
0.22891666666666666,0.0899927321635438
0.229,0.22279941460264602
0.22908333333333333,0.17260246790910583
0.22916666666666666,0.03207563513658577
0.22925,0.45895712007429396
0.22933333333333333,0.5098058263155651
0.22941666666666666,0.3788900946500493
0.2295,0.445769347032497
0.22958333333333333,0.2546727264923919
0.22966666666666666,0.08932266110691713
0.22975,-0.2365496890819355
0.22983333333333333,-0.02888686508459145
0.22991666666666666,0.5627898826940599
0.23,0.39838171432657
0.23008333333333333,0.41197333839862577
0.23016666666666666,0.5664523776444182
0.23025,0.16734587954744684
0.23033333333333333,-0.11139659711489272
0.23041666666666666,-0.10117623600847137
0.2305,-0.19392123518567558
0.23058333333333333,-0.24619093073123005
0.23066666666666666,0.07984285789188633
0.23075,0.3770483326128692
0.23083333333333333,0.3580328776027538
0.23091666666666666,0.07968824520424145
0.231,-0.280335202284408
0.23108333333333334,-0.20444452023728246
0.23116666666666666,-0.13788905951904099
0.23125,-0.3159406607565879
0.23133333333333334,-0.03233582019057266
0.23141666666666666,0.17822931876630863
0.2315,-0.1776145712590304
0.23158333333333334,-0.37048437862640377
0.23166666666666666,-0.49465034975132893
0.23175,-0.6247920386699056
0.23183333333333334,-0.5292682226488288
0.23191666666666666,-0.5249387813148607
0.232,-0.3532565081425779
0.23208333333333334,-0.3786892229453639
0.23216666666666666,-0.4422543191413039
0.23225,-0.22199012254068184
0.23233333333333334,-0.38593273377653403
0.23241666666666666,-0.19858652208506494
0.2325,-0.1876173549786319
0.23258333333333334,-0.2629573276941923
0.23266666666666666,0.2596027916165238
0.23275,-0.0891293444108839
0.23283333333333334,-0.27821653869425456
0.23291666666666666,-0.08640428544650715
0.233,-0.16735559179098863
0.23308333333333334,0.2013185441135807
0.23316666666666666,-0.03391024026995417
0.23325,-0.16924244216573606
0.23333333333333334,0.2698922269384525
0.23341666666666666,0.010365165405682128
0.2335,-0.040558097883808895
0.23358333333333334,0.452276220392738
0.23366666666666666,0.5749094769866164
0.23375,0.5633417323397012
0.23383333333333334,0.6523942605385384
0.23391666666666666,0.40047505124352706
0.234,0.3079798314859672
0.23408333333333334,0.5988919469576117
0.23416666666666666,0.556584558405004
0.23425,0.4211967884615466
0.23433333333333334,0.3628414728235587
0.23441666666666666,0.5103831938288492
0.2345,0.8739282212679105
0.23458333333333334,0.6730594105216237
0.23466666666666666,0.22749724406511623
0.23475,0.18434519058083787
0.23483333333333334,0.2271084272707372
0.23491666666666666,0.10983107308717235
0.235,-0.021987659243893183
0.23508333333333334,0.10037788985052384
0.23516666666666666,0.38821306118569193
0.23525,0.4174999370427527
0.23533333333333334,0.2783078420502705
0.23541666666666666,0.08673657883276886
0.2355,-0.023147545345066613
0.23558333333333334,0.1895365776400334
0.23566666666666666,-0.026571276996677502
0.23575,-0.3627750492381335
0.23583333333333334,-0.08924776905475876
0.23591666666666666,-0.09377435658460487
0.236,-0.25180981829944915
0.23608333333333334,-0.2652583080074369
0.23616666666666666,-0.4542140025274997
0.23625,-0.48788168465578396
0.23633333333333334,-0.47374351170676254
0.23641666666666666,-0.40266420454703383
0.2365,-0.15707939548017402
0.23658333333333334,-0.15603838987610968
0.23666666666666666,-0.21701009851122216
0.23675,-0.19390272275032377
0.23683333333333334,-0.5458959422061737
0.23691666666666666,-0.8367674117861928
0.237,-0.620829623285702
0.23708333333333334,-0.5514084905560706
0.23716666666666666,-0.2923577865764274
0.23725,0.2946746745020974
0.23733333333333334,-0.05991114358089406
0.23741666666666666,-0.3258418210552279
0.2375,0.08391147586234105
0.23758333333333334,-0.37027313287113567
0.23766666666666666,-0.46105188044771367
0.23775,-0.030491319712956565
0.23783333333333334,-0.15238552982926218
0.23791666666666667,0.3241829822861785
0.238,0.47993257903002867
0.23808333333333334,-0.12503876039335926
0.23816666666666667,-0.29541919432803043
0.23825,-0.4067353824093445
0.23833333333333334,-0.3251037209319022
0.23841666666666667,-0.04134749592780268
0.2385,0.1387932521201215
0.23858333333333334,0.30867538657682114
0.23866666666666667,0.37533070568427784
0.23875,0.23918814537631555
0.23883333333333334,-0.11666903216529328
0.23891666666666667,0.10419538731044055
0.239,0.3175013144450969
0.23908333333333334,0.11815190502211989
0.23916666666666667,0.35501822898725266
0.23925,0.140687055150866
0.23933333333333334,0.22051995043613024
0.23941666666666667,0.5102038387413896
0.2395,-0.20724390634527753
0.23958333333333334,-0.24242675005094608
0.23966666666666667,-0.2379624825977169
0.23975,-0.22153011384914914
0.23983333333333334,0.6540255626636577
0.23991666666666667,0.3125773285234037
0.24,-0.04761681003570906
0.24008333333333334,0.4791921618951899
0.24016666666666667,0.10441051495581752
0.24025,-0.35929155658608075
0.24033333333333334,-0.3790670911479507
0.24041666666666667,-0.41110716686792814
0.2405,-0.08292930413820272
0.24058333333333334,0.3342340134417887
0.24066666666666667,0.1681810317530182
0.24075,-0.2096750919990435
0.24083333333333334,0.025641979084841574
0.24091666666666667,0.08036615904166249
0.241,-0.3337144930295106
0.24108333333333334,-0.20711984895968527
0.24116666666666667,0.04070306470353857
0.24125,0.19960487700406254
0.24133333333333334,0.28710154324905723
0.24141666666666667,0.08571132246687853
0.2415,-0.06980261630403024
0.24158333333333334,-0.5033481462341678
0.24166666666666667,-0.6230552456248513
0.24175,-0.13464995545277947
0.24183333333333334,-0.13090197186344968
0.24191666666666667,-0.08431076445080227
0.242,0.4128737116602998
0.24208333333333334,0.3562018019863617
0.24216666666666667,-0.22459060538318165
0.24225,-0.4496323798937412
0.24233333333333335,-0.5456644167713876
0.24241666666666667,-0.6905801723098053
0.2425,-0.18905490837191782
0.24258333333333335,0.10607037130972485
0.24266666666666667,-0.06600217653539912
0.24275,0.1778345154323657
0.24283333333333335,-0.0273695635813175
0.24291666666666667,-0.28744937662794123
0.243,-0.039600678166009644
0.24308333333333335,-0.22324769580806533
0.24316666666666667,-0.09865719962971739
0.24325,0.3886780786180042
0.24333333333333335,0.3202221231161982
0.24341666666666667,0.2187046272202404
0.2435,0.3340138590849496
0.24358333333333335,0.25039394164049605
0.24366666666666667,-0.034721139438332
0.24375,-0.04878006931128359
0.24383333333333335,-0.05193955959072497
0.24391666666666667,-0.32737586302501637
0.244,0.00023542370916431507
0.24408333333333335,0.3821617335596852
0.24416666666666667,0.22081395381223776
0.24425,0.204749457732406
0.24433333333333335,0.017754417684293422
0.24441666666666667,-0.06745503761219467
0.2445,-0.04042583428916337
0.24458333333333335,-0.09222180998039026
0.24466666666666667,0.3356602602717863
0.24475,0.41332547184379037
0.24483333333333332,0.34270043417081714
0.24491666666666667,0.4589150766949127
0.245,0.1894424576183892
0.24508333333333332,0.1192344290997515
0.24516666666666667,0.05850425648151255
0.24525,0.01377213247756578
0.24533333333333332,0.1426709360289466
0.24541666666666667,-0.03182386108927738
0.2455,0.05501219538059717
0.24558333333333332,0.3175707237917713
0.24566666666666667,0.2570131492171038
0.24575,0.11400364804435419
0.24583333333333332,0.09523452678416168
0.24591666666666667,0.26461343651923375
0.246,0.22806456567111374
0.24608333333333332,0.10598054034780159
0.24616666666666667,0.2037004587706557
0.24625,0.08675392498253601
0.24633333333333332,-0.1400130870531964
0.24641666666666667,-0.1660898615034179
0.2465,0.013370532253764918
0.24658333333333332,-0.0566867070977013
0.24666666666666667,-0.3858606245032021
0.24675,0.1446150882258917
0.24683333333333332,0.4014360323146677
0.24691666666666667,-0.2638304132114174
0.247,-0.1778627305589248
0.24708333333333332,-0.15372835397455517
0.24716666666666667,-0.36403127610859465
0.24725,-0.22892474542398972
0.24733333333333332,-0.3254051206135703
0.24741666666666667,-0.10141656023461207
0.2475,-0.10454951677950403
0.24758333333333332,-0.4463220007413068
0.24766666666666667,-0.41500580805083986
0.24775,-0.451985339910885
0.24783333333333332,-0.5849298459204051
0.24791666666666667,-0.6040767793402593
0.248,-0.24766226272709352
0.24808333333333332,-0.050355278874977184
0.24816666666666667,-0.20850280596292153
0.24825,0.07997101999318877
0.24833333333333332,0.11012377721810777
0.24841666666666667,-0.26833037302061674
0.2485,-0.04427598292126841
0.24858333333333332,0.160700107922757
0.24866666666666667,-0.008543532594593778
0.24875,0.18093478931659443
0.24883333333333332,0.3638778650293989
0.24891666666666667,0.29165559725289514
0.249,0.17656636541227766
0.24908333333333332,-0.03587371819989232
0.24916666666666668,-0.04062194296227541
0.24925,-0.012578585935067199
0.24933333333333332,-0.0077569270966216875
0.24941666666666668,-0.01838137679201895
0.2495,-0.2557572903767733
0.24958333333333332,-0.12865881468932452
0.24966666666666668,-0.07792376556193424
0.24975,-0.3692704778192867
0.24983333333333332,-0.305697511577785
0.24991666666666668,-0.3799597338652937
0.25,-0.4850791413772589
0.2500833333333333,-0.18934325152692041
0.25016666666666665,0.1558684119868618
0.25025,0.24711865878405362
0.25033333333333335,0.05193938569033522
0.2504166666666667,0.13466760623339993
0.2505,0.29287111342849065
0.2505833333333333,0.22047042716156426
0.25066666666666665,0.3825307604307856
0.25075,0.3555232749486981
0.25083333333333335,0.08427866936051508
0.2509166666666667,0.05852291857587913
0.251,0.060075617892350476
0.2510833333333333,0.298514084971088
0.25116666666666665,0.2881321309106076
0.25125,-0.16494185564025798
0.25133333333333335,-0.004660578813218554
0.2514166666666667,-0.15429159713120696
0.2515,-0.6511802965756278
0.2515833333333333,-0.5160461633389526
0.25166666666666665,-0.536466977021153
0.25175,-0.39345793080915775
0.25183333333333335,-0.1383490636773509
0.2519166666666667,-0.031163627463796265
0.252,0.32536010778594104
0.2520833333333333,0.20120560459929543
0.25216666666666665,0.06048686329841233
0.25225,0.27011296183440325
0.25233333333333335,0.2516732280659758
0.2524166666666667,0.2716360078800351
0.2525,0.4974193494872541
0.2525833333333333,0.8360675809574931
0.25266666666666665,0.8592884065406328
0.25275,0.776231707029639
0.25283333333333335,0.728777000722531
0.2529166666666667,0.2728033787762788
0.253,0.18656690535977352
0.2530833333333333,0.2691553724048268
0.25316666666666665,0.10186903597408876
0.25325,0.1572085940112423
0.25333333333333335,0.01361222160431765
0.2534166666666667,-0.015910363683781036
0.2535,-0.03409742555208264
0.2535833333333333,-0.46380542396900143
0.25366666666666665,-0.8375380161338387
0.25375,-1.1119393029122218
0.25383333333333336,-0.7673217788603615
0.2539166666666667,-0.3582334423739948
0.254,-0.5618694116133736
0.2540833333333333,-0.3803791366649415
0.25416666666666665,-0.25856293371055006
0.25425,-0.3995064091847062
0.25433333333333336,-0.17638965611870577
0.2544166666666667,-0.11744981222559667
0.2545,0.12973739278748592
0.25458333333333333,0.5936824337264841
0.25466666666666665,0.7810796853560147
0.25475,0.9387699487821782
0.25483333333333336,0.848749449539596
0.2549166666666667,0.9034789332917272
0.255,0.7466181015651937
0.25508333333333333,0.09119966271891347
0.25516666666666665,0.16515260050650726
0.25525,0.24417868050438157
0.25533333333333336,0.08323278103098819
0.2554166666666667,0.12150567648844453
0.2555,-0.2907912873391655
0.25558333333333333,-0.22798115267742866
0.25566666666666665,-0.08217662438938043
0.25575,-0.4070710393099591
0.25583333333333336,-0.09336668018433653
0.2559166666666667,-0.09652694872617659
0.256,-0.3144473755863723
0.25608333333333333,-0.08571631812929623
0.25616666666666665,-0.3641491787166671
0.25625,-0.3474194034628783
0.25633333333333336,0.11671574126392478
0.2564166666666667,0.035415922397565594
0.2565,-0.10474143162943543
0.25658333333333333,-0.10989779548380303
0.25666666666666665,-0.15713666351626515
0.25675,-0.14016919006339848
0.25683333333333336,-0.1681652039159538
0.2569166666666667,-0.07592469135461744
0.257,0.053298860517589274
0.25708333333333333,-0.06324480894053629
0.25716666666666665,0.06244866278612344
0.25725,0.41228366186810794
0.25733333333333336,0.4661320315966059
0.2574166666666667,0.45081687953279975
0.2575,0.3039985385230032
0.25758333333333333,-0.11266730495971194
0.25766666666666665,-0.3850098839147697
0.25775,-0.3905569741928659
0.25783333333333336,-0.31843649224795223
0.2579166666666667,-0.24292782368632942
0.258,-0.02078387868137023
0.25808333333333333,0.1294875864678906
0.25816666666666666,0.04335790829486224
0.25825,0.11319553039909022
0.25833333333333336,0.2918927564138811
0.2584166666666667,0.3138797304254372
0.2585,0.2446782583659651
0.25858333333333333,0.378039642955211
0.25866666666666666,0.4399757767853225
0.25875,0.11018022422939037
0.25883333333333336,-0.006592658191650066
0.2589166666666667,-0.2378741138241387
0.259,-0.4285524724386568
0.25908333333333333,0.17471163626444514
0.25916666666666666,0.2734069717407875
0.25925,0.010301568653547014
0.25933333333333336,0.4219925824425299
0.2594166666666667,0.32355568104212323
0.2595,-0.096366371275509
0.25958333333333333,0.027605280163065092
0.25966666666666666,-0.10560003156564164
0.25975,-0.05313620452795898
0.25983333333333336,0.4929700423495497
0.2599166666666667,0.27535072852298004
0.26,-0.18757353615085223
0.26008333333333333,-0.09120454474005144
0.26016666666666666,-0.22549728832479965
0.26025,-0.7270356457143686
0.26033333333333336,-0.9739734351655625
0.2604166666666667,-0.6717151438581219
0.2605,-0.24381179955842255
0.26058333333333333,-0.07837420714502359
0.26066666666666666,0.1520254827489695
0.26075,0.20599552107649896
0.2608333333333333,-0.28559817093356815
0.2609166666666667,-0.44350230113060185
0.261,-0.19488952462557302
0.26108333333333333,-0.32142989083944107
0.26116666666666666,-0.10126237723500137
0.26125,0.23873738623496352
0.2613333333333333,0.08406751306752624
0.2614166666666667,0.17090270604060956
0.2615,-0.1971825617989049
0.26158333333333333,-0.5143611894988864
0.26166666666666666,0.03378919322010167
0.26175,-0.010434615444017714
0.2618333333333333,-0.06516093574558746
0.2619166666666667,0.24286601461191687
0.262,0.06726886192055183
0.26208333333333333,0.10763378617571927
0.26216666666666666,0.009404490303840744
0.26225,-0.44786926157074364
0.2623333333333333,-0.5428127545458461
0.2624166666666667,-0.6135209346314221
0.2625,-0.4089352754991967
0.26258333333333334,-0.17716891515519792
0.26266666666666666,-0.3527229791876007
0.26275,-0.04926439061464554
0.2628333333333333,0.10788886616518173
0.2629166666666667,-0.18893380305303964
0.263,-0.29032731999132294
0.26308333333333334,-0.37184612634890646
0.26316666666666666,0.02861305104378245
0.26325,0.5077377558766527
0.2633333333333333,0.5413375893445875
0.2634166666666667,0.5484132996130742
0.2635,0.5294649752444068
0.26358333333333334,0.6547372735361812
0.26366666666666666,0.5461352380005308
0.26375,0.25141803054999534
0.2638333333333333,0.27073476316036293
0.2639166666666667,0.2628483657139944
0.264,0.42601136418788776
0.26408333333333334,0.4586501417294252
0.26416666666666666,-0.0015460034542529877
0.26425,-0.05997051926547997
0.2643333333333333,0.10323259466680611
0.2644166666666667,0.00016025408693425946
0.2645,0.13700587669971892
0.26458333333333334,0.33796161559946786
0.26466666666666666,0.6258594776838484
0.26475,1.0134866602008792
0.2648333333333333,0.6334523194598679
0.2649166666666667,0.17022553564534595
0.265,0.19778468231639224
0.26508333333333334,0.1480949593123005
0.26516666666666666,0.2923063264057657
0.26525,0.40950387729622817
0.2653333333333333,0.3891320607505847
0.2654166666666667,0.3841286496010749
0.2655,0.1773925000234699
0.26558333333333334,-0.17334540591456785
0.26566666666666666,-0.49382931686508735
0.26575,-0.3261918724032708
0.2658333333333333,-0.17964198354895514
0.2659166666666667,-0.18537700195964885
0.266,-0.15666920163014902
0.26608333333333334,-0.446295491851715
0.26616666666666666,-0.36760376460736194
0.26625,-0.420701554308822
0.2663333333333333,-0.7654281424890534
0.2664166666666667,-0.7159309772767228
0.2665,-0.6493096595073579
0.26658333333333334,-0.6375745165987678
0.26666666666666666,-0.909033287321506
0.26675,-0.8402997217309729
0.2668333333333333,-0.6048133581860053
0.2669166666666667,-0.6999946121017642
0.267,-0.30245042898877705
0.26708333333333334,-0.27278829497057805
0.26716666666666666,-0.2886067071724271
0.26725,0.08414188144538387
0.2673333333333333,-0.021757836119565867
0.2674166666666667,0.1007140249512562
0.2675,0.12478341830619091
0.26758333333333334,0.0943288365860659
0.26766666666666666,0.39348662241856297
0.26775,0.35555629668940203
0.2678333333333333,0.3540621391684852
0.2679166666666667,0.22217676615419094
0.268,-0.010186438261107135
0.26808333333333334,0.14084535056276407
0.26816666666666666,0.44654109813154647
0.26825,0.42673837808320625
0.2683333333333333,0.20061677305624423
0.2684166666666667,0.6094672085829282
0.2685,0.5997277582908117
0.26858333333333334,0.2878485406520651
0.26866666666666666,0.5295434045720342
0.26875,0.13845959042562514
0.2688333333333333,0.1917948999091236
0.2689166666666667,0.44362381380282645
0.269,-0.23151998374007793
0.26908333333333334,-0.2618875051486142
0.26916666666666667,-0.1611582936463893
0.26925,-0.2420117184489192
0.2693333333333333,0.0806797723045203
0.2694166666666667,0.05539217400396853
0.2695,-0.12667306163157202
0.26958333333333334,-0.15331072437202498
0.26966666666666667,-0.06118471494477693
0.26975,-0.1491315146545995
0.2698333333333333,-0.4022006846141384
0.2699166666666667,-0.25425143426572
0.27,-0.08549272666375304
0.27008333333333334,0.05288371659550601
0.27016666666666667,0.055529568716951805
0.27025,-0.17776756460318197
0.2703333333333333,-0.0708000556909384
0.2704166666666667,-0.11473148120033855
0.2705,-0.16419196854742046
0.27058333333333334,0.18543249003745133
0.27066666666666667,0.23583053249518252
0.27075,0.2565742135386406
0.2708333333333333,0.4131854606217351
0.27091666666666664,0.33122174620277695
0.271,0.3419561770453221
0.27108333333333334,0.22029493352824436
0.27116666666666667,0.03507443013646152
0.27125,0.274320037627269
0.2713333333333333,0.1172087011831354
0.27141666666666664,-0.1995199996809954
0.2715,-0.07485012476282714
0.27158333333333334,-0.13194866694804155
0.27166666666666667,-0.12634718629993874
0.27175,-0.12100515946661791
0.2718333333333333,-0.41537031495755605
0.27191666666666664,-0.42293977896096296
0.272,-0.19906555886352847
0.27208333333333334,-0.3065340893165489
0.27216666666666667,-0.3586832005970794
0.27225,-0.11870431555872989
0.2723333333333333,-0.1802402485895203
0.27241666666666664,-0.09896050873509707
0.2725,0.14900830279186988
0.27258333333333334,-0.040100191703163646
0.27266666666666667,-0.11114398095024508
0.27275,0.02581806652806537
0.2728333333333333,0.11947021534847897
0.27291666666666664,0.09490789129550908
0.273,-0.29873897424798085
0.27308333333333334,-0.5484481273090285
0.27316666666666667,-0.3513490322074028
0.27325,-0.4232811631015461
0.2733333333333333,-0.6797297350998337
0.27341666666666664,-0.5602240941604236
0.2735,-0.4728378011862173
0.27358333333333335,-0.2944352856610413
0.27366666666666667,0.0743819002316292
0.27375,-0.0512423445111679
0.2738333333333333,-0.18508496285499415
0.27391666666666664,-0.2578485934132305
0.274,-0.6380001246206067
0.27408333333333335,-0.5010112895777464
0.27416666666666667,-0.1894936312764948
0.27425,-0.11688549617782829
0.2743333333333333,0.20953807876554778
0.27441666666666664,0.5558573157619037
0.2745,0.8052303742984267
0.27458333333333335,0.7201416038588438
0.27466666666666667,0.5451645960203031
0.27475,0.4581052235101126
0.2748333333333333,0.13532070113861783
0.27491666666666664,0.33911118826018716
0.275,0.47478679209649016
0.27508333333333335,0.2062905410974854
0.27516666666666667,0.31930157295153655
0.27525,0.11968705471067224
0.2753333333333333,-0.003740246143581959
0.27541666666666664,0.06554622676931023
0.2755,-0.08045501752544765
0.27558333333333335,0.12288557438372494
0.27566666666666667,0.20061091278632265
0.27575,0.03203328860344053
0.2758333333333333,-0.1775395460390312
0.27591666666666664,-0.3629195375075058
0.276,-0.2750240556585065
0.27608333333333335,-0.048286277186997004
0.27616666666666667,0.07557121058321142
0.27625,0.07696735226714983
0.2763333333333333,0.4547268145435799
0.27641666666666664,0.539089969393338
0.2765,0.20853653206572073
0.27658333333333335,0.28885250652680905
0.27666666666666667,0.11492560298367746
0.27675,0.026629787978232337
0.2768333333333333,0.39224854570540163
0.27691666666666664,0.49259342764741154
0.277,0.4145476903216473
0.27708333333333335,0.4481293403986084
0.2771666666666667,0.35148207694687106
0.27725,0.04444881530226386
0.2773333333333333,0.23088563687042912
0.27741666666666664,0.34584818318375243
0.2775,0.10134979438064459
0.27758333333333335,0.2979330745702562
0.2776666666666667,0.3411797740785004
0.27775,0.16599652174537402
0.2778333333333333,-0.014807477502273092
0.27791666666666665,-0.19633873297922036
0.278,-0.13909077231062195
0.27808333333333335,-0.17279432828286204
0.2781666666666667,-0.1378862808412754
0.27825,-0.039019883077868085
0.2783333333333333,-0.14150351243713252
0.27841666666666665,-0.20838843819517772
0.2785,-0.14283278503954744
0.27858333333333335,-0.2754264695791847
0.2786666666666667,-0.6369973155901101
0.27875,-0.5772296359521094
0.2788333333333333,-0.39277627853837216
0.27891666666666665,-0.3987259658726672
0.279,-0.16143690652472967
0.27908333333333335,-0.1907131963319422
0.2791666666666667,-0.41677296180258816
0.27925,-0.4976668905237774
0.2793333333333333,-0.7945068451222942
0.27941666666666665,-0.6998756042408587
0.2795,-0.1689487816609492
0.27958333333333335,-0.18147836662184536
0.2796666666666667,-0.39603419830973763
0.27975,-0.18594829986645714
0.2798333333333333,-0.19600980578890279
0.27991666666666665,-0.2068647172672596
0.28,0.1578957931069479
0.28008333333333335,0.07597679855836914
0.2801666666666667,0.24568126644430383
0.28025,0.5960336574751117
0.2803333333333333,0.0764777886550401
0.28041666666666665,-0.19315875199015559
0.2805,-0.0859113754413015
0.28058333333333335,0.0018653678882013202
0.2806666666666667,0.17686369261727067
0.28075,0.006738080698955532
0.2808333333333333,0.1445750044899589
0.28091666666666665,0.3817221227731873
0.281,0.18648466874558636
0.28108333333333335,0.07985567766925124
0.2811666666666667,-0.06801531138825101
0.28125,-0.19025902166200975
0.2813333333333333,-0.180303619356061
0.28141666666666665,0.06806087181970992
0.2815,0.27345387819905714
0.28158333333333335,0.20041978746563407
0.2816666666666667,0.4331551211976673
0.28175,0.33913165951503327
0.2818333333333333,0.12870367619317874
0.28191666666666665,0.4642273909247294
0.282,0.4924343986955074
0.28208333333333335,0.3468650889693278
0.2821666666666667,0.31977752703116685
0.28225,0.3312794008974127
0.2823333333333333,0.2985432492371007
0.28241666666666665,0.14326359643327893
0.2825,0.09105372526716676
0.28258333333333335,-0.2029337459724839
0.2826666666666667,-0.3225464469244681
0.28275,-0.1915687185387071
0.2828333333333333,-0.4979157008486068
0.28291666666666665,-0.5710491130820566
0.283,-0.24220566206901287
0.28308333333333335,-0.07743867029908778
0.2831666666666667,-0.24267555216717832
0.28325,-0.44305603484689154
0.2833333333333333,-0.4222212168766695
0.28341666666666665,-0.507541130018989
0.2835,-0.5485549790796265
0.28358333333333335,-0.4604877875467245
0.2836666666666667,-0.264743180618902
0.28375,-0.06554865258363998
0.2838333333333333,-0.045003709979774695
0.28391666666666665,0.09890457611894149
0.284,0.027450586679823412
0.28408333333333335,0.16239641496024648
0.2841666666666667,0.6724706234670622
0.28425,0.3797217016959329
0.2843333333333333,0.12932251889442686
0.28441666666666665,0.3307953395241614
0.2845,0.1410722692257494
0.28458333333333335,0.08902931540897134
0.2846666666666667,0.11184802556765851
0.28475,0.24126763145432628
0.2848333333333333,0.390116893048112
0.28491666666666665,-0.022861276541827978
0.285,-0.14550235810613257
0.28508333333333336,-0.21315607670129327
0.2851666666666667,-0.481248604771649
0.28525,-0.12460910195429697
0.2853333333333333,0.009217422475423896
0.28541666666666665,-0.3759393509385086
0.2855,-0.44354279748074993
0.28558333333333336,-0.333545229927144
0.2856666666666667,-0.39240499198475776
0.28575,-0.3102252581640787
0.28583333333333333,-0.23646271495871088
0.28591666666666665,-0.2730960652785754
0.286,0.2776019919391732
0.28608333333333336,0.49253639776102043
0.2861666666666667,0.26794683999289043
0.28625,0.6197482224840165
0.28633333333333333,0.5328695369920984
0.28641666666666665,0.3155664604487477
0.2865,0.44603218481528023
0.28658333333333336,0.3524655323754663
0.2866666666666667,0.4898226986832927
0.28675,0.5837255761643843
0.28683333333333333,0.47534373755040704
0.28691666666666665,0.5046926171112759
0.287,0.4715344269965989
0.28708333333333336,0.2810420621500079
0.2871666666666667,0.21959121323414973
0.28725,0.32920673255095345
0.28733333333333333,0.2328779002243366
0.28741666666666665,0.15562306314039487
0.2875,0.1836944564447018
0.28758333333333336,0.17261780320291362
0.2876666666666667,0.13757315425819922
0.28775,-0.030454531660153994
0.28783333333333333,-0.14800637701279185
0.28791666666666665,-0.2357498133936039
0.288,-0.28595388306213126
0.28808333333333336,-0.19827116811576553
0.2881666666666667,-0.005027060503889563
0.28825,0.17439255683802837
0.28833333333333333,0.048495743372455664
0.28841666666666665,-0.18302637519321696
0.2885,-0.1375582002605248
0.28858333333333336,0.04259238070450992
0.2886666666666667,-0.08457062860859048
0.28875,-0.23142354682496036
0.28883333333333333,0.07477144497743415
0.28891666666666665,0.22984970211920952
0.289,0.03818243622380117
0.28908333333333336,0.02478919277395696
0.2891666666666667,-0.005311775792944875
0.28925,-0.1666086812748097
0.28933333333333333,-0.13647041212596844
0.28941666666666666,-0.17065016563738616
0.2895,-0.29568679771361706
0.28958333333333336,-0.25588021982141973
0.2896666666666667,-0.27587437122528924
0.28975,-0.11484760685028728
0.28983333333333333,0.0182160791336049
0.28991666666666666,-0.3672070445687381
0.29,-0.24873386893091956
0.29008333333333336,0.24928611660272237
0.2901666666666667,-0.00021730751014891012
0.29025,-0.2950733479995177
0.29033333333333333,-0.2609697073717528
0.29041666666666666,-0.1908748214990263
0.2905,0.037013517973426675
0.29058333333333336,0.011078441101535224
0.2906666666666667,-0.10049684058278902
0.29075,0.041321398883529654
0.29083333333333333,0.057076814179786634
0.29091666666666666,0.09141228338975227
0.291,-0.06928800474352238
0.29108333333333336,-0.31457006450829517
0.2911666666666667,0.02092281590260249
0.29125,0.33856028476591477
0.29133333333333333,0.4175969491538348
0.29141666666666666,0.3749606701694301
0.2915,0.019511589969940075
0.29158333333333336,-0.0844117943133887
0.2916666666666667,0.20973834217344045
0.29175,-0.022553403805250227
0.29183333333333333,-0.4992326545619481
0.29191666666666666,-0.13197908295646626
0.292,-0.016233950841135665
0.2920833333333333,-0.165081725188301
0.2921666666666667,0.1961964891237302
0.29225,-0.06865983550569629
0.29233333333333333,-0.14600893030744008
0.29241666666666666,0.12821469656933687
0.2925,-0.18518997757153566
0.2925833333333333,-0.0520533296759179
0.2926666666666667,0.12467567295205667
0.29275,-0.03931577000928443
0.29283333333333333,0.015169031377916411
0.29291666666666666,-0.25410537097166797
0.293,-0.42544015494573223
0.2930833333333333,-0.09717946051229762
0.2931666666666667,-0.027909537466741286
0.29325,-0.16430568352095296
0.29333333333333333,-0.31223134066596114
0.29341666666666666,-0.23091661716389755
0.2935,0.03811385909973349
0.2935833333333333,-0.20119550551543708
0.2936666666666667,-0.11790647467495259
0.29375,0.14800369393595805
0.29383333333333334,-0.1047292096845413
0.29391666666666666,0.13173898996125957
0.294,0.19356843376643781
0.2940833333333333,-0.12630892598308635
0.2941666666666667,0.13309382600925482
0.29425,0.30181000784379497
0.29433333333333334,0.15831285828936645
0.29441666666666666,0.21392209788577232
0.2945,0.32534489571182806
0.2945833333333333,0.3029707059941259
0.2946666666666667,0.2108317042627998
0.29475,-0.07735356794047894
0.29483333333333334,-0.24500882571523824
0.29491666666666666,0.015418543620111183
0.295,0.3152442979831381
0.2950833333333333,0.3709222238943733
0.2951666666666667,-0.009595510413133676
0.29525,-0.2895275507180089
0.29533333333333334,-0.06425014960759318
0.29541666666666666,-0.009256584412166206
0.2955,-0.0534399520360261
0.2955833333333333,0.04907362959231657
0.2956666666666667,-0.16659165700689565
0.29575,-0.4032804256578197
0.29583333333333334,-0.267154724557785
0.29591666666666666,-0.2625260945575616
0.296,-0.21312456669497343
0.2960833333333333,-0.012716363870518521
0.2961666666666667,-0.025301165012372624
0.29625,0.1909282018299102
0.29633333333333334,0.2714648288402432
0.29641666666666666,0.1941751039577959
0.2965,0.3739280717534762
0.2965833333333333,0.21743245952651263
0.2966666666666667,-0.04304375524899395
0.29675,-0.3006586472323052
0.29683333333333334,-0.25006336269883905
0.29691666666666666,0.22045644174609727
0.297,0.12814571611625758
0.2970833333333333,0.03835008538615056
0.2971666666666667,0.09438587694891112
0.29725,-0.1544476204995464
0.29733333333333334,0.15377475311502226
0.29741666666666666,0.39958690232145255
0.2975,0.05190450810580469
0.2975833333333333,0.19072118052719383
0.2976666666666667,0.14809606894680186
0.29775,-0.15574896122561485
0.29783333333333334,0.07926210452297952
0.29791666666666666,0.020167344006194736
0.298,0.16482355544255986
0.2980833333333333,0.3767884596269683
0.2981666666666667,0.07347331897272756
0.29825,0.07854379366386263
0.29833333333333334,-0.06452939462228052
0.29841666666666666,0.02500446689755688
0.2985,0.2800990827693328
0.2985833333333333,-0.12301722757899164
0.2986666666666667,-0.327757547292795
0.29875,-0.4267616516443864
0.29883333333333334,-0.6853005727793393
0.29891666666666666,-0.5577666974533337
0.299,-0.2744567219309504
0.2990833333333333,-0.29721744690274454
0.2991666666666667,-0.14521516310568738
0.29925,0.07899702149403412
0.29933333333333334,-0.26383930221609775
0.29941666666666666,-0.35254497678924185
0.2995,-0.15649581842968685
0.2995833333333333,-0.08539585590786433
0.2996666666666667,0.2751981839424318
0.29975,0.46521099542608235
0.29983333333333334,0.384269598142441
0.29991666666666666,0.5520944449478781
0.3,0.6017234789759452
0.3000833333333333,0.2467705138027564
0.3001666666666667,0.21880975301000744
0.30025,0.41309291596187414
0.30033333333333334,0.23512342441860387
0.30041666666666667,0.31371633650748754
0.3005,0.49604316592976166
0.3005833333333333,0.2587109483409366
0.3006666666666667,0.019383277901332603
0.30075,-0.18079857707215652
0.30083333333333334,-0.33052506126862213
0.30091666666666667,-0.3894708195132132
0.301,-0.4713053487720683
0.3010833333333333,-0.31495740640558073
0.3011666666666667,-0.051596883798499325
0.30125,-0.17880612434091667
0.30133333333333334,-0.23536934765729026
0.30141666666666667,-0.013949105863259552
0.3015,-0.1755371336797576
0.3015833333333333,-0.27313930437898076
0.3016666666666667,-0.12992554131896103
0.30175,0.0147073181807956
0.30183333333333334,0.3603217636943924
0.30191666666666667,0.2953057458229111
0.302,0.10358463669536772
0.3020833333333333,0.09375659955259119
0.30216666666666664,-0.027924269934748155
0.30225,0.19139339271610958
0.30233333333333334,0.2528634931820378
0.30241666666666667,-0.04193292207755659
0.3025,-0.029918776897925332
0.3025833333333333,0.10820223286395243
0.30266666666666664,-0.03756107777463478
0.30275,-0.18872123544009706
0.30283333333333334,-0.22836100831652126
0.30291666666666667,-0.430168813399318
0.303,-0.08477366142464642
0.3030833333333333,0.27696510795982743
0.30316666666666664,-0.11243628805695906
0.30325,-0.18951454463101378
0.30333333333333334,-0.17207503547845648
0.30341666666666667,-0.3114515331747109
0.3035,-0.2858603087397694
0.3035833333333333,-0.1262380395968829
0.30366666666666664,0.23350795023522397
0.30375,0.2865643353730065
0.30383333333333334,0.16961742217119122
0.30391666666666667,-0.07383237083693564
0.304,-0.4933308776439625
0.3040833333333333,-0.5955969825826429
0.30416666666666664,-0.5611829029295923
0.30425,-0.2987290204966391
0.30433333333333334,-0.00861188764056023
0.30441666666666667,0.040311638763645755
0.3045,0.16444539199401276
0.3045833333333333,0.07635520197351821
0.30466666666666664,-0.07738823840129182
0.30475,-0.3783598112426442
0.30483333333333335,-0.9154922743807411
0.30491666666666667,-0.7018104303606161
0.305,-0.38865417508416683
0.3050833333333333,-0.33340419207789695
0.30516666666666664,0.26067654316766514
0.30525,0.17690047614613788
0.30533333333333335,-0.2530882818419644
0.30541666666666667,0.11979609047172493
0.3055,0.16640485505113167
0.3055833333333333,0.012900763020973044
0.30566666666666664,0.05346301261435397
0.30575,0.1842389620935097
0.30583333333333335,0.5358419745620817
0.30591666666666667,0.5321785930708559
0.306,0.45612316965937116
0.3060833333333333,0.25608972886658055
0.30616666666666664,-0.19489146963442402
0.30625,-0.18023233919396608
0.30633333333333335,-0.14830609000677597
0.30641666666666667,-0.10688277225802778
0.3065,0.15328808555792595
0.3065833333333333,0.052455785559102124
0.30666666666666664,0.13070158401548246
0.30675,0.5243509192832683
0.30683333333333335,0.495553630498679
0.30691666666666667,0.2281042480209434
0.307,0.08790979634122278
0.3070833333333333,0.008969336247803212
0.30716666666666664,-0.12233664706639272
0.30725,-0.06602908774525851
0.30733333333333335,0.1501883936672492
0.30741666666666667,0.2447908321666166
0.3075,0.30200166826761354
0.3075833333333333,0.2400267875246142
0.30766666666666664,0.1691076450117609
0.30775,0.011905965206111873
0.30783333333333335,-0.21476536116453043
0.30791666666666667,-0.09530935129928787
0.308,-0.07481798344093309
0.3080833333333333,-0.32482136410773965
0.30816666666666664,-0.2789382921029455
0.30825,0.07875788857878888
0.30833333333333335,0.2805008246987497
0.3084166666666667,0.27716475685058545
0.3085,0.24203042182946738
0.3085833333333333,0.1553428112623384
0.30866666666666664,-0.03968410624755853
0.30875,-0.41798727597042934
0.30883333333333335,-0.5112890411283842
0.3089166666666667,-0.2981079271571873
0.309,-0.06079509674219303
0.3090833333333333,0.2370656031214812
0.30916666666666665,0.18422666952428637
0.30925,0.13796659356510435
0.30933333333333335,0.12266637025726895
0.3094166666666667,-0.2504471890853272
0.3095,-0.5344251687404489
0.3095833333333333,-0.8141084978632008
0.30966666666666665,-0.619327060690202
0.30975,0.008929121675053149
0.30983333333333335,-0.044228492049698365
0.3099166666666667,-0.18603794099435633
0.31,-0.04483507394173029
0.3100833333333333,-0.17189276063189202
0.31016666666666665,-0.3026178604457711
0.31025,-0.42908129108631615
0.31033333333333335,-0.6344061105665206
0.3104166666666667,-0.4575851399116182
0.3105,0.03235772952800429
0.3105833333333333,0.21167933417695928
0.31066666666666665,0.08038925195980287
0.31075,0.2448373144817563
0.31083333333333335,0.45313870450810856
0.3109166666666667,0.20214229829879668
0.311,0.1665834849455651
0.3110833333333333,0.45623170493519
0.31116666666666665,0.47880665339192874
0.31125,0.33470937705662374
0.31133333333333335,0.2034292934903993
0.3114166666666667,0.13291258594244468
0.3115,0.1083701989398973
0.3115833333333333,0.27396905711501124
0.31166666666666665,0.2450963257182836
0.31175,0.11952281240340812
0.31183333333333335,0.6613046842299275
0.3119166666666667,0.5805122993973293
0.312,-0.06866424272455705
0.3120833333333333,0.06681962944671038
0.31216666666666665,0.10188215289292915
0.31225,0.08995568029830299
0.31233333333333335,0.29615367733603665
0.3124166666666667,-0.004880316565466059
0.3125,-0.2743479870741199
0.3125833333333333,-0.04835361300498547
0.31266666666666665,-0.166057048168197
0.31275,-0.6356085021318745
0.31283333333333335,-0.2806531905709586
0.3129166666666667,0.13285285309145997
0.313,0.020128127656585525
0.3130833333333333,0.4326285056080821
0.31316666666666665,0.5422017159133249
0.31325,0.2296471705847445
0.31333333333333335,0.42672165608848717
0.3134166666666667,0.43648816715540173
0.3135,0.3836677762315227
0.3135833333333333,0.5776859046983246
0.31366666666666665,0.5950703086549033
0.31375,0.44528219642845945
0.31383333333333335,0.09333931631475488
0.3139166666666667,-0.13224463478479
0.314,-0.18590786526936257
0.3140833333333333,-0.4601098251072881
0.31416666666666665,-0.631059530900211
0.31425,-0.3872826310205904
0.31433333333333335,-0.13995842857239627
0.3144166666666667,-0.20366567532684968
0.3145,-0.3443045568579982
0.3145833333333333,-0.49238341327608226
0.31466666666666665,-0.5563141578188933
0.31475,-0.5119946617191989
0.31483333333333335,-0.7438453511187278
0.3149166666666667,-0.7478611164025325
0.315,-0.13510015258399571
0.3150833333333333,-0.03534601721443329
0.31516666666666665,-0.3639769524086275
0.31525,-0.24668985121466294
0.31533333333333335,-0.28312108404478187
0.3154166666666667,-0.22409954782682434
0.3155,0.21381390772721498
0.3155833333333333,0.2027880431793741
0.31566666666666665,0.037513319469899754
0.31575,0.15892091961097085
0.31583333333333335,0.2168379515434985
0.3159166666666667,-0.06043097946292141
0.316,-0.1626182310642179
0.3160833333333333,0.28095885284870953
0.31616666666666665,0.48003801048093725
0.31625,0.3053730471256611
0.31633333333333336,0.2185312335089938
0.3164166666666667,-0.07605609676070717
0.3165,-0.46479391373737616
0.3165833333333333,-0.5912099956389631
0.31666666666666665,-0.7450796802079702
0.31675,-0.3627439402478726
0.31683333333333336,0.6234915523850264
0.3169166666666667,0.8012498663243476
0.317,0.5916107879555319
0.31708333333333333,0.6888489214115425
0.31716666666666665,0.3749794384647605
0.31725,0.14133949375703717
0.31733333333333336,0.42165218475466987
0.3174166666666667,0.45648238531672986
0.3175,0.37084069949148346
0.31758333333333333,0.48434775940427066
0.31766666666666665,0.27257652808334404
0.31775,0.029957673991956556
0.31783333333333336,0.13794713637157968
0.3179166666666667,0.35679540338338656
0.318,0.580191742823385
0.31808333333333333,0.3904713677575564
0.31816666666666665,0.2658155376179394
0.31825,0.4299048729062679
0.31833333333333336,0.15309076729372245
0.3184166666666667,-0.07111316059906637
0.3185,-0.062155651755910236
0.31858333333333333,-0.30231621401784825
0.31866666666666665,-0.48305499266701285
0.31875,-0.3275234454760351
0.31883333333333336,-0.19061810061970128
0.3189166666666667,-0.20519233180979432
0.319,-0.1561530979671458
0.31908333333333333,-0.1145340244488415
0.31916666666666665,-0.11331328541089287
0.31925,-0.16914381008227433
0.31933333333333336,-0.07776941607910547
0.3194166666666667,-0.009663136637927621
0.3195,-0.16301235531080846
0.31958333333333333,-0.06988173563058572
0.31966666666666665,-0.08607383039274372
0.31975,-0.09643127216099626
0.31983333333333336,0.09018100651904247
0.3199166666666667,0.04862708588478468
0.32,0.14690707292657312
0.32008333333333333,0.054916014322477315
0.32016666666666665,-0.31425905265006293
0.32025,-0.5201454517209453
0.32033333333333336,-0.607705593013529
0.3204166666666667,-0.5166798500428361
0.3205,-0.50426712011904
0.32058333333333333,-0.2517049833430872
0.32066666666666666,0.14669394331544952
0.32075,0.13551430735800538
0.32083333333333336,0.20290782008568356
0.3209166666666667,0.04478459394103149
0.321,-0.24979273934290475
0.32108333333333333,0.002914258024256439
0.32116666666666666,-0.08783670757260423
0.32125,-0.23317898828225084
0.32133333333333336,0.13588700606033668
0.3214166666666667,-0.10247434604097667
0.3215,-0.31422953523342745
0.32158333333333333,-0.03932014295978558
0.32166666666666666,-0.19865073581821854
0.32175,-0.18088332663365153
0.32183333333333336,0.0726266880664038
0.3219166666666667,0.20482227275348716
0.322,0.3404312065315247
0.32208333333333333,0.15221467163885066
0.32216666666666666,0.24455124494735478
0.32225,0.32255757745716634
0.32233333333333336,-0.15198138482917128
0.3224166666666667,0.037103658666414976
0.3225,0.08475109578320807
0.32258333333333333,-0.4325688581347878
0.32266666666666666,0.1574972662700487
0.32275,0.46035546233831753
0.32283333333333336,0.052130998865276355
0.3229166666666667,0.488801814852013
0.323,0.37691558464769104
0.32308333333333333,-0.19881682819199778
0.32316666666666666,-0.24176631644111427
0.32325,-0.5808112702416265
0.3233333333333333,-0.46500728388232615
0.3234166666666667,0.2528734230738908
0.3235,0.4861671453407007
0.32358333333333333,0.554894883304524
0.32366666666666666,0.6208484214387627
0.32375,0.4098052729528261
0.3238333333333333,0.14144609244038223
0.3239166666666667,-0.09804488114506196
0.324,-0.271468870600807
0.32408333333333333,-0.1265593498438947
0.32416666666666666,0.215559910882257
0.32425,0.25961542606172433
0.3243333333333333,0.22453181379502785
0.3244166666666667,0.25710920959032635
0.3245,-0.1092104383406801
0.32458333333333333,-0.22411678234897559
0.32466666666666666,-0.04330866124986011
0.32475,-0.08331627639643352
0.3248333333333333,0.2839223920912711
0.3249166666666667,0.21254833364427803
0.325,-0.10779853436027126
0.32508333333333334,0.22448647129696692
0.32516666666666666,-0.2535098921497271
0.32525,-0.4114710053668254
0.3253333333333333,-0.05981193380162684
0.3254166666666667,-0.7344107953988821
0.3255,-0.5863069122643817
0.32558333333333334,-0.452066602436033
0.32566666666666666,-0.7791667936443395
0.32575,-0.08921362214931161
0.3258333333333333,-0.15834025255252757
0.3259166666666667,-0.009072878017995655
0.326,0.7094257459675155
0.32608333333333334,0.22335465292683648
0.32616666666666666,0.2202261885134877
0.32625,0.3230214887151168
0.3263333333333333,-0.1132355458499551
0.3264166666666667,0.009000821794006903
0.3265,-0.0037356500553824635
0.32658333333333334,0.1465133222585191
0.32666666666666666,0.2750639929906022
0.32675,-0.00719131777483615
0.3268333333333333,0.11173809571833336
0.3269166666666667,-0.0660097809674261
0.327,-0.28259762230317165
0.32708333333333334,0.033639242124730184
0.32716666666666666,0.11054009651520647
0.32725,0.17992734395248863
0.3273333333333333,0.20016748508679108
0.3274166666666667,0.0008872478577599913
0.3275,-0.11216307102924047
0.32758333333333334,-0.4033516498679815
0.32766666666666666,-0.6016109310664781
0.32775,-0.5877647052678134
0.3278333333333333,-0.485353650094742
0.3279166666666667,-0.055326317821125924
0.328,0.23022651690389284
0.32808333333333334,0.20555406767252518
0.32816666666666666,0.029855152764865396
0.32825,-0.11741256431703968
0.3283333333333333,0.1408333947550473
0.3284166666666667,0.3476994448451916
0.3285,0.3919055552372898
0.32858333333333334,0.5408426483774558
0.32866666666666666,0.7630466974943982
0.32875,0.865648322124146
0.3288333333333333,0.5115634813543132
0.3289166666666667,0.30128073117995324
0.329,0.18440867359912036
0.32908333333333334,0.0038877104569502293
0.32916666666666666,0.13266299994050362
0.32925,-0.1479217218149883
0.3293333333333333,-0.23618538560379188
0.3294166666666667,-0.06315079600930215
0.3295,-0.47477493072776794
0.32958333333333334,-0.5708439557195154
0.32966666666666666,-0.48484709261155173
0.32975,-0.4382061624814729
0.3298333333333333,-0.22456723536085602
0.3299166666666667,-0.1966200422322156
0.33,-0.16343855060714196
0.33008333333333334,-0.24757049958016783
0.33016666666666666,-0.3030271179480843
0.33025,-0.2698269613749365
0.3303333333333333,-0.40705043461629886
0.3304166666666667,-0.36022326359877993
0.3305,-0.05819787873195035
0.33058333333333334,0.15424291890533165
0.33066666666666666,0.06585449832315143
0.33075,0.07687464103454052
0.3308333333333333,0.16626930615281563
0.3309166666666667,-0.0699474520380592
0.331,-0.23444337726704464
0.33108333333333334,-0.18887411574473104
0.33116666666666666,0.09764862954946892
0.33125,0.40580713776099364
0.3313333333333333,0.38863610314693603
0.3314166666666667,0.34881048602232295
0.3315,0.059457322768601654
0.33158333333333334,-0.22502237888555363
0.33166666666666667,-0.18534052153848227
0.33175,-0.27006483549539584
0.3318333333333333,-0.23258621052135514
0.3319166666666667,-0.20436641670969435
0.332,-0.16117358690853792
0.33208333333333334,-0.06547330450148003
0.33216666666666667,-0.23387463223563904
0.33225,0.022379888730638467
0.3323333333333333,0.2839529251367282
0.3324166666666667,0.03739214973204417
0.3325,-0.03255455864270998
0.33258333333333334,0.10105954148546321
0.33266666666666667,0.2071766369817942
0.33275,0.23917810987106444
0.3328333333333333,0.3298672115477499
0.3329166666666667,0.0911824356772843
0.333,-0.16804422900922403
0.33308333333333334,0.07960891063734563
0.33316666666666667,-0.02453421485807808
0.33325,-0.03322518067285453
0.3333333333333333,0.12441987407571745
0.33341666666666664,-0.06105962381522598
0.3335,0.03831066195039895
0.33358333333333334,-0.04962839472942052
0.33366666666666667,-0.23234279146074244
0.33375,0.17671981376494128
0.3338333333333333,0.4382585223256597
0.33391666666666664,0.0533270818898798
0.334,-0.0978145898218514
0.33408333333333334,-0.012419777511641738
0.33416666666666667,-0.46989197887941947
0.33425,-0.6455581514562605
0.3343333333333333,-0.4522196636774455
0.33441666666666664,-0.3358803365165808
0.3345,-0.13128665097057587
0.33458333333333334,-0.157114417314888
0.33466666666666667,-0.13585652805489218
0.33475,-0.1192652694754134
0.3348333333333333,-0.20911448049974168
0.33491666666666664,-0.07134815902300001
0.335,0.04199365063105604
0.33508333333333334,0.08376030245605806
0.33516666666666667,0.24047845990288597
0.33525,0.4635735981142415
0.3353333333333333,0.3785176264864733
0.33541666666666664,0.18834383401969534
0.3355,0.11005228446141775
0.33558333333333334,-0.06015264052088626
0.33566666666666667,0.18396559244094768
0.33575,0.33576448557873656
0.3358333333333333,0.13735787706381095
0.33591666666666664,0.3670310728542434
0.336,0.26906341718409377
0.33608333333333335,-0.10600046169599679
0.33616666666666667,0.009740195303371989
0.33625,0.07394337512150377
0.3363333333333333,-0.00234415484254629
0.33641666666666664,-0.006383504010645099
0.3365,0.13207559574657152
0.33658333333333335,0.4340990894271495
0.33666666666666667,0.42919840083573085
0.33675,0.15869294686215463
0.3368333333333333,0.09714139347902037
0.33691666666666664,0.06536494187926678
0.337,0.012835497364758345
0.33708333333333335,0.06683930662592821
0.33716666666666667,-0.0016992989231908548
0.33725,0.1303592347482968
0.3373333333333333,0.38088865857411164
0.33741666666666664,0.2483098750490148
0.3375,0.10314536134035864
0.33758333333333335,-0.03543194072802373
0.33766666666666667,-0.08313816980088905
0.33775,0.19372897614824916
0.3378333333333333,0.3204620916134765
0.33791666666666664,0.009022378680416913
0.338,-0.43430958933071145
0.33808333333333335,-0.32999555831999905
0.33816666666666667,-0.3624771375715171
0.33825,-0.6907694526784939
0.3383333333333333,-0.4313621128160966
0.33841666666666664,-0.5622068563309821
0.3385,-0.5769785270525316
0.33858333333333335,-0.2123320955930447
0.33866666666666667,-0.36792325122793124
0.33875,-0.15038156579359407
0.3388333333333333,-0.30663229007531195
0.33891666666666664,-0.3592295870877283
0.339,0.294002712295652
0.33908333333333335,0.2778744427679308
0.33916666666666667,0.7634627921276611
0.33925,0.8815216253458631
0.3393333333333333,0.029891532993131138
0.33941666666666664,-0.08061191521393773
0.3395,-0.48797005873880095
0.33958333333333335,-0.6864540724283705
0.3396666666666667,-0.1690297789623121
0.33975,-0.16626875877018313
0.3398333333333333,0.06533214538214914
0.33991666666666664,0.5408485296442248
0.34,0.4010311232296687
0.34008333333333335,0.14175438818263666
0.3401666666666667,0.05765460528975031
0.34025,-0.2687310235563435
0.3403333333333333,-0.42864709657428657
0.34041666666666665,-0.2314194823234837
0.3405,0.06551442259627607
0.34058333333333335,0.42141252408610425
0.3406666666666667,0.3211904084523924
0.34075,-0.04015503225426239
0.3408333333333333,-0.35132721026746655
0.34091666666666665,-0.6033331881854354
0.341,-0.48049504798854037
0.34108333333333335,-0.07453598139456127
0.3411666666666667,0.139823068595089
0.34125,0.07021083705547512
0.3413333333333333,0.22247512606237543
0.34141666666666665,0.0417640516827642
0.3415,-0.3971345433633827
0.34158333333333335,-0.05805760847034887
0.3416666666666667,0.16681897154438657
0.34175,-0.02574717500755251
0.3418333333333333,-0.09156907897587056
0.34191666666666665,-0.2349036241043312
0.342,-0.34334269023525865
0.34208333333333335,-0.5243005013399694
0.3421666666666667,-0.6707912700565514
0.34225,-0.5302087847022017
0.3423333333333333,-0.17911094333475347
0.34241666666666665,0.24201196486818383
0.3425,0.45770378155606933
0.34258333333333335,0.7316621246287487
0.3426666666666667,0.6296253900573022
0.34275,0.0508168980225104
0.3428333333333333,0.07901880815692884
0.34291666666666665,0.16194343721578122
0.343,0.27171088210338823
0.34308333333333335,0.6488807606070356
0.3431666666666667,0.48515280363510654
0.34325,0.5991994273902091
0.3433333333333333,0.6681523221391477
0.34341666666666665,0.21382070369707623
0.3435,0.1509471978150954
0.34358333333333335,0.03398445366140181
0.3436666666666667,-0.15399975427642343
0.34375,-0.24455982778619642
0.3438333333333333,-0.10143859956978463
0.34391666666666665,0.1265369394999095
0.344,-0.07075634994727797
0.34408333333333335,0.057072970551649324
0.3441666666666667,0.08200301165118709
0.34425,-0.3027665966244762
0.3443333333333333,-0.21288290315842257
0.34441666666666665,0.09394997801920016
0.3445,0.12175671082259706
0.34458333333333335,0.004097466423365884
0.3446666666666667,0.06773635930569463
0.34475,0.07925310293562525
0.3448333333333333,0.1555953859646565
0.34491666666666665,0.2518500430257571
0.345,0.11183136020141196
0.34508333333333335,0.5199759257901422
0.3451666666666667,0.751248600541477
0.34525,0.47960712430906505
0.3453333333333333,0.7409591089481264
0.34541666666666665,0.6109008546529089
0.3455,0.1978189653002053
0.34558333333333335,0.30029692544901687
0.3456666666666667,0.15673300904443968
0.34575,0.11153283549122268
0.3458333333333333,0.26816934403686316
0.34591666666666665,-0.0009789289347073512
0.346,-0.27663308964868594
0.34608333333333335,-0.4181092244901113
0.3461666666666667,-0.6328080500822876
0.34625,-0.7914889838445865
0.3463333333333333,-0.7265894743518309
0.34641666666666665,-0.4545606852000756
0.3465,-0.11008282788860468
0.34658333333333335,-0.057550639811072356
0.3466666666666667,-0.2736782272337775
0.34675,-0.1278439574371715
0.3468333333333333,-0.1264453388396069
0.34691666666666665,-0.036192965978210916
0.347,0.31301382461802585
0.34708333333333335,-0.17142198051518504
0.3471666666666667,-0.11406646094595403
0.34725,0.06901237104124272
0.3473333333333333,-0.638513762552542
0.34741666666666665,-0.43539366283469755
0.3475,-0.2667083955481785
0.34758333333333336,-0.42294880518514166
0.3476666666666667,0.021837007936890286
0.34775,0.22398588114470033
0.3478333333333333,0.3973050391700274
0.34791666666666665,0.6040392234683325
0.348,0.4290451134178489
0.34808333333333336,0.03588603326176135
0.3481666666666667,-0.031933055887364906
0.34825,0.026391349143218976
0.34833333333333333,0.001615276395801955
0.34841666666666665,0.2610510980847673
0.3485,-0.10407634088057455
0.34858333333333336,-0.42002248332466185
0.3486666666666667,-0.08156619902695378
0.34875,-0.2734206886749395
0.34883333333333333,-0.2982365873336997
0.34891666666666665,-0.09351079658880028
0.349,0.21374285190231385
0.34908333333333336,0.909846806581818
0.3491666666666667,0.6380053143917329
0.34925,0.07467804953266176
0.34933333333333333,0.1669728452363502
0.34941666666666665,0.07722287794661752
0.3495,0.02726586901489976
0.34958333333333336,-0.21517834915334141
0.3496666666666667,-0.44229278676377953
0.34975,0.1304827739079414
0.34983333333333333,0.37923369995762074
0.34991666666666665,0.009279194155613268
0.35,-0.036653711281070644
0.35008333333333336,0.006700905852265571
0.3501666666666667,-0.12074139573134113
0.35025,0.15710187156763328
0.35033333333333333,0.1529644259925572
0.35041666666666665,-0.4846231310319479
0.3505,-0.1972080661927779
0.35058333333333336,0.17084771471286714
0.3506666666666667,-0.374915881871825
0.35075,-0.4149522512606043
0.35083333333333333,-0.445885554696841
0.35091666666666665,-0.5664005567958824
0.351,-0.11768102877101683
0.35108333333333336,-0.35945958430063507
0.3511666666666667,-0.39995660212990186
0.35125,0.10331266131988885
0.35133333333333333,-0.2345776451402087
0.35141666666666665,-0.031571714039892645
0.3515,0.3190952101174468
0.35158333333333336,0.014021651451218925
0.3516666666666667,0.11857602017727509
0.35175,-0.024971045420016255
0.35183333333333333,0.1975336064461864
0.35191666666666666,0.6655631244301135
0.352,0.12663017424126477
0.35208333333333336,-0.05192660462430174
0.3521666666666667,0.08069237951509939
0.35225,-0.4797648209961858
0.35233333333333333,-0.6570766407603819
0.35241666666666666,-0.22239008233959515
0.3525,-0.38879475596984836
0.35258333333333336,-0.5584538636796128
0.3526666666666667,-0.16980926916800917
0.35275,-0.38102986505135417
0.35283333333333333,-0.5410180725163392
0.35291666666666666,-0.1289424123157182
0.353,0.0170687156212687
0.35308333333333336,0.14660537554945144
0.3531666666666667,0.20000904818610185
0.35325,0.1653936818293843
0.35333333333333333,0.47411357666174336
0.35341666666666666,0.5397422518722717
0.3535,0.12641018098676077
0.35358333333333336,0.03191126205561936
0.3536666666666667,0.23413184876756943
0.35375,0.17966965331776602
0.35383333333333333,0.34733044795139645
0.35391666666666666,0.6706317376515241
0.354,0.45570770760935225
0.35408333333333336,0.4050808712599249
0.3541666666666667,0.5628761667135576
0.35425,0.2855787732672101
0.35433333333333333,0.288732863763271
0.35441666666666666,0.29445026050650513
0.3545,-0.19980673394593576
0.3545833333333333,-0.21910551346989762
0.3546666666666667,0.0351857421332458
0.35475,0.027057113914691497
0.35483333333333333,0.14361252185850876
0.35491666666666666,0.16337512667166565
0.355,0.17244415342155386
0.3550833333333333,0.26963128980018863
0.3551666666666667,0.07247728688967718
0.35525,0.061653154186354565
0.35533333333333333,0.084490832881223
0.35541666666666666,0.025944979638264552
0.3555,0.4533505106413289
0.3555833333333333,0.6315060586800075
0.3556666666666667,0.5583347050721685
0.35575,0.6620217376632404
0.35583333333333333,0.49452374065508753
0.35591666666666666,0.4442465386672054
0.356,0.31503678837050453
0.3560833333333333,-0.17923509781828068
0.3561666666666667,-0.16401760896151313
0.35625,-0.0969830488814439
0.35633333333333334,-0.458248975595979
0.35641666666666666,-0.3860038660095165
0.3565,-0.1509020306260157
0.3565833333333333,-0.25447782008144726
0.3566666666666667,-0.2928179880148066
0.35675,-0.2796692709337769
0.35683333333333334,-0.5126883757205519
0.35691666666666666,-0.7356155343112595
0.357,-0.5563000920972537
0.3570833333333333,-0.41272669463650147
0.3571666666666667,-0.34896691069241387
0.35725,-0.24192539988356132
0.35733333333333334,-0.552852905845101
0.35741666666666666,-0.5263811834311689
0.3575,-0.3526873275961746
0.3575833333333333,-0.748563986918831
0.3576666666666667,-0.5628750951285467
0.35775,-0.2382165330855731
0.35783333333333334,-0.2220746010410574
0.35791666666666666,0.1313067576816774
0.358,0.02033703630244838
0.3580833333333333,-0.20880383142675574
0.3581666666666667,-0.1357017178062185
0.35825,-0.3026515104120907
0.35833333333333334,-0.198006507917599
0.35841666666666666,-0.0934929324443033
0.3585,-0.3099058776707423
0.3585833333333333,-0.12146807752139674
0.3586666666666667,0.022471072530649464
0.35875,-0.1915722654817072
0.35883333333333334,-0.09991779905424922
0.35891666666666666,-0.0571764693765298
0.359,-0.007391454278621275
0.3590833333333333,0.3716142287027444
0.3591666666666667,0.2528928487290841
0.35925,0.0036543038975152464
0.35933333333333334,0.26572976792272707
0.35941666666666666,0.17046033242275474
0.3595,-0.12064201477287027
0.3595833333333333,-0.0029835773762807863
0.3596666666666667,-0.0999099385450092
0.35975,-0.04369870286671221
0.35983333333333334,0.31229430571022265
0.35991666666666666,0.3414473885137932
0.36,0.4798720563643185
0.3600833333333333,0.35877906422725386
0.3601666666666667,0.18361277710092433
0.36025,0.37389745899590354
0.36033333333333334,0.080478791783891
0.36041666666666666,0.2148515523868103
0.3605,0.5299286752246983
0.3605833333333333,0.16325753686549554
0.3606666666666667,0.43954047162800675
0.36075,0.5904610323110582
0.36083333333333334,0.23304499689533198
0.36091666666666666,0.32147638274450213
0.361,0.10652638620613866
0.3610833333333333,0.021675811734494538
0.3611666666666667,0.1466323816475427
0.36125,-0.06490482025858363
0.36133333333333334,0.13503624947651555
0.36141666666666666,0.25195213115198356
0.3615,0.14461243259251264
0.3615833333333333,0.1844111246829983
0.3616666666666667,0.10448262169478374
0.36175,0.04631985761168569
0.36183333333333334,-0.26840459549628626
0.36191666666666666,-0.3445888537809189
0.362,-0.2177502546364893
0.3620833333333333,-0.5333402556963218
0.3621666666666667,-0.37313378388530555
0.36225,-0.14855498113720103
0.36233333333333334,-0.48681844312788985
0.36241666666666666,-0.5880091940608914
0.3625,-0.5649536954326829
0.3625833333333333,-0.8192266911344825
0.3626666666666667,-0.823949522210283
0.36275,-0.5412417118827864
0.36283333333333334,-0.5552107282306754
0.36291666666666667,-0.21664493379462577
0.363,-0.000940208325859668
0.3630833333333333,-0.40904623075655394
0.3631666666666667,-0.1314771409785592
0.36325,-0.18157773357881676
0.36333333333333334,-0.5004563902893099
0.36341666666666667,0.006118660463446299
0.3635,-0.14013959495864337
0.3635833333333333,-0.4101513333060345
0.3636666666666667,-0.24138901028589949
0.36375,-0.3542226319139276
0.36383333333333334,-0.06443564407031707
0.36391666666666667,0.18983855696481045
0.364,0.16735070004393993
0.3640833333333333,0.3608538867158665
0.3641666666666667,0.2437065319704279
0.36425,0.12603037512513549
0.36433333333333334,0.20647207409840967
0.36441666666666667,0.26469175619084767
0.3645,0.42675915514160717
0.3645833333333333,0.3881207425913384
0.36466666666666664,0.5895011636107604
0.36475,0.7184755218856748
0.36483333333333334,0.36559764342369716
0.36491666666666667,0.39532777862643
0.365,0.37278999826151593
0.3650833333333333,0.26267103435299366
0.36516666666666664,0.2349795309973268
0.36525,0.17016124826850515
0.36533333333333334,0.26848875440003384
0.36541666666666667,0.025219172069348726
0.3655,0.10605748396115162
0.3655833333333333,0.1672594805662535
0.36566666666666664,-0.07926328395698712
0.36575,0.35017750625999267
0.36583333333333334,0.33020646832832423
0.36591666666666667,0.1721985325672818
0.366,0.4195039034130712
0.3660833333333333,0.3058099711952856
0.36616666666666664,0.3872982603841002
0.36625,0.3300536735014103
0.36633333333333334,0.04514550918610853
0.36641666666666667,-0.09819182936079902
0.3665,-0.15182953940125923
0.3665833333333333,0.06183071509487515
0.36666666666666664,-0.025604526603605564
0.36675,0.08610253849926024
0.36683333333333334,0.4272546127386201
0.36691666666666667,0.23292162936547692
0.367,0.2683715679574544
0.3670833333333333,0.03364969162948927
0.36716666666666664,-0.4026715298662143
0.36725,-0.3073086654111107
0.36733333333333335,-0.4834964156762353
0.36741666666666667,-0.41164297806303685
0.3675,-0.23190522037839828
0.3675833333333333,-0.2653561721125903
0.36766666666666664,-0.12458215705961201
0.36775,-0.3713775735630715
0.36783333333333335,-0.3597658323546599
0.36791666666666667,-0.4841139917841355
0.368,-0.7722212629459799
0.3680833333333333,-0.2942358815331629
0.36816666666666664,-0.2333576189600183
0.36825,-0.1806982437163604
0.36833333333333335,0.008292724615421338
0.36841666666666667,-0.2221337676517308
0.3685,-0.09327849886702227
0.3685833333333333,-0.10187918889513416
0.36866666666666664,-0.16618990031142933
0.36875,-0.1937533472671274
0.36883333333333335,-0.43889859635592016
0.36891666666666667,-0.31182259770960213
0.369,-0.18599609234514747
0.3690833333333333,-0.1970550036147427
0.36916666666666664,0.031249715251808453
0.36925,0.10834069852060946
0.36933333333333335,-0.21406287274216895
0.36941666666666667,-0.16628527768774412
0.3695,0.03374524603107208
0.3695833333333333,-0.3064824887870885
0.36966666666666664,-0.20449825344583128
0.36975,0.17982127698692335
0.36983333333333335,0.14076349139673516
0.36991666666666667,0.2239798561889736
0.37,0.17169181755566665
0.3700833333333333,-0.1428874784587081
0.37016666666666664,0.04715823972507917
0.37025,0.2115402695396868
0.37033333333333335,0.02525637136025915
0.37041666666666667,0.29181484987353995
0.3705,0.4269279066191549
0.3705833333333333,0.416245970169985
0.37066666666666664,0.5407803991085641
0.37075,0.3282028537982355
0.37083333333333335,0.29855191441045775
0.3709166666666667,0.4131060226875561
0.371,0.48403890109163755
0.3710833333333333,0.40207124768586966
0.37116666666666664,0.30792122149316475
0.37125,0.6321126975561078
0.37133333333333335,0.7303475558471271
0.3714166666666667,0.5979392924792414
0.3715,0.6755751025684352
0.3715833333333333,0.6257088520987139
0.37166666666666665,0.20866718367990184
0.37175,0.020794989872230454
0.37183333333333335,-0.05260654608249866
0.3719166666666667,-0.35262071485334745
0.372,-0.08529301020374094
0.3720833333333333,0.15819430840436333
0.37216666666666665,-0.11509434470101756
0.37225,-0.27874552258643553
0.37233333333333335,-0.26546858481475666
0.3724166666666667,-0.303859310419726
0.3725,-0.612281579087665
0.3725833333333333,-0.7132431080858886
0.37266666666666665,-0.7053519292319926
0.37275,-0.6501016695537436
0.37283333333333335,-0.18591951989109023
0.3729166666666667,-0.039813185685865435
0.373,-0.11080809401869302
0.3730833333333333,-0.011507874820282512
0.37316666666666665,-0.28303367554996484
0.37325,-0.38899461879999464
0.37333333333333335,-0.03555711737907488
0.3734166666666667,-0.12451529214646397
0.3735,-0.05470088403955954
0.3735833333333333,0.29926051424859323
0.37366666666666665,0.09047331706405015
0.37375,0.002765499111157965
0.37383333333333335,0.024585578112427994
0.3739166666666667,0.08761388630249609
0.374,0.21082241525920814
0.3740833333333333,-0.0217323186539483
0.37416666666666665,-0.0034558398640541855
0.37425,-0.11835439675142735
0.37433333333333335,-0.3816343615280404
0.3744166666666667,-0.34822609901231993
0.3745,-0.44400646889466144
0.3745833333333333,-0.3741684162118839
0.37466666666666665,-0.21022959237532973
0.37475,-0.15173403808124536
0.37483333333333335,-0.28304306392296297
0.3749166666666667,-0.268068648734839
0.375,-0.05445221691795062
0.3750833333333333,-0.3632617133724228
0.37516666666666665,-0.26133942857573844
0.37525,-0.006987096017463738
0.37533333333333335,-0.24105829585504285
0.3754166666666667,0.13613773760913278
0.3755,0.33777924829237793
0.3755833333333333,0.11102479063642975
0.37566666666666665,0.5779030681603172
0.37575,1.0761784992695993
0.37583333333333335,0.8750723367105969
0.3759166666666667,0.5825405452984198
0.376,0.5734227077194403
0.3760833333333333,0.4528294324891972
0.37616666666666665,0.4822369203165083
0.37625,0.6684621655151468
0.37633333333333335,0.40509039687068815
0.3764166666666667,0.3961373678158434
0.3765,0.537588906953972
0.3765833333333333,0.2088124204858266
0.37666666666666665,0.10002530926307249
0.37675,-0.10243622466980043
0.37683333333333335,-0.1608344111928125
0.3769166666666667,0.2595443084723451
0.377,0.19315511188759046
0.3770833333333333,0.12693338844898672
0.37716666666666665,0.0037871054169601242
0.37725,-0.28924410006644596
0.37733333333333335,-0.16101290713054286
0.3774166666666667,-0.30541162645602576
0.3775,-0.374606629351742
0.3775833333333333,-0.15178622219968874
0.37766666666666665,0.033406983563692455
0.37775,0.0036655334199067772
0.37783333333333335,-0.502687253451398
0.3779166666666667,-0.5095211973221153
0.378,-0.4513738723411479
0.3780833333333333,-0.3094291637386918
0.37816666666666665,0.10347354095677512
0.37825,-0.31343641732869354
0.37833333333333335,-0.09585853160448668
0.3784166666666667,0.30488493632978253
0.3785,0.014733875843885752
0.3785833333333333,0.07382827116408187
0.37866666666666665,-0.3285701178974732
0.37875,-0.39648569018244195
0.37883333333333336,-0.01827029092983514
0.3789166666666667,-0.2689748473946916
0.379,-0.2591146694274834
0.3790833333333333,-0.09258186447230571
0.37916666666666665,-0.003540127141443029
0.37925,0.12000266572230915
0.37933333333333336,0.10656035232295125
0.3794166666666667,0.37048782217822174
0.3795,0.6836404161402314
0.37958333333333333,0.5786023240985179
0.37966666666666665,0.2338940333964302
0.37975,-0.18190649890524485
0.37983333333333336,-0.33079606841106135
0.3799166666666667,-0.15211121536248046
0.38,-0.13415768227889419
0.38008333333333333,-0.3045681088940873
0.38016666666666665,-0.44989891195052784
0.38025,-0.27045060224939477
0.38033333333333336,-0.001717711275149533
0.3804166666666667,-0.167813552230698
0.3805,-0.37692690432586984
0.38058333333333333,-0.41093550495510395
0.38066666666666665,-0.16780511764604567
0.38075,-0.07902080947877294
0.38083333333333336,-0.14585470410032406
0.3809166666666667,0.2428343179052708
0.381,0.062054090371661964
0.38108333333333333,0.009925805415926435
0.38116666666666665,0.33635184430331905
0.38125,-0.0006468828321748661
0.38133333333333336,0.29827461731825977
0.3814166666666667,0.26961266380785265
0.3815,-0.10940122012049963
0.38158333333333333,0.40769171890399103
0.38166666666666665,0.253683415690731
0.38175,0.1534648251116866
0.38183333333333336,0.429359779139937
0.3819166666666667,0.2417358710006715
0.382,0.07070505034706384
0.38208333333333333,-0.1301586411737242
0.38216666666666665,-0.06278189062107002
0.38225,-0.32352791140116144
0.38233333333333336,-0.4269144157264235
0.3824166666666667,-0.07895000212926741
0.3825,-0.4997981915193057
0.38258333333333333,-0.12075048715149109
0.38266666666666665,0.2943627775663335
0.38275,-0.40377974099071995
0.38283333333333336,-0.07736925853345399
0.3829166666666667,-0.007093746239193053
0.383,-0.5722825401062723
0.38308333333333333,-0.18624844199270774
0.38316666666666666,-0.1793949881183055
0.38325,-0.11815838827829975
0.38333333333333336,0.5268291302499697
0.3834166666666667,0.41924244178574155
0.3835,0.22600365005045356
0.38358333333333333,0.22127319321459157
0.38366666666666666,0.2519944165075843
0.38375,0.466455632137849
0.38383333333333336,0.10982578753032089
0.3839166666666667,-0.18877657130134065
0.384,-0.020018453401871528
0.38408333333333333,-0.07933527098665255
0.38416666666666666,-0.014679485155119314
0.38425,0.0333951964455298
0.38433333333333336,-0.2061419362722535
0.3844166666666667,-0.10559229508301342
0.3845,0.04466092997239457
0.38458333333333333,-0.07820962603609534
0.38466666666666666,-0.164939954568036
0.38475,-0.07250837413799936
0.38483333333333336,0.06550594419536111
0.3849166666666667,-0.12009138036718538
0.385,-0.19656940766892883
0.38508333333333333,-0.3117760133802617
0.38516666666666666,-0.5782046758860425
0.38525,-0.48288448729456995
0.38533333333333336,-0.6118193815721825
0.3854166666666667,-0.47519914101329525
0.3855,0.00545777359267386
0.38558333333333333,0.05580242605537212
0.38566666666666666,0.218556082785412
0.38575,0.474782403386532
0.3858333333333333,0.47970590225112636
0.3859166666666667,0.2558486745365718
0.386,0.1684899943894487
0.38608333333333333,0.25898078544906056
0.38616666666666666,0.18265604164794985
0.38625,0.25209408876000217
0.3863333333333333,0.4084394525046179
0.3864166666666667,0.3290234092324925
0.3865,0.1798002772088385
0.38658333333333333,0.22828908293536496
0.38666666666666666,0.09027692492520453
0.38675,-0.21150902031331556
0.3868333333333333,-0.15984304076945313
0.3869166666666667,-0.1971545093852589
0.387,-0.17851511997748887
0.38708333333333333,-0.15427262637222947
0.38716666666666666,-0.45033088830116985
0.38725,-0.3984032775547586
0.3873333333333333,-0.26793161962705236
0.3874166666666667,-0.3114900297434971
0.3875,-0.2406913613617247
0.38758333333333334,-0.08675506081326387
0.38766666666666666,0.10974251313591331
0.38775,0.11344966165055952
0.3878333333333333,0.09817393245341002
0.3879166666666667,0.08888981953662185
0.388,0.08540897213792649
0.38808333333333334,0.3993558012348737
0.38816666666666666,0.5172087394907015
0.38825,0.3715036147919192
0.3883333333333333,0.5636793675666706
0.3884166666666667,0.7138367400928634
0.3885,0.6366209523244563
0.38858333333333334,0.5023683255315361
0.38866666666666666,0.16874791098744127
0.38875,0.21583439885937103
0.3888333333333333,0.41792520454307414
0.3889166666666667,0.39199938533578776
0.389,0.4207900319204834
0.38908333333333334,0.010485360949784838
0.38916666666666666,-0.1126725108993773
0.38925,-0.08336057484783554
0.3893333333333333,-0.6083871752706094
0.3894166666666667,-0.44196521427757923
0.3895,-0.1570788649005016
0.38958333333333334,-0.15436428370660799
0.38966666666666666,0.11279899404635842
0.38975,0.0015685525740267079
0.3898333333333333,-0.12143610989540488
0.3899166666666667,-0.19650036970559828
0.39,-0.37660558829721147
0.39008333333333334,-0.24918840890104704
0.39016666666666666,-0.048172999528408186
0.39025,0.20234933275988232
0.3903333333333333,0.09366559572999564
0.3904166666666667,-0.14843011437732595
0.3905,0.057561182891084035
0.39058333333333334,-0.03132994582613192
0.39066666666666666,-0.07187010579976374
0.39075,0.1444274864784581
0.3908333333333333,0.1629517559969957
0.3909166666666667,0.2048814614857222
0.391,-0.07154652539825013
0.39108333333333334,-0.31362130641572367
0.39116666666666666,-0.3584088561476633
0.39125,-0.6097421502544125
0.3913333333333333,-0.46361468220085467
0.3914166666666667,-0.2299164836980269
0.3915,-0.368644556480767
0.39158333333333334,-0.2805512932079201
0.39166666666666666,-0.2306974614027806
0.39175,-0.40683014205933976
0.3918333333333333,-0.47714273173991717
0.3919166666666667,-0.47323086178034635
0.392,-0.09746615871684546
0.39208333333333334,0.13324967593703468
0.39216666666666666,-0.10746491388284155
0.39225,-0.029438117841838897
0.3923333333333333,0.14760540235314645
0.3924166666666667,0.004030315358280973
0.3925,-0.19525411443149626
0.39258333333333334,-0.24944128716261812
0.39266666666666666,-0.10970288191638901
0.39275,0.0400514037654191
0.3928333333333333,-0.15466976476219724
0.3929166666666667,-0.10193514809348285
0.393,0.200354861425169
0.39308333333333334,-0.11537658755962553
0.39316666666666666,0.071505319725581
0.39325,0.40116170101718635
0.3933333333333333,-0.13850323248169324
0.3934166666666667,0.022944895088531224
0.3935,0.3297235676933039
0.39358333333333334,0.060627579977105626
0.39366666666666666,0.22517409278509556
0.39375,0.07464895693824977
0.3938333333333333,-0.17934147450339155
0.3939166666666667,0.1486652133549259
0.394,-0.015104043303547194
0.39408333333333334,-0.03883958688093588
0.39416666666666667,0.35008528332902644
0.39425,0.04716034285823461
0.3943333333333333,-0.1838294520778047
0.3944166666666667,-0.1448009169900591
0.3945,-0.10920734482095713
0.39458333333333334,-0.10555734387175775
0.39466666666666667,-0.3101757545719544
0.39475,-0.05653719655458348
0.3948333333333333,0.024250153707914904
0.3949166666666667,-0.1425581696049373
0.395,0.09746775190453562
0.39508333333333334,0.07213688380690045
0.39516666666666667,0.044040109949639465
0.39525,0.12005686449563252
0.3953333333333333,0.05142599810041459
0.3954166666666667,-0.030117463604526624
0.3955,-0.09598386678445582
0.39558333333333334,0.14325411716844916
0.39566666666666667,-0.0005658366749728148
0.39575,-0.31067002150180756
0.3958333333333333,0.0906801032277539
0.39591666666666664,0.06987909450150898
0.396,-0.2064258894863104
0.39608333333333334,0.23823949076585726
0.39616666666666667,0.4307254246468932
0.39625,0.04916195354343539
0.3963333333333333,-0.1310176401704336
0.39641666666666664,0.03655097821112744
0.3965,-0.32112018941707343
0.39658333333333334,-0.5787282006281178
0.39666666666666667,0.2238610648347655
0.39675,0.1412804426978519
0.3968333333333333,-0.14554323306354805
0.39691666666666664,0.27931337457924355
0.397,-0.271591759544946
0.39708333333333334,-0.2888953279879547
0.39716666666666667,-0.01675876062223587
0.39725,-0.3766159630720121
0.3973333333333333,0.05390967199731145
0.39741666666666664,0.2223135704578218
0.3975,0.015676695937628257
0.39758333333333334,0.12641254275655944
0.39766666666666667,-0.023728080728200526
0.39775,-0.14798142084743887
0.3978333333333333,0.08439967256934335
0.39791666666666664,0.2602649723028904
0.398,0.3777997295447199
0.39808333333333334,0.6893342851936503
0.39816666666666667,0.679633214089922
0.39825,0.5767368947254099
0.3983333333333333,0.2784676214351449
0.39841666666666664,-0.11443929786385937
0.3985,0.06543298514370388
0.39858333333333335,0.016690965563872263
0.39866666666666667,0.05031865407449279
0.39875,0.1426233748493356
0.3988333333333333,0.08797988654513232
0.39891666666666664,0.37689353463399144
0.399,0.18443259206939505
0.39908333333333335,0.017704412294273813
0.39916666666666667,0.1473436902160568
0.39925,0.1666060338978952
0.3993333333333333,0.3108825398116127
0.39941666666666664,0.060821057552466064
0.3995,-0.2468127115255097
0.39958333333333335,-0.2574938148351048
0.39966666666666667,-0.19396130741923706
0.39975,-0.0635669439450508
0.3998333333333333,-0.2815970915880817
0.39991666666666664,-0.4378650596098522
0.4,-0.051840864995285355
0.40008333333333335,0.10546495055281811
0.40016666666666667,0.03165779448193983
0.40025,0.2590896803091375
0.4003333333333333,0.22842860100512574
0.40041666666666664,-0.19318155403049092
0.4005,-0.15244626419888516
0.40058333333333335,0.011642435582296096
0.40066666666666667,-0.25982538785462705
0.40075,0.08057114082833593
0.4008333333333333,0.2828625170358005
0.40091666666666664,-0.3346148623954262
0.401,-0.16067195798897116
0.40108333333333335,-0.006746929015766124
0.40116666666666667,-0.14311401886699324
0.40125,0.24629518182450344
0.4013333333333333,0.11252838718194735
0.40141666666666664,0.07058677011159067
0.4015,0.3662143911131709
0.40158333333333335,0.12874872749797783
0.40166666666666667,-0.04658204893522312
0.40175,-0.09181894084100392
0.4018333333333333,-0.027617107684854647
0.40191666666666664,0.15253866429751414
0.402,0.016740143601856584
0.40208333333333335,0.2043823896032289
0.4021666666666667,0.30415080560016694
0.40225,-0.18581145785137937
0.4023333333333333,-0.01030390825364739
0.40241666666666664,-0.10333131274510318
0.4025,-0.6277284287351714
0.40258333333333335,-0.19716989835076612
0.4026666666666667,-0.10295960494314603
0.40275,0.04435104892947714
0.4028333333333333,0.4058526008017288
0.40291666666666665,-0.053521352816824234
0.403,-0.046161506040470264
0.40308333333333335,-0.14177215125168058
0.4031666666666667,-0.31276750628954103
0.40325,0.1036553237621401
0.4033333333333333,-0.06269444596925036
0.40341666666666665,-0.07977973559440438
0.4035,-0.01899998595554781
0.40358333333333335,-0.19341444400473135
0.4036666666666667,0.1437036275521912
0.40375,-0.0772904197382392
0.4038333333333333,-0.30431629977120633
0.40391666666666665,0.28192683144937447
0.404,0.132273137356909
0.40408333333333335,-0.04493335730594279
0.4041666666666667,0.35719735833510785
0.40425,-0.0254879286459578
0.4043333333333333,-0.2847698057825844
0.40441666666666665,-0.11865650296546443
0.4045,-0.32517367231624045
0.40458333333333335,-0.3620746035119053
0.4046666666666667,-0.4337074019706871
0.40475,-0.2672501306155518
0.4048333333333333,0.13168536237183157
0.40491666666666665,-0.058072803835691925
0.405,0.008817504688709458
0.40508333333333335,0.24481314798100057
0.4051666666666667,-0.016786573759071263
0.40525,0.03806946676441642
0.4053333333333333,0.4242379422992273
0.40541666666666665,0.36508519701422193
0.4055,0.13036557413999017
0.40558333333333335,0.333478124382254
0.4056666666666667,0.27803658513771107
0.40575,-0.03236151126304223
0.4058333333333333,0.14927635869113481
0.40591666666666665,0.14268101781293124
0.406,0.24084885725253558
0.40608333333333335,0.5870023156243933
0.4061666666666667,0.39100744691345524
0.40625,0.3503889162039587
0.4063333333333333,0.16258788031199395
0.40641666666666665,-0.38584868944238937
0.4065,-0.3161362509574841
0.40658333333333335,-0.22454868917181406
0.4066666666666667,-0.16124593158743722
0.40675,0.2237217579126853
0.4068333333333333,0.23896193680317498
0.40691666666666665,0.050832572411892436
0.407,-0.04721515060537749
0.40708333333333335,-0.11830595752441345
0.4071666666666667,-0.12205528882319133
0.40725,-0.21813969370530606
0.4073333333333333,-0.2731586510312082
0.40741666666666665,0.034066710780248165
0.4075,0.39152681595913613
0.40758333333333335,0.263505389902753
0.4076666666666667,0.09557627056065027
0.40775,0.01980956560701654
0.4078333333333333,-0.08704789417506249
0.40791666666666665,0.08632295230954738
0.408,-0.09047469655953652
0.40808333333333335,-0.15233275849581895
0.4081666666666667,0.45455057839172486
0.40825,0.5696480257463352
0.4083333333333333,0.14764708205538274
0.40841666666666665,-0.26936807875726193
0.4085,-0.3609796816620111
0.40858333333333335,-0.2534125844201412
0.4086666666666667,-0.39024547346997857
0.40875,-0.4456587918091552
0.4088333333333333,-0.4897811497927589
0.40891666666666665,-0.43614534835379476
0.409,-0.22940635693804717
0.40908333333333335,-0.386997966868328
0.4091666666666667,-0.5138668540498537
0.40925,-0.31106634456549953
0.4093333333333333,-0.053673433815385856
0.40941666666666665,0.056038907547766144
0.4095,-0.1059192804624845
0.40958333333333335,-0.16663372715265362
0.4096666666666667,0.15533433527384521
0.40975,0.24219914566795422
0.4098333333333333,-0.06696002342808428
0.40991666666666665,0.14425413489454894
0.41,0.536013690527073
0.41008333333333336,0.47465769490230986
0.4101666666666667,0.33928516425190197
0.41025,0.016356810567551103
0.4103333333333333,-0.08153514028627092
0.41041666666666665,0.11287489252493034
0.4105,0.0687023781134721
0.41058333333333336,0.2578677603567551
0.4106666666666667,0.2944621708736578
0.41075,-0.04165568717474151
0.41083333333333333,-0.07394563231841839
0.41091666666666665,-0.21613766473117368
0.411,-0.3029391068858722
0.41108333333333336,-0.03584792993516752
0.4111666666666667,-0.13768071842063842
0.41125,-0.17921505350389422
0.41133333333333333,0.07781278931426444
0.41141666666666665,0.2626231914785925
0.4115,0.5460439270169155
0.41158333333333336,0.3844987613025247
0.4116666666666667,0.12588254300066815
0.41175,0.20409239000834067
0.41183333333333333,0.02632005643727675
0.41191666666666665,-0.008876998500882994
0.412,0.04402447935784054
0.41208333333333336,0.12201812293775768
0.4121666666666667,0.3865488008843591
0.41225,0.3087016339459822
0.41233333333333333,0.29932254818177767
0.41241666666666665,0.390910462120439
0.4125,0.13059287857457905
0.41258333333333336,-0.023879841771293563
0.4126666666666667,-0.10024268337222957
0.41275,-0.1529195929574964
0.41283333333333333,0.03337633154591378
0.41291666666666665,0.005058539912375505
0.413,-0.03315612232013178
0.41308333333333336,0.07223740849819316
0.4131666666666667,-0.15210267696925855
0.41325,-0.4616103429466073
0.41333333333333333,-0.5296650004742478
0.41341666666666665,-0.45760325025371973
0.4135,-0.535845692708419
0.41358333333333336,-0.32621700593453673
0.4136666666666667,-0.1379146494713352
0.41375,-0.33643290044469837
0.41383333333333333,0.06514703962320217
0.41391666666666665,0.2077467228886301
0.414,0.020323120386555555
0.41408333333333336,-0.012860635877639299
0.4141666666666667,-0.4295203667531894
0.41425,-0.2893302873646084
0.41433333333333333,-0.17231899838832487
0.41441666666666666,-0.16733743241314605
0.4145,0.3277739261263475
0.41458333333333336,0.32413178551170074
0.4146666666666667,0.3810014075744331
0.41475,0.2856482282258232
0.41483333333333333,-0.14735293612064496
0.41491666666666666,-0.06846280564030104
0.415,-0.20868887946398335
0.41508333333333336,-0.23332675631562175
0.4151666666666667,0.15180605644536047
0.41525,0.09243391802291187
0.41533333333333333,0.07827444760459401
0.41541666666666666,0.32931050840931814
0.4155,0.2037862383822629
0.41558333333333336,0.004528358904048673
0.4156666666666667,-0.13367670778544577
0.41575,-0.4325202748688929
0.41583333333333333,-0.39672442457853857
0.41591666666666666,-0.31616522516157064
0.416,-0.3614180728707863
0.41608333333333336,-0.1228137059959899
0.4161666666666667,0.18310854345889618
0.41625,0.40185956242750337
0.41633333333333333,0.2760626468056086
0.41641666666666666,0.05203312022741904
0.4165,-0.2081197234438592
0.41658333333333336,-0.5670073929153181
0.4166666666666667,-0.43121472738013034
0.41675,-0.2651575309708995
0.41683333333333333,-0.21647271866208986
0.41691666666666666,0.12758174543027145
0.417,0.36018093497663006
0.4170833333333333,0.2492240094126362
0.4171666666666667,-0.0262655748153003
0.41725,-0.21178581642644242
0.41733333333333333,-0.3182519119601627
0.41741666666666666,-0.41386209920788336
0.4175,-0.2645458909102042
0.4175833333333333,0.04612504134138589
0.4176666666666667,0.1520595505077611
0.41775,0.4115248659895379
0.41783333333333333,0.6990715952040142
0.41791666666666666,0.35617002532352304
0.418,0.1887124964901895
0.4180833333333333,0.2502115313232732
0.4181666666666667,0.024586617489202343
0.41825,0.1624107923386622
0.41833333333333333,0.31144959023306107
0.41841666666666666,0.2809033162121372
0.4185,0.2948767181406832
0.4185833333333333,-0.020665487907306046
0.4186666666666667,-0.17210802974335493
0.41875,-0.31905902146888226
0.41883333333333334,-0.6178226358959124
0.41891666666666666,-0.2845493307771616
0.419,0.0015794535394772497
0.4190833333333333,-0.11017511859482099
0.4191666666666667,0.10149515453464891
0.41925,0.4131992269429637
0.41933333333333334,0.29548765381839137
0.41941666666666666,0.024997458809373055
0.4195,0.05046733855417387
0.4195833333333333,-0.06244343861581488
0.4196666666666667,-0.2224345223689572
0.41975,-0.12581404475568841
0.41983333333333334,-0.16056569758202446
0.41991666666666666,-0.15573654023660172
0.42,-0.29157287708621876
0.4200833333333333,-0.3313056336495541
0.4201666666666667,0.06715747600829014
0.42025,-0.059257470921295664
0.42033333333333334,-0.1570379869264275
0.42041666666666666,0.2980645137291659
0.4205,0.23122787712064335
0.4205833333333333,-0.044445329540732194
0.4206666666666667,-0.169154711206111
0.42075,-0.27544031909665223
0.42083333333333334,-0.14897754821737422
0.42091666666666666,-0.15313356450908158
0.421,-0.04509313142746697
0.4210833333333333,0.19819221479816335
0.4211666666666667,0.1941147076307612
0.42125,0.16946384851941934
0.42133333333333334,-0.13929855403394803
0.42141666666666666,-0.33781654658841603
0.4215,-0.07330293410195436
0.4215833333333333,-0.06448245998627877
0.4216666666666667,-0.016157061631803974
0.42175,0.183697528084604
0.42183333333333334,-0.03542135348302141
0.42191666666666666,-0.08321117963693425
0.422,-0.011377985727319531
0.4220833333333333,-0.3037545973153022
0.4221666666666667,-0.21866884588745672
0.42225,-0.0687122337450129
0.42233333333333334,-0.11931570295194321
0.42241666666666666,0.046416296437610326
0.4225,-0.195064720686303
0.4225833333333333,-0.2698895305284518
0.4226666666666667,0.05124210170704274
0.42275,-0.014835538211929915
0.42283333333333334,0.1965354632692063
0.42291666666666666,0.4103171383989312
0.423,0.35836086188347194
0.4230833333333333,0.622532528407189
0.4231666666666667,0.5962606594315394
0.42325,0.3307002970867243
0.42333333333333334,0.36337491344769624
0.42341666666666666,0.4930972431084395
0.4235,0.5366007040686219
0.4235833333333333,0.5820601439927688
0.4236666666666667,0.5072364161442019
0.42375,0.22583452546125254
0.42383333333333334,0.11962639294502252
0.42391666666666666,0.01769963354597788
0.424,0.0005227859183796331
0.4240833333333333,0.17535782455651888
0.4241666666666667,0.17743723881134862
0.42425,0.28194702573875075
0.42433333333333334,0.2901892878431028
0.42441666666666666,0.09244022991299382
0.4245,-0.10811293169150743
0.4245833333333333,-0.3262554198584087
0.4246666666666667,-0.29135475854896553
0.42475,-0.31134025650719266
0.42483333333333334,-0.29375700622079925
0.42491666666666666,-0.11693176120036786
0.425,-0.3073490343315587
0.4250833333333333,-0.42021363508569576
0.4251666666666667,-0.4663975344191958
0.42525,-0.6291553117028268
0.42533333333333334,-0.4573722891624565
0.42541666666666667,-0.43942368311381896
0.4255,-0.1794951151792801
0.4255833333333333,0.3104012006127036
0.4256666666666667,0.11092381353819884
0.42575,0.17205982345878107
0.42583333333333334,0.0641107610129397
0.42591666666666667,-0.3013232416046057
0.426,-0.09159767306525474
0.4260833333333333,-0.4273926744559762
0.4261666666666667,-0.335667574780807
0.42625,-0.09481492065413924
0.42633333333333334,-0.47595318898918426
0.42641666666666667,-0.015792840910269244
0.4265,-0.2852205301998364
0.4265833333333333,-0.6802527277863779
0.4266666666666667,-0.2475619809997332
0.42675,-0.5766869365857018
0.42683333333333334,-0.43510456962240485
0.42691666666666667,-0.25520645918236995
0.427,-0.15392103906093724
0.4270833333333333,0.2836947110904625
0.42716666666666664,-0.10607206734615646
0.42725,0.13561002172932538
0.42733333333333334,0.1623553645651306
0.42741666666666667,-0.28271227384969133
0.4275,0.22836569751214844
0.4275833333333333,-0.14772484775890754
0.42766666666666664,-0.3405071005160789
0.42775,0.2500152498949955
0.42783333333333334,0.19999997966669902
0.42791666666666667,0.412513117126391
0.428,0.3912414832382362
0.4280833333333333,0.28390256977097383
0.42816666666666664,0.47509156414288445
0.42825,0.30572450723009
0.42833333333333334,0.3743362983370163
0.42841666666666667,0.2511457165138049
0.4285,0.028950097591106685
0.4285833333333333,0.15977589801821251
0.42866666666666664,0.17137418932444215
0.42875,0.16162234774310869
0.42883333333333334,0.04910096729281293
0.42891666666666667,0.16376106746132502
0.429,0.13396936167327703
0.4290833333333333,-0.00925524868875263
0.42916666666666664,0.3683249232863736
0.42925,0.31683746847429123
0.42933333333333334,0.38177630005734087
0.42941666666666667,0.53713718044401
0.4295,0.14613531811904978
0.4295833333333333,0.38609994069910786
0.42966666666666664,0.44863713646014325
0.42975,0.1431509080468712
0.42983333333333335,0.2737747090226184
0.42991666666666667,0.13413166872143895
0.43,0.1719434704667199
0.4300833333333333,0.12754540641886436
0.43016666666666664,-0.33504490445999585
0.43025,-0.31193305493904283
0.43033333333333335,-0.3787240238047986
0.43041666666666667,-0.6341850411521681
0.4305,-0.5494191849624523
0.4305833333333333,-0.39711244208751384
0.43066666666666664,-0.3072786397971671
0.43075,-0.1678447439498082
0.43083333333333335,-0.04154277084939912
0.43091666666666667,-0.34113486923390246
0.431,-0.38300411313690286
0.4310833333333333,-0.1857773257160391
0.43116666666666664,-0.46799095527369294
0.43125,-0.2883450158851942
0.43133333333333335,-0.13799184648065108
0.43141666666666667,-0.01848319706170564
0.4315,0.4307471282523847
0.4315833333333333,-0.08860058887975633
0.43166666666666664,0.052291116511238855
0.43175,0.5982880402202694
0.43183333333333335,-0.016725830196295526
0.43191666666666667,0.27952635643940327
0.432,0.5062540152811907
0.4320833333333333,0.1354157510215211
0.43216666666666664,0.6994345824377768
0.43225,0.6363600902581845
0.43233333333333335,0.17846183571137528
0.43241666666666667,0.2396455470466121
0.4325,0.07790458431002718
0.4325833333333333,-0.005910791999962279
0.43266666666666664,-0.095359614767861
0.43275,-0.18988420274162
0.43283333333333335,-0.08154261462263288
0.43291666666666667,-0.21336570619187797
0.433,-0.4290103519048031
0.4330833333333333,-0.6083620170851265
0.43316666666666664,-0.5636685767533898
0.43325,-0.15578578415836547
0.43333333333333335,-0.02024153188658457
0.4334166666666667,-0.11214778936050075
0.4335,0.04133344989466533
0.4335833333333333,0.40677709849283533
0.43366666666666664,0.33586804752855054
0.43375,-0.23730399415778244
0.43383333333333335,-0.4284250171867098
0.4339166666666667,-0.38585086825325987
0.434,-0.21086728706938115
0.4340833333333333,0.09140072492762528
0.43416666666666665,0.07343710723984952
0.43425,0.03988559372381776
0.43433333333333335,0.1040630254858075
0.4344166666666667,0.25660875386671816
0.4345,0.3813973332674131
0.4345833333333333,0.3252783465986133
0.43466666666666665,0.4738698859391821
0.43475,0.7023046557771999
0.43483333333333335,0.42174127756584967
0.4349166666666667,-0.11434001276580813
0.435,-0.1470725784159153
0.4350833333333333,-0.044866313901802436
0.43516666666666665,-0.18301077715582506
0.43525,-0.06844970689727202
0.43533333333333335,0.135150202535754
0.4354166666666667,0.14184735951796812
0.4355,0.02174304481217942
0.4355833333333333,-0.07160043367913131
0.43566666666666665,0.092980731552069
0.43575,-0.002457060356579337
0.43583333333333335,-0.12184312534439579
0.4359166666666667,0.3801523240224774
0.436,0.44563866420160125
0.4360833333333333,0.20989379386060505
0.43616666666666665,0.22000617756328533
0.43625,-0.03070602719488337
0.43633333333333335,0.09273839743282454
0.4364166666666667,-0.03223868126304356
0.4365,-0.4149082622199497
0.4365833333333333,0.22519717482098273
0.43666666666666665,0.40450306104115963
0.43675,0.11474414255840508
0.43683333333333335,0.2969758701312255
0.4369166666666667,-0.10161004709995541
0.437,-0.3306006531218674
0.4370833333333333,-0.03791869422452789
0.43716666666666665,-0.20534619210747773
0.43725,-0.17976420300249316
0.43733333333333335,0.27769598009012014
0.4374166666666667,0.42713009836326954
0.4375,0.3772431369539907
0.4375833333333333,0.17360825153286052
0.43766666666666665,-0.2519189835918013
0.43775,-0.2666246553445968
0.43783333333333335,-0.19787696372188726
0.4379166666666667,-0.36639823310712294
0.438,-0.13144744381838197
0.4380833333333333,0.18037903114839338
0.43816666666666665,0.26925178936296595
0.43825,0.17421028220676252
0.43833333333333335,-0.38383106417127677
0.4384166666666667,-0.5779754984618947
0.4385,0.04797170480397306
0.4385833333333333,0.32183966473838893
0.43866666666666665,0.23671661516413214
0.43875,0.3511258566416591
0.43883333333333335,0.4679454327007492
0.4389166666666667,0.49204705430674517
0.439,-0.1648894851660438
0.4390833333333333,-0.7760234057481104
0.43916666666666665,-0.5170308381408752
0.43925,-0.494684199803723
0.43933333333333335,-0.6260309572047391
0.4394166666666667,-0.39687588082117836
0.4395,-0.4417878869733124
0.4395833333333333,-0.6963720269464102
0.43966666666666665,-0.47419886514367326
0.43975,-0.4385203001408345
0.43983333333333335,-0.702364632240837
0.4399166666666667,-0.2697192421296975
0.44,-0.034985621232500035
0.4400833333333333,-0.19540467976950723
0.44016666666666665,-0.1759276594833717
0.44025,-0.2196482894211736
0.44033333333333335,0.02195475747055551
0.4404166666666667,0.022771738603503434
0.4405,-0.32693500738867654
0.4405833333333333,-0.15825340118592152
0.44066666666666665,0.15523231998311837
0.44075,0.189956950046726
0.44083333333333335,0.2557875541208224
0.4409166666666667,0.368192916723866
0.441,0.421790638047934
0.4410833333333333,0.5755343999861697
0.44116666666666665,0.6575106375017336
0.44125,0.36002645877996714
0.44133333333333336,0.20211951111158122
0.4414166666666667,0.4414065362261621
0.4415,0.4066288671014601
0.4415833333333333,0.3653745403951872
0.44166666666666665,0.20347606720552472
0.44175,-0.27564298860843883
0.44183333333333336,0.025666194681247735
0.4419166666666667,0.13989130782254036
0.442,-0.20244186088832763
0.44208333333333333,0.023923318097147275
0.44216666666666665,-0.11161931599954075
0.44225,0.009276994207619493
0.44233333333333336,0.4581824971157778
0.4424166666666667,0.1862704740784941
0.4425,0.10919195321944439
0.44258333333333333,0.04165553361984923
0.44266666666666665,-0.2906628716204639
0.44275,-0.36982609620405954
0.44283333333333336,-0.48967455654764114
0.4429166666666667,-0.5667149842729818
0.443,-0.32644339112601534
0.44308333333333333,-0.11575493599442806
0.44316666666666665,-0.20350436563403376
0.44325,-0.28691869139511345
0.44333333333333336,-0.41993533605429645
0.4434166666666667,-0.28184283056197135
0.4435,0.09790329560305044
0.44358333333333333,-0.0013537249956884223
0.44366666666666665,0.06622915984401376
0.44375,0.28572654008850856
0.44383333333333336,0.36292516021294
0.4439166666666667,0.42820549145140113
0.444,0.1291776240524358
0.44408333333333333,-0.017925355200894118
0.44416666666666665,-0.020247605236848272
0.44425,-0.0778365157932102
0.44433333333333336,0.03679961290135348
0.4444166666666667,0.07379640993506645
0.4445,0.06161379869886529
0.44458333333333333,0.07851404353316314
0.44466666666666665,0.0959642814623369
0.44475,0.10073811199571263
0.44483333333333336,0.11866886203595615
0.4449166666666667,0.04628626764367813
0.445,0.013808684437457756
0.44508333333333333,0.08323982868968671
0.44516666666666665,-0.11265565635835258
0.44525,-0.2959049057852274
0.44533333333333336,-0.14065087953928285
0.4454166666666667,0.15446211938934323
0.4455,0.16808886538999854
0.44558333333333333,-0.07115789271721171
0.44566666666666666,-0.2414731426142527
0.44575,-0.28099613612860935
0.44583333333333336,-0.2421078942086101
0.4459166666666667,-0.07996392243851833
0.446,0.4715897978359403
0.44608333333333333,0.5989219761741607
0.44616666666666666,0.35109693484908544
0.44625,0.45687607072486625
0.44633333333333336,0.12898004944580324
0.4464166666666667,-0.1432419008465718
0.4465,0.06460512623278858
0.44658333333333333,0.22907789628887612
0.44666666666666666,0.2769075535089172
0.44675,-0.042652153956112444
0.44683333333333336,-0.009422039106994526
0.4469166666666667,0.23448641679555485
0.447,-0.22948054459480885
0.44708333333333333,-0.40295070630091245
0.44716666666666666,-0.043379205637503276
0.44725,0.02562040044010374
0.44733333333333336,0.22965961214258812
0.4474166666666667,0.4331353047636224
0.4475,0.2125874430881892
0.44758333333333333,0.21149545588227694
0.44766666666666666,0.1907441694930813
0.44775,-0.0666954766103478
0.44783333333333336,-0.08100281127350158
0.4479166666666667,-0.10067393118211881
0.448,0.010670646194344878
0.44808333333333333,0.29644881051834476
0.44816666666666666,0.22774328553484213
0.44825,0.08171252085277718
0.4483333333333333,0.13800609432866856
0.4484166666666667,0.1869426083594812
0.4485,0.09840845626773595
0.44858333333333333,-0.06138085676431326
0.44866666666666666,-0.06026393668550019
0.44875,-0.029227709515465217
0.4488333333333333,-0.12650347961360978
0.4489166666666667,-0.12156414193053391
0.449,-0.12177994109335885
0.44908333333333333,-0.32651994073475626
0.44916666666666666,-0.40028885799157354
0.44925,-0.30493695432002293
0.4493333333333333,-0.42510642065819065
0.4494166666666667,-0.4551306965946431
0.4495,-0.4508677609655277
0.44958333333333333,-0.7480185330525273
0.44966666666666666,-0.41277683399368204
0.44975,0.02414263110711872
0.4498333333333333,-0.15495574560296146
0.4499166666666667,0.07276765383321723
0.45,0.011572786671348518
0.45008333333333334,-0.239129711149573
0.45016666666666666,-0.07262536258427482
0.45025,-0.21541692129025178
0.4503333333333333,0.08593321721405005
0.4504166666666667,0.32467709556360125
0.4505,-0.037684974130314776
0.45058333333333334,0.02410264863327411
0.45066666666666666,-0.11718550841678899
0.45075,-0.46759443509530796
0.4508333333333333,-0.26078996186660763
0.4509166666666667,-0.13139047101478474
0.451,-0.2438350826774212
0.45108333333333334,-0.10237682161217806
0.45116666666666666,-0.17803359874028538
0.45125,-0.48004934015052225
0.4513333333333333,-0.588289806921841
0.4514166666666667,-0.7223766758278132
0.4515,-0.4138724833544322
0.45158333333333334,0.030053146704512448
0.45166666666666666,-0.028346857343904644
0.45175,0.01862550873354999
0.4518333333333333,0.21725169548057863
0.4519166666666667,0.2145625612621446
0.452,-0.09272677496639462
0.45208333333333334,-0.2721606759463115
0.45216666666666666,-0.041777751434175246
0.45225,0.037518844306444206
0.4523333333333333,-0.05120651908530514
0.4524166666666667,0.10531962992289143
0.4525,0.20742232642712893
0.45258333333333334,0.05852646001199615
0.45266666666666666,0.3046830214785924
0.45275,0.44200774526948294
0.4528333333333333,0.20375720729764907
0.4529166666666667,0.40237124441449357
0.453,0.36027239193265936
0.45308333333333334,0.2330818558663758
0.45316666666666666,0.12546797486393624
0.45325,-0.28588862279581434
0.4533333333333333,0.14465034528914997
0.4534166666666667,0.37863178962856925
0.4535,0.2254797305115009
0.45358333333333334,0.5651492104162456
0.45366666666666666,0.19986636413702213
0.45375,0.2709837677181457
0.4538333333333333,0.6744411375090951
0.4539166666666667,0.13501110934352428
0.454,0.12244802192910845
0.45408333333333334,0.1278690849187299
0.45416666666666666,-0.10412329307507293
0.45425,0.04341110236371372
0.4543333333333333,0.05770676413166822
0.4544166666666667,0.20767021499721053
0.4545,0.12841821765147454
0.45458333333333334,0.20822121833405474
0.45466666666666666,0.48538711484733954
0.45475,0.23368738957503163
0.4548333333333333,0.19970090692144238
0.4549166666666667,0.08362575685560668
0.455,0.08967672010480156
0.45508333333333334,0.2259385987649462
0.45516666666666666,0.13840939986142672
0.45525,0.4664409686715612
0.4553333333333333,-0.005858024254083595
0.4554166666666667,-0.33478431329458
0.4555,0.03148965819011006
0.45558333333333334,-0.7434795512753924
0.45566666666666666,-0.8622333139669998
0.45575,-0.351487307492952
0.4558333333333333,-0.7234494902142267
0.4559166666666667,-0.41681413166229353
0.456,0.0748206896126587
0.45608333333333334,-0.28881895573674654
0.45616666666666666,-0.38774244570610655
0.45625,-0.36625153584448167
0.4563333333333333,-0.4648075474502073
0.4564166666666667,-0.21513915216594537
0.4565,-0.044941668391893126
0.45658333333333334,0.26057453287117116
0.45666666666666667,0.36816773863958624
0.45675,-0.09132088493604193
0.4568333333333333,-0.10628737763920022
0.4569166666666667,-0.09590739170841579
0.457,-0.1478794297066469
0.45708333333333334,0.2568177967329207
0.45716666666666667,0.33194285226912507
0.45725,0.23905848686125464
0.4573333333333333,0.3124533066834218
0.4574166666666667,0.18866561542782526
0.4575,0.10560105177194043
0.45758333333333334,0.1497888571685525
0.45766666666666667,0.17373664138146425
0.45775,0.2167040280393972
0.4578333333333333,0.1345856968402323
0.4579166666666667,-0.0057833715861811364
0.458,-0.04107276440052319
0.45808333333333334,-0.07750571680971483
0.45816666666666667,0.11053584556259331
0.45825,0.2904064508128821
0.4583333333333333,0.09627602116956444
0.45841666666666664,0.22539342786645178
0.4585,0.27668951430453054
0.45858333333333334,-0.14521348650238444
0.45866666666666667,-0.11777341025353617
0.45875,0.07018803728904016
0.4588333333333333,0.2871623668579822
0.45891666666666664,0.49124686178153615
0.459,0.32565216787966395
0.45908333333333334,0.5136840005738923
0.45916666666666667,0.6154081012205022
0.45925,0.2037834928194968
0.4593333333333333,0.052627438485019835
0.45941666666666664,-0.06430013335439334
0.4595,-0.21882791162729506
0.45958333333333334,-0.04825187950137357
0.45966666666666667,0.0555292608582417
0.45975,-0.054462206541580856
0.4598333333333333,-0.013332176275511158
0.45991666666666664,0.07398800563616317
0.46,-0.10496339207628885
0.46008333333333334,-0.22602962095634094
0.46016666666666667,-0.2547141974734538
0.46025,-0.2610605325212853
0.4603333333333333,0.01135701428965141
0.46041666666666664,-0.0232107559676325
0.4605,-0.08041745935820588
0.46058333333333334,0.18350097982663302
0.46066666666666667,0.09748456995008985
0.46075,0.0883405995142526
0.4608333333333333,0.14802056096784244
0.46091666666666664,0.1710711749795707
0.461,0.2004855019489587
0.46108333333333335,-0.07200670430068004
0.46116666666666667,0.07444918596700165
0.46125,0.3199756734036375
0.4613333333333333,-0.02381290284332379
0.46141666666666664,-0.031916229389629874
0.4615,0.36390556876073776
0.46158333333333335,0.062132765405507336
0.46166666666666667,-0.31157493919510953
0.46175,-0.18587330018292875
0.4618333333333333,-0.47015214517215853
0.46191666666666664,-0.5553891730084306
0.462,-0.3279485390202649
0.46208333333333335,-0.3722005940040589
0.46216666666666667,-0.21688466484545962
0.46225,-0.2924654707164565
0.4623333333333333,-0.5002142706915754
0.46241666666666664,-0.32053770833297596
0.4625,-0.265837794257948
0.46258333333333335,-0.44179484461156965
0.46266666666666667,-0.46715370907719855
0.46275,-0.399808281055796
0.4628333333333333,-0.42739028910695565
0.46291666666666664,-0.2579411042853323
0.463,0.17149634857283513
0.46308333333333335,0.46611206255818755
0.46316666666666667,0.3575691424660429
0.46325,0.3702368092794528
0.4633333333333333,0.5874052508471898
0.46341666666666664,0.20526507136795274
0.4635,-0.05130024019099938
0.46358333333333335,0.2204343024093658
0.46366666666666667,0.11455974516841888
0.46375,0.028384570066598086
0.4638333333333333,0.2678500645523867
0.46391666666666664,0.1283572983724957
0.464,0.06690590677653704
0.46408333333333335,0.16997035725686613
0.46416666666666667,-0.362524936463101
0.46425,-0.459087274989854
0.4643333333333333,-0.16023054150413446
0.46441666666666664,-0.0983190410283822
0.4645,0.3862850456133302
0.46458333333333335,0.2043540420888903
0.4646666666666667,-0.24425276730688933
0.46475,-0.0511926773453956
0.4648333333333333,-0.15108260604059928
0.46491666666666664,-0.13242371919834806
0.465,-0.054837547123837586
0.46508333333333335,-0.05168805724953209
0.4651666666666667,0.3671846764785965
0.46525,0.5439080528856037
0.4653333333333333,0.3157843933929014
0.46541666666666665,0.12433614591400463
0.4655,0.09878009884967386
0.46558333333333335,0.18158572895355657
0.4656666666666667,0.06038655338780367
0.46575,-0.2616667458552308
0.4658333333333333,-0.1295818359878705
0.46591666666666665,0.44173181289229746
0.466,0.5272849499889192
0.46608333333333335,0.23104242253868776
0.4661666666666667,0.31768210679944636
0.46625,0.45254875433365427
0.4663333333333333,0.2788311139685843
0.46641666666666665,0.16568560007323
0.4665,-0.10274947060996914
0.46658333333333335,-0.1544443064786094
0.4666666666666667,0.3477268163089148
0.46675,0.3253479267768961
0.4668333333333333,0.09571420675696378
0.46691666666666665,0.09455094456880003
0.467,0.0002703861805072723
0.46708333333333335,0.019733794332239457
0.4671666666666667,-0.2563102698037114
0.46725,-0.38721697305160796
0.4673333333333333,0.04111825753067679
0.46741666666666665,0.4248696737139517
0.4675,0.5125498736954623
0.46758333333333335,0.12839213085047996
0.4676666666666667,-0.3222205895812198
0.46775,-0.575673357373029
0.4678333333333333,-0.8253500181908032
0.46791666666666665,-1.1044770023532429
0.468,-1.180977083542906
0.46808333333333335,-0.9695646420446332
0.4681666666666667,-0.8642872642276332
0.46825,-0.8951801180475788
0.4683333333333333,-1.2937926624466425
0.46841666666666665,-1.4253174797551726
0.4685,-0.9169917341821309
0.46858333333333335,-1.1920305502501238
0.4686666666666667,-1.3834127184313851
0.46875,-0.7022950000762583
0.4688333333333333,-0.41935040652584205
0.46891666666666665,0.05823764375480526
0.469,0.5246599397178991
0.46908333333333335,0.31136772064339324
0.4691666666666667,0.5704109855144522
0.46925,0.8282190996015645
0.4693333333333333,0.8631157126886362
0.46941666666666665,0.9638607761669091
0.4695,0.5379915901723529
0.46958333333333335,0.5709322763800537
0.4696666666666667,0.6868878384479576
0.46975,0.4739145613486868
0.4698333333333333,0.9192690317819456
0.46991666666666665,0.9121471009932387
0.47,0.7890201970079053
0.47008333333333335,1.1131902533781812
0.4701666666666667,0.7155588555862613
0.47025,0.392183396405977
0.4703333333333333,0.39833941390745137
0.47041666666666665,0.1292225063069082
0.4705,0.20220354686976377
0.47058333333333335,0.4311643851755264
0.4706666666666667,0.4241518458896319
0.47075,0.766159382273545
0.4708333333333333,1.064044735113405
0.47091666666666665,0.673175753064282
0.471,0.19336756906748834
0.47108333333333335,-0.19220005339831647
0.4711666666666667,-0.21436231890904472
0.47125,0.20687317861551094
0.4713333333333333,0.32136458424946474
0.47141666666666665,0.34470359488250724
0.4715,0.37531040128386833
0.47158333333333335,0.41035762654364716
0.4716666666666667,0.4445784302048121
0.47175,0.038782553078293
0.4718333333333333,-0.14546274964865638
0.47191666666666665,0.029300651301027596
0.472,0.1728879631510799
0.47208333333333335,0.32810062953768204
0.4721666666666667,0.30616568995829996
0.47225,0.39206321415336426
0.4723333333333333,0.3065764171577109
0.47241666666666665,-0.1157479590203801
0.4725,-0.37487622923835257
0.47258333333333336,-0.6769424201028149
0.4726666666666667,-0.6779032182081621
0.47275,-0.30497137647189354
0.4728333333333333,-0.23703566220457128
0.47291666666666665,-0.3466975661978082
0.473,-0.632890380088906
0.47308333333333336,-1.0014380786239452
0.4731666666666667,-1.070308440669379
0.47325,-1.0855925279238894
0.47333333333333333,-1.1321410771174938
0.47341666666666665,-0.9610099190617326
0.4735,-0.7677954910835203
0.47358333333333336,-0.828259424238763
0.4736666666666667,-0.4919947229466554
0.47375,-0.1523089971282309
0.47383333333333333,-0.7045398273482261
0.47391666666666665,-0.5140849160663012
0.474,0.10414814690399496
0.47408333333333336,-0.3245700302653216
0.4741666666666667,-0.5050652132535394
0.47425,-0.6443021235792955
0.47433333333333333,-0.6815181106087582
0.47441666666666665,-0.18420685493676076
0.4745,-0.440641799472371
0.47458333333333336,-0.36043957811258154
0.4746666666666667,-0.001655082379828422
0.47475,-0.3110164795760837
0.47483333333333333,0.14015335158596592
0.47491666666666665,0.3824340363011816
0.475,-0.01249810309829102
0.47508333333333336,0.21749330233954156
0.4751666666666667,0.33674840018137137
0.47525,0.4999492882012314
0.47533333333333333,0.8447874895156186
0.47541666666666665,0.6930698299718442
0.4755,0.6598990199282969
0.47558333333333336,0.6565216148417148
0.4756666666666667,0.19978339905711046
0.47575,0.11945856736418681
0.47583333333333333,0.4536460980404712
0.47591666666666665,0.35935750447939896
0.476,0.3159957329118353
0.47608333333333336,0.6794160260438211
0.4761666666666667,0.7703016373044747
0.47625,0.44319540783397077
0.47633333333333333,0.2368031351543389
0.47641666666666665,0.3900266471702609
0.4765,0.32993106488199936
0.47658333333333336,0.21603039014918124
0.4766666666666667,0.23829998770123242
0.47675,0.10028559613200383
0.47683333333333333,0.3046484998631774
0.47691666666666666,-0.02394662413408994
0.477,-0.656087913028222
0.47708333333333336,-0.5025932297853865
0.4771666666666667,-0.7532830718422421
0.47725,-0.6656125565571358
0.47733333333333333,-0.0755112577440532
0.47741666666666666,-0.09899444843317912
0.4775,-0.1171882706611155
0.47758333333333336,-0.12838452481648552
0.4776666666666667,-0.26057393783825866
0.47775,-0.6522234634757511
0.47783333333333333,-0.5658610995060819
0.47791666666666666,-0.054798130817844244
0.478,0.08916807175665122
0.47808333333333336,0.418703735209156
0.4781666666666667,0.17372407080329194
0.47825,0.01389917112557707
0.47833333333333333,0.022182450870143536
0.47841666666666666,-0.6007965107850186
0.4785,-0.4642667447848444
0.47858333333333336,-0.33273039134083815
0.4786666666666667,-0.10551471663838125
0.47875,0.3368970723869614
0.47883333333333333,0.08646925381539591
0.47891666666666666,0.33771691601579923
0.479,0.2579591048871328
0.47908333333333336,-0.20688322739869813
0.4791666666666667,-0.13573309908375542
0.47925,-0.16176395675383343
0.47933333333333333,-0.06442344574058052
0.47941666666666666,-0.19724041843359422
0.4795,-0.19161597204490927
0.4795833333333333,0.09506234509503544
0.4796666666666667,-0.19338396335213096
0.47975,-0.33979466574034545
0.47983333333333333,-0.250170288576119
0.47991666666666666,-0.04746727587699375
0.48,0.27782542542659644
0.4800833333333333,0.0342554807097512
0.4801666666666667,0.014395859067490293
0.48025,0.41973008820281343
0.48033333333333333,0.10722328075866236
0.48041666666666666,-0.18320889122853223
0.4805,0.005481504864500385
0.4805833333333333,-0.06390198791407273
0.4806666666666667,-0.07604946263679702
0.48075,0.019880732271807165
0.48083333333333333,-0.015451553694365043
0.48091666666666666,-0.07247179123617808
0.481,0.024344733930735822
0.4810833333333333,0.25239126769035186
0.4811666666666667,0.1865453992091818
0.48125,0.29978608541371377
0.48133333333333334,0.5968324410011134
0.48141666666666666,0.5996823192896075
0.4815,0.7649796414966697
0.4815833333333333,0.5618281029460153
0.4816666666666667,0.14549424675101913
0.48175,0.3032975749314837
0.48183333333333334,0.2659626186871644
0.48191666666666666,0.1638742033990349
0.482,0.10626620486205199
0.4820833333333333,0.23577432565276307
0.4821666666666667,0.7137036960537616
0.48225,0.15982986040075564
0.48233333333333334,-0.0970338336321675
0.48241666666666666,0.21836530956798653
0.4825,-0.2554002170224871
0.4825833333333333,0.2538689153774467
0.4826666666666667,0.49460455072919696
0.48275,0.020398544872327486
0.48283333333333334,0.5094219012747249
0.48291666666666666,0.2568044079881581
0.483,-0.15893423638949658
0.4830833333333333,-0.2137411444873441
0.4831666666666667,-0.9071483221523152
0.48325,-1.0954249782531993
0.48333333333333334,-0.6343348281316743
0.48341666666666666,-0.41544141968617304
0.4835,-0.38626269003022623
0.4835833333333333,-0.040134985523823476
0.4836666666666667,0.01496701144604644
0.48375,-0.3142233362655501
0.48383333333333334,-0.4238719371204528
0.48391666666666666,-0.5853313521765311
0.484,-0.40666976126484333
0.4840833333333333,-0.2646744301304934
0.4841666666666667,-0.1782660195859233
0.48425,0.1748457420593248
0.48433333333333334,-0.3241295926455235
0.48441666666666666,-0.477905666995511
0.4845,-0.0001140616834780238
0.4845833333333333,-0.34369160040511937
0.4846666666666667,-0.23115988990294967
0.48475,0.12710192932266373
0.48483333333333334,-0.02135306507989585
0.48491666666666666,0.2428006024661338
0.485,0.3350046173385931
0.4850833333333333,0.1514751770591577
0.4851666666666667,0.11021432927978278
0.48525,-0.08679621141220448
0.48533333333333334,-0.2754616931225917
0.48541666666666666,-0.20943278366627321
0.4855,-0.15623734029038633
0.4855833333333333,-0.4679690738170733
0.4856666666666667,-0.4135941564363729
0.48575,-0.061813464694791646
0.48583333333333334,-0.46049835008795964
0.48591666666666666,-0.6491496619065918
0.486,-0.3068497645039466
0.4860833333333333,-0.2267221084840362
0.4861666666666667,0.07547731340824408
0.48625,0.2806656748886244
0.48633333333333334,0.3642830808783537
0.48641666666666666,0.49781986514881654
0.4865,0.16634292657475513
0.4865833333333333,0.27104454166784436
0.4866666666666667,0.449736403206045
0.48675,0.2568705655909778
0.48683333333333334,0.7627513143549913
0.48691666666666666,0.9542604134626151
0.487,0.5164341803835513
0.4870833333333333,0.627713609242918
0.4871666666666667,0.5941122379962485
0.48725,0.11941153490801781
0.48733333333333334,0.1501354495410014
0.48741666666666666,0.4868064767184419
0.4875,0.31320731994367595
0.4875833333333333,0.17761387442301318
0.4876666666666667,0.5697791587759626
0.48775,0.39182313835281246
0.48783333333333334,0.022939495308305316
0.48791666666666667,0.1646394904460607
0.488,0.0010689710789700605
0.4880833333333333,-0.11571396264040132
0.4881666666666667,-0.22267727889420857
0.48825,-0.44658382985861605
0.48833333333333334,-0.43066127758767797
0.48841666666666667,-0.682226215387429
0.4885,-0.46062740477023933
0.4885833333333333,0.17291029946947617
0.4886666666666667,0.1098064254631092
0.48875,-0.09765619700800943
0.48883333333333334,-0.003242178589913192
0.48891666666666667,-0.05868887934474128
0.489,-0.2287997726341905
0.4890833333333333,-0.05399685878109733
0.4891666666666667,-0.08849084216657065
0.48925,-0.04774862012478736
0.48933333333333334,0.2656274439836576
0.48941666666666667,-0.04954221386197378
0.4895,-0.18222981948878691
0.4895833333333333,-0.40815660838193396
0.48966666666666664,-0.61313236365068
0.48975,-0.25224419135681514
0.48983333333333334,-0.5340059531384521
0.48991666666666667,-0.34081928076682866
0.49,0.1063503339498179
0.4900833333333333,-0.0643820649023332
0.49016666666666664,0.16262358072632582
0.49025,-0.19091995439300796
0.49033333333333334,-0.6362608596216835
0.49041666666666667,-0.1852805866724831
0.4905,0.08369973564215094
0.4905833333333333,0.1623707994787308
0.49066666666666664,0.19671405865249095
0.49075,0.0862072078746106
0.49083333333333334,0.26361052425318604
0.49091666666666667,0.5140254940765073
0.491,0.28364282082223835
0.4910833333333333,0.08809911000726396
0.49116666666666664,0.3810027735532151
0.49125,0.4762375724006706
0.49133333333333334,0.35219437029888473
0.49141666666666667,0.546750489305961
0.4915,0.6617995292850007
0.4915833333333333,0.6371767934133047
0.49166666666666664,0.8422632758558318
0.49175,0.7221355847782783
0.49183333333333334,0.5336228130588679
0.49191666666666667,0.5218676974634515
0.492,0.15870263267389945
0.4920833333333333,0.11415538707800135
0.49216666666666664,-0.13481018948690798
0.49225,-0.6035397871440411
0.49233333333333335,-0.11403486278638819
0.49241666666666667,0.06736820289163274
0.4925,-0.13268521862101934
0.4925833333333333,-0.09441909965454595
0.49266666666666664,-0.15380047631027569
0.49275,0.27665931161568275
0.49283333333333335,0.47176108699399427
0.49291666666666667,0.12486498547635042
0.493,-0.01602262208600272
0.4930833333333333,-0.17985942458059706
0.49316666666666664,-0.3316162848879238
0.49325,-0.3357676353803875
0.49333333333333335,-0.4676473631907041
0.49341666666666667,-0.7263547570383586
0.4935,-0.30052148354738206
0.4935833333333333,0.20791177594552598
0.49366666666666664,-0.14485619401054323
0.49375,-0.1604377250450871
0.49383333333333335,-0.13270251548944817
0.49391666666666667,-0.4577392220078703
0.494,-0.34838654366223476
0.4940833333333333,-0.4223856266560983
0.49416666666666664,-0.4841082430942296
0.49425,-0.173631578364029
0.49433333333333335,-0.24432858344022815
0.49441666666666667,-0.6666209914755705
0.4945,-0.8311649953320392
0.4945833333333333,-0.6672794361363529
0.49466666666666664,-0.5991242563399206
0.49475,-0.5029116790711786
0.49483333333333335,-0.2552772647997033
0.49491666666666667,0.014236720265861478
0.495,0.1230766011602828
0.4950833333333333,-0.027734069963113624
0.49516666666666664,0.1585685255918826
0.49525,0.22786426991175301
0.49533333333333335,0.1429606385255743
0.49541666666666667,0.44960354695831223
0.4955,0.20668248227569033
0.4955833333333333,0.002362514554520744
0.49566666666666664,0.2737024800290944
0.49575,0.256166120930753
0.49583333333333335,0.3500526074875549
0.4959166666666667,0.2545075664025611
0.496,0.126029648963839
0.4960833333333333,0.5087889213886224
0.49616666666666664,0.4185654469462496
0.49625,0.08714015738626787
0.49633333333333335,0.2905200412900835
0.4964166666666667,0.35305274058726166
0.4965,0.3319729112337585
0.4965833333333333,0.2934140274874776
0.49666666666666665,0.10809096648643887
0.49675,0.3180563249508552
0.49683333333333335,0.24179327206365347
0.4969166666666667,0.26392754559918474
0.497,0.6999600552546639
0.4970833333333333,0.11066230774433003
0.49716666666666665,-0.11936243789430384
0.49725,0.4549565679581945
0.49733333333333335,0.1112048338336022
0.4974166666666667,-0.14062452424568817
0.4975,0.09692581895448243
0.4975833333333333,0.11435072710439109
0.49766666666666665,0.16787749120771647
0.49775,0.1250462556952318
0.49783333333333335,0.01307888889932449
0.4979166666666667,-0.10687068614950895
0.498,-0.1920914777975241
0.4980833333333333,-0.23587661419185313
0.49816666666666665,-0.41612476768287765
0.49825,-0.40507652911680403
0.49833333333333335,-0.1970390177452583
0.4984166666666667,-0.08028030743340882
0.4985,-0.24085469233244894
0.4985833333333333,-0.5031796900403336
0.49866666666666665,-0.6005754671130965
0.49875,-0.6136973698060864
0.49883333333333335,-0.34041829698495324
0.4989166666666667,-0.1836100686239228
0.499,-0.2541592552028673
0.4990833333333333,-0.14981922496138617
0.49916666666666665,-0.12894540333159227
0.49925,-0.07180543956704392
0.49933333333333335,-0.17034713429496445
0.4994166666666667,-0.28098165461591795
0.4995,-0.0333796016960257
0.4995833333333333,0.04699210398730858
0.49966666666666665,0.15147489458007585
0.49975,0.2140770062647234
0.49983333333333335,0.10063134159276012
0.4999166666666667,0.1669884679866338
0.5,0.12379588745051476
0.5000833333333333,0.055427103467216736
0.5001666666666666,0.03173843923032631
0.50025,0.052918575903352895
0.5003333333333333,0.14689510424235028
0.5004166666666666,0.057811291131917526
0.5005,0.09579536309900251
0.5005833333333334,0.01985411907700666
0.5006666666666667,-0.19970239012399615
0.50075,0.0031711368666432057
0.5008333333333334,-0.03331404781620493
0.5009166666666667,-0.270308119739569
0.501,-0.23335417266381003
0.5010833333333333,-0.35232744399662724
0.5011666666666666,-0.24193359297050426
0.50125,0.11395079337970393
0.5013333333333333,0.0578113926137126
0.5014166666666666,-0.026405540877271674
0.5015,0.20730494578065484
0.5015833333333334,0.1941057889651186
0.5016666666666667,0.005193198825063827
0.50175,0.05764279689474117
0.5018333333333334,-0.00937682974044038
0.5019166666666667,0.14166055745593323
0.502,0.2880851621048386
0.5020833333333333,-0.042867660573282354
0.5021666666666667,0.1378608043022443
0.50225,0.156561743285641
0.5023333333333333,-0.23541777390534918
0.5024166666666666,0.099464100270371
0.5025,0.1613078331762827
0.5025833333333334,0.14667978495182496
0.5026666666666667,0.6078783476463402
0.50275,0.23053944293816503
0.5028333333333334,-0.066820643220025
0.5029166666666667,0.16843133789568426
0.503,-0.15184931823719547
0.5030833333333333,-0.07701985484874892
0.5031666666666667,0.18153204382291718
0.50325,-0.26240599468937836
0.5033333333333333,-0.029801589940137638
0.5034166666666666,0.5009486957997212
0.5035,0.03642925635031991
0.5035833333333334,-0.07954659728392491
0.5036666666666667,0.021351636141171023
0.50375,-0.33351921035492277
0.5038333333333334,-0.1939646571678142
0.5039166666666667,-0.14508714944728215
0.504,0.13158900579387794
0.5040833333333333,0.7354361000394507
0.5041666666666667,0.6576086358902686
0.50425,0.6184811819185422
0.5043333333333333,0.2902320999767399
0.5044166666666666,-0.11806035746685568
0.5045,0.14541160600775302
0.5045833333333334,0.06324002025665788
0.5046666666666667,-0.08651363557000943
0.50475,0.005091951844223885
0.5048333333333334,-0.04943931358327678
0.5049166666666667,0.07492414862117497
0.505,0.0019664877231287533
0.5050833333333333,-0.39020529016538397
0.5051666666666667,-0.5197857564396187
0.50525,-0.325017853892979
0.5053333333333333,-0.17298793156896236
0.5054166666666666,-0.19402519481031108
0.5055,-0.20208950661968939
0.5055833333333334,-0.439822044749347
0.5056666666666667,-0.43742422661209823
0.50575,0.0411795252204641
0.5058333333333334,-0.05274637442302358
0.5059166666666667,-0.15642606111431862
0.506,0.14962556605739322
0.5060833333333333,0.06942447754001484
0.5061666666666667,0.007270343450285794
0.50625,0.019551059395531468
0.5063333333333333,-0.11165947266426866
0.5064166666666666,-0.04129464914179125
0.5065,-0.01807806838749701
0.5065833333333334,0.033478651561750165
0.5066666666666667,0.22890028178321523
0.50675,0.0442501108367221
0.5068333333333334,0.05235774691183981
0.5069166666666667,0.2606200826299958
0.507,-0.31749650112473815
0.5070833333333333,-0.5531297339883224
0.5071666666666667,-0.26328988312393486
0.50725,-0.4851992534451199
0.5073333333333333,-0.39278148049475353
0.5074166666666666,-0.19763998033536453
0.5075,-0.33653016178050604
0.5075833333333334,-0.19763237854982
0.5076666666666667,-0.12293310842442721
0.50775,-0.06598663772392496
0.5078333333333334,0.1982340889537908
0.5079166666666667,0.1571540122529767
0.508,0.2695625560209359
0.5080833333333333,0.5337368258697651
0.5081666666666667,0.06070421349298155
0.50825,-0.015250307251346748
0.5083333333333333,0.3545805407235306
0.5084166666666666,0.2053804439808098
0.5085,0.4555551848181611
0.5085833333333334,0.643127139561048
0.5086666666666667,0.6102086536134286
0.50875,0.6668167025806626
0.5088333333333334,0.28901170086321093
0.5089166666666667,0.20098723372868244
0.509,0.26615111519482487
0.5090833333333333,0.09322161309562166
0.5091666666666667,0.011503818637966626
0.50925,0.04797790722322833
0.5093333333333333,-0.07445639211922397
0.5094166666666666,-0.17326766327473686
0.5095,0.06306264937129218
0.5095833333333334,-0.33770010785288157
0.5096666666666667,-0.5333528917350758
0.50975,-0.21580556704176102
0.5098333333333334,-0.5386028258539343
0.5099166666666667,-0.2989015024446483
0.51,-0.1524407607279773
0.5100833333333333,-0.49543782187420715
0.5101666666666667,-0.1218029126181942
0.51025,-0.2718446362577781
0.5103333333333333,-0.4958794969443484
0.5104166666666666,-0.08549530637773825
0.5105,-0.26399244710130665
0.5105833333333333,-0.39296642421720474
0.5106666666666667,-0.276482487135088
0.51075,-0.5084855498475953
0.5108333333333334,-0.4138754750494016
0.5109166666666667,-0.2551376589147887
0.511,-0.5086213668854509
0.5110833333333333,-0.5231626493358679
0.5111666666666667,-0.5078026194781174
0.51125,-0.7228723728730166
0.5113333333333333,-0.46380902440893707
0.5114166666666666,-0.2545629100188342
0.5115,-0.34111468252324606
0.5115833333333333,-0.039207794192121295
0.5116666666666667,-0.018012286521692233
0.51175,-0.16165814395664702
0.5118333333333334,0.1064230633868027
0.5119166666666667,-0.05908297255278813
0.512,-0.2259093280007805
0.5120833333333333,0.24982020856231213
0.5121666666666667,0.27303774568998096
0.51225,0.3136848015321048
0.5123333333333333,0.6850957510232226
0.5124166666666666,0.308004914918568
0.5125,0.0894956457251919
0.5125833333333333,0.1917423657854445
0.5126666666666667,0.26355498969637187
0.51275,0.41416807597634864
0.5128333333333334,0.32339212758423125
0.5129166666666667,0.6868576961823414
0.513,0.5744702921046428
0.5130833333333333,0.1222084899826425
0.5131666666666667,0.36869247987400167
0.51325,0.15966344205434507
0.5133333333333333,0.2878186503547325
0.5134166666666666,0.651544284343192
0.5135,0.3133789395443303
0.5135833333333333,0.15499146798719537
0.5136666666666667,0.100396387033153
0.51375,0.11088785223526523
0.5138333333333334,0.14151387777493896
0.5139166666666667,0.2551582860528714
0.514,0.36944879573390416
0.5140833333333333,0.2614089923106564
0.5141666666666667,0.3069191466749995
0.51425,0.16185739425951892
0.5143333333333333,0.27204431207690943
0.5144166666666666,0.45247685110418207
0.5145,0.3537957701619052
0.5145833333333333,0.5373348628791345
0.5146666666666667,0.28845426263072815
0.51475,0.08980240726142617
0.5148333333333334,0.20801650053252693
0.5149166666666667,0.22114131541979976
0.515,0.2733320757747762
0.5150833333333333,0.0024779563218552047
0.5151666666666667,0.13526282396838282
0.51525,0.2056958737436834
0.5153333333333333,-0.2346573119764888
0.5154166666666666,-0.17019372580762304
0.5155,-0.12345342292713973
0.5155833333333333,-0.20593587920353476
0.5156666666666667,-0.19816513435822597
0.51575,0.014960808993959658
0.5158333333333334,0.17263718460744956
0.5159166666666667,-0.2311946884067675
0.516,-0.22245381874107603
0.5160833333333333,-0.35138791955878684
0.5161666666666667,-0.5407367410351851
0.51625,-0.19345240405153113
0.5163333333333333,-0.47585412976804115
0.5164166666666666,-0.3241176799718263
0.5165,-0.1187056602957597
0.5165833333333333,-0.390981118084194
0.5166666666666667,0.1206087620284651
0.51675,0.1110467355141352
0.5168333333333334,-0.12792641033411278
0.5169166666666667,0.15356573483609942
0.517,0.17633862888400154
0.5170833333333333,0.01707424137858636
0.5171666666666667,-0.1899215926974341
0.51725,-0.005471085247836537
0.5173333333333333,0.06381879782069771
0.5174166666666666,-0.1533380030609438
0.5175,-0.03850449455797083
0.5175833333333333,-0.10497988888039589
0.5176666666666667,-0.31368899797810257
0.51775,-0.3195478737757123
0.5178333333333334,-0.45808982953678506
0.5179166666666667,-0.6789185023785136
0.518,-0.5658493520922041
0.5180833333333333,-0.316894836340272
0.5181666666666667,-0.2731733693758418
0.51825,-0.24146443901437842
0.5183333333333333,-0.1945849086922744
0.5184166666666666,-0.2480169344715283
0.5185,-0.11732560913021163
0.5185833333333333,0.00368016043445133
0.5186666666666667,-0.2080712857468719
0.51875,-0.15370650635932415
0.5188333333333334,0.05267106276363979
0.5189166666666667,0.01420781148124668
0.519,0.03135047676799641
0.5190833333333333,0.1877609330878654
0.5191666666666667,0.45143309824770567
0.51925,0.362187089792203
0.5193333333333333,0.07119024701034486
0.5194166666666666,0.05158962252955152
0.5195,0.001267750551692064
0.5195833333333333,0.12069930134321408
0.5196666666666667,0.11751094219957796
0.51975,-0.19101942971874183
0.5198333333333334,0.050561655614514096
0.5199166666666667,0.20137508823714198
0.52,-0.17205613069384879
0.5200833333333333,-0.023231017794302488
0.5201666666666667,0.1896578605832936
0.52025,-0.020696783814006796
0.5203333333333333,0.1469611454410025
0.5204166666666666,0.3460731092497564
0.5205,0.19678668956477374
0.5205833333333333,0.23833761313156235
0.5206666666666667,0.40855717419625953
0.52075,0.4248490503990779
0.5208333333333334,0.11488271682329351
0.5209166666666667,-0.021280430714261153
0.521,0.35491907425776714
0.5210833333333333,0.43080838790737114
0.5211666666666667,0.4765774398848959
0.52125,0.4125383354172999
0.5213333333333333,0.025501808030660815
0.5214166666666666,0.2873002130161278
0.5215,0.21103042115720008
0.5215833333333333,-0.06737830581961293
0.5216666666666666,0.2830931571503518
0.52175,0.05572572932929779
0.5218333333333334,0.043837623409686804
0.5219166666666667,0.2533199546089695
0.522,-0.3108238864182988
0.5220833333333333,-0.582459665980049
0.5221666666666667,-0.399857751407533
0.52225,-0.23559981397714796
0.5223333333333333,-0.20912503922855824
0.5224166666666666,-0.23473422531771132
0.5225,-0.3794539415661269
0.5225833333333333,-0.4246154559589479
0.5226666666666666,-0.24841387369555154
0.52275,-0.7008296325078018
0.5228333333333334,-0.7630600295224639
0.5229166666666667,-0.41211714551373885
0.523,-0.5324984806032066
0.5230833333333333,-0.09266270123683878
0.5231666666666667,0.06140529876653172
0.52325,-0.10470707510657776
0.5233333333333333,-0.08828481191994071
0.5234166666666666,-0.653652934042476
0.5235,-0.6236216090545971
0.5235833333333333,-0.2275656652610279
0.5236666666666666,-0.13957298696613957
0.52375,0.40079892282833873
0.5238333333333334,0.3702655454900009
0.5239166666666667,-0.12669594892615688
0.524,0.11105957893243192
0.5240833333333333,0.13469660394978483
0.5241666666666667,-0.0715301940933041
0.52425,0.04910983075467976
0.5243333333333333,-0.06902268059012684
0.5244166666666666,0.29584131982243717
0.5245,0.8879695751120882
0.5245833333333333,0.7551550856683178
0.5246666666666666,0.5626551659975563
0.52475,0.2417922727664956
0.5248333333333334,0.28460933612392786
0.5249166666666667,0.6192069918874094
0.525,0.32787698468055565
0.5250833333333333,0.5438363302661784
0.5251666666666667,0.7574067982127941
0.52525,0.49662816870991405
0.5253333333333333,0.8291945816517288
0.5254166666666666,0.8073048694253804
0.5255,0.45622023987459037
0.5255833333333333,0.5372442040049761
0.5256666666666666,0.5730730485160551
0.52575,0.5227380278968324
0.5258333333333334,0.39084884619976185
0.5259166666666667,0.40117879928511957
0.526,0.6050757611555128
0.5260833333333333,0.300393876017369
0.5261666666666667,-0.18492486865691837
0.52625,-0.17878072270399145
0.5263333333333333,-0.014214254702352198
0.5264166666666666,0.04311575639910118
0.5265,-0.02986654736086839
0.5265833333333333,-0.04486866887159489
0.5266666666666666,-0.17565308366824692
0.52675,-0.41572113816100553
0.5268333333333334,-0.16010153089028664
0.5269166666666667,-0.0962129387457138
0.527,-0.1241263621236377
0.5270833333333333,0.16902984470801358
0.5271666666666667,0.06514327957660238
0.52725,0.03790785702738457
0.5273333333333333,-0.005462435117227591
0.5274166666666666,-0.23271149325330065
0.5275,-0.5501141840457715
0.5275833333333333,-0.7838003566875288
0.5276666666666666,-0.2952432222428427
0.52775,-0.23765464140485332
0.5278333333333334,-0.04854519066196273
0.5279166666666667,0.35853451566420613
0.528,-0.2120866279633961
0.5280833333333333,-0.1947929162976027
0.5281666666666667,-0.4675707959804954
0.52825,-1.111963652245177
0.5283333333333333,-0.7367849530560207
0.5284166666666666,-0.5723649170466861
0.5285,-0.4579132156721518
0.5285833333333333,-0.6217442217481373
0.5286666666666666,-0.7029555577853814
0.52875,-0.4268848550319327
0.5288333333333334,-0.8961719184323071
0.5289166666666667,-0.7045151981921285
0.529,-0.4319125158225393
0.5290833333333333,-0.5428243314517551
0.5291666666666667,0.0905995375121397
0.52925,0.07487537628108043
0.5293333333333333,-0.08351107406860868
0.5294166666666666,-0.16229338681142372
0.5295,-0.6921785549408972
0.5295833333333333,-0.4521519538067539
0.5296666666666666,-0.13315203137452825
0.52975,0.12906835183062515
0.5298333333333334,0.37057551198985333
0.5299166666666667,-0.0339956806297201
0.53,-0.1743814338621006
0.5300833333333334,-0.09830033132033905
0.5301666666666667,0.06884076697341292
0.53025,0.23481289090117652
0.5303333333333333,0.1804551114904501
0.5304166666666666,0.4425296831844263
0.5305,0.6077686560025328
0.5305833333333333,0.6055635055813168
0.5306666666666666,0.45715844271423295
0.53075,0.2577803763377269
0.5308333333333334,0.44901052605382663
0.5309166666666667,0.4014660205349691
0.531,0.3805241417884555
0.5310833333333334,0.32164491374199183
0.5311666666666667,-0.12962083591590384
0.53125,0.06169934359861875
0.5313333333333333,0.3004395233221492
0.5314166666666666,0.07770503461212937
0.5315,0.1342573502320374
0.5315833333333333,0.1816345265117491
0.5316666666666666,0.2629130778240986
0.53175,0.37625939380473555
0.5318333333333334,0.19138965317724088
0.5319166666666667,0.08498578317863462
0.532,0.09525571690956779
0.5320833333333334,0.15358803043551109
0.5321666666666667,0.22807920515215452
0.53225,0.24038987361973269
0.5323333333333333,0.17889631955365004
0.5324166666666666,-0.056521350487054145
0.5325,0.020589095526500248
0.5325833333333333,0.08850265983858753
0.5326666666666666,-0.15368290495296574
0.53275,-0.06459294792007741
0.5328333333333334,-0.028639696079993664
0.5329166666666667,0.22895396057545436
0.533,0.4690350184370319
0.5330833333333334,0.05259823140401395
0.5331666666666667,0.20589342708218142
0.53325,0.32118826579790904
0.5333333333333333,0.025223799299666727
0.5334166666666667,0.045754592730650155
0.5335,-0.28791958482963026
0.5335833333333333,-0.3478840729235127
0.5336666666666666,-0.35505979167729995
0.53375,-0.5471565206471776
0.5338333333333334,-0.13148002868431924
0.5339166666666667,-0.29986408745335125
0.534,-0.4790843258641967
0.5340833333333334,-0.061587613879243115
0.5341666666666667,-0.15471346050069257
0.53425,-0.33152893872275546
0.5343333333333333,-0.49097617354769774
0.5344166666666667,-0.31056361724076953
0.5345,0.07751151427891032
0.5345833333333333,-0.12126515841454373
0.5346666666666666,-0.26581769665913363
0.53475,-0.21397481959966533
0.5348333333333334,-0.17124783320275297
0.5349166666666667,-0.3846887283688759
0.535,-0.40561259567145536
0.5350833333333334,-0.06412947612397815
0.5351666666666667,-0.25420389056999715
0.53525,-0.09427602563894553
0.5353333333333333,0.08966627675243295
0.5354166666666667,-0.0753895695166083
0.5355,0.10777485052765161
0.5355833333333333,-0.1620831312792033
0.5356666666666666,0.08714330410178599
0.53575,0.517939290764187
0.5358333333333334,0.21459909065770894
0.5359166666666667,0.5220666919314548
0.536,0.5902809826166094
0.5360833333333334,0.04794707844495149
0.5361666666666667,-0.16893960872678204
0.53625,-0.04337132124021788
0.5363333333333333,-0.14872694725041455
0.5364166666666667,-0.515773383587162
0.5365,-0.19654039365807713
0.5365833333333333,-0.006301681036861508
0.5366666666666666,-0.2025177785923462
0.53675,-0.2215205522030333
0.5368333333333334,-0.28296192331583747
0.5369166666666667,0.16170727494731424
0.537,0.41317487329836605
0.5370833333333334,0.16023295377491092
0.5371666666666667,0.2191792995133166
0.53725,0.16220133487991314
0.5373333333333333,-0.013668351223306898
0.5374166666666667,-0.08067310820570169
0.5375,-0.14232050734630186
0.5375833333333333,0.02364141867746567
0.5376666666666666,0.29361778583698167
0.53775,0.47994400917138735
0.5378333333333334,0.5463488363317629
0.5379166666666667,0.5763515359674449
0.538,0.5573616186036948
0.5380833333333334,0.2426390851959895
0.5381666666666667,0.028544539169030762
0.53825,-0.06352458342958507
0.5383333333333333,-0.33282750939677386
0.5384166666666667,-0.25487082128939587
0.5385,-0.23381781776787547
0.5385833333333333,-0.5747388432595173
0.5386666666666666,-0.41668043669150434
0.53875,-0.3980041382391828
0.5388333333333334,-0.8015494615303776
0.5389166666666667,-0.5915588598476883
0.539,-0.4707726556634003
0.5390833333333334,-0.4718372448778664
0.5391666666666667,-0.12308370480122674
0.53925,-0.30460938845269425
0.5393333333333333,-0.26217842101000755
0.5394166666666667,0.07461767612673374
0.5395,-0.08807778170655206
0.5395833333333333,-0.0540560236613011
0.5396666666666666,-0.20111780367998833
0.53975,-0.33392992180912234
0.5398333333333334,-0.03025660174013023
0.5399166666666667,-0.014806102849219177
0.54,0.25709174136851043
0.5400833333333334,0.3590198728871724
0.5401666666666667,-0.06618159221200873
0.54025,-0.11777744170750887
0.5403333333333333,-0.19905771216771817
0.5404166666666667,-0.2721015173287155
0.5405,-0.28029177378318326
0.5405833333333333,-0.23624386487730786
0.5406666666666666,0.1315316259256871
0.54075,0.22357323064588497
0.5408333333333334,0.2372384457029276
0.5409166666666667,0.2914877649315075
0.541,0.13021809186061953
0.5410833333333334,0.08093770053656135
0.5411666666666667,0.15192079166094893
0.54125,0.10896496259332394
0.5413333333333333,-0.11186960288944245
0.5414166666666667,-0.2183699935251583
0.5415,-0.12256897206508538
0.5415833333333333,0.05327878308558414
0.5416666666666666,0.16508249333595928
0.54175,0.24087060780047587
0.5418333333333333,0.4652957227177278
0.5419166666666667,0.47573915023995067
0.542,0.3468923635951674
0.5420833333333334,0.3234663192916628
0.5421666666666667,0.20506023635417875
0.54225,0.12337813637296934
0.5423333333333333,0.13769340513189476
0.5424166666666667,0.12405583970669576
0.5425,0.13788616190022507
0.5425833333333333,0.33411817607977834
0.5426666666666666,0.3686513274555717
0.54275,0.1437169492224094
0.5428333333333333,0.2213026732502446
0.5429166666666667,0.2877213430020227
0.543,0.1541068372094774
0.5430833333333334,0.21291922039221475
0.5431666666666667,0.22183185034375943
0.54325,0.16574487778265595
0.5433333333333333,0.24064580194189122
0.5434166666666667,0.39988638679209154
0.5435,0.4747917211111677
0.5435833333333333,0.232718917877088
0.5436666666666666,0.16535438951183876
0.54375,0.23034729023772843
0.5438333333333333,-0.06951962918223022
0.5439166666666667,0.03184193698996246
0.544,0.15396288186689328
0.5440833333333334,-0.3327094741538272
0.5441666666666667,-0.3160605544921937
0.54425,-0.26075358958637984
0.5443333333333333,-0.43326891263049366
0.5444166666666667,0.0018907523792397174
0.5445,0.007623989150490825
0.5445833333333333,-0.14140325048893884
0.5446666666666666,0.10423077830582547
0.54475,-0.1918269102082727
0.5448333333333333,-0.2374926212569317
0.5449166666666667,-0.12260786530181994
0.545,-0.325132638812434
0.5450833333333334,-0.13058612725451707
0.5451666666666667,-0.1598166164525754
0.54525,-0.40748687252563626
0.5453333333333333,-0.5458708208446446
0.5454166666666667,-0.6092896193582975
0.5455,-0.20786998557371614
0.5455833333333333,-0.07940940955567301
0.5456666666666666,-0.2246291322147524
0.54575,0.08985442502762055
0.5458333333333333,0.1246210474139389
0.5459166666666667,-0.2190357500907413
0.546,-0.12476601364392886
0.5460833333333334,-0.24620563596863657
0.5461666666666667,-0.4558702403035972
0.54625,0.04537492422845659
0.5463333333333333,0.1459162050655232
0.5464166666666667,0.2348281932076716
0.5465,0.5692565756968813
0.5465833333333333,0.33641142712917393
0.5466666666666666,0.4041213179765557
0.54675,0.19505994981953945
0.5468333333333333,-0.19277322789878906
0.5469166666666667,0.2528781490309651
0.547,0.6942978300302995
0.5470833333333334,0.7630087359793732
0.5471666666666667,0.46239268418129775
0.54725,0.11913218749884198
0.5473333333333333,-0.15583842137445852
0.5474166666666667,-0.3838017354755072
0.5475,-0.474280458337154
0.5475833333333333,-0.400666689781608
0.5476666666666666,0.19455040847601013
0.54775,0.23660174003790807
0.5478333333333333,-0.01925730838764577
0.5479166666666667,0.10515783191320041
0.548,-0.40372375738224475
0.5480833333333334,-0.6355518130193434
0.5481666666666667,-0.45050638137948124
0.54825,-0.38166518920111536
0.5483333333333333,-0.03554486978739444
0.5484166666666667,0.03228413904541962
0.5485,0.2276300481863387
0.5485833333333333,0.34838240709080925
0.5486666666666666,-0.05036210989842981
0.54875,0.16413600526007047
0.5488333333333333,0.5401587246009261
0.5489166666666667,0.48244103781261344
0.549,0.3977867489871268
0.5490833333333334,0.409581872192168
0.5491666666666667,0.5132775241939466
0.54925,0.012020121565156422
0.5493333333333333,-0.41139980419429456
0.5494166666666667,-0.12307573991063737
0.5495,-0.05180990524388282
0.5495833333333333,0.1725895308128692
0.5496666666666666,0.3277565654300918
0.54975,0.09827897012252107
0.5498333333333333,0.07718137054367835
0.5499166666666667,-0.034707839761740925
0.55,-0.031661061364258385
0.5500833333333334,-0.11525870902515545
0.5501666666666667,-0.40613458647073764
0.55025,-0.25703208581419423
0.5503333333333333,-0.04655648721717414
0.5504166666666667,-0.13898816349944032
0.5505,-0.46062340424752785
0.5505833333333333,-0.2972397019129346
0.5506666666666666,0.2597693333532373
0.55075,0.3184339424770349
0.5508333333333333,0.38011034904659985
0.5509166666666667,0.4339093780326464
0.551,0.4155161744474825
0.5510833333333334,0.4637202287741913
0.5511666666666667,0.30928688346786637
0.55125,0.32603367224250207
0.5513333333333333,0.32005691318396073
0.5514166666666667,0.3547821374807292
0.5515,0.38760138198458965
0.5515833333333333,0.16092444843370315
0.5516666666666666,0.3417028592263499
0.55175,0.4633633503924026
0.5518333333333333,0.22858498778361205
0.5519166666666667,0.18794325484448332
0.552,-0.03868923261200057
0.5520833333333334,-0.5335795083130213
0.5521666666666667,-0.5954090351881423
0.55225,-0.2448447619691254
0.5523333333333333,-0.33681833000163186
0.5524166666666667,-0.3696096694325507
0.5525,0.025723555808451266
0.5525833333333333,-0.1475985154862356
0.5526666666666666,-0.33658815561788596
0.55275,-0.34626150386185467
0.5528333333333333,-0.5032380272873387
0.5529166666666666,-0.1771699765315699
0.553,-0.03423917921789548
0.5530833333333334,-0.1211806774429921
0.5531666666666667,-0.136952341847528
0.55325,-0.34439260364284946
0.5533333333333333,-0.06466777480737224
0.5534166666666667,-0.19790828286350115
0.5535,-0.8352344728285945
0.5535833333333333,-0.5668581451957894
0.5536666666666666,-0.31556294280990027
0.55375,-0.1413431904122689
0.5538333333333333,0.22215381993689073
0.5539166666666666,-0.11740040925020236
0.554,-0.2435965441526778
0.5540833333333334,-0.10239381076303411
0.5541666666666667,-0.40504692188314156
0.55425,-0.32178120023563905
0.5543333333333333,-0.21996950840075674
0.5544166666666667,-0.315663362527884
0.5545,0.08019442308162555
0.5545833333333333,0.24935727409303038
0.5546666666666666,0.03381238247752598
0.55475,-0.08211737283566545
0.5548333333333333,0.10120722111375169
0.5549166666666666,0.32241278483770724
0.555,0.024216946890007453
0.5550833333333334,0.05177674373573867
0.5551666666666667,0.3776845050294384
0.55525,0.2913804604347868
0.5553333333333333,0.25922006312993906
0.5554166666666667,0.24290842030510434
0.5555,0.21765197638215175
0.5555833333333333,0.4080879832270757
0.5556666666666666,0.49565461266316435
0.55575,0.26509668804470354
0.5558333333333333,0.2408287029478568
0.5559166666666666,0.27369920722741203
0.556,0.10282748085307925
0.5560833333333334,0.22982027834840651
0.5561666666666667,-0.007680298837754591
0.55625,-0.18892745341303996
0.5563333333333333,0.1117258797584146
0.5564166666666667,-0.014291293261941543
0.5565,-0.05039294657698553
0.5565833333333333,-0.10702127225258073
0.5566666666666666,-0.17051987289559434
0.55675,-0.1547758825787301
0.5568333333333333,-0.4846741341968734
0.5569166666666666,-0.5694014864377019
0.557,-0.5877468045239114
0.5570833333333334,-0.30987210563266154
0.5571666666666667,-0.023906935088747958
0.55725,-0.40730756958165504
0.5573333333333333,-0.5550459842451481
0.5574166666666667,-0.34825773864671394
0.5575,-0.114538298678477
0.5575833333333333,-0.32471109823365835
0.5576666666666666,-0.5862415281761701
0.55775,-0.04038982129090219
0.5578333333333333,0.30922753546921333
0.5579166666666666,0.17883554221181536
0.558,0.1218505706463734
0.5580833333333334,0.060857933544341374
0.5581666666666667,-0.058795172328799376
0.55825,-0.09181670352639237
0.5583333333333333,0.2390412778460717
0.5584166666666667,0.2715298482279138
0.5585,0.04281712387593161
0.5585833333333333,0.4389199916718828
0.5586666666666666,0.56915457715161
0.55875,0.32375953098682436
0.5588333333333333,0.36743496327088676
0.5589166666666666,0.17193722055227212
0.559,0.0757316519970957
0.5590833333333334,0.2925934631491252
0.5591666666666667,0.4629648426259251
0.55925,0.518486986806692
0.5593333333333333,0.30852000867925683
0.5594166666666667,0.22502622545099574
0.5595,0.07408929229714106
0.5595833333333333,-0.158045509722004
0.5596666666666666,0.0020819136560901686
0.55975,-0.04766775542530995
0.5598333333333333,0.01563198817162946
0.5599166666666666,0.2506902428513391
0.56,-0.09536127878942069
0.5600833333333334,-0.3290598093335569
0.5601666666666667,-0.25528693451395806
0.56025,-0.023696109546286516
0.5603333333333333,0.23381137629499257
0.5604166666666667,0.17824876688487573
0.5605,0.2501100238533759
0.5605833333333333,0.28488062735261904
0.5606666666666666,0.3079054146734904
0.56075,0.35428279413801866
0.5608333333333333,0.1682019851023056
0.5609166666666666,0.1807242344161398
0.561,0.0555266717580275
0.5610833333333334,-0.004527927602782631
0.5611666666666667,0.21495683115949082
0.56125,0.12541341387059135
0.5613333333333334,0.13242435592840576
0.5614166666666667,0.04696346144769857
0.5615,-0.15293938565377838
0.5615833333333333,-0.10194487964978977
0.5616666666666666,-0.27671089642764785
0.56175,-0.21858051312579901
0.5618333333333333,-0.05977793178571408
0.5619166666666666,-0.33030800631039947
0.562,-0.36075418811804716
0.5620833333333334,-0.3579136648404231
0.5621666666666667,-0.3676235000042707
0.56225,-0.2546924672004136
0.5623333333333334,-0.3949558058427554
0.5624166666666667,-0.11442211623256983
0.5625,0.11047285033175365
0.5625833333333333,-0.17903183479296508
0.5626666666666666,-0.055479915319114885
0.56275,-0.09850762704644889
0.5628333333333333,-0.24002274386739839
0.5629166666666666,-0.06128592661802878
0.563,-0.030066080496537133
0.5630833333333334,0.17226727664829972
0.5631666666666667,0.17678269656289777
0.56325,0.027801424326206158
0.5633333333333334,-0.08262364297965114
0.5634166666666667,-0.2887643538343586
0.5635,-0.10901157530936872
0.5635833333333333,-0.22941671908099157
0.5636666666666666,-0.20690096673999864
0.56375,0.019697697171902877
0.5638333333333333,-0.2626968266923164
0.5639166666666666,0.2694548488176456
0.564,0.30040947064353385
0.5640833333333334,-0.33555239950098453
0.5641666666666667,-0.026092893332395933
0.56425,-0.22773414703825193
0.5643333333333334,-0.0017064013079243431
0.5644166666666667,0.5780779900650432
0.5645,0.07806556730553654
0.5645833333333333,0.12564251093081844
0.5646666666666667,0.17542476702788373
0.56475,-0.0736045260620709
0.5648333333333333,0.12355154025382425
0.5649166666666666,-0.012488157874849951
0.565,0.026808379785880635
0.5650833333333334,0.22847900791117964
0.5651666666666667,0.062264137242998195
0.56525,0.19313810532784373
0.5653333333333334,0.2501330342869308
0.5654166666666667,-0.34502048984384726
0.5655,-0.601705240963309
0.5655833333333333,-0.5012409634091495
0.5656666666666667,-0.7600555249286355
0.56575,-0.375656328376478
0.5658333333333333,0.14827191879214913
0.5659166666666666,-0.2991688309121868
0.566,-0.29974996639770357
0.5660833333333334,-0.10023156900830715
0.5661666666666667,-0.6875487925774744
0.56625,-0.7318029320251489
0.5663333333333334,-0.2859588852346486
0.5664166666666667,-0.4293995073034039
0.5665,-0.39038881775452
0.5665833333333333,0.0766343192729394
0.5666666666666667,0.027313133223336332
0.56675,-0.2514498779318366
0.5668333333333333,-0.27821649628091993
0.5669166666666666,-0.2105741437404022
0.567,0.08187016014310806
0.5670833333333334,0.22500355918698958
0.5671666666666667,0.11810710799647539
0.56725,0.4403232768901563
0.5673333333333334,0.7063781001338685
0.5674166666666667,0.20472172791072413
0.5675,-0.103555954226456
0.5675833333333333,0.24785384128080706
0.5676666666666667,0.22133665861388407
0.56775,0.07389184144882087
0.5678333333333333,0.4659664407564945
0.5679166666666666,0.5892927356215993
0.568,0.2906067058963381
0.5680833333333334,0.25480671154475176
0.5681666666666667,0.5411561346853669
0.56825,0.4678225097542573
0.5683333333333334,0.07789795958589989
0.5684166666666667,0.3169321058158433
0.5685,0.5452395344894505
0.5685833333333333,0.38165551651059676
0.5686666666666667,0.47586139346783685
0.56875,0.1254667394065072
0.5688333333333333,-0.33687830647491623
0.5689166666666666,-0.11505225934854096
0.569,-0.02724986884474842
0.5690833333333334,-0.1602865027904632
0.5691666666666667,-0.06916694007309855
0.56925,0.13464599698548171
0.5693333333333334,0.27310619472322784
0.5694166666666667,0.15798275894223918
0.5695,0.13377264206479794
0.5695833333333333,0.041525145186454636
0.5696666666666667,-0.36776439827136614
0.56975,-0.10908497418831994
0.5698333333333333,-0.00993686821940216
0.5699166666666666,-0.3324403032878884
0.57,0.15956438124438815
0.5700833333333334,0.10412509179796994
0.5701666666666667,-0.08659602153484718
0.57025,0.19276185270097274
0.5703333333333334,-0.1522142918876429
0.5704166666666667,0.07721827143384494
0.5705,0.3171041987710451
0.5705833333333333,-0.05549426517733528
0.5706666666666667,0.12330861274405185
0.57075,0.3635690371361394
0.5708333333333333,0.3179545931557321
0.5709166666666666,0.05597625544336365
0.571,0.06028395773677074
0.5710833333333334,0.25288012309587327
0.5711666666666667,-0.12428900442819937
0.57125,-0.1697060214563034
0.5713333333333334,0.111911087428828
0.5714166666666667,-0.04731872254160101
0.5715,-0.003233687742151916
0.5715833333333333,0.27078428800475735
0.5716666666666667,0.3472402133313919
0.57175,0.07805868525822925
0.5718333333333333,-0.1459612983203512
0.5719166666666666,0.05942059259198644
0.572,-0.15242340141479396
0.5720833333333334,-0.3085293170927025
0.5721666666666667,-0.15446457347111908
0.57225,-0.3519057048045097
0.5723333333333334,-0.22202289646176926
0.5724166666666667,-0.2617468380858159
0.5725,-0.3762033862284151
0.5725833333333333,-0.19461539620119375
0.5726666666666667,-0.34003834069317407
0.57275,-0.19519740096121105
0.5728333333333333,-0.2520519360260226
0.5729166666666666,-0.44203914109118136
0.573,-0.09152102030812354
0.5730833333333333,-0.12150572639269261
0.5731666666666667,-0.14897442259713298
0.57325,-0.10507121760361374
0.5733333333333334,-0.3117586572390979
0.5734166666666667,-0.060559486993944166
0.5735,0.12385026566484228
0.5735833333333333,0.1541962185921933
0.5736666666666667,0.28053810586638267
0.57375,0.018079979550963562
0.5738333333333333,-0.03438283164107863
0.5739166666666666,0.09035839659146327
0.574,-0.0845350248821429
0.5740833333333333,-0.06893641406163031
0.5741666666666667,-0.03711054109176031
0.57425,-0.021995947187755154
0.5743333333333334,0.06524806906734687
0.5744166666666667,0.0836229188653891
0.5745,0.40137058865327185
0.5745833333333333,0.24888478408858825
0.5746666666666667,-0.2971379678914973
0.57475,0.0004396379400647192
0.5748333333333333,0.26606530592114275
0.5749166666666666,0.11870513452530068
0.575,0.19096076509291526
0.5750833333333333,0.17764532953260587
0.5751666666666667,0.062209916056258856
0.57525,-0.12502733009512068
0.5753333333333334,-0.2171691534068713
0.5754166666666667,-0.11585755379805329
0.5755,-0.2620666010686858
0.5755833333333333,-0.20266617675734971
0.5756666666666667,0.213281867260125
0.57575,0.38453374341801516
0.5758333333333333,0.34794968578991714
0.5759166666666666,0.20432254323481233
0.576,0.17796991381852165
0.5760833333333333,0.1926673572856314
0.5761666666666667,-0.023257031417690206
0.57625,-0.1229612308846287
0.5763333333333334,0.03253299967502755
0.5764166666666667,0.1592058027437122
0.5765,0.1008169160525229
0.5765833333333333,0.19851674278332992
0.5766666666666667,0.17011203709343747
0.57675,-0.21309290655149468
0.5768333333333333,-0.011972280068838161
0.5769166666666666,0.24856419705616006
0.577,0.039324348246739256
0.5770833333333333,0.059305685304980954
0.5771666666666667,-0.09319280660311201
0.57725,-0.06853985458068619
0.5773333333333334,0.1383178370227261
0.5774166666666667,-0.373661032079193
0.5775,-0.37798875775814866
0.5775833333333333,-0.05883845790242794
0.5776666666666667,-0.5057701655512397
0.57775,-0.5493983185507295
0.5778333333333333,-0.5506553188397414
0.5779166666666666,-0.6636481080301153
0.578,-0.22835543055671792
0.5780833333333333,-0.286084806114873
0.5781666666666667,-0.0713752231550629
0.57825,0.1681607947994212
0.5783333333333334,-0.3505343866039413
0.5784166666666667,0.024641735522149093
0.5785,0.08161005717070362
0.5785833333333333,-0.23485355153281853
0.5786666666666667,0.17566557127408253
0.57875,-0.008928070290609583
0.5788333333333333,0.10341280976760933
0.5789166666666666,0.28421753693213797
0.579,0.1767354680679472
0.5790833333333333,0.37692711781858274
0.5791666666666667,-0.169161376728385
0.57925,-0.04525932245687244
0.5793333333333334,0.49752266523952504
0.5794166666666667,0.4230640830712456
0.5795,0.7191034371450702
0.5795833333333333,0.3057962520318363
0.5796666666666667,0.16722201717495505
0.57975,0.5898348552728302
0.5798333333333333,0.1018004215070476
0.5799166666666666,-0.004856494655131293
0.58,0.026321689635577194
0.5800833333333333,0.02914578019968169
0.5801666666666667,0.598855455574961
0.58025,0.6036808857121517
0.5803333333333334,0.18567434506318956
0.5804166666666667,0.025616118414909128
0.5805,-0.07915162799945072
0.5805833333333333,-0.3200924745148577
0.5806666666666667,-0.43146266948952783
0.58075,-0.005065380274360689
0.5808333333333333,0.3660889533658664
0.5809166666666666,0.4005576083299073
0.581,0.5555941338176635
0.5810833333333333,0.2502926657552458
0.5811666666666667,-0.08484859098358054
0.58125,0.16337483981809056
0.5813333333333334,-0.01409135735047254
0.5814166666666667,-0.06831408401500476
0.5815,0.09958842716487067
0.5815833333333333,0.10824079416239732
0.5816666666666667,0.2786658291665784
0.58175,-0.2859817690218881
0.5818333333333333,-0.5943433637417681
0.5819166666666666,-0.20883876031928603
0.582,-0.19389862152038798
0.5820833333333333,0.15811757601315268
0.5821666666666667,0.31946211964367976
0.58225,-0.06399723423210751
0.5823333333333334,-0.05998446303162213
0.5824166666666667,-0.13911083883105663
0.5825,-0.7682966519748088
0.5825833333333333,-1.0961121487506782
0.5826666666666667,-0.6807807213843758
0.58275,-0.3467155269571197
0.5828333333333333,-0.20979341114985317
0.5829166666666666,-0.17317014514877713
0.583,-0.33921684495236704
0.5830833333333333,-0.0974949247013166
0.5831666666666667,0.009742448968074654
0.58325,-0.34378550748010384
0.5833333333333334,-0.3503361975869802
0.5834166666666667,-0.1842229841802502
0.5835,0.15667123025336016
0.5835833333333333,0.5623900452894028
0.5836666666666667,0.36925542277718415
0.58375,0.049132730512924216
0.5838333333333333,-0.05475999295162497
0.5839166666666666,-0.08602622011834678
0.584,-0.02113202973351226
0.5840833333333333,-0.1871752986734968
0.5841666666666666,-0.2213272855094955
0.58425,0.14854504113068173
0.5843333333333334,0.0687871985164415
0.5844166666666667,-0.3091040739110684
0.5845,-0.23613591929865
0.5845833333333333,-0.16443695671852937
0.5846666666666667,-0.2276571952188868
0.58475,-0.016702870882724995
0.5848333333333333,0.04590845855593159
0.5849166666666666,0.02068868252586508
0.585,0.3020965345807969
0.5850833333333333,0.22483055906236632
0.5851666666666666,-0.22622248608669937
0.58525,-0.42128914392464806
0.5853333333333334,-0.31460831250489407
0.5854166666666667,-0.02382718447003225
0.5855,-0.03538992711623128
0.5855833333333333,0.06529548262537152
0.5856666666666667,0.5630547860784405
0.58575,0.33560891523498715
0.5858333333333333,0.05093457217281026
0.5859166666666666,0.2787581455535853
0.586,0.303821562279299
0.5860833333333333,0.41081914192738783
0.5861666666666666,0.3445033338045505
0.58625,0.06578171864807447
0.5863333333333334,-0.03807217741247605
0.5864166666666667,0.04263435557468248
0.5865,0.21832015237475014
0.5865833333333333,0.07904354688565851
0.5866666666666667,-0.1895465551201188
0.58675,-0.27637120520930697
0.5868333333333333,0.19277105541018041
0.5869166666666666,0.3711534795008387
0.587,-0.021500656720308563
0.5870833333333333,0.32136574771698945
0.5871666666666666,0.19614791763515801
0.58725,-0.0989047313420857
0.5873333333333334,0.16183095185407165
0.5874166666666667,-0.13900925244038503
0.5875,0.08101463403942184
0.5875833333333333,0.151241054775119
0.5876666666666667,-0.05495187847785419
0.58775,0.4095835783748481
0.5878333333333333,-0.05419965018023876
0.5879166666666666,-0.4056227120807752
0.588,0.02659081356707827
0.5880833333333333,-0.08247081361018453
0.5881666666666666,0.033621175450082204
0.58825,0.4148519750133069
0.5883333333333334,0.28929463997079685
0.5884166666666667,0.0552183403520755
0.5885,0.18517951454390935
0.5885833333333333,0.04710956115272412
0.5886666666666667,-0.506174241846392
0.58875,-0.37657396743865
0.5888333333333333,-0.057264768986982136
0.5889166666666666,-0.07446744061049067
0.589,0.11381605685555571
0.5890833333333333,-0.09761034273089574
0.5891666666666666,-0.46634006830072244
0.58925,-0.37890630532573916
0.5893333333333334,-0.3383801348929945
0.5894166666666667,-0.25276082965033203
0.5895,-0.23775630994842947
0.5895833333333333,-0.26062495813443576
0.5896666666666667,0.11375314098636981
0.58975,0.3046008387689146
0.5898333333333333,0.054302338333799965
0.5899166666666666,0.00948821400267049
0.59,0.21530324245982418
0.5900833333333333,0.1503547741079056
0.5901666666666666,0.22869957364413077
0.59025,0.4553457999441357
0.5903333333333334,0.22949580474903108
0.5904166666666667,0.06954955511789544
0.5905,-0.22347172675507757
0.5905833333333333,-0.6003374112422578
0.5906666666666667,-0.5190606107650063
0.59075,-0.7199468693455854
0.5908333333333333,-0.5983144009998834
0.5909166666666666,0.02927517497838273
0.591,-0.05412949496603622
0.5910833333333333,5.7471062287451895e-05
0.5911666666666666,0.139848473137282
0.59125,-0.54679775385695
0.5913333333333334,-0.5607961839766027
0.5914166666666667,0.14441332303511661
0.5915,0.27114389232694686
0.5915833333333333,0.4148805158826204
0.5916666666666667,0.5419493003641815
0.59175,0.2965213165766797
0.5918333333333333,0.453892545121261
0.5919166666666666,0.41539302906811254
0.592,-0.19373901358057022
0.5920833333333333,-0.055822655018321614
0.5921666666666666,0.4815958712686987
0.59225,0.8318393543468422
0.5923333333333334,1.3370120794435898
0.5924166666666667,1.0863470933575092
0.5925,0.3965100482834625
0.5925833333333334,0.09842203638219972
0.5926666666666667,-0.17103545258467198
0.59275,-0.1612103235126998
0.5928333333333333,-0.289875482596729
0.5929166666666666,-0.39426276099799595
0.593,0.008176086975922847
0.5930833333333333,-0.1250166040602687
0.5931666666666666,-0.32400764810295607
0.59325,-0.1338455303943996
0.5933333333333334,-0.4371010754354324
0.5934166666666667,-0.8061937678994603
0.5935,-0.5339496594033103
0.5935833333333334,-0.09059848715267989
0.5936666666666667,-0.2918832866502293
0.59375,-0.3707389679133375
0.5938333333333333,0.05095836007487382
0.5939166666666666,-0.27234275991777424
0.594,-0.3538878725235338
0.5940833333333333,-0.03308426443182254
0.5941666666666666,-0.3425439333042524
0.59425,-0.026463389505527825
0.5943333333333334,0.09627730237174997
0.5944166666666667,-0.22929597655373804
0.5945,0.07672120034891991
0.5945833333333334,-0.223909010150764
0.5946666666666667,-0.335335195455178
0.59475,-0.046854740080666236
0.5948333333333333,-0.26164179676815685
0.5949166666666666,-0.02732942018971436
0.595,0.008248124250143275
0.5950833333333333,-0.05323882365687294
0.5951666666666666,0.32894525906988065
0.59525,0.21038781871907092
0.5953333333333334,0.035959269845291235
0.5954166666666667,0.23338973162083462
0.5955,0.3129846692836696
0.5955833333333334,0.16146743194838536
0.5956666666666667,0.3923236001469608
0.59575,0.6461898828254111
0.5958333333333333,0.2868576028797596
0.5959166666666667,0.3625544644412808
0.596,0.4721488264746253
0.5960833333333333,0.12725686535376698
0.5961666666666666,-0.040305663706274114
0.59625,-0.22670344244907853
0.5963333333333334,0.03415227290627606
0.5964166666666667,0.2766392359183882
0.5965,-0.0879272919046199
0.5965833333333334,-0.155442570024237
0.5966666666666667,-0.055106745994579556
0.59675,-0.2673286030100783
0.5968333333333333,-0.4650695176845955
0.5969166666666667,-0.30293436434870064
0.597,-0.2674957979234269
0.5970833333333333,-0.37927925303255
0.5971666666666666,-0.14301596135431968
0.59725,-0.1703692605215761
0.5973333333333334,-0.27906356747778827
0.5974166666666667,-0.09867840821204531
0.5975,-0.010913945718023961
0.5975833333333334,0.10991750693978983
0.5976666666666667,0.05782090304761528
0.59775,-0.022852545853220642
0.5978333333333333,0.13115342016778045
0.5979166666666667,0.20081561869145348
0.598,0.10446195995499856
0.5980833333333333,-0.09255928157565096
0.5981666666666666,-0.010121105983448854
0.59825,0.016918088086966012
0.5983333333333334,-0.1556690393417917
0.5984166666666667,0.14247968628811275
0.5985,0.30476017197620586
0.5985833333333334,0.08278092352677936
0.5986666666666667,-0.011019904609955685
0.59875,-0.012132215949305232
0.5988333333333333,0.06823754692586875
0.5989166666666667,-0.005177473376358839
0.599,-0.10872083274200911
0.5990833333333333,0.05217504764373924
0.5991666666666666,0.04020461352448923
0.59925,-0.12988965199531452
0.5993333333333334,-0.0762300528342755
0.5994166666666667,-0.05069560321640813
0.5995,-0.12016234529906272
0.5995833333333334,-0.10785320658937017
0.5996666666666667,0.08814371577729968
0.59975,0.3722863346341273
0.5998333333333333,0.3612205110138251
0.5999166666666667,0.14851780554664284
0.6,0.052863992793315655
0.6000833333333333,0.13268387510950755
0.6001666666666666,-0.017509492762072476
0.60025,-0.14426906418129065
0.6003333333333334,0.17366280197389872
0.6004166666666667,0.26885205809591606
0.6005,0.2197848724006685
0.6005833333333334,-0.17484708639644364
0.6006666666666667,-0.6761119239016786
0.60075,-0.4097387900838096
0.6008333333333333,-0.441766612304234
0.6009166666666667,-0.658229492227852
0.601,-0.3794181973296824
0.6010833333333333,-0.40622942088297503
0.6011666666666666,-0.5694991556766295
0.60125,-0.47091002383100994
0.6013333333333334,-0.628358479068443
0.6014166666666667,-0.9231573458746829
0.6015,-0.715465971206236
0.6015833333333334,-0.3876362254654616
0.6016666666666667,-0.21292642078695
0.60175,-0.23530314960821858
0.6018333333333333,-0.24183322855104417
0.6019166666666667,0.14429578401526474
0.602,0.18433423070932722
0.6020833333333333,0.22365732091516904
0.6021666666666666,0.48091978284638703
0.60225,0.2870363893134369
0.6023333333333334,0.22771630618307404
0.6024166666666667,0.39145721367421427
0.6025,0.594751685123632
0.6025833333333334,0.7699947067364676
0.6026666666666667,0.5641165501890734
0.60275,0.44558743793606254
0.6028333333333333,0.6489020668294099
0.6029166666666667,0.5190261608165354
0.603,0.11882447304370487
0.6030833333333333,0.05222974021127557
0.6031666666666666,0.14147058185021974
0.60325,0.18481185610980896
0.6033333333333334,0.022820838904579796
0.6034166666666667,-0.3466676704970502
0.6035,-0.26059352453055623
0.6035833333333334,0.008089209745600788
0.6036666666666667,0.06155078009506943
0.60375,0.4513881751391835
0.6038333333333333,0.5392716737075823
0.6039166666666667,0.26893061919559363
0.604,0.7440814784473851
0.6040833333333333,0.8035947954435361
0.6041666666666666,0.49199743597947987
0.60425,0.8920707011886136
0.6043333333333333,0.954422193726883
0.6044166666666667,1.1580790476729697
0.6045,1.2708981256357244
0.6045833333333334,0.7820628016333017
0.6046666666666667,0.7971328816035568
0.60475,0.4608597749048936
0.6048333333333333,0.09236724469074242
0.6049166666666667,0.3274242692201142
0.605,0.40131585362670563
0.6050833333333333,0.3614437335983759
0.6051666666666666,0.09509989544091198
0.60525,-0.10027746079778752
0.6053333333333333,-0.32374503640344077
0.6054166666666667,-0.5946597489190255
0.6055,-0.7472777794392413
0.6055833333333334,-0.8710315534701646
0.6056666666666667,-0.5068791342835817
0.60575,-0.3451022963330475
0.6058333333333333,-0.32386447657423856
0.6059166666666667,-0.1494355999208552
0.606,-0.6200390121335851
0.6060833333333333,-0.985780456577394
0.6061666666666666,-0.9013864170606123
0.60625,-1.2220454209922147
0.6063333333333333,-1.4255760393277823
0.6064166666666667,-0.8697429099964887
0.6065,-0.4288233973835191
0.6065833333333334,-0.2878514176326692
0.6066666666666667,-0.3906655039494626
0.60675,-0.8248157712419808
0.6068333333333333,-0.608177446005507
0.6069166666666667,-0.4549162075851012
0.607,-0.5764225418107654
0.6070833333333333,-0.06696655775635199
0.6071666666666666,-0.1265650647867513
0.60725,-0.40825394773791635
0.6073333333333333,-0.21923851747243284
0.6074166666666667,-0.5979837143987565
0.6075,-0.9012731522772582
0.6075833333333334,-0.6149225303968903
0.6076666666666667,-0.3723575170479939
0.60775,0.09661226051594382
0.6078333333333333,0.5145646245086322
0.6079166666666667,0.39988247550336203
0.608,0.5520841208386884
0.6080833333333333,0.589293285224352
0.6081666666666666,0.1884431057209715
0.60825,0.31060056914010803
0.6083333333333333,0.26835984446327743
0.6084166666666667,0.12498138332104275
0.6085,0.33143478533945125
0.6085833333333334,-0.02277038797337893
0.6086666666666667,-0.04014060759498541
0.60875,0.4807852383638259
0.6088333333333333,0.5408119941649623
0.6089166666666667,0.5813729618204017
0.609,0.8428741954352765
0.6090833333333333,0.9752680599269924
0.6091666666666666,0.7433014581274894
0.60925,0.7784994734946598
0.6093333333333333,0.9982338716352637
0.6094166666666667,0.6999967016087487
0.6095,0.44189754445827506
0.6095833333333334,0.062147520418140756
0.6096666666666667,-0.10753678953085576
0.60975,0.13634172247277163
0.6098333333333333,0.07717373249400894
0.6099166666666667,0.27529032823883814
0.61,0.11122210625200775
0.6100833333333333,-0.2973798222344054
0.6101666666666666,-0.45561025575347347
0.61025,-0.7615884772441843
0.6103333333333333,-0.11226680652962853
0.6104166666666667,-0.15079340059041185
0.6105,-0.8080480267736233
0.6105833333333334,0.034060992028977506
0.6106666666666667,0.12297844246809779
0.61075,-0.324809246323888
0.6108333333333333,-0.02573746916292604
0.6109166666666667,-0.1546515143706978
0.611,-0.5529042835308022
0.6110833333333333,-0.5789729374127537
0.6111666666666666,-0.24609824203710212
0.61125,-0.474848206993726
0.6113333333333333,-0.7402762841991397
0.6114166666666667,-0.1135395109540182
0.6115,0.31608723017804236
0.6115833333333334,0.1298152038081264
0.6116666666666667,-0.17370751946192742
0.61175,-0.05285690182426104
0.6118333333333333,0.06401108336424519
0.6119166666666667,-0.4926386168439877
0.612,-0.8110861137588239
0.6120833333333333,-0.6032906753366176
0.6121666666666666,-0.4515044247206236
0.61225,-0.40745493430206486
0.6123333333333333,-0.3081319010383106
0.6124166666666667,-0.18187023708182967
0.6125,-0.36244458784353617
0.6125833333333334,-0.3510009677787054
0.6126666666666667,-0.16304502764543546
0.61275,-0.3817757117854324
0.6128333333333333,-0.25732167392827765
0.6129166666666667,0.21003712645846262
0.613,0.7369433153481308
0.6130833333333333,1.0284397559777494
0.6131666666666666,0.8776950412719294
0.61325,1.0709424808610832
0.6133333333333333,0.9067033265511739
0.6134166666666667,0.46739493352500944
0.6135,0.4983303541342448
0.6135833333333334,0.3579761539372797
0.6136666666666667,0.31292756566334723
0.61375,0.37535064691239706
0.6138333333333333,0.3642025502841946
0.6139166666666667,0.23253565426579062
0.614,-0.04183883638820757
0.6140833333333333,0.02289415316475356
0.6141666666666666,0.05197227962460669
0.61425,0.15448073013538505
0.6143333333333333,0.4735231540475493
0.6144166666666667,0.5730584687147735
0.6145,0.6516733813914228
0.6145833333333334,0.6061321327894871
0.6146666666666667,0.43934877476410306
0.61475,0.11319042747246405
0.6148333333333333,-0.31767062913778293
0.6149166666666667,-0.2025389530866418
0.615,0.3502443137399286
0.6150833333333333,0.5028285773598322
0.6151666666666666,0.20180840299124883
0.61525,0.2787049816977054
0.6153333333333333,0.24273676376843967
0.6154166666666666,-0.14214977145037025
0.6155,0.11087854481096703
0.6155833333333334,0.344496212511049
0.6156666666666667,0.13957193602409196
0.61575,0.22529987233545506
0.6158333333333333,0.3836872545339473
0.6159166666666667,0.28102642784362564
0.616,0.08018741019173847
0.6160833333333333,-0.22500477948412623
0.6161666666666666,-0.5249441122872085
0.61625,-0.8358498118646874
0.6163333333333333,-1.0659885974488887
0.6164166666666666,-0.8582141611197467
0.6165,-0.8345914359928983
0.6165833333333334,-0.8727240232996881
0.6166666666666667,-0.37146772046670495
0.61675,-0.0952514656150247
0.6168333333333333,0.04067651773721815
0.6169166666666667,0.4291378622979507
0.617,0.5143560403332972
0.6170833333333333,0.305852489973032
0.6171666666666666,0.02506442120446957
0.61725,-0.4859838221850879
0.6173333333333333,-0.6664355594310055
0.6174166666666666,-0.3391168675546556
0.6175,-0.30438629309304277
0.6175833333333334,0.030502866275822736
0.6176666666666667,0.5582340250472863
0.61775,0.19873909332129905
0.6178333333333333,-0.01616918012967207
0.6179166666666667,0.0021903032181863225
0.618,-0.274543930699796
0.6180833333333333,-0.1643753244541174
0.6181666666666666,-0.11918152882713313
0.61825,-0.02751641898592827
0.6183333333333333,0.3272728110000916
0.6184166666666666,0.06115813187422665
0.6185,-0.2179361954200703
0.6185833333333334,-0.25435250864555137
0.6186666666666667,-0.6232264483289165
0.61875,-0.6316759186848265
0.6188333333333333,-0.4878202129233387
0.6189166666666667,-0.7108693381694855
0.619,-0.49807718717551214
0.6190833333333333,-0.15142495509989073
0.6191666666666666,-0.12962394331216015
0.61925,0.08969527014162886
0.6193333333333333,0.027519498697039027
0.6194166666666666,-0.036120283017409445
0.6195,0.3751035220934097
0.6195833333333334,0.14856839125237242
0.6196666666666667,-0.06263765180146241
0.61975,0.2070828147069696
0.6198333333333333,0.08234642081685054
0.6199166666666667,0.22842763581632308
0.62,0.2500061301517203
0.6200833333333333,-0.16213738378615639
0.6201666666666666,0.12566524792284253
0.62025,0.4764488209470731
0.6203333333333333,0.23246534048446693
0.6204166666666666,0.15121327515691438
0.6205,0.15694457098541806
0.6205833333333334,-0.034233239044962865
0.6206666666666667,0.1485541419722126
0.62075,0.22061292897508675
0.6208333333333333,-0.09346586930339283
0.6209166666666667,0.04242149044936894
0.621,0.161255302856107
0.6210833333333333,0.021425356592482084
0.6211666666666666,0.15393483103814054
0.62125,0.17955274437309907
0.6213333333333333,-0.19080266264598567
0.6214166666666666,-0.2631730011731218
0.6215,0.0811239272412404
0.6215833333333334,0.05517840009652098
0.6216666666666667,0.09694281977558306
0.62175,0.2658553418324077
0.6218333333333333,0.1485505302173951
0.6219166666666667,0.31904098166273087
0.622,0.33506026713039294
0.6220833333333333,0.2645853915565841
0.6221666666666666,0.5188054484570828
0.62225,0.605986540445705
0.6223333333333333,0.5681232022121561
0.6224166666666666,0.14675885768634855
0.6225,-0.3389258454508124
0.6225833333333334,-0.4721980529804087
0.6226666666666667,-0.6666265091342926
0.62275,-0.7823411575155318
0.6228333333333333,-0.9597189594737218
0.6229166666666667,-1.0282143412260147
0.623,-0.6604296434062136
0.6230833333333333,-0.401702403005892
0.6231666666666666,-0.33787987922627355
0.62325,-0.4155702904705898
0.6233333333333333,-0.39994978938566894
0.6234166666666666,-0.15015363634346876
0.6235,-0.3380594042657009
0.6235833333333334,-0.4273671342277938
0.6236666666666667,-0.04406096244436215
0.62375,-0.03903460131907716
0.6238333333333334,0.02479015857331595
0.6239166666666667,0.22193884914142645
0.624,0.1292250900989488
0.6240833333333333,0.22886309656914194
0.6241666666666666,0.27120982786018255
0.62425,0.18473144283662749
0.6243333333333333,0.30630569711909034
0.6244166666666666,0.27539426208857676
0.6245,0.015534736900123356
0.6245833333333334,0.02298802135761608
0.6246666666666667,0.22011135144474636
0.62475,0.06900686127580272
0.6248333333333334,-0.02288626783555842
0.6249166666666667,-0.02333921893671165
0.625,-0.4220665821036265
0.6250833333333333,-0.5699904289584317
0.6251666666666666,-0.23350178647590664
0.62525,0.0355319229133853
0.6253333333333333,0.12023201524500898
0.6254166666666666,0.2068723863178575
0.6255,0.3105738574686278
0.6255833333333334,0.32546952095128484
0.6256666666666667,0.32923086732278034
0.62575,0.2648197465384417
0.6258333333333334,0.2905014666451533
0.6259166666666667,0.680467807282652
0.626,0.7357650689064785
0.6260833333333333,0.3661344737482442
0.6261666666666666,0.5109764856907897
0.62625,0.5588243544424861
0.6263333333333333,0.22310797811848665
0.6264166666666666,0.17287057833909397
0.6265,-0.05270390280716073
0.6265833333333334,-0.09568128006604079
0.6266666666666667,0.13307329187315903
0.62675,0.0501512240216633
0.6268333333333334,0.1993643335456111
0.6269166666666667,0.19051091533942333
0.627,-0.16076727915205502
0.6270833333333333,0.01774060881715467
0.6271666666666667,0.2489325837373951
0.62725,0.11192455387061535
0.6273333333333333,0.32536923646302873
0.6274166666666666,0.3915237727748322
0.6275,-0.06894347065797203
0.6275833333333334,-0.07164553644294035
0.6276666666666667,-0.31348184105423843
0.62775,-0.6708191547264333
0.6278333333333334,-0.15501497474315024
0.6279166666666667,-0.1140708455984137
0.628,-0.16940739791208967
0.6280833333333333,0.10603915095785596
0.6281666666666667,-0.340171094063284
0.62825,-0.6029501509123563
0.6283333333333333,-0.48821843932523773
0.6284166666666666,-0.48659606858879645
0.6285,-0.3798410455255247
0.6285833333333334,-0.3892025430479212
0.6286666666666667,-0.22096211700878493
0.62875,0.12142097332150109
0.6288333333333334,-0.2015600492217918
0.6289166666666667,-0.6109582887957654
0.629,-0.3488350314897614
0.6290833333333333,-0.3422427266244808
0.6291666666666667,-0.3687407238078176
0.62925,0.10516178672992912
0.6293333333333333,-0.0032529720273748184
0.6294166666666666,-0.29553847732241934
0.6295,-0.03408547261674593
0.6295833333333334,-0.05336521073574057
0.6296666666666667,-0.201766275232717
0.62975,0.0013092152098945614
0.6298333333333334,0.19424845094207496
0.6299166666666667,0.4173216674130035
0.63,0.4003142760155032
0.6300833333333333,-0.08403296237256566
0.6301666666666667,-0.1068383945542917
0.63025,0.16849109714913346
0.6303333333333333,-0.05610373681005882
0.6304166666666666,0.02992951662380196
0.6305,0.2808260705622079
0.6305833333333334,0.029507964067444624
0.6306666666666667,0.03461785438986957
0.63075,0.04073636142699046
0.6308333333333334,-0.08383696963937622
0.6309166666666667,0.12427120878870773
0.631,0.05511655785123152
0.6310833333333333,0.03787225047665758
0.6311666666666667,0.2444909366196426
0.63125,0.16532946396444756
0.6313333333333333,0.2938299046329359
0.6314166666666666,0.3927429880385409
0.6315,0.2805820346242254
0.6315833333333334,0.2200314964878664
0.6316666666666667,0.16852809662680288
0.63175,0.3070387826773007
0.6318333333333334,0.17292413971206275
0.6319166666666667,0.14662640789040232
0.632,0.33057726681843846
0.6320833333333333,0.22139453576679108
0.6321666666666667,0.3298341218126688
0.63225,0.04578388607450735
0.6323333333333333,-0.09285506555393586
0.6324166666666666,0.23535969555356664
0.6325,-0.19427776033000177
0.6325833333333334,-0.23945354887317571
0.6326666666666667,0.18519226465291602
0.63275,0.17367281450886204
0.6328333333333334,0.21314574489464197
0.6329166666666667,0.07244928044192386
0.633,-0.25616690528270275
0.6330833333333333,-0.23637019648479815
0.6331666666666667,-0.1177861252621313
0.63325,-0.2218431428524607
0.6333333333333333,-0.06930937465753956
0.6334166666666666,-0.13267114957073362
0.6335,-0.4380503943022773
0.6335833333333334,-0.105266597492323
0.6336666666666667,-0.35031174740555227
0.63375,-0.6742576981261816
0.6338333333333334,-0.1267304179416097
0.6339166666666667,-0.20409094323896745
0.634,-0.3198538209134458
0.6340833333333333,-0.03895605104552045
0.6341666666666667,0.005989169013986924
0.63425,0.04667688645047155
0.6343333333333333,-0.23359196638886198
0.6344166666666666,-0.38843705001458567
0.6345,-0.27587708212427825
0.6345833333333334,-0.3487253572564572
0.6346666666666667,-0.04920375881207257
0.63475,0.21593978276942738
0.6348333333333334,-0.14551380836228167
0.6349166666666667,-0.22730602081727158
0.635,0.1330734540481972
0.6350833333333333,-0.06908292274364541
0.6351666666666667,-0.25317985167775836
0.63525,0.3341842107250341
0.6353333333333333,0.4585201884971221
0.6354166666666666,0.22537541779528064
0.6355,0.32898019644631177
0.6355833333333333,0.17824771935698985
0.6356666666666667,0.2893506333864715
0.63575,0.32575221308582036
0.6358333333333334,-0.08871600381117314
0.6359166666666667,0.14715518389570964
0.636,0.28783191280665643
0.6360833333333333,0.19453727297340853
0.6361666666666667,0.41477743799591366
0.63625,0.24800312686140089
0.6363333333333333,0.17125058947613891
0.6364166666666666,0.18124273304952404
0.6365,-0.018121705452754062
0.6365833333333333,0.07076157407527384
0.6366666666666667,0.004152203925883491
0.63675,-0.07825638276223394
0.6368333333333334,0.29723701785786405
0.6369166666666667,0.41634902368457505
0.637,0.22930004232162648
0.6370833333333333,0.27305385674284843
0.6371666666666667,-0.05329981713741396
0.63725,-0.4164041904159772
0.6373333333333333,-0.005486803394681065
0.6374166666666666,0.11102017975682092
0.6375,0.05751122083184594
0.6375833333333333,0.39788544149373595
0.6376666666666667,0.45805762840812314
0.63775,0.32284228934004455
0.6378333333333334,-0.027925609154499945
0.6379166666666667,-0.20768946795768564
0.638,-0.052412310826663075
0.6380833333333333,0.005824445657107764
0.6381666666666667,0.3129981092768413
0.63825,0.4614652753835232
0.6383333333333333,0.3742832069066464
0.6384166666666666,0.4939450656155884
0.6385,0.2749930407784107
0.6385833333333333,-0.21627538600317517
0.6386666666666667,-0.32299285843122716
0.63875,-0.21520622736688177
0.6388333333333334,0.03464143222325474
0.6389166666666667,0.39033527424126324
0.639,0.20255422219238023
0.6390833333333333,0.10359378369538855
0.6391666666666667,0.39942214161588757
0.63925,-0.09393661214721483
0.6393333333333333,-0.7089852602539529
0.6394166666666666,-0.42062448035111716
0.6395,-0.09370165019813567
0.6395833333333333,0.013546318928693013
0.6396666666666667,-0.10650312500134299
0.63975,-0.7336260074339798
0.6398333333333334,-0.6941616889496597
0.6399166666666667,-0.19380882165625796
0.64,-0.3275696568291592
0.6400833333333333,-0.37122008904552095
0.6401666666666667,-0.26414900944649555
0.64025,-0.07337555165649999
0.6403333333333333,0.24384510599451775
0.6404166666666666,0.07105436333392187
0.6405,-0.21435895913418343
0.6405833333333333,-0.2988200755883425
0.6406666666666667,-0.295897096223401
0.64075,-0.1416959048158073
0.6408333333333334,-0.1294444010694379
0.6409166666666667,-0.22924298703253485
0.641,-0.007930636264404484
0.6410833333333333,0.24600018435853077
0.6411666666666667,-0.05016010947304208
0.64125,-0.20975973851317992
0.6413333333333333,0.06380800947365019
0.6414166666666666,0.09764351915885655
0.6415,0.27705393798559447
0.6415833333333333,0.29379170091986995
0.6416666666666667,-0.15568759743042665
0.64175,-0.17443539629430632
0.6418333333333334,-0.09024102322363939
0.6419166666666667,-0.23236441898048638
0.642,-0.18516542616710638
0.6420833333333333,-0.06513994911164896
0.6421666666666667,0.003100061294202142
0.64225,0.24024099210373873
0.6423333333333333,0.5083618037860644
0.6424166666666666,0.610907467336175
0.6425,0.5428866338634355
0.6425833333333333,0.25110081443014387
0.6426666666666667,0.1776652355998512
0.64275,0.11056876831883244
0.6428333333333334,0.08923534362758258
0.6429166666666667,0.39501107896813686
0.643,0.18448075156340826
0.6430833333333333,-0.0637574823352439
0.6431666666666667,-0.05549526355389467
0.64325,-0.16896784585235364
0.6433333333333333,-0.024654005632836935
0.6434166666666666,-0.14814680146759673
0.6435,-0.2521085912847708
0.6435833333333333,0.11968230761926896
0.6436666666666667,0.10874372203258928
0.64375,0.03671327908480746
0.6438333333333334,0.04703433092138515
0.6439166666666667,-0.35255668249886407
0.644,-0.49206779757564906
0.6440833333333333,-0.3211668014175715
0.6441666666666667,-0.08445404131328536
0.64425,0.30548307546790593
0.6443333333333333,0.3191850056837769
0.6444166666666666,0.323928860247512
0.6445,0.5542798878625281
0.6445833333333333,0.2407870636870732
0.6446666666666667,-0.1079340622344056
0.64475,0.023037265628349287
0.6448333333333334,0.000741239398421598
0.6449166666666667,-0.048676907830091175
0.645,-0.08194500448828312
0.6450833333333333,-0.28483806515887644
0.6451666666666667,-0.13005887966368826
0.64525,-0.20119079310567553
0.6453333333333333,-0.4864670370340496
0.6454166666666666,-0.29914694885098925
0.6455,-0.40717265214699605
0.6455833333333333,-0.4077327372881517
0.6456666666666667,-0.24646608392107808
0.64575,-0.431083967825485
0.6458333333333334,-0.4374155445615832
0.6459166666666667,-0.7551877807619909
0.646,-0.811565672243197
0.6460833333333333,-0.5014993678807748
0.6461666666666667,-0.5822550397989341
0.64625,-0.16047733848838258
0.6463333333333333,0.15889142213673857
0.6464166666666666,0.13215442466527064
0.6465,0.4092442169272501
0.6465833333333333,0.2924934811075371
0.6466666666666666,0.1677536712704324
0.64675,0.29108128063557415
0.6468333333333334,0.13769385222104072
0.6469166666666667,0.2155937895792323
0.647,0.31916268852824503
0.6470833333333333,-0.06247057536911837
0.6471666666666667,-0.04069137728787455
0.64725,0.254071040521959
0.6473333333333333,0.239162476604935
0.6474166666666666,0.30680273586652695
0.6475,0.4264052455677469
0.6475833333333333,0.7533750290171353
0.6476666666666666,0.7895684061695054
0.64775,0.4778706123922357
0.6478333333333334,0.6500371259413443
0.6479166666666667,0.44990430114882624
0.648,0.03635364436041855
0.6480833333333333,0.15469599066982742
0.6481666666666667,0.12235239304372987
0.64825,-0.07341977859869797
0.6483333333333333,-0.08538830614443031
0.6484166666666666,0.25658754594547284
0.6485,0.3355055867190836
0.6485833333333333,0.05372443536526716
0.6486666666666666,0.3402357654753323
0.64875,0.29680393661753307
0.6488333333333334,-0.09362588851842178
0.6489166666666667,0.05411624802189291
0.649,-0.10193361141722625
0.6490833333333333,-0.2061929000886124
0.6491666666666667,-0.06640270354319329
0.64925,-0.27998241106181326
0.6493333333333333,-0.224913301039535
0.6494166666666666,-0.30711562735514497
0.6495,-0.6793930036868836
0.6495833333333333,-0.4258550002011572
0.6496666666666666,-0.3326194547975136
0.64975,-0.5089937739893093
0.6498333333333334,0.004584827855580772
0.6499166666666667,0.16617758241111025
0.65,-0.05772574908425355
0.6500833333333333,0.1857034674123174
0.6501666666666667,0.03197818627668846
0.65025,-0.12010741719536228
0.6503333333333333,0.05486820198626127
0.6504166666666666,-0.03690256810588055
0.6505,0.12260624601588807
0.6505833333333333,-0.043293147511507465
0.6506666666666666,-0.4820865869189784
0.65075,-0.2041581719038878
0.6508333333333334,-0.2621458367431893
0.6509166666666667,-0.5083190619237811
0.651,-0.2441505236353746
0.6510833333333333,-0.18704588267420477
0.6511666666666667,-0.007058268375775474
0.65125,-0.0310351028216698
0.6513333333333333,-0.3403218900638401
0.6514166666666666,-0.10321710539571705
0.6515,-0.07194743076115735
0.6515833333333333,-0.10217157385276732
0.6516666666666666,0.266630038373288
0.65175,0.29426494977466316
0.6518333333333334,0.07157827250873819
0.6519166666666667,0.03335243398829906
0.652,0.05197725692374828
0.6520833333333333,-0.08083196097036095
0.6521666666666667,-0.3702654669098809
0.65225,-0.48569658757829
0.6523333333333333,0.14246161562275175
0.6524166666666666,0.35120203865554045
0.6525,-0.25150651759206344
0.6525833333333333,0.23898397799986154
0.6526666666666666,0.4087544220312357
0.65275,-0.25337499601940766
0.6528333333333334,0.20647236566140317
0.6529166666666667,0.255405001690334
0.653,-0.007675714605493249
0.6530833333333333,0.307997062914416
0.6531666666666667,0.048816333890485904
0.65325,0.17679684342108717
0.6533333333333333,0.4449588745826696
0.6534166666666666,0.11491663084952414
0.6535,0.16811623210549234
0.6535833333333333,0.12510484647982478
0.6536666666666666,-0.22662287344858975
0.65375,-0.4428120469325487
0.6538333333333334,-0.4025968008636396
0.6539166666666667,-0.1371168402040972
0.654,-0.18504009817197387
0.6540833333333333,-0.17514652992061785
0.6541666666666667,0.026391126990404426
0.65425,-0.2536650344630697
0.6543333333333333,-0.6267188333539663
0.6544166666666666,-0.5108495221480416
0.6545,-0.39622662692968963
0.6545833333333333,-0.7037265454691561
0.6546666666666666,-0.6929174265692111
0.65475,-0.3502291402749814
0.6548333333333334,-0.3317776964335363
0.6549166666666667,-0.2735788031353563
0.655,-0.1458893525211917
0.6550833333333334,-0.04177743239421407
0.6551666666666667,0.11162839006291518
0.65525,-0.059104637049509905
0.6553333333333333,-0.041740645163982994
0.6554166666666666,0.3225986126084145
0.6555,0.2244807327653529
0.6555833333333333,0.19926957541737392
0.6556666666666666,0.4639035915116655
0.65575,0.49742268553224034
0.6558333333333334,0.5733587121297319
0.6559166666666667,0.3869412516192432
0.656,0.17326713276526648
0.6560833333333334,0.18696980536637278
0.6561666666666667,-0.17519195770479418
0.65625,-0.20038087021042703
0.6563333333333333,0.2533456776925397
0.6564166666666666,0.33137237065936537
0.6565,0.3160800511120536
0.6565833333333333,0.29394854230995837
0.6566666666666666,0.04420865646335078
0.65675,-0.1676723431081757
0.6568333333333334,-0.5315843310179111
0.6569166666666667,-0.7335757709909021
0.657,-0.48858590368600086
0.6570833333333334,-0.4049899077541784
0.6571666666666667,-0.1976770250420372
0.65725,0.2828641903858657
0.6573333333333333,0.6052380593430781
0.6574166666666666,0.4409713577296135
0.6575,0.013223172414765725
0.6575833333333333,0.040221309426862056
0.6576666666666666,0.03597903483678381
0.65775,0.1310488897006537
0.6578333333333334,0.49952940191581635
0.6579166666666667,0.3735197942181684
0.658,0.36099678567193355
0.6580833333333334,0.3714947392121128
0.6581666666666667,0.09975337792138024
0.65825,0.13668057487296242
0.6583333333333333,-0.016101597077634314
0.6584166666666667,-0.2782849159795388
0.6585,0.12460518096436543
0.6585833333333333,0.4627764996015238
0.6586666666666666,0.12976678607717118
0.65875,0.08210718138134782
0.6588333333333334,0.12553330204596666
0.6589166666666667,-0.10383955167704509
0.659,0.029818094031475423
0.6590833333333334,-0.19360224749055033
0.6591666666666667,-0.3810716584064323
0.65925,0.03399926227620414
0.6593333333333333,-0.05057373844423076
0.6594166666666667,-0.11175429860138258
0.6595,0.024377440962931787
0.6595833333333333,-0.1729992083571682
0.6596666666666666,0.006899737162013641
0.65975,-0.12080693442286747
0.6598333333333334,-0.4559199223143437
0.6599166666666667,0.11526165619190236
0.66,0.1305630546484811
0.6600833333333334,0.021210492870004576
0.6601666666666667,0.5946335885490636
0.66025,0.31199620043467036
0.6603333333333333,0.06238985951956074
0.6604166666666667,0.13385810179383906
0.6605,-0.03490403245311272
0.6605833333333333,0.29670057605694156
0.6606666666666666,0.5320881476764618
0.66075,0.46859425127837756
0.6608333333333334,0.3893257844259355
0.6609166666666667,-0.015654822821843443
0.661,-0.44897994788107887
0.6610833333333334,-0.20197788711657091
0.6611666666666667,0.2645706886504312
0.66125,0.15254274923686567
0.6613333333333333,0.22250643304477008
0.6614166666666667,0.4965397127744085
0.6615,0.29429255165309154
0.6615833333333333,-0.14204345147461261
0.6616666666666666,-0.29123879461790725
0.66175,-0.11564211280328404
0.6618333333333334,-0.2728705579356788
0.6619166666666667,-0.36664966110213315
0.662,0.09073872096577854
0.6620833333333334,0.3168712967104825
0.6621666666666667,-0.0628349315327122
0.66225,-0.3247281626896139
0.6623333333333333,-0.2449975899846818
0.6624166666666667,-0.45481279963994875
0.6625,-0.4309526852526288
0.6625833333333333,-0.08486148219700147
0.6626666666666666,0.008860539158418354
0.66275,-0.0465519982789707
0.6628333333333334,-0.41069888743727745
0.6629166666666667,-0.328144706333189
0.663,-0.13478696318257657
0.6630833333333334,-0.6419510154510105
0.6631666666666667,-0.3371848251116271
0.66325,0.18707044724547803
0.6633333333333333,-0.1527708517954418
0.6634166666666667,-0.08541046957713354
0.6635,0.1944067534887879
0.6635833333333333,0.20777133160334835
0.6636666666666666,0.2914846099261291
0.66375,0.27515346582763245
0.6638333333333334,0.324794372807383
0.6639166666666667,0.4836245163240709
0.664,0.39564186753667635
0.6640833333333334,0.17274993764748076
0.6641666666666667,0.08054153509400412
0.66425,-0.03686180593887295
0.6643333333333333,-0.11824767220376502
0.6644166666666667,0.12875793667767568
0.6645,0.35699154120670595
0.6645833333333333,0.13508378839755586
0.6646666666666666,-0.07373521818953725
0.66475,0.11289288967710795
0.6648333333333334,0.09578273209621008
0.6649166666666667,-0.015228145253787155
0.665,0.10247946898351455
0.6650833333333334,0.07736651613153543
0.6651666666666667,0.11292351563826517
0.66525,0.03789264611846215
0.6653333333333333,-0.20261299391504486
0.6654166666666667,-0.3418457449137033
0.6655,-0.25301600964243603
0.6655833333333333,-0.007100939442724539
0.6656666666666666,-0.2698046149407394
0.66575,-0.16704479500597094
0.6658333333333334,0.214023449007992
0.6659166666666667,0.17992953926497743
0.666,0.3693044100396538
0.6660833333333334,0.05681675504399427
0.6661666666666667,-0.0876668700031304
0.66625,0.2303265235343352
0.6663333333333333,0.2718584717295396
0.6664166666666667,0.38091800185573693
0.6665,-0.19895300946567315
0.6665833333333333,-0.4536228293632458
0.6666666666666666,0.022783845496647505
0.66675,-0.23041083715363328
0.6668333333333333,-0.5889195499995167
0.6669166666666667,-0.6219010934970024
0.667,-0.5197346141300856
0.6670833333333334,-0.3359139784291917
0.6671666666666667,-0.20510032221330565
0.66725,-0.1727987845873346
0.6673333333333333,-0.04994278704667119
0.6674166666666667,0.24088619263031075
0.6675,0.11429848179646
0.6675833333333333,-0.057962192469668154
0.6676666666666666,0.013071356499845322
0.66775,0.049071961484480384
0.6678333333333333,0.17138326598885312
0.6679166666666667,0.14443797108185374
0.668,0.04666891228055019
0.6680833333333334,0.13284221324372836
0.6681666666666667,0.3698058017062056
0.66825,0.43790666467127193
0.6683333333333333,0.4561926632971214
0.6684166666666667,0.6582159829089652
0.6685,0.5375911754159665
0.6685833333333333,0.4509949790132007
0.6686666666666666,0.3065697379907608
0.66875,-0.14846445739200625
0.6688333333333333,-0.051424317566474045
0.6689166666666667,0.13535338139497177
0.669,-0.038323352649382934
0.6690833333333334,-0.26112489502692615
0.6691666666666667,-0.27432451510802
0.66925,0.1873185422442819
0.6693333333333333,0.11808043791996928
0.6694166666666667,-0.19708388986146613
0.6695,0.04369446564737827
0.6695833333333333,-0.21375436758183342
0.6696666666666666,-0.26685558409863497
0.66975,0.0024489790613983617
0.6698333333333333,-0.3567303889333004
0.6699166666666667,-0.3980730317137363
0.67,-0.27359683358097264
0.6700833333333334,0.02519086119049239
0.6701666666666667,0.18851539380593135
0.67025,-0.20325312397610473
0.6703333333333333,0.24521709235726655
0.6704166666666667,0.4020303974420079
0.6705,0.16042118533130525
0.6705833333333333,0.45699771158371116
0.6706666666666666,0.06347020242254806
0.67075,0.02753679517473838
0.6708333333333333,0.16715992907031194
0.6709166666666667,-0.23995943427107735
0.671,-0.02243953547316623
0.6710833333333334,0.01720196339251642
0.6711666666666667,0.004627959764599977
0.67125,0.2728083462029582
0.6713333333333333,0.1087987524121655
0.6714166666666667,0.04010136414257357
0.6715,0.11547230918178285
0.6715833333333333,-0.03774196705720996
0.6716666666666666,-0.3117438675340156
0.67175,-0.2567120307345871
0.6718333333333333,-0.10479895972882033
0.6719166666666667,-0.09819805204714345
0.672,0.16839487307372325
0.6720833333333334,-0.02954832181165557
0.6721666666666667,-0.24067514924291405
0.67225,0.1441314576688701
0.6723333333333333,-0.05017840991159096
0.6724166666666667,-0.16717826407331698
0.6725,-0.052316424203171195
0.6725833333333333,-0.3827613625568114
0.6726666666666666,-0.0801771946897542
0.67275,-0.010593383038993534
0.6728333333333333,-0.46664102342147423
0.6729166666666667,-0.10163219300602933
0.673,-0.09915821496982799
0.6730833333333334,-0.15992068334881704
0.6731666666666667,0.19490496147683922
0.67325,-0.20820627251813792
0.6733333333333333,0.021862480319044357
0.6734166666666667,0.5666488372507041
0.6735,0.27803332996512364
0.6735833333333333,0.30734454460927274
0.6736666666666666,0.28799072354744587
0.67375,0.19844102111301556
0.6738333333333333,0.35215272923795854
0.6739166666666667,0.18174940028954675
0.674,0.04457657072493854
0.6740833333333334,0.009559770604842156
0.6741666666666667,0.007211667716689044
0.67425,0.09404004274955946
0.6743333333333333,-0.15106348226363425
0.6744166666666667,-0.577345275120215
0.6745,-0.5763424264225671
0.6745833333333333,-0.30274111910379325
0.6746666666666666,-0.18332688812298686
0.67475,-0.06346479066805252
0.6748333333333333,0.03323926688935604
0.6749166666666667,-0.043842557248961626
0.675,-0.06146251511529082
0.6750833333333334,0.0695391414201517
0.6751666666666667,0.10420505306407504
0.67525,-0.10823514427517941
0.6753333333333333,-0.34800246891195125
0.6754166666666667,-0.3411663744215985
0.6755,-0.09192335558811429
0.6755833333333333,-0.00012678261633760756
0.6756666666666666,-0.183215399185241
0.67575,-0.032904775883477455
0.6758333333333333,0.17402044369757413
0.6759166666666667,-0.018319965626281208
0.676,0.06532270187483369
0.6760833333333334,0.2178542841676934
0.6761666666666667,0.19650157752541056
0.67625,0.2616623890236112
0.6763333333333333,0.0941434214219427
0.6764166666666667,0.0013128547101307487
0.6765,-0.007752490572766166
0.6765833333333333,0.010230460024946477
0.6766666666666666,0.13744610111112798
0.67675,-0.15803751471813335
0.6768333333333333,-0.29591526891621267
0.6769166666666667,-0.11935384202382367
0.677,-0.13495883842930234
0.6770833333333334,-0.08771639697868755
0.6771666666666667,-0.12055559048300962
0.67725,0.08030306829167072
0.6773333333333333,0.33691775274495706
0.6774166666666667,0.13227770215385234
0.6775,0.20277607877463144
0.6775833333333333,0.07934399358459687
0.6776666666666666,-0.14707662612220415
0.67775,-0.005654983645057712
0.6778333333333333,-0.46974157655840254
0.6779166666666666,-0.4918849951770871
0.678,-0.18060613392188896
0.6780833333333334,-0.3392759064184454
0.6781666666666667,0.15858759837413275
0.67825,0.14427940347026708
0.6783333333333333,-0.11320118816060921
0.6784166666666667,0.2639799912755813
0.6785,-0.15492710106356838
0.6785833333333333,-0.31718329089783714
0.6786666666666666,-0.0945741101842952
0.67875,-0.26475004332676744
0.6788333333333333,-0.08074105899368438
0.6789166666666666,-0.13097038547341905
0.679,-0.16974947090655862
0.6790833333333334,-0.12978394733506926
0.6791666666666667,-0.32661989196803765
0.67925,-0.004870721236402858
0.6793333333333333,0.0793768109100165
0.6794166666666667,-0.09603998215572379
0.6795,0.055308850949383745
0.6795833333333333,0.073980557056078
0.6796666666666666,0.01041934501748591
0.67975,-0.18187698753093448
0.6798333333333333,-0.1153247121218242
0.6799166666666666,0.15466361143341872
0.68,0.1526809097338288
0.6800833333333334,0.2773072538681832
0.6801666666666667,0.28883229125143584
0.68025,0.30952509042492815
0.6803333333333333,0.3276558661609582
0.6804166666666667,0.18075103875045823
0.6805,0.2236011213829985
0.6805833333333333,-0.09162568816293173
0.6806666666666666,-0.013989178243376957
0.68075,0.499203548681074
0.6808333333333333,0.4267682835394162
0.6809166666666666,0.40313248200316926
0.681,0.23530257754835432
0.6810833333333334,0.26123460845542457
0.6811666666666667,0.4120822313296396
0.68125,-0.02958658762429979
0.6813333333333333,0.0829166092232054
0.6814166666666667,0.25208968398259624
0.6815,0.029867344789300754
0.6815833333333333,0.08369503055256514
0.6816666666666666,-0.24951457588954995
0.68175,-0.3806453504584462
0.6818333333333333,0.019295707196918574
0.6819166666666666,-0.18259205467097106
0.682,-0.27368366563729823
0.6820833333333334,0.023053032825881177
0.6821666666666667,-0.33241353896869896
0.68225,-0.3567175121873323
0.6823333333333333,0.09221447327944497
0.6824166666666667,-0.11645733422131758
0.6825,-0.1356164060832631
0.6825833333333333,0.09506598657664093
0.6826666666666666,-0.020116765998147965
0.68275,-0.024313356866667322
0.6828333333333333,-0.24496344033642248
0.6829166666666666,-0.3480601241721071
0.683,0.1955348611973301
0.6830833333333334,0.031695592965000616
0.6831666666666667,-0.41270584803285415
0.68325,0.05151555733641689
0.6833333333333333,-0.012181321611070406
0.6834166666666667,-0.2976624772818012
0.6835,-0.05054369438248247
0.6835833333333333,-0.2927784932474982
0.6836666666666666,-0.1643482558614897
0.68375,0.21824937897918736
0.6838333333333333,0.11223756497374146
0.6839166666666666,0.37180596231901625
0.684,0.28937433280987523
0.6840833333333334,-0.18020741875509685
0.6841666666666667,-0.18165322632659597
0.68425,-0.2180358544024614
0.6843333333333333,-0.19469898802475774
0.6844166666666667,-0.017732881117825713
0.6845,0.04277832589962131
0.6845833333333333,-0.07138286356072164
0.6846666666666666,-0.36161035659960183
0.68475,-0.3079946643099337
0.6848333333333333,-0.1609053014456734
0.6849166666666666,-0.2323146751950158
0.685,-0.30276244417031295
0.6850833333333334,-0.40740788589021104
0.6851666666666667,-0.13295955988086075
0.68525,-0.11138624529078703
0.6853333333333333,-0.3943611379381725
0.6854166666666667,0.023789234725340416
0.6855,-0.011276941083725562
0.6855833333333333,-0.24522689317894678
0.6856666666666666,0.07764864720162716
0.68575,-0.14410965721377914
0.6858333333333333,-0.13479506662762078
0.6859166666666666,0.08163404932660955
0.686,-0.09794469843538563
0.6860833333333334,0.09555620275016409
0.6861666666666667,0.1163645311323592
0.68625,0.10459315191882229
0.6863333333333334,0.4763605818763814
0.6864166666666667,0.46406196810363254
0.6865,0.15571152523167922
0.6865833333333333,0.18780184200610842
0.6866666666666666,0.32085890143552803
0.68675,0.04739003129741895
0.6868333333333333,0.06225219429402492
0.6869166666666666,0.25486878880901914
0.687,0.05425157703177826
0.6870833333333334,0.09208628392738427
0.6871666666666667,0.018714674309526953
0.68725,-0.21617508364192667
0.6873333333333334,-0.09903536930162983
0.6874166666666667,-0.11227330546010009
0.6875,-0.10100180407327845
0.6875833333333333,0.12932974333105945
0.6876666666666666,0.1964426306416757
0.68775,0.17233455224800312
0.6878333333333333,0.22376090616465202
0.6879166666666666,0.4743724347867909
0.688,0.5121728621170941
0.6880833333333334,0.2826529798116427
0.6881666666666667,0.39536628428746684
0.68825,0.2827349073919602
0.6883333333333334,0.2873121066361003
0.6884166666666667,0.4320454293375598
0.6885,-0.02888477376940992
0.6885833333333333,0.2842036623789782
0.6886666666666666,0.45496668288137765
0.68875,0.10213848768330291
0.6888333333333333,0.4307136198260462
0.6889166666666666,0.09771001480002117
0.689,0.01884596691788793
0.6890833333333334,0.09449057777374616
0.6891666666666667,-0.3782606449811995
0.68925,-0.016332020539427304
0.6893333333333334,-0.1487852564044477
0.6894166666666667,-0.43408057026941127
0.6895,-0.07236252877333618
0.6895833333333333,-0.2835284425882606
0.6896666666666667,-0.5671393833928575
0.68975,-0.35138865024406973
0.6898333333333333,-0.06791093805749597
0.6899166666666666,-0.18676221022214956
0.69,-0.018794650432016433
0.6900833333333334,0.12019347788863986
0.6901666666666667,-0.11022098107244523
0.69025,0.2957794957893582
0.6903333333333334,0.22185672305447598
0.6904166666666667,-0.006074420046002294
0.6905,0.3968424973648398
0.6905833333333333,0.07561294146068778
0.6906666666666667,-0.20073799797970382
0.69075,0.019715115180105623
0.6908333333333333,-0.06245315322886667
0.6909166666666666,0.019839881644493785
0.691,0.12305332229496801
0.6910833333333334,-0.02665678344776621
0.6911666666666667,0.1320290251255205
0.69125,0.2360171085220268
0.6913333333333334,-0.04245053444968968
0.6914166666666667,-0.052186608912015674
0.6915,0.09724562671963004
0.6915833333333333,0.02937694731895263
0.6916666666666667,-0.03678002765066248
0.69175,-0.1936789330066201
0.6918333333333333,-0.4306664288899068
0.6919166666666666,-0.35349566251037023
0.692,-0.12212035442355382
0.6920833333333334,-0.10442640181977633
0.6921666666666667,0.06596848843011778
0.69225,0.30011853043998366
0.6923333333333334,0.003040387043801521
0.6924166666666667,-0.15356961918208265
0.6925,0.014136157868178175
0.6925833333333333,-0.0911773323321624
0.6926666666666667,0.013524902315080545
0.69275,0.3015948385177434
0.6928333333333333,0.21359090505292438
0.6929166666666666,0.04142698440123843
0.693,0.13350357381636463
0.6930833333333334,0.10668967568878296
0.6931666666666667,-0.11701547989482296
0.69325,0.05657052584428856
0.6933333333333334,0.2439480204878398
0.6934166666666667,0.16119852690789982
0.6935,0.10382664348515289
0.6935833333333333,-0.15799887081725034
0.6936666666666667,-0.04109533124334185
0.69375,0.19763033048575468
0.6938333333333333,-0.12669517056510635
0.6939166666666666,0.0072127334600228235
0.694,0.042005758580228064
0.6940833333333334,-0.2673574451316032
0.6941666666666667,-0.07053571956611929
0.69425,-0.21865321863227538
0.6943333333333334,-0.266374235153254
0.6944166666666667,-0.010339886054207542
0.6945,0.06855467311744032
0.6945833333333333,0.46202255053796726
0.6946666666666667,0.41596393923838626
0.69475,0.06923636598312705
0.6948333333333333,-0.21958310272627957
0.6949166666666666,-0.6618985314975894
0.695,-0.5941175723667366
0.6950833333333334,-0.4046481617575508
0.6951666666666667,-0.30568387491069327
0.69525,-0.31253432881966636
0.6953333333333334,-0.2621565605544528
0.6954166666666667,0.24636255281551644
0.6955,0.08873522564805547
0.6955833333333333,-0.18834664349384195
0.6956666666666667,0.029418767869223907
0.69575,-0.16148004659884568
0.6958333333333333,0.03832285096194832
0.6959166666666666,0.22910321571167336
0.696,-0.034572087913129906
0.6960833333333334,0.2116778865527789
0.6961666666666667,0.15440671477876738
0.69625,-0.29019223215148615
0.6963333333333334,-0.378095527632055
0.6964166666666667,-0.3022195852598343
0.6965,-0.11458700203669325
0.6965833333333333,-0.013483167571380614
0.6966666666666667,-0.017079981846575547
0.69675,0.18036609435602755
0.6968333333333333,0.4404433586060525
0.6969166666666666,0.36507317174830767
0.697,0.2519846797207439
0.6970833333333334,0.17588522498585962
0.6971666666666667,-0.08168790744463789
0.69725,0.10212404382986397
0.6973333333333334,0.3273669490773381
0.6974166666666667,0.10030187731684578
0.6975,-0.01780709338026739
0.6975833333333333,-0.09506565738335206
0.6976666666666667,-0.10150870000607738
0.69775,-0.1358578712697352
0.6978333333333333,-0.4370263564058594
0.6979166666666666,-0.3368889561269567
0.698,0.07594228347504867
0.6980833333333333,0.22330039869551954
0.6981666666666667,0.4111615171471447
0.69825,0.27208502935831935
0.6983333333333334,-0.09086326831594799
0.6984166666666667,0.26301598661576026
0.6985,0.3112422155298279
0.6985833333333333,-0.01953675239298216
0.6986666666666667,0.3275717392209657
0.69875,0.38899721689698497
0.6988333333333333,0.3672311848280858
0.6989166666666666,0.5625293760477059
0.699,0.1902700359895473
0.6990833333333333,0.1627267649633877
0.6991666666666667,0.2657024388459801
0.69925,0.2020247409138347
0.6993333333333334,0.7747252244260258
0.6994166666666667,0.6683480089167951
0.6995,0.20561050051193486
0.6995833333333333,0.46303106898205326
0.6996666666666667,-0.08355562648366334
0.69975,-0.6117453730096267
0.6998333333333333,-0.27167319277547597
0.6999166666666666,-0.37195167574293403
0.7,-0.2144981682556386
0.7000833333333333,-0.049219296639562905
0.7001666666666667,-0.43639650026607046
0.70025,-0.3084509232356658
0.7003333333333334,-0.3514763022293075
0.7004166666666667,-0.43739519586345554
0.7005,-0.13394613352182688
0.7005833333333333,-0.2450945177743502
0.7006666666666667,-0.09604089236142913
0.70075,0.03400597440377088
0.7008333333333333,-0.28167197210585926
0.7009166666666666,-0.3658428347247894
0.701,-0.4501017419157799
0.7010833333333333,-0.35293589989342755
0.7011666666666667,-0.08032821179415262
0.70125,0.1150953625011109
0.7013333333333334,0.38001363517416437
0.7014166666666667,0.26453189404125277
0.7015,-0.27643807018716926
0.7015833333333333,-0.6180790759994662
0.7016666666666667,-0.7032069648608243
0.70175,-0.6973848310362736
0.7018333333333333,-0.2821095070912322
0.7019166666666666,0.12454891540174158
0.702,0.06644386225669066
0.7020833333333333,0.002065002912905526
0.7021666666666667,-0.18789229341958255
0.70225,-0.293739907824972
0.7023333333333334,-0.07327247549893633
0.7024166666666667,-0.12300672234593396
0.7025,-0.021155945429726913
0.7025833333333333,0.3668916819823028
0.7026666666666667,0.45425466201982534
0.70275,0.56020057878106
0.7028333333333333,0.6047912529087118
0.7029166666666666,0.2972082805169758
0.703,-0.06584834810756403
0.7030833333333333,-0.11226255062694535
0.7031666666666667,0.16903272337463437
0.70325,0.1932693888850744
0.7033333333333334,0.26379805370386394
0.7034166666666667,0.5600887869805075
0.7035,0.2882110641014868
0.7035833333333333,0.010171370965231451
0.7036666666666667,-0.11204863255257437
0.70375,-0.4919133386681419
0.7038333333333333,-0.3154161096053213
0.7039166666666666,0.024626972580218034
0.704,0.056341983481998294
0.7040833333333333,0.217959509582604
0.7041666666666667,0.20937784029356202
0.70425,0.15576289529624726
0.7043333333333334,0.10362401306032733
0.7044166666666667,-0.19141427419772983
0.7045,-0.20037342449667725
0.7045833333333333,0.11277274832344542
0.7046666666666667,0.14741108397311387
0.70475,0.2085030691124686
0.7048333333333333,0.4365242200459457
0.7049166666666666,0.31388035702305683
0.705,0.1338148360520134
0.7050833333333333,0.021876222969695637
0.7051666666666667,0.04395137174937026
0.70525,0.06876530980579494
0.7053333333333334,-0.1429042228153805
0.7054166666666667,0.003306882090791211
0.7055,-0.11269696631386267
0.7055833333333333,-0.3752481133600353
0.7056666666666667,-0.051632812754680894
0.70575,-0.3041521692737649
0.7058333333333333,-0.720164283440385
0.7059166666666666,-0.5665229987135233
0.706,-0.5957145996659976
0.7060833333333333,-0.47600871268989153
0.7061666666666667,-0.22382949091134663
0.70625,-0.24808893743686797
0.7063333333333334,-0.07539793762194051
0.7064166666666667,-0.07883654185818456
0.7065,-0.33092922617364784
0.7065833333333333,-0.14973257877615687
0.7066666666666667,-0.014562900154300423
0.70675,-0.022059820475135095
0.7068333333333333,0.12758136194097724
0.7069166666666666,0.23070234108258075
0.707,0.3712815570770465
0.7070833333333333,0.49376750858206425
0.7071666666666667,0.5342286097407565
0.70725,0.3583097956014555
0.7073333333333334,0.2548550618182564
0.7074166666666667,0.24474749837834994
0.7075,-0.041734581289263224
0.7075833333333333,0.13273559094385187
0.7076666666666667,0.18739228229320906
0.70775,-0.026089195434344754
0.7078333333333333,0.19262263750633063
0.7079166666666666,-0.2628392698937352
0.708,-0.36715304800571136
0.7080833333333333,0.07300447518972414
0.7081666666666667,-0.4006885335652149
0.70825,-0.27215493948360114
0.7083333333333334,-0.1090804409330034
0.7084166666666667,-0.581578812647302
0.7085,0.04245961689517871
0.7085833333333333,0.32898215151518373
0.7086666666666667,-0.09525592473421227
0.70875,0.22078231444564617
0.7088333333333333,0.4064970355573146
0.7089166666666666,0.2861150386634733
0.709,0.014203506543768242
0.7090833333333333,-0.35352956383176676
0.7091666666666666,-0.2838710233531849
0.70925,-0.19552422826111507
0.7093333333333334,-0.2796784222327475
0.7094166666666667,-0.13448848389454282
0.7095,0.2893704240327243
0.7095833333333333,-0.011735435968498494
0.7096666666666667,-0.4942478333554602
0.70975,0.08945579065355629
0.7098333333333333,0.08761479682880295
0.7099166666666666,-0.2929869161670445
0.71,-0.10446863769165997
0.7100833333333333,-0.2154209966446774
0.7101666666666666,0.12099634870220347
0.71025,0.3833029086088582
0.7103333333333334,0.18701591453077146
0.7104166666666667,0.31258966058483595
0.7105,-0.09925768470040428
0.7105833333333333,-0.35836413128556516
0.7106666666666667,0.04500084483023511
0.71075,0.011920552029732056
0.7108333333333333,-0.1850056410142349
0.7109166666666666,0.038935760919217695
0.711,0.2453715182562699
0.7110833333333333,0.031073138566203085
0.7111666666666666,-0.051438061845039934
0.71125,0.0046336694589097045
0.7113333333333334,0.11746400775499803
0.7114166666666667,0.5052837901051975
0.7115,0.2618020067556848
0.7115833333333333,-0.1768777423250933
0.7116666666666667,0.26517044647665833
0.71175,0.3722811704455043
0.7118333333333333,-0.12425479376693341
0.7119166666666666,-0.25289149074341444
0.712,-0.4360771327691099
0.7120833333333333,-0.3782607667300568
0.7121666666666666,-0.19525334653789003
0.71225,-0.4454342389323755
0.7123333333333334,-0.23440599579414778
0.7124166666666667,-0.37286788960045664
0.7125,-0.8018127655169879
0.7125833333333333,-0.2731408749207135
0.7126666666666667,-0.044975798346604735
0.71275,-0.3298427736344165
0.7128333333333333,-0.010985000376753271
0.7129166666666666,0.5665364380489227
0.713,0.35042752376987024
0.7130833333333333,0.0750832407568255
0.7131666666666666,0.4380884649936983
0.71325,0.24260311183813643
0.7133333333333334,0.06688494964872183
0.7134166666666667,0.1232898982608168
0.7135,-0.14508886934692808
0.7135833333333333,-0.08326904542373464
0.7136666666666667,-0.15969419436680432
0.71375,0.04084174850784279
0.7138333333333333,0.37734672572910527
0.7139166666666666,0.23708033837873704
0.714,0.5915633259640773
0.7140833333333333,0.4072469301692226
0.7141666666666666,-0.023883178851973982
0.71425,0.26264306149110583
0.7143333333333334,-0.11847727696831858
0.7144166666666667,-0.28985771926748116
0.7145,0.24452652968244212
0.7145833333333333,0.5519884016386577
0.7146666666666667,0.6617492042659313
0.71475,0.3836139167304231
0.7148333333333333,-0.005766886673157335
0.7149166666666666,-0.6236069376910327
0.715,-0.808535712193817
0.7150833333333333,-0.3067214568978453
0.7151666666666666,-0.43994110138168563
0.71525,-0.28449158941176617
0.7153333333333334,0.10266852559727073
0.7154166666666667,-0.11090284362551445
0.7155,-0.19114375492025998
0.7155833333333333,-0.48986837683476964
0.7156666666666667,-0.6344404944681193
0.71575,-0.27610207413594084
0.7158333333333333,-0.02671399391010275
0.7159166666666666,0.05144342909460082
0.716,0.09463404170691254
0.7160833333333333,0.27520374902290656
0.7161666666666666,0.12963202920628852
0.71625,-0.03569317375519975
0.7163333333333334,0.07330297614162916
0.7164166666666667,0.24132096443075324
0.7165,0.7511450069270446
0.7165833333333333,0.7060274698695537
0.7166666666666667,0.584031803248461
0.71675,0.8859649418614286
0.7168333333333333,0.4040777867101363
0.7169166666666666,0.2625947123082085
0.717,0.5288245819781088
0.7170833333333333,0.13602186522564302
0.7171666666666666,0.11069217633466558
0.71725,0.048989621608055305
0.7173333333333334,-0.3672597786268015
0.7174166666666667,-0.13103069946384577
0.7175,0.13008233901404836
0.7175833333333334,0.016940146940619898
0.7176666666666667,-0.09410605524451648
0.71775,-0.5074158193240739
0.7178333333333333,-0.605848683158241
0.7179166666666666,-0.13296481647264657
0.718,-0.2803267617358788
0.7180833333333333,-0.2802244384116752
0.7181666666666666,0.26983995530964316
0.71825,0.002480813560814774
0.7183333333333334,-0.08633033876649646
0.7184166666666667,0.12417679389355799
0.7185,-0.24030842799527938
0.7185833333333334,0.11890808781287174
0.7186666666666667,0.5656126534590127
0.71875,0.30809727796459296
0.7188333333333333,0.44627444983553427
0.7189166666666666,0.4643289985128643
0.719,0.230896180076553
0.7190833333333333,0.3903525471920267
0.7191666666666666,0.19154979274872672
0.71925,-0.2188525593409335
0.7193333333333334,0.0374256919431237
0.7194166666666667,0.2802279733509313
0.7195,0.08919590576955992
0.7195833333333334,-0.11946289123357523
0.7196666666666667,-0.2921585223014694
0.71975,-0.27254619383702844
0.7198333333333333,-0.19536296858294866
0.7199166666666666,-0.0523946328516322
0.72,0.0900931491897124
0.7200833333333333,-0.14410351298548574
0.7201666666666666,-0.29276234462801515
0.72025,-0.19619243958957866
0.7203333333333334,-0.11157447464812703
0.7204166666666667,-0.23359052004301734
0.7205,-0.3988086681127667
0.7205833333333334,-0.10575502504758058
0.7206666666666667,0.08134911303611683
0.72075,-0.12788113168548554
0.7208333333333333,-0.2157852802658933
0.7209166666666667,-0.25160295976990565
0.721,-0.48139912652140293
0.7210833333333333,-0.7187436050884717
0.7211666666666666,-0.6136772375399346
0.72125,-0.47393654659599305
0.7213333333333334,-0.49621669082973746
0.7214166666666667,-0.4490641227499826
0.7215,-0.42536410409996206
0.7215833333333334,-0.26411632272747465
0.7216666666666667,-0.1684906405518791
0.72175,-0.17591683728489732
0.7218333333333333,0.19603910917811634
0.7219166666666667,0.5170938493674464
0.722,0.5461952234008707
0.7220833333333333,0.515317114501251
0.7221666666666666,0.3221643786020143
0.72225,0.06344629450110177
0.7223333333333334,0.11400771145690891
0.7224166666666667,0.4443764213158741
0.7225,0.5831127333898339
0.7225833333333334,0.5715908490590972
0.7226666666666667,0.7034151245135568
0.72275,0.7394796687647625
0.7228333333333333,0.5852874165887806
0.7229166666666667,0.34498170787528
0.723,0.12537950978582685
0.7230833333333333,0.4543981947749619
0.7231666666666666,0.6752172342239164
0.72325,0.28636898646754905
0.7233333333333334,0.295995372795547
0.7234166666666667,0.1812011460154383
0.7235,-0.22244387513814262
0.7235833333333334,-0.33343079659738495
0.7236666666666667,-0.6086296095503669
0.72375,-0.6406699161353208
0.7238333333333333,-0.3871968284124132
0.7239166666666667,-0.12154433752411659
0.724,-0.13854586448514328
0.7240833333333333,-0.5548082706928821
0.7241666666666666,-0.27573805824590014
0.72425,-0.23174809326054865
0.7243333333333334,-0.5357454584735016
0.7244166666666667,-0.06148028029657356
0.7245,-0.5239571083153178
0.7245833333333334,-0.8353023217960207
0.7246666666666667,-0.07231891561221188
0.72475,-0.3153102090629235
0.7248333333333333,-0.4544337055445522
0.7249166666666667,-0.06904221283551196
0.725,0.26739317954255376
0.7250833333333333,0.4122977414787402
0.7251666666666666,-0.07296399152402835
0.72525,-0.019841836551678614
0.7253333333333334,-0.03756491838631793
0.7254166666666667,-0.24016170007477775
0.7255,0.18115028146715195
0.7255833333333334,0.15744272517252897
0.7256666666666667,0.14736691356209988
0.72575,0.4440961133377016
0.7258333333333333,0.528726036952656
0.7259166666666667,0.2867924614734927
0.726,-0.4347818975910646
0.7260833333333333,-0.6817411449057513
0.7261666666666666,-0.4197984377665632
0.72625,-0.06003855554849209
0.7263333333333334,0.28724103118942823
0.7264166666666667,-0.16131080272785975
0.7265,-0.30456840437386773
0.7265833333333334,0.0702727604829964
0.7266666666666667,-0.4199758954618537
0.72675,-0.6359864175038834
0.7268333333333333,-0.2808626110358651
0.7269166666666667,-0.06159832158494063
0.727,0.271191667948379
0.7270833333333333,0.3031108360776079
0.7271666666666666,0.3304642228004213
0.72725,0.2501832150183459
0.7273333333333334,0.009802404273672771
0.7274166666666667,0.1263423304486038
0.7275,-0.20120751684461952
0.7275833333333334,-0.10474752083403996
0.7276666666666667,0.6188003068355337
0.72775,0.6977489044118449
0.7278333333333333,0.7326726012949837
0.7279166666666667,0.3721980067828116
0.728,0.13185576124597964
0.7280833333333333,0.5079803149633025
0.7281666666666666,0.18882942480899195
0.72825,0.023743658828803964
0.7283333333333334,0.057847763261095524
0.7284166666666667,0.1819515429141651
0.7285,0.7546958739757352
0.7285833333333334,0.5376427140181336
0.7286666666666667,0.1847969234676481
0.72875,0.09615181075612253
0.7288333333333333,0.1258524727373685
0.7289166666666667,0.2363217532063112
0.729,-0.0783342761487986
0.7290833333333333,0.10770064420067472
0.7291666666666666,0.17529978802233098
0.72925,-0.033381339959524164
0.7293333333333333,0.14239538955826644
0.7294166666666667,-0.1267322672705532
0.7295,-0.27344518696245534
0.7295833333333334,-0.11950254318519338
0.7296666666666667,0.013795418715694806
0.72975,0.06554793322347065
0.7298333333333333,-0.1404758745157368
0.7299166666666667,-0.11570198415089028
0.73,-0.0988761824672703
0.7300833333333333,-0.19759369342974806
0.7301666666666666,-0.27773251232771307
0.73025,-0.1320892972335907
0.7303333333333333,0.08593317683986083
0.7304166666666667,-0.07025397863312785
0.7305,0.24042821724646618
0.7305833333333334,0.2109902054533933
0.7306666666666667,-0.43659144051738275
0.73075,-0.019001123255475726
0.7308333333333333,0.08643911530647407
0.7309166666666667,-0.6299644751963053
0.731,-0.38362911237908376
0.7310833333333333,-0.01126121246885751
0.7311666666666666,-0.06931494259875641
0.73125,0.043575021019870694
0.7313333333333333,-0.32046063541445025
0.7314166666666667,-0.5495701749539226
0.7315,-0.3794784682428787
0.7315833333333334,-0.5161026310961833
0.7316666666666667,-0.14850628233934507
0.73175,-0.02628904286232439
0.7318333333333333,-0.31070134692603674
0.7319166666666667,0.11462893662943098
0.732,0.004259755924170625
0.7320833333333333,-0.40980049430279536
0.7321666666666666,-0.21029499806394106
0.73225,-0.031540711951427186
0.7323333333333333,0.061584905542234815
0.7324166666666667,0.008403050801263882
0.7325,0.13253251468756108
0.7325833333333334,0.23799175624499555
0.7326666666666667,-0.09472365063845158
0.73275,-0.1671995710849191
0.7328333333333333,-0.2663873937138169
0.7329166666666667,-0.36270405686804036
0.733,0.06739140318179072
0.7330833333333333,0.3112330445093415
0.7331666666666666,0.3332891750149925
0.73325,0.4034188037522073
0.7333333333333333,0.05360466387984995
0.7334166666666667,-0.42233177415761997
0.7335,-0.335231273425546
0.7335833333333334,-0.19547426969127246
0.7336666666666667,-0.056259383325841385
0.73375,0.3245348035376363
0.7338333333333333,0.05986667058298958
0.7339166666666667,-0.14819949639287666
0.734,-0.13618765869968036
0.7340833333333333,-0.5327196463499793
0.7341666666666666,-0.326184683612753
0.73425,-0.23006518433144738
0.7343333333333333,-0.034321813942832964
0.7344166666666667,0.833314143898979
0.7345,0.6766748613492384
0.7345833333333334,0.35068094372145414
0.7346666666666667,0.6621990734751567
0.73475,0.5935283089334098
0.7348333333333333,0.2001850944513332
0.7349166666666667,0.09384708688102897
0.735,0.49864911509278953
0.7350833333333333,0.44394805455937913
0.7351666666666666,0.13787553590257667
0.73525,0.2257579359335286
0.7353333333333333,-0.11876354221894286
0.7354166666666667,-0.15302057257496313
0.7355,0.27739229778429
0.7355833333333334,0.19572978556536158
0.7356666666666667,0.48011288488989173
0.73575,0.7639564445120357
0.7358333333333333,0.48716721277568886
0.7359166666666667,0.47894539616525394
0.736,-0.1351033450600828
0.7360833333333333,-0.7015100745642281
0.7361666666666666,0.01364961397546719
0.73625,0.0883334250282567
0.7363333333333333,-0.2552934789236363
0.7364166666666667,0.14736209491786187
0.7365,-0.07141762716115467
0.7365833333333334,-0.6283704241299768
0.7366666666666667,-0.704115332219462
0.73675,-0.8328305075332673
0.7368333333333333,-0.7799347290051734
0.7369166666666667,-0.5391482481404081
0.737,-0.4782559137731011
0.7370833333333333,-0.35621250870154725
0.7371666666666666,-0.4321764323173061
0.73725,-0.6145637548677936
0.7373333333333333,-0.2619445607462096
0.7374166666666667,-0.16175456988247525
0.7375,-0.427303649842684
0.7375833333333334,-0.13312092781387422
0.7376666666666667,-0.020652364272354104
0.73775,-0.043493074527958114
0.7378333333333333,0.1146651119228069
0.7379166666666667,-0.19476893862977418
0.738,0.01745559111553789
0.7380833333333333,0.3110047877867488
0.7381666666666666,0.04963217544905405
0.73825,0.3334691813566905
0.7383333333333333,0.4434442619383269
0.7384166666666667,0.3590630499567431
0.7385,0.3391337290118836
0.7385833333333334,0.11118785908148239
0.7386666666666667,0.07549687571213269
0.73875,-0.2227687485623619
0.7388333333333333,-0.14281210588410537
0.7389166666666667,0.4260119728032571
0.739,0.30643778741820576
0.7390833333333333,-0.016618230753832397
0.7391666666666666,0.22946228962576742
0.73925,0.41916037068353806
0.7393333333333333,0.19894259315581309
0.7394166666666667,0.33418503601921995
0.7395,0.42707845871253247
0.7395833333333334,0.48196835133351174
0.7396666666666667,0.7346367360570495
0.73975,0.4681707093128212
0.7398333333333333,0.4046740656131665
0.7399166666666667,0.4474987428615561
0.74,0.08163902773114566
0.7400833333333333,-0.13597050310813608
0.7401666666666666,-0.10665394369643678
0.74025,0.023825832120087792
0.7403333333333333,-0.11259579891351815
0.7404166666666666,-0.23508332722034458
0.7405,-0.30302941050193793
0.7405833333333334,-0.6280391344180656
0.7406666666666667,-0.7549379801213765
0.74075,-0.4560899258710287
0.7408333333333333,-0.15622298156474945
0.7409166666666667,-0.2836197583536979
0.741,-0.06432766280397498
0.7410833333333333,0.18251084249463762
0.7411666666666666,-0.07815106207626442
0.74125,0.09857345883123139
0.7413333333333333,-0.023265051091116373
0.7414166666666666,-0.2828742806167838
0.7415,-0.03911402984389632
0.7415833333333334,-0.11011251485571763
0.7416666666666667,-0.023529845658523986
0.74175,0.29104690216830437
0.7418333333333333,0.3202518550232916
0.7419166666666667,0.2297826120087817
0.742,0.14168672742917515
0.7420833333333333,-0.033242262739769525
0.7421666666666666,-0.3284372931494457
0.74225,-0.46015054991854176
0.7423333333333333,-0.494071581369685
0.7424166666666666,-0.3083247925153512
0.7425,0.00324776302852037
0.7425833333333334,0.018282295737868715
0.7426666666666667,0.02022292935842658
0.74275,-0.2813768520620211
0.7428333333333333,-0.7480428357649822
0.7429166666666667,-0.6416967082622819
0.743,-0.4852214710592778
0.7430833333333333,-0.39007773904159376
0.7431666666666666,-0.1485980951776313
0.74325,-0.050627779099277744
0.7433333333333333,0.05062557535657861
0.7434166666666666,-0.04014001971131925
0.7435,-0.26639558097218813
0.7435833333333334,-0.1893276811422516
0.7436666666666667,-0.18765689631848337
0.74375,-0.19601368391355176
0.7438333333333333,-0.020272564945562708
0.7439166666666667,-0.003673860952306378
0.744,-0.036232764943509334
0.7440833333333333,-0.0277922819683702
0.7441666666666666,0.028049255627528615
0.74425,-0.014065258263534651
0.7443333333333333,-0.1541707081635514
0.7444166666666666,-0.14141452125474396
0.7445,-0.1338580747159204
0.7445833333333334,0.22035903046094762
0.7446666666666667,0.4509465885940151
0.74475,0.16537794325263416
0.7448333333333333,0.7231730135959772
0.7449166666666667,0.9614801484007532
0.745,0.22188898062563434
0.7450833333333333,0.5299272627315884
0.7451666666666666,0.7109327098765483
0.74525,0.21845061056952872
0.7453333333333333,0.4757363348196039
0.7454166666666666,0.7043388714628441
0.7455,0.651732126244069
0.7455833333333334,0.5908455142376778
0.7456666666666667,0.46187729363587005
0.74575,0.3140388827900135
0.7458333333333333,-0.06058020222199504
0.7459166666666667,-0.12097611588027056
0.746,0.1496171605957803
0.7460833333333333,0.0917197870683437
0.7461666666666666,-0.008549796370837212
0.74625,-0.01165229622420877
0.7463333333333333,-0.18066417681128263
0.7464166666666666,-0.08982700553011055
0.7465,-0.04355964195384657
0.7465833333333334,-0.37451859402511534
0.7466666666666667,-0.3804290157300069
0.74675,-0.40905457371239057
0.7468333333333333,-0.4879076244753349
0.7469166666666667,-0.4488355994638325
0.747,-0.5492525543435897
0.7470833333333333,-0.22680674891911778
0.7471666666666666,0.0027950472572275563
0.74725,0.053374013354542255
0.7473333333333333,0.21584796869840261
0.7474166666666666,-0.1667693780771159
0.7475,-0.462504400051772
0.7475833333333334,-0.32469152834495313
0.7476666666666667,-0.25716894182681477
0.74775,-0.285913948534008
0.7478333333333333,-0.014100795572293058
0.7479166666666667,0.36092049132760473
0.748,0.23497758298788363
0.7480833333333333,0.21902840263711176
0.7481666666666666,0.16713385717368412
0.74825,-0.06798125517182801
0.7483333333333333,-0.03875170998372366
0.7484166666666666,-0.027707821482967628
0.7485,0.3617257224818663
0.7485833333333334,0.5402686874495968
0.7486666666666667,0.3106324669078404
0.74875,0.26008087023601373
0.7488333333333334,-0.13714230152512794
0.7489166666666667,-0.29712910162955225
0.749,-0.3557168361242647
0.7490833333333333,-0.4507377994872916
0.7491666666666666,-0.1587449563943671
0.74925,-0.06085630943056621
0.7493333333333333,0.17148938435895655
0.7494166666666666,-0.06373015193349016
0.7495,-0.4980179369632377
0.7495833333333334,-0.2352660361309007
0.7496666666666667,-0.18420883969473423
0.74975,-0.02141617384452401
0.7498333333333334,-0.07921797149372845
0.7499166666666667,-0.14158368497900023
0.75,0.3851902026923524
0.7500833333333333,0.26868306114886614
0.7501666666666666,0.08073910068439355
0.75025,0.030616910581074797
0.7503333333333333,-0.016361656049735718
0.7504166666666666,0.2200046944293321
0.7505,0.16058715168509463
0.7505833333333334,0.38686057976003674
0.7506666666666667,0.4836578021821063
0.75075,0.33823553568664333
0.7508333333333334,0.4377118210103756
0.7509166666666667,0.13634659978140812
0.751,0.3348137566199269
0.7510833333333333,0.5571900403367092
0.7511666666666666,0.1928979097497789
0.75125,0.44779168738786984
0.7513333333333333,0.3285559176037952
0.7514166666666666,-0.09523591419364305
0.7515,0.05560621342159929
0.7515833333333334,-0.13023048253061414
0.7516666666666667,-0.13504354825000686
0.75175,0.03719387406869267
0.7518333333333334,-0.24104907768450773
0.7519166666666667,-0.18793706643112035
0.752,-0.3010116986388518
0.7520833333333333,-0.4931629034992975
0.7521666666666667,-0.10605463061085751
0.75225,-0.208997661550399
0.7523333333333333,-0.30038925330917926
0.7524166666666666,-0.09023733130279128
0.7525,-0.2592244752348699
0.7525833333333334,-0.1995575318885423
0.7526666666666667,-0.40483825088303715
0.75275,-0.7454527688950041
0.7528333333333334,-0.5099879286980298
0.7529166666666667,-0.4170908023041361
0.753,-0.4802613376127258
0.7530833333333333,-0.38847459150024033
0.7531666666666667,-0.20930061488153953
0.75325,-0.12064536373986201
0.7533333333333333,-0.016555091789306836
0.7534166666666666,0.14913022523353195
0.7535,0.07528060784593867
0.7535833333333334,0.018679277486495137
0.7536666666666667,0.047379576440257226
0.75375,0.11388440791808258
0.7538333333333334,-0.06821437237007484
0.7539166666666667,-0.183050442882817
0.754,0.323396247917656
0.7540833333333333,0.35160456968562587
0.7541666666666667,0.28591897867989263
0.75425,0.5261984116773306
0.7543333333333333,0.29933205593448164
0.7544166666666666,0.4100616757759345
0.7545,0.5325059599145638
0.7545833333333334,0.3857953206620712
0.7546666666666667,0.46275626981161344
0.75475,0.41883114758595097
0.7548333333333334,0.5218755995700106
0.7549166666666667,0.4710459268654933
0.755,0.27942064406266515
0.7550833333333333,0.266291548821361
0.7551666666666667,0.05325895104337327
0.75525,0.16224535279431465
0.7553333333333333,0.4468575470098706
0.7554166666666666,0.18722269982669348
0.7555,0.07779779736987401
0.7555833333333334,0.34337716766103166
0.7556666666666667,-0.08074095253916547
0.75575,-0.37319932107629605
0.7558333333333334,0.061921544290081725
0.7559166666666667,-0.34565093832524096
0.756,-0.6825386813242913
0.7560833333333333,-0.29828036715879747
0.7561666666666667,-0.5185652932312919
0.75625,-0.6941938960387142
0.7563333333333333,-0.46533785585342136
0.7564166666666666,-0.39427423484181817
0.7565,-0.21477367405221837
0.7565833333333334,-0.04387282345054514
0.7566666666666667,-0.2541258049999268
0.75675,-0.4548864904853347
0.7568333333333334,-0.43694688695989936
0.7569166666666667,-0.38574889541595003
0.757,-0.24451161262239765
0.7570833333333333,-0.04685890950780998
0.7571666666666667,0.31581923586998667
0.75725,0.5582678660951927
0.7573333333333333,0.31383770501826086
0.7574166666666666,0.19396317914462272
0.7575,0.3207152396769568
0.7575833333333334,0.21179435065245797
0.7576666666666667,0.2321634861298633
0.75775,0.5632295635870513
0.7578333333333334,0.5410994146264885
0.7579166666666667,0.20434400273054476
0.758,0.01894413954962986
0.7580833333333333,-0.2318718725471592
0.7581666666666667,-0.5216717764255077
0.75825,-0.5339812270421761
0.7583333333333333,-0.35624353338875236
0.7584166666666666,-0.13810792616867099
0.7585,-0.11134452034529375
0.7585833333333334,0.029949381727062206
0.7586666666666667,0.2311547289558197
0.75875,-0.08078182506622407
0.7588333333333334,-0.16824354768533645
0.7589166666666667,-0.11815602857220771
0.759,-0.3376976037314059
0.7590833333333333,-0.2839402493463486
0.7591666666666667,-0.026356139147543443
0.75925,0.21097287552095334
0.7593333333333333,-0.044199794878057606
0.7594166666666666,-0.2228055287773486
0.7595,0.02525038735471713
0.7595833333333334,-0.03817157383295216
0.7596666666666667,0.03668082834919196
0.75975,0.10576332270068921
0.7598333333333334,0.16126611023529358
0.7599166666666667,0.4895262737178957
0.76,0.4171395296356303
0.7600833333333333,0.28355282106518137
0.7601666666666667,0.24161529514560515
0.76025,0.10532164345333607
0.7603333333333333,0.20550118657984764
0.7604166666666666,0.06563790163563178
0.7605,-0.20357384910937695
0.7605833333333333,0.09277956864185279
0.7606666666666667,0.2761217294092322
0.76075,0.22483698510073696
0.7608333333333334,0.3826336081129434
0.7609166666666667,0.05478374720056063
0.761,-0.2799384201270009
0.7610833333333333,-0.060022908610106125
0.7611666666666667,-0.01800861909922869
0.76125,-0.01412531328318137
0.7613333333333333,-0.07267013723284942
0.7614166666666666,-0.20957878562577845
0.7615,-0.11698311241904463
0.7615833333333333,-0.2452263398377264
0.7616666666666667,-0.4771790308274586
0.76175,-0.38667648754036466
0.7618333333333334,0.018461257563541535
0.7619166666666667,0.266590467450812
0.762,0.0234627452969337
0.7620833333333333,-0.10270990364975592
0.7621666666666667,-0.11939028969334538
0.76225,-0.3824365989062089
0.7623333333333333,-0.5301309943290917
0.7624166666666666,-0.5885073789210353
0.7625,-0.4940555078367991
0.7625833333333333,0.0074550331921099935
0.7626666666666667,0.38030202702485216
0.76275,0.42613111953779664
0.7628333333333334,0.2197627445712962
0.7629166666666667,-0.02551634880894025
0.763,0.020294039916654655
0.7630833333333333,-0.12963489253610203
0.7631666666666667,0.011169798540624947
0.76325,0.5055851337038796
0.7633333333333333,0.5846092206913296
0.7634166666666666,0.6689694963589053
0.7635,0.44702621711275575
0.7635833333333333,0.1295654265031777
0.7636666666666667,0.039403037902541564
0.76375,-0.21562963918424416
0.7638333333333334,-0.13024229166496398
0.7639166666666667,0.12232808595853617
0.764,0.5539317321379195
0.7640833333333333,0.7945480923554832
0.7641666666666667,0.2632608271810737
0.76425,-0.023505315759170198
0.7643333333333333,-0.2391855718719183
0.7644166666666666,-0.5493249830372162
0.7645,-0.3522108453149012
0.7645833333333333,-0.32916044221309126
0.7646666666666667,-0.30196072580482
0.76475,0.06979879091050242
0.7648333333333334,-0.10731283740972242
0.7649166666666667,-0.5114809697629223
0.765,-0.34907198933074335
0.7650833333333333,-0.2282192306082128
0.7651666666666667,-0.18857918840321966
0.76525,0.25168716877125114
0.7653333333333333,0.30528248839513883
0.7654166666666666,0.021985179988261626
0.7655,-0.0784776597060178
0.7655833333333333,-0.4097298196516188
0.7656666666666667,-0.3212416926265129
0.76575,0.01562514063932554
0.7658333333333334,-0.2547030875530645
0.7659166666666667,-0.04194075029583714
0.766,0.3512501429527244
0.7660833333333333,0.023625419704937846
0.7661666666666667,0.14102750083558682
0.76625,0.385612017175498
0.7663333333333333,0.07921388300096975
0.7664166666666666,0.16361354171126835
0.7665,0.3335268642114895
0.7665833333333333,0.3622170450499355
0.7666666666666667,0.4622226667535859
0.76675,0.08210656768843805
0.7668333333333334,0.01494143769974869
0.7669166666666667,0.2392420632644002
0.767,-0.09680631523267741
0.7670833333333333,-0.20084882121298528
0.7671666666666667,-0.18699187102447729
0.76725,-0.12494725622009947
0.7673333333333333,-0.008305162701272685
0.7674166666666666,-0.45575516315581793
0.7675,-0.33477814473688167
0.7675833333333333,-0.015252533648947556
0.7676666666666667,-0.4317932170180835
0.76775,-0.37134211237217546
0.7678333333333334,-0.14763624014984988
0.7679166666666667,-0.26792196825067977
0.768,-0.40494123990701464
0.7680833333333333,-0.4871018022595252
0.7681666666666667,-0.34543541279686923
0.76825,-0.5413018776557168
0.7683333333333333,-0.5955004721459403
0.7684166666666666,-0.28505644917254425
0.7685,-0.30563262703739613
0.7685833333333333,-0.32362403881177226
0.7686666666666667,-0.4694595963937592
0.76875,-0.25158968009558913
0.7688333333333334,0.1985006337833582
0.7689166666666667,0.025991562037289508
0.769,0.22664520721501324
0.7690833333333333,0.4921246435326041
0.7691666666666667,0.3212482327589664
0.76925,0.33049830637706823
0.7693333333333333,0.19147946330306265
0.7694166666666666,0.2879671943533869
0.7695,0.4782571254307052
0.7695833333333333,0.16155375807675887
0.7696666666666667,0.17058292985442042
0.76975,0.11066421142335174
0.7698333333333334,-0.18592039217655615
0.7699166666666667,0.17257748821553864
0.77,0.36227326354412825
0.7700833333333333,0.26502224466650365
0.7701666666666667,0.2904208949651322
0.77025,-0.049598257549605916
0.7703333333333333,-0.17804283854063394
0.7704166666666666,-0.0072352911894136085
0.7705,-0.0886372842525513
0.7705833333333333,-0.1658889180694148
0.7706666666666667,-0.16425518799136446
0.77075,-0.04850927540923712
0.7708333333333334,-0.009854468203822487
0.7709166666666667,-0.1868901131625433
0.771,-0.1849878957543704
0.7710833333333333,-0.23292096463961798
0.7711666666666667,-0.22999242178815615
0.77125,0.11271764456366884
0.7713333333333333,0.32180333193806543
0.7714166666666666,0.4061177850647993
0.7715,0.17847401750774994
0.7715833333333333,-0.10311873631868956
0.7716666666666666,-0.06411691826953504
0.77175,-0.3809630476466555
0.7718333333333334,-0.33842582329559223
0.7719166666666667,0.08352284755649293
0.772,0.3457655727231327
0.7720833333333333,0.8847809641520019
0.7721666666666667,0.6569324221258095
0.77225,0.22471666048814867
0.7723333333333333,0.2693041890859022
0.7724166666666666,-0.12924113824293387
0.7725,0.012799805758749219
0.7725833333333333,0.32883297016682245
0.7726666666666666,0.08879826198467694
0.77275,0.3819210351753439
0.7728333333333334,0.48808030818973946
0.7729166666666667,0.1168332224362334
0.773,0.11654617304015656
0.7730833333333333,-0.01816260807256739
0.7731666666666667,-0.23066046574658258
0.77325,-0.32677106109880993
0.7733333333333333,-0.4828912913727726
0.7734166666666666,-0.4286866693202268
0.7735,-0.43078351084674665
0.7735833333333333,-0.4097263439085169
0.7736666666666666,-0.22458772520147766
0.77375,-0.26524202716471956
0.7738333333333334,-0.28553515042679295
0.7739166666666667,-0.12684705617553604
0.774,-0.12055349592560258
0.7740833333333333,-0.17202694633453625
0.7741666666666667,-0.044115686410229116
0.77425,0.05480519959035513
0.7743333333333333,0.05210229858156396
0.7744166666666666,0.43555513474943597
0.7745,0.8212258701578421
0.7745833333333333,0.4373959378234093
0.7746666666666666,0.12276500912369671
0.77475,-0.022660557798563
0.7748333333333334,-0.31232053701773976
0.7749166666666667,-0.15887448609121171
0.775,-0.18208842153946467
0.7750833333333333,-0.09383850323289634
0.7751666666666667,0.21796734072719767
0.77525,0.019566891336901614
0.7753333333333333,0.19391379089530544
0.7754166666666666,0.2681861978394438
0.7755,0.039096513440212165
0.7755833333333333,0.25188818352266185
0.7756666666666666,0.06919787458804127
0.77575,-0.3085573452604213
0.7758333333333334,-0.3020207628418089
0.7759166666666667,-0.17622331229197308
0.776,-0.06807470975622812
0.7760833333333333,-0.04950054411073958
0.7761666666666667,0.03015956533999583
0.77625,0.11819786127583035
0.7763333333333333,0.08047414440607811
0.7764166666666666,0.07596144497320662
0.7765,0.19346745427885045
0.7765833333333333,0.22571573397989794
0.7766666666666666,0.17778459157234125
0.77675,0.291776560924056
0.7768333333333334,0.47416683401613624
0.7769166666666667,0.189732264818013
0.777,-0.21298080954952836
0.7770833333333333,-0.012809390535067947
0.7771666666666667,-0.2395391155482447
0.77725,-0.7031029888272642
0.7773333333333333,-0.5120070143836193
0.7774166666666666,-0.4339511623708326
0.7775,-0.17940060794267038
0.7775833333333333,0.019302224173719983
0.7776666666666666,-0.18679790567578902
0.77775,0.0442174449696073
0.7778333333333334,0.2551794351054443
0.7779166666666667,0.3727831308339207
0.778,0.4427151819897232
0.7780833333333333,0.12175701058925995
0.7781666666666667,0.3281535329140994
0.77825,0.7218835124941647
0.7783333333333333,0.4633648845210306
0.7784166666666666,0.19914096970743764
0.7785,0.06433050605204099
0.7785833333333333,0.2252543829696423
0.7786666666666666,0.48579635485199446
0.77875,0.1501084395874053
0.7788333333333334,0.09112061631562923
0.7789166666666667,0.39754188465954543
0.779,0.05964199097260788
0.7790833333333333,-0.4637905985043734
0.7791666666666667,-0.4294217057060551
0.77925,-0.2635454245900525
0.7793333333333333,-0.2172601998894329
0.7794166666666666,-0.052309498541251505
0.7795,-0.41941613156654234
0.7795833333333333,-0.8705718622595411
0.7796666666666666,-0.7619882851289362
0.77975,-0.8897378050231386
0.7798333333333334,-0.6038733748034304
0.7799166666666667,-0.19830901448558047
0.78,-0.4577088872277278
0.7800833333333334,0.04592816844555589
0.7801666666666667,0.3166847747729822
0.78025,-0.3923168077422404
0.7803333333333333,-0.19214587577619857
0.7804166666666666,-0.25176842461616733
0.7805,-0.741509289247555
0.7805833333333333,-0.23156298033392697
0.7806666666666666,-0.12655378001282502
0.78075,0.08524467962855983
0.7808333333333334,0.3201755610006756
0.7809166666666667,-0.42692508513612304
0.781,-0.29240725582351407
0.7810833333333334,0.08392033521688545
0.7811666666666667,-0.08429350014093838
0.78125,0.09005663356339173
0.7813333333333333,-0.04086241670894321
0.7814166666666666,-0.0811804419744383
0.7815,0.16376519024591024
0.7815833333333333,-0.056190910099057564
0.7816666666666666,-0.06167817285766621
0.78175,0.3163295702627829
0.7818333333333334,0.42868939938087386
0.7819166666666667,0.6170322478062275
0.782,0.7301663488433421
0.7820833333333334,0.459429586811522
0.7821666666666667,0.2801692516271013
0.78225,0.22090029447195053
0.7823333333333333,0.4352407826506898
0.7824166666666666,0.5279353947388977
0.7825,0.26049632084277874
0.7825833333333333,0.22363490143714965
0.7826666666666666,0.30315621069353244
0.78275,0.3212251196181769
0.7828333333333334,0.08439546853308985
0.7829166666666667,0.17815539337032396
0.783,0.45523529878237257
0.7830833333333334,0.2068420389954715
0.7831666666666667,0.22656272606935526
0.78325,0.23939969617968335
0.7833333333333333,0.21240722320530853
0.7834166666666667,0.17400428444069324
0.7835,0.08455379145998405
0.7835833333333333,0.4505738806556825
0.7836666666666666,0.17518873667082116
0.78375,0.03754096430131957
0.7838333333333334,0.6810062517128994
0.7839166666666667,0.6351122021894063
0.784,0.4803247794261909
0.7840833333333334,0.5031267506206489
0.7841666666666667,0.18737563681818106
0.78425,0.1841030390786672
0.7843333333333333,0.16578327178130758
0.7844166666666667,-0.1875466553922818
0.7845,0.0766761055494696
0.7845833333333333,0.3766267933935366
0.7846666666666666,0.19837722115045037
0.78475,0.13458537962127945
0.7848333333333334,-0.26719996733948637
0.7849166666666667,-0.7986402784426445
0.785,-0.9948399721180168
0.7850833333333334,-1.0536056721822136
0.7851666666666667,-1.0929993829866407
0.78525,-1.0558044449923971
0.7853333333333333,-0.743914178956995
0.7854166666666667,-0.5890643661899884
0.7855,-0.5352219162846651
0.7855833333333333,-0.5679294457878543
0.7856666666666666,-0.6925020774529392
0.78575,-0.3431410109026137
0.7858333333333334,-0.257318693842678
0.7859166666666667,-0.38626745215323033
0.786,-0.14538976011132695
0.7860833333333334,-0.07206554205924762
0.7861666666666667,-0.009543462178703244
0.78625,-0.16939515877836803
0.7863333333333333,-0.40843064321451816
0.7864166666666667,-0.08568326378660782
0.7865,0.02182185744440837
0.7865833333333333,0.19373794875040434
0.7866666666666666,0.7804078557233703
0.78675,0.845132010701761
0.7868333333333334,0.5852740333103035
0.7869166666666667,0.27759919505716857
0.787,0.1577030295033524
0.7870833333333334,0.1901816426986254
0.7871666666666667,0.06712382697695747
0.78725,0.3280082375029586
0.7873333333333333,0.42246929102955905
0.7874166666666667,0.3247655028062668
0.7875,0.40300949447738954
0.7875833333333333,0.1758650613104813
0.7876666666666666,0.13073178121197476
0.78775,0.0805431602234834
0.7878333333333334,0.1149133639079332
0.7879166666666667,0.28656718936221576
0.788,0.00503098548539544
0.7880833333333334,0.06427513186836573
0.7881666666666667,0.21510549491416497
0.78825,0.059110952070087125
0.7883333333333333,0.08601820056076367
0.7884166666666667,0.14833542297917968
0.7885,0.1622155807137795
0.7885833333333333,0.1035368793903696
0.7886666666666666,0.08492904641925403
0.78875,-0.13588274393373115
0.7888333333333334,-0.3156138505339806
0.7889166666666667,-0.07314096550612956
0.789,-0.30763916502242333
0.7890833333333334,-0.5674800315825829
0.7891666666666667,0.0665875575988339
0.78925,0.13007058739966731
0.7893333333333333,-0.669113808157145
0.7894166666666667,-0.5537270427807182
0.7895,-0.22713081783677155
0.7895833333333333,-0.32411920580606146
0.7896666666666666,-0.10678495443799654
0.78975,-0.3484299518571128
0.7898333333333334,-0.4498699611127115
0.7899166666666667,-0.1317682455758422
0.79,-0.3206235262846362
0.7900833333333334,-0.31845090607898163
0.7901666666666667,-0.1619009617945681
0.79025,-0.2808095961623746
0.7903333333333333,-0.3449391302027885
0.7904166666666667,-0.30023721219181493
0.7905,-0.5731217057532452
0.7905833333333333,-0.7023095981252381
0.7906666666666666,-0.14541232861046482
0.79075,0.03884441539856926
0.7908333333333334,0.25155746185845496
0.7909166666666667,0.5115282413055968
0.791,0.16562974266404362
0.7910833333333334,0.3359404567942411
0.7911666666666667,0.1549905694530197
0.79125,-0.36006775460795726
0.7913333333333333,0.18070303891802386
0.7914166666666667,0.4372120198494124
0.7915,0.32052896222607835
0.7915833333333333,0.7473556792205529
0.7916666666666666,0.8522926884099639
0.79175,0.6471770894812634
0.7918333333333333,0.6367437551470827
0.7919166666666667,0.4068354524583276
0.792,0.5082655834097045
0.7920833333333334,0.699821931333846
0.7921666666666667,0.14936719526315376
0.79225,0.2940454102713464
0.7923333333333333,0.7533985993547632
0.7924166666666667,0.34414783315822145
0.7925,0.33551829204992994
0.7925833333333333,0.2704304033245126
0.7926666666666666,-0.3043367751646332
0.79275,-0.19140135709176723
0.7928333333333333,-0.34700858930571454
0.7929166666666667,-0.8028346305766723
0.793,-0.1993952013357534
0.7930833333333334,0.04553059402737363
0.7931666666666667,-0.09189384490716909
0.79325,0.3689156408362967
0.7933333333333333,0.1596206844379378
0.7934166666666667,-0.058639891022539685
0.7935,0.24487724507169553
0.7935833333333333,-0.013970023937781318
0.7936666666666666,-0.2550934342461879
0.79375,-0.15620984892492235
0.7938333333333333,-0.12879635663728348
0.7939166666666667,-0.00244718697071824
0.794,0.0004887811121976605
0.7940833333333334,-0.18212966144339432
0.7941666666666667,-0.0786912124345077
0.79425,-0.06926844504455346
0.7943333333333333,-0.1943911982526251
0.7944166666666667,-0.06081586724997954
0.7945,-0.27498602187722904
0.7945833333333333,-0.5842415241427726
0.7946666666666666,-0.28487005946595045
0.79475,-0.06192085968545135
0.7948333333333333,-0.06282972141969842
0.7949166666666667,0.11644147358663058
0.795,-0.049689329377290266
0.7950833333333334,-0.14772989978279716
0.7951666666666667,-0.062290680616887036
0.79525,-0.3637881771591111
0.7953333333333333,-0.29706641120466054
0.7954166666666667,-0.11339933843446515
0.7955,-0.041568911186264455
0.7955833333333333,0.04234037982819631
0.7956666666666666,-0.07463796163832787
0.79575,0.06304627002518501
0.7958333333333333,-0.02542428525837397
0.7959166666666667,-0.11204798314226569
0.796,-0.01591388609127209
0.7960833333333334,-0.2656489492438567
0.7961666666666667,-0.3055661394406612
0.79625,-0.03221484053930692
0.7963333333333333,0.13591056332018714
0.7964166666666667,-0.21537587957281865
0.7965,-0.44515835315653657
0.7965833333333333,-0.33306471303606033
0.7966666666666666,-0.4208540779486374
0.79675,-0.20696534994748744
0.7968333333333333,-0.021085716821436146
0.7969166666666667,0.18888700776283723
0.797,0.37904338558345196
0.7970833333333334,0.04226356207945808
0.7971666666666667,-0.02303401912172854
0.79725,0.10933126564922431
0.7973333333333333,0.18689524133328422
0.7974166666666667,0.07964715989268846
0.7975,-0.0937992796069087
0.7975833333333333,0.26239101097876943
0.7976666666666666,0.2679013475982187
0.79775,0.03011471576658642
0.7978333333333333,0.2778234849949999
0.7979166666666667,0.2241034169810677
0.798,0.18953837581027594
0.7980833333333334,0.4910770453591956
0.7981666666666667,0.07176804832149108
0.79825,-0.3345711469457974
0.7983333333333333,0.08412176050409371
0.7984166666666667,0.11326835946788899
0.7985,-0.30941376957765876
0.7985833333333333,-0.3727604200447207
0.7986666666666666,0.034806406083007564
0.79875,0.3751597464997876
0.7988333333333333,0.010673545387698954
0.7989166666666667,-0.3243385405617185
0.799,-0.2011586588848662
0.7990833333333334,-0.30590796354372013
0.7991666666666667,-0.40101816590962913
0.79925,-0.2643116182777724
0.7993333333333333,-0.5261381634060454
0.7994166666666667,-0.7862328578390015
0.7995,-0.5029847410878163
0.7995833333333333,-0.38865250537285145
0.7996666666666666,-0.32005656326528986
0.79975,0.04165626548054154
0.7998333333333333,0.11213061335969127
0.7999166666666667,0.2854141814947442
0.8,0.3293072089454424
0.8000833333333334,-0.16521614635710435
0.8001666666666667,-0.04261703573776529
0.80025,-0.01758542986651862
0.8003333333333333,-0.34070238318916146
0.8004166666666667,0.21474275307999982
0.8005,0.5291867580627285
0.8005833333333333,0.2593984985516083
0.8006666666666666,0.04260662596075629
0.80075,-0.14344027203458967
0.8008333333333333,0.03622391180471382
0.8009166666666667,0.14893721861194958
0.801,0.20956306970073008
0.8010833333333334,0.45353099206828335
0.8011666666666667,0.41572373489009073
0.80125,0.33748887745442313
0.8013333333333333,0.21837968232228772
0.8014166666666667,-0.0859725339728466
0.8015,-0.028358319198925955
0.8015833333333333,0.16489580704832843
0.8016666666666666,-0.037063128910806466
0.80175,-0.07088085521686344
0.8018333333333333,0.11531873280397036
0.8019166666666667,-0.13224335364031614
0.802,-0.29604686373645406
0.8020833333333334,-0.06629519765572217
0.8021666666666667,-0.04514068588371185
0.80225,0.12090551517595594
0.8023333333333333,0.5715838991483204
0.8024166666666667,0.5797531905841754
0.8025,0.3577783379600138
0.8025833333333333,0.2299424584409859
0.8026666666666666,-0.08819549210709689
0.80275,-0.28779127630604806
0.8028333333333333,-0.1269678570681565
0.8029166666666666,-0.03877049326900771
0.803,0.1531946214901957
0.8030833333333334,0.30016877701067857
0.8031666666666667,-0.08519905778662397
0.80325,-0.256807380368157
0.8033333333333333,-0.17317628158119924
0.8034166666666667,-0.19810965380237555
0.8035,-0.031965081294590886
0.8035833333333333,0.11769038143487187
0.8036666666666666,0.37494600967688846
0.80375,0.6724016180499583
0.8038333333333333,0.5613266251661531
0.8039166666666666,0.4327944456699583
0.804,0.36674935091125643
0.8040833333333334,0.056175629183142145
0.8041666666666667,-0.08821191330852853
0.80425,0.09742924371368246
0.8043333333333333,0.0684300714449986
0.8044166666666667,0.05762689234668838
0.8045,0.4718210402341692
0.8045833333333333,0.5053023682072416
0.8046666666666666,0.1277862309523451
0.80475,0.1393449331815625
0.8048333333333333,0.08728779150366942
0.8049166666666666,-0.1198689547234969
0.805,-0.13688313936572388
0.8050833333333334,-0.3472991027239494
0.8051666666666667,-0.28227609691139144
0.80525,-0.11188374854285524
0.8053333333333333,-0.42175993606743506
0.8054166666666667,-0.41581752677068423
0.8055,-0.5172937079261882
0.8055833333333333,-0.7892762602715443
0.8056666666666666,-0.5960890256435428
0.80575,-0.7739950247378733
0.8058333333333333,-0.8226985913996374
0.8059166666666666,-0.41446522194176644
0.806,-0.45919650868428663
0.8060833333333334,-0.319943150037102
0.8061666666666667,-0.01228754905740014
0.80625,-0.3137136960074686
0.8063333333333333,-0.19622681759983593
0.8064166666666667,0.46541936660598154
0.8065,0.44860351590544834
0.8065833333333333,0.29277455888043624
0.8066666666666666,0.22898518965770598
0.80675,-0.13513702733709074
0.8068333333333333,0.09291736502700312
0.8069166666666666,0.3152754460664293
0.807,0.026062373295592377
0.8070833333333334,0.46013380348913524
0.8071666666666667,0.6497952211546799
0.80725,0.22897072892263248
0.8073333333333333,0.4691362741373112
0.8074166666666667,0.3032291120209377
0.8075,-0.11321526128434095
0.8075833333333333,0.24998757570626284
0.8076666666666666,0.4166728820134229
0.80775,0.4909260918367329
0.8078333333333333,0.58366238293251
0.8079166666666666,0.33418197672395783
0.808,0.24341562113178897
0.8080833333333334,-0.067396226879066
0.8081666666666667,-0.5515606616352917
0.80825,-0.4615284915430587
0.8083333333333333,-0.37323712154587596
0.8084166666666667,-0.41833231793924847
0.8085,-0.24880364041933695
0.8085833333333333,-0.3071421439627072
0.8086666666666666,-0.09554678182411852
0.80875,0.1667983722758142
0.8088333333333333,-0.11370356448175191
0.8089166666666666,0.13312195127509086
0.809,0.290558156316785
0.8090833333333334,0.11000261093425273
0.8091666666666667,0.29403855905834575
0.80925,0.049956155631933084
0.8093333333333333,-0.1218892244832123
0.8094166666666667,-0.2385596653113605
0.8095,-0.2499112565765401
0.8095833333333333,0.16975300595721884
0.8096666666666666,-0.022287427219652968
0.80975,0.20783395434485355
0.8098333333333333,0.5478413546165077
0.8099166666666666,0.1558420424233085
0.81,0.15648997357193284
0.8100833333333334,-0.0336244320728938
0.8101666666666667,-0.21791518631646475
0.81025,-0.2472367211861149
0.8103333333333333,-0.47263350637399365
0.8104166666666667,-0.28886095431703673
0.8105,-0.17937554174418296
0.8105833333333333,-0.11284896283067389
0.8106666666666666,-0.274839531834648
0.81075,-0.570061703613647
0.8108333333333333,-0.3872547828876419
0.8109166666666666,-0.39055561277736955
0.811,-0.09198298982446533
0.8110833333333334,0.000470163445392648
0.8111666666666667,-0.4290248054025147
0.81125,-0.07210556826460489
0.8113333333333334,-0.005185272790939125
0.8114166666666667,-0.1447488559186826
0.8115,0.05745083540709322
0.8115833333333333,0.02458679251421659
0.8116666666666666,0.3500970956041639
0.81175,0.24765550833455754
0.8118333333333333,-0.13621185012388248
0.8119166666666666,0.13699772750852932
0.812,0.2951769191641096
0.8120833333333334,0.3911767468198446
0.8121666666666667,0.47053995788221914
0.81225,0.3076923879364255
0.8123333333333334,0.23863961019311547
0.8124166666666667,0.30570388864159675
0.8125,0.20478819269073642
0.8125833333333333,0.1440341661557732
0.8126666666666666,0.4406500955002569
0.81275,0.43582611542326993
0.8128333333333333,0.5334163214460735
0.8129166666666666,0.8944925559657343
0.813,0.4252164735861303
0.8130833333333334,0.14685427519361674
0.8131666666666667,0.431317665082012
0.81325,0.1977009401789079
0.8133333333333334,0.1738047426811374
0.8134166666666667,0.366647302238975
0.8135,0.17563833467691972
0.8135833333333333,0.15997280391847835
0.8136666666666666,-0.10167251314521117
0.81375,-0.4086152746578346
0.8138333333333333,0.03552164338483026
0.8139166666666666,0.37625986188189786
0.814,0.6297818914094262
0.8140833333333334,0.5708476276162526
0.8141666666666667,-0.06651683369875332
0.81425,-0.10627484732308581
0.8143333333333334,-0.3488690191910258
0.8144166666666667,-0.5817698754775277
0.8145,-0.11337507132848407
0.8145833333333333,-0.293157180080444
0.8146666666666667,-0.19302820658812425
0.81475,0.043703614543313035
0.8148333333333333,-0.49782504365375907
0.8149166666666666,-0.4481589745630857
0.815,-0.3394665593683972
0.8150833333333334,-0.4187893921901887
0.8151666666666667,-0.05139581247897994
0.81525,0.030352505207432184
0.8153333333333334,0.023258460913369576
0.8154166666666667,0.192067018694743
0.8155,-0.12788183712989712
0.8155833333333333,-0.6260469303993326
0.8156666666666667,-0.5134506180875917
0.81575,-0.4102978910359547
0.8158333333333333,-0.3567376449686638
0.8159166666666666,-0.2154413950503394
0.816,-0.5288275638601347
0.8160833333333334,-0.27306841222951067
0.8161666666666667,-0.1588717576998689
0.81625,-0.5487478655578619
0.8163333333333334,-0.20119777690125434
0.8164166666666667,-0.3539752037676829
0.8165,-0.37674669111635484
0.8165833333333333,0.054169243398892626
0.8166666666666667,-0.3744764093187434
0.81675,-0.4187061792937812
0.8168333333333333,-0.13622684478541974
0.8169166666666666,-0.05798095204145789
0.817,0.16572617020869296
0.8170833333333334,0.14537541839672438
0.8171666666666667,0.18634051264148077
0.81725,0.5150279658223758
0.8173333333333334,0.8983175882339716
0.8174166666666667,0.6763201061510926
0.8175,0.22576966097137446
0.8175833333333333,0.5126144913273019
0.8176666666666667,0.6291932700140677
0.81775,0.5968067177907803
0.8178333333333333,0.49266587644651527
0.8179166666666666,0.06429611968734841
0.818,0.06286764083323515
0.8180833333333334,-0.07557036007288133
0.8181666666666667,-0.06747883593824927
0.81825,-0.06041887355105354
0.8183333333333334,-0.5054337677749525
0.8184166666666667,-0.25020876354403493
0.8185,-0.277832366949085
0.8185833333333333,-0.4948885174504944
0.8186666666666667,-0.10026650824008587
0.81875,0.11934022449638973
0.8188333333333333,0.45380402836643247
0.8189166666666666,0.222027560748631
0.819,-0.23054800303805256
0.8190833333333334,-0.08839757283252209
0.8191666666666667,-0.22694309311336228
0.81925,-0.019841576087331454
0.8193333333333334,0.30882723484035346
0.8194166666666667,0.17291904829998347
0.8195,0.23704311551655313
0.8195833333333333,0.2509845348023616
0.8196666666666667,0.3341690793044805
0.81975,0.42714458359215535
0.8198333333333333,0.20008980423824888
0.8199166666666666,0.25782163551212484
0.82,0.46827741275675816
0.8200833333333334,0.4334575024403192
0.8201666666666667,0.31387024773954936
0.82025,-0.14644563733505483
0.8203333333333334,-0.6365719467699774
0.8204166666666667,-0.6268622420872161
0.8205,-0.5643827440981262
0.8205833333333333,-0.4597008826375041
0.8206666666666667,-0.33159089318895035
0.82075,-0.38653531205293445
0.8208333333333333,-0.28705296465372554
0.8209166666666666,-0.037378908516971655
0.821,-0.05303430627202985
0.8210833333333334,-0.3067761403794071
0.8211666666666667,-0.0027797733327059046
0.82125,0.2070305459587238
0.8213333333333334,0.04182925068462911
0.8214166666666667,0.10895910407254299
0.8215,-0.5278030073289453
0.8215833333333333,-0.5752787424984789
0.8216666666666667,-0.21344329441817428
0.82175,-0.7147244313052739
0.8218333333333333,-0.1807801726962842
0.8219166666666666,0.03340899902987026
0.822,-0.22796527137227288
0.8220833333333334,0.25308169981324735
0.8221666666666667,-0.19614842324833878
0.82225,-0.1848570342185177
0.8223333333333334,0.24817944840505246
0.8224166666666667,0.010128475197151118
0.8225,0.26453317822874517
0.8225833333333333,0.17218237838753997
0.8226666666666667,0.027082193770999158
0.82275,0.12552043074613145
0.8228333333333333,-0.026314498128954242
0.8229166666666666,0.07316860554724762
0.823,-0.0856909667415892
0.8230833333333333,0.06954925575052427
0.8231666666666667,0.3676075244847215
0.82325,0.1425732198813732
0.8233333333333334,0.1288640273101287
0.8234166666666667,0.019784397939338068
0.8235,0.10657865384522072
0.8235833333333333,0.1261441114326773
0.8236666666666667,-0.19531883358641916
0.82375,0.06538649939075894
0.8238333333333333,0.08709407311787334
0.8239166666666666,-0.09876723903053866
0.824,0.04851039829460654
0.8240833333333333,-0.14117981533403504
0.8241666666666667,-0.1361654674073868
0.82425,0.21886884944202561
0.8243333333333334,0.3070899844891671
0.8244166666666667,0.25533335213844566
0.8245,0.051054359704235934
0.8245833333333333,-0.14676944776662454
0.8246666666666667,0.08422813489838422
0.82475,0.38273649182278685
0.8248333333333333,0.4601760788807778
0.8249166666666666,0.7076307455936627
0.825,0.6822090894671815
0.8250833333333333,0.20462488549177912
0.8251666666666667,0.1878694779789962
0.82525,0.1472283061582084
0.8253333333333334,-0.04765326804422194
0.8254166666666667,0.07392145890287241
0.8255,-0.1553064695527987
0.8255833333333333,-0.262686682438511
0.8256666666666667,-0.4728492270758468
0.82575,-0.9954084938989958
0.8258333333333333,-0.6156325416741733
0.8259166666666666,-0.3533965587291061
0.826,-0.5144999576485388
0.8260833333333333,-0.29099526968016953
0.8261666666666667,-0.28641366385339323
0.82625,-0.2768890374986891
0.8263333333333334,-0.1604764064718368
0.8264166666666667,-0.15881727415420738
0.8265,-0.052968984062049695
0.8265833333333333,-0.052126566946643686
0.8266666666666667,-0.21047688157626493
0.82675,-0.2607810737971292
0.8268333333333333,-0.10076527657310845
0.8269166666666666,0.021326363619370625
0.827,-0.032565293954909855
0.8270833333333333,0.07703846853641738
0.8271666666666667,0.4608500495955129
0.82725,0.29443375245613845
0.8273333333333334,-0.014229588605534868
0.8274166666666667,0.39147321215732056
0.8275,0.2087516818354111
0.8275833333333333,-0.19185421933870137
0.8276666666666667,0.048403272279084836
0.82775,-0.040005743144786006
0.8278333333333333,-0.2804000881004306
0.8279166666666666,-0.4453937953234577
0.828,-0.3966361163592203
0.8280833333333333,-0.3512922576387536
0.8281666666666667,-0.5220613209947257
0.82825,-0.37293619950039897
0.8283333333333334,-0.43015534967864977
0.8284166666666667,-0.4471454236515412
0.8285,-0.45244725324461377
0.8285833333333333,-0.5170692519610688
0.8286666666666667,0.03294094954007582
0.82875,0.1746189354127458
0.8288333333333333,0.5309573138926329
0.8289166666666666,0.9709327288002393
0.829,0.49977731505214895
0.8290833333333333,0.7105648742090421
0.8291666666666667,0.592968407595399
0.82925,-0.042834115411625746
0.8293333333333334,0.09520991065888453
0.8294166666666667,-0.12300243495190229
0.8295,-0.10995514982642302
0.8295833333333333,0.3961727739130795
0.8296666666666667,0.5565949612009647
0.82975,0.5163513385951286
0.8298333333333333,0.5440754094862493
0.8299166666666666,0.8473196729671169
0.83,0.6019289363906696
0.8300833333333333,0.3122294013710381
0.8301666666666667,0.5864583171592455
0.83025,0.4314691204852461
0.8303333333333334,0.254352613138378
0.8304166666666667,0.10448869312514704
0.8305,-0.17114215516750997
0.8305833333333333,-0.14462764911036233
0.8306666666666667,-0.24467163820930155
0.83075,-0.3519136649304397
0.8308333333333333,-0.34152268667868807
0.8309166666666666,-0.3270829140367665
0.831,-0.38372334619260284
0.8310833333333333,-0.4062104200559074
0.8311666666666667,-0.16815512057731383
0.83125,-0.29277710764151715
0.8313333333333334,-0.2626648511316414
0.8314166666666667,-0.04083403482364615
0.8315,-0.28837251109922124
0.8315833333333333,-0.18628213790708895
0.8316666666666667,-0.25216234538652305
0.83175,-0.4567839544053679
0.8318333333333333,-0.3259999433580477
0.8319166666666666,-0.5641712412084776
0.832,-0.42464501994258486
0.8320833333333333,-0.08877970632887949
0.8321666666666667,-0.17661141026126081
0.83225,-0.14989731696705316
0.8323333333333334,-0.1216564643253594
0.8324166666666667,-0.0176284489056944
0.8325,0.03005998450507795
0.8325833333333333,0.03934649437054926
0.8326666666666667,0.3051854824724201
0.83275,0.3913871381422693
0.8328333333333333,0.47610861906254887
0.8329166666666666,0.4221345826350506
0.833,0.1739242453093776
0.8330833333333333,0.24314219645062538
0.8331666666666667,-0.011301401617371804
0.83325,-0.12509457054502215
0.8333333333333334,0.19355156311194366
0.8334166666666667,-0.0022185662262827694
0.8335,-0.1195161791534628
0.8335833333333333,-0.09385659756204229
0.8336666666666667,-0.12299682446610845
0.83375,0.0364229709127831
0.8338333333333333,0.07728650719625327
0.8339166666666666,0.10366934384805279
0.834,-0.04698593118358762
0.8340833333333333,-0.03871961746318615
0.8341666666666666,0.01784875132763735
0.83425,-0.2132840145087166
0.8343333333333334,0.06596988575329382
0.8344166666666667,0.1119879502184166
0.8345,-0.027738840282704694
0.8345833333333333,0.3151107094916185
0.8346666666666667,0.22298595815421926
0.83475,0.10842629224438256
0.8348333333333333,0.128639881790543
0.8349166666666666,-0.008320048619027269
0.835,0.10697560940348319
0.8350833333333333,0.3038253088600206
0.8351666666666666,0.5301497492584075
0.83525,0.6137452784155513
0.8353333333333334,0.5672319234957046
0.8354166666666667,0.2758782435355971
0.8355,-0.1383559415148099
0.8355833333333333,-0.13390001967157722
0.8356666666666667,-0.27439335915552815
0.83575,-0.25261610250804534
0.8358333333333333,-0.0794074023931232
0.8359166666666666,-0.3313423863144783
0.836,-0.1418970121026521
0.8360833333333333,-0.15526348280923144
0.8361666666666666,-0.6386650621744743
0.83625,-0.4874435687593863
0.8363333333333334,-0.41342608001306724
0.8364166666666667,-0.3415249857361432
0.8365,0.17750186152432285
0.8365833333333333,0.12084751901275952
0.8366666666666667,0.04027169999611035
0.83675,0.17674266354290358
0.8368333333333333,-0.2555796600722782
0.8369166666666666,-0.2837374045286265
0.837,-0.03797511052447338
0.8370833333333333,-0.011708130361938093
0.8371666666666666,0.4438062189776692
0.83725,0.5032965910060181
0.8373333333333334,0.17841156726058216
0.8374166666666667,0.26543912657245117
0.8375,0.2252940521405328
0.8375833333333333,0.039983121606537324
0.8376666666666667,0.01588950578664386
0.83775,0.11326157091776029
0.8378333333333333,0.31464425607923135
0.8379166666666666,0.3410891015048501
0.838,0.08531901368226893
0.8380833333333333,-0.02398041947565946
0.8381666666666666,-0.007440264769506659
0.83825,-0.10296480423928853
0.8383333333333334,0.11198082893973538
0.8384166666666667,0.3237706872884636
0.8385,0.18106375273226927
0.8385833333333333,0.020437431684221165
0.8386666666666667,-0.31090949419069747
0.83875,-0.43943740494447003
0.8388333333333333,-0.31862880393550064
0.8389166666666666,-0.30388245528750074
0.839,0.24501735428139348
0.8390833333333333,0.6243738908207501
0.8391666666666666,0.26356546650774865
0.83925,0.4378605907983584
0.8393333333333334,0.43376455094761684
0.8394166666666667,-0.27586294653419263
0.8395,-0.2360530985284981
0.8395833333333333,-0.1064592645380414
0.8396666666666667,-0.18836639944266473
0.83975,0.2565463711084429
0.8398333333333333,0.39454200534960754
0.8399166666666666,0.478334898471074
0.84,0.500391000332987
0.8400833333333333,0.045539048455697916
0.8401666666666666,0.02521013981476309
0.84025,-0.0031531533183379737
0.8403333333333334,-0.23960774544009367
0.8404166666666667,-0.210258687276344
0.8405,-0.0938140658066718
0.8405833333333333,0.22155680008817188
0.8406666666666667,0.20789286663061424
0.84075,-0.07793583350516287
0.8408333333333333,-0.09255468385741863
0.8409166666666666,-0.28758728633137737
0.841,-0.6103562215253685
0.8410833333333333,-0.6440294411843303
0.8411666666666666,-0.510462240487706
0.84125,-0.48623540396082654
0.8413333333333334,-0.5554171411237426
0.8414166666666667,-0.6534820039872368
0.8415,-0.750150486628896
0.8415833333333333,-0.5078829036029158
0.8416666666666667,-0.1252054645820072
0.84175,-0.041352300023090614
0.8418333333333333,0.09189607736701819
0.8419166666666666,0.35732437407169526
0.842,0.37119537013314213
0.8420833333333333,0.2685469098111875
0.8421666666666666,0.29904803995087453
0.84225,0.28285296835871776
0.8423333333333334,0.358529804220417
0.8424166666666667,0.7939613197606679
0.8425,0.8077509025278508
0.8425833333333334,0.23936111277229416
0.8426666666666667,0.10206720935017372
0.84275,0.3568579510194647
0.8428333333333333,0.298277203101428
0.8429166666666666,-0.17196962378436279
0.843,-0.3145995603102273
0.8430833333333333,0.033648036987025634
0.8431666666666666,-0.02465688879372454
0.84325,-0.37128382696653245
0.8433333333333334,-0.6182251669804479
0.8434166666666667,-0.8836234502159429
0.8435,-0.7319282574351633
0.8435833333333334,-0.1958609637680802
0.8436666666666667,0.13638991082276125
0.84375,0.24049746559644475
0.8438333333333333,0.08527871844782324
0.8439166666666666,-0.11807183340399814
0.844,-0.18359247134770745
0.8440833333333333,-0.4984327837581482
0.8441666666666666,-0.4621951840355598
0.84425,0.0634833432572859
0.8443333333333334,0.30065387346197747
0.8444166666666667,0.39616025975399305
0.8445,0.45468487814424186
0.8445833333333334,0.6318915364478908
0.8446666666666667,0.7042443529546794
0.84475,0.3612510852808194
0.8448333333333333,0.22149039361485967
0.8449166666666666,0.18735252037590544
0.845,0.07531063744235507
0.8450833333333333,0.08346156512301271
0.8451666666666666,0.014568548898562647
0.84525,-0.1955237527819263
0.8453333333333334,-0.27955153147462963
0.8454166666666667,-0.0653604634054636
0.8455,-0.01049460891549721
0.8455833333333334,-0.06174563278545233
0.8456666666666667,-0.06672697792029031
0.84575,-0.0921022905630283
0.8458333333333333,0.21057504789902415
0.8459166666666667,0.17351120029992667
0.846,-0.06221059594487003
0.8460833333333333,-0.023870715771103737
0.8461666666666666,-0.24578566968965226
0.84625,-0.20642394222422897
0.8463333333333334,-0.13687048757637782
0.8464166666666667,-0.2317433918214761
0.8465,0.08022804095634108
0.8465833333333334,0.229896840420017
0.8466666666666667,0.10266340002899932
0.84675,0.039667765010150804
0.8468333333333333,0.11465781575227589
0.8469166666666667,0.14038808146807594
0.847,0.17326578454283098
0.8470833333333333,0.38731853304097186
0.8471666666666666,0.2432507810476898
0.84725,0.10182529142182499
0.8473333333333334,0.16755424175312184
0.8474166666666667,-0.1577696228199525
0.8475,-0.3469419435533381
0.8475833333333334,-0.26379109286324215
0.8476666666666667,-0.3637196779517392
0.84775,-0.3116887473998979
0.8478333333333333,-0.17004776370774097
0.8479166666666667,-0.2700025975916183
0.848,-0.2404234638151127
0.8480833333333333,-0.058753635174999645
0.8481666666666666,-0.08962549415077672
0.84825,-0.16428521553362083
0.8483333333333334,0.009069049158577562
0.8484166666666667,0.20430402377818163
0.8485,-0.013145254756545178
0.8485833333333334,-0.08143850459860932
0.8486666666666667,0.26161805908204017
0.84875,0.019491357618868235
0.8488333333333333,-0.21465885846677102
0.8489166666666667,0.07095504331181256
0.849,-0.0655526029346963
0.8490833333333333,-0.09662651592381052
0.8491666666666666,-0.0064662939315419206
0.84925,-0.17589913353038789
0.8493333333333334,-0.07042626046754123
0.8494166666666667,-0.11472414142263401
0.8495,-0.011779863359669232
0.8495833333333334,0.30016363223737
0.8496666666666667,0.09421169003875843
0.84975,-0.017050168458079988
0.8498333333333333,0.05261035538061542
0.8499166666666667,-0.09820947662599983
0.85,-0.3094864870755347
0.8500833333333333,-0.23253160869780445
0.8501666666666666,0.15663289444285192
0.85025,0.3337493236327048
0.8503333333333334,0.24658404657491625
0.8504166666666667,0.16203231327668685
0.8505,0.11572190744427746
0.8505833333333334,-0.17589700338020509
0.8506666666666667,-0.2932342072660423
0.85075,-0.16288717044783518
0.8508333333333333,-0.24221774494666087
0.8509166666666667,0.0656130225500613
0.851,0.20901687448309306
0.8510833333333333,0.3640456300349355
0.8511666666666666,0.650053445232958
0.85125,0.03256887226746311
0.8513333333333334,0.036046180991450925
0.8514166666666667,0.16139905591930884
0.8515,-0.3783086693042135
0.8515833333333334,0.03189280771157569
0.8516666666666667,0.2454048791484199
0.85175,-0.14284426754327767
0.8518333333333333,-0.02433936633985529
0.8519166666666667,-0.04665142461120189
0.852,-0.3519372324518495
0.8520833333333333,-0.3341130762932191
0.8521666666666666,-0.45624499573785116
0.85225,-0.5680886895151693
0.8523333333333334,-0.060164763639313924
0.8524166666666667,0.05441408112473423
0.8525,0.0531582647102597
0.8525833333333334,0.3283738427863979
0.8526666666666667,-0.015334090417899815
0.85275,-0.22063382185087918
0.8528333333333333,-0.03046997082082422
0.8529166666666667,-0.07314756187261472
0.853,-0.2552583293614949
0.8530833333333333,-0.22378205737935758
0.8531666666666666,-0.06761689128731548
0.85325,-0.18873121233870965
0.8533333333333334,-0.16743761130227794
0.8534166666666667,0.0868168020967927
0.8535,0.16830375145302232
0.8535833333333334,0.11643419089592039
0.8536666666666667,0.354512848343291
0.85375,0.5134493214635314
0.8538333333333333,0.04074329652849393
0.8539166666666667,-0.06762595244843701
0.854,0.06109819640962696
0.8540833333333333,-0.024449039152353913
0.8541666666666666,-0.021043552185005025
0.85425,-0.342772030482957
0.8543333333333333,-0.41215823280803565
0.8544166666666667,-0.2161390960216335
0.8545,-0.11208980874763064
0.8545833333333334,-0.06648757889632814
0.8546666666666667,-0.2603472447473032
0.85475,0.11649737762393543
0.8548333333333333,0.21755230455693614
0.8549166666666667,-0.10357344117854941
0.855,0.045248787754835366
0.8550833333333333,-0.04896806405186825
0.8551666666666666,0.35195856796862013
0.85525,0.43738131838166316
0.8553333333333333,-0.04282528226293153
0.8554166666666667,0.3109461239837915
0.8555,0.13223476894318534
0.8555833333333334,-0.009646333414611125
0.8556666666666667,0.4103004411480715
0.85575,0.36521452895430595
0.8558333333333333,0.4303843427361684
0.8559166666666667,0.5079440481125636
0.856,0.4893811626831368
0.8560833333333333,0.25113346862558805
0.8561666666666666,-0.24419716368643404
0.85625,-0.3893940958426855
0.8563333333333333,-0.21034238091451174
0.8564166666666667,-0.1409860605177808
0.8565,-0.32139602736188194
0.8565833333333334,-0.1385649876055734
0.8566666666666667,0.054770974157835634
0.85675,-0.14579222908517253
0.8568333333333333,0.06190402595607471
0.8569166666666667,0.4177415527021845
0.857,0.41335578423108366
0.8570833333333333,0.29982864241677487
0.8571666666666666,0.3161426147250036
0.85725,0.31233877755150014
0.8573333333333333,0.11642431350073079
0.8574166666666667,0.05035494579647844
0.8575,0.10364566044472977
0.8575833333333334,0.022794607124133393
0.8576666666666667,0.012350702950019473
0.85775,0.17604595903211773
0.8578333333333333,0.11610353480560219
0.8579166666666667,-0.08905118530931169
0.858,-0.1920933693236031
0.8580833333333333,-0.34878539095607386
0.8581666666666666,-0.18996890170004746
0.85825,0.05267159315243578
0.8583333333333333,-0.017984441009590395
0.8584166666666667,-0.02477257433018601
0.8585,-0.27882781596804385
0.8585833333333334,-0.5320161647165386
0.8586666666666667,-0.46180601361003504
0.85875,-0.6117934104430578
0.8588333333333333,-0.5098284845591129
0.8589166666666667,-0.14254123307438876
0.859,-0.02653630943291885
0.8590833333333333,0.025382519721342367
0.8591666666666666,0.02237008636460909
0.85925,0.1238596748514446
0.8593333333333333,0.009296238862085403
0.8594166666666667,-0.22182544259744155
0.8595,-0.027662257805077146
0.8595833333333334,-0.09303949139003702
0.8596666666666667,-0.2543981887069208
0.85975,-0.12991465715919887
0.8598333333333333,-0.3245954040575187
0.8599166666666667,-0.6348304975666919
0.86,-0.6102541804163097
0.8600833333333333,-0.4498299982404904
0.8601666666666666,-0.20633248302378063
0.86025,-0.013053916447199738
0.8603333333333333,-0.1531805830953834
0.8604166666666667,-0.06352139117248835
0.8605,-0.05779842473002585
0.8605833333333334,-0.41287185076810806
0.8606666666666667,-0.1572340402947494
0.86075,-0.003855747405236208
0.8608333333333333,-0.15808257745922513
0.8609166666666667,0.01397548626931566
0.861,-0.039704680380225926
0.8610833333333333,-0.2645271388315782
0.8611666666666666,-0.4174389094977349
0.86125,-0.0926776744336421
0.8613333333333333,0.4252659696348397
0.8614166666666667,0.4003925207283381
0.8615,0.5636127449686362
0.8615833333333334,0.7721901915448677
0.8616666666666667,0.6460644105956586
0.86175,0.8455494452767659
0.8618333333333333,0.9533708065637352
0.8619166666666667,0.5730957383021047
0.862,0.37357772671928835
0.8620833333333333,0.3511436850956136
0.8621666666666666,0.0798064026849821
0.86225,-0.0239803937031964
0.8623333333333333,0.03851014897500714
0.8624166666666667,0.04438412339557977
0.8625,0.37086027040799513
0.8625833333333334,0.4518041156025272
0.8626666666666667,0.1342789807459458
0.86275,0.09824150228019309
0.8628333333333333,-0.09475616391585309
0.8629166666666667,-0.3665517172878109
0.863,-0.21897967903016596
0.8630833333333333,-0.06315408129095436
0.8631666666666666,-0.03132578159614463
0.86325,0.01608860886724909
0.8633333333333333,0.016660054580972326
0.8634166666666667,-0.19381707523567926
0.8635,-0.41969190449456467
0.8635833333333334,-0.4050472278236995
0.8636666666666667,-0.2944122101138411
0.86375,-0.29683700539979974
0.8638333333333333,-0.35181941873491707
0.8639166666666667,0.0512088982839175
0.864,0.22590169806897117
0.8640833333333333,0.00040632728290074846
0.8641666666666666,0.43195435974935026
0.86425,0.47758917084814684
0.8643333333333333,0.1687215106491251
0.8644166666666667,0.3756000609013924
0.8645,0.04447268998846685
0.8645833333333334,-0.2241755814957592
0.8646666666666667,-0.03393168222643709
0.86475,-0.303047816107778
0.8648333333333333,-0.28910472599416875
0.8649166666666667,0.14274395523132494
0.865,0.13890907602942434
0.8650833333333333,0.007888876872076716
0.8651666666666666,-0.15261927563753241
0.86525,-0.6086608682363878
0.8653333333333333,-0.5236790819347791
0.8654166666666666,0.0009110469260748881
0.8655,0.048930448874412676
0.8655833333333334,0.3031549863566976
0.8656666666666667,0.7552346643946117
0.86575,0.6064609795732515
0.8658333333333333,0.2163382889978363
0.8659166666666667,0.07310370942832481
0.866,0.2789290753796388
0.8660833333333333,0.24621449694148695
0.8661666666666666,-0.15007895037619384
0.86625,-0.08333346521132785
0.8663333333333333,0.3726428761646523
0.8664166666666666,0.43046551559828017
0.8665,0.19153041446414548
0.8665833333333334,0.3531876232715231
0.8666666666666667,0.21404018487786675
0.86675,-0.2659547497658289
0.8668333333333333,0.07627330840964668
0.8669166666666667,0.3260276150681317
0.867,0.09791680735039517
0.8670833333333333,0.1310477451441829
0.8671666666666666,0.11932944755793942
0.86725,-0.029679807026814636
0.8673333333333333,-0.2950621132730228
0.8674166666666666,-0.4219044584185847
0.8675,-0.23296983926653886
0.8675833333333334,-0.15377571912825808
0.8676666666666667,-0.28041732239799744
0.86775,-0.21104951704519748
0.8678333333333333,0.24630475244044275
0.8679166666666667,0.4017959768737702
0.868,0.12354662133720051
0.8680833333333333,-0.1305600948207547
0.8681666666666666,-0.3159185918658428
0.86825,-0.1775604046487318
0.8683333333333333,-0.10321650390146399
0.8684166666666666,-0.277755480620034
0.8685,0.03641836716742214
0.8685833333333334,0.2342607978547204
0.8686666666666667,-0.31008762498163456
0.86875,-0.5576547636763377
0.8688333333333333,-0.4894631329108937
0.8689166666666667,-0.6079506200302718
0.869,-0.2651540487544977
0.8690833333333333,-0.018003237042002136
0.8691666666666666,-0.29203502428986094
0.86925,-0.22134675508673285
0.8693333333333333,-0.24447744134980998
0.8694166666666666,-0.41782674978305323
0.8695,-0.36050265134801057
0.8695833333333334,-0.7495105932368175
0.8696666666666667,-0.7445610932585635
0.86975,0.05720560008227786
0.8698333333333333,-0.01388761432993551
0.8699166666666667,-0.5886900960526837
0.87,-0.3663882887757207
0.8700833333333333,-0.1265543592138818
0.8701666666666666,-0.3591640420732459
0.87025,-0.035962940370430706
0.8703333333333333,0.5613763600643016
0.8704166666666666,0.4652021964968761
0.8705,0.5172707532947509
0.8705833333333334,0.5497724979142132
0.8706666666666667,0.1307666799434966
0.87075,-0.026141043213276552
0.8708333333333333,-0.1843256712999715
0.8709166666666667,0.14333672325819174
0.871,0.5167474599272872
0.8710833333333333,0.20491263484944433
0.8711666666666666,0.44507397123755976
0.87125,0.6419439259428195
0.8713333333333333,0.2009922359570109
0.8714166666666666,-0.27956782123376595
0.8715,-0.4238601974798287
0.8715833333333334,0.1773944920638309
0.8716666666666667,0.4039747303732931
0.87175,0.21218568535118434
0.8718333333333333,0.4016604314081106
0.8719166666666667,0.33038081973311934
0.872,0.25807244532860496
0.8720833333333333,0.2546053913518257
0.8721666666666666,0.006643365813570854
0.87225,-0.09374888932612746
0.8723333333333333,0.02510313640596533
0.8724166666666666,0.23650196276892094
0.8725,0.015431941293873914
0.8725833333333334,-0.28015847309463593
0.8726666666666667,-0.050978304354299
0.87275,0.04819229659392872
0.8728333333333333,-0.020345926792578364
0.8729166666666667,-0.07101457083745177
0.873,-0.12921396166315674
0.8730833333333333,0.21362430388482656
0.8731666666666666,0.7309035555692543
0.87325,0.5558795596246974
0.8733333333333333,0.07034595731186258
0.8734166666666666,0.18260238682335606
0.8735,0.21035114297504187
0.8735833333333334,-0.0609870615802326
0.8736666666666667,-0.11316563874523905
0.87375,-0.18806398248704068
0.8738333333333334,-0.19315774986968334
0.8739166666666667,0.06616639923891043
0.874,0.2755750419626096
0.8740833333333333,0.17360940268156438
0.8741666666666666,0.3096989216322307
0.87425,0.5870909684259088
0.8743333333333333,0.1890589008013495
0.8744166666666666,-0.024279846983326456
0.8745,0.018756635261542854
0.8745833333333334,-0.313467176532524
0.8746666666666667,-0.1880808675146218
0.87475,-0.16579186473654461
0.8748333333333334,-0.4833289256016225
0.8749166666666667,-0.1410245086137778
0.875,0.14909371646697636
0.8750833333333333,-0.07824498257648574
0.8751666666666666,-0.40417597726583343
0.87525,-0.4360303251700397
0.8753333333333333,-0.12050224911452395
0.8754166666666666,0.1599374138708436
0.8755,0.5733704636994377
0.8755833333333334,0.6047466801692857
0.8756666666666667,0.19620858188066986
0.87575,0.24480235552730317
0.8758333333333334,0.08370125176160355
0.8759166666666667,-0.4538844346488759
0.876,-0.5755107834516862
0.8760833333333333,-0.5698420722450497
0.8761666666666666,-0.41009605004187477
0.87625,-0.08918848978755717
0.8763333333333333,-0.07688901178775417
0.8764166666666666,-0.09300176447323147
0.8765,-0.05508128427430871
0.8765833333333334,-0.10386061605655005
0.8766666666666667,-0.2630828705774006
0.87675,-0.2592729479804128
0.8768333333333334,0.009953577588198424
0.8769166666666667,-0.19739382722861523
0.877,-0.4135465277971019
0.8770833333333333,-0.25763381229719634
0.8771666666666667,-0.23851608458055018
0.87725,-0.25339794572350566
0.8773333333333333,-0.24037356663128945
0.8774166666666666,0.02287486347454818
0.8775,-0.049206648808288005
0.8775833333333334,-0.2209985893051279
0.8776666666666667,0.2755094835091555
0.87775,0.3438059994575375
0.8778333333333334,0.42825889415970264
0.8779166666666667,0.7133804112889981
0.878,0.30985619140634174
0.8780833333333333,0.22210244112258037
0.8781666666666667,0.44861552691449325
0.87825,0.10435567610098895
0.8783333333333333,-0.24368280446029766
0.8784166666666666,-0.0509916151714515
0.8785,-0.22778104243092717
0.8785833333333334,-0.4879367020754811
0.8786666666666667,-0.05475757538224886
0.87875,-0.11465677484334245
0.8788333333333334,-0.0531128871147697
0.8789166666666667,0.24131797370318
0.879,-0.19392658358959242
0.8790833333333333,-0.26500734896422745
0.8791666666666667,-0.40876855342633645
0.87925,-0.42853648962567825
0.8793333333333333,0.18097861837032433
0.8794166666666666,-0.05679671962647602
0.8795,-0.2802381653213025
0.8795833333333334,0.09469540028065059
0.8796666666666667,0.037203659027436144
0.87975,-0.15796312538128385
0.8798333333333334,-0.392371128589472
0.8799166666666667,-0.40916322227731916
0.88,0.07033817582269394
0.8800833333333333,0.294957262063729
0.8801666666666667,0.38516142711962037
0.88025,0.7108977063437563
0.8803333333333333,0.6862457952599563
0.8804166666666666,0.3240705373666153
0.8805,0.21565604490281606
0.8805833333333334,0.12363095620175385
0.8806666666666667,-0.14662490791477636
0.88075,-0.00023762703238976266
0.8808333333333334,0.2643838801563909
0.8809166666666667,0.04345128049204886
0.881,-0.0416782344216143
0.8810833333333333,0.018580494661325907
0.8811666666666667,-0.11952376863821221
0.88125,0.08493153050073912
0.8813333333333333,0.10608721960474773
0.8814166666666666,-0.20511698272985013
0.8815,-0.03614595656146351
0.8815833333333334,0.027454992038635773
0.8816666666666667,-0.01653662036006395
0.88175,0.03524367870917472
0.8818333333333334,0.029168343706962134
0.8819166666666667,0.3182849358189208
0.882,0.16656242711096703
0.8820833333333333,-0.09440695584809873
0.8821666666666667,-0.03841887426671637
0.88225,-0.3334829000758556
0.8823333333333333,-0.29895314166201226
0.8824166666666666,-0.14754627007557847
0.8825,-0.1780422227362436
0.8825833333333334,0.03782595772008717
0.8826666666666667,-0.006468379091106467
0.88275,-0.07119528232263402
0.8828333333333334,0.02571995246315107
0.8829166666666667,-0.06434095958274028
0.883,-0.10181202307547171
0.8830833333333333,0.010680636656923852
0.8831666666666667,0.04372166052788781
0.88325,-0.06677028424822017
0.8833333333333333,-0.05654726170191044
0.8834166666666666,0.07684304130083311
0.8835,0.046871550811322694
0.8835833333333334,-0.1359369953299624
0.8836666666666667,-0.06706532145749178
0.88375,0.0627020441090552
0.8838333333333334,-0.23558586947559026
0.8839166666666667,-0.04996773686038534
0.884,0.35910013561728393
0.8840833333333333,0.015006365380730932
0.8841666666666667,0.10305531554648945
0.88425,0.27663742747050696
0.8843333333333333,-0.24846319642317677
0.8844166666666666,-0.4419323365678336
0.8845,-0.40466098846300963
0.8845833333333334,-0.23416716477476127
0.8846666666666667,-0.10386441267804129
0.88475,-0.4019634474360544
0.8848333333333334,-0.10002073511379062
0.8849166666666667,0.3689935504174011
0.885,0.0352145862312653
0.8850833333333333,0.04892600458472803
0.8851666666666667,0.19210788051085986
0.88525,-0.18345782120481866
0.8853333333333333,0.11190726641403477
0.8854166666666666,0.5282074368812267
0.8855,0.4527316081123604
0.8855833333333333,0.42646307450700793
0.8856666666666667,0.23171020975450904
0.88575,0.501735229078914
0.8858333333333334,0.6315672667640825
0.8859166666666667,0.09481871764963698
0.886,0.21776937121741205
0.8860833333333333,0.35102537517105714
0.8861666666666667,0.2177137527276649
0.88625,0.365489419629843
0.8863333333333333,0.213551457059012
0.8864166666666666,-0.04209777437733523
0.8865,-0.16531177083961884
0.8865833333333333,-0.25742647093696536
0.8866666666666667,-0.26292867846924034
0.88675,-0.2836566621834026
0.8868333333333334,-0.36737302754291196
0.8869166666666667,-0.42727422203764787
0.887,-0.5294901980587275
0.8870833333333333,-0.8414632046253505
0.8871666666666667,-0.8741141901483436
0.88725,-0.7622100576280483
0.8873333333333333,-0.9170410965831164
0.8874166666666666,-0.6255602014117343
0.8875,-0.38647093872040666
0.8875833333333333,-0.6711901362760212
0.8876666666666667,-0.4802661849235411
0.88775,-0.34392979820038994
0.8878333333333334,-0.4161261344459624
0.8879166666666667,0.19660465117199136
0.888,0.3947604086034619
0.8880833333333333,0.23926047212082135
0.8881666666666667,0.5295562213172971
0.88825,0.2524808144874835
0.8883333333333333,-0.0485717937120391
0.8884166666666666,-0.12374658684780945
0.8885,-0.40305470156975287
0.8885833333333333,0.09708683805599819
0.8886666666666667,0.5017170359780287
0.88875,0.24625062704214562
0.8888333333333334,0.37929419474115944
0.8889166666666667,0.32044050811303876
0.889,0.05808544330327837
0.8890833333333333,0.2564095697872152
0.8891666666666667,0.31138387133640094
0.88925,0.28525208331441454
0.8893333333333333,0.3408375403456491
0.8894166666666666,0.23180123870226632
0.8895,0.3769587316187938
0.8895833333333333,0.29532768980464386
0.8896666666666667,-0.17227955196489453
0.88975,-0.128983998646343
0.8898333333333334,-0.07437770062240581
0.8899166666666667,-0.19916612102886738
0.89,0.07815636930847804
0.8900833333333333,0.20683436020000462
0.8901666666666667,0.19011659647264323
0.89025,0.4476222918270386
0.8903333333333333,0.6080867027695993
0.8904166666666666,0.5245391013228944
0.8905,0.5439774223796016
0.8905833333333333,0.793146281965591
0.8906666666666667,0.6881477124042407
0.89075,0.49525985390902777
0.8908333333333334,0.44916467240241315
0.8909166666666667,0.12780946666657422
0.891,0.12236386047985895
0.8910833333333333,-0.034304009805709273
0.8911666666666667,-0.3219778304159437
0.89125,-0.19726291773916843
0.8913333333333333,-0.27261766372159346
0.8914166666666666,0.04729569867315727
0.8915,0.027050841690801727
0.8915833333333333,-0.526116697111227
0.8916666666666667,-0.2401184255203468
0.89175,-0.35028331930504764
0.8918333333333334,-0.735210743989092
0.8919166666666667,-0.25476880962214493
0.892,-0.13561619478899314
0.8920833333333333,-0.36811237705534344
0.8921666666666667,-0.15682900985754109
0.89225,-0.28864845081259644
0.8923333333333333,-0.4687702268058975
0.8924166666666666,-0.279407185503028
0.8925,-0.37787276262302005
0.8925833333333333,-0.03893125884511953
0.8926666666666667,0.3572010132754086
0.89275,0.3833474557320213
0.8928333333333334,0.8840489183639126
0.8929166666666667,0.6911169004287324
0.893,0.3286468029186088
0.8930833333333333,0.6236729736183859
0.8931666666666667,0.14855040386948581
0.89325,-0.08291259858569865
0.8933333333333333,0.18718888001692766
0.8934166666666666,-0.050469491036028054
0.8935,0.03560076370429492
0.8935833333333333,-0.03666743926046142
0.8936666666666667,-0.45814098134024733
0.89375,-0.4052515180979452
0.8938333333333334,-0.5207175627005638
0.8939166666666667,-0.6548918977195072
0.894,-0.16217960689057628
0.8940833333333333,0.13708776295767788
0.8941666666666667,-0.03538599124144823
0.89425,-0.11068888305650734
0.8943333333333333,-0.15831525222771584
0.8944166666666666,-0.3022730305564492
0.8945,-0.5001036608340165
0.8945833333333333,-0.4384299198978733
0.8946666666666667,-0.062423552141475554
0.89475,0.17446051598386428
0.8948333333333334,0.2810129112839072
0.8949166666666667,0.2720338198546618
0.895,0.3783950110080873
0.8950833333333333,0.30011833041689795
0.8951666666666667,0.11809164605676192
0.89525,0.4989430247418033
0.8953333333333333,0.32189793541202855
0.8954166666666666,0.003471253181160928
0.8955,0.15999546264491218
0.8955833333333333,0.022924853612329273
0.8956666666666667,0.04714320250987799
0.89575,-0.4242130551236434
0.8958333333333334,-0.6113879897951924
0.8959166666666667,-0.07463056277889082
0.896,-0.7502812834456404
0.8960833333333333,-1.0028525203086136
0.8961666666666667,-0.338550017515374
0.89625,-0.47009161194121674
0.8963333333333333,-0.6241529837242974
0.8964166666666666,-0.47019374116735024
0.8965,-0.18682278067775937
0.8965833333333333,-0.05845741460683662
0.8966666666666666,-0.16718005604105998
0.89675,0.101371667004474
0.8968333333333334,0.28284246199305535
0.8969166666666667,0.13337910864841176
0.897,0.13085120408092293
0.8970833333333333,0.35966296083802873
0.8971666666666667,0.5104497459964497
0.89725,0.4388372007883052
0.8973333333333333,0.42181132786218944
0.8974166666666666,0.43085775831632206
0.8975,0.40235150525096375
0.8975833333333333,0.3742719473545588
0.8976666666666666,0.3446240953227786
0.89775,0.24609541218583048
0.8978333333333334,0.043302953102471904
0.8979166666666667,0.1188428392802262
0.898,0.2538427925125623
0.8980833333333333,0.2036561488885461
0.8981666666666667,0.1528994854441888
0.89825,-0.08686342457416135
0.8983333333333333,-0.07289801981677038
0.8984166666666666,-0.05254730425579022
0.8985,-0.3542754159660821
0.8985833333333333,-0.1460644745238186
0.8986666666666666,-0.12600183140880178
0.89875,-0.23832770017675098
0.8988333333333334,0.1616927472496323
0.8989166666666667,0.1660760219428547
0.899,0.37356740135015915
0.8990833333333333,0.5617618988015266
0.8991666666666667,-0.01351514706205951
0.89925,0.10873013136001225
0.8993333333333333,0.4392510405907024
0.8994166666666666,0.12304953478955796
0.8995,0.15428605239444274
0.8995833333333333,0.08832404023577285
0.8996666666666666,-0.22596354562116505
0.89975,-0.2493317740448262
0.8998333333333334,-0.48557380455256205
0.8999166666666667,-0.4825752539129068
0.9,-0.1960750923022487
0.9000833333333333,-0.3809300907336873
0.9001666666666667,-0.3189709833760617
0.90025,0.17523275237117428
0.9003333333333333,0.15331684955205221
0.9004166666666666,-0.03269928925703409
0.9005,0.13696741522466693
0.9005833333333333,-0.03263391709255617
0.9006666666666666,-0.15652667819838517
0.90075,0.03300539530246231
0.9008333333333334,0.05015977066470654
0.9009166666666667,0.4200020991196614
0.901,0.5385706189091983
0.9010833333333333,0.17600091902256296
0.9011666666666667,0.38121670480904896
0.90125,0.5371874950993766
0.9013333333333333,0.42073907353706397
0.9014166666666666,0.6256978109892202
0.9015,0.33529138957944393
0.9015833333333333,-0.2907975240701116
0.9016666666666666,-0.20247703430041886
0.90175,0.07698574777491787
0.9018333333333334,0.13355266019740178
0.9019166666666667,-0.056001670942131994
0.902,-0.2592095891679647
0.9020833333333333,0.09450788623169366
0.9021666666666667,0.18782020760166443
0.90225,-0.22894396423203267
0.9023333333333333,-0.3475570589331698
0.9024166666666666,-0.44128629721546986
0.9025,-0.4135093286964015
0.9025833333333333,-0.19696559946152384
0.9026666666666666,-0.18199724658847022
0.90275,0.034051353888520715
0.9028333333333334,0.01998641003433947
0.9029166666666667,-0.23196153183798604
0.903,-0.13602436239370147
0.9030833333333333,-0.14839487090686432
0.9031666666666667,-0.023387820848079242
0.90325,0.07736060954434125
0.9033333333333333,-0.11346319617632158
0.9034166666666666,-0.20029302924396847
0.9035,-0.3344014753477432
0.9035833333333333,-0.21618577307735345
0.9036666666666666,0.011016504350103143
0.90375,-0.019178939319718917
0.9038333333333334,0.011003007581234897
0.9039166666666667,0.17727208036899555
0.904,0.24213519960366556
0.9040833333333333,-0.014836457466213008
0.9041666666666667,-0.09334422714861076
0.90425,0.09299733693032641
0.9043333333333333,-0.05874701557483405
0.9044166666666666,-0.0995899217300755
0.9045,0.06549137652288557
0.9045833333333333,-0.17290857495487302
0.9046666666666666,-0.18057642534002044
0.90475,-0.12246410682716426
0.9048333333333334,-0.3837308956425537
0.9049166666666667,-0.09863240674363036
0.905,-0.1032593905319895
0.9050833333333334,-0.2415856967180015
0.9051666666666667,0.22038056088615654
0.90525,0.08342386373871806
0.9053333333333333,-0.16474498276015706
0.9054166666666666,-0.013675104299331933
0.9055,0.24900825962542855
0.9055833333333333,0.3514301160290489
0.9056666666666666,0.10391278008530339
0.90575,0.10148542569572602
0.9058333333333334,-0.10638443410397895
0.9059166666666667,-0.1673678080235278
0.906,0.1755073118723649
0.9060833333333334,0.2310258007318687
0.9061666666666667,0.335668675155152
0.90625,0.15793574169580799
0.9063333333333333,0.11175685244796553
0.9064166666666666,0.3020349269550848
0.9065,-0.024644507670244523
0.9065833333333333,0.06635932964483345
0.9066666666666666,0.3799021375414745
0.90675,0.34339306302126615
0.9068333333333334,0.440662695825619
0.9069166666666667,0.3635899265280002
0.907,0.03048338905823928
0.9070833333333334,-0.3605791496096696
0.9071666666666667,-0.7415193521323927
0.90725,-0.8579119982441653
0.9073333333333333,-0.6993382340037652
0.9074166666666666,-0.5040419139425933
0.9075,-0.13846472784116734
0.9075833333333333,0.2473882392286767
0.9076666666666666,0.06970706256236658
0.90775,0.08149057507291799
0.9078333333333334,0.07785196529101818
0.9079166666666667,-0.43568011654062433
0.908,-0.10050742341027664
0.9080833333333334,0.27083534202488885
0.9081666666666667,0.07502778486980462
0.90825,0.38893989499320186
0.9083333333333333,0.622385100255849
0.9084166666666667,0.3637856600262536
0.9085,-0.037293743871237996
0.9085833333333333,-0.2089954233957076
0.9086666666666666,-0.41691800715347044
0.90875,-0.6789943201251747
0.9088333333333334,-0.25628020510163546
0.9089166666666667,0.07708043796966975
0.909,0.08310945604132462
0.9090833333333334,0.20294639951976295
0.9091666666666667,0.12325791564549808
0.90925,0.07645034130966886
0.9093333333333333,-0.10455108105109295
0.9094166666666667,-0.2872969366595108
0.9095,-0.18879661962801333
0.9095833333333333,-0.27769090495855153
0.9096666666666666,-0.37128708171341496
0.90975,-0.247541110537266
0.9098333333333334,0.046474216632519334
0.9099166666666667,0.09707073048419086
0.91,-0.06732116804102703
0.9100833333333334,0.20353457725527202
0.9101666666666667,0.23545336325838
0.91025,0.04162284227189298
0.9103333333333333,0.2056371105601163
0.9104166666666667,0.14484602038569883
0.9105,0.10055553170734091
0.9105833333333333,0.1757025766261354
0.9106666666666666,0.2215179700927301
0.91075,0.32806021011813946
0.9108333333333334,-0.01848632281511902
0.9109166666666667,-0.024779206753228436
0.911,0.2807866936812295
0.9110833333333334,-0.13923840610474142
0.9111666666666667,-0.24031813295791116
0.91125,0.012145712090736394
0.9113333333333333,-0.11568354414498384
0.9114166666666667,-0.051060388667459274
0.9115,0.11912773952692403
0.9115833333333333,0.1698568594872294
0.9116666666666666,0.19360229638582951
0.91175,0.1611171333887647
0.9118333333333334,0.2766873075403163
0.9119166666666667,0.17066544855608867
0.912,-0.22030614611359273
0.9120833333333334,-0.19620429736647038
0.9121666666666667,0.10111174725852395
0.91225,0.15956228996943767
0.9123333333333333,-0.12550225757182149
0.9124166666666667,-0.27738082756403226
0.9125,-0.17022905185179754
0.9125833333333333,-0.2707211339479927
0.9126666666666666,-0.22714415808095623
0.91275,0.00623799970235822
0.9128333333333334,0.14147128425269762
0.9129166666666667,0.15540332761008108
0.913,-0.05333806329408837
0.9130833333333334,-0.12610684719091658
0.9131666666666667,-0.19833016042326243
0.91325,-0.34482864477139374
0.9133333333333333,-0.17345611531227717
0.9134166666666667,0.14804355549602227
0.9135,0.3377667251286084
0.9135833333333333,0.09442852058395673
0.9136666666666666,-0.08460031869692211
0.91375,0.029892051354997513
0.9138333333333334,-0.1634320148821605
0.9139166666666667,-0.11577079075292793
0.914,0.25485389805588143
0.9140833333333334,0.32180932559148395
0.9141666666666667,0.2475395346516723
0.91425,0.25805120090146916
0.9143333333333333,0.2505911542801506
0.9144166666666667,0.0719178677524524
0.9145,-0.21353444556881934
0.9145833333333333,-0.3934753116221096
0.9146666666666666,-0.19861562908900823
0.91475,-0.14724896358475892
0.9148333333333334,-0.4922700115672124
0.9149166666666667,-0.4539432016761348
0.915,-0.2240583250331795
0.9150833333333334,-0.24174272524745105
0.9151666666666667,-0.30036208064656544
0.91525,-0.16781394879183845
0.9153333333333333,0.14048137940821492
0.9154166666666667,0.17719034231177752
0.9155,0.033023202042134034
0.9155833333333333,0.1120008129258409
0.9156666666666666,0.1754080406853163
0.91575,0.17108291933391667
0.9158333333333334,0.20908185624064285
0.9159166666666667,0.04570112982367216
0.916,-0.19916200278742716
0.9160833333333334,-0.4344206588261497
0.9161666666666667,-0.4621011276453454
0.91625,-0.03654014730076172
0.9163333333333333,0.02127590670674924
0.9164166666666667,-0.1923723278816209
0.9165,0.11301273834652062
0.9165833333333333,0.3413779574277456
0.9166666666666666,0.2153630636478104
0.91675,0.08366737927398726
0.9168333333333333,0.19654257987199147
0.9169166666666667,0.28321345425553107
0.917,-0.03508637733729502
0.9170833333333334,0.11088648881494699
0.9171666666666667,0.3961080753572495
0.91725,0.04518792790542766
0.9173333333333333,-0.029795641624742894
0.9174166666666667,-0.12203136602393796
0.9175,-0.4506654959539983
0.9175833333333333,-0.2153108343062836
0.9176666666666666,0.08672213179181398
0.91775,0.0219651185044184
0.9178333333333333,-0.0930802313312594
0.9179166666666667,-0.1275608731472218
0.918,-0.2100124880048762
0.9180833333333334,-0.2868378610465363
0.9181666666666667,-0.1288477063323492
0.91825,-0.01938559263772507
0.9183333333333333,-0.11747021687818887
0.9184166666666667,-0.08356420757495053
0.9185,-0.13430440263307414
0.9185833333333333,-0.2647505896645078
0.9186666666666666,0.08054240407089071
0.91875,0.2384927414654252
0.9188333333333333,-0.002549237832013854
0.9189166666666667,-0.02109421970522834
0.919,-0.04619570503648449
0.9190833333333334,0.1472654936984272
0.9191666666666667,0.26203315466899113
0.91925,-0.01039620261830595
0.9193333333333333,-0.06198920378817236
0.9194166666666667,-0.0425119907701925
0.9195,0.22596672565002612
0.9195833333333333,0.37903154103141645
0.9196666666666666,0.09808239487061442
0.91975,0.17077499064133422
0.9198333333333333,0.017867528875073375
0.9199166666666667,-0.27239346264997
0.92,-0.21710872157536612
0.9200833333333334,-0.41630212816725704
0.9201666666666667,-0.2796377250842928
0.92025,-0.009240485531003765
0.9203333333333333,-0.11206228629573711
0.9204166666666667,0.12837106984141655
0.9205,0.47657406817258585
0.9205833333333333,0.5951375713183199
0.9206666666666666,0.3166818281700333
0.92075,0.20413799505802996
0.9208333333333333,0.6706552118814207
0.9209166666666667,0.6409219652329222
0.921,0.693437070120831
0.9210833333333334,0.8071292575157446
0.9211666666666667,0.24476642622584738
0.92125,0.1334666723819535
0.9213333333333333,0.13782623574567152
0.9214166666666667,-0.026404147572795442
0.9215,0.012357063235934015
0.9215833333333333,-0.031440156010488156
0.9216666666666666,0.14961760691266518
0.92175,0.09324264339553615
0.9218333333333333,-0.12999975930129415
0.9219166666666667,-0.09516176605500468
0.922,-0.2972705521553788
0.9220833333333334,-0.35893893844292146
0.9221666666666667,-0.4742375265667458
0.92225,-0.6665437110521489
0.9223333333333333,-0.15977723668891994
0.9224166666666667,0.02189201647969284
0.9225,-0.26172898226054264
0.9225833333333333,-0.2933755989038769
0.9226666666666666,-0.5974271474306052
0.92275,-0.5450758651855451
0.9228333333333333,-0.06291489765559645
0.9229166666666667,0.25163984848128484
0.923,0.5440528171210309
0.9230833333333334,0.4514480162639548
0.9231666666666667,0.414314752124323
0.92325,0.4215456253943114
0.9233333333333333,0.1692957660482041
0.9234166666666667,0.022539638478458794
0.9235,0.012198658800300079
0.9235833333333333,0.31347225257958555
0.9236666666666666,0.14859402236402847
0.92375,-0.05748148083111385
0.9238333333333333,0.16057609661616
0.9239166666666667,-0.24320818104790703
0.924,-0.42181276235665766
0.9240833333333334,-0.4795117017780575
0.9241666666666667,-0.5592257305067633
0.92425,0.03346981849393417
0.9243333333333333,0.08739678377873035
0.9244166666666667,-0.02057262522701386
0.9245,0.2736069014851478
0.9245833333333333,0.027968736711530294
0.9246666666666666,-0.2681218592752269
0.92475,-0.2392209364285206
0.9248333333333333,-0.28058678899581224
0.9249166666666667,-0.12991857863487374
0.925,0.06640122466295167
0.9250833333333334,-0.08746680475131388
0.9251666666666667,-0.1352354822487104
0.92525,-0.05117737290221961
0.9253333333333333,-0.09243543101335767
0.9254166666666667,-0.13695512492041648
0.9255,-0.2513558489069979
0.9255833333333333,-0.13604326680749323
0.9256666666666666,0.16654172643765558
0.92575,0.2908060802409123
0.9258333333333333,0.31909898307666906
0.9259166666666667,0.036402323031597204
0.926,-0.025746030795360416
0.9260833333333334,0.39985539267316916
0.9261666666666667,0.22754569721589968
0.92625,0.08829820749415107
0.9263333333333333,0.35736565964109335
0.9264166666666667,0.21254618824141167
0.9265,0.3119287854663757
0.9265833333333333,0.1758182602364946
0.9266666666666666,-0.15026702211989348
0.92675,0.18895092584210893
0.9268333333333333,0.16679991888426118
0.9269166666666667,0.2595882716913994
0.927,0.43781372516166217
0.9270833333333334,0.03594853676853988
0.9271666666666667,0.06619734767311694
0.92725,-0.12094752233096534
0.9273333333333333,-0.6588186359046113
0.9274166666666667,-0.5627518331450326
0.9275,-0.40995816225705806
0.9275833333333333,-0.10771858042639763
0.9276666666666666,0.3628850152073962
0.92775,0.006741742525723743
0.9278333333333333,-0.4428693318139862
0.9279166666666666,-0.38549752823795164
0.928,-0.4002483305434556
0.9280833333333334,-0.3616072274104618
0.9281666666666667,-0.4026182288634197
0.92825,-0.15365973162664312
0.9283333333333333,0.2809840854601927
0.9284166666666667,0.18527557807608142
0.9285,0.11447971171442031
0.9285833333333333,-0.13163753442483406
0.9286666666666666,-0.21064161627330855
0.92875,0.18434742573668578
0.9288333333333333,0.2084231566700267
0.9289166666666666,-0.011823017495065764
0.929,-0.29705356741256256
0.9290833333333334,-0.044556222207732775
0.9291666666666667,0.2098419877447929
0.92925,-0.02395416335260874
0.9293333333333333,0.1364285003411747
0.9294166666666667,0.14463376358277352
0.9295,0.46949975866305516
0.9295833333333333,0.7148025281310229
0.9296666666666666,0.1201967982491014
0.92975,0.2235019609990669
0.9298333333333333,0.43677486429398993
0.9299166666666666,0.25753623128760006
0.93,0.043675871214221576
0.9300833333333334,-0.4346505377861434
0.9301666666666667,-0.33929638152177144
0.93025,-0.1603037867601063
0.9303333333333333,-0.35934775917604933
0.9304166666666667,-0.2951745746291271
0.9305,-0.3556876683261994
0.9305833333333333,-0.3493044091342065
0.9306666666666666,-0.0642985497305155
0.93075,-0.14008907643212035
0.9308333333333333,-0.2302385801276617
0.9309166666666666,0.07110384807201109
0.931,0.301733308357044
0.9310833333333334,0.2941185137656615
0.9311666666666667,0.18299337604061103
0.93125,0.06913526744144398
0.9313333333333333,0.13831993782553173
0.9314166666666667,0.20426790610582998
0.9315,0.059052167908578555
0.9315833333333333,0.07251358956157437
0.9316666666666666,0.24791771970941004
0.93175,0.373855723011393
0.9318333333333333,0.3943302750594785
0.9319166666666666,0.16806349971634746
0.932,0.1002774952960839
0.9320833333333334,0.15085578943363676
0.9321666666666667,-0.0018332298771537522
0.93225,0.10619539483494161
0.9323333333333333,0.23994743176117983
0.9324166666666667,-0.0829364934520121
0.9325,-0.30451784615708694
0.9325833333333333,-0.3249686755563277
0.9326666666666666,-0.4856664776656626
0.93275,-0.4621224389033603
0.9328333333333333,-0.23726626441107962
0.9329166666666666,0.019454901922251258
0.933,0.13900532083433645
0.9330833333333334,-0.014146747690301378
0.9331666666666667,-0.044978134713762725
0.93325,-0.08207857462523782
0.9333333333333333,-0.08771319720474471
0.9334166666666667,-0.013362269370699177
0.9335,-0.13930177005248437
0.9335833333333333,0.2686765688560355
0.9336666666666666,0.6811664014459311
0.93375,0.3625247150533468
0.9338333333333333,0.4439309084421723
0.9339166666666666,0.5678843604218234
0.934,0.16387675350473968
0.9340833333333334,0.09068526428585943
0.9341666666666667,0.12111183374915568
0.93425,-0.04462468073402231
0.9343333333333333,0.006735419396597899
0.9344166666666667,0.08776180728804253
0.9345,0.10153090879900294
0.9345833333333333,-0.08950546941860602
0.9346666666666666,-0.512011328684064
0.93475,-0.2997947278796201
0.9348333333333333,-0.11997142548902917
0.9349166666666666,-0.39447899276797904
0.935,-0.13820734242736898
0.9350833333333334,-0.09903358505009982
0.9351666666666667,-0.0034195080392993822
0.93525,0.1806602769279186
0.9353333333333333,-0.34200098903938075
0.9354166666666667,-0.1702733618013135
0.9355,-0.015199359699077214
0.9355833333333333,-0.436463072150996
0.9356666666666666,-0.15639868775467863
0.93575,-0.05998976467910178
0.9358333333333333,-0.0983527127576676
0.9359166666666666,0.2343096971607858
0.936,0.2750507318019256
0.9360833333333334,0.3046055909900264
0.9361666666666667,0.19349445935890808
0.93625,-0.1323149060690373
0.9363333333333334,-0.18745932631866563
0.9364166666666667,-0.15554738562439777
0.9365,-0.0670193930694667
0.9365833333333333,-0.1147985656454896
0.9366666666666666,-0.1493557201915564
0.93675,0.05541872842077872
0.9368333333333333,-0.13964186025370814
0.9369166666666666,-0.37557390175579375
0.937,-0.3732734448485079
0.9370833333333334,-0.42311398671556083
0.9371666666666667,-0.35610054798647395
0.93725,-0.24857758701276658
0.9373333333333334,-0.005123322463746535
0.9374166666666667,0.05459193221292343
0.9375,-0.055480986063527686
0.9375833333333333,-0.006858180899919846
0.9376666666666666,-0.17194606804044807
0.93775,-0.29974176983489587
0.9378333333333333,-0.2769526704248986
0.9379166666666666,0.09844194928475097
0.938,0.5841866037137045
0.9380833333333334,0.3834416191100927
0.9381666666666667,0.2946682108304511
0.93825,0.41252255967001494
0.9383333333333334,0.27938779000873126
0.9384166666666667,0.36118310428655115
0.9385,0.4698177822254499
0.9385833333333333,0.4681552036257854
0.9386666666666666,0.493103452178788
0.93875,0.3092143769534453
0.9388333333333333,-0.009885384930802604
0.9389166666666666,-0.12772739704339342
0.939,-0.12618222616168653
0.9390833333333334,-0.11518939771532413
0.9391666666666667,-0.1983860350933335
0.93925,-0.3325951654077438
0.9393333333333334,-0.18673340569634467
0.9394166666666667,-0.17543759732373587
0.9395,-0.42121214379213656
0.9395833333333333,-0.39139000778218
0.9396666666666667,-0.2948049203667408
0.93975,-0.23101520213428406
0.9398333333333333,-0.1076185756712761
0.9399166666666666,-0.14191646859369061
0.94,-0.06363337940571753
0.9400833333333334,-0.2259530662497075
0.9401666666666667,-0.4977145246186
0.94025,-0.13698578853609902
0.9403333333333334,-0.18959929882339852
0.9404166666666667,0.02318298428471665
0.9405,0.7966670122137811
0.9405833333333333,0.4619206415167393
0.9406666666666667,0.12903967859796486
0.94075,-0.12554407152062114
0.9408333333333333,-0.52770877773564
0.9409166666666666,-0.15997376496362198
0.941,-0.11313450386312512
0.9410833333333334,-0.05253809585480823
0.9411666666666667,0.2748846325576529
0.94125,-0.028323852653868754
0.9413333333333334,-0.21163514955254772
0.9414166666666667,-0.16599689579379956
0.9415,-0.23384570719659764
0.9415833333333333,-0.29231676809148444
0.9416666666666667,-0.2404950012170495
0.94175,0.10788169285687364
0.9418333333333333,0.035311544762618344
0.9419166666666666,-0.26079756958336586
0.942,0.04059174741594223
0.9420833333333334,0.11434983335893698
0.9421666666666667,-0.06509905171394999
0.94225,0.013001346990932585
0.9423333333333334,0.17255080160828928
0.9424166666666667,0.17906032487311135
0.9425,-0.1108144653489349
0.9425833333333333,0.06351181793952479
0.9426666666666667,0.1484278566094364
0.94275,-0.05709996960072428
0.9428333333333333,0.15959049998227276
0.9429166666666666,-0.027624328337165653
0.943,-0.0602247848251238
0.9430833333333334,-0.09983386696670593
0.9431666666666667,-0.21077029455803237
0.94325,0.2871000267134281
0.9433333333333334,0.0020817402904028037
0.9434166666666667,-0.2361942089483373
0.9435,-0.10530374396527092
0.9435833333333333,-0.19420402515629298
0.9436666666666667,0.032464800416272366
0.94375,-0.2544294735729012
0.9438333333333333,-0.006693448501776674
0.9439166666666666,0.540590842631683
0.944,0.1676753781829389
0.9440833333333334,0.35273655300980283
0.9441666666666667,0.40604889795008003
0.94425,0.018314253129069633
0.9443333333333334,0.04876370226124393
0.9444166666666667,-0.043367801660805456
0.9445,0.1431779243299551
0.9445833333333333,0.2368869387309413
0.9446666666666667,0.1898822556432166
0.94475,0.48326667098161746
0.9448333333333333,0.16203457323602186
0.9449166666666666,-0.1645990604784238
0.945,-0.12458910066851446
0.9450833333333334,-0.13806626509040698
0.9451666666666667,0.09911414200402242
0.94525,0.17253991933552137
0.9453333333333334,0.17706473185407517
0.9454166666666667,0.2823827285849734
0.9455,0.4928381714316025
0.9455833333333333,0.4421072842939033
0.9456666666666667,0.29914676486764485
0.94575,0.7552628670069657
0.9458333333333333,0.5857528718095178
0.9459166666666666,0.3675025200284054
0.946,0.5186777423127744
0.9460833333333334,0.04140199839255081
0.9461666666666667,-0.052984502897372256
0.94625,-0.051949985717717105
0.9463333333333334,-0.2811096373669994
0.9464166666666667,-0.24364761895713016
0.9465,-0.09192273971171268
0.9465833333333333,-0.03874665997714822
0.9466666666666667,-0.20227844080562685
0.94675,-0.15479888952451673
0.9468333333333333,-0.3079435603893575
0.9469166666666666,-0.4629725347664085
0.947,-0.2396939375653937
0.9470833333333334,-0.29748236121656463
0.9471666666666667,-0.466667424687455
0.94725,-0.3406434808146914
0.9473333333333334,-0.15858926610483198
0.9474166666666667,-0.37960621651019033
0.9475,-0.34806107604432074
0.9475833333333333,-0.0701419239372721
0.9476666666666667,-0.11169164120467871
0.94775,-0.0856970747638196
0.9478333333333333,-0.09889804400995951
0.9479166666666666,0.11980938832497676
0.948,0.1642222945907518
0.9480833333333333,-0.1386047655196551
0.9481666666666667,-0.03482084056126477
0.94825,0.12331876195653012
0.9483333333333334,0.07129129112487363
0.9484166666666667,-0.07415065839939469
0.9485,0.07351291188999316
0.9485833333333333,0.006287434881446805
0.9486666666666667,-0.3660847114797208
0.94875,-0.28248108901491864
0.9488333333333333,-0.2301253267011036
0.9489166666666666,-0.23708115771452598
0.949,-0.31269072903842804
0.9490833333333333,-0.22328611778194984
0.9491666666666667,0.08166851158541816
0.94925,0.07773352158174823
0.9493333333333334,0.17114607025459172
0.9494166666666667,0.06696745270994048
0.9495,-0.07188549839156372
0.9495833333333333,0.09023493607434331
0.9496666666666667,-0.008407503613408312
0.94975,0.01158971129035337
0.9498333333333333,0.2865742111394432
0.9499166666666666,0.394272787935791
0.95,0.34588819225548584
0.9500833333333333,0.22176585305807928
0.9501666666666667,-0.03450811632867104
0.95025,-0.2980935211628024
0.9503333333333334,-0.05290634767318604
0.9504166666666667,0.2728189565042888
0.9505,0.062413050373036745
0.9505833333333333,0.14219756984999657
0.9506666666666667,0.18229704976871489
0.95075,-0.0022693198134376156
0.9508333333333333,0.2834025737924217
0.9509166666666666,0.016462382032202093
0.951,-0.13435354378692166
0.9510833333333333,0.1668991734062989
0.9511666666666667,-0.10080785870040443
0.95125,-0.01974098700385412
0.9513333333333334,0.07172837892328027
0.9514166666666667,0.05579841341417074
0.9515,0.18573792133787523
0.9515833333333333,-0.20916454992048536
0.9516666666666667,-0.26323030603583775
0.95175,0.04449868989681414
0.9518333333333333,-0.08445225231998008
0.9519166666666666,-0.17494336233574148
0.952,0.09709523486859603
0.9520833333333333,0.05938446129805896
0.9521666666666667,-0.11898364407234727
0.95225,0.17295991296381447
0.9523333333333334,0.20469210219038023
0.9524166666666667,0.0906459923760976
0.9525,0.1149997821198068
0.9525833333333333,-0.20288197852378442
0.9526666666666667,-0.400630124851506
0.95275,-0.4774368000777558
0.9528333333333333,-0.5330946735270023
0.9529166666666666,-0.15883781856338042
0.953,-0.06373396953990204
0.9530833333333333,-0.23624757680751918
0.9531666666666667,-0.00867438281097479
0.95325,0.02636628110921843
0.9533333333333334,-0.17825052309988876
0.9534166666666667,-0.49861121899249056
0.9535,-0.4623378053420167
0.9535833333333333,-0.1117521385057068
0.9536666666666667,-0.4217590958557117
0.95375,0.0013819291569813683
0.9538333333333333,0.5659542715494187
0.9539166666666666,0.11980152938297256
0.954,0.0833107445182668
0.9540833333333333,-0.0936937752280716
0.9541666666666667,-0.1599472694020218
0.95425,0.10081704415356744
0.9543333333333334,0.10672106838630607
0.9544166666666667,0.27049467237151503
0.9545,0.3696726874708435
0.9545833333333333,0.8590407892559595
0.9546666666666667,1.077673464203302
0.95475,0.7796921452217614
0.9548333333333333,0.679405376648003
0.9549166666666666,0.3280559835606838
0.955,0.2973151939427506
0.9550833333333333,0.3149496029440035
0.9551666666666667,0.1211058021895886
0.95525,0.1078031527897263
0.9553333333333334,0.07735459032765549
0.9554166666666667,0.3343107665575676
0.9555,0.31627644545579436
0.9555833333333333,0.06291510845523274
0.9556666666666667,-0.07544426532398803
0.95575,-0.23779917810232087
0.9558333333333333,0.07588649360238338
0.9559166666666666,0.1855315459465849
0.956,-0.15725702046658746
0.9560833333333333,-0.29264484983216016
0.9561666666666667,-0.41827940990928236
0.95625,-0.40401151367784605
0.9563333333333334,-0.1617767113565219
0.9564166666666667,-0.1477038212084271
0.9565,-0.293217672159727
0.9565833333333333,-0.12436312412256276
0.9566666666666667,0.16684446175503803
0.95675,-0.041316880658638276
0.9568333333333333,-0.23478748840256525
0.9569166666666666,0.020464116200386767
0.957,0.08564092225825642
0.9570833333333333,0.1578593833071876
0.9571666666666667,0.19873339621231545
0.95725,0.10140281008457905
0.9573333333333334,0.255634650725612
0.9574166666666667,0.03265838679284432
0.9575,-0.1761125788429086
0.9575833333333333,-0.19079517593707299
0.9576666666666667,-0.2739467301019066
0.95775,0.23688243081224997
0.9578333333333333,0.12832328059814788
0.9579166666666666,-0.2782115264972585
0.958,0.1474930912307278
0.9580833333333333,-0.012067372309973257
0.9581666666666667,-0.26561614675060474
0.95825,-0.33392539496700413
0.9583333333333334,-0.5198154892613495
0.9584166666666667,0.14616373225179302
0.9585,0.39535911969594634
0.9585833333333333,0.04251515223428577
0.9586666666666667,-0.02255037448733093
0.95875,-0.3897488784811831
0.9588333333333333,-0.321695904399117
0.9589166666666666,-0.08545106592322538
0.959,-0.39368441813075605
0.9590833333333333,-0.35761087312339407
0.9591666666666666,0.04315282031039539
0.95925,0.2953945994397159
0.9593333333333334,-0.04977768260292617
0.9594166666666667,-0.31036480789342075
0.9595,-0.22801544520346018
0.9595833333333333,-0.38796948643027956
0.9596666666666667,-0.16786004826189996
0.95975,-0.16840636834191242
0.9598333333333333,-0.16307524489944852
0.9599166666666666,0.25336250888574
0.96,0.12864088042070332
0.9600833333333333,0.15898661629097682
0.9601666666666666,-0.019691917181354462
0.96025,-0.1054452348325648
0.9603333333333334,0.5260951241495655
0.9604166666666667,0.4853184136712491
0.9605,0.34439465248621837
0.9605833333333333,0.4043183440304716
0.9606666666666667,0.1919326993528092
0.96075,0.14617082769150302
0.9608333333333333,0.18224821236358418
0.9609166666666666,0.03885447340300937
0.961,-0.21791429058675
0.9610833333333333,0.08357789951754775
0.9611666666666666,0.18590194540992722
0.96125,-0.24470347035636797
0.9613333333333334,-0.16329719702556536
0.9614166666666667,-0.3529325167393295
0.9615,-0.2749501942474588
0.9615833333333333,0.26359832687838086
0.9616666666666667,-0.19816745302716404
0.96175,-0.3537585820586746
0.9618333333333333,-0.07560785373468654
0.9619166666666666,-0.38668627209958956
0.962,-0.2433167087455436
0.9620833333333333,0.05615777170442423
0.9621666666666666,0.03697381858687916
0.96225,0.23435832914561583
0.9623333333333334,0.20954146768192844
0.9624166666666667,-0.038668443061276245
0.9625,-0.1060928988291551
0.9625833333333333,0.04135002236172595
0.9626666666666667,0.249042448266375
0.96275,0.1513939207717623
0.9628333333333333,0.04897149322134316
0.9629166666666666,0.04486026174020501
0.963,0.03504439300529523
0.9630833333333333,-0.03889031043182436
0.9631666666666666,-0.281896082454828
0.96325,-0.02555081303169513
0.9633333333333334,0.26270567596783956
0.9634166666666667,0.16659458171070482
0.9635,0.2111326112619544
0.9635833333333333,-0.008461762595958345
0.9636666666666667,-0.03848407705666994
0.96375,0.1358815303043525
0.9638333333333333,-0.0041660239499940336
0.9639166666666666,0.289174873288232
0.964,0.4842897235593866
0.9640833333333333,0.24092166039116447
0.9641666666666666,0.4277722489868284
0.96425,0.33479201158163024
0.9643333333333334,-0.2144854878830702
0.9644166666666667,-0.18631705225580847
0.9645,-0.18601723716136592
0.9645833333333333,-0.15629396888398417
0.9646666666666667,0.3433681276532564
0.96475,0.27726900289241474
0.9648333333333333,0.16446819362891374
0.9649166666666666,0.1058975738747885
0.965,-0.40161261675107524
0.9650833333333333,-0.4808390857219683
0.9651666666666666,-0.47133477722676215
0.96525,-0.4460953035586297
0.9653333333333334,-0.1086076163497022
0.9654166666666667,0.09760851855488066
0.9655,0.2719658522239553
0.9655833333333333,0.07678443902290527
0.9656666666666667,-0.1555898059773213
0.96575,0.11650028440636351
0.9658333333333333,0.06842868669018831
0.9659166666666666,-0.1372891818369064
0.966,-0.1205388440008731
0.9660833333333333,0.051058806248586455
0.9661666666666666,0.3734860767727982
0.96625,0.15170336033190474
0.9663333333333334,-0.07570864877744676
0.9664166666666667,-0.06572328625179404
0.9665,-0.24245938757488883
0.9665833333333333,-0.22622669804030554
0.9666666666666667,-0.30606711893368194
0.96675,-0.10672217907023054
0.9668333333333333,0.09488906595655104
0.9669166666666666,-0.03304022902107404
0.967,0.14230992392088362
0.9670833333333333,-0.06605179032387196
0.9671666666666666,-0.18153958189293712
0.96725,0.11677767119317176
0.9673333333333334,0.03973287271631085
0.9674166666666667,-0.21405282333044748
0.9675,-0.3559067602499707
0.9675833333333334,-0.08130504141473571
0.9676666666666667,0.14644037955475725
0.96775,0.05415301468020597
0.9678333333333333,-0.10837441100624404
0.9679166666666666,-0.2164423923484004
0.968,0.007310713791529837
0.9680833333333333,-0.11262677828624937
0.9681666666666666,-0.3475187794672505
0.96825,-0.2694281115791139
0.9683333333333334,-0.4638849832957625
0.9684166666666667,-0.44959309836649936
0.9685,-0.34203990354501007
0.9685833333333334,-0.4112543543898599
0.9686666666666667,-0.2890355946242956
0.96875,-0.2506600179353183
0.9688333333333333,0.08736645175716884
0.9689166666666666,0.46808920052161285
0.969,0.24929562246365505
0.9690833333333333,0.2956557871815195
0.9691666666666666,0.41954675084868764
0.96925,0.34786910818171085
0.9693333333333334,0.6929139072615871
0.9694166666666667,0.6277817070154216
0.9695,0.519125352145244
0.9695833333333334,1.0482609550851454
0.9696666666666667,0.8264801262559874
0.96975,0.4237347280411986
0.9698333333333333,0.5489403216180695
0.9699166666666666,0.1920407785347605
0.97,-0.022534175358889824
0.9700833333333333,0.18208555183417016
0.9701666666666666,0.08536943675730417
0.97025,-0.2028314921495302
0.9703333333333334,-0.4571460836761242
0.9704166666666667,-0.589785223379961
0.9705,-0.8682081523730447
0.9705833333333334,-1.0909711382286151
0.9706666666666667,-1.0503428162365906
0.97075,-0.9305122066185116
0.9708333333333333,-0.5132577512072793
0.9709166666666667,-0.4536057178384748
0.971,-0.3870544658581534
0.9710833333333333,0.1042436287485536
0.9711666666666666,-0.20642911049392365
0.97125,-0.39608305269577954
0.9713333333333334,-0.05491125666657336
0.9714166666666667,-0.03277090281218371
0.9715,0.10576237357965472
0.9715833333333334,0.04268633082143684
0.9716666666666667,0.3187968831511216
0.97175,0.9740153467695181
0.9718333333333333,0.7057735038507811
0.9719166666666667,0.5779268120204163
0.972,0.6553185069588555
0.9720833333333333,-0.05709761625958764
0.9721666666666666,-0.36475662317233537
0.97225,-0.18143199050227718
0.9723333333333334,-0.16381722120385722
0.9724166666666667,-0.08593534942746638
0.9725,-0.22089012833940824
0.9725833333333334,-0.07192724036103518
0.9726666666666667,0.20629554218387436
0.97275,-0.3261645710212176
0.9728333333333333,-0.5068686859982992
0.9729166666666667,-0.2932455791234389
0.973,-0.4586406155499698
0.9730833333333333,-0.3574234486835506
0.9731666666666666,-0.07302058817993883
0.97325,0.23182352566781428
0.9733333333333334,0.06628268268945534
0.9734166666666667,-0.1366261453765762
0.9735,0.2111205361523564
0.9735833333333334,0.15280326600897556
0.9736666666666667,0.27049222369150644
0.97375,0.3034084951637652
0.9738333333333333,0.024452585003410333
0.9739166666666667,0.154859723955768
0.974,-0.13494369956913174
0.9740833333333333,-0.023466333854580447
0.9741666666666666,0.5255634943530638
0.97425,0.5548716858787571
0.9743333333333334,0.6906227020404399
0.9744166666666667,0.5521659130785169
0.9745,0.37570633288008903
0.9745833333333334,0.5418493413482413
0.9746666666666667,0.41709742521493576
0.97475,0.23476922133288883
0.9748333333333333,0.1955418044666419
0.9749166666666667,0.19004036358256882
0.975,0.1471674298864568
0.9750833333333333,-0.054711737476129334
0.9751666666666666,-0.3527213962589903
0.97525,-0.4445626191627586
0.9753333333333334,-0.2329103672363423
0.9754166666666667,-0.12612503208747924
0.9755,-0.21195872187195997
0.9755833333333334,-0.1651712669898655
0.9756666666666667,-0.05783490696237987
0.97575,-0.2600827156536857
0.9758333333333333,-0.3472437939905757
0.9759166666666667,-0.08305251400087404
0.976,-0.26789775612011774
0.9760833333333333,-0.4761490889307253
0.9761666666666666,-0.2926902804105071
0.97625,-0.46939458734229045
0.9763333333333334,-0.37208494325014246
0.9764166666666667,-0.09386605239393976
0.9765,-0.5039568048898149
0.9765833333333334,-0.4899879893753163
0.9766666666666667,-0.12230023961617675
0.97675,-0.22837676614584762
0.9768333333333333,-0.14278368595537372
0.9769166666666667,-0.02317003378880328
0.977,-0.0790537760183202
0.9770833333333333,0.1447160921287556
0.9771666666666666,0.22257474582439418
0.97725,0.19066338646755626
0.9773333333333334,0.3761936330862099
0.9774166666666667,0.23035648127145536
0.9775,0.013462957238566315
0.9775833333333334,-0.025527703822653458
0.9776666666666667,-0.16163714206048116
0.97775,-0.05585488151829849
0.9778333333333333,0.12221530725464841
0.9779166666666667,0.21469849027999066
0.978,0.2855264711511934
0.9780833333333333,0.23050580007001906
0.9781666666666666,0.3286031484626072
0.97825,0.3146443008681135
0.9783333333333334,0.023701064339249997
0.9784166666666667,-0.07682054936525824
0.9785,-0.07630209734825229
0.9785833333333334,-0.025068557886674257
0.9786666666666667,0.256939120038207
0.97875,0.4349486112385326
0.9788333333333333,0.40403590639218634
0.9789166666666667,0.2850192538968395
0.979,0.018976525886461648
0.9790833333333333,-0.10094166129217547
0.9791666666666666,-0.11470248203931646
0.97925,-0.3022163152928351
0.9793333333333333,-0.19981180515581676
0.9794166666666667,0.22651589115311221
0.9795,0.3866016987137611
0.9795833333333334,0.44321524725731537
0.9796666666666667,0.4788506589766823
0.97975,0.3999825257654248
0.9798333333333333,0.3777523825678293
0.9799166666666667,0.06381898050398709
0.98,-0.1783920461836063
0.9800833333333333,0.0008564562022998853
0.9801666666666666,0.04026300400682132
0.98025,0.0038331418262770025
0.9803333333333333,0.0893447163386524
0.9804166666666667,0.21019584215718076
0.9805,0.23656794503647868
0.9805833333333334,0.31152117070981367
0.9806666666666667,0.16048979916626527
0.98075,-0.27660580602222573
0.9808333333333333,-0.25563441393870623
0.9809166666666667,-0.22516448042750342
0.981,-0.261969512231045
0.9810833333333333,-0.18042845994341827
0.9811666666666666,-0.11612006409737685
0.98125,0.1195932573597556
0.9813333333333333,-0.045489693700822884
0.9814166666666667,-0.3097235020561527
0.9815,-0.5997530764466165
0.9815833333333334,-0.8413623017673089
0.9816666666666667,-0.4830585052483192
0.98175,-0.3375478080281326
0.9818333333333333,-0.32285109332889145
0.9819166666666667,-0.15480292261401699
0.982,0.20397432620589712
0.9820833333333333,0.5085176767805278
0.9821666666666666,0.18260184790964823
0.98225,-0.09044811793318182
0.9823333333333333,-0.2657245986380198
0.9824166666666667,-0.2925694574589698
0.9825,-0.20006766573456725
0.9825833333333334,-0.095550692188597
0.9826666666666667,0.3125917774324703
0.98275,0.10395980202236373
0.9828333333333333,-0.10478179201415777
0.9829166666666667,0.22316111160824115
0.983,-0.023543892320250843
0.9830833333333333,-0.24960847164418898
0.9831666666666666,0.08181881030018252
0.98325,0.19593624651515207
0.9833333333333333,0.1478151478106262
0.9834166666666667,0.5094680697519128
0.9835,0.6397899938903859
0.9835833333333334,0.2158894281597079
0.9836666666666667,-0.029758025440529016
0.98375,-0.06417335295884671
0.9838333333333333,0.043459395262365995
0.9839166666666667,0.22029394000846855
0.984,0.057937610452355924
0.9840833333333333,0.02079540904435197
0.9841666666666666,0.33568871785682225
0.98425,0.21160725827635682
0.9843333333333333,0.050199942226394234
0.9844166666666667,0.0606506460428042
0.9845,-0.02583403875837649
0.9845833333333334,0.44433576985737244
0.9846666666666667,0.5869078521400561
0.98475,0.2617146975920335
0.9848333333333333,0.17394691859405087
0.9849166666666667,-0.31061114310159094
0.985,-0.32036099665035933
0.9850833333333333,-0.009818976924163872
0.9851666666666666,-0.4576845449055134
0.98525,-0.5768471607306502
0.9853333333333333,-0.23912809967983256
0.9854166666666667,-0.14656702274996475
0.9855,-0.36262982019732176
0.9855833333333334,-0.5956546776069579
0.9856666666666667,-0.4252612823069265
0.98575,-0.3593583133207264
0.9858333333333333,-0.38539553338612137
0.9859166666666667,-0.19729087501470702
0.986,-0.15391892580316574
0.9860833333333333,-0.021954210524120103
0.9861666666666666,0.027115663607804916
0.98625,-0.17314439590875574
0.9863333333333333,-0.36752428698326506
0.9864166666666667,-0.5985556946587782
0.9865,-0.30805326077432343
0.9865833333333334,0.15139774933924854
0.9866666666666667,0.2597884641517812
0.98675,0.3376774221333125
0.9868333333333333,0.33994525127977143
0.9869166666666667,0.61403293810057
0.987,0.47860724319451475
0.9870833333333333,0.0797732044468417
0.9871666666666666,0.3721966325080922
0.98725,0.5370404072720186
0.9873333333333333,0.692740761609731
0.9874166666666667,0.483108097790125
0.9875,0.061644809004870765
0.9875833333333334,0.15467155116109754
0.9876666666666667,-0.043234286064846396
0.98775,-0.15563811067645267
0.9878333333333333,-0.4185815211295448
0.9879166666666667,-0.45294812650305855
0.988,-0.022799849962324228
0.9880833333333333,-0.0021082090736527443
0.9881666666666666,0.499511202436418
0.98825,0.3915164234725046
0.9883333333333333,-0.2078986083482053
0.9884166666666667,-0.03455503102032908
0.9885,-0.2799252043133246
0.9885833333333334,-0.2487017541482656
0.9886666666666667,0.040698783423201025
0.98875,0.15300146798745298
0.9888333333333333,0.5685517826470605
0.9889166666666667,0.3232688389730472
0.989,0.2912602275561402
0.9890833333333333,0.4096774280045843
0.9891666666666666,-0.390823526859526
0.98925,-0.2007849043333824
0.9893333333333333,0.3654831939212487
0.9894166666666667,0.08297410465075633
0.9895,0.43225404813594925
0.9895833333333334,0.6296537816726507
0.9896666666666667,0.31333304176938204
0.98975,0.41317445082283777
0.9898333333333333,0.25419888319201345
0.9899166666666667,-0.11716107031707104
0.99,-0.16725565618595806
0.9900833333333333,0.1348924822164701
0.9901666666666666,0.24588610095875849
0.99025,-0.12960144417643688
0.9903333333333333,-0.23323021342536787
0.9904166666666666,-0.5211518397084007
0.9905,-1.045756914807306
0.9905833333333334,-0.8241820930361352
0.9906666666666667,-0.584768182319654
0.99075,-0.4319633572396404
0.9908333333333333,-0.038434152960627514
0.9909166666666667,-0.10712501721743889
0.991,-0.24319516403718466
0.9910833333333333,-0.25512848086382345
0.9911666666666666,-0.44511133200956965
0.99125,-0.5333786241409031
0.9913333333333333,-0.3305366574025269
0.9914166666666666,0.04459115478141821
0.9915,0.11194527013956743
0.9915833333333334,0.02990911294800512
0.9916666666666667,-0.021885291167913976
0.99175,-0.18109717630177777
0.9918333333333333,-0.1856493733469822
0.9919166666666667,-0.038780815760556066
0.992,-0.005542717130071646
0.9920833333333333,0.03730905209730103
0.9921666666666666,0.678285828612404
0.99225,1.0654726609505103
0.9923333333333333,0.7304084047673738
0.9924166666666666,0.5863799899709435
0.9925,0.30461170639348706
0.9925833333333334,0.20506724476240357
0.9926666666666667,-0.0012533157563483406
0.99275,-0.35230452413278895
0.9928333333333333,0.07360522566145979
0.9929166666666667,-0.04329167092251317
0.993,-0.04074836779519155
0.9930833333333333,0.38376795877848097
0.9931666666666666,0.06631355037140528
0.99325,0.07803079874245886
0.9933333333333333,0.08330541205218782
0.9934166666666666,-0.04368706234694851
0.9935,0.03192005555560643
0.9935833333333334,-0.14125460080345004
0.9936666666666667,-0.30406099165080314
0.99375,-0.32173858283661105
0.9938333333333333,-0.21612721805620336
0.9939166666666667,-0.2868785627040754
0.994,-0.04875744033488585
0.9940833333333333,-0.010922524177051243
0.9941666666666666,-0.38412158590104173
0.99425,-0.02181532830009448
0.9943333333333333,-0.04767838516322397
0.9944166666666666,-0.26449206576952905
0.9945,0.022820244827264566
0.9945833333333334,0.08266617421190621
0.9946666666666667,0.24432917862500406
0.99475,0.24047005938210964
0.9948333333333333,0.05062860850901991
0.9949166666666667,-0.029391281893204814
0.995,-0.287977697027669
0.9950833333333333,-0.5274094333849281
0.9951666666666666,-0.46874614434590495
0.99525,-0.34418852777091813
0.9953333333333333,-0.33991117138130356
0.9954166666666666,-0.08394666959587922
0.9955,-0.028770080051422477
0.9955833333333334,-0.2699182986035608
0.9956666666666667,-0.12348746943261964
0.99575,0.009637768132339646
0.9958333333333333,0.04080868688101515
0.9959166666666667,0.007009634557047193
0.996,-0.09208177610079023
0.9960833333333333,0.15301505813903993
0.9961666666666666,0.2660628693384767
0.99625,0.11874581880223867
0.9963333333333333,0.15719511296099836
0.9964166666666666,0.1253196520767132
0.9965,0.05201201532389819
0.9965833333333334,0.10844627118721745
0.9966666666666667,0.020571380528586262
0.99675,-0.08764684925582257
0.9968333333333333,-0.04078177887060192
0.9969166666666667,0.13613618567550648
0.997,0.028007444755149186
0.9970833333333333,-0.4492546883224714
0.9971666666666666,-0.44601336007182857
0.99725,-0.35709684435546374
0.9973333333333333,-0.471218124309712
0.9974166666666666,-0.17857462294957568
0.9975,0.19492075000419967
0.9975833333333334,0.5348548063251863
0.9976666666666667,0.6325617517776434
0.99775,0.33341899435239236
0.9978333333333333,-0.07786333612287621
0.9979166666666667,-0.3833169952901674
0.998,-0.22654508303914503
0.9980833333333333,-0.1585169442570317
0.9981666666666666,-0.0720199803996456
0.99825,0.3756557013389711
0.9983333333333333,0.3250207644473356
0.9984166666666666,0.2799594327771161
0.9985,0.33521027613885496
0.9985833333333334,-0.03385081095129322
0.9986666666666667,-0.07650529243138247
0.99875,-0.1990294181706484
0.9988333333333334,-0.2521674235884369
0.9989166666666667,0.14300232312480518
0.999,-0.10882545217686732
0.9990833333333333,-0.10474302094906941
0.9991666666666666,0.4074440222100889
0.99925,0.24516586537125687
0.9993333333333333,0.12413435525254968
0.9994166666666666,0.2144484753331264
0.9995,0.20054198223111147
0.9995833333333334,0.2724001634061065
0.9996666666666667,0.22977571512981365
0.99975,0.1208242859942115
0.9998333333333334,0.03969039936723321
0.9999166666666667,-0.06004127157271797
