frequency_hz,amplitude
0.0,0.0010469080514744435
0.08333333333333333,0.0022416146359571635
0.16666666666666666,0.0021375272874759052
0.25,0.0014023934609321666
0.3333333333333333,0.0032728103486298573
0.41666666666666663,0.002072537779019714
0.5,0.002662782394181137
0.5833333333333333,0.0019021444015796306
0.6666666666666666,0.0018291023165255803
0.75,0.0027511184371897908
0.8333333333333333,0.00288783065343034
0.9166666666666666,0.0027945772393994173
1.0,0.0012921501809605564
1.0833333333333333,0.001130391781390534
1.1666666666666665,0.0013599534526021046
1.25,0.0006324154318822257
1.3333333333333333,0.0020316896623911737
1.4166666666666665,0.002239483498252746
1.5,0.0035031497814296216
1.5833333333333333,0.004014354660169358
1.6666666666666665,0.0014996136345121348
1.75,0.0010848025221827388
1.8333333333333333,0.0029431540315385256
1.9166666666666665,0.003132086361818723
2.0,0.0026518948384554853
2.083333333333333,0.0014556373769470036
2.1666666666666665,0.00038984869288187024
2.25,0.0020637312742418585
2.333333333333333,0.002376163618262468
2.4166666666666665,0.0009544975459907812
2.5,0.0007138342210875597
2.583333333333333,0.0019339651472930523
2.6666666666666665,0.003503341515243156
2.75,0.001676305515476993
2.833333333333333,0.0019973626918350505
2.9166666666666665,0.0003523987422716575
3.0,0.0012229386552026608
3.083333333333333,0.004358276796930267
3.1666666666666665,0.004993340181125657
3.25,0.0034591112766040612
3.333333333333333,0.0010696054584286836
3.4166666666666665,0.0013486046234786467
3.5,0.000909114917969518
3.583333333333333,0.001974716316844029
3.6666666666666665,0.0034304964040858827
3.75,0.0026903287749515054
3.833333333333333,0.001299488299907146
3.9166666666666665,0.0004105567560076189
4.0,0.003236449612980924
4.083333333333333,0.004401184539239979
4.166666666666666,0.0014509024951354383
4.25,0.0019593152449101136
4.333333333333333,0.0005418098474117692
4.416666666666666,0.0008966867533132262
4.5,0.0004509377026723648
4.583333333333333,0.0009530138797567823
4.666666666666666,0.0019377365374534292
4.75,0.003688659817485789
4.833333333333333,0.0032828253445808912
4.916666666666666,0.00225914579646507
5.0,0.0020229402940385713
5.083333333333333,0.0023181169870897193
5.166666666666666,0.001321163931699786
5.25,0.001646346030898635
5.333333333333333,0.0008209720826154565
5.416666666666666,0.002637713201954659
5.5,0.004883932696455704
5.583333333333333,0.0027941613830099253
5.666666666666666,0.0004641682568317325
5.75,0.00030377191967233166
5.833333333333333,0.0016936929400426816
5.916666666666666,0.0017729623010443098
6.0,0.002075641112806929
6.083333333333333,0.0049756219284332725
6.166666666666666,0.005993497206626777
6.25,0.005642631650457795
6.333333333333333,0.0030628495928733544
6.416666666666666,0.002436962092276483
6.5,0.0026982460395974335
6.583333333333333,0.0022772296024449103
6.666666666666666,0.0009847363945069086
6.75,0.002045624820062029
6.833333333333333,0.0016342606697375887
6.916666666666666,0.003170657530054383
7.0,0.0019388807349663124
7.083333333333333,0.0002746023517355344
7.166666666666666,0.001002232957092462
7.25,0.0006329465214310751
7.333333333333333,0.0003097862940993958
7.416666666666666,0.0023670625482978317
7.5,0.0027682538583256363
7.583333333333333,0.0012881405763706273
7.666666666666666,0.0016771798103195714
7.75,0.0013121599116993447
7.833333333333333,0.0031675719231952226
7.916666666666666,0.005764899667717619
8.0,0.004858763078038035
8.083333333333332,0.0020927339792650647
8.166666666666666,0.006094438190702704
8.25,0.005710924854761195
8.333333333333332,0.0011812048386288523
8.416666666666666,0.0015994543768042106
8.5,0.0017387873890729545
8.583333333333332,0.0007419813975799252
8.666666666666666,0.0018237737507138384
8.75,0.00040980693095134095
8.833333333333332,0.0029097898430665366
8.916666666666666,0.003370234676445081
9.0,0.003414136661583899
9.083333333333332,0.003411386284479812
9.166666666666666,0.0037865485824537548
9.25,0.0027180059009887167
9.333333333333332,0.0047778588777341625
9.416666666666666,0.0073758433299356335
9.5,0.004214734877919272
9.583333333333332,0.001712091900673851
9.666666666666666,0.004453849417304092
9.75,0.001997461316598732
9.833333333333332,0.0015716208686081061
9.916666666666666,0.0016802610861417022
10.0,0.0004072208533843902
10.083333333333332,0.0008440031467339977
10.166666666666666,0.0027589626807311123
10.25,0.0017774004293922613
10.333333333333332,0.0019066749348182134
10.416666666666666,0.0019554090685141514
10.5,0.0013943319365591386
10.583333333333332,0.002573699157818457
10.666666666666666,0.002322891482780718
10.75,0.0017705672317259752
10.833333333333332,0.0008500810650053932
10.916666666666666,0.0019423115330615946
11.0,0.004233432959986619
11.083333333333332,0.0033425460891783657
11.166666666666666,0.0021265905996162033
11.25,0.0005149377493058617
11.333333333333332,0.0025650429956266727
11.416666666666666,0.0025465324127573424
11.5,0.0021099864557294107
11.583333333333332,0.002465281020179104
11.666666666666666,0.0035486610315155634
11.75,0.0039990918714969265
11.833333333333332,0.002419536707234687
11.916666666666666,0.001843894496780759
12.0,0.002517232529101933
12.083333333333332,0.0035953201576151604
12.166666666666666,0.0017153862111389858
12.25,0.0019496513891342612
12.333333333333332,0.0005333817061040347
12.416666666666666,0.0026041904859410944
12.5,0.0007360745133160396
12.583333333333332,0.0019652604378512933
12.666666666666666,0.003318209768677258
12.75,0.004607323972045543
12.833333333333332,0.0026840821857850423
12.916666666666666,0.0014050495053255783
13.0,0.0011661044380844897
13.083333333333332,0.000999522515540098
13.166666666666666,0.00210362979810579
13.25,0.0013900181114147895
13.333333333333332,0.00216143667322498
13.416666666666666,0.004216273822654156
13.5,0.0026740998899644746
13.583333333333332,0.0014527166163472301
13.666666666666666,0.0017019882678487102
13.75,0.0017507484724025
13.833333333333332,0.0015098690796567147
13.916666666666666,0.0014004751670013726
14.0,0.001687029648872135
14.083333333333332,0.0007500233435823949
14.166666666666666,0.002293565840715727
14.25,0.0019624249219832696
14.333333333333332,0.0009510552648601966
14.416666666666666,0.0023012965613281255
14.5,0.0029364429739885105
14.583333333333332,0.0027765795452596004
14.666666666666666,0.0015046318598469206
14.75,0.0016548304426350657
14.833333333333332,0.002341515139301137
14.916666666666666,0.0038265551761198
15.0,0.004629854191390917
15.083333333333332,0.002902385752818163
15.166666666666666,0.0026236633020427285
15.25,0.002599254758865919
15.333333333333332,0.00034704350580580404
15.416666666666666,0.0020532945505884964
15.5,0.0036858675269967616
15.583333333333332,0.0016386892076342874
15.666666666666666,0.001401235644241534
15.75,0.001168033360102296
15.833333333333332,0.002870151743472994
15.916666666666666,0.005570543309521862
16.0,0.004400952628038547
16.083333333333332,0.0012300088176381647
16.166666666666664,0.00044427347017994914
16.25,0.0006616509403612398
16.333333333333332,0.0015753475962678497
16.416666666666664,0.0013267332492030777
16.5,0.0025298036775797785
16.583333333333332,0.003329247304396287
16.666666666666664,0.0023962879050962917
16.75,0.0036442886257101958
16.833333333333332,0.0020602108504819325
16.916666666666664,0.0016787730530750096
17.0,0.0025441346967842887
17.083333333333332,0.001647211698745036
17.166666666666664,0.0006154180028607188
17.25,0.0022762266152957238
17.333333333333332,0.0023375415204799593
17.416666666666664,0.0008674397817382169
17.5,0.0021126841228243727
17.583333333333332,0.000993007775169746
17.666666666666664,0.0023441381740031612
17.75,0.0030952591988406093
17.833333333333332,0.00041029051767434675
17.916666666666664,0.0025613794578377503
18.0,0.003518978274455329
18.083333333333332,0.002717336998495451
18.166666666666664,0.0042691276995973455
18.25,0.004519073443471834
18.333333333333332,0.003449718914681527
18.416666666666664,0.002424791144192261
18.5,0.004023244353081917
18.583333333333332,0.0043116206096790585
18.666666666666664,0.0025686430273618595
18.75,0.002470677361177007
18.833333333333332,0.0007217272288685956
18.916666666666664,0.0010811807678718537
19.0,0.0010840408453184197
19.083333333333332,0.001173128011737462
19.166666666666664,0.0015188900944143574
19.25,0.002230288236618548
19.333333333333332,0.0036278176713094796
19.416666666666664,0.002936673390079911
19.5,0.0011832144349951334
19.583333333333332,0.0005450052335587058
19.666666666666664,0.0008520442852961882
19.75,0.0005531509370041133
19.833333333333332,0.0016194210762016047
19.916666666666664,0.00156816423468138
20.0,0.0013398153669164372
20.083333333333332,0.002995335586197573
20.166666666666664,0.0029472464159828117
20.25,0.0018779465550985035
20.333333333333332,0.0018326218638135521
20.416666666666664,0.0027582398127226847
20.5,0.0035322095647230744
20.583333333333332,0.0037056919104008408
20.666666666666664,0.003410783225667179
20.75,0.0012552058544415792
20.833333333333332,0.002440316080941637
20.916666666666664,0.002102440290763146
21.0,0.0032970805998249796
21.083333333333332,0.0028727660528732554
21.166666666666664,0.0016153673842637854
21.25,0.001623822554434819
21.333333333333332,0.0018611768392241936
21.416666666666664,0.001564613487133854
21.5,0.0040543766941110206
21.583333333333332,0.0024076167543939713
21.666666666666664,0.0007182921914903345
21.75,0.0013809337717628795
21.833333333333332,0.003050029943288383
21.916666666666664,0.0029737326334811146
22.0,0.0014466409283907559
22.083333333333332,0.0022339386978500702
22.166666666666664,0.002237031180515678
22.25,0.000889735358527272
22.333333333333332,0.00151537341926927
22.416666666666664,0.0011406235027146409
22.5,0.0023118023095223253
22.583333333333332,0.002026778651183232
22.666666666666664,0.0005009494398986013
22.75,0.002585057618517613
22.833333333333332,0.004660464512296466
22.916666666666664,0.003558462700484823
23.0,0.0017205439323848258
23.083333333333332,0.0021309858606060883
23.166666666666664,0.002118614763239162
23.25,0.0016563852245529025
23.333333333333332,0.0015641089068368893
23.416666666666664,0.0005162068162842617
23.5,0.002475303262208626
23.583333333333332,0.0005042449983905506
23.666666666666664,0.0020657287346942835
23.75,0.00054656515831952
23.833333333333332,0.003320639485483072
23.916666666666664,0.0022381625911769704
24.0,0.00024605808502304276
24.083333333333332,0.0017673363543659162
24.166666666666664,0.0005664671385414074
24.25,0.0012869711129346617
24.333333333333332,0.002079795212048254
24.416666666666664,0.001957722417871953
24.5,0.0031282760727534956
24.583333333333332,0.005440821305577056
24.666666666666664,0.002596523619252522
24.75,0.002349212910069076
24.833333333333332,0.0013379614378796775
24.916666666666664,0.0007242663906510521
25.0,0.002090154117663059
25.083333333333332,0.0006977649679303108
25.166666666666664,0.001953457003858525
25.25,0.001336288842092602
25.333333333333332,0.0013152123719823055
25.416666666666664,0.0029409820357815036
25.5,0.003078652369457163
25.583333333333332,0.0015764797874997397
25.666666666666664,0.0012647745441882814
25.75,0.001722450773681825
25.833333333333332,0.0028763848418375494
25.916666666666664,0.0024417461334420255
26.0,0.00205848816211609
26.083333333333332,0.003476813329661547
26.166666666666664,0.002703085042211025
26.25,0.00225530400932257
26.333333333333332,0.0032279273357259195
26.416666666666664,0.0016488986737736551
26.5,0.0021546907282047477
26.583333333333332,0.004343974087933576
26.666666666666664,0.004521501025612319
26.75,0.0008124300267213754
26.833333333333332,0.001994376727184892
26.916666666666664,0.000763736386736931
27.0,0.00397526926529421
27.083333333333332,0.003504737941755044
27.166666666666664,0.004472900786780282
27.25,0.004368957799512621
27.333333333333332,0.0014511541896955454
27.416666666666664,0.002084687452766638
27.5,0.0038144530065600383
27.583333333333332,0.0038300322899670414
27.666666666666664,0.0020306994607062253
27.75,0.0016597916184596959
27.833333333333332,0.0007505072168416923
27.916666666666664,0.003179899453176301
28.0,0.002966154659641974
28.083333333333332,0.0008212466904994457
28.166666666666664,0.0021154788599028495
28.25,0.0022179977618677475
28.333333333333332,0.0018487188143195383
28.416666666666664,0.00422719238261624
28.5,0.0028722153345172043
28.583333333333332,0.003012499919405869
28.666666666666664,0.002843912807267376
28.75,0.003442353353198869
28.833333333333332,0.003300214727110199
28.916666666666664,0.0008261534531809431
29.0,0.002114939614227632
29.083333333333332,0.0011688018434198035
29.166666666666664,0.0012408013514216033
29.25,0.002460832318370617
29.333333333333332,0.002693179986260458
29.416666666666664,0.0020345474957240584
29.5,0.0016620349016651553
29.583333333333332,0.0014298577761638438
29.666666666666664,0.001397786470600022
29.75,0.0018439526649804694
29.833333333333332,0.0032504895159492547
29.916666666666664,0.0029283637227753884
30.0,0.0013413510769616553
30.083333333333332,0.002511953689425523
30.166666666666664,0.001666650700697615
30.25,0.0012369863531830865
30.333333333333332,0.0012589641268068636
30.416666666666664,0.0019313010027688393
30.5,0.001858812522348785
30.583333333333332,0.0025198078334545525
30.666666666666664,0.0010105680114933396
30.75,0.0007093412193296026
30.833333333333332,0.002385152206936871
30.916666666666664,0.002372316613055698
31.0,0.0016332468304640442
31.083333333333332,0.002036056156613714
31.166666666666664,0.003668410039256141
31.25,0.00040479220999393024
31.333333333333332,0.000707769247996175
31.416666666666664,0.002188473097739019
31.5,0.0016669511182670022
31.583333333333332,0.0022398381363840487
31.666666666666664,0.003410967568738828
31.75,0.002014270607524256
31.833333333333332,0.0021103149336305672
31.916666666666664,0.003287123555354185
32.0,0.0020582485063170963
32.08333333333333,0.0005506375397688385
32.166666666666664,0.002681613409096997
32.25,0.0028975835122596397
32.33333333333333,0.0022945036396098046
32.416666666666664,0.002391177334634248
32.5,0.0043267760668643865
32.58333333333333,0.005080840029880955
32.666666666666664,0.0029997497744987576
32.75,0.0020409285037837127
32.83333333333333,0.002517778900802747
32.916666666666664,0.0012580093421509476
33.0,0.002769850067314097
33.08333333333333,0.0007856147140611738
33.166666666666664,0.003329072793013117
33.25,0.002777933803156185
33.33333333333333,0.0014599184641450223
33.416666666666664,0.0030124949959403637
33.5,0.002524168874451085
33.58333333333333,0.0019494999858733104
33.666666666666664,0.001359165548426289
33.75,0.000854858302412133
33.83333333333333,0.0016988074589551155
33.916666666666664,0.0024006062647009122
34.0,0.0028023568425161573
34.08333333333333,0.0023753949134594898
34.166666666666664,0.002794861234642875
34.25,0.002209347247391479
34.33333333333333,0.004218302951120597
34.416666666666664,0.0009346480175285519
34.5,0.0141721078109863
34.58333333333333,0.01341017495316221
34.666666666666664,0.0018742422801208878
34.75,0.0028767932896031603
34.83333333333333,0.0015462352620132544
34.916666666666664,0.0014406088342862398
35.0,0.00289037214271913
35.08333333333333,0.002617097577211869
35.166666666666664,0.0013477163640850556
35.25,0.002159929930948519
35.33333333333333,0.0018718109694414525
35.416666666666664,0.0010564894346737253
35.5,0.0034633315636904962
35.58333333333333,0.004084246649272704
35.666666666666664,0.0031562888171269734
35.75,0.0009214864078874271
35.83333333333333,0.002852979602690523
35.916666666666664,0.0023349920895666615
36.0,0.002114110415581761
36.08333333333333,0.0012884958642029633
36.166666666666664,0.002122713996018188
36.25,0.000736545625540995
36.33333333333333,0.002936859563490135
36.416666666666664,0.004814790272227809
36.5,0.0038190893347171593
36.58333333333333,0.0026475396187194107
36.666666666666664,0.0010480806009518517
36.75,0.00045020906997989837
36.83333333333333,0.0010605793671164393
36.916666666666664,0.002647198436345578
37.0,0.0026827712690714956
37.08333333333333,0.0014169003804795494
37.166666666666664,0.0005063111391054257
37.25,0.0018656749906581116
37.33333333333333,0.001050686760905857
37.416666666666664,0.0023051914553042737
37.5,0.0026295816993808403
37.58333333333333,0.0023439801135607214
37.666666666666664,0.004777276838934597
37.75,0.0029677401603041007
37.83333333333333,0.0017378585460708649
37.916666666666664,0.0027244998125829
38.0,0.004866738427660025
38.08333333333333,0.005283876494715935
38.166666666666664,0.001933793310991038
38.25,0.0009179839771955972
38.33333333333333,0.0015982816074743003
38.416666666666664,0.0006153472046293726
38.5,0.0031742826460610285
38.58333333333333,0.00261919174322328
38.666666666666664,0.0033637275434337676
38.75,0.0032224364624117373
38.83333333333333,0.0037466718122979546
38.916666666666664,0.0027398745718196535
39.0,0.001364533939261307
39.08333333333333,0.0023575205681240913
39.166666666666664,0.004842655332236929
39.25,0.003112159854022677
39.33333333333333,0.00040267952903910606
39.416666666666664,0.002955776848988839
39.5,0.004781658261336392
39.58333333333333,0.0019210666900819945
39.666666666666664,0.0030976542934556647
39.75,0.002795988551648431
39.83333333333333,0.0029423778047296917
39.916666666666664,0.004116238974195459
40.0,0.0044532927687592145
40.08333333333333,0.005295004317760164
40.166666666666664,0.0034716860309087724
40.25,0.002339428899386835
40.33333333333333,0.0018587636993186614
40.416666666666664,0.0009159194657788248
40.5,0.0011433382546579697
40.58333333333333,0.0018079743052474384
40.666666666666664,0.0010903950099974199
40.75,0.0026047814629945234
40.83333333333333,0.0018325140044063214
40.916666666666664,0.001293190996576395
41.0,0.00098670551918154
41.08333333333333,0.001338849700472279
41.166666666666664,0.00013121322205084123
41.25,0.002460016188817308
41.33333333333333,0.004029742570739224
41.416666666666664,0.001275266289395043
41.5,0.0022244034491866074
41.58333333333333,0.0029230434223218044
41.666666666666664,0.0025657499964497755
41.75,0.0004160278797793469
41.83333333333333,0.0010669066729599552
41.916666666666664,0.0016527367962708296
42.0,0.0031377896902091413
42.08333333333333,0.003063107955187759
42.166666666666664,0.0005205845014095532
42.25,0.0021469102858418204
42.33333333333333,0.005276927437605138
42.416666666666664,0.005915897330830781
42.5,0.003415033052502914
42.58333333333333,0.0011227528602767796
42.666666666666664,0.0009452949937130921
42.75,0.0014333022275693664
42.83333333333333,0.0017387615503479524
42.916666666666664,0.001114041907388819
43.0,0.003087743474656896
43.08333333333333,0.002526325227082705
43.166666666666664,0.002293509479449214
43.25,0.0012640750743444606
43.33333333333333,0.0017812139210447112
43.416666666666664,0.002005880502516615
43.5,0.001893902002819582
43.58333333333333,0.001323738306144259
43.666666666666664,0.0017541554462271421
43.75,0.0014737837133501528
43.83333333333333,0.0014851171611264084
43.916666666666664,0.002301134622571577
44.0,0.0012182659119057088
44.08333333333333,0.0011159885913608625
44.166666666666664,0.002135690505064028
44.25,0.002648995437330855
44.33333333333333,0.0011714021214550478
44.416666666666664,0.0018175637215023513
44.5,0.0011541918754384953
44.58333333333333,0.0026496816054567456
44.666666666666664,0.0024613869562363656
44.75,0.0009575507727930989
44.83333333333333,0.0011702285688987423
44.916666666666664,0.00018186841425380708
45.0,0.0025783356688752618
45.08333333333333,0.002607843571613149
45.166666666666664,0.004352292808472143
45.25,0.005507689159912253
45.33333333333333,0.002914247181261604
45.416666666666664,0.002880551777158657
45.5,0.0010356140112967298
45.58333333333333,0.001271967254459132
45.666666666666664,0.0016458491822052182
45.75,0.005529227496990396
45.83333333333333,0.005780616501515144
45.916666666666664,0.002610583755532524
46.0,0.00047863382091518133
46.08333333333333,0.0014561895773264773
46.166666666666664,0.0015792958041365834
46.25,0.0027040098849562596
46.33333333333333,0.0023691682389299614
46.416666666666664,0.00021121410581726333
46.5,0.0016868062292846359
46.58333333333333,0.0011471254102485497
46.666666666666664,0.0022882967954289315
46.75,0.0018077171761643265
46.83333333333333,0.0012588909972930183
46.916666666666664,0.0016016326136656927
47.0,0.000805166937844335
47.08333333333333,0.001936952193378151
47.166666666666664,0.0025429385265720084
47.25,0.0029211783418935234
47.33333333333333,0.0024011576784912086
47.416666666666664,0.0018075499898249667
47.5,0.0005915393117549337
47.58333333333333,0.0020720534777861712
47.666666666666664,0.002582273113416152
47.75,0.0026107437565789536
47.83333333333333,0.0024422473817885433
47.916666666666664,0.0023617571921739525
48.0,0.0006774619696316749
48.08333333333333,0.00201725707714358
48.166666666666664,0.002757352123117718
48.25,0.0006531095065148747
48.33333333333333,0.0018807016740870674
48.416666666666664,0.0019350676899871715
48.5,0.0008511685816094237
48.58333333333333,0.0014597272245677666
48.666666666666664,0.0027808302858701
48.75,0.0030070792050722324
48.83333333333333,0.003907712843537978
48.916666666666664,0.0019381651600988222
49.0,0.0024836198202335385
49.08333333333333,0.003454905954914647
49.166666666666664,0.002075992538212323
49.25,0.002433483274306777
49.33333333333333,0.0022513375847434598
49.416666666666664,0.002783166721901987
49.5,0.00351305919308234
49.58333333333333,0.0047795610411558555
49.666666666666664,0.0033081961511189505
49.75,0.0015259093108962677
49.83333333333333,0.0028850729884573275
49.916666666666664,0.0022749003616476205
50.0,0.0023251984816895638
50.08333333333333,0.000939133303745146
50.166666666666664,0.00090634544530892
50.25,0.001699935511706166
50.33333333333333,0.001377652573125121
50.416666666666664,0.0008862746188996175
50.5,0.0013282197103937933
50.58333333333333,0.0007007551749781951
50.666666666666664,0.0021973811541046192
50.75,0.0013799870794515888
50.83333333333333,0.0032435365977173127
50.916666666666664,0.0028145584982436434
51.0,0.0013648060470360503
51.08333333333333,0.0013330627981579296
51.166666666666664,0.0020143369146524283
51.25,0.0021267738424752027
51.33333333333333,0.003488583102719408
51.416666666666664,0.002185114322032949
51.5,0.0007548845331686964
51.58333333333333,0.0003357465850174064
51.666666666666664,0.0020193408031145303
51.75,0.0023790462564305106
51.83333333333333,0.0015022846384535602
51.916666666666664,0.0017266156368577184
52.0,0.0009400705642789978
52.08333333333333,0.0003296792244443061
52.166666666666664,0.0014970588250466244
52.25,0.0009285616460463832
52.33333333333333,0.002565265670586493
52.416666666666664,0.0033208790230580608
52.5,0.0009865574459979336
52.58333333333333,0.0005089242910801858
52.666666666666664,0.0017694037986987414
52.75,0.0031449347463037096
52.83333333333333,0.001214851112965598
52.916666666666664,0.0022422458914488925
53.0,0.002442601109817395
53.08333333333333,0.00031874671664072426
53.166666666666664,0.0030149924660743716
53.25,0.0036609666046694724
53.33333333333333,0.0016011247879290217
53.416666666666664,0.0014592036499950546
53.5,0.003566992572203855
53.58333333333333,0.005099241206167596
53.666666666666664,0.0027371385758530585
53.75,0.0005481167882286275
53.83333333333333,0.002407059013468707
53.916666666666664,0.0029112844150283403
54.0,0.0025547045725495816
54.08333333333333,0.002324576036746772
54.166666666666664,0.0005704740049107245
54.25,0.003036511316634021
54.33333333333333,0.0022883919163754485
54.416666666666664,0.001738684324129054
54.5,0.0018724022979828986
54.58333333333333,0.0017167994881722788
54.666666666666664,0.0025230673091439708
54.75,0.0013478276050307215
54.83333333333333,0.001170027287792464
54.916666666666664,0.002450019064407621
55.0,0.0024496168476002443
55.08333333333333,0.002661255878761664
55.166666666666664,0.0020143999870362466
55.25,0.0017509163951011483
55.33333333333333,0.0022955229854319933
55.416666666666664,0.003948223849475644
55.5,0.002801865564599544
55.58333333333333,0.004250180873161537
55.666666666666664,0.0036375173225407097
55.75,0.0026825065731689696
55.83333333333333,0.0024440310206830162
55.916666666666664,0.0011289344662863702
56.0,0.0027689674619351123
56.08333333333333,0.0016058493183222344
56.166666666666664,0.0003307668805352245
56.25,0.0006805085718791566
56.33333333333333,0.0011958861320271017
56.416666666666664,0.0014588164447849195
56.5,0.002265674719124887
56.58333333333333,0.0032113713053696646
56.666666666666664,0.002535438414480367
56.75,0.0011149251910119614
56.83333333333333,0.0004551185059032147
56.916666666666664,0.0021757183634297256
57.0,0.003025783319881091
57.08333333333333,0.0021860985462667294
57.166666666666664,0.001053767919017771
57.25,0.0010282717133896977
57.33333333333333,0.0012887621505778878
57.416666666666664,0.0010856046178936917
57.5,0.000983788735892506
57.58333333333333,0.0014672347477425248
57.666666666666664,0.00035551820591476607
57.75,0.0008442059220968484
57.83333333333333,0.0019902671891898482
57.916666666666664,0.0008220423173725901
58.0,0.0005639754987945453
58.08333333333333,0.0007737496461050515
58.166666666666664,0.002361325800015284
58.25,0.0036537740959236027
58.33333333333333,0.004135140862984544
58.416666666666664,0.0010356560790766647
58.5,0.0016612639841940078
58.58333333333333,0.002926461855244501
58.666666666666664,0.003966623561128819
58.75,0.002142577719526365
58.83333333333333,0.0033609048392007307
58.916666666666664,0.003980590557865175
59.0,0.0027937639564362656
59.08333333333333,0.001604980336988935
59.166666666666664,0.00023478331942510837
59.25,0.002761569139365209
59.33333333333333,0.0014927152438972693
59.416666666666664,0.0012516090950437093
59.5,0.002192267730943149
59.58333333333333,0.0030985633507915394
59.666666666666664,0.001895313764865116
59.75,0.0007216874561251184
59.83333333333333,0.0008368333954301321
59.916666666666664,0.0011526056365837721
60.0,0.0024041909959907253
60.08333333333333,0.0009094296485443253
60.166666666666664,0.0031521368262486396
60.25,0.004027991413638995
60.33333333333333,0.0023704646646682237
60.416666666666664,0.002217593335126763
60.5,0.0011170060810262888
60.58333333333333,0.0012847170591757237
60.666666666666664,0.0019064550364327453
60.75,0.0008734156689477979
60.83333333333333,0.00032273115838491763
60.916666666666664,0.0020384503360136442
61.0,0.004636185555596352
61.08333333333333,0.004435939230235705
61.166666666666664,0.003375013418316061
61.25,0.004111865311331789
61.33333333333333,0.005172965468340201
61.416666666666664,0.0033918395020167565
61.5,0.0016542690701252245
61.58333333333333,0.000587588311249051
61.666666666666664,0.002312372547387326
61.75,0.003975613568427558
61.83333333333333,0.004315480938597809
61.916666666666664,0.002843682942558077
62.0,0.0006657025091470168
62.08333333333333,0.0017082839046492421
62.166666666666664,0.0015723451433238293
62.25,0.0012142945028323301
62.33333333333333,0.0009534765920564781
62.416666666666664,0.002858241669470187
62.5,0.0033322810216355418
62.58333333333333,0.0029215411614158513
62.666666666666664,0.0024688404536786063
62.75,0.002783947926323975
62.83333333333333,0.0030791898604558762
62.916666666666664,0.0012874684341005864
63.0,0.0010945361763649696
63.08333333333333,0.002198128598848694
63.166666666666664,0.000814295026913586
63.25,0.00175828049732724
63.33333333333333,0.0018782907156427602
63.416666666666664,0.002780688923951801
63.5,0.002763142648437316
63.58333333333333,0.0009224449275111412
63.666666666666664,0.0013192421851776117
63.75,0.002292947288291547
63.83333333333333,0.0021711881679155535
63.916666666666664,0.0025966842686911073
64.0,0.0018197320691001487
64.08333333333333,0.001816623642906421
64.16666666666666,0.0022386235895846683
64.25,0.0014546300172514222
64.33333333333333,0.0010427251882837245
64.41666666666666,0.001578803497336106
64.5,0.0036953694140919114
64.58333333333333,0.0032238707210994607
64.66666666666666,0.0011153212209011054
64.75,0.000693861061325362
64.83333333333333,0.0031173144137223055
64.91666666666666,0.0027241683765815926
65.0,0.002247743535168203
65.08333333333333,0.0017093958571147959
65.16666666666666,0.0026679745048697676
65.25,0.003447425871917297
65.33333333333333,0.0027053259415957807
65.41666666666666,0.0011113563916886904
65.5,0.00041442779184063194
65.58333333333333,0.0004776755032483111
65.66666666666666,0.0008553946182622259
65.75,0.0009164905769682475
65.83333333333333,0.0010689616112932834
65.91666666666666,0.00045425252061575037
66.0,0.002384624363267105
66.08333333333333,0.003323336354518711
66.16666666666666,0.0011164734922612363
66.25,0.0030573543716867304
66.33333333333333,0.004926448352187747
66.41666666666666,0.004344269615182134
66.5,0.0012775314952292124
66.58333333333333,0.0012542304567838048
66.66666666666666,0.0013932683207261204
66.75,0.0023544052035243
66.83333333333333,0.0011895336327990699
66.91666666666666,0.0017329852738218114
67.0,0.0016993760571929807
67.08333333333333,0.0016139882569691359
67.16666666666666,0.002646550824478766
67.25,0.0018530845626525125
67.33333333333333,0.0034577925341033227
67.41666666666666,0.0045672127005270844
67.5,0.0038225081575197152
67.58333333333333,0.0027460801207169466
67.66666666666666,0.003942104768129735
67.75,0.003300604394171723
67.83333333333333,0.003121959968085065
67.91666666666666,0.0007908778104834187
68.0,0.0015695467626849339
68.08333333333333,0.0017720936306247592
68.16666666666666,0.003731841743354612
68.25,0.002459042484421469
68.33333333333333,0.002193784878561664
68.41666666666666,0.0010876252371583841
68.5,0.0025094363864203396
68.58333333333333,0.0007418746279411363
68.66666666666666,0.0008237572516028987
68.75,0.0009983708303254676
68.83333333333333,0.002354983071098509
68.91666666666666,0.002855467441753876
69.0,0.0052333605832374395
69.08333333333333,0.004595770087450534
69.16666666666666,0.0009631863453819904
69.25,0.0016163780960850938
69.33333333333333,0.0011076844137949174
69.41666666666666,0.0009845556543000647
69.5,0.0012572581592300363
69.58333333333333,0.0005826348951507891
69.66666666666666,0.0006242078780331362
69.75,0.0007145311881051983
69.83333333333333,0.0005504355901143076
69.91666666666666,0.0006673331204561595
70.0,0.00042149206165544186
70.08333333333333,0.001666079217267326
70.16666666666666,0.0019659068282271686
70.25,0.0016462824334699865
70.33333333333333,0.0026167879081096797
70.41666666666666,0.002263738746914851
70.5,0.0017688026898573038
70.58333333333333,0.0016585511466696732
70.66666666666666,0.00027689102138574666
70.75,0.0009356045137488074
70.83333333333333,0.0012161492208034046
70.91666666666666,0.0021796623972973623
71.0,0.001781805075658219
71.08333333333333,0.0019578239378404416
71.16666666666666,0.0024125130901753587
71.25,0.0019074712128793105
71.33333333333333,0.0020620004787451946
71.41666666666666,0.002998090651137209
71.5,0.0028955394749307474
71.58333333333333,0.000844207638402286
71.66666666666666,0.002148117090620568
71.75,0.002163300725373571
71.83333333333333,0.0014529149525546415
71.91666666666666,0.0022036775257424277
72.0,0.0020880221617681225
72.08333333333333,0.002009008831127712
72.16666666666666,0.0024039003734240166
72.25,0.0027947874986877217
72.33333333333333,0.0037218698119213067
72.41666666666666,0.004008121021265593
72.5,0.0025885390233087984
72.58333333333333,0.001253464307320093
72.66666666666666,0.0009240032452907753
72.75,0.0032552670822596774
72.83333333333333,0.003876434043665583
72.91666666666666,0.002756996497443002
73.0,0.0007855538548671145
73.08333333333333,0.0012741707872780726
73.16666666666666,0.0007137211775523891
73.25,0.0007596864151038864
73.33333333333333,0.00026752459733587694
73.41666666666666,0.0006061949185921778
73.5,0.0017118738939839863
73.58333333333333,0.00342213316621015
73.66666666666666,0.0029575510653343747
73.75,0.0010759238997808224
73.83333333333333,9.541218960007829e-05
73.91666666666666,0.0006309249780254785
74.0,0.0007553652389904592
74.08333333333333,0.0005545660210647539
74.16666666666666,0.0004586519749727716
74.25,0.0015857548117150016
74.33333333333333,0.0023921649973036425
74.41666666666666,0.0011130179386663666
74.5,0.0010105128490840063
74.58333333333333,0.0010123386271799603
74.66666666666666,0.0006110756317124953
74.75,0.0035043109262552466
74.83333333333333,0.0032280428611815067
74.91666666666666,0.0025682163776054928
75.0,0.0031406122130682554
75.08333333333333,0.0013052845306464548
75.16666666666666,0.000262962238430797
75.25,0.0022403945959106443
75.33333333333333,0.0028667146854165115
75.41666666666666,0.001300530826483129
75.5,0.002660563128135866
75.58333333333333,0.002608327916966279
75.66666666666666,0.0011474374298215944
75.75,0.001704391189732704
75.83333333333333,0.0022906004871815796
75.91666666666666,0.002047075350321325
76.0,0.0018162620201098226
76.08333333333333,0.0026468265205461896
76.16666666666666,0.0025083906189911024
76.25,0.0017560808572028986
76.33333333333333,0.0020489508124498864
76.41666666666666,0.0012029924901628536
76.5,0.0004652555737539311
76.58333333333333,0.0011074643923031171
76.66666666666666,0.0010254096731358792
76.75,0.0016153826844823751
76.83333333333333,0.0027034810823100726
76.91666666666666,0.002153809246273656
77.0,0.0013832108133523106
77.08333333333333,0.000543400542596277
77.16666666666666,0.0005808937035380475
77.25,0.00097069270513025
77.33333333333333,0.0013590092311642594
77.41666666666666,0.0006237626318361297
77.5,0.0006575974149962572
77.58333333333333,0.0005229784738447297
77.66666666666666,0.001572193859935919
77.75,0.0024259974525575683
77.83333333333333,0.001208190084930698
77.91666666666666,0.001563185459556929
78.0,0.002860379957683737
78.08333333333333,0.004010486453471168
78.16666666666666,0.0034709689782258936
78.25,0.0015533098026751522
78.33333333333333,0.001966847564456855
78.41666666666666,0.0009583918410739133
78.5,0.0015238323603037024
78.58333333333333,0.0016855670107324481
78.66666666666666,0.0013402637141678771
78.75,0.0021295794438561254
78.83333333333333,0.0003872636570715056
78.91666666666666,0.003145088672826451
79.0,0.0031639121918503933
79.08333333333333,0.0021003560177127014
79.16666666666666,0.0022169179082645067
79.25,0.0016496019182837133
79.33333333333333,0.0016865236976599158
79.41666666666666,0.000743229752968968
79.5,0.0008842641618548992
79.58333333333333,0.0017918911129318376
79.66666666666666,0.00312722668397321
79.75,0.002535155863989518
79.83333333333333,0.0027292189314155253
79.91666666666666,0.0015568778642838337
80.0,0.0007078369003883844
80.08333333333333,0.0018053353677641567
80.16666666666666,0.0015227105426082624
80.25,0.0023951531648805356
80.33333333333333,0.0023914117629384815
80.41666666666666,0.0007927726994037723
80.5,0.0017900777462784717
80.58333333333333,0.001180039165974268
80.66666666666666,0.0019549077581642997
80.75,0.003234495130663611
80.83333333333333,0.0015602879935179598
80.91666666666666,0.0011683477632709086
81.0,0.002467997527701543
81.08333333333333,0.0026823361639904796
81.16666666666666,0.002406626156328782
81.25,0.003301715713577806
81.33333333333333,0.0014840438963874831
81.41666666666666,0.0016061009630209666
81.5,0.0027095263246071635
81.58333333333333,0.002921553615047294
81.66666666666666,0.0025623675828359816
81.75,0.0007341398137223936
81.83333333333333,0.0009405331238763865
81.91666666666666,0.002680568749727282
82.0,0.0017586749159306764
82.08333333333333,0.0001289910805303811
82.16666666666666,0.0015375345925168437
82.25,0.0016315272616663796
82.33333333333333,0.0008990921124790703
82.41666666666666,0.004540140165776711
82.5,0.006254611470818313
82.58333333333333,0.0014937690254712681
82.66666666666666,0.0026339582274105618
82.75,0.0028947540909462165
82.83333333333333,0.0017005972752428698
82.91666666666666,0.0014862013395637527
83.0,0.0016274517925601354
83.08333333333333,0.0016351699303370664
83.16666666666666,0.001519473891282271
83.25,0.0023900944296632687
83.33333333333333,0.0027013687145033224
83.41666666666666,0.0030562648209255224
83.5,0.0033309107617909162
83.58333333333333,0.002282407997464591
83.66666666666666,0.0011504182660636354
83.75,0.004246678326039541
83.83333333333333,0.002529154175271774
83.91666666666666,0.0020440321653504845
84.0,0.0015062956575387946
84.08333333333333,0.0014826065190709976
84.16666666666666,0.002003731594258284
84.25,0.0021709338192487902
84.33333333333333,0.0019737813155215863
84.41666666666666,0.0017774409945756457
84.5,0.002917441093563481
84.58333333333333,0.003312573460613354
84.66666666666666,0.004778190678932546
84.75,0.0048240523679920835
84.83333333333333,0.0018161118273003042
84.91666666666666,0.001853764095394731
85.0,0.0016883014223007136
85.08333333333333,0.001449345363770369
85.16666666666666,0.001171295251317737
85.25,0.0013004644785759398
85.33333333333333,0.002511654902683254
85.41666666666666,0.0018197315699423153
85.5,0.0015040281032554581
85.58333333333333,0.0022157800258035165
85.66666666666666,0.0027110432784194587
85.75,0.002321985128564549
85.83333333333333,0.0008916458947675642
85.91666666666666,0.0011891526217734892
86.0,0.0023193084506010304
86.08333333333333,0.0006937373916273897
86.16666666666666,0.0004074582180184215
86.25,0.0013897134163429702
86.33333333333333,0.0023115005885404024
86.41666666666666,0.00228883060202245
86.5,0.0018198942773645591
86.58333333333333,0.0014605403686145393
86.66666666666666,0.001512038922584872
86.75,0.0014193070436095598
86.83333333333333,0.0015351108306145454
86.91666666666666,0.0017902112269581002
87.0,0.0019886824394236276
87.08333333333333,0.004041365539094073
87.16666666666666,0.0026151262361565173
87.25,0.002676714502948667
87.33333333333333,0.0023398889116052327
87.41666666666666,0.0014776907124500846
87.5,0.0012421266954457935
87.58333333333333,0.0016351077972171573
87.66666666666666,0.0027831410029720413
87.75,0.0046023060426207685
87.83333333333333,0.003337585845396556
87.91666666666666,0.00043291010722384536
88.0,0.0022279908079544473
88.08333333333333,0.0020056065933786627
88.16666666666666,0.0014929684655903626
88.25,0.0020857352285734952
88.33333333333333,0.0016305491379275006
88.41666666666666,0.001528812457474722
88.5,0.0018775250206546719
88.58333333333333,0.0018754829797106506
88.66666666666666,0.0017081944103687302
88.75,0.001971638046794776
88.83333333333333,0.0023034619640780398
88.91666666666666,0.0014913291199972454
89.0,0.0029222780138405216
89.08333333333333,0.003505730433398179
89.16666666666666,0.0024865682715350845
89.25,0.00353513999252733
89.33333333333333,0.0008144726210663002
89.41666666666666,0.0022702688140741265
89.5,0.002368181722514822
89.58333333333333,0.003167772086189271
89.66666666666666,0.0034477815429105633
89.75,0.0034750601775012484
89.83333333333333,0.0016005876212368247
89.91666666666666,0.0007069661138657729
90.0,0.0014543129430119649
90.08333333333333,0.001476949275802784
90.16666666666666,0.0017461466691573535
90.25,0.001141857208098123
90.33333333333333,0.0008272102894652064
90.41666666666666,0.0018086075502542934
90.5,0.002209579335782435
90.58333333333333,0.001893484836903492
90.66666666666666,0.0006505777603295753
90.75,0.0005458551324602007
90.83333333333333,0.001148766701055959
90.91666666666666,0.001814473689059346
91.0,0.002852291120562799
91.08333333333333,0.0022109833440931786
91.16666666666666,0.002031340232130768
91.25,0.0019662087236273973
91.33333333333333,0.0021422592381644535
91.41666666666666,0.0029485933106545162
91.5,0.0012599814490459576
91.58333333333333,0.0014930362465152855
91.66666666666666,0.0006502631601762534
91.75,0.0020222301130851618
91.83333333333333,0.0021595868482270136
91.91666666666666,0.002320161337105471
92.0,0.004213654242989004
92.08333333333333,0.004274093425690213
92.16666666666666,0.001730144325125727
92.25,0.0011439939096686423
92.33333333333333,0.0012136153057211536
92.41666666666666,0.0013120929642927855
92.5,0.0011937735133325067
92.58333333333333,0.001293969425056454
92.66666666666666,0.002578342515241465
92.75,0.0007296870379065091
92.83333333333333,0.0006750723167761633
92.91666666666666,0.0014242681796786246
93.0,0.0025311618312238967
93.08333333333333,0.0022808297729056976
93.16666666666666,0.0009531535186974109
93.25,0.001227956729873604
93.33333333333333,0.001213711419499047
93.41666666666666,0.0015391364632813995
93.5,0.002591230525961402
93.58333333333333,0.0022978880435142427
93.66666666666666,0.00026087435423057355
93.75,0.0005347474732175688
93.83333333333333,0.002608494454591491
93.91666666666666,0.00397634346019546
94.0,0.0020189114209116427
94.08333333333333,0.0021029246898810862
94.16666666666666,0.0012565441761965045
94.25,0.0023858562880458116
94.33333333333333,0.002515861859144663
94.41666666666666,0.00032337926238237304
94.5,0.00170974302239468
94.58333333333333,0.0019108963447513046
94.66666666666666,0.002666456682829007
94.75,0.0018634075176495143
94.83333333333333,0.001115155725536264
94.91666666666666,0.0009265468465331501
95.0,0.0017718489008746404
95.08333333333333,0.00035537068656071803
95.16666666666666,0.0006106129368614042
95.25,0.0013655098499204892
95.33333333333333,0.0006996697301225624
95.41666666666666,0.0007437269619043491
95.5,0.0018566650776492672
95.58333333333333,0.003765078011111393
95.66666666666666,0.003654568550328973
95.75,0.0024344362929746527
95.83333333333333,0.0027637507096983536
95.91666666666666,0.004810818901433658
96.0,0.0024816322374426204
96.08333333333333,0.0009381386006335825
96.16666666666666,0.002307441356833262
96.25,0.001551010069538106
96.33333333333333,0.0011341310323893306
96.41666666666666,0.0022766494826062535
96.5,0.0003167931563309638
96.58333333333333,0.0012884230485972431
96.66666666666666,0.002378668160785678
96.75,0.0006966062112974762
96.83333333333333,0.00275275983590258
96.91666666666666,0.002709885647277561
97.0,0.0006643207125798964
97.08333333333333,0.00017291168092834367
97.16666666666666,0.0010071687810212602
97.25,0.003105144320880069
97.33333333333333,0.0034308004165886506
97.41666666666666,0.0015589920048003586
97.5,0.0015207629410265312
97.58333333333333,0.001194741836660898
97.66666666666666,0.0014396288733305516
97.75,0.0024873284610127354
97.83333333333333,0.0024822353506616453
97.91666666666666,0.0004642965035477102
98.0,0.0025169596584133642
98.08333333333333,0.0027142864315156
98.16666666666666,0.002845316438545297
98.25,0.0030010635484934286
98.33333333333333,0.002502333236282827
98.41666666666666,0.0020945824614837186
98.5,0.002025638465407464
98.58333333333333,0.0013467892139393128
98.66666666666666,0.002162378700531725
98.75,0.002141271511296582
98.83333333333333,0.0039002265496394686
98.91666666666666,0.0010069096684308366
99.0,0.0015294296941563113
99.08333333333333,0.0004266445812692895
99.16666666666666,0.0007929254906546761
99.25,0.00042809583019287633
99.33333333333333,0.002752657641115804
99.41666666666666,0.003648843427269587
99.5,0.0019408589769058175
99.58333333333333,0.00256902876081589
99.66666666666666,0.005132675958815769
99.75,0.0026375329917462196
99.83333333333333,0.001555325698032533
99.91666666666666,0.0011058472490390265
100.0,0.00113971365449911
100.08333333333333,0.0021732686651132517
100.16666666666666,0.0028527235799128145
100.25,0.003620371142933201
100.33333333333333,0.0031940017614398982
100.41666666666666,0.004218964340678311
100.5,0.0034656225519251243
100.58333333333333,0.0014972994831901794
100.66666666666666,0.0015709959962775604
100.75,0.002192712377024035
100.83333333333333,0.00197814422706333
100.91666666666666,0.0033231422138639013
101.0,0.0049372898809431735
101.08333333333333,0.00422694111708665
101.16666666666666,0.0017199337906324877
101.25,0.0018767515366225577
101.33333333333333,0.002300404942829072
101.41666666666666,0.0004957795813666148
101.5,0.0009346559816182545
101.58333333333333,0.0012163798925277634
101.66666666666666,0.0011600680767740255
101.75,0.0021196247469667247
101.83333333333333,0.0029302850684443035
101.91666666666666,0.001974505955606954
102.0,0.0011341205878941738
102.08333333333333,0.001996662712546865
102.16666666666666,0.0027717261540068003
102.25,0.0026153964834516406
102.33333333333333,0.0019490674231321412
102.41666666666666,0.0011788427682355293
102.5,0.002243261978945672
102.58333333333333,0.0009807086908073348
102.66666666666666,0.00104329244798805
102.75,0.001376605957392029
102.83333333333333,0.0007217301676362868
102.91666666666666,0.001297228150907861
103.0,0.0013214112361496209
103.08333333333333,0.0016291840024986578
103.16666666666666,0.0028426703298601243
103.25,0.002454737425014979
103.33333333333333,0.0030892313303316626
103.41666666666666,0.003236304512428864
103.5,0.0020235686808563525
103.58333333333333,0.004279939948497215
103.66666666666666,0.0029846066540301698
103.75,0.0005347388905892926
103.83333333333333,0.0018894526136605692
103.91666666666666,0.0016242122857763179
104.0,0.00041935922107439773
104.08333333333333,0.001031874259919407
104.16666666666666,0.0011178604524540632
104.25,0.0013902047993213122
104.33333333333333,0.0012920392667743964
104.41666666666666,0.0022014770770674226
104.5,0.0013255393247428708
104.58333333333333,0.0025377425976220655
104.66666666666666,0.002136725873934907
104.75,0.0023453137260538446
104.83333333333333,0.0026228471476257014
104.91666666666666,0.0011934655664845306
105.0,0.000818362594035652
105.08333333333333,0.0018835166164537676
105.16666666666666,0.0037327879662180244
105.25,0.0036822999160408157
105.33333333333333,0.0023148875117960815
105.41666666666666,0.0011569979450138995
105.5,0.0027145636544069988
105.58333333333333,0.0018703546741652421
105.66666666666666,0.0006258057047191343
105.75,0.0028972672328183213
105.83333333333333,0.002198260191624979
105.91666666666666,0.0003724835662641722
106.0,0.0008008655461738179
106.08333333333333,0.00227135460084911
106.16666666666666,0.0027823795233923973
106.25,0.0015569418547190707
106.33333333333333,0.001461476034098034
106.41666666666666,0.0026863782360781723
106.5,0.0015315004814392763
106.58333333333333,0.0007199493042880282
106.66666666666666,0.00033731031091953817
106.75,0.0015685093224448532
106.83333333333333,0.0009444745300777356
106.91666666666666,0.0008459318973956366
107.0,0.002574015740378431
107.08333333333333,0.0036497883744975473
107.16666666666666,0.0034326076949582453
107.25,0.0011747011167382061
107.33333333333333,0.00040642510982761984
107.41666666666666,0.0019051546710236677
107.5,0.0018747538388764475
107.58333333333333,0.0008767192613856413
107.66666666666666,0.0012965505143529433
107.75,0.00039419025627666313
107.83333333333333,0.0011087711092882147
107.91666666666666,0.0014307356235133207
108.0,0.0009485599522040052
108.08333333333333,0.0020947177736919636
108.16666666666666,0.0026549361171223787
108.25,0.0026370281585522378
108.33333333333333,0.0020398766064148705
108.41666666666666,0.0019566998166005017
108.5,0.0017036404545561876
108.58333333333333,0.0009017556396178024
108.66666666666666,0.002250061422026261
108.75,0.001947234775380687
108.83333333333333,0.00031206176860230033
108.91666666666666,0.0002390473842436332
109.0,0.0010036011367098657
109.08333333333333,0.0023892066853414802
109.16666666666666,0.0007489752847411594
109.25,0.004269433738339422
109.33333333333333,0.004132574997936162
109.41666666666666,0.0014985431250059324
109.5,0.000512456105032899
109.58333333333333,0.0014937796132488397
109.66666666666666,0.0015238154637278816
109.75,0.000699272504921499
109.83333333333333,0.0013789596804415296
109.91666666666666,0.002230371783760932
110.0,0.0017652504013119233
110.08333333333333,0.0005591993327240034
110.16666666666666,0.0022916344145052954
110.25,0.0022281088421244035
110.33333333333333,0.0026118656173205767
110.41666666666666,0.004003262032227832
110.5,0.004288725308476534
110.58333333333333,0.0032501499902152795
110.66666666666666,0.002260439651735139
110.75,0.0011204607373994178
110.83333333333333,0.000872082302199542
110.91666666666666,0.0015416176429265478
111.0,0.002210149079221754
111.08333333333333,0.0012440188719071012
111.16666666666666,0.0019338434561508944
111.25,0.0009927652165849813
111.33333333333333,0.002533856596809851
111.41666666666666,0.0033222142021556793
111.5,0.003103892045531815
111.58333333333333,0.0034394465184511475
111.66666666666666,0.0015712776597830219
111.75,0.002664961763389693
111.83333333333333,0.0013360011981860154
111.91666666666666,0.0020325138567907765
112.0,0.0017827285501924662
112.08333333333333,0.000491899903540358
112.16666666666666,0.0010294961371081289
112.25,0.0002990273224752496
112.33333333333333,0.0008056491966025441
112.41666666666666,0.0006296092104490236
112.5,0.0007350664556414963
112.58333333333333,0.0007151132873870289
112.66666666666666,0.0008971145926479112
112.75,0.0014536931465828626
112.83333333333333,0.0010032162507302433
112.91666666666666,0.0003771435393801144
113.0,0.0008731084877846421
113.08333333333333,0.0017157776168668936
113.16666666666666,0.0014092639462287586
113.25,0.0017566295034518887
113.33333333333333,0.003168192642545682
113.41666666666666,0.001725523691305594
113.5,0.0008946126454935931
113.58333333333333,7.243778898223703e-05
113.66666666666666,0.0014017158909921165
113.75,0.000991537090917358
113.83333333333333,0.00027314431807001343
113.91666666666666,0.0027129048706683125
114.0,0.002790220399573152
114.08333333333333,0.001373650736963446
114.16666666666666,0.0011660487026047394
114.25,0.0010287454258466203
114.33333333333333,0.003021258958126254
114.41666666666666,0.0025560832561370385
114.5,0.002042656590526601
114.58333333333333,0.0016416195496049507
114.66666666666666,0.0005594674900962171
114.75,0.00027344091929317306
114.83333333333333,0.0012251283100879755
114.91666666666666,0.0012483252997869023
115.0,0.00022247151776817506
115.08333333333333,0.0005945279122675063
115.16666666666666,0.0016976753933199986
115.25,0.0015234219458114193
115.33333333333333,0.000500851709939061
115.41666666666666,0.0014966596443731354
115.5,0.00207268272565572
115.58333333333333,0.00219162206662365
115.66666666666666,0.0025396616959889595
115.75,0.001518735282193809
115.83333333333333,0.0017285068104501706
115.91666666666666,0.002219726356551872
116.0,0.002453335864620242
116.08333333333333,0.004725050618175547
116.16666666666666,0.003403322225115428
116.25,0.0005781576058138456
116.33333333333333,0.002068885069549177
116.41666666666666,0.0033819989264501737
116.5,0.0029963470630388223
116.58333333333333,0.0013120660487806674
116.66666666666666,0.0005210419396180886
116.75,0.0027636852799893677
116.83333333333333,0.002316337916575605
116.91666666666666,0.0023632750353236955
117.0,0.0018907402432030709
117.08333333333333,0.0025413419650781774
117.16666666666666,0.002699735480656169
117.25,0.002156118990250619
117.33333333333333,0.001277537294941814
117.41666666666666,0.000900351908317453
117.5,0.0015847926171382047
117.58333333333333,0.0011145371626768352
117.66666666666666,0.0018434714734685857
117.75,0.0017329393786745723
117.83333333333333,0.0015706059659141903
117.91666666666666,0.0014548426888304818
118.0,0.0016375006087219113
118.08333333333333,0.00044972204418978166
118.16666666666666,0.0019826689949058525
118.25,0.0023303115826033964
118.33333333333333,0.0010666913170385213
118.41666666666666,0.00131254540002333
118.5,0.0027619083779199336
118.58333333333333,0.001445123812283021
118.66666666666666,0.00278808126378899
118.75,0.0033237441135198762
118.83333333333333,0.0005725814890047097
118.91666666666666,0.0016571930608832207
119.0,0.0020549692456793894
119.08333333333333,0.0007904240686273735
119.16666666666666,0.001308652465007935
119.25,0.0018131972130715822
119.33333333333333,0.00240963631800854
119.41666666666666,0.001160734723977001
119.5,0.0017801261058568356
119.58333333333333,0.002076228613047067
119.66666666666666,7.005422040949685e-05
119.75,0.00033509127434207833
119.83333333333333,0.0022648807014923546
119.91666666666666,0.002325578025374334
120.0,0.0015161497465203692
120.08333333333333,0.0010503349276251434
120.16666666666666,0.0012224702844508756
120.25,0.0016283855150375027
120.33333333333333,0.0031664944061639824
120.41666666666666,0.0027989321111751364
120.5,0.0014303280591035242
120.58333333333333,0.0006604680187979304
120.66666666666666,0.0022455104099086695
120.75,0.0021135069758261233
120.83333333333333,0.0026292192476904575
120.91666666666666,0.00280722425607732
121.0,0.0024582002209824604
121.08333333333333,0.0029533673759893574
121.16666666666666,0.0036198651157024423
121.25,0.002475667421240421
121.33333333333333,0.0006093185445639688
121.41666666666666,0.0022893536040989
121.5,0.002194077364264924
121.58333333333333,0.0004114943878410719
121.66666666666666,0.0013251701387912871
121.75,0.0018526885338050441
121.83333333333333,0.002195141415028683
121.91666666666666,0.0018636912532892323
122.0,0.0005188100939847917
122.08333333333333,0.001726855636563746
122.16666666666666,0.002197307751435239
122.25,0.0019242140089187948
122.33333333333333,0.0018303843670250278
122.41666666666666,0.0013003051701628643
122.5,0.0018630020735413682
122.58333333333333,0.0019040643072579853
122.66666666666666,0.0018411007913262853
122.75,0.002783504104205942
122.83333333333333,0.0051362429289503264
122.91666666666666,0.0033386134793058097
123.0,0.0005292406719951659
123.08333333333333,0.0011533345759217172
123.16666666666666,0.0021613459930346812
123.25,0.0015352929904436307
123.33333333333333,0.000827391708316444
123.41666666666666,0.0033563306769817222
123.5,0.005500953059005544
123.58333333333333,0.0036245537603885646
123.66666666666666,0.002256869184393803
123.75,0.0031642357389583798
123.83333333333333,0.002655942678509385
123.91666666666666,0.00023178778429449196
124.0,0.0012010635520330584
124.08333333333333,0.0016761225456675048
124.16666666666666,0.0006761437832498831
124.25,0.0014110454796786955
124.33333333333333,0.0024534749613764643
124.41666666666666,0.0022743630915835937
124.5,0.0025255400581991627
124.58333333333333,0.0025776853597274238
124.66666666666666,0.0015165590640385705
124.75,0.0014528890087580437
124.83333333333333,0.002697558614681111
124.91666666666666,0.0014196365415138112
125.0,0.0015015250115787981
125.08333333333333,0.0015604185547677483
125.16666666666666,0.002534608297379673
125.25,0.0013184408288230815
125.33333333333333,0.002071073534728107
125.41666666666666,0.002070022935937093
125.5,0.0027858391421212427
125.58333333333333,0.0025751053844223115
125.66666666666666,0.0004884119998548009
125.75,0.001083392585372214
125.83333333333333,0.0010659844285760595
125.91666666666666,0.00139384654709564
126.0,0.0006108871249300129
126.08333333333333,0.0015804603680902893
126.16666666666666,0.0037017134898978954
126.25,0.0036273564092538274
126.33333333333333,0.0011578026754297745
126.41666666666666,0.0003476793026252168
126.5,0.0010400220035088155
126.58333333333333,0.0025846597158655843
126.66666666666666,0.0018723333636903848
126.75,0.0015436190809756407
126.83333333333333,0.002014710532271874
126.91666666666666,0.00256388411148867
127.0,0.0029148370332202386
127.08333333333333,0.001592193548021453
127.16666666666666,0.0035753590637805353
127.25,0.0038636474029608726
127.33333333333333,0.002466000021987743
127.41666666666666,0.0008284075743638991
127.5,0.0019262427807553966
127.58333333333333,0.0027432813483819745
127.66666666666666,0.002234546493715507
127.75,0.002764226675056491
127.83333333333333,0.0011897267230758443
127.91666666666666,0.0005731623732737044
128.0,0.0028394238696856917
128.08333333333331,0.0025303630288252134
128.16666666666666,0.00043486019513305806
128.25,0.0006879687926275355
128.33333333333331,0.0022339330439524333
128.41666666666666,0.0026718607352873114
128.5,0.0034318018311755303
128.58333333333331,0.004389718123451645
128.66666666666666,0.001287730231346577
128.75,0.0034917214602178653
128.83333333333331,0.0019937553138320015
128.91666666666666,0.0014837692974017716
129.0,0.000888281598797889
129.08333333333331,0.0005197369137962204
129.16666666666666,0.002664938038119437
129.25,0.0031242149087680826
129.33333333333331,0.004062859332854919
129.41666666666666,0.001730290983243803
129.5,0.002554329318764008
129.58333333333331,0.0021365324831803946
129.66666666666666,0.0014418975879379626
129.75,0.0007715518141149924
129.83333333333331,0.0020087156758945134
129.91666666666666,0.0016252693791173058
130.0,0.0015930900524538062
130.08333333333331,0.0010655067044495045
130.16666666666666,0.0018624923253060233
130.25,0.004190408334899912
130.33333333333331,0.0039972359215070625
130.41666666666666,0.00255999748397448
130.5,0.00323805129596971
130.58333333333331,0.0027384687747436043
130.66666666666666,0.0013514252043670587
130.75,0.001754442695062884
130.83333333333331,0.0039039965921982924
130.91666666666666,0.0036076525967786684
131.0,0.0034983320678450315
131.08333333333331,0.002657740752886141
131.16666666666666,0.0029285506062799397
131.25,0.003302777342544363
131.33333333333331,0.0014561844796116346
131.41666666666666,0.0024959823135688015
131.5,0.002116304970929756
131.58333333333331,0.0033493877671447363
131.66666666666666,0.0033179578553775915
131.75,0.00162919134031305
131.83333333333331,0.0011960735434848292
131.91666666666666,0.001892348479018771
132.0,0.001345064369872738
132.08333333333331,0.00031002206680129965
132.16666666666666,0.0009211164173054585
132.25,0.000866206244232952
132.33333333333331,0.0011842376672581098
132.41666666666666,0.00205270430470808
132.5,0.0020822107538660695
132.58333333333331,0.0018554768732465098
132.66666666666666,0.0015151728514906334
132.75,0.0009721345454655713
132.83333333333331,0.000884521234064198
132.91666666666666,0.0027497602440047417
133.0,0.0020476093326255783
133.08333333333331,0.0010955545703367842
133.16666666666666,0.0013043745407266456
133.25,0.0026169015252066647
133.33333333333331,0.002580081423226708
133.41666666666666,0.0008840521158738025
133.5,0.0024985825170852553
133.58333333333331,0.0024055957610267056
133.66666666666666,0.00047369731058180303
133.75,0.0022846897646209264
133.83333333333331,0.0029101744314086906
133.91666666666666,0.002444254173155122
134.0,0.0023060372674582027
134.08333333333331,0.0018184886374225744
134.16666666666666,0.000919386868717978
134.25,0.0023855057869673012
134.33333333333331,0.001854508404006102
134.41666666666666,0.0013838176532148373
134.5,0.0013548823534858972
134.58333333333331,0.0015990062544989612
134.66666666666666,0.0030696423791173825
134.75,0.0006831331360950943
134.83333333333331,0.0016975348264665516
134.91666666666666,0.0017172531239213063
135.0,0.002788595506937167
135.08333333333331,0.002518432409743339
135.16666666666666,0.0014758252339470528
135.25,0.00048799739117419834
135.33333333333331,0.0017662777928812024
135.41666666666666,0.0018028019617074857
135.5,0.00045502590229265245
135.58333333333331,0.0010618453708885664
135.66666666666666,0.000995844154006212
135.75,0.002566290017452589
135.83333333333331,0.002727023958043696
135.91666666666666,0.0023631677382596103
136.0,0.001729240449577281
136.08333333333331,0.00060577439253472
136.16666666666666,0.0005549555644938757
136.25,0.0005336203785666381
136.33333333333331,0.0017032296406018067
136.41666666666666,0.0021321234946824947
136.5,0.0019973281821463
136.58333333333331,0.0024426655228143588
136.66666666666666,0.0014130948090827046
136.75,0.0015564472723656934
136.83333333333331,0.002433470892938267
136.91666666666666,0.003001531793372724
137.0,0.00163120960120432
137.08333333333331,0.001284341454612222
137.16666666666666,9.711051916630546e-05
137.25,0.0018547573135023001
137.33333333333331,0.0013508602842531147
137.41666666666666,0.0014899592320138638
137.5,0.0008697016908522319
137.58333333333331,0.0008658233744089715
137.66666666666666,0.0018396708678216829
137.75,0.00139441284266045
137.83333333333331,0.002065781841982203
137.91666666666666,0.0019341972675245786
138.0,0.0036540881768830757
138.08333333333331,0.008852318336094723
138.16666666666666,0.007051387798535764
138.25,0.001318494703416571
138.33333333333331,0.002488108262657194
138.41666666666666,0.0029253336943409073
138.5,0.0026074375393013633
138.58333333333331,0.001028798311847633
138.66666666666666,0.0005119691107197423
138.75,0.0002317721510624333
138.83333333333331,0.0007221889990741989
138.91666666666666,0.0013540827293689742
139.0,0.0011342535037644707
139.08333333333331,0.00028887743822069356
139.16666666666666,0.0003322734808988345
139.25,0.002154045846870696
139.33333333333331,0.0021153635825863063
139.41666666666666,0.0005041758879144102
139.5,0.00239399269727682
139.58333333333331,0.00450918895096048
139.66666666666666,0.003063347664902672
139.75,0.0021853528736973877
139.83333333333331,0.00335050546155155
139.91666666666666,0.001358998126843516
140.0,0.001463062054607379
140.08333333333331,0.0018625538725957553
140.16666666666666,0.002276625110773789
140.25,0.002108953672332204
140.33333333333331,0.0013935246258751945
140.41666666666666,0.0017765763179378158
140.5,0.003193259713487109
140.58333333333331,0.004088892293959042
140.66666666666666,0.003981306759952396
140.75,0.001656463772204701
140.83333333333331,0.0008780509258029962
140.91666666666666,0.0020139624836208563
141.0,0.0021944289121192378
141.08333333333331,0.0014151371941683764
141.16666666666666,0.0019984622182052532
141.25,0.0024657925039033744
141.33333333333331,0.0012924649008880672
141.41666666666666,0.0023592626953498055
141.5,0.001524237567055661
141.58333333333331,0.0006626793741703627
141.66666666666666,0.0008117356548685323
141.75,0.0008386019293352136
141.83333333333331,0.002746246888285333
141.91666666666666,0.003518177897482116
142.0,0.0016289382821630357
142.08333333333331,0.002193837333815215
142.16666666666666,0.0029271642697810745
142.25,0.002721187679074462
142.33333333333331,0.0020494635116369403
142.41666666666666,0.00036267277139591077
142.5,0.0012229460838990062
142.58333333333331,0.0003319940780240896
142.66666666666666,0.0007471463900872972
142.75,0.002309476777401415
142.83333333333331,0.0017596304273220869
142.91666666666666,0.0010253613661557691
143.0,0.0010980147386030175
143.08333333333331,0.0020265864226618564
143.16666666666666,0.0009721448577161793
143.25,0.0006935791205089105
143.33333333333331,0.001798845477228917
143.41666666666666,0.002759188062602742
143.5,0.003513780897308882
143.58333333333331,0.004724063611158775
143.66666666666666,0.003971164959447575
143.75,0.002169387739693949
143.83333333333331,0.002772807274944303
143.91666666666666,0.003605296193451207
144.0,0.0026933795137699746
144.08333333333331,0.000770439334178424
144.16666666666666,0.0016871871283611988
144.25,0.0012272360695497735
144.33333333333331,0.002460928068255238
144.41666666666666,0.0031464189011996594
144.5,0.0028169810400970486
144.58333333333331,0.0007631413204970737
144.66666666666666,0.00184016750496249
144.75,0.0021996843875840446
144.83333333333331,0.001499450312884803
144.91666666666666,0.0017242885359321923
145.0,0.00015735460104592786
145.08333333333331,0.0007835101483909489
145.16666666666666,0.00022768080328168527
145.25,0.0002750570956804194
145.33333333333331,0.002175639316743629
145.41666666666666,0.0036889562711129743
145.5,0.0019531488363269496
145.58333333333331,0.001700502393791711
145.66666666666666,0.0018648779198118064
145.75,0.0018450178874519134
145.83333333333331,0.0014504043946017447
145.91666666666666,0.00042279761559000604
146.0,0.0022851347722908076
146.08333333333331,0.0032581155377605963
146.16666666666666,0.0019159542253247223
146.25,0.00244670283276151
146.33333333333331,0.002566116958238815
146.41666666666666,0.0026425367586085085
146.5,0.0011418694563766713
146.58333333333331,0.0010317620833202436
146.66666666666666,0.0016178298420633749
146.75,0.001642239052161928
146.83333333333331,0.0012713195891360914
146.91666666666666,0.0025130018578262176
147.0,0.0010180001379773655
147.08333333333331,0.0008972094434752264
147.16666666666666,0.001979004886105212
147.25,0.0016885183815843177
147.33333333333331,0.0008007537389605869
147.41666666666666,0.0008821550215797883
147.5,0.0021206857677435733
147.58333333333331,0.003240272921928521
147.66666666666666,0.0013768264833987816
147.75,0.0016612854808768108
147.83333333333331,0.0017580143219256528
147.91666666666666,0.0022354588545821217
148.0,0.0028394526489402745
148.08333333333331,0.002396445552395209
148.16666666666666,0.0018491478144928176
148.25,0.004180114131693645
148.33333333333331,0.002762329555823006
148.41666666666666,0.0017585161924502887
148.5,0.0033571493111798725
148.58333333333331,0.0028057272459056904
148.66666666666666,0.0012281236006185645
148.75,0.002687930664433458
148.83333333333331,0.004477609189198419
148.91666666666666,0.002756039462836209
149.0,0.001748675848293148
149.08333333333331,0.0032620379354722983
149.16666666666666,0.0028681466491547237
149.25,0.0032795361468017695
149.33333333333331,0.002650037835677763
149.41666666666666,0.001616207194002211
149.5,0.0021645137809186477
149.58333333333331,0.0018889007746916884
149.66666666666666,0.0018318859429931013
149.75,0.0029499821435683272
149.83333333333331,0.0029902555449008166
149.91666666666666,0.0018881434184364223
150.0,0.0034797286112381656
150.08333333333331,0.0034063602212660287
150.16666666666666,0.0005626116873266509
150.25,0.000803813880012824
150.33333333333331,0.0008810917646622439
150.41666666666666,0.001594193131518052
150.5,0.002287998002515728
150.58333333333331,0.0013100076995045079
150.66666666666666,0.002141693005470563
150.75,0.0013968639070614688
150.83333333333331,0.0014820544372707721
150.91666666666666,0.0023486654013371547
151.0,0.0012980971676763355
151.08333333333331,0.0024060935902232745
151.16666666666666,0.00199414491450919
151.25,0.0006998109394753742
151.33333333333331,0.0030239390090400315
151.41666666666666,0.0019342830741979058
151.5,0.0006099762091225842
151.58333333333331,0.0012311563794713055
151.66666666666666,0.0014520220040002865
151.75,0.0006500117762019755
151.83333333333331,0.001556541300569495
151.91666666666666,0.000989056422009395
152.0,0.002258445560420669
152.08333333333331,0.002108729566511137
152.16666666666666,0.00230660625210093
152.25,0.002985509893816375
152.33333333333331,0.001990207094943187
152.41666666666666,0.0013698707333078318
152.5,0.00015885647558161727
152.58333333333331,0.0008529558353356233
152.66666666666666,0.00038905634725260605
152.75,0.001995233130769835
152.83333333333331,0.002090556081687893
152.91666666666666,0.0009058204134371175
153.0,0.0006463806527041454
153.08333333333331,0.0002194037071786133
153.16666666666666,0.001636347217748186
153.25,0.0029028732148753543
153.33333333333331,0.0012475886362264207
153.41666666666666,0.0012212197184353283
153.5,0.0008710906693456133
153.58333333333331,0.0019943923511655686
153.66666666666666,0.0024976188255128244
153.75,0.0024614300640506447
153.83333333333331,0.004136673814139422
153.91666666666666,0.0029804838069463634
154.0,0.0019653264992506325
154.08333333333331,0.0028974430193621156
154.16666666666666,0.0018671571785434107
154.25,0.0020390872923342906
154.33333333333331,0.0013971656784919375
154.41666666666666,0.001790016001280458
154.5,0.002303099857169319
154.58333333333331,0.0015978197181961615
154.66666666666666,0.001617998170942875
154.75,0.001957351286301161
154.83333333333331,0.00197488660657313
154.91666666666666,0.0020062883342439252
155.0,0.0004783885977056694
155.08333333333331,0.0017217910202475546
155.16666666666666,0.0006437798155404356
155.25,0.002612536209482574
155.33333333333331,0.00207892115543724
155.41666666666666,0.0022105175947741695
155.5,0.0015743255835576563
155.58333333333331,0.0019173247771563145
155.66666666666666,0.0032581128807409715
155.75,0.002490338352298635
155.83333333333331,0.0006983662107710706
155.91666666666666,0.000768328174207707
156.0,0.0010245918240310257
156.08333333333331,0.000752568223935505
156.16666666666666,0.001949971727952887
156.25,0.0022543308761160167
156.33333333333331,0.0028795072997949683
156.41666666666666,0.0025254686718641953
156.5,0.0005809623369180474
156.58333333333331,0.0014033509700495175
156.66666666666666,0.0008396267583684985
156.75,0.0027353409943291092
156.83333333333331,0.002325714068479616
156.91666666666666,0.0018757079382927583
157.0,0.002885795650818396
157.08333333333331,0.0013447982942518056
157.16666666666666,0.0022105712729461467
157.25,0.0007750449956596485
157.33333333333331,0.0017261538383100687
157.41666666666666,0.002318731637419319
157.5,0.0010258215759977676
157.58333333333331,0.0003991191874620366
157.66666666666666,0.0011357263134447217
157.75,0.002069182576497068
157.83333333333331,0.0019012547591772068
157.91666666666666,0.0019421939461451438
158.0,0.0024815062732946214
158.08333333333331,0.001112094808719709
158.16666666666666,0.0010006739448863672
158.25,0.00025244851293416124
158.33333333333331,0.002486354836574001
158.41666666666666,0.003795203215565705
158.5,0.0032314869953065793
158.58333333333331,0.0024949784345227877
158.66666666666666,0.0007999029395970443
158.75,0.0008534933171321129
158.83333333333331,0.001929453622272098
158.91666666666666,0.0028713828080515935
159.0,0.0024970478844447293
159.08333333333331,0.0017552880015562395
159.16666666666666,0.002496614797485797
159.25,0.0023338702454328763
159.33333333333331,0.0018031688459150988
159.41666666666666,0.0017597425753373874
159.5,0.001089728471500476
159.58333333333331,0.0024879276794162702
159.66666666666666,0.0020697485412377297
159.75,0.0016215876011415
159.83333333333331,0.0020349752244957988
159.91666666666666,0.001103476892812225
160.0,0.003283953833465067
160.08333333333331,0.005475092929893806
160.16666666666666,0.004874824459103083
160.25,0.0016818012621294537
160.33333333333331,0.00145952136536225
160.41666666666666,0.0017220923345838243
160.5,0.0013061618672203944
160.58333333333331,0.0005379984943834058
160.66666666666666,0.0008674957531053816
160.75,0.0023395784316455966
160.83333333333331,0.0017992979255433013
160.91666666666666,0.0017593155505077841
161.0,0.0020769083057271902
161.08333333333331,0.0016806277000643072
161.16666666666666,0.0018999880238214839
161.25,0.0020359058849459344
161.33333333333331,0.0014950888899094095
161.41666666666666,0.0012830010475699757
161.5,0.001034460616181041
161.58333333333331,0.0025355810300351483
161.66666666666666,0.0012630866451437605
161.75,0.001123127538686778
161.83333333333331,0.0015583469115526172
161.91666666666666,0.0015558182324918735
162.0,0.0017035149405491136
162.08333333333331,0.0011186600747218904
162.16666666666666,0.0028754693553209214
162.25,0.0024260046850970727
162.33333333333331,0.0010648447357527598
162.41666666666666,0.0030136785773844125
162.5,0.003145325160227356
162.58333333333331,0.0013523199236690304
162.66666666666666,0.0013752575429883133
162.75,0.0023586885032648697
162.83333333333331,0.0004510926102992843
162.91666666666666,0.0034814541088557527
163.0,0.00325219623226618
163.08333333333331,0.0018066421983798464
163.16666666666666,0.0026513076373758495
163.25,0.00221840965877349
163.33333333333331,0.0008718898216317368
163.41666666666666,0.002322626777456888
163.5,0.0010205659576699375
163.58333333333331,0.0018797010381572724
163.66666666666666,0.003727350425446757
163.75,0.002939625361640477
163.83333333333331,0.0003111723642099568
163.91666666666666,0.0017972818498561795
164.0,0.0011204789779259928
164.08333333333331,0.00027356884034687896
164.16666666666666,0.0006111662737371097
164.25,0.0015639051785560222
164.33333333333331,0.003235004741990892
164.41666666666666,0.0015311748031252102
164.5,0.0010414762701630987
164.58333333333331,0.0018780933923780846
164.66666666666666,0.0010790880879038883
164.75,0.0015866280268426733
164.83333333333331,0.0025689446950907923
164.91666666666666,0.0020548084755162336
165.0,0.00022918111032892944
165.08333333333331,0.0013837830142775516
165.16666666666666,0.0009737208178350846
165.25,0.0019570558543311346
165.33333333333331,0.001229691882224138
165.41666666666666,0.0018764599625431463
165.5,0.0019188957170652948
165.58333333333331,0.00036534165443930037
165.66666666666666,0.0012745697327897338
165.75,0.0008182795856143537
165.83333333333331,0.00031795716582602056
165.91666666666666,0.0013905541930895905
166.0,0.0020911179584306703
166.08333333333331,0.0024603500005397384
166.16666666666666,0.001416851931600066
166.25,0.0019708050918407485
166.33333333333331,0.0028857489700628756
166.41666666666666,0.0014532829160178332
166.5,0.0030649242623484656
166.58333333333331,0.00159975258995976
166.66666666666666,0.00345277025072843
166.75,0.004587924406086383
166.83333333333331,0.0032571542774169795
166.91666666666666,0.00147152530524653
167.0,0.0031911891234887636
167.08333333333331,0.0022427909359505832
167.16666666666666,0.000858822043159538
167.25,0.0008107441511357999
167.33333333333331,0.0027516093621954302
167.41666666666666,0.0035764370881363632
167.5,0.0018109564609481612
167.58333333333331,0.0028321293601298947
167.66666666666666,0.0005523948549585148
167.75,0.00279987597483577
167.83333333333331,0.0021765428747679404
167.91666666666666,0.001513936881940919
168.0,0.0028370348949154573
168.08333333333331,0.0028429835882854164
168.16666666666666,0.0018370251695505396
168.25,0.0008708856895879826
168.33333333333331,0.0007377838410103625
168.41666666666666,0.00210002057194632
168.5,0.0026201989647738513
168.58333333333331,0.000967500263426631
168.66666666666666,0.0011850774165423222
168.75,0.0009424884614785065
168.83333333333331,0.0014575706728961165
168.91666666666666,0.0016968645138787928
169.0,0.0024764640380801574
169.08333333333331,0.0030492247205883907
169.16666666666666,0.0018299387524850171
169.25,0.0018419258158175328
169.33333333333331,0.0010374014704136317
169.41666666666666,0.001829487491279997
169.5,0.002399501372033576
169.58333333333331,0.00230891066854963
169.66666666666666,0.0011680173251647449
169.75,0.001603638170225013
169.83333333333331,0.0032691601736676286
169.91666666666666,0.002380538556683983
170.0,0.0022134098795537085
170.08333333333331,0.0020450818585531325
170.16666666666666,0.003428163151430689
170.25,0.002443912238009107
170.33333333333331,0.0035093585730668533
170.41666666666666,0.0032897592187987345
170.5,0.0035587815956845616
170.58333333333331,0.0022616452335018273
170.66666666666666,0.0013731843273431282
170.75,0.0018654822419519313
170.83333333333331,0.0009258238666000571
170.91666666666666,0.002222028615642614
171.0,0.0018740566617388142
171.08333333333331,0.0023847835057642978
171.16666666666666,0.0035250018145640562
171.25,0.002843963845885523
171.33333333333331,0.0016531187522341281
171.41666666666666,8.792833921795147e-05
171.5,0.0012655735030099957
171.58333333333331,0.0017896680717693432
171.66666666666666,0.0019425494317840812
171.75,0.002814127941852251
171.83333333333331,0.002317005854322639
171.91666666666666,0.0007921779761578735
172.0,0.002235738724706858
172.08333333333331,0.0032524809058832936
172.16666666666666,0.002982694964292424
172.25,0.002024423059711512
172.33333333333331,0.001985990536437691
172.41666666666666,0.0026063467465523497
172.5,0.0020174840396472607
172.58333333333331,0.002760960548926311
172.66666666666666,0.0035925857597731495
172.75,0.0021786481901778297
172.83333333333331,0.0011821685813929795
172.91666666666666,0.0014398203137475382
173.0,0.0011081770559450191
173.08333333333331,0.0017724288406367344
173.16666666666666,0.0018437997256167057
173.25,0.0022668594061878997
173.33333333333331,0.0023311247411895906
173.41666666666666,0.0016209628303956644
173.5,0.0009348808489529492
173.58333333333331,0.0016492184807204513
173.66666666666666,0.004155303633909374
173.75,0.0035118472078067313
173.83333333333331,0.0009572432518383571
173.91666666666666,0.0010461977231639242
174.0,0.002136056643081843
174.08333333333331,0.002967075143695739
174.16666666666666,0.003262429482864811
174.25,0.0019003249271306811
174.33333333333331,0.0009512023761879158
174.41666666666666,0.002380430136272667
174.5,0.0033396351837716096
174.58333333333331,0.0025149695707128153
174.66666666666666,0.0031010296735239796
174.75,0.0027508454081637645
174.83333333333331,0.001505542933636108
174.91666666666666,0.002087811991219172
175.0,0.002685830963662052
175.08333333333331,0.0030541657697158403
175.16666666666666,0.00029659856632320477
175.25,0.0016440433103127464
175.33333333333331,0.00045160964203878575
175.41666666666666,0.0029381175450816917
175.5,0.0027311235355323774
175.58333333333331,0.0006531766046201259
175.66666666666666,0.0015603281708184815
175.75,0.0009367742025888212
175.83333333333331,0.0026731245609125996
175.91666666666666,0.00298695233228221
176.0,0.0020107893991837362
176.08333333333331,0.0003115810442164146
176.16666666666666,0.0020238442289135096
176.25,0.002417091477944236
176.33333333333331,0.0007291308145418947
176.41666666666666,0.0014306509983047335
176.5,0.0025714081294117195
176.58333333333331,0.0021330932596166485
176.66666666666666,0.002524498786808977
176.75,0.001957643059228864
176.83333333333331,0.0021175482816165486
176.91666666666666,0.0004333930607133486
177.0,0.0010119436930520554
177.08333333333331,0.002519933747001791
177.16666666666666,0.002659535038940227
177.25,0.0008859588182496578
177.33333333333331,0.0017298324840571493
177.41666666666666,0.002560280584094723
177.5,0.00043944504291683947
177.58333333333331,0.002395818682232838
177.66666666666666,0.000993922072956636
177.75,0.0005439038771095617
177.83333333333331,0.0020646995148854955
177.91666666666666,0.0011353515721809046
178.0,0.0018795005947191987
178.08333333333331,0.0018100334172419946
178.16666666666666,0.002662792468801513
178.25,0.003807621067338725
178.33333333333331,0.002873419581093912
178.41666666666666,0.003087410514097348
178.5,0.0017583713184335735
178.58333333333331,0.0021999435183842403
178.66666666666666,0.0016495912624243446
178.75,0.0019115386547070572
178.83333333333331,0.001578370286614777
178.91666666666666,0.0016354324487265945
179.0,0.0008057759443414713
179.08333333333331,0.0017418091361016143
179.16666666666666,0.0016590097009995552
179.25,0.0003833852065825956
179.33333333333331,0.0007678270854130056
179.41666666666666,0.0010164089442470494
179.5,0.0010938297658223545
179.58333333333331,0.002466097225111983
179.66666666666666,0.00447414297836644
179.75,0.004222699299054875
179.83333333333331,0.0026727276524619215
179.91666666666666,0.0018423506921587537
180.0,0.0009531055776813805
180.08333333333331,0.0004585694157696065
180.16666666666666,0.0014149552322947209
180.25,0.0018563246298073657
180.33333333333331,0.0025298530583460176
180.41666666666666,0.0023412934854953396
180.5,0.0006256790515740986
180.58333333333331,0.0008730155842359097
180.66666666666666,0.0008707135479330369
180.75,0.0010837940109435854
180.83333333333331,0.0022918391439314986
180.91666666666666,0.0025136084153659934
181.0,0.0014994345903103126
181.08333333333331,0.0018221749330221077
181.16666666666666,0.0016225919085039078
181.25,0.0015969804492976638
181.33333333333331,0.0014382150925449876
181.41666666666666,0.0014697277199838775
181.5,0.002270207015849419
181.58333333333331,0.0033395886883262147
181.66666666666666,0.001040209751104573
181.75,0.0021626737971960834
181.83333333333331,0.00018578524139358047
181.91666666666666,0.0024287686362076464
182.0,0.0006121791878601459
182.08333333333331,0.002142633988960957
182.16666666666666,0.002176891488591965
182.25,0.0021421329938963803
182.33333333333331,0.003188833395034418
182.41666666666666,0.0019451126383708511
182.5,0.00041664532948644403
182.58333333333331,0.0010643637390377234
182.66666666666666,0.0019181776270356624
182.75,0.0026727263197642696
182.83333333333331,0.0016409397358979076
182.91666666666666,0.002252719537540634
183.0,0.0009827742303500594
183.08333333333331,0.0023861375515861977
183.16666666666666,0.0020505338540212684
183.25,0.0015912911621627774
183.33333333333331,0.0015750466669715295
183.41666666666666,0.001179680693991964
183.5,0.0017284560261986333
183.58333333333331,0.001957773247841921
183.66666666666666,0.0015580972209126662
183.75,0.002310291623333079
183.83333333333331,0.0025413110293269646
183.91666666666666,0.000883624373612319
184.0,0.001150020849596641
184.08333333333331,0.0029201110843586264
184.16666666666666,0.0022434655592687186
184.25,0.00131094065579211
184.33333333333331,0.00306639508807767
184.41666666666666,0.0027706745715298797
184.5,0.0023367388182508235
184.58333333333331,0.0024770577014479856
184.66666666666666,0.003226893606840407
184.75,0.003695359652611926
184.83333333333331,0.002825000471386205
184.91666666666666,0.001522593872100469
185.0,0.0009746624853961634
185.08333333333331,0.001905884515400425
185.16666666666666,0.0018238040393434493
185.25,0.0014730805763138333
185.33333333333331,0.0008198584583478994
185.41666666666666,0.0011108648405306174
185.5,0.0024108061524762336
185.58333333333331,0.001475766652706229
185.66666666666666,0.0016679835177585765
185.75,0.0011010928548904277
185.83333333333331,0.0004941190774582276
185.91666666666666,0.0022359877176913864
186.0,0.0031939017786930825
186.08333333333331,0.0016219912750931383
186.16666666666666,0.001578954893996358
186.25,0.003033944325891261
186.33333333333331,0.0010203288304221154
186.41666666666666,0.0017393448556822196
186.5,0.0012978940601359973
186.58333333333331,0.001566840138027793
186.66666666666666,0.0018251804333911208
186.75,0.0024108150182802993
186.83333333333331,0.0035256443577541437
186.91666666666666,0.0017516647353827328
187.0,0.0014006840003091868
187.08333333333331,0.000929689453270235
187.16666666666666,0.000535088674260976
187.25,0.0012247702698797401
187.33333333333331,0.00209937305967211
187.41666666666666,0.001839412264235801
187.5,0.0012749072052770523
187.58333333333331,0.0014001981470221838
187.66666666666666,0.0016188221300117668
187.75,0.0018379207405542983
187.83333333333331,0.003411534115864176
187.91666666666666,0.002818915246605836
188.0,0.0027350833170597558
188.08333333333331,0.002865172100706619
188.16666666666666,0.0016024933086808257
188.25,0.002413994865282742
188.33333333333331,0.0039231901254095786
188.41666666666666,0.0021643590500136545
188.5,0.0007940057377201797
188.58333333333331,0.0009747839259631249
188.66666666666666,0.0031146682135963707
188.75,0.0015689317027080517
188.83333333333331,0.0008488459673274366
188.91666666666666,0.0011075518589317816
189.0,0.00034722934362730245
189.08333333333331,0.0010463761566092671
189.16666666666666,1.9594090745905635e-05
189.25,0.0015875288513139687
189.33333333333331,0.0016857911753780108
189.41666666666666,0.0013546497907502611
189.5,0.0012265066662712604
189.58333333333331,0.001224756073440523
189.66666666666666,0.000892338383120318
189.75,0.0019807659926453923
189.83333333333331,0.001462424937371542
189.91666666666666,0.001959617681194299
190.0,0.002021717337646161
190.08333333333331,0.002650318079639345
190.16666666666666,0.0025880887326112513
190.25,0.0017069695825937124
190.33333333333331,0.0018173194596526354
190.41666666666666,0.002363605010974156
190.5,0.000572140802030137
190.58333333333331,0.0018313787911689587
190.66666666666666,0.001140546343165448
190.75,0.0004853117129538685
190.83333333333331,0.002003901776260164
190.91666666666666,0.0024291708499596556
191.0,0.003419002254968883
191.08333333333331,0.002625898725008589
191.16666666666666,0.0006662901529661395
191.25,0.0017425544398990396
191.33333333333331,0.0020357146818042733
191.41666666666666,0.002312559441205101
191.5,0.0012098475894881534
191.58333333333331,0.0017509972158440024
191.66666666666666,0.0013835443008828033
191.75,0.0015990684340474932
191.83333333333331,0.003581027598058191
191.91666666666666,0.003495029393545597
192.0,0.0014389676012696872
192.08333333333331,0.001483013485477929
192.16666666666666,0.0005340051634073706
192.25,0.001540192463297183
192.33333333333331,0.0022023436745215305
192.41666666666666,0.0010725372013660054
192.5,0.0008625672477451412
192.58333333333331,0.0023251944513221954
192.66666666666666,0.0022160783853275618
192.75,0.0020509303971839635
192.83333333333331,0.002235069283099518
192.91666666666666,0.0017612095147095477
193.0,0.0009897913969840395
193.08333333333331,0.001601015623264194
193.16666666666666,0.0018386189230646182
193.25,0.0005420380003383368
193.33333333333331,0.0010020659782998124
193.41666666666666,0.0007724030656971365
193.5,0.0009025817329573203
193.58333333333331,0.0013135724317321143
193.66666666666666,0.0034854377197670325
193.75,0.0034319130925658217
193.83333333333331,0.0017479497884328955
193.91666666666666,0.00021899227469384224
194.0,0.0006766773741351097
194.08333333333331,0.0006279661811933767
194.16666666666666,0.0019035975351083317
194.25,0.0008504577824754116
194.33333333333331,0.0030146344202459183
194.41666666666666,0.0019719234403251414
194.5,0.0016443810836388002
194.58333333333331,0.0017381992039166572
194.66666666666666,0.00024075961026924546
194.75,0.0005514092414218137
194.83333333333331,0.002444924210433469
194.91666666666666,0.0038105646386209905
195.0,0.001426973885165346
195.08333333333331,0.0010419270360235919
195.16666666666666,0.0012421279628328696
195.25,0.0032894703803708976
195.33333333333331,0.004080542781421613
195.41666666666666,0.003375417970320559
195.5,0.001819580561177139
195.58333333333331,0.0007355188120963952
195.66666666666666,0.0009926334579296848
195.75,0.0014788791408004718
195.83333333333331,0.0020727610247087865
195.91666666666666,0.0014288537616910127
196.0,0.0012982045726878588
196.08333333333331,0.0006790870869328648
196.16666666666666,0.0007701735293416803
196.25,0.0016623063032481435
196.33333333333331,0.0020039345939394104
196.41666666666666,0.002659360925650265
196.5,0.002621861237196606
196.58333333333331,0.0008011083302802733
196.66666666666666,0.0023110338966979096
196.75,0.003100983116777941
196.83333333333331,0.0027709691358190794
196.91666666666666,0.001269900913858417
197.0,0.001730873695068695
197.08333333333331,0.00243775099994724
197.16666666666666,0.00243326807424118
197.25,0.002131429458773613
197.33333333333331,0.0011612412270031749
197.41666666666666,0.0016206107719255274
197.5,0.00033818864143561167
197.58333333333331,0.0017482192590826122
197.66666666666666,0.0023950632695066715
197.75,0.0006597592583068236
197.83333333333331,0.0006320555485196546
197.91666666666666,0.0026521627445488458
198.0,0.0020517361643609196
198.08333333333331,0.0007637823318755484
198.16666666666666,0.00029815564953725355
198.25,0.00220996459827757
198.33333333333331,0.00297100271355431
198.41666666666666,0.001178009411439633
198.5,0.0019971694793637384
198.58333333333331,0.002166948498059967
198.66666666666666,0.0017924411785130915
198.75,0.0018253673704801293
198.83333333333331,0.0012567383173286797
198.91666666666666,0.0017083673791061388
199.0,0.001716576486134377
199.08333333333331,0.0016982207311874744
199.16666666666666,0.001046253336651592
199.25,0.0017207081277840792
199.33333333333331,0.0034702200012293044
199.41666666666666,0.0019061075015216094
199.5,0.0007747053607793847
199.58333333333331,0.0017307446172848777
199.66666666666666,0.003681641148395766
199.75,0.003994718361289399
199.83333333333331,0.0026877460355426534
199.91666666666666,0.0025520128967817
200.0,0.003466424572168818
200.08333333333331,0.003629787737981483
200.16666666666666,0.002707869179140161
200.25,0.0007449926830091862
200.33333333333331,0.001555638670320988
200.41666666666666,0.00123096466606583
200.5,0.000991810330952404
200.58333333333331,0.001106962749182536
200.66666666666666,0.001597266895725007
200.75,0.0016954702906975118
200.83333333333331,0.0016410964155545037
200.91666666666666,4.368116157753237e-05
201.0,0.0015489024933504807
201.08333333333331,0.0018343523579444935
201.16666666666666,0.0034576585403327947
201.25,0.003661710265941604
201.33333333333331,0.0017764828156973088
201.41666666666666,0.000841626404533931
201.5,0.0010758426240094082
201.58333333333331,0.0010326644348098433
201.66666666666666,0.0010772235468550764
201.75,0.0015944693854136193
201.83333333333331,0.0017095488353313095
201.91666666666666,0.0016056748890381771
202.0,0.00108214582818333
202.08333333333331,0.0015834902048672
202.16666666666666,0.0031338557640318205
202.25,0.0022189441814345124
202.33333333333331,0.00023873454853036473
202.41666666666666,0.0013515187741235282
202.5,0.0023087970427387154
202.58333333333331,0.0021226186586109108
202.66666666666666,0.002379970940160981
202.75,0.003120827145657706
202.83333333333331,0.0023268886307378214
202.91666666666666,0.000245698608821206
203.0,0.0010639750257766686
203.08333333333331,0.002647196616701563
203.16666666666666,0.0028379352902787713
203.25,0.0015045809812012615
203.33333333333331,0.0006647946294016585
203.41666666666666,0.0022643425995018756
203.5,0.001863727993332238
203.58333333333331,0.0014078232525013927
203.66666666666666,0.001208550833268108
203.75,0.0011644631551303746
203.83333333333331,0.001677759868535678
203.91666666666666,0.0034526112096712907
204.0,0.0028233028426487223
204.08333333333331,0.0015339928653281892
204.16666666666666,0.0008160418160565773
204.25,0.0013007957917812799
204.33333333333331,0.0025362440273175237
204.41666666666666,0.001965955945102777
204.5,0.0008171325284339077
204.58333333333331,0.00047387333661421175
204.66666666666666,0.0016335941961322044
204.75,0.0009349537702237207
204.83333333333331,0.00237148278909311
204.91666666666666,0.003942729968120074
205.0,0.004128221512982049
205.08333333333331,0.0036155013154162453
205.16666666666666,0.0017388243210924102
205.25,0.0015435496655373782
205.33333333333331,0.0029269966373149567
205.41666666666666,0.0020128722531098657
205.5,0.0012598443641263209
205.58333333333331,0.0010013950864139495
205.66666666666666,0.001260753062705246
205.75,0.0016709264179073729
205.83333333333331,0.001229896868550233
205.91666666666666,0.001813554049952127
206.0,0.00036874012245721694
206.08333333333331,0.00025276541344350427
206.16666666666666,0.000724633404332282
206.25,0.0013442876518351015
206.33333333333331,0.0009881807922701416
206.41666666666666,0.0026838086947249917
206.5,0.002397414950051331
206.58333333333331,0.0016312105386809964
206.66666666666666,0.0015443603683911074
206.75,0.0021352871908189848
206.83333333333331,0.0012976116602015902
206.91666666666666,0.0011278353627599763
207.0,0.0018164102028514022
207.08333333333331,0.0011841399876761339
207.16666666666666,0.0033737590308843242
207.25,0.0030667788588873905
207.33333333333331,0.002066892434491171
207.41666666666666,0.001190561899705346
207.5,0.0015119751787773974
207.58333333333331,0.0028314369836192855
207.66666666666666,0.0036639144889594366
207.75,0.002682177493839911
207.83333333333331,0.003424214895236966
207.91666666666666,0.0025669554147459894
208.0,0.0015088885434254092
208.08333333333331,0.002404258460952365
208.16666666666666,0.0031655241900038645
208.25,0.003051688720944879
208.33333333333331,0.001752669044717184
208.41666666666666,0.0015662592579658067
208.5,0.00230029006248113
208.58333333333331,0.0019197882355375512
208.66666666666666,0.0015933261824813635
208.75,0.0019828797071962615
208.83333333333331,0.0005588372841336117
208.91666666666666,0.002694066582528591
209.0,0.0025477143899549732
209.08333333333331,0.001527898627024782
209.16666666666666,0.0009290411581644945
209.25,0.001431287925304807
209.33333333333331,0.0010922530679062967
209.41666666666666,0.0007683070056292723
209.5,0.001588525005743459
209.58333333333331,0.0011177275873394978
209.66666666666666,0.0010586421969676738
209.75,0.0008282746504158463
209.83333333333331,0.0015476083836187492
209.91666666666666,0.0008496436806476185
210.0,0.0004552651366333025
210.08333333333331,0.0012994905771944044
210.16666666666666,0.0014843001689520466
210.25,0.0012695034455938129
210.33333333333331,0.00010764142661003493
210.41666666666666,0.0008621367721758938
210.5,0.0006650498496806347
210.58333333333331,0.0010470188552800367
210.66666666666666,0.0007232804017565433
210.75,0.001844918497196005
210.83333333333331,0.001653963387718654
210.91666666666666,0.0028595460679389693
211.0,0.002522671406203086
211.08333333333331,0.00122563025184284
211.16666666666666,0.0023777681403503543
211.25,0.0017464656131924103
211.33333333333331,0.0009187713521788772
211.41666666666666,0.0022333002240337023
211.5,0.004552954876425102
211.58333333333331,0.004245673925267137
211.66666666666666,0.0020019212397947247
211.75,0.0021651368380257987
211.83333333333331,0.0026491921289537937
211.91666666666666,0.0025512935818205263
212.0,0.0021468553788628613
212.08333333333331,0.0009973089030024804
212.16666666666666,0.0015157698114481478
212.25,0.0012121253651916342
212.33333333333331,0.003823717730267845
212.41666666666666,0.002818287456736395
212.5,0.0016718328006252083
212.58333333333331,0.0004482749391060317
212.66666666666666,0.00039055548288427554
212.75,0.001812389315757209
212.83333333333331,0.002487171414840686
212.91666666666666,0.0014960594936280329
213.0,0.0019535584581280643
213.08333333333331,0.0012250585940146868
213.16666666666666,0.0009517124859035573
213.25,0.0015099059800631354
213.33333333333331,0.001487296158758197
213.41666666666666,0.0005430472799777611
213.5,0.0002251013177277326
213.58333333333331,0.00023533036537503848
213.66666666666666,0.0015334714095419253
213.75,0.002911612238396768
213.83333333333331,0.003149771893484257
213.91666666666666,0.0007846856828578181
214.0,0.0024765576824198263
214.08333333333331,0.0015146267324691793
214.16666666666666,0.0013494858542773087
214.25,0.0011858323172308186
214.33333333333331,0.0014664611125717543
214.41666666666666,0.002286915465345455
214.5,0.000995549021545576
214.58333333333331,0.0023866334011675063
214.66666666666666,0.0005310343896710194
214.75,0.0022882976662805176
214.83333333333331,0.0030744494563569626
214.91666666666666,0.0016666922079724821
215.0,0.0009348825901911888
215.08333333333331,0.002517478490274234
215.16666666666666,0.0019105120694157707
215.25,0.001168488695439708
215.33333333333331,0.0013858296763901322
215.41666666666666,0.0018331599901895855
215.5,0.0018275383760615422
215.58333333333331,0.0018681142434262845
215.66666666666666,0.0018408482385979426
215.75,0.0012680003144306317
215.83333333333331,0.0036500850702609862
215.91666666666666,0.0043127337518619226
216.0,0.0031696109715287244
216.08333333333331,0.003445304085193079
216.16666666666666,0.0028359997320030242
216.25,0.0010934839736055745
216.33333333333331,0.0006261915031716283
216.41666666666666,0.0014032478640385322
216.5,0.0011182029859049243
216.58333333333331,0.001465828113230823
216.66666666666666,0.0024498661814624477
216.75,0.0029174504939749957
216.83333333333331,0.001689230867797646
216.91666666666666,0.0010289775696017808
217.0,0.001941890530522041
217.08333333333331,0.002759612791665568
217.16666666666666,0.0021756061247511244
217.25,0.00405799593122198
217.33333333333331,0.004310549621957721
217.41666666666666,0.003408161082165125
217.5,0.0036055786522568105
217.58333333333331,0.0026913885452499366
217.66666666666666,0.0020351095141403538
217.75,0.0008035472639762283
217.83333333333331,0.0013921128318646844
217.91666666666666,0.0014573148791136913
218.0,0.0012856938817181938
218.08333333333331,0.0023478169952364783
218.16666666666666,0.002062217738371988
218.25,0.001681923530645005
218.33333333333331,0.0013974951216944934
218.41666666666666,0.0016320251491833998
218.5,0.001339993911032846
218.58333333333331,0.001484124720378773
218.66666666666666,0.0011937579414944008
218.75,0.0014260568276050903
218.83333333333331,0.0006286803141376206
218.91666666666666,0.0015323362842526408
219.0,0.0019439391163906864
219.08333333333331,0.0017750576888497583
219.16666666666666,0.003069385899219064
219.25,0.0029185796606767556
219.33333333333331,0.001897284516367345
219.41666666666666,0.002239796596054431
219.5,0.003120369512004297
219.58333333333331,0.0025526683995504597
219.66666666666666,0.0015761522250865862
219.75,0.0012179669976358628
219.83333333333331,0.001821577662459955
219.91666666666666,0.0012375670861285801
220.0,0.0006829287246628412
220.08333333333331,0.002783590313287306
220.16666666666666,0.002247718440470129
220.25,0.0009773158153434515
220.33333333333331,0.0022677022742743002
220.41666666666666,0.0015936666504595988
220.5,0.0017103535416762728
220.58333333333331,0.0047455393734744025
220.66666666666666,0.0025558973773193183
220.75,0.0015617955335992043
220.83333333333331,0.0024468018966137674
220.91666666666666,0.001278266327712494
221.0,0.0018350231790285393
221.08333333333331,0.002477539072153225
221.16666666666666,0.002180589135857954
221.25,0.003055786638605945
221.33333333333331,0.0027853987306036836
221.41666666666666,0.0009336349547239347
221.5,0.0021613137384993786
221.58333333333331,0.0019224538608009535
221.66666666666666,0.003599629489967325
221.75,0.003133505281339231
221.83333333333331,0.0027527827913027083
221.91666666666666,0.0019202527267462163
222.0,0.00189636930181829
222.08333333333331,0.0018839591325669302
222.16666666666666,0.002359689502613531
222.25,0.0014110138220740243
222.33333333333331,0.00149742610106082
222.41666666666666,0.0008874482129402926
222.5,0.0012611355418184135
222.58333333333331,0.0010209412281328796
222.66666666666666,0.0014436662648822048
222.75,0.0025148749679398913
222.83333333333331,0.002764120327854529
222.91666666666666,0.0015926434683759545
223.0,0.00021166987990629756
223.08333333333331,0.001153057667618447
223.16666666666666,0.0021516903884940385
223.25,0.0014209130869578153
223.33333333333331,0.0002481384047588722
223.41666666666666,0.0011808379451786917
223.5,0.001464662589258454
223.58333333333331,0.0009834537822054788
223.66666666666666,0.002406233269435618
223.75,0.00259791008999775
223.83333333333331,0.0018463554687896805
223.91666666666666,0.00036993757535313154
224.0,0.0003197589477934756
224.08333333333331,0.0005336953931349453
224.16666666666666,0.0015700161631198395
224.25,0.0023183723613780234
224.33333333333331,0.002781329992272019
224.41666666666666,0.0029332856755681187
224.5,0.002091948591018477
224.58333333333331,0.000668122991014998
224.66666666666666,0.0008429058519821744
224.75,0.0023687343272200704
224.83333333333331,0.0017631721063930156
224.91666666666666,0.0030240794969976655
225.0,0.0033719882047728795
225.08333333333331,0.002227771426767213
225.16666666666666,0.0021746806543463
225.25,0.00037201525786076855
225.33333333333331,0.0012774394566859302
225.41666666666666,0.0008885737492643649
225.5,0.0014841989733970016
225.58333333333331,0.0018947878561527314
225.66666666666666,0.000917311941557109
225.75,0.003152240054051217
225.83333333333331,0.0024776177637863147
225.91666666666666,0.0005059251318505822
226.0,0.0011538760775765043
226.08333333333331,0.0005294268658739482
226.16666666666666,0.0007717803877768481
226.25,0.003173679234255937
226.33333333333331,0.0038651319921193645
226.41666666666666,0.002858960691698712
226.5,0.0016652039170026315
226.58333333333331,0.0014063509241672982
226.66666666666666,0.0019927302071898823
226.75,0.001144004146118733
226.83333333333331,0.00211335455398745
226.91666666666666,0.0016163249038240626
227.0,0.001551212489624731
227.08333333333331,0.0038102417057183304
227.16666666666666,0.0030067449943719433
227.25,0.0017825065344470774
227.33333333333331,0.0009875634724184222
227.41666666666666,0.0011754015752689364
227.5,0.002363246245670709
227.58333333333331,0.0020335740921667714
227.66666666666666,0.0013269683312958425
227.75,0.0015989483717568347
227.83333333333331,0.0016884915633217047
227.91666666666666,0.0011573262960206843
228.0,0.001965617149294301
228.08333333333331,0.0018786529690309759
228.16666666666666,0.0017523675045893466
228.25,0.0014884449628504194
228.33333333333331,0.0005358015428342654
228.41666666666666,0.0005992911807682377
228.5,0.0006763079385287923
228.58333333333331,0.0006070426663663572
228.66666666666666,0.0014622971851621222
228.75,0.002778556080307635
228.83333333333331,0.001945200138039356
228.91666666666666,0.0019536105375906904
229.0,0.0017150540020498687
229.08333333333331,0.0019476982357061357
229.16666666666666,0.0017594332504960249
229.25,0.0010932480226539074
229.33333333333331,0.000560061026056738
229.41666666666666,0.002507601521000625
229.5,0.0029397702042989176
229.58333333333331,0.0014731842999994161
229.66666666666666,0.00031991499421674943
229.75,0.00023971790285384848
229.83333333333331,0.0006326120622016364
229.91666666666666,0.0022635273247949925
230.0,0.004096503265262466
230.08333333333331,0.0026278118528589413
230.16666666666666,0.0010517808057753009
230.25,0.0022393779575106973
230.33333333333331,0.0017221185645040116
230.41666666666666,0.0005775835664450835
230.5,0.0007883955270806207
230.58333333333331,0.0013266589137613377
230.66666666666666,0.0002696979603527789
230.75,0.0011619816280163512
230.83333333333331,0.0009456051693686575
230.91666666666666,0.0020081151758732396
231.0,0.002104597915851155
231.08333333333331,0.0007089823555400983
231.16666666666666,0.0013115120167086622
231.25,0.0025702988536541183
231.33333333333331,0.0034448118623183932
231.41666666666666,0.0025655708409327385
231.5,0.001477670313240205
231.58333333333331,0.0010127492543567872
231.66666666666666,0.001910650164627258
231.75,0.001519661694301501
231.83333333333331,0.0027313565145786305
231.91666666666666,0.003350854536095915
232.0,0.0015493677508664938
232.08333333333331,0.0023344835303228052
232.16666666666666,0.002924443062225275
232.25,0.0001756905887077954
232.33333333333331,0.001469111567827463
232.41666666666666,0.0015828839875033694
232.5,0.0023037137663273147
232.58333333333331,0.002715489843294578
232.66666666666666,0.00235925677537523
232.75,0.001577184119037411
232.83333333333331,0.0006418795994443981
232.91666666666666,0.0014013864757583937
233.0,0.0022224130677825013
233.08333333333331,0.00041437453758259916
233.16666666666666,0.0014241198322264492
233.25,0.0005492979981486198
233.33333333333331,0.0007556407120328951
233.41666666666666,0.0004889212386916429
233.5,0.0011428958792449012
233.58333333333331,0.0009013245320856626
233.66666666666666,0.002368675512000296
233.75,0.002324240426048764
233.83333333333331,0.0018999321876754975
233.91666666666666,0.002392736205277749
234.0,0.00254791181374746
234.08333333333331,0.0006790744198224166
234.16666666666666,0.001065520174237508
234.25,0.0011704530060894934
234.33333333333331,0.0021961732669742128
234.41666666666666,0.0017639768696886564
234.5,0.0018610700969275255
234.58333333333331,0.001678247176515869
234.66666666666666,0.0016500418243873345
234.75,0.001974764623355555
234.83333333333331,0.0023562654227305088
234.91666666666666,0.001876061143125211
235.0,0.0009773836694639954
235.08333333333331,0.0016049693999819013
235.16666666666666,0.0008134089819266752
235.25,0.0004359192034715505
235.33333333333331,0.0005382166246753389
235.41666666666666,0.001141740474208102
235.5,0.0012895186651596857
235.58333333333331,0.0009732486473815836
235.66666666666666,0.0017272705716493868
235.75,0.0010670651432582773
235.83333333333331,0.0019181158041987926
235.91666666666666,0.0028752553379032936
236.0,0.0017651502822997784
236.08333333333331,0.002547354393922887
236.16666666666666,0.0030807088874003747
236.25,0.0014090670400036752
236.33333333333331,0.0017110515860498123
236.41666666666666,0.00082825519873861
236.5,0.0017496009420741258
236.58333333333331,0.0026138229573363877
236.66666666666666,0.001853648886827904
236.75,0.0011364827500648714
236.83333333333331,0.0013633969753197256
236.91666666666666,0.0015579016629509845
237.0,0.0027709679271821306
237.08333333333331,0.0026702466611389117
237.16666666666666,0.00048657344068147614
237.25,0.0016336257205783703
237.33333333333331,0.00347751054706742
237.41666666666666,0.003009447877485351
237.5,0.00034336804915217315
237.58333333333331,0.0005001334180032444
237.66666666666666,0.000882848569097473
237.75,0.002189022720042162
237.83333333333331,0.002414582716848769
237.91666666666666,0.0008593522108454508
238.0,0.0028988622286074913
238.08333333333331,0.003441425997634089
238.16666666666666,0.003008910182197872
238.25,0.004223839037369893
238.33333333333331,0.0013280836706227447
238.41666666666666,0.002140680608149131
238.5,0.0017042117579738876
238.58333333333331,0.0010005981575193616
238.66666666666666,0.001450877700344769
238.75,0.0017999293917264584
238.83333333333331,0.0007362317866234766
238.91666666666666,0.001840669647222354
239.0,0.002001043896574037
239.08333333333331,0.0019388335887081762
239.16666666666666,0.0008887315072227984
239.25,0.0010741826071345667
239.33333333333331,0.000804217982227457
239.41666666666666,0.0017699920607154574
239.5,0.0018820851481354262
239.58333333333331,0.0012396729253339087
239.66666666666666,0.0005035561832072269
239.75,0.0004624636852879729
239.83333333333331,0.001734282358538929
239.91666666666666,0.0018396295714601587
240.0,0.00041120136803363117
240.08333333333331,0.001310458881947916
240.16666666666666,0.0016589949441493822
240.25,0.0015377483895154397
240.33333333333331,0.0018652257205534377
240.41666666666666,0.0024239592227750795
240.5,0.0019493104407849217
240.58333333333331,0.00215672991977681
240.66666666666666,0.003118643177322801
240.75,0.0008538077721673645
240.83333333333331,0.0018786516584245023
240.91666666666666,0.0020934370697773663
241.0,0.000569761161952495
241.08333333333331,0.001648843137248892
241.16666666666666,0.0005898879879987464
241.25,0.0009727765447219858
241.33333333333331,0.001897296341294512
241.41666666666666,0.001441678965809661
241.5,0.0005945311493228562
241.58333333333331,0.0013547835121368878
241.66666666666666,0.0003462114465856767
241.75,0.0006901617343487019
241.83333333333331,0.001612909026996959
241.91666666666666,0.0022548872039874902
242.0,0.0006333044034497137
242.08333333333331,0.0016872987354387679
242.16666666666666,0.0028452375730571044
242.25,0.0010704533531415304
242.33333333333331,0.0033817937175659872
242.41666666666666,0.0017735653341583173
242.5,0.0013987043179491572
242.58333333333331,0.002700443159946026
242.66666666666666,0.00432217481484002
242.75,0.004539308495770801
242.83333333333331,0.0021900072090093674
242.91666666666666,0.0016395675809929156
243.0,0.003354343320699907
243.08333333333331,0.00260360696206945
243.16666666666666,0.00044872357735509564
243.25,0.00036736558326566654
243.33333333333331,0.001438467289187834
243.41666666666666,0.0003843480940964208
243.5,0.0012133859278084464
243.58333333333331,0.0022904470939204965
243.66666666666666,0.0022081967921296153
243.75,0.0018549860993937507
243.83333333333331,0.0020363964002556665
243.91666666666666,0.0014637265081306327
244.0,0.0018130227005267077
244.08333333333331,0.0027840566964899504
244.16666666666666,0.0030197225390900515
244.25,0.002507180518370846
244.33333333333331,0.001446414104509843
244.41666666666666,0.0011425668496590153
244.5,0.0016729807580024292
244.58333333333331,0.0016662984805278155
244.66666666666666,0.0019238298193799451
244.75,0.0021341428159762704
244.83333333333331,0.0010321268923477016
244.91666666666666,0.001850683443434899
245.0,0.0006593234362398492
245.08333333333331,0.0012436413268924085
245.16666666666666,0.0018340243211609564
245.25,0.0017745367189650311
245.33333333333331,0.0017219497218127421
245.41666666666666,0.002105935697348915
245.5,0.0037549677969376705
245.58333333333331,0.002476596228415337
245.66666666666666,0.0001447713215408827
245.75,0.000677869915271666
245.83333333333331,0.0002711878879533933
245.91666666666666,0.0010684202116194703
246.0,0.0018002953157728128
246.08333333333331,0.002413576462674263
246.16666666666666,0.0008624758191658789
246.25,0.0011526430187140827
246.33333333333331,0.0017068878938425473
246.41666666666666,0.001575991802173876
246.5,0.0005133227286988546
246.58333333333331,0.0014541852570356282
246.66666666666666,0.0005908694859974624
246.75,0.0006823017863522558
246.83333333333331,0.0009341906922552771
246.91666666666666,0.000541195422245824
247.0,0.0014599791990079472
247.08333333333331,0.0004928262638735257
247.16666666666666,0.002130013983621905
247.25,0.0020130217146571245
247.33333333333331,0.0014516611906770403
247.41666666666666,0.0008479793421961968
247.5,0.0006351160900317108
247.58333333333331,0.0004129903878240907
247.66666666666666,0.0009009628593381788
247.75,0.0012258883954497741
247.83333333333331,0.0014726881921384625
247.91666666666666,0.001533154622806345
248.0,0.0010831709540478267
248.08333333333331,0.0007519775205130718
248.16666666666666,0.001480771412116236
248.25,0.0011445650791343633
248.33333333333331,0.0012585842977287055
248.41666666666666,0.0017523039463853813
248.5,0.001163114758771
248.58333333333331,0.0006225981474289543
248.66666666666666,0.0006683560206091341
248.75,0.00093638491673711
248.83333333333331,0.0015870103117173481
248.91666666666666,0.000386642009543821
249.0,0.0010504106343504854
249.08333333333331,0.0012738931750612221
249.16666666666666,0.0026071175770902904
249.25,0.0017817985851596963
249.33333333333331,0.0007473802159033225
249.41666666666666,0.0016500074469055052
249.5,0.0007746107495406838
249.58333333333331,0.001178522826524066
249.66666666666666,0.001055495717396095
249.75,0.0014009524472452625
249.83333333333331,0.0005817259794031454
249.91666666666666,0.001055367457244327
250.0,0.0009011280264262635
250.08333333333331,0.001205727900137506
250.16666666666666,0.0005048577460303946
250.25,0.001387219195138172
250.33333333333331,0.0011199464254370763
250.41666666666666,0.0006739677294885978
250.5,0.0004931446986152996
250.58333333333331,0.0008868533299676293
250.66666666666666,0.0010340456600465952
250.75,0.0004011363096310099
250.83333333333331,0.0007274582350982076
250.91666666666666,0.0006690537204501824
251.0,0.0009320206280717586
251.08333333333331,0.0015431963742710286
251.16666666666666,0.0009522105387381273
251.25,0.0017037061593971358
251.33333333333331,0.001418075946579742
251.41666666666666,0.0011758966988929674
251.5,0.0013391073042606874
251.58333333333331,0.0021746764551571845
251.66666666666666,0.0011932649532540082
251.75,0.0018303067168700731
251.83333333333331,0.002123269365567086
251.91666666666666,0.0016657085540045713
252.0,0.00034088678573652504
252.08333333333331,0.0016394639354628743
252.16666666666666,0.0011875071662755129
252.25,0.0011968747068629207
252.33333333333331,0.001163447128118058
252.41666666666666,0.0013704483163229076
252.5,0.001974833868164267
252.58333333333331,0.0013091966279099965
252.66666666666666,0.0006411029807366835
252.75,0.002001821147832537
252.83333333333331,0.0006263061327762501
252.91666666666666,0.001427709519564288
253.0,0.0010258478644523043
253.08333333333331,0.0013752333362017845
253.16666666666666,0.0019879344258038147
253.25,0.0022801906087313766
253.33333333333331,0.0027434314014921136
253.41666666666666,0.0013311941452186459
253.5,0.0002763246168003019
253.58333333333331,0.00037385145956483516
253.66666666666666,0.0010390941455551766
253.75,0.0015114770366813108
253.83333333333331,0.0016057367997389885
253.91666666666666,0.0012969728127000218
254.0,0.000700901328212322
254.08333333333331,0.0007621795169367319
254.16666666666666,0.0008451119927621374
254.25,0.0010647359605842246
254.33333333333331,0.0012917386976267144
254.41666666666666,0.0006346330369863193
254.5,0.0010749282900286519
254.58333333333331,0.000825533162892328
254.66666666666666,0.0011472671380670673
254.75,0.00156542291758895
254.83333333333331,0.0011599787863372497
254.91666666666666,0.002083182199815492
255.0,0.0020608813389009937
255.08333333333331,0.0008566708072843792
255.16666666666666,0.001661339636456453
255.25,0.0031041626557720145
255.33333333333331,0.0034615210468778037
255.41666666666666,0.0013736534909088802
255.5,0.00046362492608733344
255.58333333333331,0.0005220563901752011
255.66666666666666,0.0008759480475264823
255.75,0.0008788269874227545
255.83333333333331,0.002374249610500131
255.91666666666666,0.003610552597183261
256.0,0.002748123073892292
256.0833333333333,0.0012033572158008346
256.16666666666663,0.0005544365458889369
256.25,0.0029413685695216132
256.3333333333333,0.003786288652582522
256.41666666666663,0.001838038879947569
256.5,0.000813540808994663
256.5833333333333,0.00161619766345716
256.66666666666663,0.0008552706481835487
256.75,0.0016449265597804279
256.8333333333333,0.0031378247337585613
256.91666666666663,0.002962978313088765
257.0,0.001664496189446247
257.0833333333333,0.0034615073176136116
257.16666666666663,0.003308684379942616
257.25,0.0015835008985585358
257.3333333333333,0.0016287816890383335
257.41666666666663,0.0011365173363580084
257.5,0.000898280167925191
257.5833333333333,0.00034502226273107334
257.66666666666663,0.0002965033847596137
257.75,0.0008164060621754415
257.8333333333333,0.0007166444064221599
257.91666666666663,0.00099701493576552
258.0,0.0011276475827792672
258.0833333333333,0.0016279863148464498
258.16666666666663,0.0014395301679448371
258.25,0.0012053843177025677
258.3333333333333,0.0016085682572259407
258.41666666666663,0.00162603150494354
258.5,0.0012609607939503384
258.5833333333333,0.0007192097213431859
258.66666666666663,0.00165585698099026
258.75,0.001998584505514335
258.8333333333333,0.0015677426905135498
258.91666666666663,0.001308434448062867
259.0,0.0007646877496414208
259.0833333333333,0.0026285772336946136
259.16666666666663,0.0025531690543304907
259.25,0.0012678784501657162
259.3333333333333,0.0012220343641198162
259.41666666666663,0.0014485816575149565
259.5,0.00029430496941004774
259.5833333333333,0.001226861828734936
259.66666666666663,0.0010535146943939488
259.75,0.0001434742207297017
259.8333333333333,0.002017683265878847
259.91666666666663,0.0036938754863345704
260.0,0.002095962413388158
260.0833333333333,0.0008598170479820949
260.16666666666663,0.00250221527006624
260.25,0.002522845960169179
260.3333333333333,0.0010987179746772388
260.41666666666663,0.001762425046999466
260.5,0.0008023805680540785
260.5833333333333,0.0007495588890972605
260.66666666666663,0.0023496425838105124
260.75,0.0018510128970625648
260.8333333333333,0.0003789354221909029
260.91666666666663,0.0014359182407067774
261.0,0.0015474097028491858
261.0833333333333,0.0011571204334635025
261.16666666666663,0.0019496948525076472
261.25,0.001704979939472802
261.3333333333333,0.0019771502163249736
261.41666666666663,0.0018643126222423105
261.5,0.0020512600948315992
261.5833333333333,0.00012568787879308033
261.66666666666663,0.0010571308210141593
261.75,0.0022019935761332485
261.8333333333333,0.0026142505260680978
261.91666666666663,0.0015247799740660103
262.0,0.000819081863353521
262.0833333333333,0.0010560032017854577
262.16666666666663,0.0006915223680974312
262.25,0.0008434342055463289
262.3333333333333,0.001231331040640185
262.41666666666663,0.000896263637155662
262.5,0.0022115254673088624
262.5833333333333,0.001895791229008633
262.66666666666663,0.0008652031686514434
262.75,0.00031857859914139424
262.8333333333333,0.0011197465013815945
262.91666666666663,0.0006397829880143562
263.0,0.0015415023156877534
263.0833333333333,0.0010669296595347568
263.16666666666663,0.0021978939069753414
263.25,0.004066206381916231
263.3333333333333,0.004264662547879424
263.41666666666663,0.0020239507933720274
263.5,0.0006185799092111476
263.5833333333333,0.0025541295819280123
263.66666666666663,0.0020164917130366753
263.75,0.0018270037794029348
263.8333333333333,0.0024055386755934536
263.91666666666663,0.0013198005070839461
264.0,0.001411035123754062
264.0833333333333,0.002212963883083681
264.16666666666663,0.0022143475614480736
264.25,0.001046185107649972
264.3333333333333,0.0006607415913115256
264.41666666666663,0.00162679437862744
264.5,0.001987176294883493
264.5833333333333,0.002729420588914226
264.66666666666663,0.002571075937791494
264.75,0.001655486926569097
264.8333333333333,0.0015448218105660115
264.91666666666663,0.0014769645937442535
265.0,0.000841139491818629
265.0833333333333,0.0012421756253665503
265.16666666666663,0.001314470332492661
265.25,0.001230747442097109
265.3333333333333,0.0008986072360999671
265.41666666666663,0.0002217395157813509
265.5,0.0018066290527933677
265.5833333333333,0.0009346839307580991
265.66666666666663,0.0020933147157371802
265.75,0.003935098757524665
265.8333333333333,0.0034291391259439054
265.91666666666663,0.002449922053631171
266.0,0.0014693091961550965
266.0833333333333,0.0015363121350883372
266.16666666666663,0.0027764416758148946
266.25,0.0008991751075175675
266.3333333333333,0.00044895994210952627
266.41666666666663,0.0008912855225493798
266.5,0.0017047279957006598
266.5833333333333,0.0020718061872307607
266.66666666666663,0.0011175170637482803
266.75,0.0010108066079283558
266.8333333333333,0.00193918161842892
266.91666666666663,0.001637724767122995
267.0,0.0023196674508168414
267.0833333333333,0.002258464769452903
267.16666666666663,0.0019734290555568114
267.25,0.0012795766610009729
267.3333333333333,0.0011354645890137227
267.41666666666663,0.0005406579303810421
267.5,0.0003935781555755957
267.5833333333333,0.0002058571273719831
267.66666666666663,0.0008072245238226062
267.75,0.002143334925454387
267.8333333333333,0.0027074236357107874
267.91666666666663,0.0007160872493827881
268.0,0.0004930303018153973
268.0833333333333,0.002803563429756524
268.16666666666663,0.002746714894663225
268.25,0.0003939926717482287
268.3333333333333,0.0014584136514266424
268.41666666666663,0.0015437567280657844
268.5,0.0014655846688000638
268.5833333333333,0.002685574213817537
268.66666666666663,0.002209331594458388
268.75,0.001973006539559874
268.8333333333333,0.0009451474547268446
268.91666666666663,0.0022107093016900193
269.0,0.002649763309060722
269.0833333333333,0.0015850217538701675
269.16666666666663,0.0018895552446231366
269.25,0.002549303091421161
269.3333333333333,0.0016988605775679869
269.41666666666663,0.0005756859257745776
269.5,0.0011153377327111724
269.5833333333333,0.0029095467706177014
269.66666666666663,0.0009324576834589029
269.75,0.002088917992671166
269.8333333333333,0.002469253584246931
269.91666666666663,0.0012497842499782418
270.0,0.0021374605834269212
270.0833333333333,0.0011824383577649711
270.16666666666663,0.0011447914932183197
270.25,0.0015384208966380884
270.3333333333333,0.0007875858912011362
270.41666666666663,0.0002946011817276526
270.5,0.0007107554041331413
270.5833333333333,0.0008983728805977392
270.66666666666663,0.002091893870991062
270.75,0.002479817774271779
270.8333333333333,0.00193263484148354
270.91666666666663,0.0016403407772321648
271.0,0.0009982329139977138
271.0833333333333,0.0010285732313610866
271.16666666666663,0.0014364640784461536
271.25,0.0009192650249751013
271.3333333333333,0.0007811533007761423
271.41666666666663,0.001179233235868792
271.5,0.0009503027196965467
271.5833333333333,0.0011502198037207313
271.66666666666663,0.0021633281515213614
271.75,0.0035277684826431517
271.8333333333333,0.002271149524171268
271.91666666666663,0.00028836703763041824
272.0,0.0013973293757182457
272.0833333333333,0.0011323671863005258
272.16666666666663,0.000955077099541408
272.25,0.001192744042023619
272.3333333333333,0.0005240039372928941
272.41666666666663,0.00088059457826465
272.5,0.0008253270455014926
272.5833333333333,0.00027234036261052715
272.66666666666663,0.0007181795233782525
272.75,0.000571186140929363
272.8333333333333,0.002194061920139426
272.91666666666663,0.002625074599659752
273.0,0.0019296720942783383
273.0833333333333,0.0013512267545157076
273.16666666666663,0.00037731857110871796
273.25,0.0027850136948170566
273.3333333333333,0.0035490662523017706
273.41666666666663,0.0013917612385903962
273.5,0.0012647859558291296
273.5833333333333,0.0029752569432233904
273.66666666666663,0.002852269798135132
273.75,0.0028346995225790013
273.8333333333333,0.001861504125634352
273.91666666666663,0.0011783673182364646
274.0,0.0018846600610133587
274.0833333333333,0.002325694066694674
274.16666666666663,0.0008525636165140906
274.25,0.0004184786452322622
274.3333333333333,0.0030441619968320883
274.41666666666663,0.0028334799917069703
274.5,0.0006980926744213177
274.5833333333333,0.0012471464095924773
274.66666666666663,0.001550653193329168
274.75,0.00035347022215713214
274.8333333333333,0.0014878241186329095
274.91666666666663,0.0009600302482321629
275.0,0.0010569066566798097
275.0833333333333,0.0009125380052054774
275.16666666666663,0.0017586845676839592
275.25,0.0025125921488045183
275.3333333333333,0.0016269163695266154
275.41666666666663,0.0014503504658161814
275.5,0.001067340056921144
275.5833333333333,0.0002022651485458657
275.66666666666663,0.0005108548476113684
275.75,0.0014213134144090336
275.8333333333333,0.0032086784336506978
275.91666666666663,0.0025510373886539284
276.0,0.0017444486419856521
276.0833333333333,0.002062569650345881
276.16666666666663,0.002654711781653937
276.25,0.003258717386132446
276.3333333333333,0.002596488638163672
276.41666666666663,0.001377236494347173
276.5,0.0011400740769440182
276.5833333333333,0.001691931425418423
276.66666666666663,0.0021301715672217936
276.75,0.002941119906339508
276.8333333333333,0.0018358408386436114
276.91666666666663,0.0013508047510201993
277.0,0.0021206290954426084
277.0833333333333,0.0015689003486881398
277.16666666666663,0.0010574107446226998
277.25,0.0008370409910162996
277.3333333333333,0.0008723912121687512
277.41666666666663,0.0007348004050232458
277.5,0.0010646661640213932
277.5833333333333,0.0028707107318786916
277.66666666666663,0.001725742650289576
277.75,0.0015393856453879739
277.8333333333333,0.002787553118748546
277.91666666666663,0.0023071575835546523
278.0,0.0014822275301152865
278.0833333333333,0.0023566121786686117
278.16666666666663,0.002292268168189141
278.25,0.0015691040671809262
278.3333333333333,0.0005814788338331155
278.41666666666663,0.0010338138146361322
278.5,0.0003304076105434704
278.5833333333333,0.001395408605339833
278.66666666666663,0.0009411582419158088
278.75,0.001030296845496321
278.8333333333333,0.0005211465558226999
278.91666666666663,0.001871241720571149
279.0,0.0014125378791679543
279.0833333333333,0.0003100105483699468
279.16666666666663,0.0015177360567307865
279.25,0.0013065022106793893
279.3333333333333,0.0011538956176417006
279.41666666666663,0.0006775831719443396
279.5,0.00042011907428021804
279.5833333333333,0.0006049996850168525
279.66666666666663,0.0014746522013685901
279.75,0.002122468735173191
279.8333333333333,0.003648012166350512
279.91666666666663,0.004039229251975633
280.0,0.0036103248550747023
280.0833333333333,0.0006801348812979661
280.16666666666663,0.002724730113268264
280.25,0.0027610718048332117
280.3333333333333,0.0019718591832408156
280.41666666666663,0.002021498234715234
280.5,0.001221608352565338
280.5833333333333,0.0009252667805025461
280.66666666666663,0.0002590246963633638
280.75,0.00011757975171634663
280.8333333333333,0.001010777483875655
280.91666666666663,0.0007310285498661602
281.0,0.0012305813105832762
281.0833333333333,0.0013918529380308278
281.16666666666663,0.0009362991952208104
281.25,0.00038079074789090404
281.3333333333333,0.0004647626954663267
281.41666666666663,0.00042850006204393033
281.5,0.0011900070422987599
281.5833333333333,0.0015492226496158026
281.66666666666663,0.0008014501156508606
281.75,0.0014046592776188111
281.8333333333333,0.001642699372761069
281.91666666666663,0.0016337261532030165
282.0,0.0015524690189224074
282.0833333333333,0.0024190477378301335
282.16666666666663,0.002222139603613536
282.25,0.0025941847710945717
282.3333333333333,0.002706916180586255
282.41666666666663,0.0017587434617108559
282.5,0.0013706908411888839
282.5833333333333,0.0017080801808966582
282.66666666666663,0.0009360236297640688
282.75,0.0001903033956748393
282.8333333333333,0.0011328691228080724
282.91666666666663,0.0007265871700968101
283.0,0.0003761143478786552
283.0833333333333,0.00037370055667253004
283.16666666666663,0.0007236528076822398
283.25,0.0009673789889519484
283.3333333333333,0.0016215900657644998
283.41666666666663,0.0018103754976684513
283.5,0.0015013906818517858
283.5833333333333,0.0005670486472688256
283.66666666666663,0.00033348928151313715
283.75,0.001405272672592851
283.8333333333333,0.002530495542083153
283.91666666666663,0.0014873636686073722
284.0,0.0004529005313518823
284.0833333333333,0.0012245819940273797
284.16666666666663,0.001638289935036451
284.25,0.000818188331281312
284.3333333333333,0.0011478458299628742
284.41666666666663,0.001106176598801683
284.5,0.0006292931918684043
284.5833333333333,0.0014058609148201878
284.66666666666663,0.0003847805755380267
284.75,0.0013188516045598369
284.8333333333333,0.0011323327475313164
284.91666666666663,0.0004952114844059048
285.0,0.00034591982549994827
285.0833333333333,0.0013333897043643263
285.16666666666663,0.0018601667819214199
285.25,0.0013101975309309018
285.3333333333333,0.0009811905035235933
285.41666666666663,0.001980859554261031
285.5,0.002466528034947151
285.5833333333333,0.0027078633877406044
285.66666666666663,0.0024531585735367936
285.75,0.0012743247945640778
285.8333333333333,0.0011966699402676784
285.91666666666663,0.0015824448860994093
286.0,0.0018398149769432725
286.0833333333333,0.0011761480672969012
286.16666666666663,0.00025376738889208695
286.25,0.0018047461487907268
286.3333333333333,0.002090595680926983
286.41666666666663,0.0005632786042698041
286.5,0.001841393973898556
286.5833333333333,0.0010569460127933046
286.66666666666663,0.0008056981912596161
286.75,0.0006402725517117532
286.8333333333333,0.001134344026307473
286.91666666666663,0.0015762151508052586
287.0,0.0017058126883356005
287.0833333333333,0.0020692661119106393
287.16666666666663,0.0008746942365974047
287.25,0.0006799107261424942
287.3333333333333,0.0002517538936298829
287.41666666666663,0.0004910986676653577
287.5,0.0011933454528067222
287.5833333333333,0.001236596929962069
287.66666666666663,0.001318137601129736
287.75,0.002107389258008143
287.8333333333333,0.0011024395639967445
287.91666666666663,0.0015701223829064327
288.0,0.0015876774731471842
288.0833333333333,0.001135284832786161
288.16666666666663,0.0008395076250623238
288.25,0.0023640127197216442
288.3333333333333,0.0021592216947303802
288.41666666666663,0.0012798401192649132
288.5,0.0003403573918205324
288.5833333333333,0.0005728150145856718
288.66666666666663,0.001971237102785308
288.75,0.001746270080674933
288.8333333333333,0.00019679291272609983
288.91666666666663,0.0007302184548410347
289.0,0.001580818940909008
289.0833333333333,0.002787044071162643
289.16666666666663,0.0013763525312700507
289.25,0.00034092417666534033
289.3333333333333,0.0005381403025582057
289.41666666666663,0.0017280566039647514
289.5,0.002932143209645655
289.5833333333333,0.0010317360444804936
289.66666666666663,0.0015327996838231139
289.75,0.0001525920472692823
289.8333333333333,0.0017799318977499506
289.91666666666663,0.0026407899391258224
290.0,0.0024549558267258145
290.0833333333333,0.0030843598635329752
290.16666666666663,0.002395445588277007
290.25,0.0009027104163547732
290.3333333333333,0.0006067417856762615
290.41666666666663,0.0006628164918514309
290.5,0.00030018665174824823
290.5833333333333,0.00132986402499034
290.66666666666663,0.0007756353316393054
290.75,0.0010226318634020371
290.8333333333333,0.001638541918218549
290.91666666666663,0.001081658058185476
291.0,7.123975011703676e-05
291.0833333333333,0.0010443242431995695
291.16666666666663,0.0014160283761328293
291.25,0.0013555658397166829
291.3333333333333,0.0016948224807355544
291.41666666666663,0.0026397154616825914
291.5,0.0034196620572325333
291.5833333333333,0.0022537600217591956
291.66666666666663,0.0005671031364491245
291.75,0.0002613379743418025
291.8333333333333,0.0009376707420250906
291.91666666666663,0.0005322573466128588
292.0,0.0019921928439459416
292.0833333333333,0.00225230574201103
292.16666666666663,0.0011956101974615301
292.25,0.0007875580081659585
292.3333333333333,0.0017219953598517702
292.41666666666663,0.0018986360930279204
292.5,0.002120966378388829
292.5833333333333,0.0020642374019994984
292.66666666666663,0.003002422373890096
292.75,0.0025827738373272444
292.8333333333333,0.0020313086926492603
292.91666666666663,0.0026509779259742644
293.0,0.0018624356092413184
293.0833333333333,0.000575409578472566
293.16666666666663,0.001114507636339475
293.25,0.0017266527486820003
293.3333333333333,0.0019868049834721223
293.41666666666663,0.001278104514819595
293.5,0.0013572412650379572
293.5833333333333,0.0010350323626178814
293.66666666666663,0.0021167996569961484
293.75,0.001772740895797824
293.8333333333333,0.001855629123403032
293.91666666666663,0.0017864838099314333
294.0,0.000947083013970394
294.0833333333333,0.0007969676740150435
294.16666666666663,0.0016259948469582602
294.25,0.0011698996877184656
294.3333333333333,0.001068566494321853
294.41666666666663,0.0005139637965070155
294.5,0.0007270662110750707
294.5833333333333,0.0007382601994037393
294.66666666666663,0.001674943654600526
294.75,0.0014345671733990326
294.8333333333333,0.001926992629789198
294.91666666666663,0.0025530836831355653
295.0,0.0019517084296285779
295.0833333333333,0.0011903655822449026
295.16666666666663,0.0028141877004612677
295.25,0.0019911635530465883
295.3333333333333,0.0006559062040851547
295.41666666666663,0.0003147029616343362
295.5,0.0007022941571766296
295.5833333333333,0.001016617450727356
295.66666666666663,0.0018128634780890788
295.75,0.002239856901512772
295.8333333333333,0.002036489786713024
295.91666666666663,0.0012954186408738126
296.0,0.002094157454668273
296.0833333333333,0.0012408922412470128
296.16666666666663,0.0021501704761075196
296.25,0.0026198181718998337
296.3333333333333,0.0014785607418077253
296.41666666666663,0.0018635177658979942
296.5,0.002328541242280389
296.5833333333333,0.0025437620994034236
296.66666666666663,0.0012257671449546256
296.75,0.0008556447304756481
296.8333333333333,0.0016600709429981603
296.91666666666663,0.001192137030464247
297.0,0.0016884309373044685
297.0833333333333,0.002308131051319954
297.16666666666663,0.0018589589304970414
297.25,0.0002291190103709293
297.3333333333333,0.0019313454934600093
297.41666666666663,0.001746960761495264
297.5,0.0006347557079138737
297.5833333333333,0.0020291809160395214
297.66666666666663,0.002649147476412666
297.75,0.0017137615155778745
297.8333333333333,0.0008422152145099716
297.91666666666663,0.0006473576296046794
298.0,0.0015550439236617101
298.0833333333333,0.00040487344432907363
298.16666666666663,0.0021131473841648424
298.25,0.0013427922189505818
298.3333333333333,0.001860151316770266
298.41666666666663,0.001517729303665229
298.5,0.0002245993382847497
298.5833333333333,0.0018037353041220874
298.66666666666663,0.002001929457290972
298.75,0.0009654213969688361
298.8333333333333,0.0009897668626553632
298.91666666666663,0.0011879741508364827
299.0,0.0009136413852318396
299.0833333333333,0.0024677801306429406
299.16666666666663,0.0027473301134836163
299.25,0.0005883729361211324
299.3333333333333,0.0019706711980414
299.41666666666663,0.0016240241039962332
299.5,0.0013711362763351267
299.5833333333333,0.0009900918939697665
299.66666666666663,0.00042437456995706276
299.75,0.0019035100794917242
299.8333333333333,0.0008139005742238451
299.91666666666663,0.0007880999869320755
300.0,0.0018775825134213803
300.0833333333333,0.0025630618088029037
300.16666666666663,0.0010382284653280306
300.25,0.0012435006968678217
300.3333333333333,0.0009615546987919389
300.41666666666663,0.00031320283176705454
300.5,0.0004609809357851697
300.5833333333333,0.0002294702160827277
300.66666666666663,0.0007574562483781136
300.75,0.0015341410848441876
300.8333333333333,0.0019409269949104576
300.91666666666663,0.0022383304203907398
301.0,0.0013743529948611994
301.0833333333333,0.0002568891020626832
301.16666666666663,0.0004212981250505763
301.25,0.0011876282926661283
301.3333333333333,0.0007125217279966091
301.41666666666663,0.0012759217245873172
301.5,0.0024435441923082385
301.5833333333333,0.00366138344027743
301.66666666666663,0.0017521646774961985
301.75,0.0019459159466614644
301.8333333333333,0.0016288644045013459
301.91666666666663,0.0009135669677632067
302.0,0.0007198598313400053
302.0833333333333,0.0008027845874378484
302.16666666666663,0.002506262422246527
302.25,0.0017337340381646203
302.3333333333333,0.0010392385228326212
302.41666666666663,0.0014017374092517663
302.5,0.0015773982936468885
302.5833333333333,0.0024373163426539037
302.66666666666663,0.002400323697920177
302.75,0.0005450360126948818
302.8333333333333,0.0021402246253676327
302.91666666666663,0.0014631022781229051
303.0,0.0016605078543844702
303.0833333333333,0.0015483108253301324
303.16666666666663,0.002072160162213121
303.25,0.0020231576351237676
303.3333333333333,0.0007772937477498036
303.41666666666663,0.0017466618654382515
303.5,0.0019634217786757492
303.5833333333333,0.0009618616280921977
303.66666666666663,0.00151567682233683
303.75,0.0014575024996533825
303.8333333333333,0.0007559932614349578
303.91666666666663,0.001528677876964649
304.0,0.0012096635318159974
304.0833333333333,0.0007114079860361176
304.16666666666663,0.0005475803993514408
304.25,0.0012051957147770135
304.3333333333333,0.0011165062369769645
304.41666666666663,0.00022991850508563937
304.5,0.0012327920369434536
304.5833333333333,0.002566288364389354
304.66666666666663,0.0022240899055081744
304.75,0.0010606356065787144
304.8333333333333,0.0006432280653323778
304.91666666666663,0.0009137300553665958
305.0,0.0007969603840597396
305.0833333333333,0.0012987684684550714
305.16666666666663,0.0019330749722058758
305.25,0.002547380151587837
305.3333333333333,0.0016156905644648147
305.41666666666663,0.0010205361927393356
305.5,0.0018764035960663922
305.5833333333333,0.0005012294876189367
305.66666666666663,0.0015522426338738615
305.75,0.0018599383018886625
305.8333333333333,0.001260714489561504
305.91666666666663,0.0023681262291073615
306.0,0.002250669617959343
306.0833333333333,0.0008527072931550124
306.16666666666663,0.0017074558799110263
306.25,0.003251905260146261
306.3333333333333,0.002320112931936095
306.41666666666663,0.0014696130352349875
306.5,0.0031121553699017413
306.5833333333333,0.0026713224873986734
306.66666666666663,0.0005379795908692204
306.75,0.0010483323637670255
306.8333333333333,0.0015513853945700298
306.91666666666663,0.0007637752647358369
307.0,0.001202350574331226
307.0833333333333,0.002067690053549728
307.16666666666663,0.0011612561461406693
307.25,0.0008918802982714365
307.3333333333333,8.726670394206177e-05
307.41666666666663,0.0017039273102999017
307.5,0.001134925139539886
307.5833333333333,0.001157840930101733
307.66666666666663,0.0006668983725646413
307.75,0.0017765823036742547
307.8333333333333,0.0010775153602784178
307.91666666666663,0.0010656325973972477
308.0,0.0010943465095394598
308.0833333333333,0.0016292164330865167
308.16666666666663,0.0006404345122457708
308.25,0.00039881729421775296
308.3333333333333,0.0006793832703199135
308.41666666666663,0.0003834234783095129
308.5,0.0010889894263496273
308.5833333333333,0.0016429260165718082
308.66666666666663,0.0014850081616269429
308.75,0.0016704115320248473
308.8333333333333,0.001998375984929873
308.91666666666663,0.000856746583852232
309.0,0.0010218632758356278
309.0833333333333,0.0020846197604347015
309.16666666666663,0.003463190888194425
309.25,0.00340751959873499
309.3333333333333,0.0017434911444305513
309.41666666666663,0.0012877112518920545
309.5,0.002176166744618774
309.5833333333333,0.0015722300722292547
309.66666666666663,0.0014625719823035109
309.75,0.0014270295072278194
309.8333333333333,0.0004619139742704841
309.91666666666663,0.0010289872301422393
310.0,0.00036353296504937555
310.0833333333333,0.00033599927799495666
310.16666666666663,0.000772372999899442
310.25,0.0009353820589571843
310.3333333333333,0.0015257997650389805
310.41666666666663,0.0008883368371140708
310.5,0.0004255380002912419
310.5833333333333,0.00014893163492632537
310.66666666666663,0.0011603419743311653
310.75,0.0023433864329041707
310.8333333333333,0.0016776133908166658
310.91666666666663,0.0012312121447456874
311.0,0.0010452084586252712
311.0833333333333,0.0006660003205006079
311.16666666666663,0.00021536357839302135
311.25,0.0008142003319692413
311.3333333333333,0.0019085281675345408
311.41666666666663,0.001566976288564959
311.5,0.0013792314917279482
311.5833333333333,0.002557164606549668
311.66666666666663,0.0016705320232928123
311.75,0.002271968448262936
311.8333333333333,0.0016484350528786947
311.91666666666663,0.0010556005009568525
312.0,0.0014090955213925441
312.0833333333333,0.0015687865254817893
312.16666666666663,0.0021479362955307236
312.25,0.001465671129942477
312.3333333333333,0.0013771979561417098
312.41666666666663,0.0009125643839807645
312.5,0.0006650591117999551
312.5833333333333,0.0008009909682962687
312.66666666666663,0.0021307081328677223
312.75,0.0028206894622873537
312.8333333333333,0.0008879633762055857
312.91666666666663,0.001259112159903412
313.0,0.0009235492408296772
313.0833333333333,0.0024589814055960644
313.16666666666663,0.002091199098036384
313.25,0.001341779275320261
313.3333333333333,0.0002709172286201344
313.41666666666663,0.0008672342741424142
313.5,0.001968828807104174
313.5833333333333,0.003288929909705182
313.66666666666663,0.001978219494929169
313.75,0.0009623458251640882
313.8333333333333,0.0015992056981418506
313.91666666666663,0.0023829777141049437
314.0,0.0012633548728139727
314.0833333333333,0.00166892534058431
314.16666666666663,0.0005122063774656944
314.25,0.0009165492109852074
314.3333333333333,0.002224070821639347
314.41666666666663,0.0006805526734612332
314.5,0.0024008719634430703
314.5833333333333,0.0035105436540848137
314.66666666666663,0.0032655093437134464
314.75,0.002367256288722745
314.8333333333333,0.0018660590898477891
314.91666666666663,0.0015847522579518882
315.0,0.0013852636320915745
315.0833333333333,0.0015179220702256542
315.16666666666663,0.0003328604587324047
315.25,0.0007580144411932335
315.3333333333333,0.0027795933687632724
315.41666666666663,0.002834273514286327
315.5,0.0009590149875436811
315.5833333333333,0.0008107179922000158
315.66666666666663,0.0007887640031952271
315.75,0.00039289104550946575
315.8333333333333,0.0008803731760692428
315.91666666666663,0.0020572530519086603
316.0,0.001347703099277071
316.0833333333333,0.0005128455820302524
316.16666666666663,0.0013682864103241605
316.25,0.0030766803903645766
316.3333333333333,0.0035120555656303317
316.41666666666663,0.002099399349515132
316.5,0.00025924226671161815
316.5833333333333,0.0019678607591841857
316.66666666666663,0.0004365364383304221
316.75,0.0024426150198367264
316.8333333333333,0.0018764948956844609
316.91666666666663,0.001165103393205069
317.0,0.0004550301911149453
317.0833333333333,0.0019201314640213535
317.16666666666663,0.0023231776663882606
317.25,0.0020494014052998867
317.3333333333333,0.002155933171014849
317.41666666666663,0.0033519272592208186
317.5,0.001702834281556825
317.5833333333333,0.001636282842067342
317.66666666666663,0.001236651119562967
317.75,0.0008476948012351274
317.8333333333333,0.00042004515122863267
317.91666666666663,0.0011718144029762693
318.0,0.002074069118130454
318.0833333333333,0.002275621343226873
318.16666666666663,0.0011822495349705755
318.25,0.0010413512596104159
318.3333333333333,0.00022011564875736177
318.41666666666663,0.0015646242377250219
318.5,0.0011039026349875646
318.5833333333333,0.0006796550573061553
318.66666666666663,0.0013110344831076604
318.75,0.0008105157072145894
318.8333333333333,0.0024903973675018147
318.91666666666663,0.002725796161724337
319.0,0.002259411454451831
319.0833333333333,0.001697333512379494
319.16666666666663,0.0005233628980218871
319.25,0.0010249999185201974
319.3333333333333,0.0027911457153457202
319.41666666666663,0.0030131952579038478
319.5,0.0016230928582807451
319.5833333333333,7.474772548623415e-05
319.66666666666663,0.0008120214461499389
319.75,0.0007406053262930378
319.8333333333333,0.0005089846913338308
319.91666666666663,0.0007250573443798697
320.0,0.0017675567070312176
320.0833333333333,0.0009442875258710023
320.16666666666663,0.0013446821506733677
320.25,0.0016955212105365489
320.3333333333333,0.0008404942282594858
320.41666666666663,0.001336958744579555
320.5,0.0011737773710254575
320.5833333333333,0.0011397857299524495
320.66666666666663,0.001324106752420949
320.75,0.0009142843071652518
320.8333333333333,0.001300845169877897
320.91666666666663,0.001493293145351095
321.0,0.001585789175422039
321.0833333333333,0.0024866331574677865
321.16666666666663,0.0019530066780040862
321.25,0.00014104432147170294
321.3333333333333,0.0016246024079684162
321.41666666666663,0.0008047065748835333
321.5,0.0020116089026243097
321.5833333333333,0.0025132986220103436
321.66666666666663,0.002127832046426902
321.75,0.0006624999201995014
321.8333333333333,0.00046030023976402213
321.91666666666663,0.0018746580798069128
322.0,0.0021318478282515044
322.0833333333333,0.0017955057263299927
322.16666666666663,0.002923632490162305
322.25,0.002298643983573622
322.3333333333333,0.0012357108890123142
322.41666666666663,0.0020681138458179316
322.5,0.0017337472896722195
322.5833333333333,0.0011950435727828515
322.66666666666663,0.0009634637813282236
322.75,0.0012254060253829076
322.8333333333333,0.002666728753467284
322.91666666666663,0.0021082556125241875
323.0,0.0023431795557489537
323.0833333333333,0.0026618095904944817
323.16666666666663,0.001650233908305952
323.25,0.0012663229992019192
323.3333333333333,0.0002812637238983309
323.41666666666663,0.0006307404732758284
323.5,0.0004900545181958201
323.5833333333333,0.0007945276417993279
323.66666666666663,0.0013958236811883289
323.75,0.0019678600090815013
323.8333333333333,0.0016931404623549426
323.91666666666663,0.0009487806382987987
324.0,0.001263928340344972
324.0833333333333,0.0016364239402644172
324.16666666666663,0.0012534182091306974
324.25,0.0004594713631243063
324.3333333333333,0.0010447816275821799
324.41666666666663,0.0007348946832958521
324.5,0.0002454962588760335
324.5833333333333,0.0004940898084141795
324.66666666666663,0.0003644673528816828
324.75,0.00022277934431916234
324.8333333333333,0.0006988656919934285
324.91666666666663,0.0014521514998063994
325.0,0.0008075780556436533
325.0833333333333,0.0007758242689026828
325.16666666666663,0.0016454262532008257
325.25,0.0022826418759986375
325.3333333333333,0.0009522875973733496
325.41666666666663,0.0014120839579150612
325.5,0.0015698197585984049
325.5833333333333,0.002046593920903721
325.66666666666663,0.002401758362691593
325.75,0.001759699438289612
325.8333333333333,0.0014583300660495134
325.91666666666663,0.001893413109578559
326.0,0.0010773019892444172
326.0833333333333,0.0010058407180617611
326.16666666666663,8.034849432909129e-05
326.25,0.0013863317093099257
326.3333333333333,0.0009689932142288173
326.41666666666663,0.0006620214985580019
326.5,0.00046868508396733595
326.5833333333333,0.0007249816581015805
326.66666666666663,0.0007867578758278372
326.75,0.0005008283958507382
326.8333333333333,0.0006963628576350853
326.91666666666663,0.00048766118559469236
327.0,0.0006849164330601436
327.0833333333333,0.0008399994054681271
327.16666666666663,0.0010995128550560166
327.25,0.0011742925124942315
327.3333333333333,0.0023423129493697586
327.41666666666663,0.0019182068522222606
327.5,0.0011373971343894111
327.5833333333333,0.0010881051675431402
327.66666666666663,0.001498752475474412
327.75,0.000257965706014295
327.8333333333333,0.002043802761213545
327.91666666666663,0.001687489630846054
328.0,0.0007274267865203522
328.0833333333333,0.0008622322219589412
328.16666666666663,0.0015298883835497704
328.25,0.0010694902311306849
328.3333333333333,0.0013847205631760129
328.41666666666663,0.0015089992217432048
328.5,0.0020173098198161183
328.5833333333333,0.0022758172451962043
328.66666666666663,0.0016413461360150513
328.75,0.001343972684385195
328.8333333333333,0.0011619789845789986
328.91666666666663,0.0018650370597738139
329.0,0.0008283481446109033
329.0833333333333,0.0008688199670638903
329.16666666666663,0.0025066631222969704
329.25,0.0032483154609848353
329.3333333333333,0.002494586253611386
329.41666666666663,0.0015638201254719209
329.5,0.0003515633284989056
329.5833333333333,0.0006423636276476391
329.66666666666663,0.0010286009666781186
329.75,0.002651009496608769
329.8333333333333,0.004152541775647707
329.91666666666663,0.002720762688744064
330.0,0.00221724068261806
330.0833333333333,0.0013308752332380983
330.16666666666663,0.0008464783125037888
330.25,0.0022173470857433522
330.3333333333333,0.0023875482992920245
330.41666666666663,0.0022176506308453753
330.5,0.0017260591240888532
330.5833333333333,0.0013360607419812191
330.66666666666663,0.0011829952628333326
330.75,0.0010151261396310987
330.8333333333333,0.0012642140502382455
330.91666666666663,0.001590107277354512
331.0,0.00035646761257061155
331.0833333333333,0.0008013413906454147
331.16666666666663,0.0011194779387165503
331.25,0.001242294758207655
331.3333333333333,0.0009311429236790758
331.41666666666663,0.0021221888470054277
331.5,0.001211050991208101
331.5833333333333,0.0022495140805021594
331.66666666666663,0.0019550665809343246
331.75,0.002443120179355061
331.8333333333333,0.0023651345549110673
331.91666666666663,0.0004296945697142098
332.0,0.0009877029675568996
332.0833333333333,0.0009291596069945722
332.16666666666663,0.0014699576231292388
332.25,0.0029165186509245763
332.3333333333333,0.0023012755642718152
332.41666666666663,0.0010429364379652376
332.5,0.0010112703259668526
332.5833333333333,0.0007316422662517951
332.66666666666663,0.0009914678906644946
332.75,0.0003429109178540517
332.8333333333333,0.0014938536308587841
332.91666666666663,0.0013284328097116207
333.0,0.00035751587843994457
333.0833333333333,0.00010067701706970765
333.16666666666663,0.0007855045239317145
333.25,0.0005934653263572495
333.3333333333333,0.0016359570179617254
333.41666666666663,0.0013039498629059511
333.5,0.0011189997528670166
333.5833333333333,0.0006905946464008865
333.66666666666663,0.002086528375788575
333.75,0.0024851637006088508
333.8333333333333,0.0014502867592259396
333.91666666666663,0.0009976075073095923
334.0,0.001571265436057352
334.0833333333333,0.0030689571450118022
334.16666666666663,0.0015520295418926953
334.25,0.001062132158272506
334.3333333333333,0.0018349202866910581
334.41666666666663,0.00019215162187808017
334.5,0.0010769084633309059
334.5833333333333,0.0009762761835968505
334.66666666666663,0.0012941067958828476
334.75,0.0021898716061570433
334.8333333333333,0.0015567814156018467
334.91666666666663,0.00034580856558473423
335.0,0.0014332902762261971
335.0833333333333,0.0009420213785755128
335.16666666666663,0.0009982013199591805
335.25,0.001827284308872877
335.3333333333333,0.001631124035940194
335.41666666666663,0.002067682066227476
335.5,0.001590474715776735
335.5833333333333,0.002239773921889321
335.66666666666663,0.0010525419120267932
335.75,0.0008377774057966753
335.8333333333333,0.0008338898541089214
335.91666666666663,0.0007765610237632473
336.0,0.0013292100267763734
336.0833333333333,0.0012170532684129631
336.16666666666663,0.0014761534647357588
336.25,0.0010928655035232716
336.3333333333333,0.0023153893598127752
336.41666666666663,0.0025110787209999107
336.5,0.0011146582559332658
336.5833333333333,0.0014189231016469746
336.66666666666663,0.001877982588102634
336.75,0.0029257729751025804
336.8333333333333,0.0030172504693247973
336.91666666666663,0.0011555571330895242
337.0,0.00042324883459369313
337.0833333333333,0.0020271085514263648
337.16666666666663,0.002422266826949291
337.25,0.0015340544844978379
337.3333333333333,0.0011685055712998419
337.41666666666663,0.001093392393442372
337.5,0.0019606350221133147
337.5833333333333,0.00018441829575535924
337.66666666666663,0.001167767320772139
337.75,0.001565659705968394
337.8333333333333,0.0013313518775505905
337.91666666666663,0.0012660706636020813
338.0,0.0026207388022791807
338.0833333333333,0.0015858878977095781
338.16666666666663,0.0014497847103210665
338.25,0.0023841940938821153
338.3333333333333,0.0011968128361927073
338.41666666666663,0.0007581044716275273
338.5,0.000994008626539438
338.5833333333333,0.0007465220796888433
338.66666666666663,0.001306720430996833
338.75,0.001072759450632328
338.8333333333333,0.0010774382963323387
338.91666666666663,0.0011113129868917091
339.0,0.0009264188733015599
339.0833333333333,0.001219377464276429
339.16666666666663,0.0013627202150831676
339.25,0.0006170851535978801
339.3333333333333,0.001053178536956135
339.41666666666663,0.002506092392643703
339.5,0.0031629287781196037
339.5833333333333,0.0018295234944444487
339.66666666666663,0.000536382695518469
339.75,0.0015037981445161577
339.8333333333333,0.001590755573048617
339.91666666666663,0.0010200626457208181
340.0,0.0012648222475881857
340.0833333333333,0.0010964057433436362
340.16666666666663,0.0003309114295926929
340.25,0.00024767824215705546
340.3333333333333,0.0008054232489519476
340.41666666666663,7.825168955096108e-05
340.5,0.0003827932853352247
340.5833333333333,0.001009640363299736
340.66666666666663,0.0013683565054722281
340.75,0.0016064633305772963
340.8333333333333,0.0019492024910666387
340.91666666666663,5.233650943760788e-05
341.0,0.0003305159001457011
341.0833333333333,0.0021594622687911612
341.16666666666663,0.002430266089924867
341.25,0.002564827555997757
341.3333333333333,0.0017443018547999263
341.41666666666663,0.0025237945722482004
341.5,0.0013097174369532745
341.5833333333333,0.0006062336454930375
341.66666666666663,0.0008472517020245033
341.75,0.001245755908882428
341.8333333333333,0.0009270550434874024
341.91666666666663,0.0007267137914055319
342.0,0.0006326923082207434
342.0833333333333,0.0007183035318693205
342.16666666666663,0.001745420610711263
342.25,0.0004881212042286037
342.3333333333333,0.0019944091563756116
342.41666666666663,0.0014495416076636784
342.5,0.0002747330932811294
342.5833333333333,0.0005505724954265616
342.66666666666663,0.0016250688596598326
342.75,0.002675638128676101
342.8333333333333,0.0021369071445231772
342.91666666666663,0.0010814098482646675
343.0,0.0009507778300447719
343.0833333333333,0.0015189888727396347
343.16666666666663,0.002402688931781872
343.25,0.0020286550639667575
343.3333333333333,0.0012549146026568229
343.41666666666663,0.0024517072724815924
343.5,0.002535867302825713
343.5833333333333,0.0017464537795758143
343.66666666666663,0.0007172742417047186
343.75,0.0008213634541188262
343.8333333333333,0.0011370177284433251
343.91666666666663,0.00040318987167856264
344.0,0.0014787125083236693
344.0833333333333,0.0007257806223720615
344.16666666666663,0.0012332379879003792
344.25,0.0015550085618339976
344.3333333333333,0.002687857253393262
344.41666666666663,0.0032445654022836756
344.5,0.0016233286790466707
344.5833333333333,0.001308355012965011
344.66666666666663,0.0025118349745131396
344.75,0.002360556198918258
344.8333333333333,0.00017535110291454255
344.91666666666663,0.001191955026644244
345.0,0.0012288810345749753
345.0833333333333,0.0005126400110841034
345.16666666666663,0.0003527416083882875
345.25,0.0003488742611893594
345.3333333333333,0.0006509545075744174
345.41666666666663,0.0016071903149372038
345.5,0.0008521583592292596
345.5833333333333,0.000853597513782206
345.66666666666663,0.0016797430092687312
345.75,0.001603322324351203
345.8333333333333,0.0010408284405281365
345.91666666666663,0.001133202071626605
346.0,0.0008226086894633058
346.0833333333333,0.0014144727126925044
346.16666666666663,0.0002458998165503052
346.25,0.0020468515866121097
346.3333333333333,0.002356903075886754
346.41666666666663,0.002260157502622032
346.5,0.002091935608617191
346.5833333333333,0.0005826562301089349
346.66666666666663,0.0010022821436444316
346.75,0.0009189040148091876
346.8333333333333,0.001506219617678016
346.91666666666663,0.0005273972658450766
347.0,0.0010345127911143856
347.0833333333333,0.0007160653763377172
347.16666666666663,0.0009479558000999624
347.25,0.0009903371873483898
347.3333333333333,0.0010236668341840084
347.41666666666663,0.0014579645498496786
347.5,0.0010741873121476607
347.5833333333333,0.002078761087326507
347.66666666666663,0.0018276344967638304
347.75,0.0009274034691205143
347.8333333333333,0.0008371421367389671
347.91666666666663,0.0004084125409168054
348.0,0.0004870209178371771
348.0833333333333,0.000847187561627056
348.16666666666663,0.0014251310914087487
348.25,0.0008975407545682428
348.3333333333333,0.000739085014922234
348.41666666666663,0.0008588294397899297
348.5,0.0007171025277712728
348.5833333333333,0.0011786709031308491
348.66666666666663,0.001037453475123917
348.75,0.0007027928066585504
348.8333333333333,0.0016433046536616423
348.91666666666663,0.0015197152814778276
349.0,0.0010333778835659936
349.0833333333333,0.0014366339582997253
349.16666666666663,0.0016755560301485461
349.25,0.0015909806758449344
349.3333333333333,0.001209891559550403
349.41666666666663,0.0007425093832221706
349.5,0.0010071449601760766
349.5833333333333,0.0022479830237668572
349.66666666666663,0.0023949242707711634
349.75,0.00044205504166239517
349.8333333333333,0.0016383246200251083
349.91666666666663,0.00045730144062184816
350.0,0.0013915722578927343
350.0833333333333,0.0008006338406543304
350.16666666666663,0.0011817296345070258
350.25,0.002858644190891591
350.3333333333333,0.002230295825408758
350.41666666666663,0.0017626094314477309
350.5,0.0018494454569633893
350.5833333333333,0.00042804485889944797
350.66666666666663,0.0013644901910473636
350.75,0.0015410524022306932
350.8333333333333,0.0011889699106780063
350.91666666666663,0.001519544389876318
351.0,0.0014216186523652004
351.0833333333333,0.0021427206505616305
351.16666666666663,0.0018481027375957828
351.25,0.0010844021536412516
351.3333333333333,0.0008431468613616717
351.41666666666663,0.0007363296689603287
351.5,0.0006426370101014374
351.5833333333333,0.0010905900940802718
351.66666666666663,0.0022454555363328353
351.75,0.0023841120507574415
351.8333333333333,0.0012089746620191904
351.91666666666663,0.0007930384322222026
352.0,0.0010975597938546844
352.0833333333333,0.0014863545720757928
352.16666666666663,0.002556652488086279
352.25,0.0013989487385066422
352.3333333333333,0.00037190495735528125
352.41666666666663,0.00041186542547822424
352.5,0.0012622329091367028
352.5833333333333,0.0011627939101282103
352.66666666666663,0.0013475369453795284
352.75,0.0022187993849813264
352.8333333333333,0.0016577479643794535
352.91666666666663,0.0004053481125893812
353.0,0.0019557637598963387
353.0833333333333,0.003084750316593153
353.16666666666663,0.0022571192163069434
353.25,0.0014987473865972919
353.3333333333333,0.0012574523450251285
353.41666666666663,0.0006128490492553688
353.5,0.0009413849266878816
353.5833333333333,0.0019962663131682665
353.66666666666663,0.0015032830057479071
353.75,0.0006875886705956477
353.8333333333333,0.001223559563771715
353.91666666666663,0.001005447552467519
354.0,0.000791296133375047
354.0833333333333,0.0006046570740873118
354.16666666666663,0.0011942784762060382
354.25,0.0009990264861687306
354.3333333333333,0.001819982021837792
354.41666666666663,0.0016069562977601337
354.5,0.0012811511783112008
354.5833333333333,0.00013948262508638192
354.66666666666663,0.0008764547680096769
354.75,0.0007066052399719875
354.8333333333333,0.0018029301654351978
354.91666666666663,0.0040325835791975954
355.0,0.003962415767994958
355.0833333333333,0.002353763287414674
355.16666666666663,0.0016274436319982444
355.25,0.0006545101923989963
355.3333333333333,0.0010966946310525495
355.41666666666663,0.0006720406332866688
355.5,0.001580671239316555
355.5833333333333,0.001458876088912616
355.66666666666663,0.0005750510285122561
355.75,0.0014922278205375
355.8333333333333,0.0005414022514371688
355.91666666666663,0.0008402735604896389
356.0,0.0018768995049130576
356.0833333333333,0.0033857099917857353
356.16666666666663,0.0020654190530423455
356.25,0.0012140268685516444
356.3333333333333,0.002328253854337654
356.41666666666663,0.001063862565236749
356.5,0.0010957684634169793
356.5833333333333,0.002449202494711557
356.66666666666663,0.0022551696491840316
356.75,0.0006309977822158279
356.8333333333333,0.000996238440014077
356.91666666666663,0.000778210982869523
357.0,0.0007044688316569719
357.0833333333333,0.001917039587954831
357.16666666666663,0.00204826054838845
357.25,0.0020282955166889606
357.3333333333333,0.002878915646198542
357.41666666666663,0.001465758045022751
357.5,0.001618456899092642
357.5833333333333,0.002203981681609319
357.66666666666663,0.0019252089623773261
357.75,0.0009939396924762733
357.8333333333333,0.0016960163391301715
357.91666666666663,0.0015309360555062505
358.0,0.0025537494238057398
358.0833333333333,0.0024248561341729457
358.16666666666663,0.0008048504657973352
358.25,0.0008036192390023808
358.3333333333333,0.0003301113291379625
358.41666666666663,0.0010853968353389208
358.5,0.002587421263772861
358.5833333333333,0.003127548588481173
358.66666666666663,0.002550669019068139
358.75,0.0010237950916043058
358.8333333333333,0.0016571642570376661
358.91666666666663,0.000763451527499496
359.0,0.0009036239956113047
359.0833333333333,0.0011158146999828231
359.16666666666663,0.0011847809662607904
359.25,0.0005006472272493099
359.3333333333333,0.001304764097699223
359.41666666666663,0.000925927431484077
359.5,0.0010209284149391056
359.5833333333333,0.001186998007494955
359.66666666666663,0.00127973414613785
359.75,0.0011945311653972282
359.8333333333333,0.0005472899277058261
359.91666666666663,0.0005907073066428948
360.0,0.0006037719737878267
360.0833333333333,0.0011246381547605979
360.16666666666663,0.0012014274221587376
360.25,0.0007635200847785469
360.3333333333333,0.0010198587418413754
360.41666666666663,0.0016824883789058242
360.5,0.00181407327640886
360.5833333333333,0.0012390666735483287
360.66666666666663,0.0016395792820046197
360.75,0.0007890588514082833
360.8333333333333,0.00022055975086455147
360.91666666666663,0.0009586398846482915
361.0,0.0009124913683391504
361.0833333333333,0.0010173140208013642
361.16666666666663,0.001445197586472328
361.25,0.0006473332034829892
361.3333333333333,0.0014586833476935204
361.41666666666663,0.0010456639569320066
361.5,0.0017834243149123248
361.5833333333333,0.001480753461219272
361.66666666666663,0.0006861507683350856
361.75,0.0012667337539086878
361.8333333333333,0.0010905279151234885
361.91666666666663,0.00015497312645703742
362.0,0.00045190481805790775
362.0833333333333,0.0014292844205418198
362.16666666666663,0.0006848172231091474
362.25,0.0014941370406627663
362.3333333333333,0.0013136962625901912
362.41666666666663,0.0007055064878978778
362.5,0.0023563928725545496
362.5833333333333,0.001938735857187823
362.66666666666663,0.0019498236695333218
362.75,0.002073721911273223
362.8333333333333,0.0015323112683283048
362.91666666666663,0.0009032335552925435
363.0,0.001454304058831461
363.0833333333333,0.0009339216397886095
363.16666666666663,0.0013178894462759793
363.25,0.002753002497920653
363.3333333333333,0.001565137191013154
363.41666666666663,0.0017759013408451966
363.5,0.002263264328957269
363.5833333333333,0.001973448231035819
363.66666666666663,0.0015281150953471818
363.75,0.0008401933247400921
363.8333333333333,0.0012267174188432617
363.91666666666663,0.0002932601379441367
364.0,0.0006702217993618876
364.0833333333333,0.00034506171789663333
364.16666666666663,0.00041670807672414354
364.25,0.0008912397393620967
364.3333333333333,0.0017433736305367464
364.41666666666663,0.0010906027251542836
364.5,0.0009860202566805672
364.5833333333333,0.0024125501023307258
364.66666666666663,0.0018250813064560336
364.75,0.00064982854915914
364.8333333333333,0.0004921455656393674
364.91666666666663,0.0008895372970240917
365.0,0.0014424390878303689
365.0833333333333,0.002657076609742361
365.16666666666663,0.0016545679169218308
365.25,0.0011151639034982898
365.3333333333333,0.0016029497934057153
365.41666666666663,0.0028303141706498
365.5,0.002220473850250336
365.5833333333333,0.0016041675963128794
365.66666666666663,0.0023854393397444865
365.75,0.0014298523781809676
365.8333333333333,0.001787356064665928
365.91666666666663,0.0020766262279634444
366.0,0.0005588377262367146
366.0833333333333,0.0007498607487779038
366.16666666666663,0.0010162356199061944
366.25,0.002340372088820779
366.3333333333333,0.002839395711225212
366.41666666666663,0.0030058112657251426
366.5,0.00254026811972982
366.5833333333333,0.001866676473601161
366.66666666666663,0.0012640533983998305
366.75,0.0019081135281532886
366.8333333333333,0.0022529557790552423
366.91666666666663,0.0024216408982046145
367.0,0.0012741311108714483
367.0833333333333,0.0011345568984509249
367.16666666666663,0.002013701136501361
367.25,0.00314173863559212
367.3333333333333,0.0021362544464060733
367.41666666666663,0.0012056449018720246
367.5,0.002711330178026362
367.5833333333333,0.0029652545151917626
367.66666666666663,0.002269326782440985
367.75,0.001242885102136795
367.8333333333333,0.0009563307635809993
367.91666666666663,2.2866286333407127e-05
368.0,0.001384988019592666
368.0833333333333,0.0024116947195727944
368.16666666666663,0.0026109393989111433
368.25,0.002092768501115279
368.3333333333333,0.0008068177861686707
368.41666666666663,0.0011092167753787051
368.5,0.0015068616829924937
368.5833333333333,0.0015832966512466754
368.66666666666663,0.0015998201144591024
368.75,0.0015628280272509283
368.8333333333333,0.0023160870642843353
368.91666666666663,0.002111367518366584
369.0,0.001524598236964001
369.0833333333333,0.0023708048089271026
369.16666666666663,0.001689633183312716
369.25,0.002394500700868984
369.3333333333333,0.003667046158776831
369.41666666666663,0.0022522330252027554
369.5,0.001994881222422094
369.5833333333333,0.0008465989258645216
369.66666666666663,0.000577945901063868
369.75,0.001631295500020433
369.8333333333333,0.002275559788404904
369.91666666666663,0.0019769202190509446
370.0,0.0010573663868192768
370.0833333333333,0.001417767745580223
370.16666666666663,0.001622924129877268
370.25,0.002170870346736405
370.3333333333333,0.0010765218434364459
370.41666666666663,0.001153686085460895
370.5,0.0004223915252554787
370.5833333333333,0.001253182773019501
370.66666666666663,0.0007960089162545902
370.75,0.001181519207444142
370.8333333333333,0.0006575448780125329
370.91666666666663,0.0010701903230235313
371.0,0.0011229100281933376
371.0833333333333,0.0006766217171925611
371.16666666666663,0.0007163409896433537
371.25,0.0013293109595529907
371.3333333333333,0.001539798231343496
371.41666666666663,0.0011503298388063883
371.5,0.0005629861434723811
371.5833333333333,0.0014136334884611468
371.66666666666663,0.0009475666580807388
371.75,0.0010882870157866906
371.8333333333333,0.002479653450623896
371.91666666666663,0.00193473254265049
372.0,0.0011614442372466594
372.0833333333333,0.0014563380278651518
372.16666666666663,0.0007652324828097965
372.25,0.0007191786021153549
372.3333333333333,0.0004639831993908573
372.41666666666663,0.00010229899546083367
372.5,0.0016549792819962716
372.5833333333333,0.0028884407892371387
372.66666666666663,0.0018278962895975194
372.75,0.00044812059616266826
372.8333333333333,0.0014014908256160718
372.91666666666663,0.0008755891874960741
373.0,0.0004387646174433247
373.0833333333333,0.0006926296398114893
373.16666666666663,0.0014270327017479462
373.25,0.0013925857588535744
373.3333333333333,0.0002419451344521488
373.41666666666663,2.4536012562508254e-05
373.5,0.0013044050578216644
373.5833333333333,0.0007778573067614692
373.66666666666663,0.0018537408743482262
373.75,0.0016007577767611014
373.8333333333333,0.001589335823816576
373.91666666666663,0.0019133176054990438
374.0,0.0013125061313602837
374.0833333333333,0.0023451635469777785
374.16666666666663,0.001944869863343068
374.25,0.0007412116355727188
374.3333333333333,0.0007466791960157037
374.41666666666663,0.001064917327149225
374.5,0.002891729272451165
374.5833333333333,0.0020928813173767312
374.66666666666663,0.0011290276883261048
374.75,0.001626414698445854
374.8333333333333,0.001467852703805899
374.91666666666663,0.0012163124052543487
375.0,0.0002972372308340552
375.0833333333333,0.0007518772473717303
375.16666666666663,0.00041018472874347053
375.25,0.0014767970681086552
375.3333333333333,0.0013171761118353897
375.41666666666663,0.0012498571394792305
375.5,0.0005014793684751565
375.5833333333333,0.002395255810087447
375.66666666666663,0.0019421435834348875
375.75,0.0012188651726765581
375.8333333333333,0.000700343715221035
375.91666666666663,0.001589191502737976
376.0,0.0017424441653201472
376.0833333333333,0.0011964256629366113
376.16666666666663,0.0016483730289189396
376.25,0.00043093252482937655
376.3333333333333,0.0011104079275422972
376.41666666666663,0.0008335179272731446
376.5,0.0015390821460066456
376.5833333333333,0.0018771363679752225
376.66666666666663,0.0009278535735754699
376.75,0.0005295597152463215
376.8333333333333,0.0009392816381108527
376.91666666666663,0.0009856818978413184
377.0,0.001631379296340076
377.0833333333333,0.00168907997809282
377.16666666666663,0.000611353869627871
377.25,0.001770190626581353
377.3333333333333,0.0002765442471338577
377.41666666666663,0.0023927183931661275
377.5,0.0015241011803370185
377.5833333333333,0.00021226627635357922
377.66666666666663,0.0002456560157026723
377.75,0.0015500926016093596
377.8333333333333,0.0024104171779616747
377.91666666666663,0.002572687712899646
378.0,0.002559142274824227
378.0833333333333,0.002058943970412177
378.16666666666663,0.002238282334520297
378.25,0.0016888516199055628
378.3333333333333,0.0013672719642493115
378.41666666666663,0.0015159178399094797
378.5,0.0012006413215657514
378.5833333333333,0.0008925213743718721
378.66666666666663,0.0016412785976289165
378.75,0.0008310936527083524
378.8333333333333,0.0010646166142408403
378.91666666666663,0.0017704922095479934
379.0,0.00194021206616106
379.0833333333333,0.0013708263974125856
379.16666666666663,0.0007342018633052223
379.25,0.001107518742494722
379.3333333333333,0.0008911140826908551
379.41666666666663,0.00127440303213296
379.5,0.0014156474682183499
379.5833333333333,0.001353570001138247
379.66666666666663,0.0020965300411614285
379.75,0.0020929121880292755
379.8333333333333,0.0021918608342722944
379.91666666666663,0.001745051065394585
380.0,0.0010253101656289485
380.0833333333333,0.0007428611710811223
380.16666666666663,0.001348349261635479
380.25,0.0008588131684157395
380.3333333333333,0.0013527752508731552
380.41666666666663,0.0013634449703167015
380.5,0.0006552526756314534
380.5833333333333,0.0011161653569871598
380.66666666666663,0.0019095805183325938
380.75,0.002093858644694746
380.8333333333333,0.001944475248184716
380.91666666666663,0.0010186512614653576
381.0,0.0010407642912218034
381.0833333333333,0.0014606325908153998
381.16666666666663,0.00014927540552590678
381.25,0.0014099206036235303
381.3333333333333,0.002127003332639334
381.41666666666663,0.0013515641211047727
381.5,0.001033830716407924
381.5833333333333,0.0030670541672356564
381.66666666666663,0.0030115999419232852
381.75,0.0020588518185517806
381.8333333333333,0.00146603258393574
381.91666666666663,0.0008952150368362686
382.0,0.0014608753211074676
382.0833333333333,0.002002082736846302
382.16666666666663,0.0018980595402786286
382.25,0.0026195879467508358
382.3333333333333,0.0017031484327417186
382.41666666666663,0.0007628917910023662
382.5,0.0016028309597464637
382.5833333333333,0.00159852592251919
382.66666666666663,0.0015563244202980284
382.75,0.001297687436378604
382.8333333333333,0.00048786224600409333
382.91666666666663,0.0007848113266310304
383.0,0.0007204475251573766
383.0833333333333,0.0013196995568584165
383.16666666666663,0.0009280527974528292
383.25,0.0008723607284563375
383.3333333333333,0.001799214170602134
383.41666666666663,0.0004997606973646924
383.5,0.00204096882224203
383.5833333333333,0.0015161957403195933
383.66666666666663,0.0016620822229432444
383.75,0.0014017487053635978
383.8333333333333,0.00030954156386416075
383.91666666666663,0.000647521127114265
384.0,0.0007852988081242565
384.0833333333333,0.0004952711736792563
384.16666666666663,0.0004551343828744635
384.25,0.0005703846177300177
384.3333333333333,0.0018266651416620275
384.41666666666663,0.0016687501721567054
384.5,0.0003944430067884044
384.5833333333333,0.0004534254464053183
384.66666666666663,0.0008190238356194472
384.75,0.0008984621221976293
384.8333333333333,0.0009536936753084314
384.91666666666663,0.0018011061768176307
385.0,0.0013790970009884308
385.0833333333333,0.00036392806904335075
385.16666666666663,0.0009002561204190673
385.25,0.0022127469242221504
385.3333333333333,0.0019152297282842587
385.41666666666663,0.0005180118501634489
385.5,0.0006883153025753946
385.5833333333333,0.0006696638620980496
385.66666666666663,0.0012741828379255304
385.75,0.00081264748670501
385.8333333333333,0.0002112806891558234
385.91666666666663,0.0017357839645545513
386.0,0.001971300856378547
386.0833333333333,0.0014186467227879427
386.16666666666663,0.0015563161902323634
386.25,0.001287126047178501
386.3333333333333,0.0020984825542744437
386.41666666666663,0.0021000619902449566
386.5,0.0008156721860131198
386.5833333333333,0.001178571063682934
386.66666666666663,0.002169244841959255
386.75,0.0022853912117521444
386.8333333333333,0.0025589869475338084
386.91666666666663,0.0020138231202480265
387.0,0.0009758887775563034
387.0833333333333,0.0010614528625380237
387.16666666666663,0.0007795706828021399
387.25,0.0012819604856050548
387.3333333333333,0.0015473436940541192
387.41666666666663,0.0025799144557268035
387.5,0.001220563819353539
387.5833333333333,0.0002484514416787865
387.66666666666663,0.0014569621570593503
387.75,0.002357458383315011
387.8333333333333,0.0018685078582287924
387.91666666666663,0.0006062075503981996
388.0,0.000405380424144091
388.0833333333333,0.0012121709279530523
388.16666666666663,0.0030338660317674546
388.25,0.0021326051589670063
388.3333333333333,0.00195334424453145
388.41666666666663,0.0024502534556873324
388.5,0.001594703449823842
388.5833333333333,0.0016311204531808522
388.66666666666663,0.0014639373297453922
388.75,0.0012171087672317512
388.8333333333333,0.0012279648960928798
388.91666666666663,0.0009028513455610039
389.0,0.0016042536500348646
389.0833333333333,0.0007841357111273625
389.16666666666663,0.0015685184716059438
389.25,0.000453354690215765
389.3333333333333,0.00033353845933255423
389.41666666666663,0.001235952379976936
389.5,0.00160085913263652
389.5833333333333,0.0009803046641196638
389.66666666666663,0.0005717618160870163
389.75,0.00227854006472255
389.8333333333333,0.0015612550771204987
389.91666666666663,0.0009403474039431641
390.0,0.0014216350642059815
390.0833333333333,0.0013007943285249215
390.16666666666663,0.0021883924021766457
390.25,0.0016323241338247637
390.3333333333333,0.0018052716355888411
390.41666666666663,0.002871223942753211
390.5,0.0024515560845067125
390.5833333333333,0.000996328658434565
390.66666666666663,0.001471260721041853
390.75,0.001353193064402802
390.8333333333333,0.0011487597573509277
390.91666666666663,0.0005431954170038724
391.0,0.001798539764708791
391.0833333333333,0.001660691619116343
391.16666666666663,0.0018829264352499355
391.25,0.003638737424937026
391.3333333333333,0.0014208382445390832
391.41666666666663,0.0009397249630188054
391.5,0.0008445476175396081
391.5833333333333,0.0010819537456113982
391.66666666666663,0.0008453465356831292
391.75,0.0013221533081303495
391.8333333333333,0.001206950477323421
391.91666666666663,0.0010361640411310853
392.0,0.001034938322057242
392.0833333333333,0.0011432958270978402
392.16666666666663,0.0016446376122648092
392.25,0.0024420535715420854
392.3333333333333,0.0019560493238194527
392.41666666666663,0.00037128216610215933
392.5,0.0008050581740305185
392.5833333333333,0.001999318623364291
392.66666666666663,0.002955797307717704
392.75,0.001984667600602709
392.8333333333333,0.0010417870114873596
392.91666666666663,0.0016097823633565264
393.0,0.001728020615682057
393.0833333333333,0.0012347767357919577
393.16666666666663,0.0005547520361790188
393.25,0.0021624770022314107
393.3333333333333,0.002651600555909796
393.41666666666663,0.002769503551704825
393.5,0.0009030696502047871
393.5833333333333,0.001610774489061338
393.66666666666663,0.001522621069314431
393.75,0.0011572247795131692
393.8333333333333,0.0022142881760072925
393.91666666666663,0.0016814522563267206
394.0,0.0017009582996863198
394.0833333333333,0.0022645319630530364
394.16666666666663,0.0024596092622546062
394.25,0.0008829012976383896
394.3333333333333,0.0023944820301115203
394.41666666666663,0.002806672136859685
394.5,0.001445346544391822
394.5833333333333,0.0005757564278232271
394.66666666666663,0.0007735458660018649
394.75,0.002495131617658217
394.8333333333333,0.0023848366466453874
394.91666666666663,0.0015602881365130556
395.0,0.000753123441558443
395.0833333333333,0.0009728641846488712
395.16666666666663,0.0007403744021793092
395.25,0.0002882256624546393
395.3333333333333,0.0013933074774052456
395.41666666666663,0.0023788040493276496
395.5,0.001939249313789703
395.5833333333333,0.0009863066105285795
395.66666666666663,0.0012710906013214597
395.75,0.0006384631254166881
395.8333333333333,0.0019144248748064296
395.91666666666663,0.0025575969676253345
396.0,0.00214724134311034
396.0833333333333,0.0011173257304546496
396.16666666666663,0.001140888215259558
396.25,0.0014014358917720457
396.3333333333333,0.0007045399151542904
396.41666666666663,0.0006753801374161662
396.5,0.0006501943572638138
396.5833333333333,0.000398923097073494
396.66666666666663,0.0022785904217530765
396.75,0.0028314100740821067
396.8333333333333,0.0009231087171847301
396.91666666666663,0.0006918665191023258
397.0,0.0007379747028828994
397.0833333333333,0.0009723267437417329
397.16666666666663,0.0015946361081431019
397.25,0.0016891844047654612
397.3333333333333,0.0010092934621356278
397.41666666666663,0.0007504033837706028
397.5,0.001252167795762576
397.5833333333333,0.0019737835476504035
397.66666666666663,0.002089561773083245
397.75,0.0019072063135017767
397.8333333333333,0.0018567072116019464
397.91666666666663,0.0019924508810198523
398.0,0.0019358734773954414
398.0833333333333,0.0020192731196992013
398.16666666666663,0.002103721487207439
398.25,0.0012186972149888014
398.3333333333333,0.0015681855173680515
398.41666666666663,0.0005997961157191645
398.5,0.001063605625263967
398.5833333333333,0.0007352195912383077
398.66666666666663,0.0003733369893277345
398.75,0.0011868545817316203
398.8333333333333,0.000898842338524267
398.91666666666663,0.0016703270613135546
399.0,0.0022504943460620688
399.0833333333333,0.0008448103936852228
399.16666666666663,0.0007002685075677024
399.25,0.00047635270086938904
399.3333333333333,0.001059331837127098
399.41666666666663,0.0021185367810339036
399.5,0.0007672966733070993
399.5833333333333,0.0010705120315671142
399.66666666666663,0.0005556739478107606
399.75,0.0011296103149368352
399.8333333333333,0.0013354657148468016
399.91666666666663,0.0013057338584376691
400.0,0.001711309682060953
400.0833333333333,0.0022406313280433562
400.16666666666663,0.001979710583098404
400.25,0.00042093251646114897
400.3333333333333,0.0009542135755712437
400.41666666666663,0.001311065335649777
400.5,0.0009825647095099898
400.5833333333333,0.0018072213798087549
400.66666666666663,0.003178751109397985
400.75,0.0013976761998235401
400.8333333333333,0.0003483951568636571
400.91666666666663,0.001207120898646818
401.0,0.0016744385100227058
401.0833333333333,0.0014376126220166374
401.16666666666663,0.001029146469618777
401.25,0.0006494304541840561
401.3333333333333,0.0019086041527916176
401.41666666666663,0.0014011382439526397
401.5,0.0010203508323941202
401.5833333333333,0.0010382121612991426
401.66666666666663,0.0006543285319771828
401.75,0.0011689329079742625
401.8333333333333,0.00022015454526677742
401.91666666666663,0.00039856714178601176
402.0,0.0002424687502593344
402.0833333333333,0.00036316479212125023
402.16666666666663,0.0005684636362596948
402.25,0.0006743338864930643
402.3333333333333,0.0012796258819872195
402.41666666666663,0.001995379100060119
402.5,0.0026424723078039055
402.5833333333333,0.0018262106324354174
402.66666666666663,0.00046699832524299236
402.75,0.0006441245374471941
402.8333333333333,0.0013558899554936554
402.91666666666663,0.0020628994522924
403.0,0.001332351588484591
403.0833333333333,0.0005192648167456535
403.16666666666663,0.0008638300094127361
403.25,0.0009704788435784256
403.3333333333333,0.0016324116601433996
403.41666666666663,0.0009016789327689958
403.5,0.00042436749522976777
403.5833333333333,0.0009143256554647083
403.66666666666663,0.0011563223378104098
403.75,0.001450756511337834
403.8333333333333,0.001174102584074844
403.91666666666663,0.001181248351882214
404.0,0.00099526076712921
404.0833333333333,0.0007618631990340946
404.16666666666663,0.0006842335858853936
404.25,0.0007718088486254733
404.3333333333333,0.0013799432414709541
404.41666666666663,0.0025401481679605134
404.5,0.00215297711414627
404.5833333333333,0.0014656143947212544
404.66666666666663,0.0013547702360998074
404.75,0.0009294218189272907
404.8333333333333,0.0005266482650339819
404.91666666666663,0.0009705260666812714
405.0,0.0002218244459087951
405.0833333333333,0.0016602045951101636
405.16666666666663,0.0008398710156261161
405.25,0.0011251665776908957
405.3333333333333,0.0010798331321010325
405.41666666666663,0.0002926682939289481
405.5,0.0006446136577038295
405.5833333333333,0.0004954839045656918
405.66666666666663,0.00045115207632940104
405.75,0.0007809060205494424
405.8333333333333,0.0008886778829460055
405.91666666666663,0.00045667992271046813
406.0,0.0009088381703933659
406.0833333333333,0.0026644522187891434
406.16666666666663,0.003707608186578873
406.25,0.001337631348162349
406.3333333333333,0.0014528618427550296
406.41666666666663,0.0023717194462504502
406.5,0.0014678191913787106
406.5833333333333,0.002165045015977089
406.66666666666663,0.0031786028884351857
406.75,0.0012373029322722512
406.8333333333333,0.00045774328403459417
406.91666666666663,0.0008608577177534194
407.0,0.0007289732301180746
407.0833333333333,0.001639916157340413
407.16666666666663,0.0020213632232133354
407.25,0.0022670361872563073
407.3333333333333,0.0015435254491266053
407.41666666666663,0.0018617977267637808
407.5,0.0011089799394044116
407.5833333333333,0.0004414461323421953
407.66666666666663,0.0012307560194428726
407.75,0.0006990707845434746
407.8333333333333,0.0019113707780704873
407.91666666666663,0.002889894425059122
408.0,0.003122788913584905
408.0833333333333,0.0013185269994552308
408.16666666666663,0.0009220719366157701
408.25,0.0011492706800018766
408.3333333333333,0.0006153937702243284
408.41666666666663,0.001267951035470096
408.5,0.0012958642822513814
408.5833333333333,0.0017569975746653268
408.66666666666663,0.0017955728895771676
408.75,0.0010616161526080788
408.8333333333333,0.0011367660713399743
408.91666666666663,0.0012419228054657114
409.0,0.0012533032079371374
409.0833333333333,0.0007049191104634544
409.16666666666663,0.00124101239825717
409.25,0.0012193794662798416
409.3333333333333,0.0004204938193600267
409.41666666666663,0.0006905446320318195
409.5,0.0002464060157986145
409.5833333333333,0.0008518945934058858
409.66666666666663,0.0005018185335993612
409.75,0.001007688582101456
409.8333333333333,0.0018347557887023736
409.91666666666663,0.0022927698659508376
410.0,0.0013506904345000844
410.0833333333333,0.0011920525680359799
410.16666666666663,0.0013967292633417121
410.25,0.0013470882183915878
410.3333333333333,0.001032667587037036
410.41666666666663,0.00014117583369361838
410.5,0.0012053874157233661
410.5833333333333,0.0015169228522322223
410.66666666666663,0.001711624800593082
410.75,0.002520149896652001
410.8333333333333,0.0015795466725058102
410.91666666666663,0.00037851521764428574
411.0,0.0008764786450543628
411.0833333333333,0.002120057118979766
411.16666666666663,0.001967280102519977
411.25,0.0009063779229591684
411.3333333333333,0.0031844385382698605
411.41666666666663,0.002526509806660605
411.5,0.0014341874552152851
411.5833333333333,0.0009193881315244974
411.66666666666663,0.00044582817038222856
411.75,0.00040207081682592036
411.8333333333333,0.00023400183383192843
411.91666666666663,0.0009259028658608556
412.0,0.0018967741490672695
412.0833333333333,0.0019662703012676094
412.16666666666663,0.0011728391085741197
412.25,0.0010073228836961646
412.3333333333333,0.0007347946489616925
412.41666666666663,0.0021884635909412624
412.5,0.002101367765376473
412.5833333333333,0.0016332578777275963
412.66666666666663,0.001740922274401046
412.75,0.001931232558246395
412.8333333333333,0.0008709683159091675
412.91666666666663,0.0008251418953803065
413.0,0.0012399198497109881
413.0833333333333,0.0005927577680010503
413.16666666666663,0.001466270872759718
413.25,0.001337505580954181
413.3333333333333,0.0022387384966317445
413.41666666666663,0.0034754444224805287
413.5,0.0014791571098555902
413.5833333333333,0.0004658615680488158
413.66666666666663,0.000492346283130409
413.75,0.0003079687720589377
413.8333333333333,0.00021165560288997643
413.91666666666663,0.0005443010271335707
414.0,0.0006676154473992023
414.0833333333333,0.002557474697607513
414.16666666666663,0.0018976654722085682
414.25,0.0005916067487843458
414.3333333333333,0.002287287649337852
414.41666666666663,0.0022354732715573118
414.5,0.0010985824317591194
414.5833333333333,0.0004887773890684461
414.66666666666663,0.0008114153413136008
414.75,0.0007815893225867052
414.8333333333333,0.0008450755624329692
414.91666666666663,0.0008120889286553468
415.0,0.0010537989883723107
415.0833333333333,0.000982472557110833
415.16666666666663,0.0019106150017571674
415.25,0.0010441569537980643
415.3333333333333,0.0004711991934388102
415.41666666666663,0.001776492515540831
415.5,0.002367349802347578
415.5833333333333,0.0028941130750836826
415.66666666666663,0.0018385024209290862
415.75,0.0014132395966041681
415.8333333333333,0.0012020027843770733
415.91666666666663,0.001385085207434821
416.0,0.001399739478551784
416.0833333333333,0.0010549471163502108
416.16666666666663,0.0006818451012790684
416.25,0.0017805926728714947
416.3333333333333,0.0028336631605179797
416.41666666666663,0.001998574477221529
416.5,0.0016123790045692726
416.5833333333333,0.0016231954457681936
416.66666666666663,0.0003218357748087058
416.75,0.000898082266485268
416.8333333333333,0.0006977437508675211
416.91666666666663,0.0013925520791582859
417.0,0.0013588556872585766
417.0833333333333,0.0017801711218375842
417.16666666666663,0.0029141160191284545
417.25,0.0008594670784674728
417.3333333333333,0.0009892314056201808
417.41666666666663,0.0015413657212245634
417.5,0.0011942183332567342
417.5833333333333,0.0013931939696909135
417.66666666666663,0.0007030719928160955
417.75,0.0017262235357087185
417.8333333333333,0.0016633042285444644
417.91666666666663,0.0010734473420576773
418.0,0.0008217668608409892
418.0833333333333,0.0012992060363904796
418.16666666666663,0.0014818473680263244
418.25,0.0012740141033806395
418.3333333333333,0.0008982673601361558
418.41666666666663,0.001734761472159085
418.5,0.0013069171195237328
418.5833333333333,0.0007115177817264671
418.66666666666663,0.0005002103552804257
418.75,0.0003380411519340514
418.8333333333333,0.0007832544602690584
418.91666666666663,0.001979481594710481
419.0,0.00231271124003703
419.0833333333333,0.0016547888500927886
419.16666666666663,0.0011304384063992807
419.25,0.0009883451633996363
419.3333333333333,0.0006187448283867371
419.41666666666663,0.00016635657651489845
419.5,0.0002297076011543893
419.5833333333333,0.0012030296053131397
419.66666666666663,0.0015567379656252537
419.75,0.000813819281137343
419.8333333333333,0.0006032437942690013
419.91666666666663,0.00159372948671727
420.0,0.0023178029987824867
420.0833333333333,0.0016678675223376822
420.16666666666663,0.0011814773997019256
420.25,0.0011618064420300472
420.3333333333333,0.0012679406259495413
420.41666666666663,0.0021644685980188863
420.5,0.0019966406560349946
420.5833333333333,0.0012945503745172796
420.66666666666663,0.0010871140331195686
420.75,0.001664061062981425
420.8333333333333,0.0012384434153169344
420.91666666666663,0.0014257579149907895
421.0,0.0006252142488646554
421.0833333333333,0.0011718191487651761
421.16666666666663,0.0021098307002255495
421.25,0.002102125362829428
421.3333333333333,0.0025889151518400664
421.41666666666663,0.003210825343748327
421.5,0.0032095776755226265
421.5833333333333,0.002018571366549134
421.66666666666663,0.0013675930418223167
421.75,0.0004379696770606221
421.8333333333333,0.0017697420958327592
421.91666666666663,0.0027818553753531593
422.0,0.001999472314911282
422.0833333333333,0.0018971036031528448
422.16666666666663,0.002413445184044234
422.25,0.002108726262338911
422.3333333333333,0.0005632484564068189
422.41666666666663,0.0005741697251311085
422.5,0.001970672959534932
422.5833333333333,0.0027917007784698865
422.66666666666663,0.002460403775633719
422.75,0.0006519570624970478
422.8333333333333,0.0009768576662636567
422.91666666666663,0.00011286146841044657
423.0,0.0005205337289983215
423.0833333333333,0.0014529034424613123
423.16666666666663,0.0014159209303311686
423.25,0.0009045052059347246
423.3333333333333,0.00017517393802335434
423.41666666666663,0.0014392163983934444
423.5,0.0009068628411470483
423.5833333333333,0.001061721298165383
423.66666666666663,0.0009169949988733255
423.75,0.000668094207531844
423.8333333333333,0.0013359892082203746
423.91666666666663,0.0012227675760143732
424.0,0.000825115425288554
424.0833333333333,0.0011931282469529233
424.16666666666663,0.001487783658702523
424.25,0.0008780269152965261
424.3333333333333,0.0002013340155687124
424.41666666666663,0.0006863957814053533
424.5,0.0004121017309240283
424.5833333333333,0.002013691267982625
424.66666666666663,0.002449703686860721
424.75,0.0013003605306105056
424.8333333333333,0.0007258364741852967
424.91666666666663,0.0012461794821832337
425.0,0.001434216077367077
425.0833333333333,0.0005309359541181135
425.16666666666663,0.0016398772284713112
425.25,0.0015899392631209114
425.3333333333333,0.0006251178548832508
425.41666666666663,0.0009072448775887469
425.5,0.0012048447361917161
425.5833333333333,0.0009453793892145297
425.66666666666663,0.0013498813255194081
425.75,0.000896853238285865
425.8333333333333,0.0015853279496597509
425.91666666666663,0.0006591826357904458
426.0,0.001100883289688085
426.0833333333333,0.0021671521607361443
426.16666666666663,0.001263508964209883
426.25,0.00135316089138838
426.3333333333333,0.0008300146411406059
426.41666666666663,0.0014742797641785796
426.5,0.0022391682435785563
426.5833333333333,0.0021674148367679547
426.66666666666663,0.0020258694666774424
426.75,0.0020555376880944257
426.8333333333333,0.0018536503658877718
426.91666666666663,0.00023472936432150434
427.0,0.001310858955411121
427.0833333333333,0.002269871932501769
427.16666666666663,0.0014398999636843885
427.25,0.0008282258109675885
427.3333333333333,0.00192220793715322
427.41666666666663,0.001708609256298582
427.5,0.0017830506171428988
427.5833333333333,0.0029686672391471746
427.66666666666663,0.0016190598284304336
427.75,0.0016970204123468206
427.8333333333333,0.002471783574021412
427.91666666666663,0.0006350582979872415
428.0,0.0017320696863259715
428.0833333333333,0.0018946810221394704
428.16666666666663,0.0024844618469580327
428.25,0.0016721864307332969
428.3333333333333,0.0004415011625112933
428.41666666666663,0.0008454296714167238
428.5,0.0020459860490880458
428.5833333333333,0.0011473274264074216
428.66666666666663,0.0018332505234638803
428.75,0.001484579955827383
428.8333333333333,0.0014481578936657283
428.91666666666663,0.0017600292436096875
429.0,0.0008531524197045181
429.0833333333333,0.001304652335650271
429.16666666666663,0.001559185579175868
429.25,0.0010601411990392778
429.3333333333333,0.001552117548876278
429.41666666666663,0.00020633877775068333
429.5,0.001301984162521048
429.5833333333333,0.0012207872190060786
429.66666666666663,0.0019233617765979903
429.75,0.0019340713943571779
429.8333333333333,0.00037304070315295214
429.91666666666663,0.0010289938810527986
430.0,0.0011321636308359727
430.0833333333333,0.0005410889542605088
430.16666666666663,0.0009014304140739288
430.25,0.0007057316694878679
430.3333333333333,0.0005981147706943318
430.41666666666663,0.0006369427355248885
430.5,0.002188352451351073
430.5833333333333,0.0030672418172324055
430.66666666666663,0.0011537745107582367
430.75,0.0011149965995455912
430.8333333333333,0.0006009525492602995
430.91666666666663,0.0018909758486779116
431.0,0.0010259845065601918
431.0833333333333,0.0011778845911205509
431.16666666666663,0.0007738235796327761
431.25,0.0005265576218440523
431.3333333333333,0.000862404231568355
431.41666666666663,0.001583984915992149
431.5,0.001706348652640007
431.5833333333333,0.0016777140226579487
431.66666666666663,0.001458940990402742
431.75,0.00029350626108287284
431.8333333333333,0.0008844692175535664
431.91666666666663,0.0016465555348904777
432.0,0.0014378059402878087
432.0833333333333,0.001652598453454032
432.16666666666663,0.0016538784534657516
432.25,0.0018869765786693356
432.3333333333333,0.0025347547738477595
432.41666666666663,0.002053743037687181
432.5,0.0010338646090824323
432.5833333333333,0.0006965562313825094
432.66666666666663,0.000869879752480529
432.75,0.0015220883784705073
432.8333333333333,0.0021751123307902098
432.91666666666663,0.0010058991633512492
433.0,0.0011693595397289877
433.0833333333333,0.0013482043098299533
433.16666666666663,0.0004778100363841321
433.25,0.001682506039566069
433.3333333333333,0.002218759644269875
433.41666666666663,0.0015977909310641238
433.5,0.00040346706941141175
433.5833333333333,0.0007166249011422602
433.66666666666663,0.0008949603350637729
433.75,0.001275897772724753
433.8333333333333,0.0010448249166895747
433.91666666666663,0.001681159864138334
434.0,0.0024860064381231153
434.0833333333333,0.0018606234511447106
434.16666666666663,0.001071298671765779
434.25,0.0006952598012247885
434.3333333333333,0.0008801548749334407
434.41666666666663,0.0007028343551570997
434.5,0.0006645234390517063
434.5833333333333,0.0011009311691305634
434.66666666666663,0.0012002643571293904
434.75,0.001172609839637741
434.8333333333333,0.0008552383143449144
434.91666666666663,0.0009317501474644065
435.0,0.0011413590345060538
435.0833333333333,0.0012710048836100973
435.16666666666663,0.0024372220859404064
435.25,0.0015433272824494834
435.3333333333333,0.001566788704154406
435.41666666666663,0.0008016960471722847
435.5,0.000598873103448564
435.5833333333333,0.001720114456785619
435.66666666666663,0.0018063254526137493
435.75,0.001370561549134942
435.8333333333333,0.0016725678061254605
435.91666666666663,0.0018924567772254683
436.0,0.002037446462684448
436.0833333333333,0.002267002617830932
436.16666666666663,0.0028026922927136444
436.25,0.002842078779632096
436.3333333333333,0.0022321532328440264
436.41666666666663,0.002064567748110656
436.5,0.0025234830426728457
436.5833333333333,0.0017304856082402034
436.66666666666663,0.001003622008769477
436.75,0.0015028933052361382
436.8333333333333,0.0014349587312651574
436.91666666666663,0.0010466699248878903
437.0,0.0004207522537738205
437.0833333333333,0.001568224279562464
437.16666666666663,0.0017084647564670236
437.25,0.001105293066482344
437.3333333333333,0.0005208044917400084
437.41666666666663,0.0007096135939337519
437.5,0.0008751080558254571
437.5833333333333,0.00045943705026516273
437.66666666666663,0.001129043340235172
437.75,0.0014591659497507287
437.8333333333333,0.00025929446158463166
437.91666666666663,0.0008997045637219252
438.0,0.0005943619775067525
438.0833333333333,0.0009720674022537829
438.16666666666663,0.0010797089194953583
438.25,0.0014386505251138037
438.3333333333333,0.0022787409864155122
438.41666666666663,0.0012017122440590232
438.5,0.0011407330882535999
438.5833333333333,0.0009556785089119075
438.66666666666663,0.0008097504302365775
438.75,0.0009964952723827698
438.8333333333333,0.0006902673098967523
438.91666666666663,0.0019579603420892813
439.0,0.0012333389044690427
439.0833333333333,0.0024254710897023257
439.16666666666663,0.0024472667642788334
439.25,0.00195773056563301
439.3333333333333,0.0013744481804788755
439.41666666666663,0.0010281058376254769
439.5,0.0011205316098709356
439.5833333333333,0.001764817100178582
439.66666666666663,0.001522359857346916
439.75,0.0021667156624774406
439.8333333333333,0.0024521821909586914
439.91666666666663,0.0015657141919738994
440.0,0.0009689391751339223
440.0833333333333,0.0014378559275738155
440.16666666666663,0.001230574132432531
440.25,0.0005486310798594959
440.3333333333333,0.0002079906134654786
440.41666666666663,0.0006233624623709559
440.5,0.0009719628564982512
440.5833333333333,0.0013864802651424473
440.66666666666663,0.0021905561100237056
440.75,0.0023946751595952994
440.8333333333333,0.0018568850862860158
440.91666666666663,0.0009874131201011987
441.0,0.00010072476780841372
441.0833333333333,0.0012403042244823325
441.16666666666663,0.001183098957981696
441.25,0.0008072966996450653
441.3333333333333,0.00024858197696370833
441.41666666666663,0.0003239571201517455
441.5,0.00012991585668037066
441.5833333333333,0.00046517729949283423
441.66666666666663,0.001405103156989991
441.75,0.0019058601591866824
441.8333333333333,0.000537784459076943
441.91666666666663,0.0013602824239797992
442.0,0.001222738785747044
442.0833333333333,0.0012072237466108843
442.16666666666663,0.0007557755432560803
442.25,0.0010189959603576246
442.3333333333333,0.0018217528240667689
442.41666666666663,0.002712145917506167
442.5,0.0019865983924689068
442.5833333333333,0.001957896038580827
442.66666666666663,0.0009549573488670385
442.75,0.00030912614760222505
442.8333333333333,0.0006400325166233258
442.91666666666663,0.001275001615374691
443.0,0.0011529164805905055
443.0833333333333,0.0002834132467933452
443.16666666666663,0.0008343520445733476
443.25,0.000934389358500464
443.3333333333333,0.0009541794390567143
443.41666666666663,0.0007414410212369261
443.5,0.0008572406543618836
443.5833333333333,0.0012954681555127513
443.66666666666663,0.0010426631357704518
443.75,0.0019606320504195786
443.8333333333333,0.0020943393798763207
443.91666666666663,0.0008389526001152434
444.0,0.0012221616930125337
444.0833333333333,0.0021518412587381666
444.16666666666663,0.0007784322388918395
444.25,0.00047703068078837276
444.3333333333333,0.0012410702486125571
444.41666666666663,0.0006718575162579189
444.5,0.00026352109480143516
444.5833333333333,0.0007472286871084953
444.66666666666663,0.0002771685903685466
444.75,0.001258133435079781
444.8333333333333,0.0016796767975069493
444.91666666666663,0.002314972975902005
445.0,0.002680554280493865
445.0833333333333,0.0009577885129978302
445.16666666666663,0.0007467215675795971
445.25,0.001230566801584083
445.3333333333333,0.0009042007377171121
445.41666666666663,0.0011958212103715447
445.5,0.0021908230867645094
445.5833333333333,0.0011535832806824316
445.66666666666663,0.0008578401226040601
445.75,0.0011607290973879164
445.8333333333333,0.0006217871960636728
445.91666666666663,0.0004453823311713042
446.0,0.0003605711294515521
446.0833333333333,0.0002807140917541649
446.16666666666663,0.0009746485652547512
446.25,0.0015950026635842484
446.3333333333333,0.0011141707762294948
446.41666666666663,0.0005647427672344581
446.5,0.001036277020547812
446.5833333333333,0.0016680067647754627
446.66666666666663,0.0005165857329167829
446.75,0.0004086470806873703
446.8333333333333,0.0015309903103714578
446.91666666666663,0.0007963659664018976
447.0,0.00040129903212358643
447.0833333333333,0.0011133340213777482
447.16666666666663,0.0010755816279239892
447.25,0.001290687586067852
447.3333333333333,0.0019695065027107547
447.41666666666663,0.0012865710388568386
447.5,0.000966560006265834
447.5833333333333,0.0009611331437267247
447.66666666666663,0.0006985593548569947
447.75,0.0009724191861147505
447.8333333333333,0.002039298063396624
447.91666666666663,0.0012823387622942582
448.0,0.0006225160826868668
448.0833333333333,0.0002537396976552062
448.16666666666663,0.0005278907345036113
448.25,0.0008315715549370049
448.3333333333333,0.00046129397220155173
448.41666666666663,0.0007888464609596156
448.5,0.00166387181576769
448.5833333333333,0.0016935773504082896
448.66666666666663,0.000967063496471563
448.75,0.0009010413981519301
448.8333333333333,0.0008673351465242745
448.91666666666663,0.0011996878295760561
449.0,0.0010805002836828423
449.0833333333333,0.0007358379121445512
449.16666666666663,0.00037140648638937996
449.25,0.0005775725528573813
449.3333333333333,0.0025106340833702567
449.41666666666663,0.0029738658753954515
449.5,0.0026643454091470715
449.5833333333333,0.0021005861932334273
449.66666666666663,0.001165459743887399
449.75,0.00033962821509046917
449.8333333333333,0.0018360102994994156
449.91666666666663,0.002088219903766888
450.0,0.0010224142350029877
450.0833333333333,0.0005785152615494809
450.16666666666663,0.0007637704422780819
450.25,0.0005014378978088635
450.3333333333333,0.0010180699768983618
450.41666666666663,0.0012230976282451174
450.5,0.0024826408859241825
450.5833333333333,0.0018169637949228322
450.66666666666663,0.0002595723725257026
450.75,0.0010713376627700063
450.8333333333333,0.000580915034143959
450.91666666666663,0.00042479631394803284
451.0,0.0007626912625019359
451.0833333333333,0.0017747257897313907
451.16666666666663,0.0015263374853890866
451.25,0.0017189060778821682
451.3333333333333,0.0015708413025100835
451.41666666666663,0.0008861110963494601
451.5,0.0008430398623053598
451.5833333333333,0.0010537964260086904
451.66666666666663,0.0012288612619388722
451.75,0.0014236144473794194
451.8333333333333,0.0007971119196765948
451.91666666666663,0.0017908647572968581
452.0,0.0016576524677605208
452.0833333333333,0.0010319373816051042
452.16666666666663,0.000578191379175017
452.25,0.0004729223998020271
452.3333333333333,0.0012319196929438865
452.41666666666663,0.002339785869891488
452.5,0.0018620864020895802
452.5833333333333,0.0006502039084994806
452.66666666666663,0.0009558090323445664
452.75,0.00292005998706972
452.8333333333333,0.0022913177892026383
452.91666666666663,0.0021946384426556735
453.0,0.0018345381293541894
453.0833333333333,0.0010831642065474952
453.16666666666663,0.0008920748653576797
453.25,0.0008439550683294594
453.3333333333333,0.0010171142519840991
453.41666666666663,0.0011787905616580197
453.5,0.0015085364845032678
453.5833333333333,0.001529984524602796
453.66666666666663,0.0018537047781878601
453.75,0.002422874326575078
453.8333333333333,0.0019825450926233396
453.91666666666663,0.0009860544476456383
454.0,0.0003748694123035388
454.0833333333333,0.001176432417338277
454.16666666666663,0.0008962763184772195
454.25,0.0015911017372316535
454.3333333333333,0.0020436900200506065
454.41666666666663,0.002570807735049442
454.5,0.0018311632897919906
454.5833333333333,0.0011018636027985565
454.66666666666663,0.0004814821554589062
454.75,0.0011467612705581994
454.8333333333333,0.001807264353820014
454.91666666666663,0.001436476880914195
455.0,0.0005734801230366438
455.0833333333333,0.0014263385713446
455.16666666666663,0.001193919888735562
455.25,0.0013605310683521543
455.3333333333333,0.0007909104556307427
455.41666666666663,0.0010883658448335228
455.5,0.0011243559040850875
455.5833333333333,0.0013379128147726917
455.66666666666663,0.001147661798170754
455.75,0.0008115382894220152
455.8333333333333,0.001956984272033514
455.91666666666663,0.0013631177235695507
456.0,0.0006506217348098266
456.0833333333333,0.0007061246840717456
456.16666666666663,0.0008704289643051024
456.25,0.0008766785195598594
456.3333333333333,0.0012282126740698759
456.41666666666663,0.0012323871442345038
456.5,0.0004977912623907603
456.5833333333333,0.0007951443444040003
456.66666666666663,0.0007092416475045347
456.75,0.00035015388569023553
456.8333333333333,0.0008520659036022733
456.91666666666663,0.0026278658500985216
457.0,0.003383366645711416
457.0833333333333,0.002373992648279657
457.16666666666663,0.0015746979345149514
457.25,0.0015917861763006826
457.3333333333333,0.001232619516528389
457.41666666666663,0.0008047210842214297
457.5,0.0001539442943146641
457.5833333333333,0.00046985420448002446
457.66666666666663,0.00105612516031206
457.75,0.001514777913073404
457.8333333333333,0.000321542391383572
457.91666666666663,0.0008120008907726863
458.0,0.0016344499475984492
458.0833333333333,0.0011344787945097767
458.16666666666663,0.00042807973361878404
458.25,0.0006449071913859092
458.3333333333333,0.0009746827616394416
458.41666666666663,0.00017391995345680846
458.5,0.0005072331081137849
458.5833333333333,0.0007923393242328088
458.66666666666663,0.001196930192880866
458.75,0.0027656195969421866
458.8333333333333,0.0015288410684934652
458.91666666666663,0.0005138017103234735
459.0,0.00021276664373725255
459.0833333333333,0.0002310127306129423
459.16666666666663,0.0009261993082181418
459.25,0.0022719322784197533
459.3333333333333,0.001861768967788082
459.41666666666663,0.0005589267702074407
459.5,0.002443779745820166
459.5833333333333,0.0018729055988125959
459.66666666666663,0.0013721174809426335
459.75,0.0014419570670359243
459.8333333333333,0.0016732765129406385
459.91666666666663,0.0021331923810119138
460.0,0.0012460437540661908
460.0833333333333,0.0008908881814103658
460.16666666666663,0.0018129413185023458
460.25,0.0014454379961490566
460.3333333333333,0.0020125979274188683
460.41666666666663,0.0018662652863515288
460.5,0.001808638020358324
460.5833333333333,0.0014497833838107948
460.66666666666663,0.001067468669398736
460.75,0.0013731715615372569
460.8333333333333,0.001103408146343963
460.91666666666663,0.0017049611048888017
461.0,0.001597283299464622
461.0833333333333,0.0010444705655566105
461.16666666666663,0.0010829660197679179
461.25,0.0014178849561980458
461.3333333333333,0.0009879860544105446
461.41666666666663,0.0013581496393406563
461.5,0.0008039026050762147
461.5833333333333,0.0017733743060697653
461.66666666666663,0.0010711074166175347
461.75,0.0009459764476942032
461.8333333333333,0.0008705368800707782
461.91666666666663,0.0011755183966101765
462.0,0.0005246679405241959
462.0833333333333,0.0003934229932517803
462.16666666666663,0.0011870705340638738
462.25,0.002147107128992878
462.3333333333333,0.0006474433977883579
462.41666666666663,0.0016437491486698207
462.5,0.0021234143537072975
462.5833333333333,0.001992499849500061
462.66666666666663,0.0013820721467969598
462.75,0.0003187910211077773
462.8333333333333,0.0012801925860945335
462.91666666666663,0.0017366440338097758
463.0,0.003252034932175241
463.0833333333333,0.0031523968034457782
463.16666666666663,0.0007792506527099593
463.25,0.0007794455767135557
463.3333333333333,0.0005290814581949159
463.41666666666663,0.0013583513643714341
463.5,0.0007370088089405594
463.5833333333333,0.0006102794483692466
463.66666666666663,0.0011309437319970497
463.75,0.002767379338511972
463.8333333333333,0.0036012808092945954
463.91666666666663,0.001132943779047883
464.0,0.001005179357301242
464.0833333333333,0.0007989030033228635
464.16666666666663,0.0018013641710121198
464.25,0.0021654886439677018
464.3333333333333,0.0009822084575023568
464.41666666666663,0.0019117723943070715
464.5,0.001489601858649689
464.5833333333333,0.0008164630677408007
464.66666666666663,0.0009175513706181637
464.75,0.0014377179212358537
464.8333333333333,0.0008234266524339336
464.91666666666663,0.0005459389014500342
465.0,0.0010487792015441211
465.0833333333333,0.0012283966632402519
465.16666666666663,0.00021330824150583806
465.25,0.0001149168451393037
465.3333333333333,0.00084133247340269
465.41666666666663,0.0006969003031763334
465.5,0.0009435911964674952
465.5833333333333,0.0007972144446094285
465.66666666666663,0.0008723415589469561
465.75,0.0015594812939006852
465.8333333333333,0.0020557346989659602
465.91666666666663,0.001010854681354306
466.0,0.0010547882785216067
466.0833333333333,0.0008987304177379356
466.16666666666663,0.0010075529096966877
466.25,0.0009792776567236446
466.3333333333333,0.0014877154850049246
466.41666666666663,0.001020914795350417
466.5,0.0013408486706267366
466.5833333333333,0.001831070885192234
466.66666666666663,0.002271145423454527
466.75,0.0027903694979212173
466.8333333333333,0.002667359667226025
466.91666666666663,0.0015159321572872882
467.0,0.00099018766133937
467.0833333333333,0.0006630041620251749
467.16666666666663,0.0009475523829126716
467.25,0.0016563150808960986
467.3333333333333,0.0005219716801985417
467.41666666666663,0.001120309186679822
467.5,0.0023902919195157336
467.5833333333333,0.0019447861859071733
467.66666666666663,0.0005445903748252168
467.75,0.001323743163546253
467.8333333333333,0.0004906303232900235
467.91666666666663,0.0009667934330889757
468.0,0.0014148455297106045
468.0833333333333,0.0011320852863697499
468.16666666666663,0.001011180300619576
468.25,0.002216995893677701
468.3333333333333,0.0016997584967685204
468.41666666666663,0.0013197173456342428
468.5,0.00013276868337481183
468.5833333333333,0.002394902307220702
468.66666666666663,0.0016050171774318475
468.75,0.0012043211778763568
468.8333333333333,0.0007195045644909936
468.91666666666663,0.00037313256493342527
469.0,0.0015474137247863408
469.0833333333333,0.0012825199390662167
469.16666666666663,0.0004793331919444434
469.25,0.001020835922376224
469.3333333333333,0.0010631954976851826
469.41666666666663,0.0009503433198412372
469.5,0.0016025988032252897
469.5833333333333,0.0016959463466125354
469.66666666666663,0.0009506670295050374
469.75,0.002190914037162392
469.8333333333333,0.0019617089198481073
469.91666666666663,0.0005186188549954984
470.0,0.0008474435287740848
470.0833333333333,0.000473564034381403
470.16666666666663,0.00020416593687865036
470.25,0.0009892173232748346
470.3333333333333,0.000912428374683382
470.41666666666663,0.0001523607987640776
470.5,0.0006497480730524539
470.5833333333333,0.0012083649398707684
470.66666666666663,0.0009717654248423485
470.75,0.0021165293173180154
470.8333333333333,0.00196505664631096
470.91666666666663,0.0015524990831535805
471.0,0.0014745837895196409
471.0833333333333,0.0010600089192731046
471.16666666666663,0.0009092631300845949
471.25,0.0010214376181814874
471.3333333333333,0.0008682538112783266
471.41666666666663,0.00036470095196147674
471.5,0.0009874400555587685
471.5833333333333,0.0015342405834762025
471.66666666666663,0.001477420293997151
471.75,0.0006312114645749241
471.8333333333333,0.0010898121767046872
471.91666666666663,0.0012562743053445512
472.0,0.001541279483248834
472.0833333333333,0.0025689492914161287
472.16666666666663,0.0021901513743745266
472.25,0.0013903576957213937
472.3333333333333,0.0017161010323351919
472.41666666666663,0.0021984892429727726
472.5,0.0016756742078341323
472.5833333333333,0.001532701078600209
472.66666666666663,0.00196886923012837
472.75,0.001753102045222445
472.8333333333333,0.0007533810383639146
472.91666666666663,0.0011011767645427756
473.0,0.0011924585246990168
473.0833333333333,0.001799367431853068
473.16666666666663,0.0016865260512959996
473.25,0.000551643220824855
473.3333333333333,0.0005863544787188141
473.41666666666663,0.001546421275492326
473.5,0.0014795673593149643
473.5833333333333,0.00040133862533034447
473.66666666666663,0.0005210504294593737
473.75,0.0013006120697617808
473.8333333333333,0.002019204365703137
473.91666666666663,0.0016101226365760845
474.0,0.0010844930084418546
474.0833333333333,0.00033234155171159687
474.16666666666663,0.0008612206836552697
474.25,0.0018246294914441128
474.3333333333333,0.000908337087544177
474.41666666666663,0.0011424920600855138
474.5,0.0009935595956874189
474.5833333333333,0.0009246949308574764
474.66666666666663,0.0007806151880555616
474.75,0.00022498439312127838
474.8333333333333,0.001191686763019832
474.91666666666663,0.0011534802586889979
475.0,0.0008632981056398269
475.0833333333333,0.0015574656032097862
475.16666666666663,0.00205853291484875
475.25,0.0006336524160552675
475.3333333333333,0.0010400181403771504
475.41666666666663,0.001476774927994386
475.5,0.000738650352216146
475.5833333333333,0.0012100562032068343
475.66666666666663,0.0007409525624414994
475.75,0.0005575344523052537
475.8333333333333,0.0003223810813403037
475.91666666666663,0.000667748721821597
476.0,0.0011263612055270897
476.0833333333333,0.0011481939525903873
476.16666666666663,0.0013815593626355397
476.25,0.001450445152692319
476.3333333333333,0.0008294614659064651
476.41666666666663,0.0011144440004511782
476.5,0.0016282412228405966
476.5833333333333,0.0022310318556096414
476.66666666666663,0.0017121838741713936
476.75,0.00042387297816924135
476.8333333333333,0.0014415734144758267
476.91666666666663,0.0006235337719997196
477.0,0.0015090652729333614
477.0833333333333,0.0012560452796433665
477.16666666666663,0.0014513331872576672
477.25,0.0011667778363803306
477.3333333333333,0.0010936163159389247
477.41666666666663,0.00120023537533411
477.5,0.001294169671063864
477.5833333333333,0.0019060258916654194
477.66666666666663,0.0018401577975967127
477.75,0.001107394341315385
477.8333333333333,0.0011314896782943808
477.91666666666663,0.000996034991024536
478.0,0.001440509646445323
478.0833333333333,0.0013770317901083792
478.16666666666663,0.0011240367303420214
478.25,0.001139189036820264
478.3333333333333,0.0008132990024826781
478.41666666666663,0.0017130572938492414
478.5,0.0018956269599442084
478.5833333333333,0.00048095648831731204
478.66666666666663,0.0007330018962496263
478.75,0.0012305495488216679
478.8333333333333,0.001519138380169136
478.91666666666663,0.0005219629845964371
479.0,0.001643647248487323
479.0833333333333,0.001391668771055136
479.16666666666663,0.0020280274593025183
479.25,0.002991719646165519
479.3333333333333,0.0017829956033864071
479.41666666666663,0.0008084377291650678
479.5,0.0022013147273014628
479.5833333333333,0.002588737160891551
479.66666666666663,0.000494280559848062
479.75,0.0007731211539248372
479.8333333333333,0.0010023095295299482
479.91666666666663,0.0007369099954392912
480.0,0.0009637943320419945
480.0833333333333,0.00217600171481726
480.16666666666663,0.003144834894486718
480.25,0.0022209183333881397
480.3333333333333,0.0006995948309651369
480.41666666666663,0.001198776885757173
480.5,0.0007037467150944448
480.5833333333333,0.0012930735251370188
480.66666666666663,0.001496912309580238
480.75,0.0012348220462155832
480.8333333333333,0.0009038979964076987
480.91666666666663,0.0005366844547319741
481.0,0.00027366569396191287
481.0833333333333,0.0010072067065448039
481.16666666666663,0.0005943807120888237
481.25,0.00099741149953388
481.3333333333333,0.000996985911173741
481.41666666666663,0.0006456846385276288
481.5,0.001251420659233278
481.5833333333333,0.002367505744611859
481.66666666666663,0.002115416418375418
481.75,0.0015439866307738912
481.8333333333333,0.0011281154699961436
481.91666666666663,0.0009465701007314531
482.0,0.0008793230273228703
482.0833333333333,0.0007020417503944768
482.16666666666663,0.00044301294672414353
482.25,0.0012780263225109611
482.3333333333333,0.0007969908319523185
482.41666666666663,0.0003413924773991201
482.5,0.0013184599318895151
482.5833333333333,0.0015303482045681837
482.66666666666663,0.0017680006242705765
482.75,0.0026447279382441377
482.8333333333333,0.0016898061538567482
482.91666666666663,0.0011736672095232733
483.0,0.0013826322772960825
483.0833333333333,0.0004976581484579051
483.16666666666663,0.0006687019945593541
483.25,0.0019447187842650067
483.3333333333333,0.0024013468597265737
483.41666666666663,0.0017720585780248393
483.5,0.0013483077513502693
483.5833333333333,0.0012537751483188602
483.66666666666663,0.0023876149728207677
483.75,0.003035859356451107
483.8333333333333,0.002305238111651739
483.91666666666663,0.0006761410535460014
484.0,0.0009110280575237114
484.0833333333333,0.0005927668762185263
484.16666666666663,0.0008767824340656646
484.25,0.0008499827175885874
484.3333333333333,0.0019917281549033613
484.41666666666663,0.0021383471752192363
484.5,0.0006809663781278538
484.5833333333333,0.0006474259231475621
484.66666666666663,0.0014870632180513025
484.75,0.0015226220508966577
484.8333333333333,0.00033038864681544846
484.91666666666663,0.0016745265950088692
485.0,0.0015852779840224021
485.0833333333333,0.0012001388281081967
485.16666666666663,0.0007901598575388456
485.25,0.000697009997811205
485.3333333333333,0.0011987844374169944
485.41666666666663,0.0016649276301451573
485.5,0.001020667388952525
485.5833333333333,0.0005681604797429201
485.66666666666663,0.0005684284147153998
485.75,0.000624466885304235
485.8333333333333,0.0001984027183163437
485.91666666666663,0.0014049736288415365
486.0,0.0013164508790827981
486.0833333333333,0.0003954136887202226
486.16666666666663,0.0004324026162084462
486.25,0.00036377704218306826
486.3333333333333,0.0006743960732951133
486.41666666666663,0.0005084334305326401
486.5,0.000676405602654872
486.5833333333333,0.001271619489352859
486.66666666666663,0.0007946524191070864
486.75,0.0004953200022919771
486.8333333333333,0.0008925135925085621
486.91666666666663,0.0019880025530017186
487.0,0.0018150972499057696
487.0833333333333,0.002159882932473787
487.16666666666663,0.0023181845644667165
487.25,0.002618666321091144
487.3333333333333,0.0024967431880177767
487.41666666666663,0.0008271713464182829
487.5,0.0015574767671679374
487.5833333333333,0.0011978507252072331
487.66666666666663,0.0015885423099627146
487.75,0.0019900895737565358
487.8333333333333,0.0017206523648157371
487.91666666666663,0.0017758184085310603
488.0,0.0004440451718718796
488.0833333333333,0.0009686791135894487
488.16666666666663,0.00048100812395524104
488.25,0.0006212729763599214
488.3333333333333,0.0010112995473321978
488.41666666666663,0.000447051580005136
488.5,0.0015705155887074168
488.5833333333333,0.0025149273324361772
488.66666666666663,0.0011659578483854958
488.75,0.0013641814611257837
488.8333333333333,0.0019163694946998946
488.91666666666663,0.0022193332003933473
489.0,0.002258594871825625
489.0833333333333,0.00160525831854523
489.16666666666663,0.0016344664560379986
489.25,0.0005686570288441241
489.3333333333333,0.0011601003356275232
489.41666666666663,0.002669292624023612
489.5,0.00115899263073085
489.5833333333333,0.0015753419714209717
489.66666666666663,0.0011218392044088274
489.75,0.001003588271460481
489.8333333333333,0.0015138638923591374
489.91666666666663,0.0009689588449124033
490.0,0.00022307202936608288
490.0833333333333,0.0011364541945970148
490.16666666666663,0.0010711612254077252
490.25,0.0007726063225033073
490.3333333333333,0.0018453220492546515
490.41666666666663,0.0017785096347431527
490.5,0.0014927561542052836
490.5833333333333,0.0013261334947770108
490.66666666666663,0.0007042809617808311
490.75,0.0008144620426419031
490.8333333333333,0.0012213821303232262
490.91666666666663,0.0016155133505726998
491.0,0.001372547703758569
491.0833333333333,0.0009097806628000505
491.16666666666663,0.0013685806472440818
491.25,0.0007526199076069286
491.3333333333333,0.00045150518130712117
491.41666666666663,0.0012200016622592748
491.5,0.00167250959803428
491.5833333333333,0.0010309181762684077
491.66666666666663,0.0007055801980468203
491.75,0.000984223969050918
491.8333333333333,5.3258476157619095e-05
491.91666666666663,0.0014108311675611683
492.0,0.0018195366663265853
492.0833333333333,0.0008067773771892659
492.16666666666663,0.001951698192256246
492.25,0.0016432347926778911
492.3333333333333,0.0024442668939337717
492.41666666666663,0.0027868817172235043
492.5,0.0025546716924634287
492.5833333333333,0.00301454584775035
492.66666666666663,0.002746119191005082
492.75,0.0015023052337232196
492.8333333333333,0.0009344639516251298
492.91666666666663,0.0010912778788480767
493.0,0.002096323850840514
493.0833333333333,0.002060133068896889
493.16666666666663,0.0011151347047330615
493.25,0.0006452558856966234
493.3333333333333,0.0013467646475967422
493.41666666666663,0.0008951926697413305
493.5,0.0010758186678487215
493.5833333333333,0.0010119338438084166
493.66666666666663,5.630552351971757e-05
493.75,0.0009358001699088735
493.8333333333333,0.0016838014768500937
493.91666666666663,0.0018326004915674304
494.0,0.0020156017901017446
494.0833333333333,0.0022259369343689307
494.16666666666663,0.0021263076499515045
494.25,0.0011759317790627293
494.3333333333333,0.0005983752965704227
494.41666666666663,0.0013308897454460643
494.5,0.000993629015856465
494.5833333333333,0.000577171737247902
494.66666666666663,0.0014742966253505994
494.75,0.001770389309265145
494.8333333333333,0.0019643130140200023
494.91666666666663,0.0009489850038849071
495.0,0.0006015113384767537
495.0833333333333,0.0006035397558965311
495.16666666666663,0.002710643441279657
495.25,0.0019779180220858036
495.3333333333333,0.0006859200740566338
495.41666666666663,0.0007156324255560342
495.5,0.001062883224477741
495.5833333333333,0.0021016526307411788
495.66666666666663,0.0028331182761260542
495.75,0.001796348970533963
495.8333333333333,0.0006183147055208477
495.91666666666663,0.0009186373310379851
496.0,0.0014052374499557894
496.0833333333333,0.0011087624841626068
496.16666666666663,0.0015328893148545961
496.25,0.0011872923834540603
496.3333333333333,0.0007517574351446277
496.41666666666663,0.0005235171891377686
496.5,0.0006720272836028434
496.5833333333333,0.00031726586957578665
496.66666666666663,0.00016878665076883116
496.75,0.0003363962969637486
496.8333333333333,0.0010157405420257747
496.91666666666663,0.0011354874757829108
497.0,0.0010292356746396966
497.0833333333333,0.0006311256517277625
497.16666666666663,0.0008719523787052789
497.25,0.001128033209622878
497.3333333333333,0.0009663545739315768
497.41666666666663,0.0021713369181742474
497.5,0.0013826025653156458
497.5833333333333,0.0006886280808282827
497.66666666666663,0.0012511280293790333
497.75,0.001538424661693342
497.8333333333333,0.000986877894409079
497.91666666666663,0.0011083645815630448
498.0,0.0010468037998060385
498.0833333333333,0.0015282203845027934
498.16666666666663,0.001530970626452691
498.25,0.0010019451023394036
498.3333333333333,0.0018515514799045973
498.41666666666663,0.00035453209284867516
498.5,0.0005016790200392756
498.5833333333333,0.0005069902643498775
498.66666666666663,0.0009852868630557318
498.75,0.0007760170086550804
498.8333333333333,0.0003835104524078063
498.91666666666663,0.000504929674220622
499.0,0.0002907387592067831
499.0833333333333,0.0008968141875670748
499.16666666666663,0.0020134765311734066
499.25,0.0019815144793350137
499.3333333333333,0.0004148775757272127
499.41666666666663,0.0005837810739557541
499.5,0.0019160669123459962
499.5833333333333,0.0015735577733208181
499.66666666666663,0.00020610241526715514
499.75,0.0005622936007599903
499.8333333333333,0.000677813068643495
499.91666666666663,0.00109780707112754
500.0,0.00036163739117843073
500.0833333333333,0.0009841530088216615
500.16666666666663,0.0010100990914139539
500.25,0.00040113051768258726
500.3333333333333,0.0005712811918697433
500.41666666666663,0.0005388292448537147
500.5,0.00045004017919161735
500.5833333333333,0.0006493585351613119
500.66666666666663,0.0007842212166669651
500.75,0.0003992426815083077
500.8333333333333,0.0018892420453192817
500.91666666666663,0.0023344693108328274
501.0,0.0015329668388718886
501.0833333333333,0.00121630357788901
501.16666666666663,0.0010976224523724378
501.25,0.0011593948393902342
501.3333333333333,0.0015261912494882568
501.41666666666663,0.0010021957047454254
501.5,0.0005523675241044599
501.5833333333333,0.0008841486074700433
501.66666666666663,0.0010121968750799002
501.75,0.0015206578535159657
501.8333333333333,0.0018822243561347229
501.91666666666663,0.0019335695280671954
502.0,0.0015623121418117003
502.0833333333333,0.0006813135923052496
502.16666666666663,0.0017534455966376652
502.25,0.0016553099652708775
502.3333333333333,0.0017652443159014094
502.41666666666663,0.0010352032053371227
502.5,0.0009473688248857006
502.5833333333333,0.0024607415897061977
502.66666666666663,0.001695755292637148
502.75,0.0007832391151902085
502.8333333333333,0.0011770534171753227
502.91666666666663,0.0012147142446982972
503.0,0.002095537243455373
503.0833333333333,0.0025934124596449534
503.16666666666663,0.0017744768316777877
503.25,0.0013396637137384274
503.3333333333333,0.0003190694775631058
503.41666666666663,0.0013782799733812975
503.5,0.0012158370723927255
503.5833333333333,0.0017795373284833806
503.66666666666663,0.002316941483731275
503.75,0.0017012267699514898
503.8333333333333,0.001405278361929165
503.91666666666663,0.0009784847563865892
504.0,0.0004593555538210962
504.0833333333333,0.001578999314910513
504.16666666666663,0.001066484898994529
504.25,0.0008980846809770428
504.3333333333333,0.0005067646710163961
504.41666666666663,0.0005653964623673453
504.5,0.0010553987457797421
504.5833333333333,0.0004991489898170399
504.66666666666663,0.0009755181975230054
504.75,0.00041300205495414365
504.8333333333333,0.0005353626276746094
504.91666666666663,0.0005847572913960415
505.0,0.0009818268768161113
505.0833333333333,0.0008057830356712766
505.16666666666663,0.0013104871391531338
505.25,0.0011623842957426485
505.3333333333333,0.0008165043035086595
505.41666666666663,0.0012546898107737067
505.5,0.0020876971571949297
505.5833333333333,0.0020104602088164224
505.66666666666663,0.0015168879637750645
505.75,0.000504391009761791
505.8333333333333,0.0009421229365528077
505.91666666666663,0.0009219362344419612
506.0,0.0018569867044951262
506.0833333333333,0.0014375951270013045
506.16666666666663,0.0007462044998192793
506.25,0.0007582852764936595
506.3333333333333,0.0012639337109646954
506.41666666666663,0.0013117436713448287
506.5,0.0013204232927897816
506.5833333333333,0.0006117208259108982
506.66666666666663,0.001078716168826849
506.75,0.0016988402762064569
506.8333333333333,0.0018567418595769232
506.91666666666663,0.0008981776492230448
507.0,0.0010405638791334377
507.0833333333333,0.0007083532998736837
507.16666666666663,0.000626120895966771
507.25,0.0006233842056690091
507.3333333333333,0.0011209802602681884
507.41666666666663,0.0001782716818623484
507.5,0.0006713588464678385
507.5833333333333,0.0014110844441067077
507.66666666666663,0.002063075109599411
507.75,0.0016905720919855117
507.8333333333333,0.0011356948124087
507.91666666666663,0.0012266547631116524
508.0,0.001461505109772995
508.0833333333333,0.0005638672740537487
508.16666666666663,0.0008595104708415213
508.25,0.00047724264977942206
508.3333333333333,0.0005660833436611697
508.41666666666663,0.002104544223292028
508.5,0.0018534395679834508
508.5833333333333,0.0009616206972422191
508.66666666666663,0.0008846983573999853
508.75,0.0017170785172636509
508.8333333333333,0.002050403478439187
508.91666666666663,0.0012135055944115475
509.0,0.0005760788889917387
509.0833333333333,0.0010845808254401968
509.16666666666663,0.0005953504596973857
509.25,0.001483235549863503
509.3333333333333,0.0005083939287239415
509.41666666666663,0.0003608955054879477
509.5,0.0004581228804505362
509.5833333333333,0.0010501810577803231
509.66666666666663,0.0004717053554162351
509.75,0.0008381843200768368
509.8333333333333,0.0008227343933448385
509.91666666666663,0.001207117725820711
510.0,0.00015784132598081023
510.0833333333333,0.00024426967221661156
510.16666666666663,0.0005131724130605258
510.25,0.0007425960628513916
510.3333333333333,0.00148785921997809
510.41666666666663,0.0014025956329927018
510.5,0.0015850423073308969
510.5833333333333,0.0017208766359681443
510.66666666666663,0.0012918382012692318
510.75,0.0017912126010481443
510.8333333333333,0.00037803838374932147
510.91666666666663,0.00032429314052655634
511.0,0.0003399434830886209
511.0833333333333,0.00043416676002348175
511.16666666666663,0.0017070758435978276
511.25,0.001326425171236183
511.3333333333333,0.001447180569241451
511.41666666666663,0.001457948903514818
511.5,0.0012594343444449839
511.5833333333333,0.000510287237177653
511.66666666666663,0.0005877022855275011
511.75,0.001877148430528367
511.8333333333333,0.002368639001492799
511.91666666666663,0.0009717638782422212
512.0,0.00041609709161728986
512.0833333333333,0.00027956327255114765
512.1666666666666,0.0008010654220314048
512.25,0.0006417225719469265
512.3333333333333,0.0002835341193190875
512.4166666666666,0.0005029910106359234
512.5,0.0005847532602868021
512.5833333333333,0.0004848974353809912
512.6666666666666,0.0015521069034040444
512.75,0.0019719461080419734
512.8333333333333,0.0011007183151731852
512.9166666666666,0.0021534224858541823
513.0,0.0011514594529818205
513.0833333333333,0.0005746916609869458
513.1666666666666,0.001134186447339799
513.25,0.00124334525321122
513.3333333333333,0.0017907299425746147
513.4166666666666,0.0010158441710373535
513.5,0.0008021498514405831
513.5833333333333,0.0011554742824009113
513.6666666666666,0.0003444822679317535
513.75,0.0007846385707772975
513.8333333333333,0.0008078922224433182
513.9166666666666,0.001199071278300094
514.0,0.0005881306188645323
514.0833333333333,0.002220738858497891
514.1666666666666,0.0009412770280612389
514.25,0.0006011865750074251
514.3333333333333,0.0009484342325428754
514.4166666666666,0.0014600296318474403
514.5,0.001037449125917436
514.5833333333333,0.0010992477783895573
514.6666666666666,0.0008186767912608745
514.75,0.00047407358593105925
514.8333333333333,0.00044432194552667737
514.9166666666666,0.0016755818206941459
515.0,0.0010764257922368486
515.0833333333333,0.0010167857871345822
515.1666666666666,0.0021547630411676193
515.25,0.0011738947726751396
515.3333333333333,0.0008192939308978307
515.4166666666666,0.0018642464006128478
515.5,0.001455061099217237
515.5833333333333,0.0017527578020980013
515.6666666666666,0.0007414227651771015
515.75,0.001383318871951401
515.8333333333333,0.0022353107619176604
515.9166666666666,0.0011737590264516585
516.0,0.001304388089382696
516.0833333333333,0.001966897682109664
516.1666666666666,0.0017530993085442337
516.25,0.002167829224852348
516.3333333333333,0.002528938952595675
516.4166666666666,0.0009273693285837284
516.5,0.0004975826815636893
516.5833333333333,0.00040285332982484924
516.6666666666666,0.000982850993819007
516.75,0.0009041692967076979
516.8333333333333,0.0009392307963742555
516.9166666666666,0.0008153071156769427
517.0,0.0014199964377987304
517.0833333333333,0.0027509602348549434
517.1666666666666,0.002091060959100815
517.25,0.0007266853506629659
517.3333333333333,0.0002913771889091683
517.4166666666666,0.0005598101913397214
517.5,0.0007439290239591726
517.5833333333333,0.000976956949779803
517.6666666666666,0.0012559909691903447
517.75,0.00033238680161260144
517.8333333333333,0.0010841655855308413
517.9166666666666,0.001996510035913993
518.0,0.002012786434317042
518.0833333333333,0.001690559585917145
518.1666666666666,0.000351369448776476
518.25,0.0005830223387412423
518.3333333333333,0.0018589172061383554
518.4166666666666,0.0031494210998383393
518.5,0.0022608840196424525
518.5833333333333,0.0019881182248574036
518.6666666666666,0.00157994761242216
518.75,0.0005884595626047111
518.8333333333333,0.0003334669679598917
518.9166666666666,0.0008945618034704647
519.0,0.0008031747398920196
519.0833333333333,0.0009332121254504919
519.1666666666666,0.0015895215048766119
519.25,0.0020606485579728433
519.3333333333333,0.0011764560967537
519.4166666666666,0.0003448510839628355
519.5,0.0011451320114444308
519.5833333333333,0.0021011102966514016
519.6666666666666,0.0012239071114202584
519.75,0.0005727871927374288
519.8333333333333,0.0013135622723005939
519.9166666666666,0.0008580969400627811
520.0,0.0009085321237797347
520.0833333333333,0.0012420131367824393
520.1666666666666,0.0013185646010595799
520.25,0.001790320025416851
520.3333333333333,0.002198382332663548
520.4166666666666,0.0006758962749892999
520.5,0.0008345229142837221
520.5833333333333,0.0005890851154208483
520.6666666666666,0.0012930201106968703
520.75,0.00093886601044855
520.8333333333333,0.0007847388143288827
520.9166666666666,0.00047295023050104845
521.0,0.0003713134723994876
521.0833333333333,0.000625160295150352
521.1666666666666,0.0001325470282353617
521.25,0.0011563568496586504
521.3333333333333,0.0007634441319031986
521.4166666666666,0.0008373628719287859
521.5,0.0006909420277447945
521.5833333333333,0.0006577110017901237
521.6666666666666,0.0015809190824942767
521.75,0.001974359368971152
521.8333333333333,0.0021804375316251535
521.9166666666666,0.00039654770932992896
522.0,0.0007353513055726115
522.0833333333333,0.0020885754589201285
522.1666666666666,0.002002170774981222
522.25,0.0014165369112109063
522.3333333333333,0.0009487759456166834
522.4166666666666,0.0007511142093006341
522.5,0.00150193360277696
522.5833333333333,0.00209775661816224
522.6666666666666,0.0019206407434954388
522.75,0.00023489483475402665
522.8333333333333,0.0016752409388506961
522.9166666666666,0.0022072169813424193
523.0,0.0009474876452284304
523.0833333333333,0.00036348361854453406
523.1666666666666,0.0009883178545120111
523.25,0.0017575599104476208
523.3333333333333,0.001599367825103039
523.4166666666666,0.0013201155004662958
523.5,0.0007100860576140653
523.5833333333333,0.00035305399921964483
523.6666666666666,0.0015724070375492446
523.75,0.0008210356133828543
523.8333333333333,0.0009131417055928237
523.9166666666666,0.0014575365501159762
524.0,0.0022365215820752543
524.0833333333333,0.0018590926550000387
524.1666666666666,0.000892912086071469
524.25,0.0006349763365295337
524.3333333333333,0.0012442138680771818
524.4166666666666,0.0007834516131172679
524.5,0.0012687464411306661
524.5833333333333,0.0009208107598270554
524.6666666666666,0.0004901835895105639
524.75,0.0005294369577780924
524.8333333333333,0.000181433639666653
524.9166666666666,0.00022828659720568566
525.0,0.0004405450437278528
525.0833333333333,0.0007825828970350695
525.1666666666666,0.000685535466256787
525.25,0.0010010948223419648
525.3333333333333,0.0002840450093256573
525.4166666666666,0.0013253220509928435
525.5,0.0019080282738303499
525.5833333333333,0.0008501035845112798
525.6666666666666,0.0004698881238555207
525.75,0.0006193008421092574
525.8333333333333,0.0004823048127017689
525.9166666666666,0.0007290682018023395
526.0,0.001451272686048124
526.0833333333333,0.0008758613110384268
526.1666666666666,0.00036623434009246163
526.25,0.0007041384020352917
526.3333333333333,0.000928286654467539
526.4166666666666,0.0016075123826574742
526.5,0.0012230929089960217
526.5833333333333,0.0013292374947058694
526.6666666666666,0.00020674277695311997
526.75,0.000924377832930518
526.8333333333333,0.0005075451507163103
526.9166666666666,0.0008781281978468612
527.0,0.0006387255184164753
527.0833333333333,0.0004969935816851881
527.1666666666666,0.0010844242171305408
527.25,0.0006155143395760618
527.3333333333333,0.0019302324318502006
527.4166666666666,0.0029517884003277305
527.5,0.0015984472870113587
527.5833333333333,0.0017220414341062827
527.6666666666666,0.001279664474996545
527.75,0.0010996493996831558
527.8333333333333,0.0012818611034955403
527.9166666666666,0.0009956440815875325
528.0,0.0006570829831604723
528.0833333333333,0.0010624346103874998
528.1666666666666,0.0015782508559986114
528.25,0.0016876124949483534
528.3333333333333,0.0013021846918064247
528.4166666666666,0.0012280058583705516
528.5,0.0010047054809699655
528.5833333333333,0.000845567281269216
528.6666666666666,0.0002581560430081247
528.75,0.00028965589290499126
528.8333333333333,0.00032015858557961786
528.9166666666666,0.0005277589237368412
529.0,0.0011987493969939714
529.0833333333333,0.0008963089406406109
529.1666666666666,0.0010584008008349762
529.25,0.0015956155288451483
529.3333333333333,0.0008680965013927683
529.4166666666666,0.0009880262038046875
529.5,0.0015202589865683954
529.5833333333333,0.0011771955827072282
529.6666666666666,0.0008800111667459107
529.75,0.0004006146520419562
529.8333333333333,0.0007124989370499806
529.9166666666666,0.00035069336006092434
530.0,0.0003790813187870459
530.0833333333333,0.0008341444417696581
530.1666666666666,0.0017279488901296275
530.25,0.0008152940233805936
530.3333333333333,0.0006651633615490542
530.4166666666666,0.0006500668115226428
530.5,0.001982559972409925
530.5833333333333,0.0013814744608513052
530.6666666666666,0.0005110590327418815
530.75,0.0014827654252662064
530.8333333333333,0.001386665524896578
530.9166666666666,0.0015247091949911673
531.0,0.001977934177920567
531.0833333333333,0.0020988434604545733
531.1666666666666,0.0016353275758932968
531.25,0.001313779162000812
531.3333333333333,0.0019151703332897358
531.4166666666666,0.0012953781120490435
531.5,0.0007764850095216219
531.5833333333333,0.0011435540063365038
531.6666666666666,0.00036766893279655845
531.75,0.000174774263510605
531.8333333333333,0.0012333634361484911
531.9166666666666,0.001150721217351994
532.0,0.0005318459661154294
532.0833333333333,0.0003995956990586159
532.1666666666666,0.000963064833602502
532.25,0.0006346941690497455
532.3333333333333,0.0013915570019325532
532.4166666666666,0.0015147758204831932
532.5,0.000782612646868298
532.5833333333333,0.0009109573868342111
532.6666666666666,0.0016191872537155115
532.75,0.0024431552000705086
532.8333333333333,0.0013439866267586451
532.9166666666666,0.00042867111738700283
533.0,0.00031585971686175993
533.0833333333333,0.0003369518854284318
533.1666666666666,0.00047486060227065166
533.25,0.0011627383130714776
533.3333333333333,0.0019920418368409797
533.4166666666666,0.0023604177600467487
533.5,0.0008974012582052285
533.5833333333333,0.0009758813866879736
533.6666666666666,0.0015358375060590438
533.75,0.0011084170638316364
533.8333333333333,0.001520119496324337
533.9166666666666,0.0018526618315417647
534.0,0.0018446775829204006
534.0833333333333,0.0024842710969801905
534.1666666666666,0.0015870284756053074
534.25,0.0004059402899453046
534.3333333333333,0.0010792121763002738
534.4166666666666,0.00047974034720483794
534.5,0.00081138565650405
534.5833333333333,0.0013717534521543863
534.6666666666666,0.00126345587520685
534.75,0.0013823206069667948
534.8333333333333,0.0017374112198342562
534.9166666666666,0.0008184279128667614
535.0,0.0015447330905140376
535.0833333333333,0.0015078407006177694
535.1666666666666,0.0016064821995339614
535.25,0.0015292743552701095
535.3333333333333,0.001095498709219487
535.4166666666666,0.0004994481381756905
535.5,0.0006692890849452198
535.5833333333333,0.0011526469731428862
535.6666666666666,0.0014407686676791232
535.75,0.0006876763556214565
535.8333333333333,0.0007557878718598688
535.9166666666666,0.0011834213944230672
536.0,0.001273432705999912
536.0833333333333,0.0011209669567209654
536.1666666666666,0.0014786668658877942
536.25,0.0013265878917051545
536.3333333333333,0.0004238150080467592
536.4166666666666,0.00029825338794187725
536.5,0.0005970852611401522
536.5833333333333,0.0005342955493720264
536.6666666666666,0.0003283791246689393
536.75,0.0010703635159692287
536.8333333333333,0.001735436331988187
536.9166666666666,0.001395425721467211
537.0,0.0009833168912537903
537.0833333333333,0.0007953963000170164
537.1666666666666,0.001198122436743943
537.25,0.001334602075166283
537.3333333333333,0.0013542205788247554
537.4166666666666,0.001848078999274458
537.5,0.0019588964236785184
537.5833333333333,0.0009642458209411909
537.6666666666666,0.0007083645292077356
537.75,0.000965739052363201
537.8333333333333,0.0016695143764293915
537.9166666666666,0.002441736247750001
538.0,0.0018543465470765568
538.0833333333333,0.0001613626349028499
538.1666666666666,0.0008788306709341196
538.25,0.0011711720104479917
538.3333333333333,0.001661855106369535
538.4166666666666,0.0014057432594430056
538.5,0.002454352989055181
538.5833333333333,0.003137374658549661
538.6666666666666,0.0018915054038568975
538.75,0.0012852657354463202
538.8333333333333,0.0032123339257614566
538.9166666666666,0.002188734074039077
539.0,0.0006611343221150481
539.0833333333333,0.0003682799549561815
539.1666666666666,0.001213611595770802
539.25,0.002339031157145213
539.3333333333333,0.0021842888613534082
539.4166666666666,0.00103047295680381
539.5,0.002427475910411149
539.5833333333333,0.00211926611879581
539.6666666666666,0.00034604795340608806
539.75,0.0005677145005486493
539.8333333333333,0.0013799671258587034
539.9166666666666,0.0007460743035923178
540.0,0.0009148116919293407
540.0833333333333,0.0017033966424566235
540.1666666666666,0.002114555180413973
540.25,0.0008604753541006742
540.3333333333333,0.0011574192500874354
540.4166666666666,0.0016076390360751371
540.5,0.0011578687126864002
540.5833333333333,0.0012641051424784997
540.6666666666666,0.0012080767754365123
540.75,0.0004200141607800188
540.8333333333333,0.0011660481297071756
540.9166666666666,0.0011554230169305386
541.0,0.0002685471790374265
541.0833333333333,0.0014234651981392351
541.1666666666666,0.0007764952195195228
541.25,0.001478043873912832
541.3333333333333,0.0019475631103570913
541.4166666666666,0.0016033477511464087
541.5,0.0003633945527390229
541.5833333333333,0.00103060550089211
541.6666666666666,0.0011715484977121917
541.75,0.0006432920155116957
541.8333333333333,0.0003035433396539548
541.9166666666666,0.0003013369020305538
542.0,0.001449981421756017
542.0833333333333,0.0011723652582529198
542.1666666666666,0.0017520073332150292
542.25,0.0014334225664566706
542.3333333333333,0.0008109384664742428
542.4166666666666,0.0008956894577809444
542.5,0.0007241579082330233
542.5833333333333,0.0017566216660356913
542.6666666666666,0.001335320245775448
542.75,0.0006638645341859602
542.8333333333333,0.00014894031906875383
542.9166666666666,0.001519027355785073
543.0,0.0020646122524706602
543.0833333333333,0.0009670666509409077
543.1666666666666,0.002229852036168213
543.25,0.0030716998421272098
543.3333333333333,0.0015145718027385132
543.4166666666666,0.0010258339796230798
543.5,0.0013162576563143838
543.5833333333333,0.0015909679941132557
543.6666666666666,0.0020673293525793877
543.75,0.0018328501166399338
543.8333333333333,0.0009378448124954658
543.9166666666666,0.00038122170158039616
544.0,0.0008842624549871037
544.0833333333333,0.0018977443174343698
544.1666666666666,0.0020677215148849357
544.25,0.0013772857850104442
544.3333333333333,0.0002858170565216405
544.4166666666666,0.0009170994011199294
544.5,0.0013679429615343268
544.5833333333333,0.0003881557871382726
544.6666666666666,0.0004391233401000387
544.75,0.0010357423625106856
544.8333333333333,0.0005790594077776462
544.9166666666666,0.002343219664292481
545.0,0.001460016961599674
545.0833333333333,0.0007967317230952072
545.1666666666666,0.0008769300755788113
545.25,0.0012820537366851575
545.3333333333333,0.001128393169570238
545.4166666666666,0.0005196901274788794
545.5,0.0005628449100284234
545.5833333333333,0.0006817707942408515
545.6666666666666,0.0008678876529577354
545.75,0.0008603467854029092
545.8333333333333,0.0006699058007165814
545.9166666666666,0.0009437942705440149
546.0,0.00013004346754394734
546.0833333333333,0.0017997647257883087
546.1666666666666,0.0015885571992357407
546.25,0.0006844885653050648
546.3333333333333,0.0013886628479192799
546.4166666666666,0.0006245058362192393
546.5,0.00047485947507641424
546.5833333333333,0.00018013041898676076
546.6666666666666,0.0006665773724967767
546.75,0.0010303052201016537
546.8333333333333,0.0014484356885629424
546.9166666666666,0.001743136853617036
547.0,0.000982514687343735
547.0833333333333,0.00013563947275035384
547.1666666666666,0.0007945526589410116
547.25,0.0018493704054647411
547.3333333333333,0.0016457388516314102
547.4166666666666,0.0015131340500096375
547.5,0.002507735750620285
547.5833333333333,0.001778461351334548
547.6666666666666,0.0010604227956591467
547.75,0.0021204560341494816
547.8333333333333,0.0015892839554733549
547.9166666666666,0.0004091546126699263
548.0,0.0009776548455179572
548.0833333333333,0.0017266521237233987
548.1666666666666,0.002084327956545304
548.25,0.001269924082295725
548.3333333333333,0.0004700700861923579
548.4166666666666,0.0010227044044722733
548.5,0.0008128115105052081
548.5833333333333,0.0007317114163760194
548.6666666666666,0.002045868964145544
548.75,0.0010366750829744681
548.8333333333333,0.0012833935903182236
548.9166666666666,0.0015152014842974566
549.0,0.0014190238361644918
549.0833333333333,0.0012953004370195456
549.1666666666666,0.001537728841333696
549.25,0.0003389106180112698
549.3333333333333,0.0004546599494854526
549.4166666666666,0.0004985997576213187
549.5,0.00020342826164519297
549.5833333333333,0.0007795884163703025
549.6666666666666,0.0003251451519337489
549.75,0.0006872912618250708
549.8333333333333,0.0010767836144095495
549.9166666666666,0.0014572618435156036
550.0,0.0016665623718675859
550.0833333333333,0.0015735808830616932
550.1666666666666,0.0011812899603831936
550.25,0.0008354252720171773
550.3333333333333,0.0007011783266653805
550.4166666666666,0.0007932343804409217
550.5,0.0014642218652704665
550.5833333333333,0.0013656598971031214
550.6666666666666,0.0019618038426758044
550.75,0.0017894510838721211
550.8333333333333,0.0014637322449890572
550.9166666666666,0.0015552229231303486
551.0,0.0018407975884048588
551.0833333333333,0.0009019007907639933
551.1666666666666,0.000970626446752498
551.25,0.0011246693026944774
551.3333333333333,0.0005428060299352645
551.4166666666666,0.000643895562917226
551.5,0.0004815414261630708
551.5833333333333,0.0008757753509902109
551.6666666666666,0.0003639636529698836
551.75,0.0025603209974259314
551.8333333333333,0.0022935287345772545
551.9166666666666,0.0009172946169261185
552.0,0.0004395598065597437
552.0833333333333,0.00035240330320411486
552.1666666666666,0.0011309066678240052
552.25,0.0014921662727902729
552.3333333333333,0.0009447801963031755
552.4166666666666,0.0012120063109011205
552.5,0.0008438879590308025
552.5833333333333,0.0010381921558716986
552.6666666666666,0.0009117764213081571
552.75,0.0008888067701623607
552.8333333333333,0.0009112779245130516
552.9166666666666,0.00056488502062322
553.0,0.0007022031931184085
553.0833333333333,0.0013612456422029526
553.1666666666666,0.0009864458731573117
553.25,0.001261278813591327
553.3333333333333,0.0010673485211436697
553.4166666666666,0.0006483111556579384
553.5,0.001036230659395888
553.5833333333333,0.0007628999804726388
553.6666666666666,0.0016324187030061672
553.75,0.0011253231544499334
553.8333333333333,0.0012686610510035182
553.9166666666666,0.0021034970379682064
554.0,0.0009155141412406229
554.0833333333333,0.0011418763966143275
554.1666666666666,0.0005368496037248987
554.25,0.0014147607163165392
554.3333333333333,0.0008745082624275432
554.4166666666666,0.0009311900748496331
554.5,0.0011364517782677542
554.5833333333333,0.0009848789685608882
554.6666666666666,0.0004216756607241353
554.75,0.0006669904874912328
554.8333333333333,6.448501082432087e-05
554.9166666666666,0.0005246643468814078
555.0,0.0009026938330099718
555.0833333333333,0.000955028388380804
555.1666666666666,0.00047570574459459457
555.25,0.0007392327231677778
555.3333333333333,0.001196984232884523
555.4166666666666,0.0004486322918388711
555.5,0.0016545351071340965
555.5833333333333,0.0011920366686431765
555.6666666666666,0.0013442106611738418
555.75,0.001141060847093411
555.8333333333333,0.0005432210048645304
555.9166666666666,0.00036935710698009016
556.0,0.00039099432174723273
556.0833333333333,0.0007852744762529414
556.1666666666666,0.0020956518689955305
556.25,0.002250055017018505
556.3333333333333,0.0013098228416769428
556.4166666666666,0.0026666002104333234
556.5,0.002854030817609392
556.5833333333333,0.0030164151684946433
556.6666666666666,0.001661976096457275
556.75,0.0004385940491878873
556.8333333333333,0.0007840265303755037
556.9166666666666,0.001964122121762397
557.0,0.0022827052919152675
557.0833333333333,0.0012090766676737114
557.1666666666666,0.0009996687067409026
557.25,0.0005782857189883569
557.3333333333333,0.0007527737896050124
557.4166666666666,0.0018528667381163815
557.5,0.0022942635540996303
557.5833333333333,0.0011277260460968096
557.6666666666666,0.00034817756783383293
557.75,0.001820194959533295
557.8333333333333,0.001634320158135909
557.9166666666666,0.001173301190634574
558.0,0.0019874838327002585
558.0833333333333,0.00036788309304308257
558.1666666666666,0.002179958036729616
558.25,0.0024087858368809197
558.3333333333333,0.0019547270270394677
558.4166666666666,0.0020352542229205173
558.5,0.001574643843245361
558.5833333333333,0.0011195822379582903
558.6666666666666,0.0016514817650626426
558.75,0.002497533473436297
558.8333333333333,0.0022986944432996422
558.9166666666666,0.0008315360159857397
559.0,0.000696385873394024
559.0833333333333,0.0008385989337782956
559.1666666666666,0.0004909256703235069
559.25,0.0017005261029136667
559.3333333333333,0.0012397392439939343
559.4166666666666,0.001336920077219718
559.5,0.0019502516625838483
559.5833333333333,0.001786175462066664
559.6666666666666,0.0014870637108203907
559.75,0.0018715134932512833
559.8333333333333,0.000638543297053739
559.9166666666666,0.0006770211257629696
560.0,0.0005451191734904483
560.0833333333333,0.0014565115072028287
560.1666666666666,0.0020539154691733407
560.25,0.0006949343934961849
560.3333333333333,0.0008651931389957476
560.4166666666666,0.000659018239690273
560.5,0.0005568911912502688
560.5833333333333,0.0005570608652494131
560.6666666666666,0.0002350646062384352
560.75,0.0012117458158665286
560.8333333333333,0.001310521534477474
560.9166666666666,0.00028688981274874886
561.0,0.00021733129428406128
561.0833333333333,0.0009530809455588344
561.1666666666666,0.0014510510072389372
561.25,0.0005574332355595946
561.3333333333333,0.0006343379789374104
561.4166666666666,0.0011638778025124254
561.5,0.001460179032411107
561.5833333333333,0.00187393143463409
561.6666666666666,0.002296992193622643
561.75,0.0010761863377534238
561.8333333333333,0.001563589180987894
561.9166666666666,0.002149013423437839
562.0,0.0016257806430827262
562.0833333333333,0.00041182035275363416
562.1666666666666,0.0022072433834105358
562.25,0.0011257336148301612
562.3333333333333,0.0002028557200257976
562.4166666666666,0.0011643950228867885
562.5,0.001217054481941024
562.5833333333333,0.0005354659756469024
562.6666666666666,0.0006687325991320432
562.75,0.00035008757997973786
562.8333333333333,0.0010650002689733388
562.9166666666666,0.0009662713322554795
563.0,0.001246783439186464
563.0833333333333,0.0013329178071547875
563.1666666666666,0.0006896110260874094
563.25,0.00023405428107260804
563.3333333333333,0.0011303682191155292
563.4166666666666,0.0023701270631523515
563.5,0.0016398024367744893
563.5833333333333,0.0005966499602121849
563.6666666666666,0.0011128944970247078
563.75,0.0008630725286117435
563.8333333333333,0.0008538761772725398
563.9166666666666,0.0006932140907653557
564.0,0.0013723794720398952
564.0833333333333,0.0022376770571805988
564.1666666666666,0.0035010165404349637
564.25,0.003276468852891086
564.3333333333333,0.001894330348766425
564.4166666666666,0.0010941560365065285
564.5,0.001243843172149191
564.5833333333333,0.0011207010785143326
564.6666666666666,0.0005856426432357336
564.75,0.00064788955813439
564.8333333333333,0.0009563741121939339
564.9166666666666,0.0016217093564265042
565.0,0.0010928201968684553
565.0833333333333,0.00045423268083183806
565.1666666666666,0.00048691277069355226
565.25,0.0017261135779068
565.3333333333333,0.002263536701283308
565.4166666666666,0.0017361941543678164
565.5,0.0008612580034671524
565.5833333333333,0.001221119886651299
565.6666666666666,0.002524286092543744
565.75,0.0029163950583696386
565.8333333333333,0.0035006897570936443
565.9166666666666,0.0018443308379640358
566.0,0.0004121786327895184
566.0833333333333,0.0005767151047179508
566.1666666666666,0.0007953768759709004
566.25,0.0011285830938520009
566.3333333333333,0.0013239962649264454
566.4166666666666,0.0023341838750444485
566.5,0.0020553857896542745
566.5833333333333,0.0013177500538112661
566.6666666666666,0.0016813320167570808
566.75,0.0016024684351528859
566.8333333333333,0.0017751791672527852
566.9166666666666,0.0016891183046108915
567.0,0.001069114550931816
567.0833333333333,0.0008943396071541754
567.1666666666666,0.0007845239406551812
567.25,0.0006792656770047721
567.3333333333333,0.0003194122647283495
567.4166666666666,0.000637006006561402
567.5,0.0005879871691574223
567.5833333333333,0.0003069409018425377
567.6666666666666,0.0014656748835809392
567.75,0.0018223572012400976
567.8333333333333,0.0006252213254621593
567.9166666666666,0.0010533511752589355
568.0,0.0006768415189058599
568.0833333333333,0.0009850536047732237
568.1666666666666,0.0010315843038151032
568.25,0.0019667575790717983
568.3333333333333,0.0019071960064883872
568.4166666666666,0.0013784999401177133
568.5,0.0010538994148844366
568.5833333333333,0.0011105254429003538
568.6666666666666,0.00022320565839078552
568.75,0.0007563781375291082
568.8333333333333,0.0007875741463941102
568.9166666666666,0.00019755074505335718
569.0,0.00204200294549113
569.0833333333333,0.0030482954822196903
569.1666666666666,0.0019728262902456452
569.25,0.0005931896914907509
569.3333333333333,0.0006260486625152413
569.4166666666666,0.001525829346570228
569.5,0.000989721518613719
569.5833333333333,0.0005382169878546418
569.6666666666666,0.0008967335558832441
569.75,0.0012974106832671056
569.8333333333333,0.0009221312241410366
569.9166666666666,0.0007209975416925986
570.0,0.0014249137910196104
570.0833333333333,0.0028976873827309805
570.1666666666666,0.003338167393620412
570.25,0.0017572087984005654
570.3333333333333,0.0005379752548805065
570.4166666666666,0.0006684351686732606
570.5,0.0008261315858055514
570.5833333333333,0.001409744087024247
570.6666666666666,0.002734632931811256
570.75,0.0008254227946779325
570.8333333333333,0.0013756857600645874
570.9166666666666,0.0005536218120039132
571.0,0.00018368571326811677
571.0833333333333,0.0008098678286892043
571.1666666666666,0.0007687709103701432
571.25,0.0009630838732971158
571.3333333333333,0.0012271524002794231
571.4166666666666,0.0006800588435931178
571.5,0.0012691399743846325
571.5833333333333,0.0014907554138302477
571.6666666666666,0.0011078968656017955
571.75,0.0013788002664881312
571.8333333333333,0.0012225746885280245
571.9166666666666,0.001555821830864817
572.0,0.0022458464056877656
572.0833333333333,0.0006884251223406167
572.1666666666666,0.0006631604091446704
572.25,0.001112380215364817
572.3333333333333,0.0010597724673804423
572.4166666666666,0.0010886937448817034
572.5,0.0012420064378533503
572.5833333333333,0.0008540238719764588
572.6666666666666,0.0011959527766846618
572.75,0.002383869503515544
572.8333333333333,0.0012608068130918648
572.9166666666666,0.0010985290716644346
573.0,0.0013627088205030115
573.0833333333333,0.0009701238886823644
573.1666666666666,0.0013988718922258942
573.25,0.0004812200219949031
573.3333333333333,0.0013050066748840836
573.4166666666666,0.00044378688257299504
573.5,0.0012102355917711306
573.5833333333333,0.0008782451698612406
573.6666666666666,0.002270196308769789
573.75,0.0018822100037729297
573.8333333333333,0.0007498356286408653
573.9166666666666,0.0006632855518605266
574.0,0.0010004295764774545
574.0833333333333,0.0013522845168356867
574.1666666666666,0.002067651613302548
574.25,0.0014991969859623022
574.3333333333333,0.0016556877624477762
574.4166666666666,0.0008012082754965254
574.5,0.0007097693203282646
574.5833333333333,0.00025370618016723836
574.6666666666666,0.0013391971259768811
574.75,0.0006182371125306632
574.8333333333333,0.0005557734710630036
574.9166666666666,0.0008124163942781984
575.0,0.0017459878409926133
575.0833333333333,0.0017154591916305978
575.1666666666666,0.0017218195695500099
575.25,0.0018710264866789086
575.3333333333333,0.00023551139846336028
575.4166666666666,0.0017583169265237288
575.5,0.0015817832706594025
575.5833333333333,0.0005525799668762016
575.6666666666666,0.001973462645609068
575.75,0.0016579958949215314
575.8333333333333,0.0010045818431756502
575.9166666666666,0.0005635323157806184
576.0,0.0004492312925358051
576.0833333333333,0.0010892670395750371
576.1666666666666,0.0012847770552845707
576.25,0.001319130846924093
576.3333333333333,0.0009485024714508789
576.4166666666666,0.00021192334028660367
576.5,0.0003786565275412287
576.5833333333333,0.0002615813891593531
576.6666666666666,0.002246649039815428
576.75,0.0031321982209342233
576.8333333333333,0.0019480748338588864
576.9166666666666,0.0015478458472504865
577.0,0.0022869135071600516
577.0833333333333,0.0021325017360717133
577.1666666666666,0.002144437775216811
577.25,0.0012681028196041058
577.3333333333333,0.0003865846274206603
577.4166666666666,0.00039313564577815016
577.5,0.0009824476450609823
577.5833333333333,0.0010291318332087732
577.6666666666666,0.0017391819563157653
577.75,0.0021009327447643823
577.8333333333333,0.0017948752870980285
577.9166666666666,0.0022477908211470748
578.0,0.001946532147347319
578.0833333333333,0.0010819307714313778
578.1666666666666,0.0008648917791976272
578.25,0.0019897673028465165
578.3333333333333,0.00117969060542174
578.4166666666666,0.0013644720107931167
578.5,0.0008140998269964129
578.5833333333333,0.000576866593150604
578.6666666666666,0.00014010416558622648
578.75,9.630069976571514e-05
578.8333333333333,0.00024166223360107833
578.9166666666666,0.0009621798416889346
579.0,0.0010455936802978938
579.0833333333333,0.0021732041307483295
579.1666666666666,0.0009405730796287512
579.25,0.0017316809867515303
579.3333333333333,0.0011754553916405882
579.4166666666666,0.0012827130074975833
579.5,0.0024975064430807084
579.5833333333333,0.0027907967696949396
579.6666666666666,0.0010972180032751441
579.75,0.0007838628380670821
579.8333333333333,0.0006463560646482002
579.9166666666666,0.0010765491516652316
580.0,0.0012252874165509797
580.0833333333333,0.00014009655805090812
580.1666666666666,0.00025506013351781035
580.25,0.0010118353953160316
580.3333333333333,0.001318355008813288
580.4166666666666,0.0008657298177299654
580.5,0.0019755542357923943
580.5833333333333,0.0006042446113805498
580.6666666666666,0.001166553087184175
580.75,0.001272275088209778
580.8333333333333,0.001047724467033996
580.9166666666666,0.0017596485616408202
581.0,0.0016404156086760597
581.0833333333333,0.0010519915843833715
581.1666666666666,0.0007673542149936992
581.25,0.0010924737129818225
581.3333333333333,0.002229618536858304
581.4166666666666,0.00041725631366805926
581.5,0.0008465777486600692
581.5833333333333,0.0019050744194572308
581.6666666666666,0.0021490999466561873
581.75,0.0016466798730474705
581.8333333333333,0.00035487223790174664
581.9166666666666,0.0006733490422139443
582.0,0.0007836996932832255
582.0833333333333,0.0019004507653243036
582.1666666666666,0.0017288384269977092
582.25,0.0012132890087769147
582.3333333333333,0.0013462240925602744
582.4166666666666,0.0024554772169449205
582.5,0.002784791056449135
582.5833333333333,0.0017639423298243468
582.6666666666666,0.0008669667868605247
582.75,0.0007264934520604915
582.8333333333333,0.001974607520547763
582.9166666666666,0.0013019261185760196
583.0,0.0012868684061023514
583.0833333333333,0.0011958590473211928
583.1666666666666,0.0007417761161747855
583.25,0.0006572194165446289
583.3333333333333,0.0006693707225911436
583.4166666666666,0.0021917607009378105
583.5,0.0013827933747861303
583.5833333333333,0.0012742511114247194
583.6666666666666,0.0016828653821589368
583.75,0.0014703889021184476
583.8333333333333,0.0012154425831172825
583.9166666666666,0.000843521286649927
584.0,0.001122024876810785
584.0833333333333,0.000834163778230392
584.1666666666666,0.0011626316640365253
584.25,0.001387562704814417
584.3333333333333,0.0009050337969677027
584.4166666666666,0.000629794498140288
584.5,0.0006332282867632765
584.5833333333333,0.0006232447757274959
584.6666666666666,0.0011221457692293616
584.75,0.0015953865254948738
584.8333333333333,0.0016855722689795539
584.9166666666666,0.0016986388366822755
585.0,0.0010644771908336834
585.0833333333333,0.00029727522354599644
585.1666666666666,0.00047966459643563393
585.25,0.0002836128708212469
585.3333333333333,0.0008198719226736136
585.4166666666666,0.0008534698213531409
585.5,0.0013201586215678591
585.5833333333333,0.001762638276157936
585.6666666666666,0.0014310094648764687
585.75,0.0008665252923685281
585.8333333333333,0.0016184038146605992
585.9166666666666,0.0032200246531221624
586.0,0.002139197439997678
586.0833333333333,0.0010419811819477806
586.1666666666666,0.0016921121422584795
586.25,0.0010310517718829127
586.3333333333333,0.00017234914128405675
586.4166666666666,0.0008185419278061912
586.5,0.0021684614915076185
586.5833333333333,0.0012753928023758894
586.6666666666666,0.0009264001359034948
586.75,0.0009410033869292477
586.8333333333333,0.001293225861787214
586.9166666666666,0.0010169498735426881
587.0,0.0015996741565142876
587.0833333333333,0.0022460436117398516
587.1666666666666,0.0014259401134811829
587.25,0.0010161951141321585
587.3333333333333,0.0015825374547502565
587.4166666666666,0.001267118903021056
587.5,0.0014763377235195824
587.5833333333333,0.0011513492375407088
587.6666666666666,0.0003772069390180618
587.75,0.00029578623313797684
587.8333333333333,0.00030898063361914173
587.9166666666666,0.0012246838220371053
588.0,0.0010413446703041675
588.0833333333333,0.000689303304320746
588.1666666666666,0.0008306785570466736
588.25,0.0014205356110641107
588.3333333333333,0.0016268209023709607
588.4166666666666,0.0011693420414397367
588.5,0.001484680586231135
588.5833333333333,0.002427493710074832
588.6666666666666,0.0020569458892290737
588.75,0.0003640721536865078
588.8333333333333,0.0006434291932669425
588.9166666666666,0.0013373150878348888
589.0,0.0011483722760165253
589.0833333333333,0.0005539196828381383
589.1666666666666,0.0014149041969162882
589.25,0.0015201425627323823
589.3333333333333,0.0018054320886081744
589.4166666666666,0.001868030831630593
589.5,0.0007413216229373458
589.5833333333333,0.001047744734268751
589.6666666666666,0.0009586330968695006
589.75,0.00024925692535034946
589.8333333333333,0.0005398016370911971
589.9166666666666,0.0013492480140484939
590.0,0.0008417823213969437
590.0833333333333,0.0014141393060553534
590.1666666666666,0.0010104007482151902
590.25,0.0012379702936030478
590.3333333333333,0.0009951118335845856
590.4166666666666,0.0004146475403890295
590.5,0.0003327261379409855
590.5833333333333,0.0005673556466531054
590.6666666666666,0.00044921591818236964
590.75,0.0008861186930729052
590.8333333333333,0.0019838487266462357
590.9166666666666,0.0011148761461090423
591.0,0.00047922805645911505
591.0833333333333,0.0007564505695237221
591.1666666666666,0.0009036432817884461
591.25,0.00036209262215900975
591.3333333333333,0.00027919590056584286
591.4166666666666,0.0005762181731011402
591.5,0.001130642620713715
591.5833333333333,0.0011275074525937529
591.6666666666666,0.0007651104473826962
591.75,0.0010401586051166007
591.8333333333333,0.0026692983103381303
591.9166666666666,0.002602051063617668
592.0,0.0022586458411225563
592.0833333333333,0.0015228617917483088
592.1666666666666,0.0013745946413573757
592.25,0.001775769428022719
592.3333333333333,0.00183081423393374
592.4166666666666,0.0014565978774701515
592.5,0.0006707130430125582
592.5833333333333,0.0016012658489021373
592.6666666666666,0.00244681210227979
592.75,0.0011501387522037266
592.8333333333333,0.0005890031401013917
592.9166666666666,0.001270751997424076
593.0,0.002067638930244745
593.0833333333333,0.0014401239585664705
593.1666666666666,0.0006739936100966054
593.25,0.001122243942443841
593.3333333333333,0.001379830771774831
593.4166666666666,0.0031745879468363563
593.5,0.002008490900126873
593.5833333333333,0.0007316347135661321
593.6666666666666,0.0019091163695537738
593.75,0.0009917184398976924
593.8333333333333,0.0010469178279188167
593.9166666666666,0.0018081249671679609
594.0,0.0009805483587358793
594.0833333333333,0.0008566912558978818
594.1666666666666,0.0006913614413306179
594.25,0.000907197071472731
594.3333333333333,0.0012779950204485024
594.4166666666666,0.0014498606794908174
594.5,0.002292116590665912
594.5833333333333,0.002115432787497471
594.6666666666666,0.0006433285219572861
594.75,0.0014688815558097092
594.8333333333333,0.001815857178669444
594.9166666666666,0.001015963955504795
595.0,0.001879587210660525
595.0833333333333,0.0020987342916226706
595.1666666666666,0.001429411694256171
595.25,0.0007397967141334045
595.3333333333333,0.0004913519199610043
595.4166666666666,0.0009327410365489007
595.5,0.0010508175479694976
595.5833333333333,0.001273057574175621
595.6666666666666,0.0015757129170811174
595.75,0.0007954123560364497
595.8333333333333,0.0005040912546067376
595.9166666666666,0.00042445441859961027
596.0,0.00035249963562627816
596.0833333333333,0.0011605343497384977
596.1666666666666,0.0010409772349673021
596.25,0.0008158670716573409
596.3333333333333,0.0007950402990168241
596.4166666666666,0.00041253855936557426
596.5,0.0002484913143360071
596.5833333333333,0.0014568840440501018
596.6666666666666,0.0021226217846888676
596.75,0.0015574047991269654
596.8333333333333,0.0005016962857222743
596.9166666666666,0.0010154982547678723
597.0,0.0017809445412885702
597.0833333333333,0.0010109108184042865
597.1666666666666,0.0016231238612640633
597.25,0.0006287516155906091
597.3333333333333,0.0015736122806629628
597.4166666666666,0.0021429341791411316
597.5,0.0011099634245292636
597.5833333333333,0.0002964362939107293
597.6666666666666,0.00016353600334252324
597.75,0.0002824180008364576
597.8333333333333,0.0006674750315127124
597.9166666666666,0.0007440946806496393
598.0,0.0007473925226721865
598.0833333333333,0.0018363901285684415
598.1666666666666,0.0017861522983611939
598.25,0.0004239092691635378
598.3333333333333,0.0013603817232101811
598.4166666666666,0.0021943714861021933
598.5,0.0028780410955944365
598.5833333333333,0.0013693916444181304
598.6666666666666,0.0005207657675696882
598.75,0.0020709254472842903
598.8333333333333,0.0023906536243078888
598.9166666666666,0.001467877984807501
599.0,0.0009759989604385848
599.0833333333333,0.0011896482561510851
599.1666666666666,0.0014504596317173638
599.25,0.0011312457744045083
599.3333333333333,0.00018271751601073937
599.4166666666666,0.001501823456700163
599.5,0.002201278075142373
599.5833333333333,0.0013359401384436932
599.6666666666666,0.00041017095805575616
599.75,0.0006059061655297678
599.8333333333333,0.001386701809908157
599.9166666666666,0.0016805666301885325
600.0,0.00046567097605155913
600.0833333333333,0.0013316758149907884
600.1666666666666,0.00122889126335676
600.25,0.0006085124874379531
600.3333333333333,0.0020157263034961364
600.4166666666666,0.0025830223145400337
600.5,0.001598869581769322
600.5833333333333,0.000625194658251915
600.6666666666666,0.0010928529549141656
600.75,0.0007208983852959065
600.8333333333333,0.000702321825740938
600.9166666666666,0.0005387392153474792
601.0,0.0019740255943188605
601.0833333333333,0.002303837609839769
601.1666666666666,0.0010127169114174102
601.25,0.0008845215466327733
601.3333333333333,0.0017069879997573274
601.4166666666666,0.0015899446144361634
601.5,0.0008374810151310409
601.5833333333333,0.001840842038787684
601.6666666666666,0.00266352881545653
601.75,0.0015374887353959553
601.8333333333333,0.0003400589324600044
601.9166666666666,0.0012530848081141977
602.0,0.0010749036326008722
602.0833333333333,0.0011551881334933966
602.1666666666666,0.000339575458428712
602.25,0.000831310090881835
602.3333333333333,0.0006346102264232805
602.4166666666666,0.0005470879747314306
602.5,0.00015769189627526254
602.5833333333333,0.0007989826983195577
602.6666666666666,0.000974692427898141
602.75,0.001146856209473252
602.8333333333333,0.001490228121900391
602.9166666666666,0.0028235248153646725
603.0,0.0026339334642525
603.0833333333333,0.00043305064377899803
603.1666666666666,0.0008959528649232589
603.25,0.0013212880253830439
603.3333333333333,0.0009581090961817661
603.4166666666666,0.0006860341689159071
603.5,0.0009638945964609024
603.5833333333333,0.0002472763473529565
603.6666666666666,0.001193690439805558
603.75,0.0003645323509338148
603.8333333333333,0.0012168543973696843
603.9166666666666,0.0009048138905935472
604.0,0.0005614365513652167
604.0833333333333,0.001725970361422621
604.1666666666666,0.0023273289970470136
604.25,0.0011211942133124973
604.3333333333333,0.0003163583227941042
604.4166666666666,0.00023168829797884542
604.5,0.0011533014759587687
604.5833333333333,0.0007209033534426895
604.6666666666666,0.0014684268374981716
604.75,0.001920152320784027
604.8333333333333,0.001189787924463287
604.9166666666666,0.0005253174924173639
605.0,0.0008848577295537866
605.0833333333333,0.0007687654711212371
605.1666666666666,0.0009076382142679974
605.25,0.0010653209699869792
605.3333333333333,0.002614866227270517
605.4166666666666,0.003248331023600247
605.5,0.0007316434240879002
605.5833333333333,0.000719313894928687
605.6666666666666,0.0004185173908651987
605.75,0.00021583618369790857
605.8333333333333,0.0022216488184970424
605.9166666666666,0.001796816991827041
606.0,0.0005290261813880767
606.0833333333333,0.0007553274256706147
606.1666666666666,0.0008723785987023644
606.25,0.0012564199763404537
606.3333333333333,0.0009591025100487531
606.4166666666666,0.001022440887646264
606.5,0.0008175080682652637
606.5833333333333,0.0011232200799434669
606.6666666666666,0.0012875867944346152
606.75,0.001635890241291078
606.8333333333333,0.0009881517235458925
606.9166666666666,0.0009897986753333254
607.0,0.0012050514110319777
607.0833333333333,0.0010381693643153162
607.1666666666666,0.0008689354289726153
607.25,0.00048409954812077944
607.3333333333333,0.0006951789383956164
607.4166666666666,0.0005365585831973681
607.5,0.001041020366696542
607.5833333333333,0.0009486193883049992
607.6666666666666,0.0005231146801055131
607.75,0.0004721787884611526
607.8333333333333,0.0013390892739022857
607.9166666666666,0.0007433122805616669
608.0,0.0007025999828005527
608.0833333333333,0.000530803975135828
608.1666666666666,0.0008711913241982629
608.25,0.0012934079843620098
608.3333333333333,0.0026054809282862134
608.4166666666666,0.0027182767679320846
608.5,0.0026084998497463915
608.5833333333333,0.001701319594051483
608.6666666666666,0.0006619143744470431
608.75,0.0005817764104368834
608.8333333333333,0.0014409250797161454
608.9166666666666,0.001507790649480579
609.0,0.0012432944236336826
609.0833333333333,0.0008899441289574858
609.1666666666666,0.0007590648455731244
609.25,0.001391054622253747
609.3333333333333,0.0009518083261771893
609.4166666666666,0.00044639714299695186
609.5,0.0009881135497741174
609.5833333333333,0.001101849998325722
609.6666666666666,0.00024250679615336066
609.75,0.0012838567443074452
609.8333333333333,0.001101610167927773
609.9166666666666,0.0011195069076189049
610.0,0.0011112379091485762
610.0833333333333,0.0006981402613793206
610.1666666666666,0.000891010761536777
610.25,0.0009140089506140634
610.3333333333333,0.0018674980957428412
610.4166666666666,0.001005700671344875
610.5,0.0001014298752684321
610.5833333333333,0.0007463236457797925
610.6666666666666,0.0012559276480265799
610.75,0.0008117747032964582
610.8333333333333,0.0004151807833596011
610.9166666666666,0.00028362705692784476
611.0,0.0006436269112524991
611.0833333333333,0.0004500527511132907
611.1666666666666,0.0007514789877468328
611.25,0.0006371480340824157
611.3333333333333,0.0026164785033499466
611.4166666666666,0.002047547798285179
611.5,0.0004740522178699331
611.5833333333333,0.00039880914074840156
611.6666666666666,0.0007252955182903969
611.75,0.0004249076511403138
611.8333333333333,0.0010229872145878726
611.9166666666666,0.0011222009938146023
612.0,0.0005210342748262858
612.0833333333333,0.0013928917413328907
612.1666666666666,0.0019305596146337966
612.25,0.0025107982005602714
612.3333333333333,0.001781670488721779
612.4166666666666,0.00046592542640075917
612.5,0.001418027638266474
612.5833333333333,0.001589119141943734
612.6666666666666,0.0011076985594332873
612.75,0.0002381651959865203
612.8333333333333,0.00011819485291259236
612.9166666666666,0.0007028250183597087
613.0,0.0006387054625476905
613.0833333333333,0.0006000272632330442
613.1666666666666,0.0012199833836054118
613.25,0.0025830380257960577
613.3333333333333,0.0022982310348491314
613.4166666666666,0.0015459613487163021
613.5,0.0008934958213590087
613.5833333333333,0.0004714890537168155
613.6666666666666,0.0007100229607581285
613.75,0.0015309517944143947
613.8333333333333,0.0018930916609022253
613.9166666666666,0.0020751074097545914
614.0,0.0013719982247400303
614.0833333333333,0.002595613485165582
614.1666666666666,0.0024887532937502986
614.25,0.001837035572295525
614.3333333333333,0.0008657524398344473
614.4166666666666,0.0010115293640923465
614.5,0.001411717741663508
614.5833333333333,0.0010673843344019978
614.6666666666666,0.0013830120293904684
614.75,0.001065779086733528
614.8333333333333,0.0018885613171511376
614.9166666666666,0.0014950736165249617
615.0,0.0008069378598118662
615.0833333333333,0.0010747333243528192
615.1666666666666,0.0010433986775063285
615.25,0.0010866074495969045
615.3333333333333,0.0009093774147910837
615.4166666666666,0.0003545527304335987
615.5,0.0004971032192212296
615.5833333333333,0.001298199926895306
615.6666666666666,0.0005366157834119288
615.75,0.0016963283996339871
615.8333333333333,0.0008587101040485126
615.9166666666666,0.0007555752723921352
616.0,0.0009977474123997472
616.0833333333333,0.000629741766201524
616.1666666666666,0.0006537351426569898
616.25,0.00027554328321312
616.3333333333333,0.0005547090326683782
616.4166666666666,0.0005919087203215449
616.5,0.0008396647609728662
616.5833333333333,0.0006504824502369117
616.6666666666666,0.000229731712686463
616.75,0.0003312396382127714
616.8333333333333,0.0006648668073264018
616.9166666666666,0.0006939785761337051
617.0,0.0005913381887899496
617.0833333333333,0.001268974698436667
617.1666666666666,0.0014329702024566708
617.25,0.001217053524309716
617.3333333333333,0.0009107585970191798
617.4166666666666,0.0008481643343758084
617.5,0.0016753635543091696
617.5833333333333,0.00017045311347704792
617.6666666666666,0.001041718219336576
617.75,0.0005944945910082386
617.8333333333333,0.001231277629112073
617.9166666666666,0.0007767699647906955
618.0,0.0007160088602074795
618.0833333333333,0.0012345596328801943
618.1666666666666,0.002234329920000443
618.25,0.002858664475393121
618.3333333333333,0.002456656812358555
618.4166666666666,0.0012816123788240432
618.5,0.0021142256816208656
618.5833333333333,0.0019179976458135685
618.6666666666666,0.0008964529878497646
618.75,0.000974258964829263
618.8333333333333,0.00011389608409463106
618.9166666666666,0.0010861303480135774
619.0,0.0009308654539419961
619.0833333333333,0.0003828306889779408
619.1666666666666,0.0006587496233165732
619.25,0.0007651550522523553
619.3333333333333,0.0008057001289994704
619.4166666666666,0.0011182383037485729
619.5,0.001399027689325598
619.5833333333333,0.00017990272021833057
619.6666666666666,0.0013279949294924423
619.75,0.001094036460800746
619.8333333333333,0.00025786713143155575
619.9166666666666,0.0011378941739146335
620.0,0.0017694183067372335
620.0833333333333,0.0015896523666927025
620.1666666666666,0.000983346976963227
620.25,0.0013524947585424642
620.3333333333333,0.0008578616910813533
620.4166666666666,0.0002300001432559676
620.5,0.000830194726879856
620.5833333333333,0.0014176876854267273
620.6666666666666,0.0007973103355310428
620.75,9.966296524633396e-05
620.8333333333333,0.0005694507927120287
620.9166666666666,0.0006815470357432945
621.0,0.001374423042108236
621.0833333333333,0.0014821138743378109
621.1666666666666,0.0028067611693165274
621.25,0.002097322211917466
621.3333333333333,0.0017379371068670208
621.4166666666666,0.001941175040504908
621.5,0.001568940433280087
621.5833333333333,0.0006427579638206084
621.6666666666666,0.0002704277091341522
621.75,0.0006630538283351764
621.8333333333333,0.0011877994193466278
621.9166666666666,0.00096710333334611
622.0,0.0014253501507751724
622.0833333333333,0.0013833673310883795
622.1666666666666,0.0006842340240032579
622.25,0.000526569726383338
622.3333333333333,0.0018320840698160686
622.4166666666666,0.0016781026181118574
622.5,0.001253863010663935
622.5833333333333,0.0007351161498699186
622.6666666666666,0.0009055938631345014
622.75,0.001533755835765849
622.8333333333333,0.0016226907880342067
622.9166666666666,0.0011975069267683267
623.0,0.0009543174915479795
623.0833333333333,0.001342937548606177
623.1666666666666,0.0013985911366748026
623.25,0.000930067864212487
623.3333333333333,0.0008488696752576046
623.4166666666666,0.0007179811375430801
623.5,0.0006639250057543399
623.5833333333333,0.0010194000024996966
623.6666666666666,0.0011275285926219383
623.75,0.0010531506808973174
623.8333333333333,0.002065851145810751
623.9166666666666,0.000999321921476829
624.0,0.0003477171908965546
624.0833333333333,0.0014222930786930025
624.1666666666666,0.00221612711550998
624.25,0.002156273090501528
624.3333333333333,0.0013382945874517275
624.4166666666666,0.0015788973961202255
624.5,0.001110699786659619
624.5833333333333,0.0002771329372008283
624.6666666666666,0.0011508335704658642
624.75,0.002110081352144902
624.8333333333333,0.0009382132511752979
624.9166666666666,0.0007896894950570286
625.0,0.001259574393724497
625.0833333333333,0.002087262212203598
625.1666666666666,0.000822678000484056
625.25,0.00039024004295805164
625.3333333333333,0.0014760218360187103
625.4166666666666,0.0013064017979761658
625.5,0.0018096754794210866
625.5833333333333,0.0010683675604377363
625.6666666666666,0.0005270752809741686
625.75,0.0014761554863098841
625.8333333333333,0.001953992017074442
625.9166666666666,0.0011901360831853484
626.0,0.0005140585500174891
626.0833333333333,0.0014652158226719934
626.1666666666666,0.001885707137126571
626.25,0.001095012449800412
626.3333333333333,0.0007579981185234007
626.4166666666666,0.00020174391183355422
626.5,0.0012319004756029704
626.5833333333333,0.0014000254529226296
626.6666666666666,0.0016034407086968107
626.75,0.0016572292927160032
626.8333333333333,0.0013648048019229196
626.9166666666666,0.0009079943971789286
627.0,0.0015435285069303221
627.0833333333333,0.0008133304018869282
627.1666666666666,0.0012388225238324803
627.25,0.002352904381121566
627.3333333333333,0.0013459822532952232
627.4166666666666,0.0014196791695838848
627.5,0.002478941682741958
627.5833333333333,0.002511936878232241
627.6666666666666,0.001774617904883918
627.75,0.0011728670122032917
627.8333333333333,0.0012424744060532446
627.9166666666666,0.001143752340961719
628.0,0.0012232929490880965
628.0833333333333,0.0004227710290783021
628.1666666666666,0.0005228500508407003
628.25,0.0008686916185599095
628.3333333333333,0.0004937268168164314
628.4166666666666,0.0006984997443001473
628.5,0.0007170820651030415
628.5833333333333,0.00130597224845714
628.6666666666666,0.000403429480259968
628.75,0.0007068601564093961
628.8333333333333,0.0009223278787771667
628.9166666666666,0.001018148546891987
629.0,0.0009284152288427625
629.0833333333333,0.0009330879714721411
629.1666666666666,0.0017936294034001125
629.25,0.0010860480086612378
629.3333333333333,0.0013366856639694333
629.4166666666666,0.0013565880185098537
629.5,0.0011584760980905744
629.5833333333333,0.0013687021679371382
629.6666666666666,0.0009623230637095013
629.75,0.0005730992850296501
629.8333333333333,0.0015433087584835292
629.9166666666666,0.001348154028234807
630.0,0.0005897246804165224
630.0833333333333,0.0010239119907825913
630.1666666666666,0.00044839084114977424
630.25,0.0020614983572682932
630.3333333333333,0.0020301017119488075
630.4166666666666,0.0009517945439280784
630.5,0.0007386917788844385
630.5833333333333,0.001916028583512047
630.6666666666666,0.002043561662873389
630.75,0.0008818401491968347
630.8333333333333,0.00047071106764700113
630.9166666666666,0.001063301700254335
631.0,0.0015309135257149712
631.0833333333333,0.0013780000623377813
631.1666666666666,0.001038975767621237
631.25,0.00040714865795288404
631.3333333333333,0.0011324860312368337
631.4166666666666,0.002531405113159806
631.5,0.0022109142608582365
631.5833333333333,0.0013908233861505922
631.6666666666666,0.0008277131170295103
631.75,0.0008498304527099785
631.8333333333333,0.0006149550877247135
631.9166666666666,0.00045282751470327354
632.0,0.0007175314217798685
632.0833333333333,3.6125263415590024e-05
632.1666666666666,0.0004758127473840367
632.25,0.0005370079425720345
632.3333333333333,0.0009541835799262825
632.4166666666666,0.0017989955085617522
632.5,0.0013381252156536856
632.5833333333333,0.0002930593247036394
632.6666666666666,0.0014403120679364544
632.75,0.0017213276207647236
632.8333333333333,0.0012209256780041974
632.9166666666666,0.0010353248508028889
633.0,0.0010216999144015161
633.0833333333333,0.0012290520102362678
633.1666666666666,0.0006586600204658005
633.25,0.0006907516127804107
633.3333333333333,0.00206968188730724
633.4166666666666,0.0017403292608408516
633.5,0.0005891806869195824
633.5833333333333,0.0010694675879007786
633.6666666666666,0.00023653952334110542
633.75,0.0017693346009144666
633.8333333333333,0.0014379227838205726
633.9166666666666,0.0006741701173165072
634.0,0.00047766286935413
634.0833333333333,0.00039789189885232237
634.1666666666666,0.0003828269228138098
634.25,0.001166698333667915
634.3333333333333,0.0009818024670487885
634.4166666666666,0.002063529415299503
634.5,0.0024061241030521752
634.5833333333333,0.0014430483906473738
634.6666666666666,0.001451372548903843
634.75,0.0016408381417990728
634.8333333333333,0.002462224953171576
634.9166666666666,0.0018191050486287667
635.0,0.0010728002721489976
635.0833333333333,0.00108046233246097
635.1666666666666,0.00019165907831332854
635.25,0.0014565729034239528
635.3333333333333,0.0018216397712191375
635.4166666666666,0.0010848122484481276
635.5,0.0012501030247986853
635.5833333333333,0.0014356709849170524
635.6666666666666,0.0017851093442816262
635.75,0.0014807639708741757
635.8333333333333,0.0013929902051698253
635.9166666666666,0.0006397377635849229
636.0,0.001032025330095076
636.0833333333333,0.0009414939839081799
636.1666666666666,0.0008992232913703918
636.25,0.0008955433143786244
636.3333333333333,0.0012656503790719744
636.4166666666666,0.00027904404901848306
636.5,0.000795537792232453
636.5833333333333,0.0003341911022541041
636.6666666666666,0.000370445181500892
636.75,0.0006210286727745573
636.8333333333333,0.0003860412436000217
636.9166666666666,0.0021753645918173845
637.0,0.0017987856360726499
637.0833333333333,0.00041858661428377373
637.1666666666666,0.0009894486722578958
637.25,0.0003917814215259394
637.3333333333333,0.0024045726896670047
637.4166666666666,0.0019595914716649177
637.5,0.0008892706068590798
637.5833333333333,0.0009561247019090898
637.6666666666666,0.001369413888541861
637.75,0.0003596042855249598
637.8333333333333,0.0010276734986891542
637.9166666666666,0.0014004910245456242
638.0,0.001150050384203439
638.0833333333333,0.0006995694682472657
638.1666666666666,0.0014287059054511788
638.25,0.0010137778313755459
638.3333333333333,0.0007702704870163511
638.4166666666666,0.0005651386547445647
638.5,0.0002920960878200417
638.5833333333333,0.0013072860189129196
638.6666666666666,0.0010433113602702736
638.75,0.0009046660926860103
638.8333333333333,0.0012180053882586074
638.9166666666666,0.0002283327931203014
639.0,0.0005797423614246662
639.0833333333333,0.00044775192493414607
639.1666666666666,0.0008207506342496212
639.25,0.0012088661612846764
639.3333333333333,0.000392721063488389
639.4166666666666,0.0006982355663253456
639.5,0.0012643734179806625
639.5833333333333,0.0007763906349230928
639.6666666666666,0.0005880599577643099
639.75,0.0005023640661694586
639.8333333333333,0.0006330082034160262
639.9166666666666,0.0011641732005305537
640.0,0.0019273394883962112
640.0833333333333,0.0017715266505090698
640.1666666666666,0.0008655869928576448
640.25,0.001461904373812961
640.3333333333333,0.0013400546505203926
640.4166666666666,0.0018048882027709154
640.5,0.0021761911300728627
640.5833333333333,0.0010507095385731424
640.6666666666666,0.0006529637182925393
640.75,0.000956192059751198
640.8333333333333,0.0004820314911275138
640.9166666666666,0.001706746346847205
641.0,0.0015062657930186925
641.0833333333333,0.001062920065867014
641.1666666666666,0.0010211305072546292
641.25,0.00019233072835781283
641.3333333333333,0.0007702376118259925
641.4166666666666,0.0008463324615592362
641.5,0.0010179900768444209
641.5833333333333,0.0008030455035939475
641.6666666666666,0.0017585563235089565
641.75,0.0016495271108528209
641.8333333333333,0.0006249248560872981
641.9166666666666,0.0012678158848845804
642.0,0.001994129532174294
642.0833333333333,0.0010108760352418422
642.1666666666666,0.0008561205815703204
642.25,0.0003434398544526522
642.3333333333333,0.0005351785492230695
642.4166666666666,0.0020567497404413563
642.5,0.0019025240994706132
642.5833333333333,0.0006162894797844479
642.6666666666666,0.00048528096674228105
642.75,0.0014435222899770296
642.8333333333333,0.0015321931498855092
642.9166666666666,0.0007196773936419031
643.0,0.0008491759567061952
643.0833333333333,0.002057232938037123
643.1666666666666,0.0009526993680306874
643.25,0.0015869960156151429
643.3333333333333,0.0023613986634473173
643.4166666666666,0.0017838463597345013
643.5,0.0014982327305977023
643.5833333333333,0.001987351382637643
643.6666666666666,0.001448809957706041
643.75,0.0009136678970204781
643.8333333333333,0.00027697325713856204
643.9166666666666,0.00093681395216418
644.0,0.0019191347531422407
644.0833333333333,0.000895970272630004
644.1666666666666,0.0003914883675119653
644.25,0.0002740449728864864
644.3333333333333,0.0010844038452137075
644.4166666666666,0.0008984863448298498
644.5,0.000510616000400884
644.5833333333333,0.0005161240053479296
644.6666666666666,0.0005247163579022049
644.75,0.0006411820988182333
644.8333333333333,0.0002936915100001858
644.9166666666666,0.0009689697804207315
645.0,0.0011533506603590294
645.0833333333333,0.0008476782671574886
645.1666666666666,0.0013069506377034786
645.25,0.0018054239948220735
645.3333333333333,0.0005822758957899926
645.4166666666666,0.0006536521311976049
645.5,0.0002461521077866723
645.5833333333333,0.00021066085191199027
645.6666666666666,0.0010836335595969095
645.75,0.001803081860374066
645.8333333333333,0.0016567143726840422
645.9166666666666,0.0008306300600831642
646.0,0.00225982028510427
646.0833333333333,0.0026789392718994504
646.1666666666666,0.0014672930113902596
646.25,0.0014850933214401508
646.3333333333333,0.0012250240585317275
646.4166666666666,0.0009706241257181312
646.5,0.0006158015774882294
646.5833333333333,0.001405919929066726
646.6666666666666,0.0016378380966120066
646.75,0.001705260198557768
646.8333333333333,0.0009676427977678281
646.9166666666666,0.0012685524342829712
647.0,0.0010985488997686638
647.0833333333333,0.0006780801334505196
647.1666666666666,0.0005383071275498544
647.25,0.0006062885121437722
647.3333333333333,0.0012732103625275675
647.4166666666666,0.0014257676123417382
647.5,0.0007885526429900608
647.5833333333333,0.0006893143263067233
647.6666666666666,0.00012826206442385487
647.75,0.001296714127269573
647.8333333333333,0.0017442643639083524
647.9166666666666,0.002263300279772077
648.0,0.0014277117920294335
648.0833333333333,0.00018918223126865544
648.1666666666666,0.00045549775713098407
648.25,0.0004536844817506269
648.3333333333333,0.00016647409353326155
648.4166666666666,0.0016159128496794086
648.5,0.002008924614942889
648.5833333333333,0.001496177011107204
648.6666666666666,0.0017584174032416993
648.75,0.000334605621598229
648.8333333333333,0.0006875218689894151
648.9166666666666,0.00021546451732689612
649.0,0.0009340400191401615
649.0833333333333,0.0010261421508117568
649.1666666666666,0.0008161801315037713
649.25,0.0014813410171879485
649.3333333333333,0.0027243968401419153
649.4166666666666,0.002773796316241883
649.5,0.0007880051355584648
649.5833333333333,0.00126444483787897
649.6666666666666,0.0014255239182010937
649.75,0.000595593534826697
649.8333333333333,0.0015846268157718203
649.9166666666666,0.0009727736703979941
650.0,0.002680557666610196
650.0833333333333,0.0011907870237811492
650.1666666666666,0.0008135812585951834
650.25,0.001426268724956977
650.3333333333333,0.0015308263309653388
650.4166666666666,0.00019604358395517414
650.5,0.0013000528597850126
650.5833333333333,0.0006405607595541481
650.6666666666666,0.0008609630924149332
650.75,0.0011487693024836696
650.8333333333333,0.0005780202994893585
650.9166666666666,0.0012419904542808997
651.0,0.0015085788953248037
651.0833333333333,0.0012511665566285804
651.1666666666666,0.001133385226434853
651.25,0.0005201104359333215
651.3333333333333,0.0011243753631817559
651.4166666666666,0.0021808554127598703
651.5,0.002304335992340108
651.5833333333333,0.001423198907278565
651.6666666666666,0.0006771158999377265
651.75,0.00042470190798810504
651.8333333333333,0.0011804937167295734
651.9166666666666,0.0008774245377076602
652.0,0.001339857497424413
652.0833333333333,0.0011296658807397016
652.1666666666666,0.0012762909613018387
652.25,0.0015641776383830423
652.3333333333333,0.0003062189611898369
652.4166666666666,0.0014781063174127802
652.5,0.000879587626143018
652.5833333333333,0.0006983256006600291
652.6666666666666,0.0015549188628750303
652.75,0.0009669273081591447
652.8333333333333,0.0008329933779834078
652.9166666666666,0.00163596005991082
653.0,0.00093155593368436
653.0833333333333,0.00044568302235130494
653.1666666666666,0.00011125195642560959
653.25,0.0001551834734592817
653.3333333333333,0.001179248496582128
653.4166666666666,0.0008361211073685818
653.5,0.0008087382098001177
653.5833333333333,0.0013836114407862032
653.6666666666666,0.0012966009236729218
653.75,0.0017358404837098875
653.8333333333333,0.0020672876819809827
653.9166666666666,0.0019193282382476205
654.0,0.0009060728792836851
654.0833333333333,0.0011462001866182187
654.1666666666666,0.0012504601663962665
654.25,0.0005554315553931204
654.3333333333333,0.00015328540889066438
654.4166666666666,9.896819021083092e-05
654.5,0.0008097984899714975
654.5833333333333,0.0002671032120724759
654.6666666666666,0.0009560923471553315
654.75,0.001321574857618344
654.8333333333333,0.000974497859808751
654.9166666666666,0.0011061350461992142
655.0,0.0008804614912412894
655.0833333333333,0.000946491787017885
655.1666666666666,0.001220033871319519
655.25,0.0007717096056541353
655.3333333333333,0.001167085146664269
655.4166666666666,0.00108086087686164
655.5,0.0014444120115687457
655.5833333333333,0.001051704207539874
655.6666666666666,0.0020224336509785954
655.75,0.0028847577751651343
655.8333333333333,0.002900540723440716
655.9166666666666,0.0020873220874220587
656.0,0.0015902463936852127
656.0833333333333,0.0012143083923702679
656.1666666666666,0.0009537085881345334
656.25,0.0015296599550524048
656.3333333333333,0.001616647654368193
656.4166666666666,0.000858591259439147
656.5,0.0002988301274743983
656.5833333333333,0.0012005987496545333
656.6666666666666,0.0011651241154457268
656.75,0.0013811722011040943
656.8333333333333,0.0015756365767897
656.9166666666666,0.0014328219925040376
657.0,0.002640983602603202
657.0833333333333,0.002155541269771877
657.1666666666666,0.00030779720089983047
657.25,0.0009436838861130594
657.3333333333333,0.001168741323610476
657.4166666666666,0.0006196351199771413
657.5,0.0010224762308438686
657.5833333333333,0.0015689705610547077
657.6666666666666,0.0012650997726409482
657.75,0.0014376341074389017
657.8333333333333,0.0008916875666660202
657.9166666666666,0.00010298648409616645
658.0,0.0010659898518545167
658.0833333333333,0.000678112062472062
658.1666666666666,0.0008608092535485288
658.25,0.00081358913291458
658.3333333333333,0.0009141996786468116
658.4166666666666,0.001027628998576579
658.5,0.0010619894587949664
658.5833333333333,0.002114849379489688
658.6666666666666,0.0011600261818386906
658.75,0.00044093505036107267
658.8333333333333,0.0006258471294217655
658.9166666666666,0.0010526867540127825
659.0,0.0013050960069710446
659.0833333333333,0.001589545489396012
659.1666666666666,0.0025102608831300784
659.25,0.0024744073153117356
659.3333333333333,0.0009054879626156368
659.4166666666666,0.0006941163336116409
659.5,0.0010629316998687728
659.5833333333333,0.0005945791627136409
659.6666666666666,0.0005709855155982274
659.75,0.0011488437526530194
659.8333333333333,0.0005493786274210023
659.9166666666666,0.002161222005411421
660.0,0.001884584224662842
660.0833333333333,0.0018558777338054493
660.1666666666666,0.000810433360231572
660.25,0.00043164495724896257
660.3333333333333,0.0010596449790559886
660.4166666666666,0.0021459945803925977
660.5,0.0008934618668411704
660.5833333333333,0.0007267980312804716
660.6666666666666,0.0006515068058737912
660.75,0.0009566032508773008
660.8333333333333,0.0011865864705488094
660.9166666666666,6.124342026113265e-05
661.0,0.0009428417017199659
661.0833333333333,0.0015015118741462195
661.1666666666666,0.001631874338383815
661.25,0.0013498411477932968
661.3333333333333,0.001481459752071395
661.4166666666666,0.0019442002685435345
661.5,0.00042031270865931997
661.5833333333333,0.001281529476421085
661.6666666666666,0.0010969647418008499
661.75,0.0005370717968053783
661.8333333333333,0.0018085576374967927
661.9166666666666,0.002425079077203103
662.0,0.0017659134635129071
662.0833333333333,0.0014422235202472156
662.1666666666666,0.0009983745974547632
662.25,0.0005553741219451438
662.3333333333333,0.0016043055708988498
662.4166666666666,0.0015055723624819353
662.5,0.0010265721443790481
662.5833333333333,0.00040140179488967287
662.6666666666666,0.0015128281447920914
662.75,0.0014726121825966996
662.8333333333333,0.0024124358720952967
662.9166666666666,0.0026973706485091133
663.0,0.0012008936995664436
663.0833333333333,0.0013536750973571958
663.1666666666666,0.0012385631029931373
663.25,0.0007020268729566894
663.3333333333333,0.0009573384441081837
663.4166666666666,0.0006885521996000036
663.5,0.00019267197214868932
663.5833333333333,0.00018513111886837033
663.6666666666666,0.0006466256966983094
663.75,0.0017180843466109517
663.8333333333333,0.0024273063490950555
663.9166666666666,0.0017226682819917747
664.0,0.001912752388463744
664.0833333333333,0.0018499684562523471
664.1666666666666,0.0012041005294787352
664.25,0.0016663204543531554
664.3333333333333,0.0026737263338135427
664.4166666666666,0.002511466747975208
664.5,0.001603425832239072
664.5833333333333,0.001832763264213626
664.6666666666666,0.001200532709244447
664.75,0.001085203628954737
664.8333333333333,0.000362492643432179
664.9166666666666,0.0015578454745556478
665.0,0.002060958055900308
665.0833333333333,0.0011774388972476053
665.1666666666666,0.0010846873886499974
665.25,0.00024439574363836693
665.3333333333333,0.0016091118729493568
665.4166666666666,0.00095272754449933
665.5,0.0006383631844321952
665.5833333333333,0.0011294912017575005
665.6666666666666,0.0012019366083994717
665.75,0.0002709047771469245
665.8333333333333,0.000983235086844385
665.9166666666666,0.0006391354255316563
666.0,0.00024223198027604087
666.0833333333333,0.0007312826068166218
666.1666666666666,0.002086465552257784
666.25,0.0014306278933999815
666.3333333333333,0.00020000994739837382
666.4166666666666,0.0006766123011335267
666.5,0.0007115513298171202
666.5833333333333,0.0014175534652330689
666.6666666666666,0.0016964653899922792
666.75,0.0017948758869681853
666.8333333333333,0.0007673902644649111
666.9166666666666,0.000895808290364828
667.0,0.002223853197085579
667.0833333333333,0.0028530041436280198
667.1666666666666,0.0019754513226213654
667.25,0.0005820055713811262
667.3333333333333,0.0011350956536450084
667.4166666666666,0.0012029213873342897
667.5,0.0006093240046456148
667.5833333333333,0.0002779166710333899
667.6666666666666,0.0005247100164224852
667.75,0.0017447430602000437
667.8333333333333,0.0023698007217477805
667.9166666666666,0.0009834525195564537
668.0,0.0006760921186520653
668.0833333333333,0.00037993289587662384
668.1666666666666,0.0010129046437747525
668.25,0.0013478141093563073
668.3333333333333,0.0012196513947598832
668.4166666666666,0.0013970471710990572
668.5,0.0013884537644633468
668.5833333333333,0.00036277078282140877
668.6666666666666,0.0006565913192396449
668.75,0.000790177684756654
668.8333333333333,0.0012146451399970791
668.9166666666666,0.0009675126679047756
669.0,0.0011906335173129416
669.0833333333333,0.0008539215639764522
669.1666666666666,0.001006042525966434
669.25,0.001417590050413175
669.3333333333333,0.0006431283825347353
669.4166666666666,0.0008858529421964059
669.5,0.0014048901529010297
669.5833333333333,0.0021445295187011494
669.6666666666666,0.0018692442872747907
669.75,0.001473172163769367
669.8333333333333,0.0012420628959853958
669.9166666666666,0.001100299918810107
670.0,0.0010701038585745146
670.0833333333333,0.0022520241300883655
670.1666666666666,0.001482627139988314
670.25,0.001410987418103457
670.3333333333333,0.002049126478829836
670.4166666666666,0.002100054998156993
670.5,0.002301774266693572
670.5833333333333,0.0014326225480837157
670.6666666666666,0.0010129530189471603
670.75,0.0008963912517515889
670.8333333333333,0.0012509506092542625
670.9166666666666,0.0018292036148740548
671.0,0.001368514306638562
671.0833333333333,0.0008579116119753261
671.1666666666666,0.0009585129679349759
671.25,0.0014371470951406306
671.3333333333333,0.0018510973269079355
671.4166666666666,0.0012642773442946387
671.5,0.0012949872232596994
671.5833333333333,0.0020387818171993003
671.6666666666666,0.0008066032492986871
671.75,0.001410251637641437
671.8333333333333,0.0012967252010912885
671.9166666666666,0.0004899312400256569
672.0,0.0014130733000146335
672.0833333333333,7.982249382879376e-05
672.1666666666666,0.0017129785719510642
672.25,0.0027549757883025315
672.3333333333333,0.001533244027785673
672.4166666666666,0.0006305020220798316
672.5,0.0005913005114571065
672.5833333333333,0.0011825376883457838
672.6666666666666,0.0009394532469189716
672.75,0.0013979601652026074
672.8333333333333,0.0020002881755370075
672.9166666666666,0.0010323251623114223
673.0,0.0010772125544530752
673.0833333333333,0.0011620042754038433
673.1666666666666,5.538211466093318e-05
673.25,0.0009151502226954053
673.3333333333333,0.0013166820805277923
673.4166666666666,0.00173310098430356
673.5,0.0020445676723453584
673.5833333333333,0.0012074057201941443
673.6666666666666,0.0006676305165747114
673.75,0.0015998161176098184
673.8333333333333,0.002038577756719569
673.9166666666666,0.00044329245875767586
674.0,0.0013105246228993534
674.0833333333333,0.001384930838140883
674.1666666666666,0.0005490925549267918
674.25,0.0007552773780691044
674.3333333333333,0.0012263763868374346
674.4166666666666,0.0008669308316746023
674.5,0.0020542210249628033
674.5833333333333,0.0014620314589064752
674.6666666666666,0.000983129889879276
674.75,0.0015657985248599617
674.8333333333333,0.0024501985763163603
674.9166666666666,0.002322232471784528
675.0,0.00124294463795755
675.0833333333333,0.00041415332130021864
675.1666666666666,0.0018540724843172473
675.25,0.002180650162733791
675.3333333333333,0.0023008861048948496
675.4166666666666,0.0021924799123055334
675.5,0.0013623458184373056
675.5833333333333,0.0005923070601879276
675.6666666666666,0.0007738335405541869
675.75,0.0008110118440247966
675.8333333333333,0.0010009693181986907
675.9166666666666,0.0010349983362242508
676.0,0.0009696163209379538
676.0833333333333,0.0008184151804463769
676.1666666666666,0.000912275283619828
676.25,0.001520175825165973
676.3333333333333,0.0006919885131921502
676.4166666666666,0.0006357697620151917
676.5,0.0008557671575778808
676.5833333333333,0.0011881066397815
676.6666666666666,0.0016322044810923246
676.75,0.0017306511564869319
676.8333333333333,0.0007685126935413071
676.9166666666666,0.001149915968880464
677.0,0.002124505618464345
677.0833333333333,0.001509505317609484
677.1666666666666,0.0016371832827370937
677.25,0.0020145359071391737
677.3333333333333,0.0009315970490640877
677.4166666666666,0.00040374189385096763
677.5,0.0010041951874886054
677.5833333333333,0.0009559166997250885
677.6666666666666,0.0001542566103787551
677.75,0.0007330981404308681
677.8333333333333,0.0017973555722622444
677.9166666666666,0.0014985589566791115
678.0,0.0010702365207416562
678.0833333333333,0.0016963719194370076
678.1666666666666,0.0008059457938098657
678.25,0.0004641031362929567
678.3333333333333,0.0012551232288331442
678.4166666666666,0.0012425588764729512
678.5,0.0012859180340189236
678.5833333333333,0.001125815734457319
678.6666666666666,0.0011235737780981806
678.75,0.0017901382181117582
678.8333333333333,0.00098240062931232
678.9166666666666,0.000436647523866347
679.0,0.0006748674206990461
679.0833333333333,0.0016622036215500275
679.1666666666666,0.0019097715568879943
679.25,0.0003295551093651038
679.3333333333333,0.001309270353262035
679.4166666666666,0.0013157332161236684
679.5,0.00032525717564085306
679.5833333333333,0.00044669393404742866
679.6666666666666,0.0017964832106057464
679.75,0.0013559453109494382
679.8333333333333,0.0006600111164838969
679.9166666666666,0.0008381103825567301
680.0,0.0010426001167400962
680.0833333333333,0.0017827499016220972
680.1666666666666,0.001419775148527779
680.25,0.00024142052982136853
680.3333333333333,0.0006385370759497029
680.4166666666666,0.001202110359601397
680.5,0.0016533724521905202
680.5833333333333,0.0014483805570997845
680.6666666666666,0.0010200183865222492
680.75,0.0004981681556851237
680.8333333333333,0.0011956045980291543
680.9166666666666,0.0008298274257017025
681.0,0.00028659207289545276
681.0833333333333,0.0003906798763907892
681.1666666666666,0.0004864682012975727
681.25,0.0016167103603747254
681.3333333333333,0.0017170649224504814
681.4166666666666,0.0005671134264236003
681.5,0.001205751328984961
681.5833333333333,0.0007452376376685459
681.6666666666666,0.00022713757414764114
681.75,0.0013369395164645552
681.8333333333333,0.001369240115470229
681.9166666666666,0.0009509832989460029
682.0,0.0009013121650254006
682.0833333333333,0.00015283136982724958
682.1666666666666,0.0008386563592357079
682.25,0.0017213024005580731
682.3333333333333,0.0016952851753083426
682.4166666666666,0.0003977583683821285
682.5,0.0007370524815759815
682.5833333333333,0.0010212237032035116
682.6666666666666,0.0018342240652586695
682.75,0.0008951041830291174
682.8333333333333,0.001897299184267052
682.9166666666666,0.0009526812118636616
683.0,0.0017937954369198503
683.0833333333333,0.0013580228954125832
683.1666666666666,0.0021826666132459802
683.25,0.002109035226358338
683.3333333333333,0.0014926754089109723
683.4166666666666,0.001925322981356597
683.5,0.0025999647539480405
683.5833333333333,0.0006820964915285209
683.6666666666666,0.0021594423268132264
683.75,0.0024056517274141944
683.8333333333333,0.0015342356037348218
683.9166666666666,0.0014169995465618099
684.0,0.0003709821825639617
684.0833333333333,0.0004022223834966914
684.1666666666666,0.0006607775739472797
684.25,0.00037114429342682934
684.3333333333333,0.0007857025359523472
684.4166666666666,0.0008702033148462687
684.5,0.0017688781990888613
684.5833333333333,0.0016278166930991382
684.6666666666666,0.0014940948349625562
684.75,0.001269777678930898
684.8333333333333,0.0004265090729832198
684.9166666666666,0.0017791006764920235
685.0,0.0016183536543033557
685.0833333333333,0.0024875943914950964
685.1666666666666,0.0019260441164312117
685.25,0.000618499161146037
685.3333333333333,0.00046831018641227407
685.4166666666666,0.0012499863928606884
685.5,0.0009983430576536655
685.5833333333333,0.00046378534696455787
685.6666666666666,0.0016056710741352265
685.75,0.002038528063406066
685.8333333333333,0.0012521161783500005
685.9166666666666,0.0018920170526851073
686.0,0.002351321684710105
686.0833333333333,0.003339842422012257
686.1666666666666,0.002813007456640661
686.25,0.0004318434495889275
686.3333333333333,0.00013647246019481244
686.4166666666666,0.00028774711859889767
686.5,0.00035618947605128664
686.5833333333333,0.0007949162142808136
686.6666666666666,0.0009858891571326168
686.75,0.0009603173765640808
686.8333333333333,0.001662445105491575
686.9166666666666,0.0011911137167327115
687.0,0.000750400095301902
687.0833333333333,0.0004706993920937502
687.1666666666666,0.0006534700407840894
687.25,0.00042045272206627556
687.3333333333333,0.0005412385986440829
687.4166666666666,0.0008351826618442644
687.5,0.0010334060395612696
687.5833333333333,0.0011848107933143178
687.6666666666666,0.0008448836532155116
687.75,0.00149865257375905
687.8333333333333,0.0013322151975214947
687.9166666666666,0.0016061141476159226
688.0,0.0018871317696916468
688.0833333333333,0.0017640940983241738
688.1666666666666,0.001713464188710984
688.25,0.0007647850087335016
688.3333333333333,0.0014709489181389602
688.4166666666666,0.0008221021425763812
688.5,0.0010061999983085493
688.5833333333333,0.0009326383736919493
688.6666666666666,0.0008472666736519581
688.75,0.0005188302716382121
688.8333333333333,0.0009926563850298754
688.9166666666666,0.0011349498266491286
689.0,0.0006485615961156212
689.0833333333333,0.0012845433342496828
689.1666666666666,0.001258220207115103
689.25,0.001462908835592666
689.3333333333333,0.0015151743110064216
689.4166666666666,0.00034627873238319434
689.5,0.001267191782060798
689.5833333333333,0.0014667320544107744
689.6666666666666,0.0010991301585676926
689.75,0.0011046338137228257
689.8333333333333,0.0014568366474298617
689.9166666666666,0.00021037862826127473
690.0,0.0028743820129995806
690.0833333333333,0.003159047584240918
690.1666666666666,0.0005573339811783473
690.25,0.0015926789100200024
690.3333333333333,0.0020485823852678864
690.4166666666666,0.0014197030144850922
690.5,0.0005959517367123681
690.5833333333333,0.00032714550010902346
690.6666666666666,0.00036097614267418393
690.75,0.0012445446669122936
690.8333333333333,0.0007328480381761762
690.9166666666666,0.0019274425754387198
691.0,0.0014789699881029574
691.0833333333333,0.0006764584886802991
691.1666666666666,0.0009206484644889279
691.25,0.0005655504148787517
691.3333333333333,0.0012763631086895794
691.4166666666666,0.0015647615514246228
691.5,0.0005141193174395598
691.5833333333333,0.0011422362356861362
691.6666666666666,0.0009436271809080613
691.75,0.0008906825312799461
691.8333333333333,0.0008417204272319193
691.9166666666666,0.0002885008868314068
692.0,0.0008664747861882698
692.0833333333333,0.0014530725330037068
692.1666666666666,0.00047050039755413517
692.25,0.0009159356254111181
692.3333333333333,0.000806107752110643
692.4166666666666,0.001529334198811103
692.5,0.0012576088108010519
692.5833333333333,0.0013842065067718198
692.6666666666666,0.00021990372215825943
692.75,0.001419298271273962
692.8333333333333,0.002101806000203464
692.9166666666666,0.0025625690179291675
693.0,0.0015170286913358205
693.0833333333333,0.0008949539641415253
693.1666666666666,0.0010003057085193887
693.25,0.0014408805169529625
693.3333333333333,0.001504875445148563
693.4166666666666,0.0006425169057474009
693.5,0.001459499145255018
693.5833333333333,0.000778070573709668
693.6666666666666,0.0017013646858284948
693.75,0.001952838911195289
693.8333333333333,0.001194542623304897
693.9166666666666,0.0011410725761922646
694.0,0.001815845242317051
694.0833333333333,0.001073306448476942
694.1666666666666,0.0006296984084680984
694.25,0.00044066781971033336
694.3333333333333,0.0007150573156966527
694.4166666666666,0.0011253058172687612
694.5,0.0002154162751420851
694.5833333333333,0.00038749822246408774
694.6666666666666,0.0005587919595593584
694.75,0.00011284937520792119
694.8333333333333,0.0003104656801001399
694.9166666666666,0.0008957456208190177
695.0,0.0005840484011898873
695.0833333333333,0.0009392702636110977
695.1666666666666,0.0020832095945376014
695.25,0.00227973916187541
695.3333333333333,0.0018493997103377557
695.4166666666666,0.0016161738405182258
695.5,0.0007390815769945294
695.5833333333333,0.0014652123969779475
695.6666666666666,0.0010101274832811525
695.75,0.000803553113173998
695.8333333333333,0.00011485777878521975
695.9166666666666,0.0009973368612838968
696.0,0.0016090025663022401
696.0833333333333,0.0008801056904739041
696.1666666666666,0.0005671645735620064
696.25,0.0010957558432398442
696.3333333333333,0.0011537170185818772
696.4166666666666,0.0004445306396944187
696.5,0.0012502960844849587
696.5833333333333,0.0012972861349340279
696.6666666666666,0.0012818538240099934
696.75,0.0011930111714312968
696.8333333333333,0.0011919186683132493
696.9166666666666,0.001322358140384122
697.0,0.0013969989982991786
697.0833333333333,0.0009583519789468945
697.1666666666666,0.0004196843913286533
697.25,0.0008639808744297645
697.3333333333333,0.0012189725880110002
697.4166666666666,0.0011389688184915837
697.5,0.0016301298253600747
697.5833333333333,0.0011373228656524454
697.6666666666666,0.0007646753361807331
697.75,0.0014981624250936208
697.8333333333333,0.0010307453275671644
697.9166666666666,0.0002461959911862491
698.0,0.0009872959176412525
698.0833333333333,0.0008406652680045097
698.1666666666666,0.000453234628937211
698.25,0.001178109997386304
698.3333333333333,0.00026160970214021294
698.4166666666666,0.0014018665950316347
698.5,0.0022346972767095363
698.5833333333333,0.0006708752824510475
698.6666666666666,0.0025439564185918387
698.75,0.0020343167625019444
698.8333333333333,0.0014129941025509587
698.9166666666666,0.002281246831116516
699.0,0.0017991077869342488
699.0833333333333,0.0005058413582768365
699.1666666666666,0.0018144723261739586
699.25,0.0016854119693782766
699.3333333333333,0.0009258922471942885
699.4166666666666,0.0008200510459088066
699.5,0.0006398859011209057
699.5833333333333,0.0008431777028670633
699.6666666666666,0.001698014664681244
699.75,0.0015393610073058794
699.8333333333333,0.0006090195505978979
699.9166666666666,0.0015710887930483666
700.0,0.0014700301003338625
700.0833333333333,0.002276440301164487
700.1666666666666,0.0011905700766821285
700.25,0.0009480393665794699
700.3333333333333,0.0002583946035110224
700.4166666666666,0.001191854692545238
700.5,0.00029290879213967626
700.5833333333333,0.0006320921692036034
700.6666666666666,0.0008677660647694863
700.75,0.0005472191150682855
700.8333333333333,0.0004710829749147751
700.9166666666666,0.0003132261327754599
701.0,0.0003578545378770024
701.0833333333333,0.00041322643534894417
701.1666666666666,0.0004623598570942608
701.25,0.0009807670369072362
701.3333333333333,0.0005732676706170155
701.4166666666666,0.0003139225844611367
701.5,0.0014344350080625651
701.5833333333333,0.0019507689769703248
701.6666666666666,0.0015497072657263038
701.75,0.0013374922664170278
701.8333333333333,0.001959293120657635
701.9166666666666,0.0024574335303608466
702.0,0.001782450832634517
702.0833333333333,0.0013643273873275303
702.1666666666666,0.001726874900109582
702.25,0.002310872958461591
702.3333333333333,0.0021254376171578023
702.4166666666666,0.000847585457702734
702.5,0.0006144787782510258
702.5833333333333,0.0017552360720319829
702.6666666666666,0.0017096048056944911
702.75,4.644143799169849e-05
702.8333333333333,0.0014087357935640655
702.9166666666666,0.001997506404594836
703.0,0.00302555754545092
703.0833333333333,0.0032289288365899204
703.1666666666666,0.002160604435501475
703.25,0.001229490253212494
703.3333333333333,0.0011593838891534238
703.4166666666666,0.0007089649836595023
703.5,0.0006138677314685731
703.5833333333333,0.0006688780484943721
703.6666666666666,0.0013419636591018532
703.75,0.0017378702697900161
703.8333333333333,0.0014157761115480344
703.9166666666666,0.001506877296076498
704.0,0.001296025526123524
704.0833333333333,0.0013898411456300737
704.1666666666666,0.0008476154769505589
704.25,0.0005225163635997498
704.3333333333333,0.0007059460585544148
704.4166666666666,0.0014217617606366811
704.5,0.0009610815552074831
704.5833333333333,0.0009872212736953916
704.6666666666666,0.0002709650010596725
704.75,0.0002548989528822926
704.8333333333333,0.001545614593111669
704.9166666666666,0.0020066232816664657
705.0,0.0004889802086471133
705.0833333333333,0.0016001801162033496
705.1666666666666,0.0022324361442701735
705.25,0.0018645446862645316
705.3333333333333,0.0014639938667717215
705.4166666666666,0.0005714902085396808
705.5,0.00034686944084462077
705.5833333333333,0.0011903213894189147
705.6666666666666,0.0016596206659412745
705.75,0.001711657226567324
705.8333333333333,0.0009517929406042685
705.9166666666666,0.0005208440373130035
706.0,0.001239477770049485
706.0833333333333,0.0005347100038801649
706.1666666666666,0.0025216123183211653
706.25,0.0023264673414572735
706.3333333333333,0.000649753893690212
706.4166666666666,0.0009668700343365317
706.5,0.0007708533941182191
706.5833333333333,0.0006907077897192918
706.6666666666666,0.0008899370679017132
706.75,0.0006269139986309364
706.8333333333333,0.0007617573667540621
706.9166666666666,0.0004097689814231966
707.0,0.00021861566794689503
707.0833333333333,0.0013226254974506924
707.1666666666666,0.0024603786530314345
707.25,0.0027913826939068814
707.3333333333333,0.0005541805308470313
707.4166666666666,0.0002432403004067772
707.5,0.001546331378950076
707.5833333333333,0.002303303456645786
707.6666666666666,0.001670922643199307
707.75,0.0010784744407314774
707.8333333333333,0.0009127114909466524
707.9166666666666,0.00026468044854417554
708.0,0.0007221079897350763
708.0833333333333,0.0006289610635029223
708.1666666666666,0.0007065172398671106
708.25,0.0005290988592760092
708.3333333333333,0.0006652607495983631
708.4166666666666,0.0009575384760042558
708.5,0.0012512304761119616
708.5833333333333,0.0014664498045059114
708.6666666666666,0.0008084498091230008
708.75,0.0016450963750672004
708.8333333333333,0.0013607732576514891
708.9166666666666,0.0007192595604237815
709.0,0.0014055718706581064
709.0833333333333,0.0008627483509115694
709.1666666666666,0.0011852150116647053
709.25,0.0013284716188626314
709.3333333333333,0.000284812477718436
709.4166666666666,0.0003384207251998304
709.5,0.0006589884855343308
709.5833333333333,0.0006117136339229007
709.6666666666666,0.0013685443465744562
709.75,0.0013361572529929388
709.8333333333333,0.00018194451029742616
709.9166666666666,0.0011801307713951857
710.0,0.0018750887278415347
710.0833333333333,0.0021409408569406352
710.1666666666666,0.0011570795422946292
710.25,0.00020545286055620137
710.3333333333333,0.0012264559103451055
710.4166666666666,0.0016689579051155433
710.5,0.0015862253882744628
710.5833333333333,0.0008454376781743757
710.6666666666666,0.001243367552175701
710.75,0.0014775612329612348
710.8333333333333,0.0013768834020063444
710.9166666666666,0.0009817190732655883
711.0,0.0010682164217824437
711.0833333333333,0.0007822227832133815
711.1666666666666,0.0015597523782402932
711.25,0.0020811081316172812
711.3333333333333,0.0014285580006403488
711.4166666666666,0.0007324437686685988
711.5,0.000463600916799831
711.5833333333333,0.00086960174753994
711.6666666666666,0.0005252226808611769
711.75,0.0020034947814292097
711.8333333333333,0.0018082054198187186
711.9166666666666,0.0009754004353836093
712.0,0.0003629018467859
712.0833333333333,0.0012372530321629518
712.1666666666666,0.002126332164373616
712.25,0.001383417852048908
712.3333333333333,0.0011753188540845518
712.4166666666666,0.0003621890262313547
712.5,0.0019168330686872835
712.5833333333333,0.0026469245337116193
712.6666666666666,0.001301853170959634
712.75,0.0007706686565472255
712.8333333333333,0.0003916506749820129
712.9166666666666,0.0005024651940419348
713.0,0.0015449892049985538
713.0833333333333,0.0014083848806227082
713.1666666666666,0.0008811381999184924
713.25,0.0009216807005819576
713.3333333333333,0.0010174893058234622
713.4166666666666,0.001523221313280245
713.5,0.0005001501347456077
713.5833333333333,0.00040769338855525713
713.6666666666666,0.0015714699793229813
713.75,0.0014952737770579285
713.8333333333333,0.0005363932920734006
713.9166666666666,0.0004947670383676823
714.0,0.0010862702573619268
714.0833333333333,0.0013441212853261488
714.1666666666666,0.0009699906314508373
714.25,0.0006277712282778582
714.3333333333333,0.0003814955852395455
714.4166666666666,0.0010417667216760455
714.5,0.0016603257525063023
714.5833333333333,0.0010927930390364918
714.6666666666666,0.0013426545764181972
714.75,0.0011002405105399048
714.8333333333333,0.0007010563804361632
714.9166666666666,0.0011680826469248182
715.0,0.0019159220798046482
715.0833333333333,0.0014144506689287622
715.1666666666666,0.0010485616033286643
715.25,0.0003467190006367351
715.3333333333333,3.676883857548102e-05
715.4166666666666,0.0012781577708232664
715.5,0.001033674819421143
715.5833333333333,0.001447591539640038
715.6666666666666,0.0016169491837724624
715.75,0.000767004259681436
715.8333333333333,0.0014228098732133824
715.9166666666666,0.0015971840396540188
716.0,0.001360862717369601
716.0833333333333,0.002025694343101822
716.1666666666666,0.002084775752535336
716.25,0.002358953685457184
716.3333333333333,0.0018423331827622364
716.4166666666666,0.0009933852015809805
716.5,0.0016683467327225697
716.5833333333333,0.001730383520065511
716.6666666666666,0.0012348288010899807
716.75,0.0009294392246271114
716.8333333333333,0.0011974438086822202
716.9166666666666,0.0005269650846358533
717.0,2.2813443510346538e-05
717.0833333333333,0.0014750123426437744
717.1666666666666,0.0018277576390207503
717.25,0.0007849283686095923
717.3333333333333,0.0009688288565765646
717.4166666666666,0.0018673558874518095
717.5,0.0011563511164453988
717.5833333333333,0.0005172658852106263
717.6666666666666,0.0006813125455789984
717.75,0.0005314676928147647
717.8333333333333,0.0004625790961790605
717.9166666666666,0.0006517555045985414
718.0,0.00025237993698417255
718.0833333333333,0.0009496406298134604
718.1666666666666,0.0012861059451053638
718.25,0.00016309437343610663
718.3333333333333,0.0011908349831868952
718.4166666666666,0.0007397358137183142
718.5,0.0010362830536929405
718.5833333333333,0.001275521278377993
718.6666666666666,0.0005522696450776823
718.75,0.0019909356502379127
718.8333333333333,0.0015977098645514928
718.9166666666666,0.0015761886629403886
719.0,0.000965491258101268
719.0833333333333,0.0012052195027634908
719.1666666666666,0.002454830486367402
719.25,0.001301549744858547
719.3333333333333,0.0020213255182571165
719.4166666666666,0.00242266131743925
719.5,0.0017061170557519244
719.5833333333333,0.0016429058935447873
719.6666666666666,0.0027565931929524343
719.75,0.0012697440783876054
719.8333333333333,0.0007373110792398805
719.9166666666666,0.0013999133548923937
720.0,0.0015107422086696296
720.0833333333333,0.0014876083214034083
720.1666666666666,0.0011057631743658495
720.25,0.0012775818411275444
720.3333333333333,0.00023832851398555293
720.4166666666666,0.0006893065978977632
720.5,0.000572402347612199
720.5833333333333,0.0005127193114556337
720.6666666666666,0.0010202214205992136
720.75,0.00022861939069623342
720.8333333333333,0.0013975623968610145
720.9166666666666,0.0012239569164949997
721.0,0.00103239637853979
721.0833333333333,0.001823324545829825
721.1666666666666,0.0017617289248570203
721.25,0.002236633426831637
721.3333333333333,0.002620134518986419
721.4166666666666,0.0015527435698676568
721.5,0.0007642344834831192
721.5833333333333,0.0008166129408301178
721.6666666666666,0.0008166679926214658
721.75,0.0009310296421405789
721.8333333333333,0.001015867033887841
721.9166666666666,0.000575726902819397
722.0,0.0011940137387733724
722.0833333333333,0.0021485988025493575
722.1666666666666,0.001383536761952384
722.25,0.0011841414542839955
722.3333333333333,0.0016647584304667745
722.4166666666666,0.0008474423558572729
722.5,0.0011508839181029558
722.5833333333333,0.002348500626373365
722.6666666666666,0.001834004637225081
722.75,0.0003194566463026929
722.8333333333333,0.0008500880161882625
722.9166666666666,0.0012290771059941105
723.0,0.0011752897410352427
723.0833333333333,0.0010184755708214004
723.1666666666666,0.002043991834533806
723.25,0.001850149858895301
723.3333333333333,0.0007301988963399863
723.4166666666666,0.0001929987475334199
723.5,0.0012229869597686412
723.5833333333333,0.0011457767521919292
723.6666666666666,0.0007365244765161332
723.75,0.0010112011018488915
723.8333333333333,0.0012397171991762271
723.9166666666666,8.728813605144841e-05
724.0,0.0010266828902576138
724.0833333333333,0.0007868655632509102
724.1666666666666,0.0011528392943508387
724.25,0.002084364144328173
724.3333333333333,0.0028931461160804036
724.4166666666666,0.0010327513972076025
724.5,0.0014015586444505977
724.5833333333333,0.0015735202710387872
724.6666666666666,0.0007875212224238992
724.75,0.000827900763967
724.8333333333333,0.0003025323203893921
724.9166666666666,0.0009293015592212785
725.0,0.0007175033354217301
725.0833333333333,0.0009325042957936187
725.1666666666666,0.0014570428948850707
725.25,0.0015739924220077384
725.3333333333333,0.003778978282059449
725.4166666666666,0.0023604270931384436
725.5,0.0010957157866579622
725.5833333333333,0.0018071776181992735
725.6666666666666,0.0013400018022603113
725.75,0.0013820144456539415
725.8333333333333,0.0017311192519591755
725.9166666666666,0.0016782479126991982
726.0,0.0013597445149843182
726.0833333333333,0.0006161440239959443
726.1666666666666,0.0021252259597487467
726.25,0.0019016820308990767
726.3333333333333,0.0006731112190664451
726.4166666666666,0.000533196745163241
726.5,0.0010598781553169208
726.5833333333333,0.0006270703994473617
726.6666666666666,0.0012109462793509697
726.75,0.0028754393974904447
726.8333333333333,0.0027187904146995837
726.9166666666666,0.0007383083305595038
727.0,0.0003256029079014979
727.0833333333333,0.0006023965568446189
727.1666666666666,0.001360980129270514
727.25,0.0005598158695352462
727.3333333333333,0.0006482897289423789
727.4166666666666,0.0012293930772890676
727.5,0.0024255264663520077
727.5833333333333,0.0017628562364484332
727.6666666666666,0.000744410459715934
727.75,0.0011425239024208517
727.8333333333333,0.0007448641825498704
727.9166666666666,0.0007938542014477086
728.0,0.0010186316905605064
728.0833333333333,0.0017936952619531865
728.1666666666666,0.0012274784154303305
728.25,0.0006566158539675161
728.3333333333333,0.0004742464223780822
728.4166666666666,0.0002829342526312396
728.5,0.0009697293709506635
728.5833333333333,0.0018030454998677007
728.6666666666666,0.0018227829969985204
728.75,0.0006994361122591816
728.8333333333333,0.0017113059271419077
728.9166666666666,0.0011084497313220182
729.0,0.0005974863863687499
729.0833333333333,0.000761899897443322
729.1666666666666,0.0007587655854163838
729.25,0.0002871458006757609
729.3333333333333,0.0013211150383937165
729.4166666666666,0.002160751106481989
729.5,0.0020277588489970334
729.5833333333333,0.0004735262751963503
729.6666666666666,0.0018286922198926985
729.75,0.002366424794783927
729.8333333333333,0.0021243355411145596
729.9166666666666,0.0011757864645572935
730.0,0.0024991541299718765
730.0833333333333,0.003151435918459019
730.1666666666666,0.0018351891524133808
730.25,0.0013735356663871
730.3333333333333,0.0006405257471145302
730.4166666666666,0.0008510393487102771
730.5,0.0005638926985892759
730.5833333333333,0.0006203904389610931
730.6666666666666,0.0010113550766149431
730.75,0.0004771482115335187
730.8333333333333,0.0012880845741989866
730.9166666666666,0.0005341754935365997
731.0,0.001001260945611163
731.0833333333333,0.0012318136830618775
731.1666666666666,0.0019512115296438366
731.25,0.001509545881360843
731.3333333333333,0.0007870190560291307
731.4166666666666,0.000541589848895341
731.5,0.0010675220579725465
731.5833333333333,0.0025754792913073804
731.6666666666666,0.0030052580771000475
731.75,0.0017802793274304851
731.8333333333333,0.0009423339603788682
731.9166666666666,0.0007790562815156006
732.0,0.0006150421539854297
732.0833333333333,0.0020345927364917183
732.1666666666666,0.0025031895242125057
732.25,0.0018232573153354138
732.3333333333333,0.0018311777179230045
732.4166666666666,0.0014813185161294063
732.5,0.0010488163831466372
732.5833333333333,0.000287821277858438
732.6666666666666,0.0008451135523792223
732.75,0.0012164933957411778
732.8333333333333,0.0025149234181446683
732.9166666666666,0.002059205776096172
733.0,0.000496427928698652
733.0833333333333,0.0010620738274682206
733.1666666666666,0.000784013694591643
733.25,0.0006902517637804526
733.3333333333333,0.0006371413301768855
733.4166666666666,0.0006401870607611185
733.5,0.001080072835630385
733.5833333333333,0.000848477481534249
733.6666666666666,0.0005126681597852048
733.75,0.00041601608650563193
733.8333333333333,0.0009099247352800215
733.9166666666666,0.0011096632778735433
734.0,0.0015309059370440773
734.0833333333333,0.0014137471331978715
734.1666666666666,0.0011813687085382566
734.25,0.0007274043978067992
734.3333333333333,0.0005289169256215943
734.4166666666666,0.0010186322497244425
734.5,0.0007245672695150067
734.5833333333333,0.001277129527196751
734.6666666666666,0.000533581169726204
734.75,0.0003922460608941107
734.8333333333333,0.001479749339513353
734.9166666666666,0.001379914170684642
735.0,0.0014752539752754309
735.0833333333333,0.0006125866806600865
735.1666666666666,0.001356482191019911
735.25,0.0011031393008663806
735.3333333333333,0.001537882502121295
735.4166666666666,0.0009655947963073571
735.5,0.0006709336217286968
735.5833333333333,0.0010021302655583064
735.6666666666666,0.001350670300263984
735.75,0.0006431843218308294
735.8333333333333,0.001539141764584702
735.9166666666666,0.0006164196852739591
736.0,0.0006013864948947216
736.0833333333333,0.0016743321652543687
736.1666666666666,0.0020187932776625415
736.25,0.0012805343823398675
736.3333333333333,0.0006656524050545234
736.4166666666666,0.0006594976733895889
736.5,0.0005672495281977921
736.5833333333333,0.001965942099097544
736.6666666666666,0.0016408723953076668
736.75,0.002115414272051147
736.8333333333333,0.0019984396084336835
736.9166666666666,0.0005367058511762282
737.0,0.0009078134099206723
737.0833333333333,0.0005733208145862573
737.1666666666666,0.00116146685674086
737.25,0.0005107707666971717
737.3333333333333,0.0009657605420311102
737.4166666666666,0.0007099244021857206
737.5,0.0017708302077546678
737.5833333333333,0.0007509138950084612
737.6666666666666,0.0008905364510372764
737.75,0.0005448620542979632
737.8333333333333,0.000855224640213221
737.9166666666666,0.0005840491328229741
738.0,0.0007649133127085305
738.0833333333333,0.0014409750094370086
738.1666666666666,0.0008690768723329105
738.25,0.0006796298599768035
738.3333333333333,0.0009383715343225839
738.4166666666666,0.001154573178211874
738.5,0.0007750480522026247
738.5833333333333,0.0011818207347423495
738.6666666666666,0.0013112846476716917
738.75,0.0003121990678796302
738.8333333333333,0.001006958259663676
738.9166666666666,0.0010403810364850948
739.0,0.0011957744097324421
739.0833333333333,0.002152084295265501
739.1666666666666,0.001247369705435626
739.25,0.001449942728148601
739.3333333333333,0.0024982317362854793
739.4166666666666,0.0007721772381412092
739.5,0.0006720286712488911
739.5833333333333,0.0006847290880841762
739.6666666666666,0.0013701799718528055
739.75,0.0004039237609932052
739.8333333333333,0.0018759951052496192
739.9166666666666,0.001738617545286925
740.0,0.0005502613667160584
740.0833333333333,0.0015684691552753267
740.1666666666666,0.0015924673438606962
740.25,0.0008084022698035462
740.3333333333333,0.0011263692301532264
740.4166666666666,0.0007191716671676882
740.5,0.0011607647275435372
740.5833333333333,0.0017521811839943766
740.6666666666666,0.0013483700649099064
740.75,0.0012709538752513278
740.8333333333333,0.00032401502275311643
740.9166666666666,0.0006859610629560258
741.0,0.0008079482016031457
741.0833333333333,0.0008357559719095746
741.1666666666666,0.0006093976016644662
741.25,0.0013355127542931213
741.3333333333333,0.0005148219293956099
741.4166666666666,0.0011295766956583367
741.5,0.0011514343046120298
741.5833333333333,0.0005730157710928464
741.6666666666666,0.0013127560257053957
741.75,0.0006212303422102947
741.8333333333333,0.0010224858496122142
741.9166666666666,0.0015698469762494476
742.0,0.000656478342410389
742.0833333333333,0.0010084055942233244
742.1666666666666,0.0014159819327024415
742.25,0.0005718778067520657
742.3333333333333,0.0011916133638026289
742.4166666666666,0.001181659818027471
742.5,0.0011255620643710036
742.5833333333333,0.001250041798213498
742.6666666666666,0.0015605627815741562
742.75,0.001135572958876943
742.8333333333333,0.001810370447708566
742.9166666666666,0.0012478351088305835
743.0,0.0005923934457771653
743.0833333333333,0.0012051431847003309
743.1666666666666,0.0020509867439218125
743.25,0.0010642634416746688
743.3333333333333,0.0007723878917787529
743.4166666666666,0.0012287161496832612
743.5,0.0016511341599761442
743.5833333333333,0.002141666638470894
743.6666666666666,0.002149623577150381
743.75,0.001947754138226112
743.8333333333333,0.0008934237672043676
743.9166666666666,4.5947231685226416e-05
744.0,0.00039331561014986654
744.0833333333333,0.0006343905730646007
744.1666666666666,0.0012571410404745487
744.25,0.0019279245187204092
744.3333333333333,0.0016751580448840422
744.4166666666666,0.0007933369521215771
744.5,0.0006390195727693604
744.5833333333333,0.0011480095879505714
744.6666666666666,0.0005525443214235979
744.75,0.0008376471399937651
744.8333333333333,0.0012533706730659638
744.9166666666666,0.0016505898878273616
745.0,0.0012733282166507876
745.0833333333333,0.0013734971950315337
745.1666666666666,0.0018330109472428882
745.25,0.0007355377942849924
745.3333333333333,0.0014916960176542648
745.4166666666666,0.0018137310672145688
745.5,0.0010574105677580584
745.5833333333333,0.00013362338035968123
745.6666666666666,0.0012707542941742711
745.75,0.003229085573550743
745.8333333333333,0.0025856185586636588
745.9166666666666,0.002255522884766775
746.0,0.0020100042703901488
746.0833333333333,0.0011240552493201853
746.1666666666666,0.0012363699492165385
746.25,0.001711408315927414
746.3333333333333,0.0009344595893848058
746.4166666666666,0.00133077442797062
746.5,0.0016386797072057077
746.5833333333333,0.0007402372083269361
746.6666666666666,0.0007977526329400281
746.75,0.000884824287246924
746.8333333333333,0.00010467824913015984
746.9166666666666,0.002010528082948564
747.0,0.0018014338471249967
747.0833333333333,0.00035301235415459377
747.1666666666666,0.0007061506609538317
747.25,0.0016231673956056559
747.3333333333333,0.0010426754355679607
747.4166666666666,0.0005206912833255224
747.5,0.001131736344279976
747.5833333333333,0.0016111954379544927
747.6666666666666,0.00031913755669758987
747.75,0.0010547849066398175
747.8333333333333,0.00017120763051849274
747.9166666666666,0.0013214893950354639
748.0,0.0016125128703577305
748.0833333333333,0.0007626897358399716
748.1666666666666,0.0005213815486355832
748.25,0.0016830286199549912
748.3333333333333,0.002499058343360198
748.4166666666666,0.0018462618956236647
748.5,0.0010925213731269815
748.5833333333333,0.0012256530434971882
748.6666666666666,0.001424501094127013
748.75,0.00048309565167071816
748.8333333333333,0.00029498615488512964
748.9166666666666,0.0006804115026604973
749.0,0.0018216322247872787
749.0833333333333,0.001960726294110875
749.1666666666666,0.0009452843387623046
749.25,0.0009272376929141235
749.3333333333333,0.0009680951722924634
749.4166666666666,0.0008563102549951651
749.5,0.0004466669996893355
749.5833333333333,0.0006949362205878313
749.6666666666666,0.000984996225164623
749.75,0.0012578844977051155
749.8333333333333,0.00034854955088552543
749.9166666666666,0.001670237685059427
750.0,0.0022323290615717376
750.0833333333333,0.0005714472874614491
750.1666666666666,0.0006396361660825967
750.25,0.0006630653385837174
750.3333333333333,0.00114170925595298
750.4166666666666,0.001063679901177207
750.5,0.0015030773309704076
750.5833333333333,0.001980857274919463
750.6666666666666,0.0008350140021342298
750.75,0.0013372371604680434
750.8333333333333,0.0014142059128787246
750.9166666666666,0.00035476983052282267
751.0,0.0004519420040035522
751.0833333333333,0.000674328057732695
751.1666666666666,0.0008714787998846279
751.25,0.0006224859252583054
751.3333333333333,0.0011045804722571973
751.4166666666666,0.0007025977730454395
751.5,0.0005739234896326205
751.5833333333333,0.000664721119131875
751.6666666666666,0.000408432181330145
751.75,0.002619374206992581
751.8333333333333,0.0033051068536751153
751.9166666666666,0.0022436830798947885
752.0,0.001566282571876087
752.0833333333333,0.0005702595627418525
752.1666666666666,0.0007159883956708964
752.25,0.0013238955475253992
752.3333333333333,0.0006108523035389882
752.4166666666666,0.002568305801990858
752.5,0.0023793363459668894
752.5833333333333,0.0003853348122845939
752.6666666666666,0.0002639375153432026
752.75,0.00128376694276147
752.8333333333333,0.0021445401824860574
752.9166666666666,0.0011076347900067691
753.0,0.0006113618901079174
753.0833333333333,0.0003061328160472131
753.1666666666666,0.0011136673774991104
753.25,0.003079228668357554
753.3333333333333,0.0030302679699048063
753.4166666666666,0.0011385147162037295
753.5,0.0010053179673829586
753.5833333333333,0.0009467612305756836
753.6666666666666,0.0013404463727320858
753.75,0.0011627401240412096
753.8333333333333,0.00047017451261587647
753.9166666666666,0.0007812653190175766
754.0,0.0012889272218699092
754.0833333333333,0.0006997172292759836
754.1666666666666,0.0010127270199206141
754.25,0.0003302392085539601
754.3333333333333,0.0010390990809159982
754.4166666666666,0.0017430962424601238
754.5,0.0011861951019731705
754.5833333333333,0.001045375061394204
754.6666666666666,0.002020458257088033
754.75,0.001364572805608137
754.8333333333333,0.001746553696617926
754.9166666666666,0.0019462462088550105
755.0,0.0021608109286757626
755.0833333333333,0.0016369438658378535
755.1666666666666,0.001054055452676508
755.25,0.001160353634136893
755.3333333333333,0.0003708944960311813
755.4166666666666,0.0004644073372108489
755.5,0.000986381065424132
755.5833333333333,0.0005498252300717585
755.6666666666666,0.0005052043471014706
755.75,0.0011188291634454887
755.8333333333333,0.0011058359945092728
755.9166666666666,0.0006324197080098007
756.0,0.00039941800394700534
756.0833333333333,0.0017926135217920722
756.1666666666666,0.0015062754088204877
756.25,0.0015692932192508922
756.3333333333333,0.0013260023188653564
756.4166666666666,0.0003883550643526855
756.5,0.00106951504299837
756.5833333333333,0.0004092990928909636
756.6666666666666,0.0007203680062227556
756.75,0.0011449145407606018
756.8333333333333,0.0010333638016266063
756.9166666666666,0.0007873935855940024
757.0,0.0005538992564520971
757.0833333333333,0.0014890458684991429
757.1666666666666,0.0014197737622356208
757.25,0.0006902949073668632
757.3333333333333,0.0016692755485565585
757.4166666666666,0.0013488963537917906
757.5,0.0004455431304730426
757.5833333333333,0.0006947791813986724
757.6666666666666,0.00047935084103000695
757.75,0.000108422732687323
757.8333333333333,0.0002637501592143855
757.9166666666666,0.0007385740581848085
758.0,0.000848528326137228
758.0833333333333,0.0011943910060390613
758.1666666666666,0.00030309653536733655
758.25,0.00035816566976614665
758.3333333333333,0.0005979567121768541
758.4166666666666,0.0012584179581552
758.5,0.0017992358613066802
758.5833333333333,0.0019513048957634747
758.6666666666666,0.002174405925677833
758.75,0.0006896500979585244
758.8333333333333,0.002308041340854901
758.9166666666666,0.0013248892965668359
759.0,0.0008864913706687032
759.0833333333333,0.001603609305597789
759.1666666666666,0.00017231345940950992
759.25,0.0004502417295812176
759.3333333333333,0.0007871743004118915
759.4166666666666,0.0009897085468894673
759.5,0.0009475330758699717
759.5833333333333,0.0017562469770569073
759.6666666666666,0.0012433620802142192
759.75,0.000864386756698582
759.8333333333333,0.002054192383708204
759.9166666666666,0.0013214928573952944
760.0,0.0017119366800721497
760.0833333333333,0.0014327598709593682
760.1666666666666,0.0010623386979712686
760.25,0.0021443722209398895
760.3333333333333,0.002046779542366004
760.4166666666666,0.000310766394441294
760.5,0.0007997355744340103
760.5833333333333,0.0009309646467707782
760.6666666666666,0.0014483367160143769
760.75,0.0006313752401697892
760.8333333333333,0.0011019627455633389
760.9166666666666,0.0011373511691275676
761.0,0.0008940153272394996
761.0833333333333,0.0016394323808280478
761.1666666666666,0.0011041833202312897
761.25,0.0007837124759422037
761.3333333333333,0.0005140204059413392
761.4166666666666,0.001731488807664305
761.5,0.002723676404579021
761.5833333333333,0.0012455219106203659
761.6666666666666,0.0008466755566900555
761.75,0.0008757845949697413
761.8333333333333,0.0004819549846467785
761.9166666666666,0.0010308467577811798
762.0,0.0009422959707023178
762.0833333333333,0.0009603295926248817
762.1666666666666,0.0003965008825765254
762.25,0.0007541423367027882
762.3333333333333,0.0008667552816479269
762.4166666666666,0.0026557675171682508
762.5,0.0021003987019549085
762.5833333333333,0.0018188056185195075
762.6666666666666,0.001179690938826281
762.75,0.0009345924543337377
762.8333333333333,0.0012413751090734428
762.9166666666666,0.0011432316309869391
763.0,0.001957038608302312
763.0833333333333,0.0013065907660886218
763.1666666666666,0.0012885269620147462
763.25,0.001238513295706028
763.3333333333333,0.002220350083445314
763.4166666666666,0.003255780217305424
763.5,0.003509892742742401
763.5833333333333,0.0031366506837708936
763.6666666666666,0.0016916937531299674
763.75,0.0008679051482570474
763.8333333333333,0.0008380845997714541
763.9166666666666,0.00018866870474971433
764.0,0.0008630613506745304
764.0833333333333,0.0013966622916375304
764.1666666666666,0.0017091944139545376
764.25,0.001307223790704616
764.3333333333333,0.0016730099501213907
764.4166666666666,0.0022511413023125985
764.5,0.001978910265075161
764.5833333333333,0.0009003993536269501
764.6666666666666,0.0012063635852622766
764.75,0.0017670641171460538
764.8333333333333,0.0012487957612904513
764.9166666666666,0.0009871902658331853
765.0,0.0011518044833106664
765.0833333333333,0.001332828391201881
765.1666666666666,0.0005305487530499243
765.25,0.00038519245498207363
765.3333333333333,0.0007989849229059149
765.4166666666666,0.0009123705539857158
765.5,0.0005401484124872486
765.5833333333333,0.0003556623329173896
765.6666666666666,0.0006898649870892826
765.75,0.0005475160130908614
765.8333333333333,0.002265704260425189
765.9166666666666,0.0033804636439640377
766.0,0.002671787841214459
766.0833333333333,0.0018832793156205948
766.1666666666666,0.0014298519742144613
766.25,0.001293079044893736
766.3333333333333,0.0020827019417296046
766.4166666666666,0.00237258976164451
766.5,0.0017002174480283542
766.5833333333333,0.0011113514317840577
766.6666666666666,0.0017636363256276196
766.75,0.001998483409190852
766.8333333333333,0.0025830884658470487
766.9166666666666,0.0015942459588709642
767.0,0.0024645344936228184
767.0833333333333,0.001676101367574088
767.1666666666666,0.0005087216039595388
767.25,0.00021758830019624615
767.3333333333333,0.0012206434197460105
767.4166666666666,0.0020295195197180967
767.5,0.0013114434035323055
767.5833333333333,0.0016341887753320425
767.6666666666666,0.0023084580270416816
767.75,0.0013456801710140958
767.8333333333333,0.0008462871437706794
767.9166666666666,0.0010503164657718824
768.0,0.002484806383280008
768.0833333333333,0.002537818588467755
768.1666666666666,0.00129283505535322
768.25,0.0016829881267927992
768.3333333333333,0.001794492751651625
768.4166666666666,0.0018027416882098178
768.5,0.0015336429085296467
768.5833333333333,0.0012176536206895217
768.6666666666666,0.0006694658219695955
768.75,0.0014951489688599462
768.8333333333333,0.0013966450809346864
768.9166666666666,0.0017838798595840113
769.0,0.001969688505999715
769.0833333333333,0.0010613526074585715
769.1666666666666,0.00033339238970020067
769.25,0.0008412500502859698
769.3333333333333,0.0013012853644327365
769.4166666666666,0.0014307198203406877
769.5,0.0012925766099300907
769.5833333333333,0.00018306904109352683
769.6666666666666,0.0003559232262490145
769.75,0.0009257047033376005
769.8333333333333,0.0012113681979031908
769.9166666666666,0.00055601820583728
770.0,0.0012651590406019552
770.0833333333333,0.0008731753178103416
770.1666666666666,0.0012926385079926744
770.25,0.002033357746138888
770.3333333333333,0.002214598497681044
770.4166666666666,0.0012220298203438644
770.5,0.0010992516809243402
770.5833333333333,0.0016637853429200852
770.6666666666666,0.0004019662203562072
770.75,0.0005628577893527254
770.8333333333333,0.0010996093311291103
770.9166666666666,0.0017933319552106248
771.0,0.0004585201002753672
771.0833333333333,0.00102898803458573
771.1666666666666,0.0001320338935407488
771.25,0.000330481764741028
771.3333333333333,0.0008991436392797581
771.4166666666666,0.0003765638418961526
771.5,0.0007817182336379325
771.5833333333333,0.0012450558178408986
771.6666666666666,0.0012358243984001021
771.75,0.0012625454186110836
771.8333333333333,0.0017022524961884731
771.9166666666666,0.001660039569795467
772.0,0.001435520074782119
772.0833333333333,0.0011671390575442179
772.1666666666666,0.0003327133953074778
772.25,0.0013518452952356542
772.3333333333333,0.00012445876621859235
772.4166666666666,0.001757037843367505
772.5,0.0022199323097859542
772.5833333333333,0.0015777995749556534
772.6666666666666,0.0008567430873234951
772.75,0.00015626565171980502
772.8333333333333,0.0003237484770468406
772.9166666666666,0.001009201482374624
773.0,0.0015201939177563002
773.0833333333333,0.0015249320194847737
773.1666666666666,0.0016714486008461507
773.25,0.0009076734769014885
773.3333333333333,0.0005442900312178969
773.4166666666666,0.0008819351136798234
773.5,0.0017108901842387227
773.5833333333333,0.0005876108179494874
773.6666666666666,0.001320594775218542
773.75,0.0024788225962074717
773.8333333333333,0.002139161885783327
773.9166666666666,0.0006185192988467381
774.0,0.0006896849658379347
774.0833333333333,0.0006851642228440671
774.1666666666666,0.0008408369038594661
774.25,0.0009186826920290794
774.3333333333333,0.000565914427287095
774.4166666666666,0.0003960723926474289
774.5,0.0005519678830445726
774.5833333333333,0.0017398955402334138
774.6666666666666,0.002417257851098891
774.75,0.001128335319282431
774.8333333333333,0.0006939808808653334
774.9166666666666,0.0006665674537117329
775.0,0.0003281861117869472
775.0833333333333,0.0005872349369196905
775.1666666666666,0.0013284219114904133
775.25,0.001961390465435085
775.3333333333333,0.002446130129518499
775.4166666666666,0.001869804820025679
775.5,0.0013019628885469147
775.5833333333333,0.0014190840880237338
775.6666666666666,0.0007498461131112444
775.75,0.0003824709839546329
775.8333333333333,0.001057402460239852
775.9166666666666,0.0005275227262587152
776.0,0.0005202837396404184
776.0833333333333,0.0013774526617412483
776.1666666666666,0.001131632566620561
776.25,0.0014840137096067557
776.3333333333333,0.002718430370464924
776.4166666666666,0.0024505082830090013
776.5,0.0012104933534077841
776.5833333333333,0.0014228901511958373
776.6666666666666,0.0011407698889047443
776.75,0.0008034446123198206
776.8333333333333,0.0005358409771078364
776.9166666666666,0.0010925957838852775
777.0,0.0011390106122150315
777.0833333333333,0.000488634161447015
777.1666666666666,0.0005558028721208278
777.25,0.0012269823118143445
777.3333333333333,0.0009279192245525429
777.4166666666666,0.0006644651346572512
777.5,0.0005930263156350118
777.5833333333333,0.00017731725715114117
777.6666666666666,0.0012509301956399451
777.75,0.0006964200034287143
777.8333333333333,0.0004380323854121983
777.9166666666666,0.00153465611573828
778.0,0.0013546497111903233
778.0833333333333,0.0006945716599312923
778.1666666666666,0.0013504222256292924
778.25,0.001483303791374022
778.3333333333333,0.0012939477512936548
778.4166666666666,0.001593345267604599
778.5,0.0018073221050897217
778.5833333333333,0.0020897448118984896
778.6666666666666,0.0011229440051024034
778.75,0.0005049419287807253
778.8333333333333,0.0011132931405562418
778.9166666666666,0.0011012207361532189
779.0,0.0007295941302180102
779.0833333333333,0.0011147700517940354
779.1666666666666,0.0016872925876618217
779.25,0.0014680201451967962
779.3333333333333,0.001073035307104177
779.4166666666666,0.0007962466008471147
779.5,0.0006264007311039071
779.5833333333333,0.0004605665153210237
779.6666666666666,0.0011536545959873984
779.75,0.0011682170192257734
779.8333333333333,0.0016856431671854832
779.9166666666666,0.0030335018769367017
780.0,0.002919735665047548
780.0833333333333,0.0023502815822984513
780.1666666666666,0.0010682411793606916
780.25,0.0011968872757829505
780.3333333333333,0.0008850433376694259
780.4166666666666,0.0017014295696526928
780.5,0.0011700507510720968
780.5833333333333,0.0004982662104320728
780.6666666666666,0.001105764892166769
780.75,0.001421785686652069
780.8333333333333,0.000940570576655479
780.9166666666666,0.002104237629995555
781.0,0.0014522242841928025
781.0833333333333,0.0018410814984201429
781.1666666666666,0.0014357951522491485
781.25,0.0009321054285932199
781.3333333333333,0.0009053469625328773
781.4166666666666,0.0008460477725438952
781.5,0.0014020963747305491
781.5833333333333,0.0008945552830945978
781.6666666666666,0.0011340234710650223
781.75,0.0005191317287856615
781.8333333333333,0.0009546169626684759
781.9166666666666,0.00037846852474339026
782.0,0.00027456138932380257
782.0833333333333,0.00039993422189388284
782.1666666666666,0.00016508343406572502
782.25,0.0007319967524827167
782.3333333333333,0.0011210920956216139
782.4166666666666,0.0011738718987933535
782.5,0.0007466054061156069
782.5833333333333,0.0009299478821191892
782.6666666666666,0.000871771098425184
782.75,0.0004214995117957695
782.8333333333333,0.0002905993792757637
782.9166666666666,0.0004460713819324216
783.0,0.001073337267257282
783.0833333333333,0.0006784353821139589
783.1666666666666,0.0010998744086441353
783.25,0.0011615565183094748
783.3333333333333,0.0005596032526710774
783.4166666666666,0.0004888206396852627
783.5,0.00037358534898661143
783.5833333333333,0.0009222626182055859
783.6666666666666,0.0005393206128627316
783.75,0.0015325524569049333
783.8333333333333,0.0004911350497417105
783.9166666666666,0.002318012952481877
784.0,0.00212838425711478
784.0833333333333,0.00042001163107043395
784.1666666666666,0.0012302258324679732
784.25,0.0005631149796763215
784.3333333333333,0.0008712081571985953
784.4166666666666,0.0005638921666358054
784.5,0.001672923613713071
784.5833333333333,0.0008706080307985093
784.6666666666666,0.0001891763615629092
784.75,0.000975622694751891
784.8333333333333,0.0017287248836504183
784.9166666666666,0.0005214638836494676
785.0,0.00037138536293201534
785.0833333333333,0.0008187866441135972
785.1666666666666,0.0025546612071531936
785.25,0.0012195307634782443
785.3333333333333,0.0010221995143343927
785.4166666666666,0.002378304854914316
785.5,0.0015347973656263463
785.5833333333333,0.0012042185854082216
785.6666666666666,0.00194286330642529
785.75,0.001494352503683337
785.8333333333333,0.001417913618115214
785.9166666666666,0.002216222141628573
786.0,0.001152825021471565
786.0833333333333,0.0012732738778120246
786.1666666666666,0.0017938659907516296
786.25,0.0019146824716453688
786.3333333333333,0.001398387776625038
786.4166666666666,0.0005282231786664113
786.5,0.0006691824651596255
786.5833333333333,0.00017108449098633167
786.6666666666666,0.0004723708265469785
786.75,0.0011048006812127802
786.8333333333333,0.0018421392145726585
786.9166666666666,0.0007441932924734752
787.0,0.00020931573750604358
787.0833333333333,0.0011354084572075982
787.1666666666666,0.0013117146633330008
787.25,0.0005799668760714627
787.3333333333333,0.0005288476916834318
787.4166666666666,0.0016264946172478113
787.5,0.001906607400518788
787.5833333333333,0.001538162638872522
787.6666666666666,0.0005602964211894163
787.75,0.0017490112472923003
787.8333333333333,0.0018384607152967802
787.9166666666666,0.0011194647665468086
788.0,0.001387036069184014
788.0833333333333,0.0012489092382974702
788.1666666666666,0.0018431249550461594
788.25,0.0013946943524575902
788.3333333333333,0.0009086341489632303
788.4166666666666,0.0012079286171731269
788.5,0.0007532555134557706
788.5833333333333,0.0018362447708589124
788.6666666666666,0.0011599448195939279
788.75,0.00026676592200768355
788.8333333333333,0.00019756291062422487
788.9166666666666,0.0006450914019616421
789.0,0.0011186576430404311
789.0833333333333,0.00037579845355761155
789.1666666666666,0.0010966328240647636
789.25,0.000895754007245297
789.3333333333333,0.00087879839749257
789.4166666666666,0.0011314252764533235
789.5,0.0015084388282038392
789.5833333333333,0.0009048079185411231
789.6666666666666,0.0004077418401823384
789.75,0.0020924008092315528
789.8333333333333,0.0017236256196838187
789.9166666666666,0.00030837214458067177
790.0,0.0009963425731714093
790.0833333333333,0.0004369042774798337
790.1666666666666,0.0018796773271160525
790.25,0.0015972298657830164
790.3333333333333,0.0009560717553006063
790.4166666666666,0.00032146888775787084
790.5,0.0012017202629893925
790.5833333333333,0.00042145006989377444
790.6666666666666,0.0008046115225662834
790.75,0.000504724535551541
790.8333333333333,0.001214595689717932
790.9166666666666,0.0010021355671188052
791.0,0.0003920975807048658
791.0833333333333,0.0010379195649372803
791.1666666666666,0.00032725032722164183
791.25,0.0012036520320903921
791.3333333333333,0.000774419603834211
791.4166666666666,0.0004524351643925751
791.5,0.0010111973791088657
791.5833333333333,0.001306751241899967
791.6666666666666,0.0009330650683130818
791.75,0.0005179479893978026
791.8333333333333,0.0007900503345275561
791.9166666666666,0.0015927744679487268
792.0,0.0019760988884948644
792.0833333333333,0.00042082986267607457
792.1666666666666,0.0006021172978197241
792.25,0.0004388869863491542
792.3333333333333,0.0006377466472507691
792.4166666666666,0.0003795071695027931
792.5,0.00041518635987000874
792.5833333333333,0.0004455128894851658
792.6666666666666,0.0007533401655760088
792.75,0.0009396105740238117
792.8333333333333,0.0011613432321774162
792.9166666666666,0.001651348239465099
793.0,0.002159324678120076
793.0833333333333,0.000992658237610187
793.1666666666666,0.00017400392851023568
793.25,0.0001779181346396734
793.3333333333333,0.0006813333586293178
793.4166666666666,0.0020640504199756974
793.5,0.002445865405156019
793.5833333333333,0.00014731934317210483
793.6666666666666,0.0021720148435692486
793.75,0.0006859253698634643
793.8333333333333,0.0018504381495425513
793.9166666666666,0.0002811097137159384
794.0,0.0014845347038487848
794.0833333333333,0.001514597667686308
794.1666666666666,0.0015569840313815193
794.25,0.0011252601436600046
794.3333333333333,0.0006275062348530911
794.4166666666666,0.0010837297749971486
794.5,0.0012035969292913153
794.5833333333333,0.0010345254079204926
794.6666666666666,0.0007022279665809131
794.75,0.000791535200984543
794.8333333333333,0.00021388589518481452
794.9166666666666,0.0010637367294270262
795.0,0.0003559924949107024
795.0833333333333,0.0003669349207542697
795.1666666666666,0.00024108514984622965
795.25,0.0015657990155638433
795.3333333333333,0.0017741602885211686
795.4166666666666,0.0014526273170257006
795.5,0.0008724368472462482
795.5833333333333,0.001727680438655466
795.6666666666666,0.0012659455560443743
795.75,0.00176974757449868
795.8333333333333,0.0019824476746098194
795.9166666666666,0.0005325367297131876
796.0,0.001109699101777112
796.0833333333333,0.00038405101502797306
796.1666666666666,0.001176475790174953
796.25,0.00103313313181443
796.3333333333333,0.0005035396209447178
796.4166666666666,0.00047843954469508634
796.5,0.0005394644041453649
796.5833333333333,0.0008710598616401239
796.6666666666666,0.00041309480202611005
796.75,0.0010877708884853875
796.8333333333333,0.0011049926646228229
796.9166666666666,0.00020302735372496047
797.0,0.0005935997238892504
797.0833333333333,0.0002872230549458458
797.1666666666666,0.0008468720108782075
797.25,0.00034206616404243076
797.3333333333333,0.0022685662630730252
797.4166666666666,0.0021150969282406956
797.5,0.0008579432473504
797.5833333333333,0.0011296228808972662
797.6666666666666,0.0012519441306666824
797.75,0.0006238804196817256
797.8333333333333,7.80263318805883e-05
797.9166666666666,0.0005680133205442413
798.0,0.00031330384803302034
798.0833333333333,0.000997743224781161
798.1666666666666,0.0017399184005556269
798.25,0.001495104741236755
798.3333333333333,0.001372781095600369
798.4166666666666,0.0012490456318257205
798.5,0.0006898262663505983
798.5833333333333,0.0009255050008956992
798.6666666666666,0.001455214487442007
798.75,0.0012573487883385669
798.8333333333333,0.000567868973618428
798.9166666666666,0.0009322735450009385
799.0,0.00027563503377773147
799.0833333333333,0.0020616378770843265
799.1666666666666,0.003051236108150833
799.25,0.0009728279033722465
799.3333333333333,0.0018866946630366015
799.4166666666666,0.001345170634505434
799.5,0.0011521760929014213
799.5833333333333,0.001076111759396903
799.6666666666666,0.00045950310021842345
799.75,0.0016347759378650603
799.8333333333333,0.0023242473696366305
799.9166666666666,0.001723857146212552
800.0,0.0008723269459399351
800.0833333333333,0.0007849419730302356
800.1666666666666,0.0021230752247950384
800.25,0.002141494513326164
800.3333333333333,0.0010284419151407468
800.4166666666666,0.0017225890906368455
800.5,0.002995733982806812
800.5833333333333,0.0027102500645494313
800.6666666666666,0.002015152759671787
800.75,0.0017792397312205986
800.8333333333333,0.0011522953432022362
800.9166666666666,0.0005757100429603767
801.0,0.0010030296063163132
801.0833333333333,0.0007155312276594062
801.1666666666666,0.000968024179279545
801.25,0.0005137473034475974
801.3333333333333,0.0009428404867924252
801.4166666666666,0.00046854497101093143
801.5,0.001112351693329237
801.5833333333333,0.0008851389579639166
801.6666666666666,0.0005855351613845242
801.75,0.0016161780931687496
801.8333333333333,0.0026682086920754126
801.9166666666666,0.0013193189502756987
802.0,0.0008146308964798142
802.0833333333333,0.0006523945068738426
802.1666666666666,0.0004897866389551199
802.25,0.0014818603118814122
802.3333333333333,0.0022424137291760346
802.4166666666666,0.001153888321892613
802.5,0.00050254715818554
802.5833333333333,0.0010862833884248584
802.6666666666666,0.0005289827866394843
802.75,0.0008264298551237179
802.8333333333333,0.0007393912026744951
802.9166666666666,0.001497249878856704
803.0,0.0008550779503408687
803.0833333333333,0.00011512978667740567
803.1666666666666,5.962181059723987e-05
803.25,0.0003487264368979158
803.3333333333333,0.0005038381003573464
803.4166666666666,0.0010377473031856978
803.5,0.0024975700373931855
803.5833333333333,0.002372234702996423
803.6666666666666,0.0011242777321793867
803.75,0.0012745420155172893
803.8333333333333,0.0015272185164166897
803.9166666666666,0.001287647025698552
804.0,0.001259994599920561
804.0833333333333,0.0014431129406121056
804.1666666666666,0.0012071861416881344
804.25,0.0002652912507177337
804.3333333333333,0.0013439254785283339
804.4166666666666,0.0016389234057900739
804.5,0.0014096731858390422
804.5833333333333,0.0020485921279037225
804.6666666666666,0.002442688640952053
804.75,0.0017633864718056996
804.8333333333333,0.0011348611646385322
804.9166666666666,0.001591259734963383
805.0,0.001720993703919355
805.0833333333333,0.0009528343002758986
805.1666666666666,0.0006095222228986106
805.25,0.00021035712406751979
805.3333333333333,0.0008324968015534611
805.4166666666666,0.0011394263636649736
805.5,0.0010196134552170842
805.5833333333333,0.0005455646227285104
805.6666666666666,0.001045906213960401
805.75,0.0008092459245477198
805.8333333333333,9.457986453471334e-05
805.9166666666666,0.0001762951418289956
806.0,0.00039787185725341566
806.0833333333333,0.0003877830511420498
806.1666666666666,0.0006362923390233284
806.25,0.0008197425457676485
806.3333333333333,0.0003786292348003434
806.4166666666666,0.0005452914743065828
806.5,0.000740648876679168
806.5833333333333,0.0011769228373310282
806.6666666666666,0.0002628960737893714
806.75,0.0003157259974976145
806.8333333333333,0.0007555259915251413
806.9166666666666,0.0017398043361193083
807.0,0.0020907329585634505
807.0833333333333,0.0010094087314300058
807.1666666666666,0.00047304936294137744
807.25,0.0008188095404564088
807.3333333333333,0.0004895702326658217
807.4166666666666,0.0012114777180222188
807.5,0.0020053322864946
807.5833333333333,0.002849132258799378
807.6666666666666,0.0007792924363874817
807.75,0.001155921073999175
807.8333333333333,0.0009618932947760457
807.9166666666666,0.001519574073225482
808.0,0.0010578937812605182
808.0833333333333,0.0011928381740700647
808.1666666666666,0.00041165346614344876
808.25,0.0006740437086654241
808.3333333333333,0.001372444813987765
808.4166666666666,0.0015308278636973003
808.5,0.0019626694059509775
808.5833333333333,0.0012636393239833508
808.6666666666666,0.0009042648054763322
808.75,0.001525686856463111
808.8333333333333,0.001481516517093916
808.9166666666666,0.001031467562981994
809.0,0.000621105472342307
809.0833333333333,0.002105709943428623
809.1666666666666,0.0021583002024666243
809.25,0.001094986224852983
809.3333333333333,0.00155358712340825
809.4166666666666,0.0010266124656316093
809.5,0.0004955232105827989
809.5833333333333,0.001476698569338957
809.6666666666666,0.0015296942112004617
809.75,0.0009606782745045343
809.8333333333333,0.0002638005541955687
809.9166666666666,0.0006861571398970277
810.0,0.0018555828685888536
810.0833333333333,0.0016386907094608184
810.1666666666666,0.0006756179862845921
810.25,0.0007032177483637485
810.3333333333333,0.00041969031352379586
810.4166666666666,0.0020529037387774056
810.5,0.001728194564502696
810.5833333333333,0.001659559729862043
810.6666666666666,0.0015940458045257697
810.75,0.0013861904998214137
810.8333333333333,0.001536692330608506
810.9166666666666,0.001193248520275536
811.0,0.0008218912570650338
811.0833333333333,0.0011782185920759828
811.1666666666666,0.0007381989572931244
811.25,0.0012292131780284896
811.3333333333333,0.0005824979004560881
811.4166666666666,0.0001350031747053797
811.5,0.0002249104629007578
811.5833333333333,0.0011432354755076756
811.6666666666666,0.0011678960860237832
811.75,0.0008853735454155785
811.8333333333333,0.001858469601553767
811.9166666666666,0.00036685756990913784
812.0,0.001725377669408907
812.0833333333333,0.00227153517492161
812.1666666666666,0.002248978906121029
812.25,0.0013173306555807928
812.3333333333333,0.0010954567468254269
812.4166666666666,0.0002864358513123142
812.5,0.001239562487908517
812.5833333333333,0.0023621406309623488
812.6666666666666,0.0019837828197029335
812.75,0.0016988891948959929
812.8333333333333,0.0013555806951755032
812.9166666666666,0.0012424897792771897
813.0,0.00129313654694579
813.0833333333333,0.0004129895231898078
813.1666666666666,0.001877428416645275
813.25,0.0015143161239181047
813.3333333333333,0.0023710212397524497
813.4166666666666,0.0028567589245429253
813.5,0.0013898372569136825
813.5833333333333,0.001354166372263856
813.6666666666666,0.0008560184815032201
813.75,0.0003702660778838616
813.8333333333333,0.0011851240056922783
813.9166666666666,0.0020699906462711705
814.0,0.0016492704461225811
814.0833333333333,0.0009914488728213176
814.1666666666666,0.0006752772259053526
814.25,0.0010250728620929607
814.3333333333333,0.0007789785210754475
814.4166666666666,0.000440258083083218
814.5,0.00045814586265014324
814.5833333333333,0.002194251253035472
814.6666666666666,0.0015803826568817543
814.75,0.0007491307634216464
814.8333333333333,0.0012992174047619224
814.9166666666666,0.0007932530421736471
815.0,0.000964283929490805
815.0833333333333,0.000548635239692082
815.1666666666666,0.0010350014066297143
815.25,0.0013477716829377376
815.3333333333333,0.0006514685880852771
815.4166666666666,0.0014888837650257507
815.5,0.0020490868403995896
815.5833333333333,0.0009726537285565123
815.6666666666666,0.0014965646729360055
815.75,0.0008904109263701662
815.8333333333333,0.0011537409500148533
815.9166666666666,0.001153470698876227
816.0,0.0010198100009143553
816.0833333333333,0.0007480234873645832
816.1666666666666,0.0008566765964924583
816.25,0.0017937260790338828
816.3333333333333,0.002322694047877635
816.4166666666666,0.0016147367404347804
816.5,0.001600286762193871
816.5833333333333,0.0021722178464985862
816.6666666666666,0.0016112922658251903
816.75,0.000752038327526522
816.8333333333333,0.00010332047137482625
816.9166666666666,0.00041765052301813454
817.0,0.0006315788899654368
817.0833333333333,0.0010516680067501763
817.1666666666666,0.0005246746554235286
817.25,0.0008226446504987884
817.3333333333333,0.001600969374905226
817.4166666666666,0.0017920118315143607
817.5,0.0011601912463879436
817.5833333333333,0.0017348926702480476
817.6666666666666,0.0022939912149838285
817.75,0.0020867206432949766
817.8333333333333,0.002307276061601604
817.9166666666666,0.002417371819293125
818.0,0.00240189140959335
818.0833333333333,0.0021869806628305095
818.1666666666666,0.0013170271561410046
818.25,0.0006833320177632616
818.3333333333333,0.000747314965097297
818.4166666666666,0.0012200579411821766
818.5,0.0014796996374696143
818.5833333333333,0.0007038433505978925
818.6666666666666,0.0016550633054698218
818.75,0.0012734210998671827
818.8333333333333,0.0009118988380993787
818.9166666666666,0.0006390445306815748
819.0,0.0018096936792422957
819.0833333333333,0.0020850690242740465
819.1666666666666,0.0005638423001316789
819.25,0.0007520346738770254
819.3333333333333,0.0017972418137055042
819.4166666666666,0.002448188535594781
819.5,0.0025272525867589034
819.5833333333333,0.002682523742661472
819.6666666666666,0.0016075991441932556
819.75,0.0011941409332041416
819.8333333333333,0.0033404183780015484
819.9166666666666,0.003707223579910492
820.0,0.0023083932418336327
820.0833333333333,0.0021380464224080415
820.1666666666666,0.0022494093631900843
820.25,0.0008522580397303624
820.3333333333333,0.0005459164665102258
820.4166666666666,0.00041492884104454787
820.5,0.0007277972632829667
820.5833333333333,0.0017666611023440322
820.6666666666666,0.002780806244165208
820.75,0.0007619646808088118
820.8333333333333,0.0010383541316912558
820.9166666666666,0.0015014116503400993
821.0,0.0014004589608834711
821.0833333333333,0.0009589598527476583
821.1666666666666,0.0006154270053684699
821.25,0.0008317836411336721
821.3333333333333,0.00019887486703893314
821.4166666666666,0.0026391466169690798
821.5,0.0016632997292888067
821.5833333333333,0.0020090638886369307
821.6666666666666,0.003145811604395889
821.75,0.0019835515278970833
821.8333333333333,0.0009309056115050335
821.9166666666666,0.0010096542659498253
822.0,0.0009087887450045852
822.0833333333333,0.0011367614638199538
822.1666666666666,0.0010608578202941966
822.25,0.0005216556601181735
822.3333333333333,0.0004763503241119424
822.4166666666666,0.0008858903326684959
822.5,0.0007366839084701379
822.5833333333333,0.000689534263910966
822.6666666666666,0.0005368150754248898
822.75,0.0015510730626883866
822.8333333333333,0.0023242296238092383
822.9166666666666,0.0017761747837273356
823.0,0.00045280148749749194
823.0833333333333,0.0008108169718721766
823.1666666666666,0.0018431030625213358
823.25,0.0017329543889815463
823.3333333333333,0.0011991312036587285
823.4166666666666,0.0003395247288105981
823.5,0.0006251394128141073
823.5833333333333,0.0015821025547850828
823.6666666666666,0.0016267246618471387
823.75,0.001714626158837291
823.8333333333333,0.0015725505683854475
823.9166666666666,0.0008984504626857085
824.0,0.00022237170963652526
824.0833333333333,0.0005461437162307767
824.1666666666666,0.0009238773996228868
824.25,0.001602252159387966
824.3333333333333,0.00045222059530840064
824.4166666666666,0.001290271091885152
824.5,0.0013115608129801012
824.5833333333333,0.0015704006242498938
824.6666666666666,0.0007851181468842234
824.75,0.00014416977629577198
824.8333333333333,0.000992436675147863
824.9166666666666,0.0015088577074709594
825.0,0.0009460041034763972
825.0833333333333,0.0014825039866242964
825.1666666666666,0.0009024686761506074
825.25,0.0012822047670803518
825.3333333333333,0.0011094031856104952
825.4166666666666,0.0010623423265450629
825.5,0.0017538719327457185
825.5833333333333,0.0023349516764048263
825.6666666666666,0.0017948807494869107
825.75,0.0012707490097104966
825.8333333333333,0.0013913750092544657
825.9166666666666,0.0013024232700086953
826.0,0.00168229116996957
826.0833333333333,0.0019645655910607586
826.1666666666666,0.0010633311241852225
826.25,0.0012175180189299922
826.3333333333333,0.0005992234628726762
826.4166666666666,0.0010921937004546856
826.5,0.0011118639243531418
826.5833333333333,0.0008005627505821225
826.6666666666666,0.0016529694623540786
826.75,0.0010701070501585946
826.8333333333333,0.0012822318649420297
826.9166666666666,0.001874739196623155
827.0,0.003123469362612659
827.0833333333333,0.0022709629353727338
827.1666666666666,0.0013307627190513266
827.25,0.0028395083560916485
827.3333333333333,0.0017145145798437426
827.4166666666666,0.00039859265419749454
827.5,0.0008223265935292754
827.5833333333333,0.0011723668777935342
827.6666666666666,0.0016335390227018498
827.75,0.0015157788455894645
827.8333333333333,0.0014891062034869515
827.9166666666666,0.0009019086350917973
828.0,0.00148604544155091
828.0833333333333,0.0018754897474943133
828.1666666666666,0.0002797855310337935
828.25,0.0009179431263124887
828.3333333333333,0.0008315439899876113
828.4166666666666,0.00031522458996322125
828.5,0.0003833396695810097
828.5833333333333,0.0019502315816901684
828.6666666666666,0.001274478569236649
828.75,0.0014885944660144217
828.8333333333333,0.0014933885479124012
828.9166666666666,0.0009072586733533026
829.0,0.0011257949481228806
829.0833333333333,0.0017075662201505074
829.1666666666666,0.0018137384305605413
829.25,0.0017584238402762638
829.3333333333333,0.0021708360350285146
829.4166666666666,0.0018851803164258282
829.5,0.0011361293902609278
829.5833333333333,0.0006358291406722197
829.6666666666666,0.0013919909691893309
829.75,0.0026674665757048382
829.8333333333333,0.0023081287745854388
829.9166666666666,0.0007097866677956193
830.0,0.0005155553608426164
830.0833333333333,0.000735291671038543
830.1666666666666,0.0006221149075771911
830.25,0.0008591891099956667
830.3333333333333,0.0011577921648534277
830.4166666666666,0.0011464950394726842
830.5,0.0007781582714665101
830.5833333333333,0.0005607613380677726
830.6666666666666,0.0008766062177053539
830.75,0.0002012633912201244
830.8333333333333,0.001173144410455604
830.9166666666666,0.001961315592995779
831.0,0.0018030741963125524
831.0833333333333,0.002376529711411227
831.1666666666666,0.0024676673205840972
831.25,0.002679381746570052
831.3333333333333,0.002713739293056008
831.4166666666666,0.001746325049260449
831.5,0.0014560701426726082
831.5833333333333,0.0014573371236502688
831.6666666666666,0.0010906847201861002
831.75,0.0020517816357683264
831.8333333333333,0.001690871544231944
831.9166666666666,0.0015292291880735125
832.0,0.0013396100519385366
832.0833333333333,0.00012411946272527125
832.1666666666666,0.0006424516676650927
832.25,0.0006105474669818589
832.3333333333333,0.001781567063322742
832.4166666666666,0.0028333764730234298
832.5,0.0017731302068958177
832.5833333333333,0.0018901137123877201
832.6666666666666,0.0026313848049964047
832.75,0.001649763010263002
832.8333333333333,0.00031315596804238927
832.9166666666666,0.0009198078017050869
833.0,0.0009029647210044131
833.0833333333333,0.0015218251398863485
833.1666666666666,0.002439115151028312
833.25,0.0023987912044850573
833.3333333333333,0.0016953554538967788
833.4166666666666,0.000687340303971204
833.5,0.00019245617602736326
833.5833333333333,0.0008166999636151097
833.6666666666666,0.0016044671797648133
833.75,0.0015426555788298916
833.8333333333333,0.0012823144947430394
833.9166666666666,0.001800058671376913
834.0,0.001132039383025179
834.0833333333333,0.00018493950221974782
834.1666666666666,0.0008863960089157217
834.25,0.001156485020078994
834.3333333333333,0.001631671914127865
834.4166666666666,0.0004196990875757333
834.5,0.0012065249374109814
834.5833333333333,0.0006423112385617966
834.6666666666666,0.002477026656859086
834.75,0.0027402149061956484
834.8333333333333,0.0022286841150629872
834.9166666666666,0.0010451275393302047
835.0,0.0009713458447753303
835.0833333333333,0.0010599244457442799
835.1666666666666,0.0008678803593457271
835.25,0.00020652367348324122
835.3333333333333,0.0005154193410702252
835.4166666666666,0.0011230904722160059
835.5,0.0018267918550916899
835.5833333333333,0.0017306520668131423
835.6666666666666,0.00015646398314322985
835.75,0.000355505580868224
835.8333333333333,0.001702366789371967
835.9166666666666,0.0020318921356606186
836.0,0.0005927716126785691
836.0833333333333,0.0007700900045820445
836.1666666666666,0.0009803041844172638
836.25,0.001137622924812753
836.3333333333333,0.0026495394632687227
836.4166666666666,0.00192761214757341
836.5,0.00043979826482486373
836.5833333333333,0.00021995255746212847
836.6666666666666,0.0013319139141408642
836.75,0.001551245182736161
836.8333333333333,0.0005494243970188319
836.9166666666666,0.0017142603602763955
837.0,0.0001725150264253093
837.0833333333333,0.0011570538419153017
837.1666666666666,0.001082083273314018
837.25,0.0012219115576510419
837.3333333333333,0.0008636933811831013
837.4166666666666,0.0009451430597565242
837.5,0.001147939162820228
837.5833333333333,0.0009898240272710225
837.6666666666666,0.0001521836055532721
837.75,0.0011492001495572082
837.8333333333333,0.001091232968655399
837.9166666666666,0.001068605354618828
838.0,0.000537970873139711
838.0833333333333,0.0009724812292023285
838.1666666666666,0.0002801190974697149
838.25,0.00044299875368323724
838.3333333333333,0.0018435518672284368
838.4166666666666,0.0017952033385427294
838.5,0.0007696498908834425
838.5833333333333,6.834190111351875e-05
838.6666666666666,0.0007956151347682265
838.75,0.0010198558613585536
838.8333333333333,0.00033379906893402593
838.9166666666666,0.000373567265393436
839.0,0.00011151791433130106
839.0833333333333,0.0008046974809881295
839.1666666666666,0.002151514784754975
839.25,0.0025193050441934105
839.3333333333333,0.0005949472780087188
839.4166666666666,0.0025574002123727175
839.5,0.00196941840956358
839.5833333333333,0.0006622445560524559
839.6666666666666,0.0018154098901231985
839.75,0.001387689871463703
839.8333333333333,0.0012239368549143365
839.9166666666666,0.0011587358494701302
840.0,0.0008557440418170666
840.0833333333333,0.001804605599244167
840.1666666666666,0.002534523854630466
840.25,0.000691939809419557
840.3333333333333,0.0011761495496671734
840.4166666666666,0.001993584649237108
840.5,0.0024559260550331623
840.5833333333333,0.001230865576298085
840.6666666666666,0.000828004926716165
840.75,0.0014374739859984711
840.8333333333333,0.0010352125577248895
840.9166666666666,0.00028449247546258945
841.0,0.0005149889049708383
841.0833333333333,0.0011699434739737228
841.1666666666666,0.0021888239367387546
841.25,0.0013629331454083162
841.3333333333333,0.0006382705272131186
841.4166666666666,0.0011340535813806735
841.5,0.0018242419269489708
841.5833333333333,0.0011346754506288998
841.6666666666666,0.0011454919957323817
841.75,0.0018029830332293728
841.8333333333333,0.001131303393139817
841.9166666666666,0.0008391512833843826
842.0,0.0007420290078996757
842.0833333333333,0.0029096413294281104
842.1666666666666,0.002397151431448155
842.25,0.0012353058956404617
842.3333333333333,0.0011726223493090696
842.4166666666666,0.00035464679099572337
842.5,0.0011519501344552394
842.5833333333333,0.0014445869328334599
842.6666666666666,0.0021085353759948714
842.75,0.0023385616584903476
842.8333333333333,0.0020367144284310357
842.9166666666666,0.001790306345371173
843.0,0.0014703590648065536
843.0833333333333,0.0013117685122119682
843.1666666666666,0.0011867967140913366
843.25,0.0013133375458790053
843.3333333333333,0.0020346496652590513
843.4166666666666,0.002166991442621056
843.5,0.0010795972099664846
843.5833333333333,0.001187822687776097
843.6666666666666,0.0013327626645549928
843.75,0.0005530154813950597
843.8333333333333,0.001033736766901786
843.9166666666666,0.0017712881189597476
844.0,0.0012715964030223638
844.0833333333333,0.0002138904985172595
844.1666666666666,0.001077422298668543
844.25,0.0011054000967587736
844.3333333333333,0.0016112030622403987
844.4166666666666,0.0013750443566009614
844.5,0.0017951487076425102
844.5833333333333,0.0008505129562295276
844.6666666666666,0.0007561335086733261
844.75,0.0009174108404835631
844.8333333333333,0.0014261484566710056
844.9166666666666,0.0013313677767409495
845.0,0.0010391626556540269
845.0833333333333,0.0009559297685809842
845.1666666666666,0.0008620989565315177
845.25,0.0007677287470091435
845.3333333333333,0.001928041906401563
845.4166666666666,0.0007412066800792779
845.5,0.0006557589406022338
845.5833333333333,0.0004243195475015158
845.6666666666666,0.0017545027830056785
845.75,0.002443795344022865
845.8333333333333,0.0011453602721611454
845.9166666666666,0.0008364042525106372
846.0,0.0013916382460305464
846.0833333333333,0.0005339702677236921
846.1666666666666,0.00040370636857478326
846.25,0.0017846694788633208
846.3333333333333,0.00240105098542453
846.4166666666666,0.0012570074323702272
846.5,0.001407283923809054
846.5833333333333,0.0005490772058460164
846.6666666666666,0.001809571292976128
846.75,0.0035002937057397668
846.8333333333333,0.0024950985607522422
846.9166666666666,0.0009381892812085909
847.0,0.0008087867430803451
847.0833333333333,0.001331700713980676
847.1666666666666,0.0008267917618423646
847.25,0.0008177751061292289
847.3333333333333,0.0005558657079844467
847.4166666666666,0.0011776259246793835
847.5,0.0028878024757540213
847.5833333333333,0.0018100300732488092
847.6666666666666,0.001850984240529018
847.75,0.0002966058002758303
847.8333333333333,0.0009667333342198443
847.9166666666666,0.001627172590495451
848.0,0.0018520023747542777
848.0833333333333,0.001494571364952316
848.1666666666666,0.0013463014493620318
848.25,0.002201397955321902
848.3333333333333,0.0008558995761051672
848.4166666666666,0.0008432603273282052
848.5,0.0016765241992662458
848.5833333333333,0.0014859841564311541
848.6666666666666,0.0019396837744357484
848.75,0.0021117771229126774
848.8333333333333,0.0003124054789008527
848.9166666666666,0.0016552927730853362
849.0,0.0014128535787812833
849.0833333333333,0.000998093756250316
849.1666666666666,0.0004950003099923243
849.25,0.00032188406887385284
849.3333333333333,0.0015069026798092222
849.4166666666666,0.0020224840145118272
849.5,0.00031640224562650435
849.5833333333333,0.0012480609030923553
849.6666666666666,0.00036285480269104077
849.75,0.0006960063415274709
849.8333333333333,0.0003774547320852415
849.9166666666666,0.001327221818276069
850.0,0.0007634257198211337
850.0833333333333,0.0013437657624702905
850.1666666666666,0.0005547943437638181
850.25,0.0005792856619027534
850.3333333333333,0.0003352650461029072
850.4166666666666,0.0018379471026758476
850.5,0.001152645553644196
850.5833333333333,0.0009449116319603557
850.6666666666666,0.0005718493705238328
850.75,0.0008749729455224739
850.8333333333333,0.0008547247660917811
850.9166666666666,0.0005738103550495074
851.0,0.0007518551787968022
851.0833333333333,0.0015292605195063632
851.1666666666666,0.001082037737916138
851.25,0.0014301506933488588
851.3333333333333,0.0022349981798366306
851.4166666666666,0.0012466743042068365
851.5,0.0007868754104652646
851.5833333333333,0.0018327034691526492
851.6666666666666,0.0021230547648597754
851.75,0.001999439922760066
851.8333333333333,0.0016026978485237744
851.9166666666666,0.0011362786091160925
852.0,0.0017546897049415323
852.0833333333333,0.0001378445718740298
852.1666666666666,0.00034421856015333493
852.25,0.0009435492669580944
852.3333333333333,0.0006953546747720557
852.4166666666666,0.0009761446022174252
852.5,0.000994577389074796
852.5833333333333,0.0005973888748898032
852.6666666666666,0.00130451024120723
852.75,0.0007286877675646918
852.8333333333333,0.0010341429125491322
852.9166666666666,0.0010860276974463971
853.0,0.002309234742140441
853.0833333333333,0.0017306544176435555
853.1666666666666,0.0009342508060325583
853.25,0.00171826340989076
853.3333333333333,0.001923324705948484
853.4166666666666,0.0009983359116750622
853.5,0.0003950789715744589
853.5833333333333,0.0008668598042653005
853.6666666666666,0.0016559757408743075
853.75,0.0017738184484045896
853.8333333333333,0.0019343918946618033
853.9166666666666,0.0021841666709226434
854.0,0.0011200312727889295
854.0833333333333,0.0022209900011368263
854.1666666666666,0.002551048663559487
854.25,0.0025388031295362832
854.3333333333333,0.002103400026421547
854.4166666666666,0.00036795344941256957
854.5,0.0020491513403653188
854.5833333333333,0.003137962878858671
854.6666666666666,0.0026337784256391093
854.75,0.0016042829467450856
854.8333333333333,0.00128293174674314
854.9166666666666,0.0016125990917765162
855.0,0.0014833596530482638
855.0833333333333,9.648843449818646e-05
855.1666666666666,0.0021918650784803506
855.25,0.002702558066693539
855.3333333333333,0.00123175300032841
855.4166666666666,0.0018902703641582794
855.5,0.0018066599964469124
855.5833333333333,0.003628077210767967
855.6666666666666,0.0039470665570877335
855.75,0.002522770783842822
855.8333333333333,0.0019031659903788578
855.9166666666666,0.0007348339196688982
856.0,0.001565355535549723
856.0833333333333,0.0013507795881927249
856.1666666666666,0.0008242583505353372
856.25,0.0015904887040532486
856.3333333333333,0.0014321719621875303
856.4166666666666,0.0007577680700902739
856.5,0.002620003863656314
856.5833333333333,0.00202488827815365
856.6666666666666,0.00044140929016949165
856.75,0.0011568149946473256
856.8333333333333,0.0016284047734253404
856.9166666666666,0.002363126342466797
857.0,0.002702139936704068
857.0833333333333,0.0009740887360479805
857.1666666666666,0.001122718569246333
857.25,0.0003976897012492034
857.3333333333333,0.0009855970485603432
857.4166666666666,0.0021893020436214014
857.5,0.0019933212513449493
857.5833333333333,0.0012106886290403876
857.6666666666666,0.0010727271508086025
857.75,0.0009832448830208505
857.8333333333333,0.0010306363063452906
857.9166666666666,0.001330870659564801
858.0,0.0017405706574819308
858.0833333333333,0.0009663236568053284
858.1666666666666,0.0013604167697614548
858.25,0.0014719298562599372
858.3333333333333,0.000989610387905688
858.4166666666666,0.001262545749772412
858.5,0.0004728198303955139
858.5833333333333,0.0012211333361468563
858.6666666666666,0.001751054534139156
858.75,0.001381704285160114
858.8333333333333,0.0004562178162462774
858.9166666666666,0.0010596768043095882
859.0,0.0019568546000032247
859.0833333333333,0.0009554369177521713
859.1666666666666,0.0011224885308934753
859.25,0.0005949246803101336
859.3333333333333,0.0003781137988610784
859.4166666666666,0.0014754759857297148
859.5,0.0020826693434276068
859.5833333333333,0.0011659998931958118
859.6666666666666,0.0005241784173751668
859.75,0.0006649970308424948
859.8333333333333,0.0005603527821504291
859.9166666666666,0.0006226076773610859
860.0,0.0002872757101285056
860.0833333333333,0.0007196059218320826
860.1666666666666,0.0011568932129354895
860.25,0.0012064108742835251
860.3333333333333,0.0013596488579109968
860.4166666666666,0.0012966505821027608
860.5,0.0016187890066216945
860.5833333333333,0.002348935560246101
860.6666666666666,0.00241185955136975
860.75,0.0014171428044935709
860.8333333333333,0.00021494957584702762
860.9166666666666,0.000760549875465998
861.0,0.0007280844693830619
861.0833333333333,0.001553724490226106
861.1666666666666,0.0036287059664578455
861.25,0.002652225939909871
861.3333333333333,0.0005070970190767519
861.4166666666666,0.0003226096461592894
861.5,0.0034140477434881585
861.5833333333333,0.00395480672920522
861.6666666666666,0.0013495633238379448
861.75,0.0010107844106055476
861.8333333333333,0.0013566451627246901
861.9166666666666,0.0021798533712641763
862.0,0.0011756535773643339
862.0833333333333,0.0006354682864552637
862.1666666666666,0.002695938359575755
862.25,0.003870301852280362
862.3333333333333,0.0027036140394902735
862.4166666666666,0.0018987822175751201
862.5,0.0003757793461645645
862.5833333333333,0.0014847090064519235
862.6666666666666,0.0013868975717515452
862.75,0.0015908630404093342
862.8333333333333,0.0006968942184326129
862.9166666666666,0.0005279090026768341
863.0,0.0012552554110981592
863.0833333333333,0.0011102293799114063
863.1666666666666,0.0010411248862287794
863.25,0.001838349344906922
863.3333333333333,0.002472777538948444
863.4166666666666,0.0024696471106722406
863.5,0.0016557110932024033
863.5833333333333,0.0004428349347768667
863.6666666666666,0.0006589275210370633
863.75,0.0011060891566700341
863.8333333333333,0.0007136844503177428
863.9166666666666,0.0019447262732379515
864.0,0.0006573735091426985
864.0833333333333,0.0006493092035087339
864.1666666666666,0.0005382264897634239
864.25,0.000817150082679048
864.3333333333333,0.00036687662403673535
864.4166666666666,0.0009923657883512112
864.5,0.0021251176129920045
864.5833333333333,0.0008079389474043015
864.6666666666666,0.0006495798564936596
864.75,0.0004502407078916605
864.8333333333333,0.0009584993009334756
864.9166666666666,0.0016289042435004822
865.0,0.001314510316833491
865.0833333333333,0.0018760537354638425
865.1666666666666,0.0024564140124460378
865.25,0.002145432349168653
865.3333333333333,0.0011077170979566498
865.4166666666666,0.0015490597752641614
865.5,0.0006418871257002785
865.5833333333333,0.0005064630341577974
865.6666666666666,0.00048602363275109314
865.75,0.001246081630077914
865.8333333333333,0.0004237369660681527
865.9166666666666,0.0009571747378413926
866.0,0.0019434600166640156
866.0833333333333,0.0011015750390284064
866.1666666666666,0.0009891932954283675
866.25,0.0012540268525292322
866.3333333333333,0.0007303917241253772
866.4166666666666,0.0005479865362893493
866.5,0.0010284238036148876
866.5833333333333,0.0003138732746027894
866.6666666666666,0.0012352787205953206
866.75,0.0011219350225325653
866.8333333333333,0.0008986640700779763
866.9166666666666,0.0017560772269923518
867.0,0.0022933597458041164
867.0833333333333,0.002363021833706771
867.1666666666666,0.0014453680827451788
867.25,0.00019813114853306428
867.3333333333333,0.0007111940542984382
867.4166666666666,0.0009663201117563326
867.5,0.0009868533988928714
867.5833333333333,0.0015269928491143925
867.6666666666666,0.0005509300723210515
867.75,0.0008357512525370199
867.8333333333333,0.000686464807820306
867.9166666666666,0.0015770300290348846
868.0,0.00018726994897611833
868.0833333333333,0.0012051336299688398
868.1666666666666,0.0012407429716831116
868.25,0.0012043411519141194
868.3333333333333,0.0012098054261792492
868.4166666666666,0.0020417686802643425
868.5,0.0007389331300655925
868.5833333333333,0.0016099097055882377
868.6666666666666,0.0011127960279285723
868.75,0.001034178791393059
868.8333333333333,0.002542663689892525
868.9166666666666,0.0026955927132261627
869.0,0.0011357592299429432
869.0833333333333,0.0011662118814071171
869.1666666666666,0.001116262662720789
869.25,0.0013041058469115388
869.3333333333333,0.001614148679545907
869.4166666666666,0.0010718887364523843
869.5,0.001749714509876705
869.5833333333333,0.0008180554047547031
869.6666666666666,0.001249144929007975
869.75,0.0011630075951498673
869.8333333333333,0.0017600998856268887
869.9166666666666,0.0020228947308892236
870.0,0.00034103575842517553
870.0833333333333,0.0006296552932887607
870.1666666666666,0.00019235219579357825
870.25,0.0008935046554217421
870.3333333333333,0.001595304120076792
870.4166666666666,0.001086060518796866
870.5,0.00044536317153182666
870.5833333333333,0.00047670318171864174
870.6666666666666,0.0007052970497401629
870.75,0.002032422089037926
870.8333333333333,0.0021381438640749066
870.9166666666666,0.0019420367594420742
871.0,0.0027836478489625936
871.0833333333333,0.001791956319079528
871.1666666666666,0.001663708024797831
871.25,0.0008739077890600628
871.3333333333333,0.0014666584210054952
871.4166666666666,0.0020509672948567656
871.5,0.0002241142573660843
871.5833333333333,0.0013992827051256382
871.6666666666666,0.0007393331965561374
871.75,0.0005683767042810339
871.8333333333333,0.0011301063800624419
871.9166666666666,0.0027980734085962847
872.0,0.0027613873009214064
872.0833333333333,0.001607617672833871
872.1666666666666,0.0021004808211729726
872.25,0.0014722593551209598
872.3333333333333,0.0008753814441509664
872.4166666666666,0.0013582931425129739
872.5,0.0013863924046856489
872.5833333333333,0.00030945813129466517
872.6666666666666,0.0007748389469685041
872.75,0.0005317892419810665
872.8333333333333,0.0009581190897877999
872.9166666666666,0.0007171211996346743
873.0,0.000737130849389052
873.0833333333333,0.0005707536187310077
873.1666666666666,0.0020044421277034866
873.25,0.002856991853557681
873.3333333333333,0.001689318764233995
873.4166666666666,0.0011070612625799564
873.5,0.0016035613677488918
873.5833333333333,0.0018939389954137104
873.6666666666666,0.003013189145406183
873.75,0.0030330163052998764
873.8333333333333,0.003944838431340365
873.9166666666666,0.0030740460366070386
874.0,0.00023392604992380594
874.0833333333333,0.002132387685809269
874.1666666666666,0.0026258683104660213
874.25,0.002215849878546717
874.3333333333333,0.0019980119443390775
874.4166666666666,0.0019343042194471265
874.5,0.002126069360852258
874.5833333333333,0.0020728634411341595
874.6666666666666,0.0003788977185089423
874.75,0.0007274082775056213
874.8333333333333,0.0010835847490527272
874.9166666666666,0.0019069523685069233
875.0,0.0006376507264735478
875.0833333333333,0.000994802142218172
875.1666666666666,0.001462556923123667
875.25,0.002135087547232676
875.3333333333333,0.0013557380319269609
875.4166666666666,0.0004629515437315611
875.5,0.0007576872084430872
875.5833333333333,0.0007889975778128009
875.6666666666666,0.000529155925766943
875.75,0.0004554886518823479
875.8333333333333,0.0011964282024360684
875.9166666666666,0.0012886638149468132
876.0,0.0008091999836653775
876.0833333333333,0.001608703701001657
876.1666666666666,0.0014406803702962582
876.25,0.0017163024468022955
876.3333333333333,0.0016507183852236863
876.4166666666666,0.0009846287789569913
876.5,0.0019269990649595145
876.5833333333333,0.0011942409184203004
876.6666666666666,0.0019310001720670468
876.75,0.0023185512698073872
876.8333333333333,0.0019850134636163553
876.9166666666666,0.0013335025254232883
877.0,0.0010831431220689003
877.0833333333333,0.0021179785500711522
877.1666666666666,0.0010926697149968717
877.25,0.0009443422640661906
877.3333333333333,0.0012588418298189934
877.4166666666666,0.0018346280717098098
877.5,0.002937243099708019
877.5833333333333,0.0028616571760611866
877.6666666666666,0.0010550998224278779
877.75,0.0011942478301992273
877.8333333333333,0.0021552569382835454
877.9166666666666,0.000953073290668125
878.0,0.002680126282827145
878.0833333333333,0.0018894705707890975
878.1666666666666,0.0006557766878348877
878.25,0.0007401257927199174
878.3333333333333,0.00044359546697892094
878.4166666666666,0.0010630059627790966
878.5,0.0019875300745572527
878.5833333333333,0.001376127144409099
878.6666666666666,0.0005139099877763678
878.75,0.0014630877876759653
878.8333333333333,0.0023690719845021525
878.9166666666666,0.0011935565487689477
879.0,0.0005927976509546774
879.0833333333333,0.0012803722999629198
879.1666666666666,0.0015584156795752856
879.25,0.0008453682844300432
879.3333333333333,0.001012521101369657
879.4166666666666,0.0015832048287810249
879.5,0.0013285651696617103
879.5833333333333,0.0010399927164199275
879.6666666666666,0.002443995171170068
879.75,0.0013695356665815077
879.8333333333333,0.0011594460776169248
879.9166666666666,0.001935676749199302
880.0,0.0021326612091371387
880.0833333333333,0.002973261848938646
880.1666666666666,0.0015554492591953344
880.25,0.0012705373389892568
880.3333333333333,0.0008671469373051985
880.4166666666666,0.0015236804134175542
880.5,0.0012811238805372747
880.5833333333333,0.00022633897443650444
880.6666666666666,0.0003644756877106716
880.75,0.00013099522055447815
880.8333333333333,0.0010138583345425914
880.9166666666666,0.0017333033819265603
881.0,0.0009372367496919271
881.0833333333333,0.0006856075016984541
881.1666666666666,0.0009698750560367813
881.25,0.0005414280123817846
881.3333333333333,6.395024513059248e-05
881.4166666666666,0.0005233361871608714
881.5,0.0010700264460612198
881.5833333333333,0.0017794859242498664
881.6666666666666,0.002410408314870153
881.75,0.0013148570617464847
881.8333333333333,0.0007475808527605648
881.9166666666666,0.0013059644020621338
882.0,0.0019349014377804572
882.0833333333333,0.0025982820951786813
882.1666666666666,0.001916790827033951
882.25,0.0007672127518305325
882.3333333333333,0.000568810178544498
882.4166666666666,0.000997981049905706
882.5,0.0005500312296116623
882.5833333333333,0.0014714117117316078
882.6666666666666,0.0022675390342743523
882.75,0.0013094606709352285
882.8333333333333,0.0011540642232313175
882.9166666666666,0.0017507880641265084
883.0,0.0030635238152698033
883.0833333333333,0.0025836131278357956
883.1666666666666,0.0011864904351771481
883.25,0.00036679229388122053
883.3333333333333,0.0008346719692058732
883.4166666666666,0.0004805218809170313
883.5,0.000841988798487482
883.5833333333333,0.0010320637232529152
883.6666666666666,0.0011608742003792502
883.75,0.0010109805139046346
883.8333333333333,0.0005115442204909038
883.9166666666666,0.0006499236143077492
884.0,0.0006101153006950981
884.0833333333333,0.0012426265196705815
884.1666666666666,0.0019971308431592284
884.25,0.0020389103614395824
884.3333333333333,0.0014448876412802751
884.4166666666666,0.0022523313687676095
884.5,0.0021030564494709737
884.5833333333333,0.0005666402573811491
884.6666666666666,0.001343949211889907
884.75,0.001254938361357275
884.8333333333333,0.0005919013967779766
884.9166666666666,0.001233380703228604
885.0,0.0011921037842604627
885.0833333333333,0.0015124840858287583
885.1666666666666,0.0014715702731063142
885.25,0.0010267118374257633
885.3333333333333,0.0009613672880617789
885.4166666666666,0.0024387282045337157
885.5,0.0021529087324296745
885.5833333333333,0.0011749682101853721
885.6666666666666,0.0007706268669682907
885.75,0.0003818961835550953
885.8333333333333,0.001420662558905795
885.9166666666666,0.002028465822975912
886.0,0.002835211366230905
886.0833333333333,0.0016340205760607906
886.1666666666666,0.0015251056742254755
886.25,0.002352238524025682
886.3333333333333,0.0030565337759531205
886.4166666666666,0.0026681590097248865
886.5,0.0011182001030091457
886.5833333333333,0.00034735195895847115
886.6666666666666,0.0010942770352685236
886.75,0.000874985753892574
886.8333333333333,0.0017365706362068392
886.9166666666666,0.0021540592784630493
887.0,0.0006681295029157007
887.0833333333333,0.0007627341144197056
887.1666666666666,0.0016593025436397412
887.25,0.0018067332360213902
887.3333333333333,0.0006734690973094373
887.4166666666666,0.0008863283894030614
887.5,0.0008167599138911532
887.5833333333333,0.0005596915733869904
887.6666666666666,0.0011254290022307118
887.75,0.0005541014225034694
887.8333333333333,0.0012892323318414317
887.9166666666666,0.0011094280197953877
888.0,0.002401663234060419
888.0833333333333,0.0030065545454540992
888.1666666666666,0.002287806625828179
888.25,0.0004715365283629445
888.3333333333333,0.000821931166303578
888.4166666666666,0.0016976321436206968
888.5,0.0010146802071207082
888.5833333333333,0.0006699528100692237
888.6666666666666,0.0014123574426209717
888.75,0.0006832577803492062
888.8333333333333,0.0010533294518662655
888.9166666666666,0.0008325298502493466
889.0,0.0008146235922310205
889.0833333333333,0.0006370609128353071
889.1666666666666,0.0008910315878079211
889.25,0.0015600328887582548
889.3333333333333,0.001140585695746704
889.4166666666666,0.0003585955963035754
889.5,0.0006201401043000842
889.5833333333333,0.0005071992517225562
889.6666666666666,0.001050265174085885
889.75,0.0010103135765420226
889.8333333333333,0.0010486788314472402
889.9166666666666,0.0010395070910890856
890.0,0.0023667631176620104
890.0833333333333,0.002805738769527489
890.1666666666666,0.0032392589608555115
890.25,0.0014946470973287516
890.3333333333333,0.0008911366962219154
890.4166666666666,0.00047688690232643204
890.5,0.0008940629241671636
890.5833333333333,0.0016636635447933661
890.6666666666666,0.0016821903274902774
890.75,0.0008364039833566156
890.8333333333333,0.0018727681053361813
890.9166666666666,0.0028533769305792273
891.0,0.0018597452656677403
891.0833333333333,0.0007710151527547155
891.1666666666666,0.0007792459944537952
891.25,0.0024257711678644114
891.3333333333333,0.0023609905785197762
891.4166666666666,0.00023663496652182576
891.5,0.0010483929603744288
891.5833333333333,0.0011135192536165298
891.6666666666666,0.001087996008268146
891.75,0.0013730671323015707
891.8333333333333,0.0012985762101034733
891.9166666666666,0.0007805911238393252
892.0,0.00035031064324121496
892.0833333333333,0.0010183404808601013
892.1666666666666,0.0019927849671041572
892.25,0.0018594397059139326
892.3333333333333,0.0008000542014396474
892.4166666666666,0.0009410534019519073
892.5,0.0019555854400224904
892.5833333333333,0.00161210166868645
892.6666666666666,0.001418097427752099
892.75,0.0011989393147968316
892.8333333333333,0.0017006951691860579
892.9166666666666,0.0019240274447554805
893.0,0.0014070326109347285
893.0833333333333,0.0010653095928032134
893.1666666666666,0.000923347118100037
893.25,0.0003611247385793057
893.3333333333333,0.0009898835215745338
893.4166666666666,0.0014635800435001734
893.5,0.0013614940743033159
893.5833333333333,0.0008570017722076187
893.6666666666666,0.0013686165949982787
893.75,0.0012940565172254034
893.8333333333333,0.0005610115502859125
893.9166666666666,0.0008607535851642751
894.0,0.0020705615119836047
894.0833333333333,0.0014642757134590608
894.1666666666666,0.0013816051152430332
894.25,0.0024359634713228993
894.3333333333333,0.00189151924602805
894.4166666666666,0.0006948066330458842
894.5,0.0017928355985359645
894.5833333333333,0.0021400654217853103
894.6666666666666,0.001754949419824218
894.75,0.0009675193265808689
894.8333333333333,0.0009622016963137044
894.9166666666666,0.0008064777139342113
895.0,0.002033680586069304
895.0833333333333,0.0009336890861530248
895.1666666666666,0.0008655393921612058
895.25,0.0004564539828628768
895.3333333333333,0.0006851395555934218
895.4166666666666,0.000870633259952356
895.5,0.0015065533094604463
895.5833333333333,0.002347668608079841
895.6666666666666,0.0017263856752002293
895.75,0.0012705451669452312
895.8333333333333,0.0017652521448512039
895.9166666666666,0.0010779214875740457
896.0,0.0016872615011583982
896.0833333333333,0.002757746053528434
896.1666666666666,0.0013067469519798369
896.25,0.0013673959963815005
896.3333333333333,0.0014715008919369869
896.4166666666666,0.0019878545296553155
896.5,0.0010706289252276357
896.5833333333333,0.0006807805826723753
896.6666666666666,0.0011568152386466685
896.75,0.00138918262307574
896.8333333333333,0.0013226748770822307
896.9166666666666,0.0008273203068978104
897.0,0.0009802154191909515
897.0833333333333,0.001461394802005168
897.1666666666666,0.0015468244854194668
897.25,0.002232276595926977
897.3333333333333,0.0021515022820452426
897.4166666666666,0.00154124030705271
897.5,0.002030989736357322
897.5833333333333,0.002209025555738716
897.6666666666666,0.001971466713626518
897.75,0.0024989380186980414
897.8333333333333,0.002391429863303368
897.9166666666666,0.002277316167851967
898.0,0.0009596330753360501
898.0833333333333,0.00038562060505734617
898.1666666666666,0.0007267673606838526
898.25,0.0010740306713470425
898.3333333333333,0.000526332295641362
898.4166666666666,0.000281636299672526
898.5,0.000659359194820058
898.5833333333333,0.0010594052324756928
898.6666666666666,0.0019426645067521628
898.75,0.00105757388036035
898.8333333333333,0.001837098412497997
898.9166666666666,0.0009782040407242427
899.0,0.0012762095943116294
899.0833333333333,0.0016410995185274443
899.1666666666666,0.00026140249175573795
899.25,0.0004017482835071911
899.3333333333333,0.001898421459289488
899.4166666666666,0.0021104868803281567
899.5,0.00011018941602338155
899.5833333333333,0.001229678305081196
899.6666666666666,0.0015306807097213969
899.75,0.001759359271451164
899.8333333333333,0.0013388543679622134
899.9166666666666,0.00045742173132055377
900.0,0.0015543558168023095
900.0833333333333,0.002521843021480572
900.1666666666666,0.0016786670858393027
900.25,0.0012950721556545504
900.3333333333333,0.0015696172592638187
900.4166666666666,0.0017691070643482817
900.5,0.0015012782096107998
900.5833333333333,0.0010144640052883703
900.6666666666666,0.00026935915003135425
900.75,0.0013745764010280345
900.8333333333333,0.0016998796469138281
900.9166666666666,0.0012957182900940759
901.0,0.00211453637792182
901.0833333333333,0.0019741332644825182
901.1666666666666,0.0011896760552982653
901.25,0.002725247342178364
901.3333333333333,0.002716284024797214
901.4166666666666,0.002115953876558739
901.5,0.0021119055774277647
901.5833333333333,0.0017959367174410687
901.6666666666666,0.0024183218321985477
901.75,0.0034719394958600725
901.8333333333333,0.002074513085616575
901.9166666666666,0.0018990999817063015
902.0,0.0009292068802175454
902.0833333333333,0.001228236796379784
902.1666666666666,0.0017284669207761915
902.25,0.0017813935271983206
902.3333333333333,0.0010177982890907907
902.4166666666666,0.00045678957765669926
902.5,0.00033803841524867814
902.5833333333333,0.0011284228192858243
902.6666666666666,0.0006011612268685192
902.75,0.0011819727909397784
902.8333333333333,0.001205135142274924
902.9166666666666,0.0010066463143814444
903.0,0.0016937970802378447
903.0833333333333,0.0009294628659429627
903.1666666666666,0.00028403214585336534
903.25,0.0007319927814041364
903.3333333333333,0.0017731471909372312
903.4166666666666,0.0010704232034915106
903.5,0.0006677442134096251
903.5833333333333,0.0008469951618593168
903.6666666666666,0.0003550366068283436
903.75,0.0012881783197695909
903.8333333333333,0.00018700505708848524
903.9166666666666,0.001461181070439912
904.0,0.0005005666935473192
904.0833333333333,0.000734491364113286
904.1666666666666,0.0008139054509309507
904.25,0.0008958377405516025
904.3333333333333,0.0005609131511080764
904.4166666666666,0.0007209089450773355
904.5,0.0024363986898190706
904.5833333333333,0.0011954500060121927
904.6666666666666,0.0011138584012736754
904.75,0.001546154058270214
904.8333333333333,0.0020176263281294167
904.9166666666666,0.0007118780822502987
905.0,0.00036298711081415993
905.0833333333333,0.0009204242901187176
905.1666666666666,0.00034050668823233193
905.25,0.0022537935249644326
905.3333333333333,0.003271334724302396
905.4166666666666,0.0021628768329985722
905.5,0.002167292703558634
905.5833333333333,0.001185463346458975
905.6666666666666,0.0006485331435815489
905.75,0.0005444249472339262
905.8333333333333,0.00021894689473276994
905.9166666666666,0.0003425127580979481
906.0,0.0004988632577942633
906.0833333333333,0.00021514080579753748
906.1666666666666,0.00043473362975401855
906.25,0.0008442934855110149
906.3333333333333,0.0014547753940745826
906.4166666666666,0.0004873410935863838
906.5,0.001476978724746567
906.5833333333333,0.0017764612824013675
906.6666666666666,0.0006956573321573962
906.75,0.0014291946384788281
906.8333333333333,0.001797774197777669
906.9166666666666,0.002297787078446922
907.0,0.0009684876683975526
907.0833333333333,0.0003023534394053309
907.1666666666666,0.00021207324865620835
907.25,0.0007469377206840263
907.3333333333333,0.001479394149644409
907.4166666666666,0.0007312470440479337
907.5,0.0009396068072680193
907.5833333333333,0.0012486051646681431
907.6666666666666,0.00118302899827509
907.75,0.000404340866210305
907.8333333333333,0.0015000102146290881
907.9166666666666,0.0021314813498151367
908.0,0.0011762880416063192
908.0833333333333,0.0008920846278282502
908.1666666666666,0.0016238692731328876
908.25,0.0028055918294505244
908.3333333333333,0.003450199920974143
908.4166666666666,0.0022447868100321697
908.5,0.0016034064580205656
908.5833333333333,0.0004545939918642698
908.6666666666666,0.0013118976252336166
908.75,0.00014946790724607985
908.8333333333333,0.0010072553427264922
908.9166666666666,0.0013727608913943604
909.0,0.0015400496397502707
909.0833333333333,6.319765983265938e-05
909.1666666666666,0.0014909500405295242
909.25,0.001624515181617495
909.3333333333333,0.0015917490956607928
909.4166666666666,0.0011736419631230206
909.5,0.000726558534040403
909.5833333333333,0.0007475674935670539
909.6666666666666,0.0009305931348717149
909.75,0.001029029210141199
909.8333333333333,0.0010550695966342063
909.9166666666666,0.00018987723537059956
910.0,0.0011175731269321663
910.0833333333333,0.0015887599747433031
910.1666666666666,0.0019018013167205483
910.25,0.00121424886169317
910.3333333333333,0.00023499558211672223
910.4166666666666,0.0001840580037645451
910.5,0.0005110832236906638
910.5833333333333,0.000651152135198851
910.6666666666666,0.0005180806215077144
910.75,0.00128789591341451
910.8333333333333,0.002112632700169011
910.9166666666666,0.0011707977012191013
911.0,0.0003015901233685998
911.0833333333333,0.0009518298396494466
911.1666666666666,0.0003972797829655459
911.25,0.001604469143530562
911.3333333333333,0.000983715574735139
911.4166666666666,0.0020356145828385385
911.5,0.001393207964465631
911.5833333333333,0.000991309434301528
911.6666666666666,0.001727219971990937
911.75,0.0015275197765720473
911.8333333333333,0.0017561693283189188
911.9166666666666,0.0020156637303662918
912.0,0.0015962928313522052
912.0833333333333,0.001056724176057151
912.1666666666666,0.0008658060134472044
912.25,0.001066439539672218
912.3333333333333,0.0012871962802889195
912.4166666666666,0.0012586961127553336
912.5,0.001993309119837138
912.5833333333333,0.0012522087558813407
912.6666666666666,0.0011797183707023115
912.75,0.0008146574720256268
912.8333333333333,0.0008149768851547996
912.9166666666666,0.0011287841234266238
913.0,0.0005632640110534814
913.0833333333333,0.0008249851456819885
913.1666666666666,0.0012634528206178185
913.25,0.0004559217433214815
913.3333333333333,0.0003017776656404685
913.4166666666666,0.0010209942372208468
913.5,0.0013795042414178175
913.5833333333333,0.001536776073489604
913.6666666666666,0.0012942999100177101
913.75,0.00082106016662133
913.8333333333333,0.0005537471751089615
913.9166666666666,0.0006298723374640144
914.0,0.0010267204630335933
914.0833333333333,0.0011100172658384106
914.1666666666666,0.001524506758072695
914.25,0.0010501262804330888
914.3333333333333,0.0014246149073797202
914.4166666666666,0.0014657639024074935
914.5,0.0012822501010480414
914.5833333333333,0.0004821791130936154
914.6666666666666,0.001159560991422752
914.75,0.0004618446216840232
914.8333333333333,0.0008524660317517987
914.9166666666666,0.0001839402912636097
915.0,0.000851443931647999
915.0833333333333,0.000879673066651911
915.1666666666666,0.00027992639003337973
915.25,0.0017699866664122423
915.3333333333333,0.001650370117637446
915.4166666666666,0.0010520227543600064
915.5,0.0021410502206885007
915.5833333333333,0.0014415519536249944
915.6666666666666,0.0003478589000745916
915.75,0.001540807498679189
915.8333333333333,0.0019488973614450356
915.9166666666666,0.0023815042161826265
916.0,0.002099454011028514
916.0833333333333,0.0004894221420517715
916.1666666666666,0.0005391992380689317
916.25,0.0016576953653876236
916.3333333333333,0.002191407486955881
916.4166666666666,0.00036036854459294405
916.5,0.0014938296896061937
916.5833333333333,0.0005434530468838917
916.6666666666666,0.001244258175820762
916.75,0.0029054380737514795
916.8333333333333,0.003120684178501335
916.9166666666666,0.0018542492295136454
917.0,0.0011747975523731693
917.0833333333333,0.0013647406216666148
917.1666666666666,0.0026398393718469002
917.25,0.0014879083607314708
917.3333333333333,0.0009180470722042654
917.4166666666666,0.00031284593549798227
917.5,0.0013286726552029183
917.5833333333333,0.0013393996263852243
917.6666666666666,0.00044290380055428185
917.75,0.001487027445237304
917.8333333333333,0.00217869751084719
917.9166666666666,0.0014087834287892303
918.0,0.001279406116194607
918.0833333333333,0.001792308522420409
918.1666666666666,0.0009925422182064045
918.25,0.0007290445177854093
918.3333333333333,0.0015348244678409602
918.4166666666666,0.001354002681730611
918.5,0.0011752674540820099
918.5833333333333,0.0014085440608896428
918.6666666666666,0.0017470674968053125
918.75,0.0009501379471286667
918.8333333333333,0.0008244099349660397
918.9166666666666,0.0014940596681531932
919.0,0.0026402242997483156
919.0833333333333,0.001968743213937358
919.1666666666666,0.00024924106984544554
919.25,0.001693305994946913
919.3333333333333,0.0016515186098196382
919.4166666666666,0.0011516324402251448
919.5,0.0005199000727559261
919.5833333333333,0.0014116011498975796
919.6666666666666,0.0029470521319536367
919.75,0.0024098794103650433
919.8333333333333,0.00023253531310907114
919.9166666666666,0.0009336270796748706
920.0,0.0015209510383713397
920.0833333333333,0.002557337673062804
920.1666666666666,0.0022414385578590395
920.25,0.0008416778866504031
920.3333333333333,0.001099181105110882
920.4166666666666,0.0015704257096476638
920.5,0.0011165964929956559
920.5833333333333,0.0010530895502421144
920.6666666666666,0.0008064047602430257
920.75,0.0009983239758429093
920.8333333333333,0.0019754112690558503
920.9166666666666,0.002278736290155164
921.0,0.00020163292019312388
921.0833333333333,0.001228476854733835
921.1666666666666,0.0013756956189970716
921.25,0.0013824335854346434
921.3333333333333,0.0014228854060275905
921.4166666666666,0.0012672778961175391
921.5,0.000883172660646392
921.5833333333333,0.0006377608091286724
921.6666666666666,0.00027705644301326846
921.75,0.001366295880544206
921.8333333333333,0.0010137631546406317
921.9166666666666,0.00032632316666997426
922.0,0.0007250534585606371
922.0833333333333,0.0018438056530117447
922.1666666666666,0.0024180705899013387
922.25,0.002234793585505374
922.3333333333333,0.001894648016316485
922.4166666666666,0.0004731683720776401
922.5,0.0008076715308838172
922.5833333333333,0.0006229480192342308
922.6666666666666,0.0009507745688574863
922.75,0.0010292146076763605
922.8333333333333,0.0010135339065663355
922.9166666666666,0.0004322348787841627
923.0,0.0007028923205138973
923.0833333333333,0.0018444143326746024
923.1666666666666,0.0019102617937956235
923.25,0.0013863523773928116
923.3333333333333,0.0013487522310300338
923.4166666666666,0.00022939754070807814
923.5,0.0007250964563675858
923.5833333333333,0.0016381934324495968
923.6666666666666,0.0022394747523952884
923.75,0.001836987896942581
923.8333333333333,0.0013219052815868603
923.9166666666666,0.0007759826178000939
924.0,0.0012937101321980336
924.0833333333333,0.0014912531446220382
924.1666666666666,0.0003785547212498242
924.25,0.001290368499102214
924.3333333333333,0.0009586383149138805
924.4166666666666,0.000386792735775941
924.5,0.0004613250860401784
924.5833333333333,0.0015087452051961601
924.6666666666666,0.0023884883655377457
924.75,0.0016402887287312682
924.8333333333333,0.0011194231947014163
924.9166666666666,0.000865990475914254
925.0,0.0007478443454936461
925.0833333333333,0.0012632809060173426
925.1666666666666,0.0017760290611280765
925.25,0.0016040293851371245
925.3333333333333,0.0010219363888155802
925.4166666666666,0.0012211377105359844
925.5,0.0014117673055081084
925.5833333333333,0.0003406853344412371
925.6666666666666,0.00037319077298158534
925.75,0.0019417239864371449
925.8333333333333,0.0016364554684635008
925.9166666666666,0.0006203562364676288
926.0,0.0020026359378772685
926.0833333333333,0.0025521801294225116
926.1666666666666,0.0009756006568562486
926.25,0.0007072824625343922
926.3333333333333,0.00010647661028962591
926.4166666666666,0.0011177573377373917
926.5,0.0019903979637973216
926.5833333333333,0.0007628974712189391
926.6666666666666,0.001760472802647668
926.75,0.0007951924781354829
926.8333333333333,0.0013933505810697893
926.9166666666666,0.0013412808068204297
927.0,0.0005962537032826781
927.0833333333333,0.0007900316595275364
927.1666666666666,0.000984778361056177
927.25,0.001859167324729232
927.3333333333333,0.0015384318546621042
927.4166666666666,0.0007983100619913553
927.5,0.0004222300344092444
927.5833333333333,0.0005303340841348858
927.6666666666666,0.0009485417022966306
927.75,0.0011714817438899135
927.8333333333333,0.0010213691297841752
927.9166666666666,0.0006347982986785007
928.0,0.00038220338026314173
928.0833333333333,0.0004938392328862973
928.1666666666666,0.0006975992529961362
928.25,0.0011586824484027518
928.3333333333333,0.0016317095351760873
928.4166666666666,0.0018165292288908775
928.5,0.002071052838937967
928.5833333333333,0.0018458633229610146
928.6666666666666,0.0006776151585399947
928.75,0.0010543652710249924
928.8333333333333,0.0014626807002456092
928.9166666666666,0.0019037351710231283
929.0,0.001218270067050447
929.0833333333333,0.0007861323980589036
929.1666666666666,0.0009487648229549871
929.25,0.0013763958533570232
929.3333333333333,0.001428198040937862
929.4166666666666,0.0029574726513895513
929.5,0.003400978587381101
929.5833333333333,0.0003981609080073522
929.6666666666666,0.0033392171724897844
929.75,0.002710566100031463
929.8333333333333,0.0018543606366832413
929.9166666666666,0.0012655573755692058
930.0,0.0013737058594909275
930.0833333333333,0.0017881747393962712
930.1666666666666,0.002258893775288111
930.25,0.0026055598405069313
930.3333333333333,0.001772728015306174
930.4166666666666,0.0009009432538833455
930.5,0.0006693827587216014
930.5833333333333,0.0009590441182608705
930.6666666666666,0.0007226743346919549
930.75,0.0014841157092040746
930.8333333333333,0.0010676985348011358
930.9166666666666,0.0011579942982007179
931.0,0.0009776146343561116
931.0833333333333,0.0009685372227149394
931.1666666666666,0.001082103354740053
931.25,0.0012637749303426855
931.3333333333333,0.0008201330824582774
931.4166666666666,0.001423987405912242
931.5,0.001450551733147052
931.5833333333333,0.0011169210384376217
931.6666666666666,0.0017701496234078314
931.75,0.0025782317820623787
931.8333333333333,0.001274807575944428
931.9166666666666,0.0009246438484273789
932.0,0.00025999681126798565
932.0833333333333,0.0013702395580284922
932.1666666666666,0.0009379981544513462
932.25,0.0007935912971091361
932.3333333333333,0.0009067385731729255
932.4166666666666,0.00032986245905815026
932.5,0.0007401518907564454
932.5833333333333,0.00022326669623481846
932.6666666666666,0.00022141378940643053
932.75,0.0011022508163855106
932.8333333333333,0.0005638826036787177
932.9166666666666,0.0010620890055812865
933.0,0.001940844421616038
933.0833333333333,0.0012287159537759762
933.1666666666666,0.0008726470839100063
933.25,0.0007773634980217894
933.3333333333333,0.0010654744315774759
933.4166666666666,0.002107001716048452
933.5,0.0016174530481772205
933.5833333333333,0.0002739602208825019
933.6666666666666,0.0012585643884086679
933.75,0.0009359597770223576
933.8333333333333,0.0007933877569853789
933.9166666666666,0.00018260467133169206
934.0,0.0013107127712035352
934.0833333333333,0.0010558023600268267
934.1666666666666,0.0005324611816448503
934.25,0.0011263136821861312
934.3333333333333,0.0010141805031120745
934.4166666666666,0.0014025911242621137
934.5,0.0023178082325402056
934.5833333333333,0.0010338420617449855
934.6666666666666,0.0009172094778701255
934.75,0.002156072619662328
934.8333333333333,0.001017262399202327
934.9166666666666,0.0003317222451954339
935.0,0.001150034105148161
935.0833333333333,0.0016677517926514866
935.1666666666666,0.0011451785149126862
935.25,0.0008462654586828596
935.3333333333333,0.0006708388158031669
935.4166666666666,0.0004263213036107336
935.5,0.0008178849003907023
935.5833333333333,0.00117698504009195
935.6666666666666,0.0008062143965425836
935.75,0.0003105313435501354
935.8333333333333,0.001179600736871549
935.9166666666666,0.0017435918885798565
936.0,0.002182747272569106
936.0833333333333,0.0015014972494878233
936.1666666666666,0.0008368250836806087
936.25,0.0023242966087188123
936.3333333333333,0.0013709703797244828
936.4166666666666,0.0012234377641882923
936.5,0.0010849138674731093
936.5833333333333,0.00147963087904393
936.6666666666666,0.00042791245714495814
936.75,0.0007568448578766993
936.8333333333333,0.001072343915581105
936.9166666666666,0.0005014875617103195
937.0,0.0018747480787274034
937.0833333333333,0.0006959850442334208
937.1666666666666,0.000320722748664775
937.25,0.0004799692779119504
937.3333333333333,0.0007835853138268152
937.4166666666666,0.0007647220077119488
937.5,0.00023445813691094005
937.5833333333333,0.000982371705673789
937.6666666666666,0.0015967582324754712
937.75,0.0019487122037460329
937.8333333333333,0.0016508749534562982
937.9166666666666,0.0010242326111843186
938.0,0.0006889677877158948
938.0833333333333,0.0004745556027984449
938.1666666666666,0.0008824694776093467
938.25,0.0006469631762867971
938.3333333333333,0.0011598059156518617
938.4166666666666,0.001041145220201961
938.5,0.0010973069159486127
938.5833333333333,0.0011662011789585994
938.6666666666666,0.001461352094797788
938.75,0.0021141852925344222
938.8333333333333,0.0014240896779907
938.9166666666666,0.0014459812803052194
939.0,0.0013592430898217171
939.0833333333333,0.00017257460905132401
939.1666666666666,0.0006171160004879769
939.25,0.001328956559154196
939.3333333333333,0.001254797666706485
939.4166666666666,0.0008032468756714352
939.5,0.0009383417634396732
939.5833333333333,0.0004028453786208022
939.6666666666666,0.0003236493295958175
939.75,0.0014940166582602056
939.8333333333333,0.003080354105707815
939.9166666666666,0.0016320685583016195
940.0,0.0014934609264816215
940.0833333333333,0.002459968109226682
940.1666666666666,0.001566752781919609
940.25,0.00012969530616425268
940.3333333333333,0.0007694357898208352
940.4166666666666,0.0010345697300831796
940.5,0.0009450983515867081
940.5833333333333,0.0006751853045537356
940.6666666666666,0.0011675634675176487
940.75,0.0010366187865668084
940.8333333333333,0.0006728403228575692
940.9166666666666,0.0009015018241095769
941.0,0.0015005663634273167
941.0833333333333,0.0011549066676790412
941.1666666666666,0.0016692010836244328
941.25,0.0022497743229071
941.3333333333333,0.0007810758904439731
941.4166666666666,0.0006325271301244008
941.5,0.0009504301964432039
941.5833333333333,0.002142392228191004
941.6666666666666,0.0018929661452590607
941.75,0.0005808815174418589
941.8333333333333,0.0012470949981134574
941.9166666666666,0.0024355087802425315
942.0,0.0018486328167098675
942.0833333333333,0.0014006596575389873
942.1666666666666,0.0010431639802656165
942.25,0.001508892537589689
942.3333333333333,0.0015732941062852307
942.4166666666666,0.0018437153663678138
942.5,0.0019236857426630299
942.5833333333333,0.0019554064038122447
942.6666666666666,0.0005860459388546586
942.75,0.0011558753246466806
942.8333333333333,0.000676871035029316
942.9166666666666,0.0012720860406126946
943.0,0.0013625013711715621
943.0833333333333,0.0005818608088187257
943.1666666666666,0.0008579709041765037
943.25,0.0015045425145047261
943.3333333333333,0.002174700242292948
943.4166666666666,0.001694871656660532
943.5,0.0002949024252123818
943.5833333333333,0.00184774015533813
943.6666666666666,0.002493951381009189
943.75,0.0014937415567492637
943.8333333333333,0.000862452246715353
943.9166666666666,0.00036791225413441905
944.0,0.00033757449650373184
944.0833333333333,0.00031716346139892826
944.1666666666666,0.0006047762117856153
944.25,0.0010919674806369928
944.3333333333333,0.002063369882024249
944.4166666666666,0.0019089513517017956
944.5,0.0001152482805091263
944.5833333333333,0.00039008646562111577
944.6666666666666,0.0009423450987685495
944.75,0.0006238594962039865
944.8333333333333,0.00040052151549320464
944.9166666666666,0.0012911133379088344
945.0,0.0021322017479298598
945.0833333333333,0.0016758767696459515
945.1666666666666,0.0005896090951879977
945.25,0.0011417122054820667
945.3333333333333,0.0007070702033245803
945.4166666666666,0.0012877452186727094
945.5,0.001899990767965464
945.5833333333333,0.0012243919358055568
945.6666666666666,0.0002871569842467722
945.75,0.0006222135152702983
945.8333333333333,0.0011474315125767952
945.9166666666666,0.0008680564957741394
946.0,0.0014343388247935527
946.0833333333333,0.0004409428927095037
946.1666666666666,0.0005487775221142424
946.25,0.0008333989198364461
946.3333333333333,0.002022512620373668
946.4166666666666,0.0015238987149399778
946.5,0.0017512134441427752
946.5833333333333,0.0020876262362413463
946.6666666666666,0.001075026580227178
946.75,0.0008828796277935841
946.8333333333333,0.0010402146582773424
946.9166666666666,0.0019464410636567519
947.0,0.0009043823092932953
947.0833333333333,0.001030526098547544
947.1666666666666,0.0018224605040567832
947.25,0.0013650934446218467
947.3333333333333,0.0008340974813946736
947.4166666666666,0.0007612653585258248
947.5,0.00038422166627563055
947.5833333333333,0.00012279679533377347
947.6666666666666,0.0007264344174294431
947.75,0.0005174114687265433
947.8333333333333,0.0005998800934450171
947.9166666666666,0.0017724287131767758
948.0,0.0021208393509439755
948.0833333333333,0.0013937761874238748
948.1666666666666,0.0005479496289866507
948.25,0.0005158908200326268
948.3333333333333,0.0004981019910757021
948.4166666666666,0.0011139677160342302
948.5,0.0014422978486486565
948.5833333333333,0.0005843875164950012
948.6666666666666,0.0007259467661699001
948.75,0.001771688106945291
948.8333333333333,0.0027848262669794015
948.9166666666666,0.0016170212736479706
949.0,8.919909046729166e-05
949.0833333333333,0.0011554495147119543
949.1666666666666,0.0024537145201587113
949.25,0.0026382218539991085
949.3333333333333,0.0008914669614463555
949.4166666666666,0.0012273974035689503
949.5,0.0013811318250829445
949.5833333333333,0.001688441042987144
949.6666666666666,0.0009437019387492559
949.75,0.0011073446045377806
949.8333333333333,0.0013159510060592227
949.9166666666666,0.0003136433737645274
950.0,0.0013325180644709487
950.0833333333333,0.001331215374513953
950.1666666666666,0.001552285513449124
950.25,0.0014751072793079364
950.3333333333333,0.001821126397376407
950.4166666666666,0.0014249237566677454
950.5,0.0010440214676284846
950.5833333333333,0.0023823304372382194
950.6666666666666,0.002286996683774988
950.75,0.001953488968932575
950.8333333333333,0.0010347024527106773
950.9166666666666,0.0005956347045680314
951.0,0.0013708058403389177
951.0833333333333,0.001953607511714181
951.1666666666666,0.003093478725675106
951.25,0.0028359001194543506
951.3333333333333,0.0009364801022838346
951.4166666666666,0.0004889838155337424
951.5,0.00039750971474734686
951.5833333333333,0.0009798874830973861
951.6666666666666,0.00045158668755803185
951.75,0.0005837772308082251
951.8333333333333,0.0007903625027817302
951.9166666666666,0.001749969276084437
952.0,0.0017183349676466017
952.0833333333333,0.0005060136961834432
952.1666666666666,0.0005417508970576025
952.25,0.000694415551987615
952.3333333333333,0.0015360931011620372
952.4166666666666,0.0012815014242899478
952.5,0.001573092449121868
952.5833333333333,0.0007924507007982129
952.6666666666666,0.0004232431052453079
952.75,0.001018931102501813
952.8333333333333,0.0004667179852277316
952.9166666666666,0.0009827877015686633
953.0,0.0016358936145207065
953.0833333333333,0.0013969740166275449
953.1666666666666,0.0014680444425267322
953.25,0.0013877785519962103
953.3333333333333,0.0016154200251279319
953.4166666666666,0.0021888177744790937
953.5,0.0017983358148852989
953.5833333333333,0.0009165244562455119
953.6666666666666,0.00044828136881149184
953.75,0.0005574360679698343
953.8333333333333,0.0009096232533829353
953.9166666666666,0.0014324430294088016
954.0,0.0009759411852160639
954.0833333333333,0.0006441308319893582
954.1666666666666,0.0013559440117698375
954.25,0.001154498941020355
954.3333333333333,0.0014179445008064115
954.4166666666666,0.0019674121667438986
954.5,0.000697663235032309
954.5833333333333,0.001757795168118911
954.6666666666666,0.0016536464424311156
954.75,0.0005436433055266809
954.8333333333333,0.001110132109340018
954.9166666666666,0.0015876656237411749
955.0,0.0017004063117812508
955.0833333333333,0.0024944112554251435
955.1666666666666,0.002268386337962746
955.25,0.001986233113195021
955.3333333333333,0.0013273086862842945
955.4166666666666,0.0019920028534628773
955.5,0.0018841739685845965
955.5833333333333,0.0010618067550988456
955.6666666666666,0.001343078789028313
955.75,0.0019847084642741733
955.8333333333333,0.0011784479292362233
955.9166666666666,0.0014552814182199774
956.0,0.0009934392761628372
956.0833333333333,0.0012198757953235922
956.1666666666666,0.0007462807602567694
956.25,0.0003397720667586583
956.3333333333333,0.0016327313248423027
956.4166666666666,0.0015473377375781498
956.5,0.0010815059936399088
956.5833333333333,0.002024808912570573
956.6666666666666,0.00249800820099482
956.75,0.0024237553146948003
956.8333333333333,0.0013493846857383458
956.9166666666666,0.0011909968431793603
957.0,0.001616496911933271
957.0833333333333,0.0014971427239869005
957.1666666666666,0.001224920756474072
957.25,0.0011932585462560215
957.3333333333333,0.0010425392713714885
957.4166666666666,0.0007834673660371113
957.5,0.0006983249733708206
957.5833333333333,0.001514811791793756
957.6666666666666,0.002401944602032004
957.75,0.0014512039609010773
957.8333333333333,0.0003413586625251605
957.9166666666666,0.0005508347412888335
958.0,0.0012857906999261784
958.0833333333333,0.0017656949003734008
958.1666666666666,0.0025864445437380444
958.25,0.002576886715390182
958.3333333333333,0.002374136466388308
958.4166666666666,0.0012469566337143146
958.5,0.0008662837195293134
958.5833333333333,0.0009840732822738853
958.6666666666666,0.0011960487909098867
958.75,0.0015273882666619817
958.8333333333333,0.0005766523380205053
958.9166666666666,0.00047938594062245756
959.0,0.00017944026151178028
959.0833333333333,0.0010505864547366668
959.1666666666666,0.0013403357083260105
959.25,0.00133256426044964
959.3333333333333,0.0010692113320606776
959.4166666666666,0.0007522491914873035
959.5,0.0005739771796282266
959.5833333333333,0.001140446865382701
959.6666666666666,0.0007412303448017231
959.75,0.0015343323130382275
959.8333333333333,0.0016011409891399815
959.9166666666666,0.0009996452606456441
960.0,0.0007509401082636533
960.0833333333333,0.0006133497876639878
960.1666666666666,0.0012861434369064615
960.25,0.0009366087200316706
960.3333333333333,0.0017057094735143951
960.4166666666666,0.0009619521728393451
960.5,0.00042138689938049715
960.5833333333333,0.0008956068915039733
960.6666666666666,0.00018858527353466712
960.75,0.0006815938779973771
960.8333333333333,0.0004633539046565852
960.9166666666666,0.0008019252194126851
961.0,0.0008698135573098633
961.0833333333333,0.0012855242742365318
961.1666666666666,0.001992380820996061
961.25,0.001510183901193779
961.3333333333333,0.0007165166705324964
961.4166666666666,0.0010901488051235498
961.5,0.0008672573567461637
961.5833333333333,0.001062315628725847
961.6666666666666,0.0006689600662291884
961.75,0.00043569373153455365
961.8333333333333,0.0007131945307362669
961.9166666666666,0.0007794094254435751
962.0,0.0013156224194713323
962.0833333333333,0.0006480929516052982
962.1666666666666,0.00018451679493804163
962.25,0.0005306562410805453
962.3333333333333,0.0010184486207982073
962.4166666666666,0.0007588942864536659
962.5,0.0009782728181673473
962.5833333333333,0.0007935817043052968
962.6666666666666,0.0019511808489036612
962.75,0.00036666973915839917
962.8333333333333,0.00048075349936343997
962.9166666666666,0.0010172148433034006
963.0,0.0012591604408401858
963.0833333333333,0.001589878381185975
963.1666666666666,0.0021377134478103286
963.25,0.0020703097334060397
963.3333333333333,0.0017552434942552744
963.4166666666666,0.0016464476880232923
963.5,0.001182819507434263
963.5833333333333,0.000884953329782763
963.6666666666666,0.0011423669358253444
963.75,0.0010670291137248901
963.8333333333333,0.00105382891892527
963.9166666666666,0.002255044649192053
964.0,0.002736718565307519
964.0833333333333,0.0017396379003279288
964.1666666666666,0.0008584562876105578
964.25,0.0006469017104359739
964.3333333333333,0.0009458730123388764
964.4166666666666,0.0011272079443481358
964.5,0.00024297578350995056
964.5833333333333,0.000734986288015806
964.6666666666666,0.0014573498328446595
964.75,0.0009407291129169419
964.8333333333333,0.001096735108125932
964.9166666666666,0.0009712395696487235
965.0,0.0014319953726688447
965.0833333333333,0.001645994899087173
965.1666666666666,0.000465217818763456
965.25,0.001036707739968432
965.3333333333333,0.0012828114100620213
965.4166666666666,0.0014876176361209251
965.5,0.001525691796527652
965.5833333333333,0.0012547776082589722
965.6666666666666,0.0013950776635998359
965.75,0.001996375278543124
965.8333333333333,0.0023223567404813215
965.9166666666666,0.0012426518564604319
966.0,0.0010732551347549287
966.0833333333333,0.0004962461056296127
966.1666666666666,0.00018236200739706285
966.25,0.001242609676449782
966.3333333333333,0.0017694124635326352
966.4166666666666,0.001566227771790613
966.5,0.0016748058467810118
966.5833333333333,0.0007513447571554596
966.6666666666666,0.00025820007809218147
966.75,0.0009827662631209737
966.8333333333333,0.0009714101395534937
966.9166666666666,0.0007464180210137941
967.0,0.0008618571752459539
967.0833333333333,0.0005172888614131373
967.1666666666666,0.0010271792740447578
967.25,0.0022325041429726916
967.3333333333333,0.001875710281827581
967.4166666666666,0.0011359976867240094
967.5,0.0004214092281421435
967.5833333333333,0.0001941495905628732
967.6666666666666,0.00021305552185469935
967.75,0.0014472152953181683
967.8333333333333,0.002503527260406078
967.9166666666666,0.000862521524286719
968.0,0.00047370980758988846
968.0833333333333,0.0012110646155883685
968.1666666666666,0.001748299338211018
968.25,0.000665795006804517
968.3333333333333,0.00037798583558565276
968.4166666666666,0.0014393278832626442
968.5,0.0011906592239971224
968.5833333333333,0.0008602074613629198
968.6666666666666,0.001388192791275401
968.75,0.0010279495890842612
968.8333333333333,0.00027451207659139027
968.9166666666666,0.0004674224321639917
969.0,0.0006117852607456779
969.0833333333333,0.0014327603283487856
969.1666666666666,0.001142748711919933
969.25,0.0011424525451757875
969.3333333333333,0.001204565111083051
969.4166666666666,0.0014710031662142787
969.5,0.0015757508730613388
969.5833333333333,0.0005749667721226104
969.6666666666666,0.0012564904867904127
969.75,0.0009264602718242054
969.8333333333333,0.0006480935678363775
969.9166666666666,0.0010665155121423236
970.0,0.00150328611024803
970.0833333333333,0.0020488393135141693
970.1666666666666,0.0014249478368810974
970.25,0.0006953246385125354
970.3333333333333,0.0006045138408745724
970.4166666666666,0.0006844410620398761
970.5,0.001990332551978423
970.5833333333333,0.002254202661027807
970.6666666666666,0.001268737944512265
970.75,0.0002760524393326111
970.8333333333333,0.000592338578492104
970.9166666666666,0.0006511970734851669
971.0,0.0005724851483553942
971.0833333333333,4.2381370336607104e-05
971.1666666666666,0.0008814047676871581
971.25,0.0008865803497451267
971.3333333333333,0.0006362292998186003
971.4166666666666,0.0008946401683785132
971.5,0.0006903755784064615
971.5833333333333,0.0017145348679715674
971.6666666666666,0.0015246008215207903
971.75,0.0011042266448389121
971.8333333333333,0.0013140047047408136
971.9166666666666,0.0009530109682839096
972.0,0.0003927581415640003
972.0833333333333,0.0004031507105801737
972.1666666666666,0.00034932090072516597
972.25,0.00043596522132864163
972.3333333333333,0.0009481467974405853
972.4166666666666,0.00136762375463923
972.5,0.0018781960715236036
972.5833333333333,0.000911870261341295
972.6666666666666,0.0005185099471555568
972.75,0.0005277199014520394
972.8333333333333,0.0005998881316542901
972.9166666666666,0.0013202501969618984
973.0,0.0006163514968905829
973.0833333333333,0.0008631563622341289
973.1666666666666,0.0009457974834055185
973.25,0.0012682930105778686
973.3333333333333,0.0005589188482819732
973.4166666666666,0.0009734040925980129
973.5,0.0008513384006631163
973.5833333333333,0.00014760056703185106
973.6666666666666,0.0014696543011463036
973.75,0.0014620355653750692
973.8333333333333,0.0005770670531836259
973.9166666666666,0.0014564251529743445
974.0,0.0015074875905448162
974.0833333333333,0.001074251029494176
974.1666666666666,0.000663995586809559
974.25,0.0012693398407806857
974.3333333333333,0.0007151960354679735
974.4166666666666,0.00042096267805181753
974.5,0.0009010425227419531
974.5833333333333,0.0012997973782940262
974.6666666666666,0.0010128636955960353
974.75,0.0021325869884739894
974.8333333333333,0.0013967599231232584
974.9166666666666,0.0012260913204546779
975.0,0.0015074812128728168
975.0833333333333,0.0009733889378571479
975.1666666666666,0.000724778120233235
975.25,0.001021322449283651
975.3333333333333,0.0017419685632042072
975.4166666666666,0.0013768348269431613
975.5,0.0010028168864361106
975.5833333333333,0.0014423303928518475
975.6666666666666,0.0013984640829145156
975.75,0.00048750301575591705
975.8333333333333,0.0007934559734684084
975.9166666666666,0.0011213043435277677
976.0,0.0011090277773069966
976.0833333333333,0.0008843605445747278
976.1666666666666,0.0009164109984086629
976.25,0.0011381087322625933
976.3333333333333,0.0006213547093592058
976.4166666666666,0.000734462854008473
976.5,0.0017081927716224255
976.5833333333333,0.002080477013758735
976.6666666666666,0.0020902965956604122
976.75,0.0011013608609393103
976.8333333333333,0.0007256736206787681
976.9166666666666,0.001242812192859118
977.0,0.001519619104699218
977.0833333333333,0.0006438568090242692
977.1666666666666,0.0008040169922094786
977.25,0.0006808120627177054
977.3333333333333,0.0005803550879074537
977.4166666666666,0.0009454525135618137
977.5,0.0008681588389357681
977.5833333333333,0.0016098721730472643
977.6666666666666,0.001069523758084807
977.75,0.0009954577819468063
977.8333333333333,0.00048199829009380724
977.9166666666666,0.000763442528851367
978.0,0.0008335283010359602
978.0833333333333,0.00036377290697887953
978.1666666666666,0.0004390445823127732
978.25,0.0007563776639328793
978.3333333333333,0.0011152098846946108
978.4166666666666,0.0010865351043690679
978.5,0.000987239638211747
978.5833333333333,0.000487665747029556
978.6666666666666,0.0007679683569245662
978.75,0.00032953065420206125
978.8333333333333,0.00117016043709561
978.9166666666666,0.001922240336139487
979.0,0.001684211007308357
979.0833333333333,0.0002858862535446711
979.1666666666666,0.0014979281098727293
979.25,0.0008971901847558786
979.3333333333333,0.0004071699032326268
979.4166666666666,0.0008422807765223197
979.5,0.0017188799360435996
979.5833333333333,0.0015360661057127927
979.6666666666666,0.0009122190270855682
979.75,0.0003831569764317089
979.8333333333333,0.0007731013480278149
979.9166666666666,0.0012954652377677824
980.0,0.0007638834629993851
980.0833333333333,0.00042903365717444046
980.1666666666666,0.0008663444774101921
980.25,0.0006826830218349578
980.3333333333333,0.0012500921313447519
980.4166666666666,0.001612465011368653
980.5,0.0012555620438187854
980.5833333333333,0.0004229205713142846
980.6666666666666,0.0008578054546929319
980.75,0.0013938464406256016
980.8333333333333,0.0008753736553340879
980.9166666666666,0.0015391822568602946
981.0,0.0025357646143612314
981.0833333333333,0.0019457222030049846
981.1666666666666,0.0009162013253354162
981.25,0.0003574376082359047
981.3333333333333,0.0006413640847521371
981.4166666666666,0.0011234758772924215
981.5,0.0006219207912692829
981.5833333333333,0.0012043564075412967
981.6666666666666,0.00039203471544674176
981.75,0.0004948857927908781
981.8333333333333,0.0012383818694025645
981.9166666666666,0.0014162252046692454
982.0,0.0010555389564674794
982.0833333333333,0.0003441686550476652
982.1666666666666,0.0009221397235764849
982.25,0.0013203091921417422
982.3333333333333,0.0013618621666117207
982.4166666666666,0.0006253547874111477
982.5,0.0004969650313991892
982.5833333333333,0.0014911648425855184
982.6666666666666,0.001817296061793823
982.75,0.0006314000473789823
982.8333333333333,0.0002773367091197462
982.9166666666666,0.001039599526077909
983.0,0.0014465659691946186
983.0833333333333,0.0009553457786461878
983.1666666666666,0.0012178978675310764
983.25,0.0018741144888212101
983.3333333333333,0.0019160185858935889
983.4166666666666,0.0009400516151117389
983.5,0.0013961645511926114
983.5833333333333,0.002080813941036234
983.6666666666666,0.0012309628576200348
983.75,0.0009824149504560746
983.8333333333333,0.0007058023119438058
983.9166666666666,0.0013701366081873088
984.0,0.0013479450734193623
984.0833333333333,0.0002750854731741829
984.1666666666666,0.0007025733892647437
984.25,0.0005754764579217654
984.3333333333333,0.0005899748175006094
984.4166666666666,0.0009572446863091118
984.5,0.0007665193970678705
984.5833333333333,0.0010823076780502373
984.6666666666666,0.0009016288560791714
984.75,0.0005793916333659522
984.8333333333333,0.0011485969288290007
984.9166666666666,0.0006946266143087042
985.0,0.0008226417775417716
985.0833333333333,0.0005845994207998532
985.1666666666666,0.0014822906056984517
985.25,0.0008000428001679424
985.3333333333333,0.0008975071209874425
985.4166666666666,0.000914711420486414
985.5,0.0005173400713500021
985.5833333333333,0.000988746916641311
985.6666666666666,0.0012117070105858467
985.75,0.002054056372814333
985.8333333333333,0.0012994361736704326
985.9166666666666,0.0004637622249272705
986.0,0.00152518484997835
986.0833333333333,0.001081423641014731
986.1666666666666,0.0005015040750369741
986.25,0.0009293466745631386
986.3333333333333,0.000613439259186423
986.4166666666666,0.00025538218331901667
986.5,0.0011019235307110442
986.5833333333333,0.0017505409770877806
986.6666666666666,0.0015089414164395879
986.75,0.0016000957810536672
986.8333333333333,0.001704973323059364
986.9166666666666,0.0009204266909452728
987.0,0.000914000046339946
987.0833333333333,0.0008590393308644577
987.1666666666666,0.001546183163109942
987.25,0.0020131211981885607
987.3333333333333,0.0010222911381845157
987.4166666666666,0.00106636818051185
987.5,0.0012857265498983366
987.5833333333333,0.0008375205774340549
987.6666666666666,0.0003048143682875169
987.75,0.0007085578915083678
987.8333333333333,0.0009838032959418408
987.9166666666666,0.000703578608768484
988.0,0.0007141505280180778
988.0833333333333,0.0010760497590901635
988.1666666666666,0.0016103630930977796
988.25,0.0014542060784106126
988.3333333333333,0.000720602628600406
988.4166666666666,0.0014098127788081095
988.5,0.0019115198434736251
988.5833333333333,0.002510579794881612
988.6666666666666,0.0014188835096141128
988.75,0.0009848132272154172
988.8333333333333,0.0018480355635274374
988.9166666666666,0.0013469285225421032
989.0,0.000535147141380122
989.0833333333333,0.0008137276733110978
989.1666666666666,0.0006363496019322473
989.25,0.0007188755975981037
989.3333333333333,0.0010020537533495571
989.4166666666666,0.0008328729108471942
989.5,0.0005667217475748003
989.5833333333333,0.0001337068849156598
989.6666666666666,0.0008242505823394929
989.75,0.0007780688435367883
989.8333333333333,2.257512259422957e-05
989.9166666666666,0.0007194680818844071
990.0,0.001582227272286483
990.0833333333333,0.001980526277457743
990.1666666666666,0.0006661202046903418
990.25,0.0010868400446847962
990.3333333333333,0.002003577983463978
990.4166666666666,0.002275684478418109
990.5,0.001463138584189803
990.5833333333333,0.0011023910337425217
990.6666666666666,0.0014668781229275785
990.75,0.001800199505172549
990.8333333333333,0.000788183665512286
990.9166666666666,0.0015595020240790564
991.0,0.001549358775449645
991.0833333333333,1.0410923979431944e-05
991.1666666666666,0.0006154598498687383
991.25,0.0005431200021336682
991.3333333333333,0.00033353100136774004
991.4166666666666,0.0011724498854441775
991.5,0.00023286018338977815
991.5833333333333,0.0008867570431574292
991.6666666666666,0.0020527122077433177
991.75,0.0024745311948993504
991.8333333333333,0.0020364829160022255
991.9166666666666,0.0008241078550268418
992.0,0.0003515568999658645
992.0833333333333,0.0005254553716463333
992.1666666666666,0.0011845450478714316
992.25,0.0003416705868461538
992.3333333333333,0.0009032342660013954
992.4166666666666,9.653308137644366e-05
992.5,0.0006086902320850212
992.5833333333333,0.0005167482919707636
992.6666666666666,0.0015652761621652302
992.75,0.00178842363804927
992.8333333333333,0.0020166160219556467
992.9166666666666,0.001445327128227697
993.0,0.000677456069930136
993.0833333333333,0.0009746803574294971
993.1666666666666,0.0009133863748676392
993.25,0.0016424620585344329
993.3333333333333,0.001673115184985121
993.4166666666666,0.00042696316102833095
993.5,0.0010305248700716223
993.5833333333333,0.0008831011863834034
993.6666666666666,0.0011369359072401935
993.75,0.0011567364227008062
993.8333333333333,0.0008485401698825101
993.9166666666666,0.0006649511763896493
994.0,0.0009858108418519214
994.0833333333333,0.0016839633691999086
994.1666666666666,0.0022755187269252702
994.25,0.0014560256083762148
994.3333333333333,0.00022038593611794352
994.4166666666666,0.0002692590708593196
994.5,0.0004829826060914069
994.5833333333333,0.0005591054973004219
994.6666666666666,0.0016629505265092128
994.75,0.0013056601928059808
994.8333333333333,0.0005214128042543939
994.9166666666666,0.001386132263266643
995.0,0.0022930193020249713
995.0833333333333,0.0022833286379452416
995.1666666666666,0.0012665404460294456
995.25,0.00042121327694262295
995.3333333333333,0.000707930828826839
995.4166666666666,0.001961492577046153
995.5,0.0017177237294871037
995.5833333333333,0.001033460731007119
995.6666666666666,0.0020521594443800796
995.75,0.001711487623852069
995.8333333333333,0.0008936720400981126
995.9166666666666,0.0015079562731358253
996.0,0.0019724652859670904
996.0833333333333,0.0016604442154181602
996.1666666666666,0.001014052441663151
996.25,0.0005207472369088346
996.3333333333333,0.0017634290942733155
996.4166666666666,0.0011710298201083257
996.5,0.0012990363884470874
996.5833333333333,0.0013096743342002177
996.6666666666666,0.00048162921880586006
996.75,0.000663461230245959
996.8333333333333,0.0007815639760586966
996.9166666666666,0.0008022605184843258
997.0,0.0019371213368040037
997.0833333333333,0.0003268137076200065
997.1666666666666,0.0016721055920442586
997.25,0.001527354190329959
997.3333333333333,0.0011326261783451083
997.4166666666666,0.001434665977124974
997.5,0.0016623997961072465
997.5833333333333,0.0013653465572385979
997.6666666666666,0.0010959734837376024
997.75,0.0006206208163766655
997.8333333333333,0.00017877213849659841
997.9166666666666,0.000626168485298856
998.0,0.0006578078977653956
998.0833333333333,0.0010169245777789794
998.1666666666666,0.0019689007294728476
998.25,0.0020996963347777544
998.3333333333333,0.0013878421691863045
998.4166666666666,0.0020271919144719455
998.5,0.0029376070415430243
998.5833333333333,0.0013507768240404786
998.6666666666666,0.0005100180834783367
998.75,0.00018380013251550955
998.8333333333333,0.00033740414499417045
998.9166666666666,0.0011891161193499117
999.0,0.0018910332511736258
999.0833333333333,0.0019203915748874482
999.1666666666666,0.0012765633069944343
999.25,0.0016127023384012692
999.3333333333333,0.0016052223599859253
999.4166666666666,0.0008850667449871674
999.5,0.001087669443170261
999.5833333333333,0.0008809401877436901
999.6666666666666,0.0012900541714393398
999.75,0.0015511108021763385
999.8333333333333,0.0006268871415847624
999.9166666666666,0.0014325997097862195
1000.0,0.0007211443412140123
