frequency_hz,amplitude
0.0,0.0002591286216238269
0.08333333333333333,0.00012952121780485863
0.16666666666666666,7.333227315152649e-08
0.25,1.0420895142984608e-07
0.3333333333333333,1.3666443214674866e-07
0.41666666666666663,1.7011074654299337e-07
0.5,2.0443380924532947e-07
0.5833333333333333,2.3965671571045943e-07
0.6666666666666666,2.7585608851338506e-07
0.75,3.1311581277334615e-07
0.8333333333333333,3.5158635902943044e-07
0.9166666666666666,3.9136003315408545e-07
1.0,4.3265289082730513e-07
1.0833333333333333,4.75584728399188e-07
1.1666666666666665,5.201988631258102e-07
1.25,5.669478727828018e-07
1.3333333333333333,6.168445729638159e-07
1.4166666666666665,6.671528747523966e-07
1.5,7.235209627267703e-07
1.5833333333333333,7.799995809763902e-07
1.6666666666666665,8.441710859229748e-07
1.75,9.089075687890214e-07
1.8333333333333333,9.722695617641531e-07
1.9166666666666665,1.0586004744047254e-06
2.0,1.1371026365865402e-06
2.083333333333333,1.2226510946813135e-06
2.1666666666666665,1.344175727540994e-06
2.25,1.4379766192068048e-06
2.333333333333333,1.4618475238337259e-06
2.4166666666666665,1.771358114911483e-06
2.5,1.6646115953057672e-06
2.583333333333333,2.088932365140564e-06
2.6666666666666665,1.8544850005430049e-06
2.75,2.4048082099067618e-06
2.833333333333333,2.4894582694728453e-06
2.9166666666666665,2.3724175420926208e-06
3.0,2.8958397522331522e-06
3.083333333333333,3.014625029124462e-06
3.1666666666666665,3.546144475078049e-06
3.25,2.792848326673207e-06
3.333333333333333,4.886005883015578e-06
3.4166666666666665,2.8567994679892813e-06
3.5,4.1105818674002625e-06
3.583333333333333,7.287128850403505e-06
3.6666666666666665,2.893382569799317e-06
3.75,2.022229422514257e-06
3.833333333333333,8.83253464919475e-06
3.9166666666666665,3.352895845825839e-06
4.0,4.678203879918686e-06
4.083333333333333,5.6557151710002134e-06
4.166666666666666,7.361757085865203e-06
4.25,6.340141162262255e-06
4.333333333333333,1.1036871595011457e-05
4.416666666666666,1.471987935987884e-05
4.5,1.3596006782887387e-05
4.583333333333333,1.999787128368599e-05
4.666666666666666,2.4055118441249683e-05
4.75,2.6452829382790873e-05
4.833333333333333,8.7965645293044e-06
4.916666666666666,5.176012994545355e-06
5.0,1.079979905548003e-05
5.083333333333333,7.63778809414863e-06
5.166666666666666,2.6517800593104883e-05
5.25,3.6829758696395994e-05
5.333333333333333,3.433271665514331e-05
5.416666666666666,1.722897014257945e-05
5.5,1.2061502684949793e-05
5.583333333333333,7.550075005923653e-06
5.666666666666666,5.0355789440684144e-05
5.75,4.577719830526944e-05
5.833333333333333,2.761180836085182e-05
5.916666666666666,2.235327735491278e-05
6.0,4.6582538455977555e-06
6.083333333333333,3.052956058020135e-05
6.166666666666666,1.6222246270711077e-05
6.25,1.269462343553063e-05
6.333333333333333,8.140508969100601e-06
6.416666666666666,1.849289388316409e-05
6.5,1.1125013049307094e-05
6.583333333333333,3.292668035527656e-05
6.666666666666666,2.0104345696320737e-05
6.75,2.7282729895973357e-05
6.833333333333333,1.3213192114672402e-05
6.916666666666666,8.641043754189416e-05
7.0,0.00010908209184487938
7.083333333333333,2.1284533925386747e-05
7.166666666666666,3.707190797154733e-05
7.25,3.0497332042141916e-05
7.333333333333333,1.183529417765968e-05
7.416666666666666,1.611133462342054e-05
7.5,5.730602520238261e-05
7.583333333333333,0.00014931107539259043
7.666666666666666,0.0005688144201775385
7.75,0.00046336236455492584
7.833333333333333,4.423341963984053e-05
7.916666666666666,2.7181342516779306e-05
8.0,4.235732857332024e-05
8.083333333333332,5.976014200570123e-05
8.166666666666666,4.714898535034636e-05
8.25,1.2980356125785917e-05
8.333333333333332,2.5724282688769897e-05
8.416666666666666,9.160518031045208e-06
8.5,3.641168028823008e-05
8.583333333333332,5.9662884647719634e-05
8.666666666666666,4.5310461823349675e-05
8.75,2.792150723877039e-05
8.833333333333332,2.6891995022890634e-05
8.916666666666666,3.3761282580306645e-05
9.0,2.2038330831347697e-05
9.083333333333332,2.697818914015625e-05
9.166666666666666,5.144853844243796e-05
9.25,6.0396060920852085e-05
9.333333333333332,1.4339735820650361e-05
9.416666666666666,2.1940643920769424e-05
9.5,2.4163720570159126e-05
9.583333333333332,4.5629140083084245e-05
9.666666666666666,5.930328913378282e-05
9.75,0.00010205266800319421
9.833333333333332,7.760109609022029e-05
9.916666666666666,8.609517884194683e-05
10.0,0.00018339085716794236
10.083333333333332,0.00013473766582667207
10.166666666666666,1.0955897407838364e-05
10.25,0.00013308654457015764
10.333333333333332,0.00017154159465131627
10.416666666666666,0.0001898164598647627
10.5,0.00011888330283607374
10.583333333333332,5.5286312136777355e-05
10.666666666666666,5.7838372273274115e-05
10.75,2.7659290981691352e-05
10.833333333333332,4.43989193150189e-05
10.916666666666666,1.6426490926904822e-05
11.0,7.375967077999342e-05
11.083333333333332,0.00010312915921306573
11.166666666666666,5.226619141384275e-05
11.25,3.627728370889814e-05
11.333333333333332,1.6670249464864986e-05
11.416666666666666,5.0981526664302276e-05
11.5,7.708047101464101e-05
11.583333333333332,7.131992022428833e-05
11.666666666666666,5.553151898345694e-05
11.75,6.452941716306866e-05
11.833333333333332,5.247004960771543e-05
11.916666666666666,2.9330632596909794e-05
12.0,3.82424047804734e-05
12.083333333333332,1.969167830571707e-05
12.166666666666666,7.5699650563132495e-06
12.25,3.7690027286620884e-06
12.333333333333332,2.9699481180627408e-05
12.416666666666666,3.72891954209111e-05
12.5,6.453479901574833e-05
12.583333333333332,0.00012593798256145742
12.666666666666666,0.00010080946146720297
12.75,3.4504521722569085e-05
12.833333333333332,9.11417404420368e-05
12.916666666666666,0.00011018289108162905
13.0,2.270179039724507e-05
13.083333333333332,4.829120370861307e-05
13.166666666666666,7.048574900435886e-05
13.25,8.524883461480196e-05
13.333333333333332,8.120920333003165e-05
13.416666666666666,5.142952206865662e-05
13.5,3.9500062905965e-05
13.583333333333332,4.1393525256852175e-05
13.666666666666666,0.00010040304069679021
13.75,0.00010323826028624387
13.833333333333332,0.0001134925049867926
13.916666666666666,0.0001049664625521574
14.0,4.0963120941133106e-05
14.083333333333332,1.822378982555673e-05
14.166666666666666,4.29130212106168e-05
14.25,6.703009442948859e-05
14.333333333333332,2.7802594015473033e-05
14.416666666666666,3.060562198630669e-05
14.5,9.542561577880055e-05
14.583333333333332,0.00011606470160909507
14.666666666666666,1.2752261410981602e-05
14.75,4.810839610076473e-05
14.833333333333332,0.00013639439315451138
14.916666666666666,0.00016177357099887694
15.0,7.78966928619382e-05
15.083333333333332,2.9144510737658686e-05
15.166666666666666,3.9689654752012915e-05
15.25,0.00015006430422618823
15.333333333333332,0.0002591378233780938
15.416666666666666,0.00018450135876614188
15.5,2.4460078733928112e-05
15.583333333333332,8.914460415101333e-05
15.666666666666666,8.32009440816706e-05
15.75,6.512614632826035e-05
15.833333333333332,0.0001797991566127053
15.916666666666666,0.0001493970357384773
16.0,3.381176570883175e-05
16.083333333333332,8.470833852768438e-05
16.166666666666664,0.0001631143354320926
16.25,0.00010002653816504746
16.333333333333332,3.733585967123813e-05
16.416666666666664,1.3847933514392225e-05
16.5,8.226017167850683e-05
16.583333333333332,6.925391195806109e-05
16.666666666666664,2.2621012404900958e-05
16.75,9.16516175116746e-05
16.833333333333332,7.476285581687941e-05
16.916666666666664,4.58076745433425e-05
17.0,0.00012221214454282944
17.083333333333332,0.00020504921329437945
17.166666666666664,0.00016620205887658243
17.25,2.4311353013353776e-05
17.333333333333332,3.928247101002062e-05
17.416666666666664,0.00012573999889012164
17.5,0.00010097392257758789
17.583333333333332,6.305081856069643e-05
17.666666666666664,4.3483380962354175e-05
17.75,7.058632538048493e-05
17.833333333333332,6.678021463790574e-05
17.916666666666664,3.839792497564345e-05
18.0,5.4561466791280476e-05
18.083333333333332,6.084404489939078e-05
18.166666666666664,5.099956320788073e-05
18.25,2.2661800043799298e-05
18.333333333333332,1.542318436657753e-05
18.416666666666664,2.5383413664602075e-05
18.5,5.0994326275857725e-05
18.583333333333332,7.063848932832783e-05
18.666666666666664,8.660493100052686e-05
18.75,8.357405548290105e-05
18.833333333333332,1.8126208605220868e-05
18.916666666666664,7.383089612284111e-05
19.0,6.064183944752727e-05
19.083333333333332,3.9245050986589375e-05
19.166666666666664,3.106694974143125e-05
19.25,5.900867658154944e-05
19.333333333333332,3.489969117059185e-05
19.416666666666664,3.8123372261491226e-05
19.5,1.1605722724438877e-05
19.583333333333332,3.6727924976337014e-06
19.666666666666664,1.7286058131455446e-05
19.75,3.370623945052989e-05
19.833333333333332,1.5290905692800743e-05
19.916666666666664,4.207253154984724e-06
20.0,2.0168454548201356e-05
20.083333333333332,2.3955444465993765e-05
20.166666666666664,4.202446418323928e-05
20.25,8.426523466641658e-05
20.333333333333332,9.12576930514607e-05
20.416666666666664,6.596469281735867e-05
20.5,7.529402885397085e-05
20.583333333333332,0.00016471180528347592
20.666666666666664,0.0001634829352325314
20.75,3.3389175224829324e-05
20.833333333333332,2.3282800716926898e-05
20.916666666666664,2.9354854135483757e-05
21.0,5.839525306505406e-05
21.083333333333332,3.116487033263891e-05
21.166666666666664,3.2242459521843585e-05
21.25,5.133878205612387e-05
21.333333333333332,5.130004011680041e-05
21.416666666666664,7.874365000142288e-06
21.5,2.396760734654493e-05
21.583333333333332,2.0710854636348246e-05
21.666666666666664,2.621948486543812e-05
21.75,9.855688066575334e-06
21.833333333333332,2.048062676874414e-05
21.916666666666664,3.5196772523254764e-05
22.0,1.8946623848544476e-05
22.083333333333332,2.98657282318871e-05
22.166666666666664,2.5631959483998034e-05
22.25,2.8736112918049183e-05
22.333333333333332,5.0698653806943814e-05
22.416666666666664,4.2993707437633234e-05
22.5,2.755844616737875e-05
22.583333333333332,1.8661315230863503e-05
22.666666666666664,9.32364096758217e-06
22.75,2.9747881447741502e-05
22.833333333333332,8.522732878549864e-06
22.916666666666664,5.4379408916461946e-05
23.0,4.413719444964051e-05
23.083333333333332,2.5022861128888542e-05
23.166666666666664,1.7920831864769242e-05
23.25,1.5186429929458889e-05
23.333333333333332,3.983577789130267e-05
23.416666666666664,8.223636551223708e-05
23.5,6.42514170197513e-05
23.583333333333332,1.5390958734955496e-05
23.666666666666664,3.785602495096952e-05
23.75,1.610744842994791e-05
23.833333333333332,3.3595150266712504e-05
23.916666666666664,4.1224383577484774e-05
24.0,2.6143788809490007e-05
24.083333333333332,3.9458433128e-05
24.166666666666664,3.709663713191385e-05
24.25,7.665940343651455e-06
24.333333333333332,1.2623378122921926e-05
24.416666666666664,3.8962891223880974e-05
24.5,4.631996852967661e-05
24.583333333333332,4.887483915895077e-05
24.666666666666664,4.2033525099170765e-05
24.75,3.414347957128236e-05
24.833333333333332,1.201363099418915e-05
24.916666666666664,1.709767037053927e-05
25.0,1.862189854149648e-05
25.083333333333332,2.3389583964755867e-05
25.166666666666664,1.2721162456078401e-05
25.25,5.210144067743424e-05
25.333333333333332,5.051473711000276e-05
25.416666666666664,4.078213708581052e-05
25.5,5.616788530659086e-05
25.583333333333332,2.7931774658886524e-05
25.666666666666664,3.515851671498711e-05
25.75,5.434533591699104e-05
25.833333333333332,3.2954406777104835e-05
25.916666666666664,2.5178423405647987e-05
26.0,1.8951892171451217e-05
26.083333333333332,3.956168685427391e-05
26.166666666666664,2.5218474288317636e-05
26.25,0.00011857669158644676
26.333333333333332,0.00010862946874385877
26.416666666666664,2.7624721377790475e-05
26.5,5.957677698421771e-06
26.583333333333332,3.0498053676861233e-05
26.666666666666664,6.932865070196235e-05
26.75,8.350816993095794e-05
26.833333333333332,6.628100775758616e-05
26.916666666666664,6.108520264445546e-05
27.0,2.3086114157989928e-05
27.083333333333332,0.00010399319864503355
27.166666666666664,4.7030577566435984e-05
27.25,5.130889525415341e-05
27.333333333333332,3.4509355718616656e-05
27.416666666666664,4.838222717560591e-05
27.5,6.531727607350581e-05
27.583333333333332,2.8798179362737053e-05
27.666666666666664,6.233350775453568e-05
27.75,8.591244485395646e-05
27.833333333333332,4.035833595438821e-05
27.916666666666664,3.459962712452633e-05
28.0,3.167369039415837e-05
28.083333333333332,7.317933770712393e-05
28.166666666666664,3.021712773144988e-05
28.25,3.0944451411466685e-05
28.333333333333332,1.0958415042894852e-05
28.416666666666664,2.8515428680660685e-05
28.5,2.227438413841264e-05
28.583333333333332,8.215915104194041e-05
28.666666666666664,8.753618237838188e-05
28.75,4.499396470849995e-05
28.833333333333332,5.58621377746495e-05
28.916666666666664,8.906814838541415e-05
29.0,3.8825447594622575e-05
29.083333333333332,8.99389542525251e-05
29.166666666666664,8.655448982357693e-05
29.25,7.720029841124312e-05
29.333333333333332,0.00012134207641301278
29.416666666666664,9.02307794327237e-05
29.5,2.0360195576707493e-05
29.583333333333332,6.483741936415023e-05
29.666666666666664,2.5234054014649032e-05
29.75,3.7726044109666756e-05
29.833333333333332,4.034106631331574e-05
29.916666666666664,1.9146742602979173e-05
30.0,2.120071220678887e-05
30.083333333333332,6.268998332231726e-05
30.166666666666664,7.186652773518931e-06
30.25,4.3738631056381115e-05
30.333333333333332,7.277692507920411e-05
30.416666666666664,0.00011455351500980437
30.5,0.00011682179633536465
30.583333333333332,9.198263486989025e-05
30.666666666666664,4.5305370628185085e-05
30.75,9.797095913768839e-05
30.833333333333332,7.161796199596988e-05
30.916666666666664,2.783582579842312e-05
31.0,4.102706617075025e-05
31.083333333333332,5.92036791084194e-05
31.166666666666664,4.9923592152690966e-05
31.25,5.6928959791060655e-05
31.333333333333332,1.5737150478203193e-05
31.416666666666664,0.00012352954898098065
31.5,0.00013116100516317514
31.583333333333332,8.340745963127741e-05
31.666666666666664,2.8321182204690943e-05
31.75,2.7624974700648245e-05
31.833333333333332,0.00010610201763870184
31.916666666666664,0.00013374494897259624
32.0,4.696102774179045e-05
32.08333333333333,5.135986535990282e-05
32.166666666666664,2.6561810041648282e-05
32.25,2.055929803140467e-05
32.33333333333333,0.00010427289094254662
32.416666666666664,0.00016933878163687827
32.5,8.279439070733403e-05
32.58333333333333,0.00011862747656364148
32.666666666666664,0.0001286003590845702
32.75,7.328757557774274e-05
32.83333333333333,8.791942733493489e-05
32.916666666666664,3.169023534482833e-05
33.0,9.436718629662504e-05
33.08333333333333,0.0001400253185921736
33.166666666666664,0.00018483469772997873
33.25,0.00010790067962760758
33.33333333333333,0.0001118325772829635
33.416666666666664,0.00017491792298960724
33.5,0.00015063559881639413
33.58333333333333,0.00010655637287611563
33.666666666666664,4.59737100304824e-05
33.75,4.804865313806608e-06
33.83333333333333,5.159577621653956e-05
33.916666666666664,2.3511305775119782e-05
34.0,1.533079462827845e-05
34.08333333333333,6.183949308929917e-05
34.166666666666664,0.00019654472337381863
34.25,0.00014108644745383173
34.33333333333333,6.173475953966956e-05
34.416666666666664,0.00024085162183390827
34.5,0.0021894603611654494
34.58333333333333,0.00858311419917846
34.666666666666664,0.007544320764274549
34.75,0.0012687088708501963
34.83333333333333,0.00015299890281130472
34.916666666666664,0.00029104829800898036
35.0,0.00013624622535822746
35.08333333333333,6.112638077355381e-05
35.166666666666664,0.00013512001621126266
35.25,0.00021244791004690152
35.33333333333333,9.82463484450047e-05
35.416666666666664,0.0001224173859159212
35.5,0.0002080014214955084
35.58333333333333,0.00018343479524608587
35.666666666666664,0.0002611443426997681
35.75,0.0002837214231098014
35.83333333333333,9.818004268204969e-05
35.916666666666664,6.279916258590654e-05
36.0,0.00010047751987670186
36.08333333333333,0.00021571009032070863
36.166666666666664,0.00025844929862400064
36.25,0.000259070368821338
36.33333333333333,0.00020454543814576838
36.416666666666664,0.0001552741825208399
36.5,0.00015445413131195368
36.58333333333333,7.175681137609443e-05
36.666666666666664,0.00016315635869975262
36.75,0.0002086085200738573
36.83333333333333,0.0003241778450532723
36.916666666666664,0.0005201133845965006
37.0,0.00032929408591474027
37.08333333333333,0.0004363754145130587
37.166666666666664,0.00041426622075175254
37.25,0.0002209446547658798
37.33333333333333,6.664309208790487e-05
37.416666666666664,0.00010840244630334386
37.5,0.00016251511321032375
37.58333333333333,0.00017100428938986883
37.666666666666664,0.0002271624130062125
37.75,0.00027511508422492975
37.83333333333333,0.0002754225435673288
37.916666666666664,0.00016182392038519166
38.0,0.00015126904239736843
38.08333333333333,0.0002592338987740072
38.166666666666664,0.000165691648584069
38.25,0.00015134637512998107
38.33333333333333,0.00016831306850982695
38.416666666666664,0.0001562045840614047
38.5,0.00023751558757899218
38.58333333333333,0.00011107061937440417
38.666666666666664,0.0001376273826370621
38.75,0.00016151002309918838
38.83333333333333,5.920763282506478e-05
38.916666666666664,0.00016068628111316497
39.0,0.00013860810050081513
39.08333333333333,0.00010051777826217401
39.166666666666664,5.329927159144522e-05
39.25,0.00011236550904728142
39.33333333333333,7.828068799663548e-05
39.416666666666664,0.00011913701898048065
39.5,0.00016777749014068626
39.58333333333333,0.0002321760893358668
39.666666666666664,0.00010016661069436612
39.75,0.0004164517284152616
39.83333333333333,0.00038887533999495093
39.916666666666664,0.00025082577782345553
40.0,0.00022823135944604743
40.08333333333333,0.000255100954374201
40.166666666666664,7.366919292361518e-05
40.25,0.0003774433556478846
40.33333333333333,0.0003993258376320944
40.416666666666664,0.0004067572016287258
40.5,0.00036883470154891305
40.58333333333333,0.00017732152568798837
40.666666666666664,0.00018459692419368285
40.75,0.0003053374500709189
40.83333333333333,0.0005898748963729467
40.916666666666664,0.0007177588090858893
41.0,0.0002399411121508741
41.08333333333333,0.00015527786844666847
41.166666666666664,4.552074622681816e-05
41.25,0.00015410987233411348
41.33333333333333,0.00027938173296419345
41.416666666666664,0.0001849633432904573
41.5,2.946375590449119e-05
41.58333333333333,5.865472321689108e-05
41.666666666666664,6.058193034516886e-05
41.75,8.225494802162893e-05
41.83333333333333,0.00013412705365120568
41.916666666666664,0.00041820022041853594
42.0,0.0005176946478383168
42.08333333333333,0.00041408799840386164
42.166666666666664,0.00030335539171239993
42.25,0.0002663737644357322
42.33333333333333,0.0002986870802259741
42.416666666666664,0.0005622286148255502
42.5,0.0004051710408081961
42.58333333333333,0.00026593714956223564
42.666666666666664,0.0001940326537340325
42.75,0.00023685888202162149
42.83333333333333,0.00018606118058434688
42.916666666666664,0.0005885200917796809
43.0,0.0009004437156269445
43.08333333333333,0.00042029493368806316
43.166666666666664,0.0003456679576997811
43.25,0.0005799438960791942
43.33333333333333,0.0004338183029726657
43.416666666666664,0.00015524230900705574
43.5,0.00040205354052969705
43.58333333333333,0.000643252928793314
43.666666666666664,0.0008658523892507103
43.75,0.0009159179454653686
43.83333333333333,0.0006700773058143223
43.916666666666664,0.00046970554391592934
44.0,0.0002725768025918882
44.08333333333333,0.00030251882324828356
44.166666666666664,0.00022532036012391907
44.25,0.00010010020565317046
44.33333333333333,0.0006482451861131353
44.416666666666664,0.0005457755384690303
44.5,0.0003275585840133527
44.58333333333333,0.0002754644183418702
44.666666666666664,0.0002861435941674851
44.75,0.00031768204347539674
44.83333333333333,0.00014710596118826404
44.916666666666664,0.0003475853628760579
45.0,0.0003795942307063322
45.08333333333333,0.00016472574194366385
45.166666666666664,0.0002351731701349908
45.25,0.00020856196655160038
45.33333333333333,0.00010405665781966181
45.416666666666664,9.423846042398823e-05
45.5,0.00016413955814635267
45.58333333333333,0.00025855156160876154
45.666666666666664,0.00011747907130244716
45.75,0.0003499995555004
45.83333333333333,0.0001723363520932967
45.916666666666664,0.0003289120263268768
46.0,0.0004517205361154718
46.08333333333333,0.00032585468777090315
46.166666666666664,0.00016348275435066264
46.25,0.00017064561885640314
46.33333333333333,0.0001746479541992056
46.416666666666664,0.00023677453385389507
46.5,0.00028255922716795897
46.58333333333333,0.00023664177007711747
46.666666666666664,0.0002875699997695413
46.75,0.00030974035473153145
46.83333333333333,0.0003115110730908321
46.916666666666664,0.0002533748692370746
47.0,0.00013917802241370674
47.08333333333333,8.565123430041618e-05
47.166666666666664,7.298572698659386e-05
47.25,0.0001115422637012526
47.33333333333333,6.197104818274681e-05
47.416666666666664,0.00021063492637797508
47.5,0.0001866846235468517
47.58333333333333,0.00010206041642368547
47.666666666666664,0.00012250341826968878
47.75,7.51190887054684e-05
47.83333333333333,2.6301535462458103e-05
47.916666666666664,9.593959340392968e-05
48.0,0.00013604648799566134
48.08333333333333,0.00017351924340457313
48.166666666666664,0.0001426352126002251
48.25,5.9123545601088956e-05
48.33333333333333,0.00017555972054056826
48.416666666666664,0.0001686665187411022
48.5,7.631961459279006e-05
48.58333333333333,3.9695736392167925e-05
48.666666666666664,0.00017241813336081905
48.75,0.0003616109605350232
48.83333333333333,0.0003160958651872227
48.916666666666664,0.00018712709508606282
49.0,0.000140654158102079
49.08333333333333,5.11103703750582e-05
49.166666666666664,9.086302057017373e-05
49.25,9.815686943514054e-05
49.33333333333333,0.00015478035264575226
49.416666666666664,0.00023826003824655435
49.5,0.00021366320527857897
49.58333333333333,0.0003289813417030931
49.666666666666664,0.0004416551652890507
49.75,0.0002945282638310361
49.83333333333333,7.302564044093404e-05
49.916666666666664,0.00024482850375340265
50.0,8.086648054545958e-05
50.08333333333333,0.00011326180839591961
50.166666666666664,0.00018517551090201846
50.25,0.0001914447426349146
50.33333333333333,0.0001953982462758338
50.416666666666664,0.00010703010833487586
50.5,3.1053423383825695e-05
50.58333333333333,5.444995302749709e-05
50.666666666666664,5.6609930029393646e-05
50.75,0.0002117885379931152
50.83333333333333,0.00027087989294134686
50.916666666666664,0.00023950827781933642
51.0,0.00016645160309128521
51.08333333333333,4.150314007097173e-05
51.166666666666664,9.228698268794898e-05
51.25,7.14032525491725e-05
51.33333333333333,8.091881334549904e-05
51.416666666666664,9.559610910208662e-05
51.5,6.26637223835329e-05
51.58333333333333,2.9012705978457303e-05
51.666666666666664,1.4996296754513425e-05
51.75,4.07875075309266e-05
51.83333333333333,0.00012513680517950012
51.916666666666664,0.00012186343136117274
52.0,0.00017987021978031794
52.08333333333333,0.00013026354054183206
52.166666666666664,8.313428974362903e-05
52.25,0.00017084639319991555
52.33333333333333,0.0001799370423541437
52.416666666666664,0.00011880157233361803
52.5,0.00016446030332377504
52.58333333333333,0.00022362227797660168
52.666666666666664,0.00013519609898776755
52.75,0.00011727288702240844
52.83333333333333,0.00016259954444931035
52.916666666666664,0.00013344729106268475
53.0,9.085563329725142e-05
53.08333333333333,0.00014309317535152522
53.166666666666664,0.00017432081272573057
53.25,0.00020463385240894103
53.33333333333333,0.00015330069331492838
53.416666666666664,0.00015115700256479106
53.5,0.00014192815919152388
53.58333333333333,0.00012417384505914592
53.666666666666664,4.78406892797603e-05
53.75,5.889902740253584e-05
53.83333333333333,0.00017592425006982495
53.916666666666664,0.00015390675334815164
54.0,7.284851667678124e-05
54.08333333333333,3.674174126501462e-05
54.166666666666664,0.00013219650650266057
54.25,0.00017488920843282662
54.33333333333333,2.408652673848527e-05
54.416666666666664,0.0001494143854958363
54.5,0.0001013415066068624
54.58333333333333,8.307950078770501e-05
54.666666666666664,0.00010436389407680434
54.75,0.00013336899401866783
54.83333333333333,0.0001116140765226568
54.916666666666664,0.0001259030497117083
55.0,0.00011397209302361388
55.08333333333333,6.983003338356904e-05
55.166666666666664,4.007847973768216e-05
55.25,3.682762504118622e-05
55.33333333333333,5.146647183400551e-05
55.416666666666664,4.114929271679636e-05
55.5,9.083409839603145e-05
55.58333333333333,9.470651014063911e-05
55.666666666666664,9.091421428759368e-05
55.75,9.111858832265076e-05
55.83333333333333,0.00013144196531240712
55.916666666666664,0.00014086827937247152
56.0,3.288274352842899e-05
56.08333333333333,7.287666101795264e-05
56.166666666666664,8.306530856953346e-05
56.25,0.00015038584108355773
56.33333333333333,0.0001937181362599319
56.416666666666664,6.251860424998875e-05
56.5,4.507080368751374e-05
56.58333333333333,3.33016512828593e-05
56.666666666666664,4.7793341538214304e-05
56.75,3.9209236723770235e-05
56.83333333333333,6.98594779360547e-05
56.916666666666664,0.000136467626959584
57.0,9.340918602110894e-05
57.08333333333333,8.097620670221465e-05
57.166666666666664,0.0001011116631443995
57.25,4.421615923850159e-05
57.33333333333333,2.9979052033281264e-05
57.416666666666664,0.00010829624382400308
57.5,0.0001131484213635338
57.58333333333333,0.00011132609242857835
57.666666666666664,8.905445125826409e-05
57.75,1.451214824609484e-05
57.83333333333333,7.347253153311925e-05
57.916666666666664,0.00011059592616963283
58.0,7.344163539838671e-05
58.08333333333333,4.228622782927464e-05
58.166666666666664,7.200439913408801e-05
58.25,4.931132767249182e-05
58.33333333333333,0.00011050245063673474
58.416666666666664,0.00012684427363646034
58.5,3.0303002877556155e-05
58.58333333333333,0.00011611775006701434
58.666666666666664,8.109609146578636e-05
58.75,8.534801764617819e-05
58.83333333333333,2.80543265228814e-05
58.916666666666664,0.00012572514578329373
59.0,0.00012594843960046263
59.08333333333333,5.1395883966730867e-05
59.166666666666664,4.853724350923791e-05
59.25,5.284909335620277e-05
59.33333333333333,1.5151946936300087e-05
59.416666666666664,4.00096126478318e-05
59.5,0.00012030977750803428
59.58333333333333,0.00010955438270888597
59.666666666666664,6.88827855690432e-05
59.75,8.810451724484668e-05
59.83333333333333,3.2761281732790384e-05
59.916666666666664,2.9679266247710004e-05
60.0,5.042479113048565e-05
60.08333333333333,0.00012160257452350155
60.166666666666664,8.95530628934605e-05
60.25,5.970641533269902e-05
60.33333333333333,0.00010837218970028848
60.416666666666664,4.2254836944064914e-05
60.5,4.4447785892406426e-05
60.58333333333333,2.5713439048726878e-05
60.666666666666664,3.228828679685333e-05
60.75,0.00010547865568789079
60.83333333333333,0.0001476304345828484
60.916666666666664,5.7943667173470554e-05
61.0,3.534607966158442e-05
61.08333333333333,1.972319218304177e-05
61.166666666666664,4.977305009813213e-05
61.25,3.213010879752747e-05
61.33333333333333,4.191849882104486e-05
61.416666666666664,4.170885858718408e-05
61.5,7.561421150404774e-05
61.58333333333333,0.00012948575575899942
61.666666666666664,0.00010449716400317428
61.75,4.578143108801175e-05
61.83333333333333,2.7014923331676697e-05
61.916666666666664,7.329586327509015e-05
62.0,9.73619365017226e-05
62.08333333333333,0.0001316248321673454
62.166666666666664,7.762921652027188e-05
62.25,3.33598586188301e-05
62.33333333333333,2.847506592216692e-05
62.416666666666664,5.665915261291324e-05
62.5,7.17909436129351e-05
62.58333333333333,1.727446693110045e-05
62.666666666666664,2.7479349107390107e-05
62.75,1.6125509856717178e-05
62.83333333333333,5.793230287805675e-05
62.916666666666664,7.229582111658092e-05
63.0,9.747682403934089e-05
63.08333333333333,0.00010249798429971318
63.166666666666664,2.9330023353204873e-05
63.25,7.03460065690254e-05
63.33333333333333,6.844907399593641e-05
63.416666666666664,0.00011053202373734921
63.5,9.219697518292185e-05
63.58333333333333,3.398900910402777e-05
63.666666666666664,8.366878689102102e-05
63.75,7.23265168510095e-05
63.83333333333333,0.00010784614801941926
63.916666666666664,7.793882565718498e-05
64.0,7.190170293167725e-05
64.08333333333333,0.00010393953880991029
64.16666666666666,5.6072777694524116e-05
64.25,0.0001376772380812502
64.33333333333333,0.00015091840836168447
64.41666666666666,0.00012978829264198433
64.5,5.942306173069749e-05
64.58333333333333,0.00013198766964021694
64.66666666666666,0.00023415400727872467
64.75,0.00016367805985447443
64.83333333333333,3.388905767191597e-05
64.91666666666666,7.960169353314815e-05
65.0,2.0046993931391063e-05
65.08333333333333,8.873961435077052e-05
65.16666666666666,0.00011336090966935353
65.25,6.197915830093902e-05
65.33333333333333,9.08038963624665e-05
65.41666666666666,0.0001321593347985031
65.5,0.00010310408742316085
65.58333333333333,8.933752883529787e-05
65.66666666666666,0.00012333350088456084
65.75,0.00014328507935847316
65.83333333333333,9.84150566321953e-05
65.91666666666666,6.738296211803723e-05
66.0,6.726728638998968e-05
66.08333333333333,5.3687013466141006e-05
66.16666666666666,1.7477507723040408e-05
66.25,6.796784227341241e-05
66.33333333333333,4.219098273034951e-05
66.41666666666666,0.00013159583946693773
66.5,0.00015165580178668473
66.58333333333333,7.647503150784455e-05
66.66666666666666,2.292929421717589e-05
66.75,3.5218790815465786e-05
66.83333333333333,9.460694649886866e-05
66.91666666666666,0.00017980707155071556
67.0,0.00017301339272109687
67.08333333333333,2.5918934411317698e-05
67.16666666666666,0.00012173995657403016
67.25,0.00012039890290421402
67.33333333333333,9.412370189137959e-05
67.41666666666666,6.462382145144562e-05
67.5,7.161218181074214e-05
67.58333333333333,4.776692550576864e-05
67.66666666666666,6.76135608955235e-05
67.75,0.00014605354557526153
67.83333333333333,0.00012884947126399508
67.91666666666666,0.00010059546702396327
68.0,7.737191349386604e-05
68.08333333333333,1.917858923810127e-05
68.16666666666666,3.0374752926187964e-05
68.25,4.931658804324712e-05
68.33333333333333,4.34250327887609e-05
68.41666666666666,8.705464274931536e-05
68.5,0.00014104692510591289
68.58333333333333,5.230073467061639e-05
68.66666666666666,6.775694451488932e-05
68.75,0.00013166914028730416
68.83333333333333,3.130580582807878e-05
68.91666666666666,5.789110307463104e-05
69.0,0.00013885880470711437
69.08333333333333,0.00045651071887099336
69.16666666666666,0.0062238658074071475
69.25,0.009231808469054368
69.33333333333333,0.0032537997567027763
69.41666666666666,0.0002783926208367692
69.5,9.906845940329606e-06
69.58333333333333,8.182962022343968e-05
69.66666666666666,6.694529195607252e-05
69.75,4.519017179484234e-05
69.83333333333333,0.0001679769752198121
69.91666666666666,0.004159368314280696
70.0,0.0075525175755631144
70.08333333333333,0.003494435822579526
70.16666666666666,0.00010156188717386885
70.25,0.00010936713635902069
70.33333333333333,9.242796091225004e-05
70.41666666666666,5.494274753329755e-05
70.5,4.140545735969694e-05
70.58333333333333,0.00010838109074154093
70.66666666666666,0.00013011664015877102
70.75,0.0001478855188920869
70.83333333333333,0.00013131890772478618
70.91666666666666,4.927561226926124e-05
71.0,1.768229076623609e-05
71.08333333333333,2.9074399053727094e-05
71.16666666666666,8.19162804157539e-05
71.25,0.0001341012377133814
71.33333333333333,8.119901280510257e-05
71.41666666666666,0.00011294384350313947
71.5,0.00017170895454916342
71.58333333333333,0.00011064130759108247
71.66666666666666,3.705227463254334e-05
71.75,5.194994493464781e-05
71.83333333333333,1.9648893860631995e-05
71.91666666666666,5.778869339246803e-05
72.0,7.975518846539002e-05
72.08333333333333,8.994214523934522e-05
72.16666666666666,4.4612842057245525e-05
72.25,5.342371597738574e-05
72.33333333333333,0.00010179726807820569
72.41666666666666,0.00022974465145041365
72.5,0.0001305156379110805
72.58333333333333,3.786377210757417e-05
72.66666666666666,0.0001560746735499321
72.75,0.0002520153061634338
72.83333333333333,0.00021840456088489704
72.91666666666666,0.0002028542641441675
73.0,0.00011916527090659364
73.08333333333333,0.00018504714442030143
73.16666666666666,0.00014023562581424968
73.25,0.00021243461772360293
73.33333333333333,0.0001479659484922183
73.41666666666666,0.00018248310298488803
73.5,0.00011472716557256483
73.58333333333333,0.00011834594010071396
73.66666666666666,0.0001830393134994705
73.75,0.00020683661447899748
73.83333333333333,7.148843271047618e-05
73.91666666666666,0.00010102170574713695
74.0,0.000127775108464927
74.08333333333333,3.112713415236871e-05
74.16666666666666,0.00014831146558344995
74.25,0.00011606891966426767
74.33333333333333,0.00018011606200297176
74.41666666666666,0.00023358171840262107
74.5,3.722974346645737e-05
74.58333333333333,0.0001142758628129526
74.66666666666666,0.00015324889207882764
74.75,0.0003780310583621251
74.83333333333333,0.00025733516935159414
74.91666666666666,5.4147634021185496e-05
75.0,0.00014390036829088
75.08333333333333,2.8494850254340244e-05
75.16666666666666,0.00014748696135870583
75.25,0.00015258165865523457
75.33333333333333,0.00011167650947365733
75.41666666666666,0.00032633967029517926
75.5,0.000297121802083465
75.58333333333333,0.0001875452548083505
75.66666666666666,0.00013718713503237015
75.75,0.0003818488410851543
75.83333333333333,0.0001933759154312211
75.91666666666666,7.503501297758454e-05
76.0,0.00013951108303336053
76.08333333333333,0.00011748256442877637
76.16666666666666,0.0001807828382977983
76.25,0.00028578686311467327
76.33333333333333,0.00026362289726919225
76.41666666666666,0.0002962135058118215
76.5,0.0003036763965194221
76.58333333333333,6.124818142774018e-05
76.66666666666666,4.068753915671235e-05
76.75,9.819079734821132e-05
76.83333333333333,0.00014009494418287967
76.91666666666666,0.00019118287370416688
77.0,0.0001799095983241276
77.08333333333333,0.0001751579809789176
77.16666666666666,0.0001642211787222787
77.25,0.00013001051104215693
77.33333333333333,0.00015430077772943119
77.41666666666666,0.00017976554514075228
77.5,0.0002670259763577039
77.58333333333333,0.0003499320364214716
77.66666666666666,0.00028469294661537855
77.75,0.00015669119663636754
77.83333333333333,0.00013176160860899443
77.91666666666666,6.255617094821564e-05
78.0,8.187265383579821e-05
78.08333333333333,0.00015477735955070736
78.16666666666666,1.4255549025144232e-05
78.25,0.0001461449559737377
78.33333333333333,0.00019024780133159884
78.41666666666666,0.000203125141784163
78.5,7.290504240146696e-05
78.58333333333333,0.00017352265765770673
78.66666666666666,0.00019939961616926668
78.75,0.00014865524777864562
78.83333333333333,0.00017409769482472264
78.91666666666666,3.801762092552757e-05
79.0,0.00013154752684944873
79.08333333333333,0.00015002734651104702
79.16666666666666,0.00012252238073978648
79.25,2.6870278687996134e-05
79.33333333333333,5.2958266935542196e-05
79.41666666666666,7.392406923100684e-05
79.5,5.871248096576632e-05
79.58333333333333,0.00014704621349766384
79.66666666666666,0.00038439080254690363
79.75,0.0002584942958374326
79.83333333333333,3.9456568929155905e-05
79.91666666666666,6.731351518958445e-05
80.0,8.53316567454663e-05
80.08333333333333,0.00018355906214018535
80.16666666666666,0.00017990194725415773
80.25,0.00012407562737007632
80.33333333333333,0.00012550633544673048
80.41666666666666,5.906121464730636e-05
80.5,4.742642411984714e-05
80.58333333333333,8.965998023096082e-05
80.66666666666666,7.022397087367294e-05
80.75,3.0649448013979584e-05
80.83333333333333,4.715711555432899e-05
80.91666666666666,2.371224001158251e-05
81.0,3.60366326331385e-05
81.08333333333333,5.334142311702437e-05
81.16666666666666,3.2303171627400286e-05
81.25,4.788826510345323e-05
81.33333333333333,0.0001456176238630939
81.41666666666666,0.00016011010741135808
81.5,0.00018199194271080612
81.58333333333333,0.00025323408040512784
81.66666666666666,0.00015781276928116816
81.75,0.00013883101128758636
81.83333333333333,6.002395478533405e-06
81.91666666666666,0.00018881076434464468
82.0,0.00012752013128125735
82.08333333333333,6.724017495356333e-05
82.16666666666666,0.00015721572584702167
82.25,0.00013935850676511714
82.33333333333333,6.876932901501345e-05
82.41666666666666,3.742535298668418e-05
82.5,9.445132577667753e-05
82.58333333333333,0.00017295258358586676
82.66666666666666,0.0001474585258368871
82.75,0.00011179302494290097
82.83333333333333,8.498074683942268e-05
82.91666666666666,0.0001155025473233589
83.0,7.180913143756663e-05
83.08333333333333,2.7230957178240916e-05
83.16666666666666,6.739057484479654e-05
83.25,0.0001294610318563333
83.33333333333333,9.2940190306495e-05
83.41666666666666,7.157360365026878e-05
83.5,7.13180281341165e-05
83.58333333333333,1.1815505803982499e-05
83.66666666666666,7.242217585120203e-05
83.75,5.011625076700319e-05
83.83333333333333,0.00011875934848920225
83.91666666666666,0.0001405828640274125
84.0,0.00011040087976070131
84.08333333333333,0.00014045151271758802
84.16666666666666,0.00011593052906659413
84.25,2.9967467847019483e-05
84.33333333333333,1.799904985232087e-05
84.41666666666666,3.9318571683999035e-05
84.5,5.6709146786643335e-05
84.58333333333333,0.00015977491841744876
84.66666666666666,0.0002148969312688641
84.75,0.00011648325052334273
84.83333333333333,3.811777370884983e-07
84.91666666666666,6.727579311874125e-05
85.0,4.236652095409953e-05
85.08333333333333,4.678049075256684e-05
85.16666666666666,5.214644839384566e-05
85.25,8.049653076958092e-05
85.33333333333333,0.00011592352910556596
85.41666666666666,0.00014243919228325896
85.5,0.0001465511924662884
85.58333333333333,2.120055859047416e-05
85.66666666666666,0.00010925001728965469
85.75,0.00015196150449992073
85.83333333333333,8.895748890927161e-05
85.91666666666666,5.9487328652279065e-05
86.0,7.760930655007884e-05
86.08333333333333,0.00019214568327858878
86.16666666666666,0.00015619382723496233
86.25,2.039764186952558e-05
86.33333333333333,6.591281618205537e-05
86.41666666666666,3.987325897878094e-05
86.5,9.622217453352113e-05
86.58333333333333,9.021629943580608e-05
86.66666666666666,0.0001761522636277057
86.75,7.383992583946703e-05
86.83333333333333,8.258594110750904e-05
86.91666666666666,7.399742601807932e-05
87.0,2.864219927047987e-05
87.08333333333333,0.00010603295737189033
87.16666666666666,0.00018629531157635267
87.25,0.00011236680069862375
87.33333333333333,9.97637998484882e-05
87.41666666666666,8.983549663494605e-05
87.5,4.445963937620865e-05
87.58333333333333,0.00010975584639688783
87.66666666666666,0.00012689754028331697
87.75,8.310585356978007e-05
87.83333333333333,0.00035754119006674507
87.91666666666666,0.0004322023564013099
88.0,0.00033191394161601485
88.08333333333333,0.00014596100457368142
88.16666666666666,0.00013494171546857793
88.25,0.00012052534518852741
88.33333333333333,0.00012026032433933152
88.41666666666666,0.00015303358045453934
88.5,0.0002660940859957104
88.58333333333333,0.00046459684833250234
88.66666666666666,0.00039004524089398233
88.75,9.103432081883466e-05
88.83333333333333,0.00030056672186334806
88.91666666666666,0.00018823153201463622
89.0,0.00015327892252050762
89.08333333333333,8.481632749890137e-05
89.16666666666666,0.00016011751643818948
89.25,0.00019058940249028236
89.33333333333333,0.0003895788893395804
89.41666666666666,0.0004046569329259024
89.5,0.00023060217148715688
89.58333333333333,0.00029869476897784837
89.66666666666666,0.0006057411494896697
89.75,0.00042032296351362586
89.83333333333333,8.559529808221329e-05
89.91666666666666,0.0003142461139029181
90.0,0.00029715388955741626
90.08333333333333,0.00026143775728250325
90.16666666666666,0.0002635501432982799
90.25,0.00043427293910714885
90.33333333333333,0.0004568831066545341
90.41666666666666,0.00037266225521155084
90.5,0.0003147703485496808
90.58333333333333,0.00026753162777129794
90.66666666666666,0.00045504002022798084
90.75,0.0003884454351685702
90.83333333333333,0.00019300858413586733
90.91666666666666,0.00029618372638840813
91.0,0.00035906720804558014
91.08333333333333,6.790675238337654e-05
91.16666666666666,0.0001353174564552594
91.25,6.225407762709433e-05
91.33333333333333,0.00021157496170478443
91.41666666666666,9.802006689531866e-05
91.5,0.00015539135971296303
91.58333333333333,0.0002888134576934822
91.66666666666666,0.00022890541622691129
91.75,0.00012388990687048327
91.83333333333333,0.00021621075228312465
91.91666666666666,0.00016955485799737623
92.0,0.00023069410236109498
92.08333333333333,5.4476851945031684e-05
92.16666666666666,0.00027758569454566345
92.25,0.0004889134103676458
92.33333333333333,0.0006340780962732889
92.41666666666666,0.0005571244345670359
92.5,0.0002785788704527919
92.58333333333333,0.00032523348833011785
92.66666666666666,0.0002862719673829956
92.75,0.00031809199448225837
92.83333333333333,9.415078144209294e-05
92.91666666666666,0.0001272478980021028
93.0,0.00016709972041981948
93.08333333333333,0.0003745753715711954
93.16666666666666,0.0004741281885012803
93.25,0.00040430811204111297
93.33333333333333,0.0006387129208605599
93.41666666666666,0.0006459271869412122
93.5,0.0002552589927232879
93.58333333333333,0.0003549036164881345
93.66666666666666,0.0002941976013968648
93.75,0.00032537229308274735
93.83333333333333,0.00013627383497486541
93.91666666666666,0.0005450019615965834
94.0,0.000670911007268791
94.08333333333333,0.00027549943290684705
94.16666666666666,0.0004418429823090006
94.25,0.00026289441437802235
94.33333333333333,0.00033484038414875733
94.41666666666666,0.00030717003565325666
94.5,0.0003778527942406863
94.58333333333333,0.0005023512350946551
94.66666666666666,0.000405141486800765
94.75,0.00039035203044689864
94.83333333333333,9.936738185726746e-05
94.91666666666666,0.00018513559078282499
95.0,0.0006971160673968698
95.08333333333333,0.000867026149440033
95.16666666666666,0.00045565958444044295
95.25,9.756210912911826e-05
95.33333333333333,0.0003690658985368441
95.41666666666666,0.0002064331833122038
95.5,0.00021671635514043335
95.58333333333333,0.00011628677622964659
95.66666666666666,0.0003337556566581207
95.75,0.0004166531861688657
95.83333333333333,0.0003494602138671965
95.91666666666666,0.00039007504538490805
96.0,8.93219535305244e-05
96.08333333333333,0.00014745775305659878
96.16666666666666,0.00011663478978204339
96.25,0.00013334792166978086
96.33333333333333,0.00010110096436921883
96.41666666666666,7.265978614195349e-05
96.5,0.00025996768973339106
96.58333333333333,0.00025568877618816133
96.66666666666666,0.00048164104580259283
96.75,0.0005746163069236303
96.83333333333333,0.0004683024150853631
96.91666666666666,0.0004408702433803574
97.0,0.0003990340272109471
97.08333333333333,0.0004325922538339529
97.16666666666666,0.0006686392568967901
97.25,0.00031834468135662355
97.33333333333333,0.0006627814162275592
97.41666666666666,0.0004487346628166605
97.5,0.00017609633285035
97.58333333333333,0.0008061082344484369
97.66666666666666,0.0010221018908520589
97.75,0.0006887605165190783
97.83333333333333,0.0003051438736524165
97.91666666666666,0.0004074127470594434
98.0,0.00042179174133915226
98.08333333333333,0.000518044428453266
98.16666666666666,0.0005487029715493453
98.25,0.0006158264309578725
98.33333333333333,0.00024101672487403358
98.41666666666666,0.0005078707112581828
98.5,0.0010068513047889693
98.58333333333333,0.000999418776677874
98.66666666666666,0.0007295547905897253
98.75,0.0005501082695111894
98.83333333333333,0.0003914254826919578
98.91666666666666,0.00033537255801330767
99.0,0.00021682381522806831
99.08333333333333,0.0004895816085406144
99.16666666666666,0.0007067222809551708
99.25,0.0006434203810638624
99.33333333333333,0.00039547523230285285
99.41666666666666,0.00017269563751501116
99.5,3.379808250425379e-05
99.58333333333333,0.00019910836851233464
99.66666666666666,0.00029420067075999214
99.75,0.0005443197631105254
99.83333333333333,0.0005044298994903842
99.91666666666666,0.000649865118364283
100.0,0.0006585472565235997
100.08333333333333,0.00021083559562753661
100.16666666666666,0.0005306811812149708
100.25,0.0001722355388819438
100.33333333333333,0.00020854358428743533
100.41666666666666,6.414766574689184e-05
100.5,0.0002902823612729126
100.58333333333333,0.00024519315222698183
100.66666666666666,0.0007423613287949783
100.75,0.0006769389824846076
100.83333333333333,0.0006471003453678647
100.91666666666666,0.0006121757740332272
101.0,0.0005691735441954542
101.08333333333333,0.00046371109256728127
101.16666666666666,0.0002364476275497872
101.25,0.00028769205561726246
101.33333333333333,0.0002955310274393423
101.41666666666666,0.000305066618564182
101.5,0.0005736153604653548
101.58333333333333,0.0005205447207420634
101.66666666666666,0.00036463981457509253
101.75,0.00030976136190467103
101.83333333333333,0.00048069588299311065
101.91666666666666,0.0005806110706177048
102.0,0.0002118562412870711
102.08333333333333,0.0005203801925018148
102.16666666666666,0.0003021982776944952
102.25,0.0007336558411361354
102.33333333333333,0.0007685994132483578
102.41666666666666,0.0009742739500920014
102.5,0.000764786697803489
102.58333333333333,0.00044961542193175727
102.66666666666666,0.0008528674466573527
102.75,0.001132656909769531
102.83333333333333,0.0006336687226094602
102.91666666666666,0.0008457139838062117
103.0,0.0016470096751334286
103.08333333333333,0.0010260395909413955
103.16666666666666,0.00043581919157785725
103.25,0.0008001218357534547
103.33333333333333,0.0004840786085298802
103.41666666666666,0.001361226372585489
103.5,0.00035276841564535624
103.58333333333333,0.0006561388844740966
103.66666666666666,0.00045460058308741634
103.75,0.002384829419573897
103.83333333333333,0.007441212718090788
103.91666666666666,0.004569493022861963
104.0,0.0003355539982582948
104.08333333333333,0.0005728500379404862
104.16666666666666,0.000876239059523346
104.25,0.001411458934804323
104.33333333333333,0.00020218554397875767
104.41666666666666,0.000551402499256138
104.5,0.000980642350788996
104.58333333333333,0.0005994996056220164
104.66666666666666,0.0008791483493587367
104.75,0.0013909245689625175
104.83333333333333,0.0007581968865209464
104.91666666666666,0.0007429528739817599
105.0,0.002426000131290643
105.08333333333333,0.0016401335177473734
105.16666666666666,0.0004766635624316539
105.25,0.00010203063961041555
105.33333333333333,0.0007175510256634335
105.41666666666666,0.0016899460622276771
105.5,0.0004941855285786708
105.58333333333333,0.001399528854445735
105.66666666666666,0.0008765939746140053
105.75,0.001066883487339473
105.83333333333333,0.0011652247876976405
105.91666666666666,0.000911139567888015
106.0,0.00241662285942804
106.08333333333333,0.0014010607150445325
106.16666666666666,0.0006228516902207471
106.25,0.0011418586399434601
106.33333333333333,0.0007557001922433161
106.41666666666666,0.0009032331564736132
106.5,0.0009074353089242994
106.58333333333333,0.002122801095404454
106.66666666666666,0.0022388267616520845
106.75,0.0011833726295673683
106.83333333333333,0.0020521957106632276
106.91666666666666,0.0012073017772436048
107.0,0.002712426345762773
107.08333333333333,0.001480216766126461
107.16666666666666,0.0015554293681479133
107.25,0.002383465585495382
107.33333333333333,0.0007570034235391759
107.41666666666666,0.0025228709412670374
107.5,0.003637408465509033
107.58333333333333,0.005893094467340556
107.66666666666666,0.0058574094016896495
107.75,0.0020895353509273683
107.83333333333333,0.0037527854915878046
107.91666666666666,0.0037114979234304517
108.0,0.004373234131456669
108.08333333333333,0.0042164359819138126
108.16666666666666,0.00504495556990761
108.25,0.004021369302000837
108.33333333333333,0.0004535592511423831
108.41666666666666,0.001842902625824622
108.5,0.0011101761119304394
108.58333333333333,0.002453411545779152
108.66666666666666,0.002097928227989069
108.75,0.00176360096546875
108.83333333333333,0.0025153376032991583
108.91666666666666,0.004265416669536567
109.0,0.0016060736467642315
109.08333333333333,0.001597761738010325
109.16666666666666,0.003958877980032618
109.25,0.0050214605522847814
109.33333333333333,0.002077786592355943
109.41666666666666,0.0038006589491367364
109.5,0.004071039616333448
109.58333333333333,0.002208871302638788
109.66666666666666,0.0030354911964950706
109.75,0.003891510053504621
109.83333333333333,0.0012100184272070885
109.91666666666666,0.0008710918869621915
110.0,0.003144365714491927
110.08333333333333,0.0036077313312336884
110.16666666666666,0.0014425277336635252
110.25,0.001862709702524887
110.33333333333333,0.002497699972663291
110.41666666666666,0.004174096844152586
110.5,0.004302974568952794
110.58333333333333,0.0034639285493679854
110.66666666666666,0.0026074779920364026
110.75,0.0025682855233420334
110.83333333333333,0.002733075932985964
110.91666666666666,0.0012628360095553646
111.0,0.0009104731741787346
111.08333333333333,0.0013364339252034628
111.16666666666666,0.0015613990160853078
111.25,0.003522302824479801
111.33333333333333,0.0032378443172569023
111.41666666666666,0.0015772718896516918
111.5,0.0023623788499175604
111.58333333333333,0.0028254648792845343
111.66666666666666,0.0024927164576264184
111.75,0.002302004552059567
111.83333333333333,0.0017547532751635063
111.91666666666666,0.0027970641732172024
112.0,0.004710386917962153
112.08333333333333,0.0036822450670967793
112.16666666666666,0.0022019793973634895
112.25,0.0029585354744401616
112.33333333333333,0.002170213512450468
112.41666666666666,0.0015906258678543132
112.5,0.0016000534641172843
112.58333333333333,0.001699660663745247
112.66666666666666,0.0014099721883622915
112.75,0.0018937142050549933
112.83333333333333,0.002047396270060124
112.91666666666666,0.003606440875269937
113.0,0.003594087759400796
113.08333333333333,0.001903616618320936
113.16666666666666,0.0007922218344108394
113.25,0.0015959141831154947
113.33333333333333,0.003915000504256562
113.41666666666666,0.002582281572494838
113.5,0.0011455652812204114
113.58333333333333,0.00195391513582987
113.66666666666666,0.0008006530209624466
113.75,0.0012716812243727014
113.83333333333333,0.00043054567000908376
113.91666666666666,0.001888635699698278
114.0,0.001532178091206861
114.08333333333333,0.002691427726938919
114.16666666666666,0.0016766440381467973
114.25,0.0013030707210482328
114.33333333333333,0.001450334777585215
114.41666666666666,0.00037559170068808686
114.5,0.00044039300638245486
114.58333333333333,0.00044921103758343087
114.66666666666666,0.001322763558180517
114.75,0.0014843366317172004
114.83333333333333,0.002256014648938546
114.91666666666666,0.0033135988481426373
115.0,0.002144079106292723
115.08333333333333,0.0006363008523083225
115.16666666666666,0.0015444208304613973
115.25,0.001478647121276797
115.33333333333333,0.000975438776826132
115.41666666666666,0.0012624939171771861
115.5,0.002065849096116188
115.58333333333333,0.0010444863994486066
115.66666666666666,0.0006181496317175009
115.75,0.00028231199877267425
115.83333333333333,0.0012439524879657273
115.91666666666666,0.0016901493541028928
116.0,0.0011795320946665255
116.08333333333333,0.0012769615133217495
116.16666666666666,0.003265225877161872
116.25,0.002190570573507833
116.33333333333333,0.0002631268483437026
116.41666666666666,0.0003164882297579137
116.5,0.0009594800232899796
116.58333333333333,0.002073005005402945
116.66666666666666,0.001196412997058864
116.75,0.0011720999044903843
116.83333333333333,0.0011368027744261175
116.91666666666666,0.0009158505435482925
117.0,0.0025813607636072716
117.08333333333333,0.002198235757777348
117.16666666666666,0.00021749270365833574
117.25,0.0011290507559093728
117.33333333333333,0.000639368271521348
117.41666666666666,0.0006220637643259105
117.5,0.0018461128756178974
117.58333333333333,0.0017323108116827403
117.66666666666666,0.0005777663986672003
117.75,0.0017733328788061338
117.83333333333333,0.0013040783999757038
117.91666666666666,0.0006529355851086268
118.0,0.0013068926093677488
118.08333333333333,0.0014809941837466809
118.16666666666666,0.0007508381516139568
118.25,0.0002596514141131499
118.33333333333333,0.0010232936681053332
118.41666666666666,0.001632978053229478
118.5,0.001142429547940065
118.58333333333333,0.00048255285250992016
118.66666666666666,0.0003703433375911892
118.75,0.0003828667634901616
118.83333333333333,0.0009799204208568787
118.91666666666666,0.001851192139339215
119.0,0.0018765368666744334
119.08333333333333,0.0012214527585258823
119.16666666666666,0.0008613592700694413
119.25,0.0011626562123198735
119.33333333333333,0.0007847995045543026
119.41666666666666,0.002330688224789689
119.5,0.0014556027543664765
119.58333333333333,0.0005420220936680378
119.66666666666666,0.0018569211892270677
119.75,0.001388265622400419
119.83333333333333,0.001627190904024502
119.91666666666666,0.002300565617420521
120.0,0.0018518314028884051
120.08333333333333,0.0015641507240858703
120.16666666666666,0.0011340216264583442
120.25,0.0004472816343217083
120.33333333333333,0.0006554526835798926
120.41666666666666,0.001276359775567564
120.5,0.0008816534831425099
120.58333333333333,0.0010681504478075323
120.66666666666666,0.0016625317367064138
120.75,0.001312163205079074
120.83333333333333,0.001007016094821312
120.91666666666666,0.0011041478961712995
121.0,0.0010333963956352386
121.08333333333333,0.0009228270637792771
121.16666666666666,0.00036169805696972145
121.25,0.0010311918232834504
121.33333333333333,0.0017717198590698603
121.41666666666666,0.001797366594121429
121.5,0.001102125078657156
121.58333333333333,0.0008879010143059836
121.66666666666666,0.00012692717444416383
121.75,0.000976496836707371
121.83333333333333,0.0009213634870897693
121.91666666666666,0.0003126421880898259
122.0,0.000769754305831582
122.08333333333333,0.000696036643071588
122.16666666666666,0.0005890811035661363
122.25,0.0009050165910006162
122.33333333333333,0.0012912216848608477
122.41666666666666,0.0010561582451602439
122.5,0.0009512910469784487
122.58333333333333,0.0012957224395903427
122.66666666666666,0.001062915049947484
122.75,0.0008493846688635425
122.83333333333333,0.0006773050090068503
122.91666666666666,0.0006557900891366934
123.0,0.000983422329210667
123.08333333333333,0.0006230092462217704
123.16666666666666,0.001127154688375702
123.25,0.0010991745111974063
123.33333333333333,0.0010409162902055116
123.41666666666666,0.0009036386963808097
123.5,0.0009289226083917868
123.58333333333333,0.0015100909198330157
123.66666666666666,0.00104066546119543
123.75,0.0012660867876229086
123.83333333333333,0.00040819349020197135
123.91666666666666,0.0007671557903080352
124.0,0.0002858572009041392
124.08333333333333,0.000510436021741709
124.16666666666666,0.000794387148959224
124.25,0.0005661597231799565
124.33333333333333,0.00051961949644081
124.41666666666666,0.0016636670592119222
124.5,0.0018056399929454606
124.58333333333333,0.0010528433432284033
124.66666666666666,0.0007914330291614682
124.75,0.0006350679061463936
124.83333333333333,0.00022976414760616715
124.91666666666666,0.00046448135031238727
125.0,0.0011081110854050961
125.08333333333333,0.0005122730490540784
125.16666666666666,0.0004924521821554957
125.25,0.00022464859758318542
125.33333333333333,0.0003588581605199413
125.41666666666666,0.0006447587306523392
125.5,0.0006875593245281473
125.58333333333333,0.00017174298316609184
125.66666666666666,0.0005333522385404792
125.75,0.00043475244306870147
125.83333333333333,0.0007965726134529381
125.91666666666666,0.0011648211216643285
126.0,0.00039894270262710044
126.08333333333333,0.0006023586868917592
126.16666666666666,0.00044486508643134045
126.25,0.00037189889951962687
126.33333333333333,0.001256340829380823
126.41666666666666,0.0013423250486441884
126.5,0.0008897515819984075
126.58333333333333,0.0011002871254360946
126.66666666666666,0.0009677059186330423
126.75,0.00047929722743018715
126.83333333333333,0.0009203448380514268
126.91666666666666,0.0007650741356483411
127.0,0.0007020510301205276
127.08333333333333,0.0010136530514631098
127.16666666666666,0.001184023842025173
127.25,0.0012073623232813995
127.33333333333333,0.0007242185042387823
127.41666666666666,0.00032730680702938426
127.5,0.00035162844838070023
127.58333333333333,0.00033928952922006615
127.66666666666666,0.0005677401296982663
127.75,0.00039670518048292344
127.83333333333333,0.00016211003070165943
127.91666666666666,0.0004186363506274528
128.0,0.0014245413518232744
128.08333333333331,0.0015383614894025747
128.16666666666666,0.0010132094245252426
128.25,0.0005340622575005993
128.33333333333331,0.0006011979895387472
128.41666666666666,0.00031124905577851444
128.5,0.0008473374735135908
128.58333333333331,0.0005670802415581444
128.66666666666666,0.0002566532093806916
128.75,0.0006335268537894875
128.83333333333331,0.0014465625625008113
128.91666666666666,0.0014635942403205392
129.0,0.0009301922488214198
129.08333333333331,0.00033092672757970736
129.16666666666666,9.871384781397635e-05
129.25,0.00036063136518246905
129.33333333333331,0.0005941861000465352
129.41666666666666,0.0006603243870698103
129.5,0.00029550802991509665
129.58333333333331,0.00028252789173905
129.66666666666666,0.0007232368799254276
129.75,0.000606332156477208
129.83333333333331,0.0005296096936710144
129.91666666666666,0.00034214127862339927
130.0,0.0005492324418519384
130.08333333333331,0.000428393074536361
130.16666666666666,0.0007721216806364399
130.25,0.001524864047809042
130.33333333333331,0.0017074041179493328
130.41666666666666,0.0014533012205377536
130.5,0.0011023178094653043
130.58333333333331,0.0006014149259701971
130.66666666666666,4.3858442505035116e-05
130.75,0.0007862851018446366
130.83333333333331,0.0005484493136347327
130.91666666666666,0.00036983835876435676
131.0,0.0008127590505413431
131.08333333333331,0.001190755178619268
131.16666666666666,0.001262567919325829
131.25,0.0010005050985488577
131.33333333333331,0.0015363233447478735
131.41666666666666,0.0019705015551514824
131.5,0.0014455177025345114
131.58333333333331,0.0009260497655819149
131.66666666666666,0.000705346573665687
131.75,0.0009877328886538667
131.83333333333331,0.000521747034150728
131.91666666666666,0.0001549956584999014
132.0,6.875025976305036e-05
132.08333333333331,0.00020275790475198484
132.16666666666666,0.00017894956348397343
132.25,0.0006076106377198296
132.33333333333331,0.0012312714216197419
132.41666666666666,0.0009297482465791977
132.5,0.00019555810255841708
132.58333333333331,0.0005268690214084258
132.66666666666666,0.0006714854830090789
132.75,0.0005224127474374217
132.83333333333331,0.0012978968074855086
132.91666666666666,0.0009392363736752565
133.0,0.00025716731800259245
133.08333333333331,0.0003198492221295918
133.16666666666666,0.00019778769480803643
133.25,0.00022418927290375243
133.33333333333331,0.0005341243727058124
133.41666666666666,0.0004673956363192238
133.5,0.0002518894456379331
133.58333333333331,0.0003767608310676327
133.66666666666666,0.0007977485102499508
133.75,0.0008383049057928405
133.83333333333331,0.0012903556999064255
133.91666666666666,0.0010225801301602126
134.0,0.0006153919217310501
134.08333333333331,0.000569017792756159
134.16666666666666,0.00026741158848465164
134.25,0.0006523458374767591
134.33333333333331,0.0006054271459059986
134.41666666666666,0.000209249789053253
134.5,0.00028576720590936175
134.58333333333331,0.00031250001409728644
134.66666666666666,0.00010574660079215734
134.75,0.0004770249760179669
134.83333333333331,0.0004143017539349709
134.91666666666666,0.0007129079028649118
135.0,0.0009331257142140688
135.08333333333331,0.0005513931197956159
135.16666666666666,6.688506489102541e-05
135.25,0.00023881715419512092
135.33333333333331,0.00044686116765670634
135.41666666666666,0.0005400527047048463
135.5,0.000894734375868402
135.58333333333331,0.0008950537944619492
135.66666666666666,0.0003185282226213782
135.75,0.00044336519396200074
135.83333333333331,0.0004193260027760682
135.91666666666666,0.00042613223102208267
136.0,0.0006617433492245013
136.08333333333331,0.00018578728521901272
136.16666666666666,4.5259783716831105e-05
136.25,0.0001550460726286158
136.33333333333331,0.0006872168715734255
136.41666666666666,0.0006020182649460709
136.5,0.0004220827049049968
136.58333333333331,0.0003877379375755247
136.66666666666666,0.00029575845168822694
136.75,0.0005224859946395257
136.83333333333331,0.00045461857536096395
136.91666666666666,0.0005652735463433835
137.0,0.00019131366887193394
137.08333333333331,0.0002598553025758704
137.16666666666666,0.0005524671347463854
137.25,0.0005738725570114643
137.33333333333331,0.00018542678658901588
137.41666666666666,0.00032231999513605505
137.5,0.00048341106250567994
137.58333333333331,0.0005010946542546277
137.66666666666666,0.00038216586156462266
137.75,0.0003657037683454983
137.83333333333331,0.0005679903034243188
137.91666666666666,0.00030562877215672865
138.0,0.000336113533033063
138.08333333333331,0.0005083090799606488
138.16666666666666,0.0001791445273035297
138.25,0.0004637706206345472
138.33333333333331,0.0004572468496435384
138.41666666666666,0.0008541915688918941
138.5,0.0011777895536636948
138.58333333333331,0.00019347856894610452
138.66666666666666,0.00027638501288758583
138.75,0.0002544956666769802
138.83333333333331,0.0002885942292648806
138.91666666666666,0.0004638026099293257
139.0,0.000651871846632892
139.08333333333331,0.0003462247505679685
139.16666666666666,0.00019038190163223496
139.25,9.825018257729622e-05
139.33333333333331,0.0002736716572312963
139.41666666666666,0.000615972445381761
139.5,0.00027681351527981946
139.58333333333331,0.00042256719465781325
139.66666666666666,0.0005281451164079245
139.75,0.00039917315412546484
139.83333333333331,0.0003839182115183598
139.91666666666666,0.0009050688526573712
140.0,0.0015828326470057152
140.08333333333331,0.0006200330272128834
140.16666666666666,0.0006441461047883577
140.25,0.0008335144602095007
140.33333333333331,0.0006883381210872822
140.41666666666666,0.0002703419546054253
140.5,0.0004728377326458022
140.58333333333331,0.0008038375350276642
140.66666666666666,0.0005746674939965153
140.75,0.0005135889189137245
140.83333333333331,0.00042720447597274417
140.91666666666666,0.00040393635642747936
141.0,0.000285674624892754
141.08333333333331,0.0005343773246491852
141.16666666666666,9.530317446170105e-05
141.25,0.0004849166123141039
141.33333333333331,0.00039069180394243517
141.41666666666666,0.0006410587983652072
141.5,0.0005575456769723671
141.58333333333331,0.0001528526327359418
141.66666666666666,0.0005701054138484053
141.75,0.0004091378177186603
141.83333333333331,0.0005007764029734895
141.91666666666666,0.0002710426487521982
142.0,0.0004237910332467853
142.08333333333331,0.00046579284834565206
142.16666666666666,0.0006423941692909357
142.25,0.0001209150814838117
142.33333333333331,0.00030009933465109445
142.41666666666666,0.00011092380803102228
142.5,0.0003115792984752657
142.58333333333331,0.0001940533726308253
142.66666666666666,4.965506842107433e-05
142.75,8.335413766427087e-05
142.83333333333331,0.0007157670499736074
142.91666666666666,0.0009144516564885857
143.0,0.000748773439350679
143.08333333333331,0.0003646358005116969
143.16666666666666,0.00018117791545962982
143.25,0.00031033324811004546
143.33333333333331,0.00021901746454511335
143.41666666666666,0.00042412979718760166
143.5,0.00039140825388395015
143.58333333333331,4.7888609134237055e-05
143.66666666666666,0.0002413870912618046
143.75,0.0005072972847935976
143.83333333333331,0.0004160454915951053
143.91666666666666,0.00027026549314305986
144.0,0.0007819179918410274
144.08333333333331,0.0005388314059493577
144.16666666666666,0.0005293246013275693
144.25,0.0006658488382338359
144.33333333333331,0.0006687586665887514
144.41666666666666,0.0005511144956711183
144.5,0.0012275749692188533
144.58333333333331,0.0010366999995577138
144.66666666666666,0.0006373214421168203
144.75,0.00032363290472461924
144.83333333333331,0.0005394107981049341
144.91666666666666,0.000357299763088103
145.0,0.0001580913029938358
145.08333333333331,0.00035312870007332415
145.16666666666666,0.0007150942243011722
145.25,0.0005871150840738951
145.33333333333331,0.0010166150515516872
145.41666666666666,0.00038857579623104675
145.5,0.0003404244842685049
145.58333333333331,0.00037919234423599337
145.66666666666666,0.0003734381894615378
145.75,0.000442715869910278
145.83333333333331,0.0006093589200788837
145.91666666666666,0.0002732221696232993
146.0,0.00046349812528400015
146.08333333333331,0.0005278111940934767
146.16666666666666,0.00029250099349408795
146.25,0.00035159883940331785
146.33333333333331,0.0010939997624135572
146.41666666666666,0.0012921384214911907
146.5,0.00012021956824026004
146.58333333333331,0.0009071549287214499
146.66666666666666,5.8205098262688204e-05
146.75,0.0009178327664121067
146.83333333333331,0.0007065495493625938
146.91666666666666,0.00044166105834064155
147.0,0.00021742790215432744
147.08333333333331,0.0001203767750294382
147.16666666666666,8.762710242638493e-05
147.25,0.0005368080122893473
147.33333333333331,0.0008758644845027591
147.41666666666666,0.0009136425323853835
147.5,0.001177722979016548
147.58333333333331,0.000870773376887657
147.66666666666666,0.00020278610428979652
147.75,0.00032202194839222193
147.83333333333331,0.0005456009487998487
147.91666666666666,0.0004170171113178959
148.0,0.0004590426628932555
148.08333333333331,0.00039961862288428107
148.16666666666666,0.0004495451366043257
148.25,0.0002186134469698432
148.33333333333331,0.00030696914213134064
148.41666666666666,0.0008781870994914871
148.5,0.0003081052737759834
148.58333333333331,0.00030517537764428117
148.66666666666666,9.83156896441608e-05
148.75,0.0003985751533449798
148.83333333333331,0.0007779070009501362
148.91666666666666,0.0008718326502742421
149.0,0.00026222028333634074
149.08333333333331,5.8619177494822194e-05
149.16666666666666,0.0003386133637392374
149.25,0.0005906597673897845
149.33333333333331,0.0004665004988381433
149.41666666666666,0.0004896317292947701
149.5,0.0005130306307522051
149.58333333333331,0.0004941282189998952
149.66666666666666,0.0006373824605425388
149.75,0.0005524476867091765
149.83333333333331,0.0005735455258237227
149.91666666666666,0.00021240049544005236
150.0,0.0004655276614555527
150.08333333333331,0.0011251480958910658
150.16666666666666,0.0017194580901788922
150.25,0.0013279124666057442
150.33333333333331,0.0006434979095150496
150.41666666666666,0.00012295256049250008
150.5,0.0009500996276030259
150.58333333333331,0.0005796071246599351
150.66666666666666,0.000960322915239959
150.75,0.0009358399677139551
150.83333333333331,0.0007142431698169581
150.91666666666666,0.0005386668752867098
151.0,0.0002444715854432932
151.08333333333331,0.00019584512240149765
151.16666666666666,0.0003497417641553595
151.25,0.0001792621446414718
151.33333333333331,0.0005423796315887187
151.41666666666666,0.0006617347492226256
151.5,0.00040353841522054745
151.58333333333331,0.00013326650239061275
151.66666666666666,0.00035661994756767604
151.75,0.0009063630197915406
151.83333333333331,0.0013034291731318767
151.91666666666666,0.0011102691587045008
152.0,0.0007108082352697395
152.08333333333331,0.00021406056295224994
152.16666666666666,0.00039336769082960255
152.25,0.0008016048613953467
152.33333333333331,0.0010557410313606736
152.41666666666666,0.0005789625017794331
152.5,9.169824330475628e-05
152.58333333333331,0.00041396706870636373
152.66666666666666,0.0005999802862360161
152.75,0.0007213936940564106
152.83333333333331,0.0008578736890793205
152.91666666666666,0.0006302267136378429
153.0,0.0007605041054010254
153.08333333333331,0.0014553397015668779
153.16666666666666,0.0006209516812213528
153.25,0.0003674918279141774
153.33333333333331,0.000907322425400214
153.41666666666666,0.0005354888806248797
153.5,0.0002749975113089307
153.58333333333331,0.0002162309068072279
153.66666666666666,0.0007790327422160914
153.75,0.0009657852036314223
153.83333333333331,0.0012514925338390354
153.91666666666666,0.0007262013526379552
154.0,0.00046307053879121477
154.08333333333331,0.0005082556813410783
154.16666666666666,0.0002322835552037428
154.25,0.00017613568857278593
154.33333333333331,0.00020856110986757536
154.41666666666666,0.0008266740521783533
154.5,0.0009532326323180168
154.58333333333331,0.0001616106750092888
154.66666666666666,0.0002870675570155832
154.75,0.00031477831368911867
154.83333333333331,0.00025869827616050345
154.91666666666666,0.0006874217785064182
155.0,0.001059031445612435
155.08333333333331,0.0009806307863389186
155.16666666666666,0.0004115947599349812
155.25,0.000513076561176212
155.33333333333331,0.0006395788747040329
155.41666666666666,0.0005262835043832186
155.5,0.0007052590037215618
155.58333333333331,0.0007378725719154301
155.66666666666666,0.00046519255771104175
155.75,0.0009037272737435606
155.83333333333331,0.0010264432807327395
155.91666666666666,0.0009317503238008557
156.0,0.0005960237237798518
156.08333333333331,0.0002899602926983615
156.16666666666666,0.0002075090794804274
156.25,0.00029933300270230533
156.33333333333331,0.0009778205373885448
156.41666666666666,0.0005639783346396817
156.5,0.00034911329080138966
156.58333333333331,0.0008572705080606987
156.66666666666666,0.0008061073609635612
156.75,0.0006309129944008634
156.83333333333331,0.00045313698782463473
156.91666666666666,0.0003693320755555096
157.0,0.00023618264609974018
157.08333333333331,0.00011891447913880043
157.16666666666666,0.0008161720043636483
157.25,0.00130029330346517
157.33333333333331,0.0012177632778015736
157.41666666666666,0.0009629419499009413
157.5,0.0006460527281132478
157.58333333333331,0.0003815650371525328
157.66666666666666,0.0004758445767567168
157.75,0.00039443446950821576
157.83333333333331,0.00040917577779652224
157.91666666666666,0.00045629753534857036
158.0,0.0010178645482280522
158.08333333333331,0.0011850454610906574
158.16666666666666,0.0019722316566755404
158.25,0.0016099939943063112
158.33333333333331,0.0011012363294536102
158.41666666666666,0.0002745056591375784
158.5,0.0006884032910408315
158.58333333333331,0.00041401411972506356
158.66666666666666,0.0010688014253360685
158.75,0.0014451362799993096
158.83333333333331,0.0008081176088557596
158.91666666666666,0.00018540544036410453
159.0,0.0004783076970037592
159.08333333333331,0.0005065487052758378
159.16666666666666,0.00105410211150837
159.25,0.0004808645179511577
159.33333333333331,0.00026729852551504485
159.41666666666666,0.001228131424782672
159.5,0.0014188966352988064
159.58333333333331,0.0008406350498991365
159.66666666666666,0.0009561390023978351
159.75,0.000792219762151665
159.83333333333331,0.0005695598652860625
159.91666666666666,0.0010465280761249906
160.0,0.0012173313907954044
160.08333333333331,0.0014369931028660882
160.16666666666666,0.0008864237364341392
160.25,0.0006591379221568705
160.33333333333331,0.0003643846757804523
160.41666666666666,0.0011779465165904692
160.5,0.0009698753371623574
160.58333333333331,0.0014346176214839682
160.66666666666666,0.001608091999900803
160.75,0.0015455301321189545
160.83333333333331,0.0017241919229170348
160.91666666666666,0.0013302887567380479
161.0,0.0010557260137873453
161.08333333333331,0.0017008782135632366
161.16666666666666,0.0009012219925174434
161.25,0.0008195632601205414
161.33333333333331,0.0006351385832477228
161.41666666666666,0.0009710584011309489
161.5,0.001333630500970858
161.58333333333331,0.0007318141269452647
161.66666666666666,0.0004059993577342802
161.75,0.0005378931418135565
161.83333333333331,0.0005627397264438505
161.91666666666666,0.0010713386978148083
162.0,0.0009320191518994314
162.08333333333331,0.0009370845528485771
162.16666666666666,0.0011437229241701501
162.25,0.0006038314105629383
162.33333333333331,0.0020281727879116885
162.41666666666666,0.001957048460001181
162.5,0.0009925875370306203
162.58333333333331,0.0005703244584799788
162.66666666666666,0.0005060911865825996
162.75,0.0008779830608331173
162.83333333333331,0.0013388458952558505
162.91666666666666,0.0012078729202370578
163.0,0.0013454022452256147
163.08333333333331,0.0017233308552457585
163.16666666666666,0.00018296875658036998
163.25,0.0014033488732756734
163.33333333333331,0.0014937998714879147
163.41666666666666,0.001232699365252398
163.5,0.0016658019359364854
163.58333333333331,0.0015661849356294994
163.66666666666666,0.0018936005036641272
163.75,0.002418883716977605
163.83333333333331,0.0015106629904362186
163.91666666666666,0.00025183619290108575
164.0,0.0015114255758599527
164.08333333333331,0.001947523810952638
164.16666666666666,0.0004989218588186507
164.25,0.0025524277816862196
164.33333333333331,0.0013728929653211166
164.41666666666666,0.001150323533916535
164.5,0.00019617044019959052
164.58333333333331,0.0014279087156433407
164.66666666666666,0.0012070787356482384
164.75,0.0003713244358407477
164.83333333333331,0.0012922468345629974
164.91666666666666,0.0009252130779468628
165.0,0.000845998696506508
165.08333333333331,0.0005002365964467759
165.16666666666666,0.0019884109766968006
165.25,0.001221204189076858
165.33333333333331,0.00045596594191379887
165.41666666666666,0.0006286632905222457
165.5,0.00043315576554025625
165.58333333333331,0.0019064044733221473
165.66666666666666,0.001657088859547196
165.75,0.0005145264379912412
165.83333333333331,0.0017383802706353484
165.91666666666666,0.0032443829789735325
166.0,0.0025682509804610377
166.08333333333331,0.0025025711009232666
166.16666666666666,0.0011986839300290836
166.25,0.0012613910671145016
166.33333333333331,0.0009129802119833949
166.41666666666666,0.0011665852406083385
166.5,0.0012496148164693928
166.58333333333331,0.0004019276599954776
166.66666666666666,0.0014737373838277289
166.75,0.00047144507690544357
166.83333333333331,0.0030462039057797563
166.91666666666666,0.002320332611466703
167.0,0.0006114263645775307
167.08333333333331,0.0006955312462358739
167.16666666666666,0.0007293945867408512
167.25,0.0018329060993871815
167.33333333333331,0.0023120453817925967
167.41666666666666,0.0027592579425960145
167.5,0.002123775161491875
167.58333333333331,0.0022106184430953023
167.66666666666666,0.003376024720432893
167.75,0.0028763413602358994
167.83333333333331,0.0015707380602053894
167.91666666666666,0.0005141047902702191
168.0,0.0027156999093110564
168.08333333333331,0.004647370725828728
168.16666666666666,0.002062343630471654
168.25,0.0019625413903706828
168.33333333333331,0.004930305764299824
168.41666666666666,0.004740202794939012
168.5,0.002418291458291629
168.58333333333331,0.0012707542796562932
168.66666666666666,0.0009017018122545574
168.75,0.0018603555967468988
168.83333333333331,0.0019530962621934294
168.91666666666666,0.0022250456584519238
169.0,0.0036986279698405836
169.08333333333331,0.0030180035844810157
169.16666666666666,0.0017727435385161048
169.25,0.0009662980946323176
169.33333333333331,0.0033974283001132885
169.41666666666666,0.002384196493742076
169.5,0.00042644028305143
169.58333333333331,0.0010282405461032585
169.66666666666666,0.002389609505479545
169.75,0.0029212271416651225
169.83333333333331,0.0013837103135964203
169.91666666666666,0.002136924551751466
170.0,0.0048068922763001756
170.08333333333331,0.006419933279555394
170.16666666666666,0.004866491322288072
170.25,0.003585985838225161
170.33333333333331,0.0029275862466008194
170.41666666666666,0.0028796531189508074
170.5,0.0036334454095053874
170.58333333333331,0.006301214433066786
170.66666666666666,0.005484989160449989
170.75,0.0005296337559515262
170.83333333333331,0.00488870846291072
170.91666666666666,0.0023777498261014457
171.0,0.0030869571139903683
171.08333333333331,0.00462668488709268
171.16666666666666,0.001992850483717193
171.25,0.001250482465685933
171.33333333333331,0.0042485424756345085
171.41666666666666,0.005917203616995911
171.5,0.0052550655359484486
171.58333333333331,0.0044384291116546125
171.66666666666666,0.0043137477622133035
171.75,0.006052142245117686
171.83333333333331,0.008076392328721286
171.91666666666666,0.00819288975504542
172.0,0.005094606895075073
172.08333333333331,0.0009456621097553233
172.16666666666666,0.005406326002483167
172.25,0.006479159055896948
172.33333333333331,0.0029001082513085406
172.41666666666666,0.0021129464076984844
172.5,0.0039022900284168835
172.58333333333331,0.003131242859041157
172.66666666666666,0.0016380143817306678
172.75,0.0008728170983990608
172.83333333333331,0.002692494450425549
172.91666666666666,0.00192017024322497
173.0,0.0019243828620555108
173.08333333333331,0.002571108074558699
173.16666666666666,0.0013761710111858643
173.25,0.005031544425974344
173.33333333333331,0.005486352250937573
173.41666666666666,0.0029569917501436078
173.5,0.0005981634196190184
173.58333333333331,0.0033448951750131625
173.66666666666666,0.008115822716123242
173.75,0.0058014257615797565
173.83333333333331,0.002147355279818838
173.91666666666666,0.006312790474007918
174.0,0.008386900426772256
174.08333333333331,0.005820364713397115
174.16666666666666,0.0019297518758298305
174.25,0.0035905998830404492
174.33333333333331,0.003123416595859847
174.41666666666666,0.0013406670754394765
174.5,0.002929629186514922
174.58333333333331,0.0026547477986593494
174.66666666666666,0.005320607741640817
174.75,0.003146091708014181
174.83333333333331,0.002628685978987798
174.91666666666666,0.005123320100535347
175.0,0.004907585357857255
175.08333333333331,0.0009940976807461485
175.16666666666666,0.0032407305200134245
175.25,0.004554324321464056
175.33333333333331,0.00561566089471702
175.41666666666666,0.0040023189443444355
175.5,0.003828161885091812
175.58333333333331,0.0071070571421105845
175.66666666666666,0.005293423487041697
175.75,0.004080311765695151
175.83333333333331,0.005422094241855943
175.91666666666666,0.005153667455550439
176.0,0.004281250904361141
176.08333333333331,0.005402555387737604
176.16666666666666,0.0055810489146989216
176.25,0.004033543597562462
176.33333333333331,0.004534487702578001
176.41666666666666,0.004346192505314174
176.5,0.002159743101998625
176.58333333333331,0.0036556868103427053
176.66666666666666,0.0026168732602873937
176.75,0.002415608953122745
176.83333333333331,0.0032185454428866884
176.91666666666666,0.002064304847660544
177.0,0.0026156302280107746
177.08333333333331,0.006053449508021819
177.16666666666666,0.003443574472247361
177.25,0.00022880701280394059
177.33333333333331,0.0018730286850371567
177.41666666666666,0.00131131515831217
177.5,0.0017459123324738669
177.58333333333331,0.0008529948362435673
177.66666666666666,0.000843602802490601
177.75,0.0007109636599538613
177.83333333333331,0.0018630299865255084
177.91666666666666,0.001591622082971646
178.0,0.0015763778404358554
178.08333333333331,0.0024679630628452634
178.16666666666666,0.0009395761822411796
178.25,0.004215083599736512
178.33333333333331,0.00492293444648256
178.41666666666666,0.004558250535148448
178.5,0.002921483778621146
178.58333333333331,0.0018370183533134238
178.66666666666666,0.0016259003339859734
178.75,0.0009538832537104807
178.83333333333331,0.0010325658446038034
178.91666666666666,0.0009345882214121687
179.0,0.0023715554889057475
179.08333333333331,0.004139710657087025
179.16666666666666,0.001564088721320763
179.25,0.0005030552805590298
179.33333333333331,0.003284920128975387
179.41666666666666,0.004043929399027015
179.5,0.001979483359890331
179.58333333333331,0.0019985897520451547
179.66666666666666,0.0022970820948863854
179.75,0.0018240313475033172
179.83333333333331,0.004245239399065127
179.91666666666666,0.0025853239096875567
180.0,0.001986369757758769
180.08333333333331,0.003803838843695604
180.16666666666666,0.0029373592857174697
180.25,0.002692784642061101
180.33333333333331,0.002895218100014414
180.41666666666666,0.004742578869308466
180.5,0.0057122197798847195
180.58333333333331,0.0028051027216308973
180.66666666666666,0.0024382521287811074
180.75,0.005533021631452944
180.83333333333331,0.008678571058907934
180.91666666666666,0.006719515527312853
181.0,0.0026502100728576492
181.08333333333331,0.003707974808806919
181.16666666666666,0.0017830753343543602
181.25,0.002485299786529533
181.33333333333331,0.0014245729559287017
181.41666666666666,0.004461776833232066
181.5,0.004005726115289167
181.58333333333331,0.0008537679640424779
181.66666666666666,0.0017892637409353627
181.75,0.0038815650966994623
181.83333333333331,0.004545704915280698
181.91666666666666,0.00374540857142959
182.0,0.0021749103727541747
182.08333333333331,0.0018333982089757954
182.16666666666666,0.0025601680151786863
182.25,0.006132724856414672
182.33333333333331,0.006651838204634384
182.41666666666666,0.0035223303940125628
182.5,0.0035052574725296924
182.58333333333331,0.0017429824569899217
182.66666666666666,0.004735651871508158
182.75,0.004829349501184144
182.83333333333331,0.002568072954483264
182.91666666666666,0.0008426450184170704
183.0,0.0028537839431724923
183.08333333333331,0.0022328222345754625
183.16666666666666,0.004389441600571858
183.25,0.0019127165404388185
183.33333333333331,0.0025367548784696902
183.41666666666666,0.0016785206220498521
183.5,0.0021464936787516484
183.58333333333331,0.0019882865822818565
183.66666666666666,0.005699968248043041
183.75,0.0045356473321584365
183.83333333333331,0.0010985954775033985
183.91666666666666,0.002770781341856275
184.0,0.0036940381143739046
184.08333333333331,0.0023839215662507583
184.16666666666666,0.0012763544139215708
184.25,0.004813733401487837
184.33333333333331,0.0049866418152129215
184.41666666666666,0.0010886788325085264
184.5,0.0010918371692488706
184.58333333333331,0.002963462553845701
184.66666666666666,0.00330422612618408
184.75,0.004131714693770286
184.83333333333331,0.006732131716061641
184.91666666666666,0.008814246759090857
185.0,0.008022488489563615
185.08333333333331,0.003933055114401717
185.16666666666666,0.002172022490381713
185.25,0.0015989971527610096
185.33333333333331,0.002002142665032001
185.41666666666666,0.0011571060275619147
185.5,0.0009427912892324028
185.58333333333331,0.0021491535670550817
185.66666666666666,0.0031880765128400696
185.75,0.00458274204974411
185.83333333333331,0.00396643206701138
185.91666666666666,0.0003443141273607912
186.0,0.0021853449957214438
186.08333333333331,0.003670847148749747
186.16666666666666,0.0030947790725640283
186.25,0.002195035611694445
186.33333333333331,0.0011445938907693018
186.41666666666666,0.00487686598387762
186.5,0.00423220690092345
186.58333333333331,0.0009839889006018835
186.66666666666666,0.001084840356482696
186.75,0.0026438278476767158
186.83333333333331,0.002607073852729188
186.91666666666666,0.00079487984141308
187.0,0.002122964775690478
187.08333333333331,0.0018375329435988727
187.16666666666666,0.0026046940561756473
187.25,0.0021818025477601316
187.33333333333331,0.0013483490871878034
187.41666666666666,0.003984840970894404
187.5,0.004687577246617991
187.58333333333331,0.0032737282894411864
187.66666666666666,0.0031418795967631625
187.75,0.002155486902261571
187.83333333333331,0.0008670579895056297
187.91666666666666,0.0002739708426184759
188.0,0.000330041276930323
188.08333333333331,0.0011364795213336183
188.16666666666666,0.003986366473724109
188.25,0.005462623696876498
188.33333333333331,0.005417362136677604
188.41666666666666,0.0035462955045610905
188.5,0.0012691167006827623
188.58333333333331,0.001633018718515062
188.66666666666666,0.003491833946408937
188.75,0.003764069114299111
188.83333333333331,0.003000622871718854
188.91666666666666,0.003519953617310579
189.0,0.0012319759152626393
189.08333333333331,0.0016514774460173744
189.16666666666666,0.0024461635744737163
189.25,0.0016884162250531166
189.33333333333331,0.002050584888684075
189.41666666666666,0.004653153525706782
189.5,0.005194464443101422
189.58333333333331,0.0013558123701668146
189.66666666666666,0.004107560040604686
189.75,0.0013077870604164931
189.83333333333331,0.002763204735196931
189.91666666666666,0.0016398616609690296
190.0,0.0012827827463230401
190.08333333333331,0.003598582705175567
190.16666666666666,0.004033342720828753
190.25,0.003311808171704869
190.33333333333331,0.0020629164899000894
190.41666666666666,0.0011289665855393506
190.5,0.0006433214699084706
190.58333333333331,0.001480468491790582
190.66666666666666,0.000626168910078802
190.75,0.0010374744792270275
190.83333333333331,0.0015576668168032007
190.91666666666666,0.0027051217304742492
191.0,0.0020042122446430866
191.08333333333331,0.003778783551172129
191.16666666666666,0.001803718953662473
191.25,0.0023750361371409753
191.33333333333331,0.002581837116997834
191.41666666666666,0.0034092823430247362
191.5,0.0023688344936837876
191.58333333333331,0.0017574562559190127
191.66666666666666,0.0019992578556261697
191.75,0.002005067148294419
191.83333333333331,0.0042408383032099504
191.91666666666666,0.0042943023542600664
192.0,0.0014396996641181314
192.08333333333331,0.0010814234690563744
192.16666666666666,0.0015774263478962138
192.25,0.0013752611557065152
192.33333333333331,0.00124966032633667
192.41666666666666,0.001103835129518742
192.5,0.0020586722823148678
192.58333333333331,0.003159043042891297
192.66666666666666,0.0007806401617093784
192.75,0.0034246321149985497
192.83333333333331,0.002900538885164936
192.91666666666666,0.0016856657111213738
193.0,0.0018994292481945244
193.08333333333331,0.0007236057103426448
193.16666666666666,0.003231412068978158
193.25,0.00342049840755896
193.33333333333331,0.0022465553995909097
193.41666666666666,0.0017359494530497061
193.5,0.0004393597907661173
193.58333333333331,0.0033052120354746593
193.66666666666666,0.004070230621873829
193.75,0.002862970767716649
193.83333333333331,0.0030345672581416016
193.91666666666666,0.0038407636798528685
194.0,0.0012123483354451502
194.08333333333331,0.002235435768063275
194.16666666666666,0.00430917959218916
194.25,0.003923619233129669
194.33333333333331,0.0018072394335910493
194.41666666666666,0.0017995098346755853
194.5,0.0018482767022321449
194.58333333333331,0.0005755543265715875
194.66666666666666,0.0019423261993881153
194.75,0.00024904277878643984
194.83333333333331,0.0019857876811578508
194.91666666666666,0.0008478244988563958
195.0,0.002974777049447795
195.08333333333331,0.002300941997291448
195.16666666666666,0.0021029023854742842
195.25,0.0032471749708957395
195.33333333333331,0.005042975593916953
195.41666666666666,0.00391150043096625
195.5,0.0009529111243154255
195.58333333333331,0.0009959776381137752
195.66666666666666,0.001285654834299701
195.75,0.0005745839922507957
195.83333333333331,0.00033495220658647147
195.91666666666666,0.0016888607672934982
196.0,0.002027458413544094
196.08333333333331,0.0006223818296237836
196.16666666666666,0.002032313811827474
196.25,0.0023229828871379195
196.33333333333331,0.0015868381472938554
196.41666666666666,0.0030041811416212038
196.5,0.0031182469776642125
196.58333333333331,0.0019695083193526073
196.66666666666666,0.0011065124407861253
196.75,0.0008001460222362409
196.83333333333331,0.0006095071732088763
196.91666666666666,0.0024450245477862496
197.0,0.0013226314397783484
197.08333333333331,0.0011645553574109175
197.16666666666666,0.001697623856508438
197.25,0.0011202435507700387
197.33333333333331,0.000881002115405437
197.41666666666666,0.0016183304601902232
197.5,0.0010752667435538954
197.58333333333331,0.0017008959088828483
197.66666666666666,0.002360409295772865
197.75,0.0008103278249497546
197.83333333333331,0.0016198022357670422
197.91666666666666,0.0004444076857208362
198.0,0.0019378872637148597
198.08333333333331,0.002200783119314111
198.16666666666666,0.0010956331348394009
198.25,0.0006176842524305421
198.33333333333331,0.00131118651368496
198.41666666666666,0.0021282342689490693
198.5,0.0011384612029130816
198.58333333333331,0.00023187399145735963
198.66666666666666,0.001518493492947123
198.75,0.001589086184740903
198.83333333333331,0.0011668372237420876
198.91666666666666,0.0020996966204488666
199.0,0.0019215361713938255
199.08333333333331,0.0019773241443459175
199.16666666666666,0.0021268026859412766
199.25,0.001228119684404521
199.33333333333331,0.0007483234161604924
199.41666666666666,0.0008196811993919169
199.5,0.00293785972364677
199.58333333333331,0.0030403264814427493
199.66666666666666,0.0007425529925935921
199.75,0.001466118208469028
199.83333333333331,0.0010859971971425469
199.91666666666666,0.0015813126139732033
200.0,0.0006680602518842752
200.08333333333331,0.002011119680807516
200.16666666666666,0.001470151619040567
200.25,0.0019163869653855783
200.33333333333331,0.0013664382492382385
200.41666666666666,0.0008189550108980822
200.5,0.00108448649825163
200.58333333333331,0.001864398488979909
200.66666666666666,0.0008330956993311986
200.75,0.000257915342454868
200.83333333333331,0.0008158249014362269
200.91666666666666,0.0019696822689943033
201.0,0.0021805210334450817
201.08333333333331,0.0019634971174388146
201.16666666666666,0.0018196203131471992
201.25,0.002330321009437668
201.33333333333331,0.0024546008672612484
201.41666666666666,0.0012873435985085188
201.5,0.001171997252325239
201.58333333333331,0.0013972505854150056
201.66666666666666,0.0019040426711622882
201.75,0.0013925247700973217
201.83333333333331,0.0013687151290258058
201.91666666666666,0.00224276992779276
202.0,0.0019222316885135374
202.08333333333331,0.0007522112094322845
202.16666666666666,0.0024453681658916336
202.25,0.003258925222752043
202.33333333333331,0.002723891580956941
202.41666666666666,0.0018283065816908873
202.5,0.002413041433473771
202.58333333333331,0.002215172371187826
202.66666666666666,0.0018771599615071434
202.75,0.002266236691466403
202.83333333333331,0.0014563113834409735
202.91666666666666,0.00017394020664029272
203.0,0.0022697840432029785
203.08333333333331,0.003822268844221046
203.16666666666666,0.004320595061391266
203.25,0.0035441842549904486
203.33333333333331,0.0019180751596173861
203.41666666666666,0.0019699731771819595
203.5,0.0032030559530318095
203.58333333333331,0.0023043629186899027
203.66666666666666,0.0010319493623780342
203.75,0.0035634810376066156
203.83333333333331,0.0033770974577619394
203.91666666666666,0.00036280634241866685
204.0,0.0004354574375079065
204.08333333333331,0.0023425987615218885
204.16666666666666,0.0024058150644690945
204.25,0.0005964302275305319
204.33333333333331,0.0013103004083263618
204.41666666666666,0.003958053565294251
204.5,0.002496012410450258
204.58333333333331,0.0028874216222843922
204.66666666666666,0.003554112294479081
204.75,0.002833280393941074
204.83333333333331,0.0019018484436708087
204.91666666666666,0.0016508971457490401
205.0,0.0027005525717878525
205.08333333333331,0.002797213701023941
205.16666666666666,0.000133744578580649
205.25,0.003731236106491831
205.33333333333331,0.004697078050074293
205.41666666666666,0.0020036693856471787
205.5,0.001053673564727467
205.58333333333331,0.001604954189302083
205.66666666666666,0.003650268368056662
205.75,0.0025267403974875285
205.83333333333331,0.0015403999277810985
205.91666666666666,0.0026047055960690345
206.0,0.0006775102828824025
206.08333333333331,0.0032219416559326336
206.16666666666666,0.00259069771503837
206.25,0.0024127575987798627
206.33333333333331,0.003740879687451027
206.41666666666666,0.003555942744394036
206.5,0.0018441546993184885
206.58333333333331,0.001956435851984334
206.66666666666666,0.0014642366196522631
206.75,0.0045032220708807235
206.83333333333331,0.003417307290248015
206.91666666666666,0.0031458502122836225
207.0,0.0028587290358301413
207.08333333333331,0.001267728852479249
207.16666666666666,0.0006222211876417494
207.25,0.0016470133340190846
207.33333333333331,0.00019060111592253802
207.41666666666666,0.004030077468453726
207.5,0.002185708494933402
207.58333333333331,0.009996424298358644
207.66666666666666,0.0366900884831972
207.75,0.03132750643526323
207.83333333333331,0.004331930866154413
207.91666666666666,0.0015268532842439785
208.0,0.0016094777740605977
208.08333333333331,0.0032972890161071496
208.16666666666666,0.004070170960877
208.25,0.0017651686293862789
208.33333333333331,0.0008143331751787903
208.41666666666666,0.0019947778689784197
208.5,0.0034985108692336393
208.58333333333331,0.0033910675641533774
208.66666666666666,0.003655239678259086
208.75,0.003963382316155492
208.83333333333331,0.0024032648469505063
208.91666666666666,0.0022619776624573065
209.0,0.0014023371650864834
209.08333333333331,0.004127423984395198
209.16666666666666,0.00397198150114816
209.25,0.0032288179517430374
209.33333333333331,0.0015064211006657901
209.41666666666666,0.002320438395494362
209.5,0.0030277642017931816
209.58333333333331,0.0033171138217766823
209.66666666666666,0.004801803959347268
209.75,0.006672655240477795
209.83333333333331,0.0029443303674658713
209.91666666666666,0.0036067508750853763
210.0,0.004313961447950396
210.08333333333331,0.0007673481175360865
210.16666666666666,0.0015005459325998331
210.25,0.0021294462711923057
210.33333333333331,0.0022857030760207744
210.41666666666666,0.002058790339303829
210.5,0.0010823857948475295
210.58333333333331,0.0020975157406915223
210.66666666666666,0.0020544717278762246
210.75,0.0021860431284134395
210.83333333333331,0.0010163494995118832
210.91666666666666,0.00016042280614232845
211.0,0.002069220265312291
211.08333333333331,0.003270296924165771
211.16666666666666,0.0016215410943614852
211.25,0.0011393638077278351
211.33333333333331,0.003059648502097731
211.41666666666666,0.0030600064067629364
211.5,0.0021218392250984736
211.58333333333331,0.003504859879294549
211.66666666666666,0.0026408237395826152
211.75,0.0008319456727492922
211.83333333333331,0.0005033501673726849
211.91666666666666,0.0016039751905263348
212.0,0.002657680656994183
212.08333333333331,0.003312111792651087
212.16666666666666,0.0038764342364967764
212.25,0.00543718535027061
212.33333333333331,0.004027212151662773
212.41666666666666,0.001624760482729068
212.5,0.0012497386959827376
212.58333333333331,0.0031276444474203913
212.66666666666666,0.003218587834417604
212.75,0.002744342470323893
212.83333333333331,0.0030569803441241657
212.91666666666666,0.0036007417552376304
213.0,0.0027617189999367396
213.08333333333331,0.0024311287142724353
213.16666666666666,0.0031374605287724324
213.25,0.002303088798711065
213.33333333333331,0.002407088526998898
213.41666666666666,0.003427582188691148
213.5,0.0016909839034877799
213.58333333333331,0.001355378035643745
213.66666666666666,0.0025550199279909622
213.75,0.0004519514449482541
213.83333333333331,0.0044205904993342565
213.91666666666666,0.0037731260723544383
214.0,0.002938640431859548
214.08333333333331,0.004108011357398927
214.16666666666666,0.0023552427827750657
214.25,0.0020161977166256234
214.33333333333331,0.0012174046125516154
214.41666666666666,0.00325381629863976
214.5,0.0036081921445473663
214.58333333333331,0.004728323343322853
214.66666666666666,0.0021167062725509136
214.75,0.0016926128616288991
214.83333333333331,0.002395166568648595
214.91666666666666,0.0013679009689733406
215.0,0.0021506707685642066
215.08333333333331,0.004355689036387199
215.16666666666666,0.00578557090611245
215.25,0.00400912599396503
215.33333333333331,0.0041739642308624945
215.41666666666666,0.004335967768123141
215.5,0.005130956315875432
215.58333333333331,0.002338269392981462
215.66666666666666,0.003717863503596168
215.75,0.0035692226055723517
215.83333333333331,0.0008490561686173852
215.91666666666666,0.001317777209647263
216.0,0.0010371121268668295
216.08333333333331,0.0010483322335502173
216.16666666666666,0.002519929734830531
216.25,0.0010917579595423256
216.33333333333331,0.0033965288182805776
216.41666666666666,0.0011316707889479998
216.5,0.002035143358388872
216.58333333333331,0.00252875650620191
216.66666666666666,0.002390983314991429
216.75,0.003710672395063344
216.83333333333331,0.0031745820176575026
216.91666666666666,0.001725120658832028
217.0,0.0013766471300506017
217.08333333333331,0.0035413165585368406
217.16666666666666,0.0012650573856719664
217.25,0.002816929408258374
217.33333333333331,0.0017796973864061226
217.41666666666666,0.001415963723261056
217.5,0.002166622097193337
217.58333333333331,0.003796988712454539
217.66666666666666,0.004440196954195405
217.75,0.0017380237739357631
217.83333333333331,0.0010165739511062838
217.91666666666666,0.0020983510319179453
218.0,0.0033701578319680027
218.08333333333331,0.0013701832730236621
218.16666666666666,0.0007614090438361447
218.25,0.000231667088438357
218.33333333333331,0.0020466394734531736
218.41666666666666,0.0016128079280782282
218.5,0.003925568816628878
218.58333333333331,0.004001967469641671
218.66666666666666,0.003176068151295941
218.75,0.001943305410375068
218.83333333333331,0.0014374501670979304
218.91666666666666,0.0028696965030440332
219.0,0.004336166582450859
219.08333333333331,0.0031667733246854295
219.16666666666666,0.003291520813169988
219.25,0.003582967722147384
219.33333333333331,0.0025847194840607603
219.41666666666666,0.006628756623033174
219.5,0.006912893681521653
219.58333333333331,0.00600969879034734
219.66666666666666,0.0029100099965991954
219.75,0.0012749721535922438
219.83333333333331,0.0012595762437221409
219.91666666666666,0.003476008179907466
220.0,0.0045748029555728814
220.08333333333331,0.002302647501395569
220.16666666666666,0.0021689982111818156
220.25,0.003971908745235114
220.33333333333331,0.0027586794053655723
220.41666666666666,0.0026815731539438217
220.5,0.0015495403871462784
220.58333333333331,0.00109010713759768
220.66666666666666,0.00218169597745733
220.75,0.0043214315998121415
220.83333333333331,0.004112564596141413
220.91666666666666,0.0030546922984408345
221.0,0.0010867601047214407
221.08333333333331,0.0005057017361990787
221.16666666666666,0.0005256894859909701
221.25,0.004671317740218516
221.33333333333331,0.003822975879090127
221.41666666666666,0.0013029024552351203
221.5,0.001239929403522598
221.58333333333331,0.000594864010667823
221.66666666666666,0.0022371201732350483
221.75,0.0032518863458980336
221.83333333333331,0.002177476151818763
221.91666666666666,0.0023934504212942136
222.0,0.003289410037434663
222.08333333333331,0.001747639244262435
222.16666666666666,0.0028330696015469066
222.25,0.003966912886829577
222.33333333333331,0.00312231856127823
222.41666666666666,0.0020045700378479516
222.5,0.0018435879106271113
222.58333333333331,0.0017682768985342427
222.66666666666666,0.0021989240585299757
222.75,0.003689008367035082
222.83333333333331,0.0037118244344593564
222.91666666666666,0.0007552955195872473
223.0,0.0009205083280743857
223.08333333333331,0.0031422135101483147
223.16666666666666,0.004922274635954597
223.25,0.0045006512495332105
223.33333333333331,0.003653620015061376
223.41666666666666,0.0028826239814936593
223.5,0.004172953815805618
223.58333333333331,0.0033856461703319885
223.66666666666666,0.003378828654856913
223.75,0.0034686062871129176
223.83333333333331,0.0021936083990966413
223.91666666666666,0.0010496619825619289
224.0,0.0005539978706162413
224.08333333333331,0.0014932787719979827
224.16666666666666,0.001152884271778477
224.25,0.0017650681491089503
224.33333333333331,0.002022888555599247
224.41666666666666,0.0013882033898086927
224.5,0.001707004377509245
224.58333333333331,0.000912689527430844
224.66666666666666,0.0011725138974747243
224.75,0.0014026204933071575
224.83333333333331,0.004227530072976905
224.91666666666666,0.001412226410088638
225.0,0.00444124545976124
225.08333333333331,0.005759464402467086
225.16666666666666,0.005218126594090645
225.25,0.0031317867041907328
225.33333333333331,0.0018423233097645002
225.41666666666666,0.0008332398191068129
225.5,0.001252139797810609
225.58333333333331,0.0025192486549720974
225.66666666666666,0.00269888238402645
225.75,0.001314378663442468
225.83333333333331,0.0017834748705677227
225.91666666666666,0.002971803011919237
226.0,0.00028833856590250093
226.08333333333331,0.002146147244299483
226.16666666666666,0.002791245084255179
226.25,0.0019097255350012947
226.33333333333331,0.002701151661843543
226.41666666666666,0.0022242161449426623
226.5,0.0008593181035788083
226.58333333333331,0.0021734268209614048
226.66666666666666,0.00039534107149624724
226.75,0.00249585644826831
226.83333333333331,0.004853122318826993
226.91666666666666,0.005365752140320983
227.0,0.0040388533756347674
227.08333333333331,0.004728139116946892
227.16666666666666,0.0046895537169703546
227.25,0.001985544813743411
227.33333333333331,0.002881099981253141
227.41666666666666,0.0050061595525129985
227.5,0.0036644701216140894
227.58333333333331,0.0029254455279917836
227.66666666666666,0.00538620921719428
227.75,0.006744340279134722
227.83333333333331,0.005299097241468054
227.91666666666666,0.0033028894272695538
228.0,0.003347923496125993
228.08333333333331,0.003206260519048505
228.16666666666666,0.0022334499252959997
228.25,0.00331491397386688
228.33333333333331,0.0025968738804492664
228.41666666666666,0.001236120397010338
228.5,0.0019369975844938014
228.58333333333331,0.0021160882620469314
228.66666666666666,0.0011511935924137934
228.75,0.00017992972724449255
228.83333333333331,9.77450282303287e-05
228.91666666666666,0.0016320880272959882
229.0,0.0029057821367252583
229.08333333333331,0.0018739889760947225
229.16666666666666,0.0029584755251471713
229.25,0.0038634412667075757
229.33333333333331,0.005025426938001833
229.41666666666666,0.004035284553248044
229.5,0.002777039276276344
229.58333333333331,0.004542085719555689
229.66666666666666,0.007262341772976065
229.75,0.00518119660730285
229.83333333333331,0.0017387886812632624
229.91666666666666,0.0005737773180477379
230.0,0.00019257380110432326
230.08333333333331,0.000181503245763456
230.16666666666666,0.0022470692209003336
230.25,0.004406949639665821
230.33333333333331,0.004065607821717686
230.41666666666666,0.0021287834223647968
230.5,0.0016070553011518652
230.58333333333331,0.005576131948516094
230.66666666666666,0.0028518880060226983
230.75,0.0014762754871436728
230.83333333333331,0.0022223979923684817
230.91666666666666,0.004470082743207635
231.0,0.0035550933744522262
231.08333333333331,0.001094699267313346
231.16666666666666,0.0032028815362413077
231.25,0.00354151982431603
231.33333333333331,0.0074234242317927435
231.41666666666666,0.006925987392666043
231.5,0.002817006092063002
231.58333333333331,0.0007107925881624068
231.66666666666666,0.001889441701883245
231.75,0.004962209182323132
231.83333333333331,0.006447969073278633
231.91666666666666,0.0058058682919044195
232.0,0.003534152858537911
232.08333333333331,0.0008282105539461797
232.16666666666666,0.002397560202334629
232.25,0.005800675447375474
232.33333333333331,0.006789188369521748
232.41666666666666,0.004830516240738738
232.5,0.004513360941383189
232.58333333333331,0.00062670007467779
232.66666666666666,0.0017146128215073334
232.75,0.0029591974194432035
232.83333333333331,0.0038951782908124032
232.91666666666666,0.0007376895647802838
233.0,0.0049146594060541435
233.08333333333331,0.005624580162700279
233.16666666666666,0.0017111551697465588
233.25,0.0019216512005917755
233.33333333333331,0.004304035597343412
233.41666666666666,0.0009286350744974928
233.5,0.005101981234139802
233.58333333333331,0.004347114035391065
233.66666666666666,0.0006531788664174931
233.75,0.0038208044947392024
233.83333333333331,0.0028583690650480866
233.91666666666666,0.004869808588573895
234.0,0.006068159423537748
234.08333333333331,0.0019529492382693117
234.16666666666666,0.0021862087804415766
234.25,0.0023355385336789373
234.33333333333331,0.004895434096645395
234.41666666666666,0.005280654017880406
234.5,0.005853384838373486
234.58333333333331,0.007709643981395134
234.66666666666666,0.006562849935808251
234.75,0.003743537818471223
234.83333333333331,0.0008979831910404297
234.91666666666666,0.0023767499916073657
235.0,0.0011522726833871097
235.08333333333331,0.0009196812944581428
235.16666666666666,0.0006020931039883864
235.25,0.0044262539482182745
235.33333333333331,0.0049593575552083335
235.41666666666666,0.003109751733015428
235.5,0.004898713732010765
235.58333333333331,0.002245896152181363
235.66666666666666,0.002836194928450212
235.75,0.006322735043728798
235.83333333333331,0.006991810304687118
235.91666666666666,0.005063430849166924
236.0,0.0008916276991414075
236.08333333333331,0.006755019744441268
236.16666666666666,0.00529080683402485
236.25,0.0065293750821054505
236.33333333333331,0.004300380638521625
236.41666666666666,0.004403897860333267
236.5,0.005250674904586818
236.58333333333331,0.007375992022472874
236.66666666666666,0.004235162324823366
236.75,0.0075295306164443855
236.83333333333331,0.009597833974038898
236.91666666666666,0.00460401510675087
237.0,0.008459904140417904
237.08333333333331,0.008706888841693617
237.16666666666666,0.005116015589798896
237.25,0.0025282289560321605
237.33333333333331,0.003937776548736844
237.41666666666666,0.000905925599768804
237.5,0.0044120429427796015
237.58333333333331,0.0015440719226458171
237.66666666666666,0.0034839104370512327
237.75,0.005650887089925757
237.83333333333331,0.002498250369308473
237.91666666666666,0.00384487541255397
238.0,0.001447266040766867
238.08333333333331,0.002857499055047303
238.16666666666666,0.005848458964929592
238.25,0.004121517980036291
238.33333333333331,0.006453671768745748
238.41666666666666,0.009138108144594656
238.5,0.007722141593447036
238.58333333333331,0.0038997473556929636
238.66666666666666,0.0031649969274094025
238.75,0.005377628288739135
238.83333333333331,0.0076665600379615
238.91666666666666,0.009229545470706445
239.0,0.0070838463782897125
239.08333333333331,0.006196177718168244
239.16666666666666,0.006702196975345174
239.25,0.006768489242378856
239.33333333333331,0.006421523419461733
239.41666666666666,0.00689873822137446
239.5,0.00409423960009574
239.58333333333331,0.005788339536461156
239.66666666666666,0.0050149555182436665
239.75,0.003500325902403027
239.83333333333331,0.0057290310012338246
239.91666666666666,0.007225818903673308
240.0,0.00375548919789609
240.08333333333331,0.007474749453244174
240.16666666666666,0.011336942410924325
240.25,0.012173963842294909
240.33333333333331,0.013686177440703478
240.41666666666666,0.0067823410278552865
240.5,0.0015754588785554223
240.58333333333331,0.0036105710097055622
240.66666666666666,0.0029464313261403953
240.75,0.0013465185121020171
240.83333333333331,0.0019279025668443083
240.91666666666666,0.0027843363925349517
241.0,0.005580073144886655
241.08333333333331,0.004756477594528076
241.16666666666666,0.004614170993213679
241.25,0.006629747519963055
241.33333333333331,0.005879952941969326
241.41666666666666,0.0016944630120358979
241.5,0.0007145724324925495
241.58333333333331,0.003285215020103435
241.66666666666666,0.005982695856241347
241.75,0.010930835189112873
241.83333333333331,0.010066528258484014
241.91666666666666,0.009785411705586096
242.0,0.007348006888175161
242.08333333333331,0.004863202732889096
242.16666666666666,0.008163060908821164
242.25,0.011224523208772947
242.33333333333331,0.023322826657917625
242.41666666666666,0.015208174926830319
242.5,0.006926224142777624
242.58333333333331,0.007584211332186285
242.66666666666666,0.008007672874211523
242.75,0.005658423362590751
242.83333333333331,0.0019090208983275829
242.91666666666666,0.004557267872430432
243.0,0.00399878117968414
243.08333333333331,0.004421254301113417
243.16666666666666,0.004153277470952149
243.25,0.003961095078105677
243.33333333333331,0.0018651546586099248
243.41666666666666,0.00413326984736001
243.5,0.0036348149653291245
243.58333333333331,0.006059788080745207
243.66666666666666,0.00954226855995638
243.75,0.007746298295263329
243.83333333333331,0.003925321882878368
243.91666666666666,0.0036769380135087456
244.0,0.005603946028690193
244.08333333333331,0.00114311642529604
244.16666666666666,0.006536837425111714
244.25,0.006197028708949106
244.33333333333331,0.002454475071971517
244.41666666666666,0.004102652906017079
244.5,0.005289947752212562
244.58333333333331,0.004442609690516879
244.66666666666666,0.0013762624790309185
244.75,0.004950143463273124
244.83333333333331,0.00895208926457937
244.91666666666666,0.007694599715387605
245.0,0.00542925472297988
245.08333333333331,0.0008833701567397137
245.16666666666666,0.004062300871556477
245.25,0.00745469131258399
245.33333333333331,0.006485008478264084
245.41666666666666,0.002504922536508029
245.5,0.004792188057902208
245.58333333333331,0.0056588472826046
245.66666666666666,0.0034933154089758552
245.75,0.004540951208379289
245.83333333333331,0.0013456860554733683
245.91666666666666,0.0009196559318985756
246.0,0.0024730435805357253
246.08333333333331,0.002433170823628237
246.16666666666666,0.0014520160546326903
246.25,0.001947914802307682
246.33333333333331,0.004769967665955762
246.41666666666666,0.005745626545098376
246.5,0.0022720955799290926
246.58333333333331,0.0011731471330722453
246.66666666666666,0.0022721795027396616
246.75,0.00557258170031597
246.83333333333331,0.0035250194801531957
246.91666666666666,0.002569838850696797
247.0,0.001923418620745893
247.08333333333331,0.003924959321034812
247.16666666666666,0.002442748756222991
247.25,0.003203186087397916
247.33333333333331,0.0023531912125651154
247.41666666666666,0.0022749647578890458
247.5,0.0033817639338056685
247.58333333333331,0.002452055335730998
247.66666666666666,0.003982396769253853
247.75,0.0024488850906543218
247.83333333333331,0.0035837808818191294
247.91666666666666,0.0034290871055502976
248.0,0.0019301442169643323
248.08333333333331,0.0039014111599755138
248.16666666666666,0.0031451477510531286
248.25,0.0026629670675827593
248.33333333333331,0.0027315248750879183
248.41666666666666,0.0030781801987326265
248.5,0.005490883849449671
248.58333333333331,0.006487873234667328
248.66666666666666,0.0025965108787056896
248.75,0.002488622336909643
248.83333333333331,0.003478819003456973
248.91666666666666,0.0009998202914689963
249.0,0.0015637334605709031
249.08333333333331,0.0012578979088551528
249.16666666666666,0.002031604766753626
249.25,0.0018002955465302073
249.33333333333331,0.004670580600318824
249.41666666666666,0.005615526628839055
249.5,0.006023551768703028
249.58333333333331,0.006028499329632697
249.66666666666666,0.0042001653602701285
249.75,0.003822575591274719
249.83333333333331,0.00447705342372164
249.91666666666666,0.007267683306751904
250.0,0.0038028151109560067
250.08333333333331,0.004015303507913236
250.16666666666666,0.000798589027314496
250.25,0.0029512572261532755
250.33333333333331,0.004352736344510637
250.41666666666666,0.002433976752722536
250.5,0.0013281632737487973
250.58333333333331,0.003584970734968167
250.66666666666666,0.004672781771257955
250.75,0.00458905890314258
250.83333333333331,0.003581766761490923
250.91666666666666,0.0021902780130773304
251.0,0.003508656998790995
251.08333333333331,0.004433319756100793
251.16666666666666,0.0034879612926616097
251.25,0.0032375512146827963
251.33333333333331,0.005428951919053245
251.41666666666666,0.005687144897649706
251.5,0.0030386867096088297
251.58333333333331,0.002490295437803478
251.66666666666666,0.0017009706105977095
251.75,0.0018573129887720346
251.83333333333331,0.0030458107941251683
251.91666666666666,0.002660454606226653
252.0,0.0018288150002837402
252.08333333333331,0.004300190660687261
252.16666666666666,0.0041081588392252
252.25,0.0036286296497367075
252.33333333333331,0.0036617729954001423
252.41666666666666,0.0036002639740838342
252.5,0.00296601734805223
252.58333333333331,0.002362203341905794
252.66666666666666,0.0016624035539449882
252.75,0.0005783500524788516
252.83333333333331,0.0012381209339292377
252.91666666666666,0.0006666230817446448
253.0,0.003242516616236504
253.08333333333331,0.003303165150203874
253.16666666666666,0.0016765802426372681
253.25,0.0020340924638227254
253.33333333333331,0.0008980492795989741
253.41666666666666,0.0031473597380533326
253.5,0.0019057191681666333
253.58333333333331,0.00015521997951312505
253.66666666666666,0.0020204851731788283
253.75,0.004333975122909241
253.83333333333331,0.004157049723465413
253.91666666666666,0.0026048813767963765
254.0,0.0011492882287425098
254.08333333333331,0.002833202046606017
254.16666666666666,0.0015124080753024336
254.25,0.00077582361737517
254.33333333333331,0.0023158199593896083
254.41666666666666,0.0018128150577811934
254.5,0.0007702860092011182
254.58333333333331,0.00034235465725504115
254.66666666666666,0.002478960613056303
254.75,0.0007105858758716855
254.83333333333331,0.0019953545758987826
254.91666666666666,0.0012176731011583378
255.0,0.0013002512841107613
255.08333333333331,0.001524387638208929
255.16666666666666,0.0013177204467716332
255.25,0.003102724051442723
255.33333333333331,0.0019483048575081054
255.41666666666666,0.002735754304496628
255.5,0.0033468288730137425
255.58333333333331,0.0017997102098405704
255.66666666666666,0.0017176335296273408
255.75,0.0022688266574448336
255.83333333333331,0.0043198958371386065
255.91666666666666,0.0035496151400492373
256.0,0.0004510779810875247
256.0833333333333,0.0012968932573307538
256.16666666666663,0.001584704241646621
256.25,0.0012893922743397058
256.3333333333333,0.0024237761807925817
256.41666666666663,0.001837407482215899
256.5,0.0009299465189182142
256.5833333333333,0.0016749903818926706
256.66666666666663,0.0011533349714430475
256.75,0.0006245449513252731
256.8333333333333,0.0009247891945861822
256.91666666666663,0.0017182365882797406
257.0,0.0020921961351339988
257.0833333333333,0.0007140569504417371
257.16666666666663,0.001206317608495647
257.25,0.0026282991822480306
257.3333333333333,0.0023251385414839298
257.41666666666663,0.002047616224604523
257.5,0.0016871254810925745
257.5833333333333,0.001298022710586893
257.66666666666663,0.0007159719851180424
257.75,0.001433493328065354
257.8333333333333,0.0015491900671086834
257.91666666666663,0.001783220351568783
258.0,0.004153421628073455
258.0833333333333,0.002907994085432832
258.16666666666663,0.0011289275061664565
258.25,0.0032364823707965178
258.3333333333333,0.0021583631366708387
258.41666666666663,0.00021574234325688529
258.5,0.0007085319976357807
258.5833333333333,0.001474904565711674
258.66666666666663,0.0009550489800591394
258.75,0.0013179966638895292
258.8333333333333,0.0012582746375503421
258.91666666666663,0.001748141727980999
259.0,0.002713197494468109
259.0833333333333,0.0009605790823017088
259.16666666666663,0.00141905950390078
259.25,0.0017605399266292343
259.3333333333333,0.0014750158983889144
259.41666666666663,0.0021936374594591127
259.5,0.0021831796106567764
259.5833333333333,0.0013603587881125324
259.66666666666663,0.0006675247478302747
259.75,0.0009199170336495164
259.8333333333333,0.0015450800229679586
259.91666666666663,0.0005798178497903446
260.0,0.0008033915380696318
260.0833333333333,0.0018092220456414913
260.16666666666663,0.0019050374537919236
260.25,0.0007395289194900256
260.3333333333333,0.0011948171294895462
260.41666666666663,0.001089038212242744
260.5,0.0002448225128046462
260.5833333333333,0.0015465674520597716
260.66666666666663,0.003103390191607574
260.75,0.00275413892173009
260.8333333333333,0.0014991970910511157
260.91666666666663,0.002632898074228804
261.0,0.0017967976007249853
261.0833333333333,0.0010902809488895133
261.16666666666663,0.0013499673979249275
261.25,0.0001491906603652969
261.3333333333333,0.0002494259000087168
261.41666666666663,0.0014196482612494044
261.5,0.001516474405706049
261.5833333333333,0.0012420016297722803
261.66666666666663,0.001482748348436087
261.75,0.001595453682102899
261.8333333333333,0.000632743672734054
261.91666666666663,0.0011125169119612659
262.0,0.0018084471300184408
262.0833333333333,0.0011641594860024185
262.16666666666663,0.002400282845830372
262.25,0.0012920546054596702
262.3333333333333,0.0010459729792785639
262.41666666666663,0.0001544590048785059
262.5,0.001470477963362793
262.5833333333333,0.0023474145050429445
262.66666666666663,0.0016054807037563712
262.75,0.0010939722525540863
262.8333333333333,0.0006109478663202766
262.91666666666663,0.002279661858609912
263.0,0.0013055185250431867
263.0833333333333,0.0009208478353086864
263.16666666666663,0.0013725707819631126
263.25,0.0006769263386471161
263.3333333333333,0.0003478575966322612
263.41666666666663,0.0007506461067572223
263.5,0.0015239367328552299
263.5833333333333,0.0015154326916608956
263.66666666666663,0.0012010950891521161
263.75,0.0002830029787585663
263.8333333333333,0.0003931113391509231
263.91666666666663,0.00046981512956990613
264.0,0.0013860696100154192
264.0833333333333,0.0004802135270561393
264.16666666666663,0.0011209825781588543
264.25,0.000602942112288639
264.3333333333333,0.0015149334154831383
264.41666666666663,0.002196295223377944
264.5,0.001117862121601745
264.5833333333333,0.0011355774008389933
264.66666666666663,0.00038089533646312057
264.75,0.0006036079278790631
264.8333333333333,0.0010405960455251192
264.91666666666663,0.0015737296725130774
265.0,0.0019777907032069047
265.0833333333333,0.001827440236437842
265.16666666666663,0.0003864146964317279
265.25,0.0015820572141068369
265.3333333333333,0.0008972106441138123
265.41666666666663,0.0029037752586865678
265.5,0.002378120935068028
265.5833333333333,0.0012719748821823649
265.66666666666663,0.0013317937242625204
265.75,0.0012665774585772721
265.8333333333333,0.0006032741285473677
265.91666666666663,0.0002250700687749497
266.0,0.000309876284310285
266.0833333333333,0.00035335259945136087
266.16666666666663,0.00047402855270375476
266.25,0.00095909780335805
266.3333333333333,0.00045378800976039464
266.41666666666663,0.0005377861684471024
266.5,0.0006177340508517426
266.5833333333333,0.0004708367537206206
266.66666666666663,0.0009136880825157108
266.75,0.0010851021345905639
266.8333333333333,0.0009061799451177338
266.91666666666663,0.0006013473885832236
267.0,0.0007648214108298546
267.0833333333333,0.0015719690350191687
267.16666666666663,0.001299901233975552
267.25,0.0010526083155496706
267.3333333333333,0.000499097547872052
267.41666666666663,0.0009079433065062099
267.5,0.0008800459885039848
267.5833333333333,0.0014558351669154116
267.66666666666663,0.0018308410483407825
267.75,0.0007701997818883518
267.8333333333333,0.0009139192745261912
267.91666666666663,0.0011764207711095758
268.0,0.0011061284286466018
268.0833333333333,0.0015369476378746636
268.16666666666663,0.0014785899358748754
268.25,0.0010761893213600787
268.3333333333333,0.0014703926172141444
268.41666666666663,0.0014011512889644969
268.5,0.0012068879915470617
268.5833333333333,0.0010854606522648037
268.66666666666663,0.0004418453996248012
268.75,0.0005610736508566698
268.8333333333333,0.000718151165879814
268.91666666666663,0.0016638006690204358
269.0,0.0019905348559214435
269.0833333333333,0.00029725800433543523
269.16666666666663,0.0009112414733101837
269.25,0.0010792372180556682
269.3333333333333,0.0010970235162899955
269.41666666666663,0.0008574461480740414
269.5,0.0005782615884390314
269.5833333333333,0.000397198245694999
269.66666666666663,0.0012327953869067508
269.75,0.001906079407009495
269.8333333333333,0.0012012313141775372
269.91666666666663,0.0005847506781667726
270.0,0.0017214938568753013
270.0833333333333,0.0017792607846737875
270.16666666666663,0.0006156987143251701
270.25,0.0010144779257635003
270.3333333333333,0.0010791115632649904
270.41666666666663,0.000982273109826386
270.5,0.0009099998821310399
270.5833333333333,0.0009037186485497144
270.66666666666663,0.0003602694166298506
270.75,0.0002493310292891081
270.8333333333333,0.00076094819822217
270.91666666666663,0.0005719397438183475
271.0,0.0005099105495279264
271.0833333333333,0.00039231788686281544
271.16666666666663,0.0006720191247344497
271.25,0.0008459368718356378
271.3333333333333,0.0002678817399839065
271.41666666666663,0.0017013770764691004
271.5,0.001024299906854747
271.5833333333333,0.002210801524804132
271.66666666666663,0.0024990802965902535
271.75,0.0008368766639808435
271.8333333333333,0.0004139611496145736
271.91666666666663,0.0002950796442959595
272.0,0.00026058814489443756
272.0833333333333,0.0006577733374636224
272.16666666666663,0.001260831553968121
272.25,0.00117674489281018
272.3333333333333,0.0006367159145403913
272.41666666666663,0.0005668146810048338
272.5,0.000591622374022546
272.5833333333333,0.000396954520015154
272.66666666666663,0.001955847016967184
272.75,0.002378707400484554
272.8333333333333,0.0011998880505601581
272.91666666666663,5.6635501457836574e-05
273.0,0.00011129309658967743
273.0833333333333,0.0009528380742782816
273.16666666666663,0.0010487155841123672
273.25,0.0002964631350762686
273.3333333333333,0.0018585267275892136
273.41666666666663,0.002068540420031968
273.5,0.0016174388839929389
273.5833333333333,0.0014734686713950551
273.66666666666663,0.0006135843230165652
273.75,0.00042796097008495335
273.8333333333333,0.0008964037424207067
273.91666666666663,0.0008818976880364797
274.0,0.0008188459685591564
274.0833333333333,0.000704397951670641
274.16666666666663,0.0013399245573745356
274.25,0.0011685075557132168
274.3333333333333,0.0010135293747339394
274.41666666666663,0.0010641608754722203
274.5,0.0006652986366813578
274.5833333333333,0.000733327410202127
274.66666666666663,0.000758262038968362
274.75,0.0009113383283093263
274.8333333333333,0.0011479578000981381
274.91666666666663,0.0009882085067160855
275.0,0.0008477874945744648
275.0833333333333,0.0009026904010901657
275.16666666666663,0.001151237870294372
275.25,0.0011988067936747038
275.3333333333333,0.0007785844097918002
275.41666666666663,0.0003493308526784963
275.5,0.0006123642242403179
275.5833333333333,0.00043581379075713654
275.66666666666663,0.0004784678603333494
275.75,0.00041410635450467076
275.8333333333333,0.0015059276255824062
275.91666666666663,0.0013128426794675127
276.0,0.0010917581627514395
276.0833333333333,0.0009751497191735588
276.16666666666663,0.0009907172819808008
276.25,0.0014311914607588864
276.3333333333333,0.0018238200897245003
276.41666666666663,0.0016879920338157956
276.5,0.0012471684692514583
276.5833333333333,0.0007069956757189495
276.66666666666663,0.0011444127161032629
276.75,0.0012238399078401579
276.8333333333333,0.002026744282913503
276.91666666666663,0.004519400521115983
277.0,0.003363270517546149
277.0833333333333,0.001400286239675099
277.16666666666663,0.0008224390725225416
277.25,0.00048498975466745956
277.3333333333333,0.0002811316547307559
277.41666666666663,0.00022532050595397226
277.5,0.0003166222342612399
277.5833333333333,0.0006771619159302129
277.66666666666663,0.0012879327615936981
277.75,0.0005749670169036603
277.8333333333333,0.0005996535186163211
277.91666666666663,0.00044730539255123257
278.0,0.000167168574901743
278.0833333333333,0.0005084723050456312
278.16666666666663,0.0008851994186329505
278.25,0.0009930107951866475
278.3333333333333,0.0004923026185121013
278.41666666666663,0.0010152735049664837
278.5,0.0013306741335778066
278.5833333333333,0.0011250952455724643
278.66666666666663,0.0010686033655931929
278.75,0.001084424747333248
278.8333333333333,0.0003567083544362958
278.91666666666663,0.0006839789628077322
279.0,0.0016745117440717641
279.0833333333333,0.0020923728068243897
279.16666666666663,0.0019381998860634948
279.25,0.0014527610938440368
279.3333333333333,0.0014751819997598117
279.41666666666663,0.0010647413893404812
279.5,0.0005318540795221982
279.5833333333333,0.0004555795490530531
279.66666666666663,0.0005873208389152525
279.75,0.0010315650497744631
279.8333333333333,0.0012187331962652977
279.91666666666663,0.0025658492031138424
280.0,0.00372725901087467
280.0833333333333,0.0015426981810887416
280.16666666666663,0.0010814466601846119
280.25,0.0007876102876388404
280.3333333333333,0.0007976102477624181
280.41666666666663,0.0006683888645233083
280.5,0.0007549762502077968
280.5833333333333,0.0005671235958947307
280.66666666666663,0.0004882803493123168
280.75,0.0006182606721591668
280.8333333333333,0.000522621139331534
280.91666666666663,0.00037122728771442066
281.0,0.00010091197232811875
281.0833333333333,0.00013894914479166396
281.16666666666663,0.00047371663126779547
281.25,0.0002923584935611274
281.3333333333333,0.000597164926337964
281.41666666666663,0.0010424812659580996
281.5,0.0008756739903517479
281.5833333333333,0.00021266868061834405
281.66666666666663,0.0004046405185591101
281.75,0.0011508657027229949
281.8333333333333,0.0007089698977752294
281.91666666666663,0.00033574470972784113
282.0,0.0006163480349706222
282.0833333333333,0.0005353667956509862
282.16666666666663,0.00048189494052669094
282.25,0.00040903985217389865
282.3333333333333,0.00011837713610349021
282.41666666666663,0.000566492499931658
282.5,0.0009146227704554787
282.5833333333333,0.000790415037633278
282.66666666666663,0.000726721060236573
282.75,0.001040258748686563
282.8333333333333,0.001402851392269048
282.91666666666663,0.0014499787337314209
283.0,0.0007572970759840596
283.0833333333333,0.00046962454071305563
283.16666666666663,0.0006218742863935004
283.25,0.0009047819818846319
283.3333333333333,0.000822956525117855
283.41666666666663,0.00047406842064055626
283.5,0.0008136275960608628
283.5833333333333,0.00102870479530694
283.66666666666663,0.0009105393346563402
283.75,0.000502195970685079
283.8333333333333,0.0008629089253974147
283.91666666666663,0.000844366471689078
284.0,0.000925776747278982
284.0833333333333,0.001521381863775403
284.16666666666663,0.0010058396582567927
284.25,0.001385293022663952
284.3333333333333,0.0017750664807469386
284.41666666666663,0.0016022136088904059
284.5,0.0011707585371349128
284.5833333333333,0.0005392559249275959
284.66666666666663,0.0004005407986644262
284.75,0.0003525236769264936
284.8333333333333,0.0006863440319859244
284.91666666666663,0.0007888761318862288
285.0,0.0004970892793417186
285.0833333333333,0.00022981554381797906
285.16666666666663,0.00012663812920216136
285.25,0.00027348056855962906
285.3333333333333,0.00036731596221709653
285.41666666666663,0.0010817199803338632
285.5,0.0007154536613534344
285.5833333333333,0.000883732457830155
285.66666666666663,0.0018161787346097967
285.75,0.00149224099438262
285.8333333333333,0.0007731734945966384
285.91666666666663,0.0004739672037883147
286.0,0.0015298176094274646
286.0833333333333,0.0018132162730035216
286.16666666666663,0.0009014939864408924
286.25,0.0004252099918255347
286.3333333333333,0.0006004307035963364
286.41666666666663,0.0006922323622483654
286.5,0.0006591941171360178
286.5833333333333,0.0003831421099248758
286.66666666666663,0.00040678625759391854
286.75,0.00022556543969553958
286.8333333333333,0.0005972579337466678
286.91666666666663,0.00021068937773905498
287.0,0.0004568962648647269
287.0833333333333,0.0002460593042064545
287.16666666666663,0.000679684463123815
287.25,0.00039609177105486996
287.3333333333333,0.00045661794293744935
287.41666666666663,0.000873762273392896
287.5,0.000906630882498861
287.5833333333333,0.0008196303449100745
287.66666666666663,0.000448843004483109
287.75,0.0007190938445216402
287.8333333333333,0.00019838077222343088
287.91666666666663,0.001045167349351785
288.0,0.0009086258858732656
288.0833333333333,0.000997803136884792
288.16666666666663,8.756318006062661e-05
288.25,0.0012242867727853984
288.3333333333333,0.0009895872280272146
288.41666666666663,0.0005482377946556491
288.5,0.0011408628231813409
288.5833333333333,0.0013861373016658502
288.66666666666663,0.0015573640668515715
288.75,0.0016449449063198826
288.8333333333333,0.0010466537023675225
288.91666666666663,0.0005801241148216033
289.0,0.0002967747812646052
289.0833333333333,0.0005226818882215609
289.16666666666663,0.0008469884300500659
289.25,0.0010444096525583826
289.3333333333333,0.000739918421322637
289.41666666666663,0.0006193343945536352
289.5,0.0009409631464126472
289.5833333333333,0.001109507204668571
289.66666666666663,0.0009475333061764789
289.75,0.00048390893942873653
289.8333333333333,0.00012205927056923612
289.91666666666663,0.001008464156805225
290.0,0.001369281742815125
290.0833333333333,0.0013504460192375715
290.16666666666663,0.0006728243859127297
290.25,0.0004305749334889803
290.3333333333333,0.0001587467635056902
290.41666666666663,0.001206617685678096
290.5,0.0014314899289504482
290.5833333333333,0.0007970700116050415
290.66666666666663,0.0004910087278336777
290.75,0.0005073295994814286
290.8333333333333,0.0008335406868777424
290.91666666666663,0.00018859260273235842
291.0,0.00034337835791101536
291.0833333333333,0.0008905952082137801
291.16666666666663,0.0007916322439359239
291.25,0.0011507156923930668
291.3333333333333,0.001968997568433495
291.41666666666663,0.002572986339395663
291.5,0.00222967538653641
291.5833333333333,0.0019431487982014346
291.66666666666663,0.0018730417574142834
291.75,0.001021558445509725
291.8333333333333,0.0009087931653833388
291.91666666666663,0.0006188463614658704
292.0,0.0008835932690100033
292.0833333333333,0.0009253062193884101
292.16666666666663,0.0008920156375908499
292.25,0.0007485520991715424
292.3333333333333,0.0006569764186749709
292.41666666666663,0.0006884193643376443
292.5,0.0006215782816053614
292.5833333333333,0.0007553753008262617
292.66666666666663,0.0008305725807782625
292.75,0.0008509936503275141
292.8333333333333,0.000272268282681586
292.91666666666663,0.0005178981550249709
293.0,0.00037280184753350765
293.0833333333333,0.0004528086925511511
293.16666666666663,0.0002380439167802431
293.25,0.0002248472900485688
293.3333333333333,0.0007650525873325192
293.41666666666663,0.0008598180386705306
293.5,0.0006780189843470985
293.5833333333333,0.0010895801508727196
293.66666666666663,0.0010224848529145803
293.75,0.0005992246506331995
293.8333333333333,0.0001763216797465564
293.91666666666663,0.000729598830535225
294.0,0.0011776830245166018
294.0833333333333,0.0015027843994527858
294.16666666666663,0.0010708535817078684
294.25,0.0013919010405583749
294.3333333333333,0.0013721056067032983
294.41666666666663,0.0012185703331717816
294.5,0.0008588106866081782
294.5833333333333,0.00043712597760211483
294.66666666666663,0.00022740177945250096
294.75,0.0007031822039369245
294.8333333333333,0.0005483261111976933
294.91666666666663,0.00023507729263341312
295.0,0.00018499351935924614
295.0833333333333,0.0004888279897774561
295.16666666666663,0.000346784260130266
295.25,0.0005580466113581811
295.3333333333333,0.0007374610032028079
295.41666666666663,0.0010829513813672624
295.5,0.0010044190215671637
295.5833333333333,0.0012687215860905344
295.66666666666663,0.0009835617268684207
295.75,0.00018695537514911974
295.8333333333333,0.0001710353812153378
295.91666666666663,0.0006651177157706049
296.0,0.0012421976753356394
296.0833333333333,0.00045273248229492407
296.16666666666663,0.002641558727367857
296.25,0.0053348125910195636
296.3333333333333,0.00300517961796071
296.41666666666663,0.0005407510884707046
296.5,0.00043116215855180386
296.5833333333333,0.0008556324015126643
296.66666666666663,0.0006645470706927605
296.75,0.0007338364796059417
296.8333333333333,0.0006516157751179672
296.91666666666663,0.0008905459194821702
297.0,0.0007980040583533197
297.0833333333333,0.0007713028269424763
297.16666666666663,0.0007010617915887107
297.25,0.0004431625524543581
297.3333333333333,0.000642364915203291
297.41666666666663,0.0002845889356361189
297.5,0.0006327651067797581
297.5833333333333,0.000919332840015368
297.66666666666663,0.0013399264769759702
297.75,0.0008120081990584155
297.8333333333333,0.00011089201400829875
297.91666666666663,0.00018230420118712208
298.0,8.114711882863775e-05
298.0833333333333,0.0003120767218316196
298.16666666666663,0.0003926193301955892
298.25,0.0003039724156097311
298.3333333333333,0.00039378948568666154
298.41666666666663,0.0008435495691057741
298.5,0.00041303818304630935
298.5833333333333,0.00032672406565598095
298.66666666666663,0.0005580340140704644
298.75,0.0005215516148361669
298.8333333333333,0.001269580989683651
298.91666666666663,0.0007543029993799909
299.0,0.0005885643840357553
299.0833333333333,0.0006120635487907559
299.16666666666663,0.0005056689456955925
299.25,0.0009346515165819187
299.3333333333333,0.0011817165477217325
299.41666666666663,0.000468888287100166
299.5,0.0008703158170592591
299.5833333333333,0.0009806205643642413
299.66666666666663,0.001068579070996377
299.75,0.0005866991946177155
299.8333333333333,0.0060355551315775455
299.91666666666663,0.010350957638006619
300.0,0.004549241677567948
