frequency_hz,amplitude
0.0,0.004875903373387508
0.08333333333333333,0.004798759127671116
0.16666666666666666,0.0014043429587116305
0.25,0.003094504033358207
0.3333333333333333,0.002268207017929008
0.41666666666666663,0.001990143197187324
0.5,0.0017639023169767293
0.5833333333333333,0.0007452236101386206
0.6666666666666666,0.0013924600788671904
0.75,0.0007320685619993614
0.8333333333333333,0.0010523208129891485
0.9166666666666666,0.001183686121169901
1.0,0.0005257657780509908
1.0833333333333333,0.002117211898411668
1.1666666666666665,0.00145955401437483
1.25,0.0006982072834268712
1.3333333333333333,0.001089708707780995
1.4166666666666665,0.0012380334189014278
1.5,0.0023815890940252467
1.5833333333333333,0.0007927388584106253
1.6666666666666665,0.0011631114744635198
1.75,0.0018081663625732383
1.8333333333333333,0.004781985813972243
1.9166666666666665,0.005007851721904007
2.0,0.004115083291121324
2.083333333333333,0.0021450526935753813
2.1666666666666665,0.002637478464921348
2.25,0.00278663063257704
2.333333333333333,0.0031134678074283785
2.4166666666666665,0.002190624674884354
2.5,0.0003211169711892915
2.583333333333333,0.002472521764154577
2.6666666666666665,0.003894163712067622
2.75,0.004214331852065246
2.833333333333333,0.0039666716223250706
2.9166666666666665,0.002803766444067379
3.0,0.0002736661914264415
3.083333333333333,0.003322549287228407
3.1666666666666665,0.003397023220862156
3.25,0.00092094986220605
3.333333333333333,0.0033303816522225064
3.4166666666666665,0.0030481129192169824
3.5,0.001804060304326618
3.583333333333333,0.0011626639475330223
3.6666666666666665,0.0015661316296295422
3.75,0.0024989370851081242
3.833333333333333,0.0017224938776677166
3.9166666666666665,0.0005492048425016929
4.0,0.002953686218248399
4.083333333333333,0.00434304769878063
4.166666666666666,0.002468638609233712
4.25,0.0017305397114622957
4.333333333333333,0.002270112686016466
4.416666666666666,0.0023299268114373
4.5,0.0018560606921947495
4.583333333333333,0.001309169327619187
4.666666666666666,0.002959367834103498
4.75,0.0029003553865719353
4.833333333333333,0.001834632070697719
4.916666666666666,0.0006855372575901716
5.0,0.0019876818973518667
5.083333333333333,0.001167470846830082
5.166666666666666,0.0015778506283858796
5.25,0.0031052634955106087
5.333333333333333,0.0025551174506370043
5.416666666666666,0.0016769416796540277
5.5,0.001155356790593758
5.583333333333333,0.0010998546486004354
5.666666666666666,0.001210758359860763
5.75,0.002130546760420332
5.833333333333333,0.001009139584944367
5.916666666666666,0.00281540174035737
6.0,0.00243519623137988
6.083333333333333,0.0013975323089381508
6.166666666666666,0.0014972689405603932
6.25,0.002277625337289049
6.333333333333333,0.0014057165078990813
6.416666666666666,0.0013033219443214935
6.5,0.0016810617374197903
6.583333333333333,0.0014212897200665238
6.666666666666666,0.0036238282025391924
6.75,0.002452823689771303
6.833333333333333,0.001482899308763939
6.916666666666666,0.0025806294522971937
7.0,0.0014379884382203707
7.083333333333333,0.00041111418760588576
7.166666666666666,0.0021401902181864252
7.25,0.0019117893716923704
7.333333333333333,0.0008442970432182688
7.416666666666666,0.0010432863787438263
7.5,0.0029890795019963563
7.583333333333333,0.003521361250033767
7.666666666666666,0.002461090620831139
7.75,0.002511492261095501
7.833333333333333,0.001986646336710874
7.916666666666666,0.0008371615356118335
8.0,0.0029320712401338512
8.083333333333332,0.0036179962700377457
8.166666666666666,0.0019676719071822384
8.25,0.0018804358674935065
8.333333333333332,0.0027831461997648984
8.416666666666666,0.0036139401760769204
8.5,0.0026266554424895275
8.583333333333332,0.002617814526606897
8.666666666666666,0.0029942446996350665
8.75,0.0011871227613197502
8.833333333333332,0.0004894445544057018
8.916666666666666,0.0008205152072605827
9.0,0.0016514978311829552
9.083333333333332,0.003255001866691031
9.166666666666666,0.004058803142063995
9.25,0.0024599904818363794
9.333333333333332,0.0013302600937445401
9.416666666666666,0.0021391815163836893
9.5,0.0009349019059154445
9.583333333333332,0.004015186283655098
9.666666666666666,0.0026144858046201038
9.75,0.002288288051792914
9.833333333333332,0.0019656228350959943
9.916666666666666,0.002936515820248259
10.0,0.002890250075331157
10.083333333333332,0.0011696695386316323
10.166666666666666,0.0016783988600971049
10.25,0.0008796852669904603
10.333333333333332,0.0022077730333969962
10.416666666666666,0.0009516152775850472
10.5,0.0021600716700030023
10.583333333333332,0.002417780391189022
10.666666666666666,0.003057860996503323
10.75,0.0038552206932122596
10.833333333333332,0.002471623059353104
10.916666666666666,0.0004715127469191562
11.0,0.0005314868422886494
11.083333333333332,0.00034998935304846106
11.166666666666666,0.0012415008070462603
11.25,0.002536957621439887
11.333333333333332,0.0021154891092530002
11.416666666666666,0.002114977389365324
11.5,0.002531895355479951
11.583333333333332,0.0020864578302336335
11.666666666666666,0.0004949449640147593
11.75,0.004715411424409148
11.833333333333332,0.006043902554705812
11.916666666666666,0.005858449949742844
12.0,0.004627492739077976
12.083333333333332,0.003758201092222433
12.166666666666666,0.0038577001745432778
12.25,0.0022399388386434107
12.333333333333332,0.0008318053936339798
12.416666666666666,0.00021223782171521916
12.5,0.0006138601699191323
12.583333333333332,0.002299935468344833
12.666666666666666,0.0026915935791086147
12.75,0.0003206386337648594
12.833333333333332,0.002558928611684644
12.916666666666666,0.005167922352991851
13.0,0.004286473287999796
13.083333333333332,0.004143097143606504
13.166666666666666,0.004026591526620065
13.25,0.002548685346885712
13.333333333333332,0.002881231577596801
13.416666666666666,0.0026835461247677233
13.5,0.001069501282359049
13.583333333333332,0.0034428721750525094
13.666666666666666,0.0025229199179416166
13.75,0.0018795016588341827
13.833333333333332,0.002268887648527463
13.916666666666666,0.0019140728074327894
14.0,0.00045807025830451546
14.083333333333332,0.0009040105716709175
14.166666666666666,0.0011190653993572242
14.25,0.003738598234521886
14.333333333333332,0.0027955717520275827
14.416666666666666,0.0008337806069535865
14.5,0.001075777751809372
14.583333333333332,0.0032303120859586976
14.666666666666666,0.0029951880955569757
14.75,0.0030999057376062305
14.833333333333332,0.0019519015763435114
14.916666666666666,0.0021854480701157257
15.0,0.002537800996395006
15.083333333333332,0.003359708543172208
15.166666666666666,0.004729642810108061
15.25,0.005275888332211684
15.333333333333332,0.004017082048827429
15.416666666666666,0.003321449111777799
15.5,0.0026834947256803815
15.583333333333332,1.51149326843302e-05
15.666666666666666,0.0035136308629836895
15.75,0.0027509217695996643
15.833333333333332,0.0017869289919223914
15.916666666666666,0.0014697758786610944
16.0,0.0017305754497953026
16.083333333333332,0.003165628301647275
16.166666666666664,0.004508574341587626
16.25,0.006085253353989237
16.333333333333332,0.00454956795139186
16.416666666666664,0.001619129170777375
16.5,0.0014534860077079848
16.583333333333332,0.0035304625904124354
16.666666666666664,0.002854585084355247
16.75,0.0018109386696181587
16.833333333333332,0.001556349682382708
16.916666666666664,0.0022914431022795587
17.0,0.0025356835147425367
17.083333333333332,0.0012695415574017692
17.166666666666664,0.0016617990407406496
17.25,0.0011434328056434291
17.333333333333332,0.0021685469143212215
17.416666666666664,0.0030584216042220105
17.5,0.0016673440167172023
17.583333333333332,0.0033796061604442033
17.666666666666664,0.003774373768573956
17.75,0.0008081924983569595
17.833333333333332,0.0010526109990283128
17.916666666666664,0.0023874232743490154
18.0,0.004686638194299348
18.083333333333332,0.0037916334294477152
18.166666666666664,0.0029317430079525294
18.25,0.0031064062093649008
18.333333333333332,0.003526090552943186
18.416666666666664,0.004266101826981306
18.5,0.003012240548489597
18.583333333333332,0.002446679397834776
18.666666666666664,0.004273334400286659
18.75,0.003450599440216318
18.833333333333332,0.0009565172380390493
18.916666666666664,0.0008314154866846559
19.0,0.0019795058862632532
19.083333333333332,0.003506541366088251
19.166666666666664,0.0038692529131646143
19.25,0.0009535838844787006
19.333333333333332,0.002902898902621187
19.416666666666664,0.002118671158863288
19.5,0.0011241134535842476
19.583333333333332,0.0014629708496707039
19.666666666666664,0.0020042693774521476
19.75,0.002422699310533587
19.833333333333332,0.0017308604717533606
19.916666666666664,0.0027488620503326776
20.0,0.004630501950689216
20.083333333333332,0.004750832075412826
20.166666666666664,0.004492248040519362
20.25,0.002258009076118433
20.333333333333332,0.0031072317321351748
20.416666666666664,0.0023662793491269463
20.5,0.00014540277350937186
20.583333333333332,0.0022909372846918294
20.666666666666664,0.002077779944916109
20.75,0.0018077633181767183
20.833333333333332,0.001544278394919387
20.916666666666664,0.0026508290585881586
21.0,0.002862320038011334
21.083333333333332,0.0023118822790940616
21.166666666666664,0.0012033766170679386
21.25,0.002156810062421443
21.333333333333332,0.0018079055701928119
21.416666666666664,0.0009236044349050416
21.5,0.0006049801363075431
21.583333333333332,0.0013210393246779624
21.666666666666664,0.002358271060607035
21.75,0.0016860987743132613
21.833333333333332,0.0009742861749939097
21.916666666666664,0.0013360819408884369
22.0,0.0025365073058976322
22.083333333333332,0.0005970013691318516
22.166666666666664,0.002639792714208875
22.25,0.002438943460061812
22.333333333333332,0.0006138971038507739
22.416666666666664,0.002895505704077875
22.5,0.0032747129267254056
22.583333333333332,0.001273450000614326
22.666666666666664,0.0042772590060995135
22.75,0.0034815540826935096
22.833333333333332,0.0015062720836885883
22.916666666666664,0.0031469093317388194
23.0,0.003729311361026123
23.083333333333332,0.001752847227293388
23.166666666666664,0.0006753230295040467
23.25,0.0014205202928694262
23.333333333333332,0.0014098446241946742
23.416666666666664,0.001877110725304684
23.5,0.0028499583849919217
23.583333333333332,0.0035148812476889705
23.666666666666664,0.002090928416686273
23.75,0.0009593343301334612
23.833333333333332,0.001387526076652222
23.916666666666664,0.0010673407835558417
24.0,0.002015205514145749
24.083333333333332,0.0015409035217709244
24.166666666666664,0.0008041778271286444
24.25,0.0021624085366898685
24.333333333333332,0.001976999341566568
24.416666666666664,0.0011203757568776593
24.5,0.0010169282389617998
24.583333333333332,0.0003404213345884749
24.666666666666664,0.00016047088532171458
24.75,0.0018675646748452582
24.833333333333332,0.0014296962797736693
24.916666666666664,0.0011978717093748576
25.0,0.0017666820997235282
25.083333333333332,0.0011138284695190932
25.166666666666664,0.0005619481046879053
25.25,0.0014451055106698358
25.333333333333332,0.0015387639386480517
25.416666666666664,0.0028881922030210916
25.5,0.0035461934354766023
25.583333333333332,0.0026777687900144654
25.666666666666664,0.0016026565454080111
25.75,0.0005599999240281209
25.833333333333332,0.0012594149732221348
25.916666666666664,0.000621431044685853
26.0,0.0008752183228787082
26.083333333333332,0.001018421107523908
26.166666666666664,0.0022146676258845725
26.25,0.002075917734339021
26.333333333333332,0.0005604255173760438
26.416666666666664,0.0018197889347295812
26.5,0.0014740321681676496
26.583333333333332,0.0031351673945872066
26.666666666666664,0.0031172855910824057
26.75,0.0009730497979850717
26.833333333333332,0.0012143278486999075
26.916666666666664,0.0012542750794241107
27.0,0.0008700652417140636
27.083333333333332,0.0008341423977176279
27.166666666666664,0.0013116132981053571
27.25,0.0018256203520802955
27.333333333333332,0.0012974576305250986
27.416666666666664,0.0015563786150428463
27.5,0.0013090859871194966
27.583333333333332,0.002561735888451799
27.666666666666664,0.0009660123289503593
27.75,0.0013187047746231696
27.833333333333332,0.0011832414998996946
27.916666666666664,0.0011059499860473952
28.0,0.0003912746471391066
28.083333333333332,0.0012166725959139755
28.166666666666664,0.001156245342452895
28.25,0.001298338460990728
28.333333333333332,0.002688562045111162
28.416666666666664,0.0008761458266402139
28.5,0.0016951911047239534
28.583333333333332,0.0016317526452684693
28.666666666666664,0.0019717992332959184
28.75,0.0007770486311771676
28.833333333333332,0.0019564685861285292
28.916666666666664,0.0019570784011240044
29.0,0.0018677236926220486
29.083333333333332,0.0011318960006212082
29.166666666666664,0.0008119474929501833
29.25,0.0019339220865302233
29.333333333333332,0.0017009008237707354
29.416666666666664,0.001079558244201519
29.5,0.0013608976253733944
29.583333333333332,0.0011742084528081713
29.666666666666664,0.0005858852154566318
29.75,0.001922033643048961
29.833333333333332,0.0007677128154644951
29.916666666666664,0.0023096657185513107
30.0,0.0026623090671072727
30.083333333333332,0.003516543318394918
30.166666666666664,0.001657247751585013
30.25,0.005049222051560273
30.333333333333332,0.0031976220444415136
30.416666666666664,0.0019580297536687503
30.5,0.0026000477098206878
30.583333333333332,0.00433247011999211
30.666666666666664,0.0024626648171181594
30.75,0.0009161288481311446
30.833333333333332,0.0019533092642463014
30.916666666666664,0.00333720207204622
31.0,0.0010909868089172155
31.083333333333332,0.002653359749019982
31.166666666666664,0.002837668012762534
31.25,0.0024000506908344686
31.333333333333332,0.0032439383832105627
31.416666666666664,0.0022873580674412186
31.5,0.0008107818832428462
31.583333333333332,2.97126451049507e-05
31.666666666666664,0.0009376105214038187
31.75,0.0016983063234802778
31.833333333333332,0.002428080155069619
31.916666666666664,0.003322605727950925
32.0,0.001979718705344704
32.08333333333333,0.0028912307536328517
32.166666666666664,0.003144387415981281
32.25,0.0016695527448559045
32.33333333333333,0.001519691003535368
32.416666666666664,0.0008862150627011458
32.5,0.0015971434534282876
32.58333333333333,0.002246859710252965
32.666666666666664,0.0017747348365412907
32.75,0.0026741217764479908
32.83333333333333,0.0022221010007389807
32.916666666666664,0.0027030013114186556
33.0,0.0026236153580039296
33.08333333333333,0.0017343960510904726
33.166666666666664,0.0015774592666920094
33.25,0.00326174885597559
33.33333333333333,0.005113573413537512
33.416666666666664,0.004702178534650999
33.5,0.0036771185286194833
33.58333333333333,0.003198752739045631
33.666666666666664,0.0020250445641289572
33.75,0.0027031473244258433
33.83333333333333,0.0033825507633311797
33.916666666666664,0.0008195581169887517
34.0,0.001967664958410357
34.08333333333333,0.00040421451772407885
34.166666666666664,0.0017611742948185265
34.25,0.0014876175272719263
34.33333333333333,0.0020287976572966127
34.416666666666664,0.0032880329378476756
34.5,0.005900084413680208
34.58333333333333,0.005688516955290307
34.666666666666664,0.0025863141615769117
34.75,0.0024719630661603604
34.83333333333333,0.000951602005416218
34.916666666666664,0.0015175771393791543
35.0,0.001666678188440617
35.08333333333333,0.003186946933596089
35.166666666666664,0.0013142584327379295
35.25,0.0019196154019571843
35.33333333333333,0.0014563743544975564
35.416666666666664,0.0005065784627081317
35.5,0.0008634815736796066
35.58333333333333,0.00023426319206205242
35.666666666666664,0.0004027170441821152
35.75,0.0006671319832633417
35.83333333333333,0.0010731437068016857
35.916666666666664,0.00016246314027462558
36.0,0.0001900445045025375
36.08333333333333,0.001959117577466624
36.166666666666664,0.0024253897993475678
36.25,0.00032563960793689854
36.33333333333333,0.0004265064170353509
36.416666666666664,0.0014267104630392715
36.5,0.000801300947434079
36.58333333333333,0.0009587485306740016
36.666666666666664,0.00054112181780444
36.75,0.00040913427351916014
36.83333333333333,0.0012640394219950043
36.916666666666664,0.0024608724700137465
37.0,0.0016543602042214793
37.08333333333333,0.002537078366626739
37.166666666666664,0.0019316856126562697
37.25,0.003182936443660272
37.33333333333333,0.0028953990317574056
37.416666666666664,0.0015457297635013178
37.5,0.0014071917666697506
37.58333333333333,0.002387830017584767
37.666666666666664,0.000860152581339981
37.75,0.0014571233898744915
37.83333333333333,0.0011967144452837216
37.916666666666664,0.0010600307290481044
38.0,0.0009792821199585374
38.08333333333333,0.002376573217074344
38.166666666666664,0.0021410054255804173
38.25,0.001276667217467236
38.33333333333333,0.0016794501447108163
38.416666666666664,0.0012925482553325257
38.5,0.0003123605897321677
38.58333333333333,0.0022333659926801652
38.666666666666664,0.001417041313869866
38.75,0.0010468554460567048
38.83333333333333,0.00046599395726605304
38.916666666666664,0.0008841650272774463
39.0,0.0014497742279126085
39.08333333333333,0.0018749021871833907
39.166666666666664,0.001268369193970011
39.25,0.0006082776998638927
39.33333333333333,0.0010593199109884088
39.416666666666664,0.0007709250082256504
39.5,0.0009862643221602327
39.58333333333333,0.0009261859690749902
39.666666666666664,0.0009676276390591936
39.75,0.0022607527085029984
39.83333333333333,0.002493193878496628
39.916666666666664,0.0020935620323205718
40.0,0.0008630464949090466
40.08333333333333,0.0008974596250849652
40.166666666666664,0.0006165083351857782
40.25,0.0011992311500354537
40.33333333333333,0.0014150275834452792
40.416666666666664,0.0017387286034171309
40.5,0.0015899606773808561
40.58333333333333,0.0008235041762634641
40.666666666666664,0.0011570777394317438
40.75,0.001722336991639484
40.83333333333333,0.0011637716718029159
40.916666666666664,0.0017672915937747256
41.0,0.0024673109208660127
41.08333333333333,0.0016449851516887762
41.166666666666664,0.0012486575420536615
41.25,0.0017640919640180951
41.33333333333333,0.0007761255819451237
41.416666666666664,0.0011875055389830081
41.5,0.0020669972017726785
41.58333333333333,0.0018638417093738257
41.666666666666664,0.002838048078468748
41.75,0.001521562915490828
41.83333333333333,0.0012734877567457563
41.916666666666664,0.0008014739141168723
42.0,0.001365668680560178
42.08333333333333,0.00011325680454580235
42.166666666666664,0.0015364451346472914
42.25,0.001824808683456252
42.33333333333333,0.0004533871811146512
42.416666666666664,0.0022038407517131686
42.5,0.002625602584241391
42.58333333333333,0.0019878239423011595
42.666666666666664,0.0018892335143144553
42.75,0.001608675105798076
42.83333333333333,0.0013699988441310507
42.916666666666664,0.0008019755986329098
43.0,0.0014612248444337303
43.08333333333333,0.003580195717896041
43.166666666666664,0.005144461341613534
43.25,0.0020956861731377973
43.33333333333333,0.0023067504220834526
43.416666666666664,0.002866410901929775
43.5,0.0041599862753129374
43.58333333333333,0.0035889955083918176
43.666666666666664,0.0012248201745924444
43.75,0.0012936947011577841
43.83333333333333,0.0007252129071009404
43.916666666666664,0.0008828516265514683
44.0,0.0005762401850192872
44.08333333333333,0.0007263410710358861
44.166666666666664,0.001707790651786936
44.25,0.0032552399934620484
44.33333333333333,0.003387347802465088
44.416666666666664,0.0027654622236306507
44.5,0.001826919901183774
44.58333333333333,0.001606577896595529
44.666666666666664,0.0005597322592093979
44.75,0.001965159986739749
44.83333333333333,0.0031455244656069616
44.916666666666664,0.003985754008722762
45.0,0.0025099408573203827
45.08333333333333,0.00015674121325336514
45.166666666666664,0.00040193864532137675
45.25,0.0015634190170724241
45.33333333333333,0.0038945833048593986
45.416666666666664,0.0032737165928902337
45.5,0.0006516438134634735
45.58333333333333,0.0022323793886809976
45.666666666666664,0.001388135536686246
45.75,0.002517008596447754
45.83333333333333,0.003567565405021522
45.916666666666664,0.002643497188696492
46.0,0.001682186985705445
46.08333333333333,0.0013685800447933083
46.166666666666664,0.0009834008240848296
46.25,0.0026474033310953274
46.33333333333333,0.0010266747453365284
46.416666666666664,0.0023800768054331924
46.5,0.0027360640825646854
46.58333333333333,0.0019200435781617199
46.666666666666664,0.0018616517553979486
46.75,0.000951906347144103
46.83333333333333,0.0010780963258559908
46.916666666666664,0.0008541781249445347
47.0,0.0011342382063964432
47.08333333333333,0.001502509315406266
47.166666666666664,0.000413475146754214
47.25,0.0013030450990341488
47.33333333333333,0.00036956669861259485
47.416666666666664,0.0013749558504694784
47.5,0.0011624219237230326
47.58333333333333,0.0009795281254036013
47.666666666666664,0.0007022201166646159
47.75,0.0010685423926926672
47.83333333333333,0.002420982029225971
47.916666666666664,0.002707493876348173
48.0,0.002072526684870194
48.08333333333333,0.002269913246567702
48.166666666666664,0.002496770057517552
48.25,0.001244348079170436
48.33333333333333,0.001444797481519358
48.416666666666664,0.0015638164362951413
48.5,0.0023833044320855853
48.58333333333333,0.0025544356639371525
48.666666666666664,0.0019921237447456017
48.75,0.00035717644941535363
48.83333333333333,0.0011379037157581392
48.916666666666664,0.0017186840409890935
49.0,0.0016125557279384232
49.08333333333333,0.0024494947646806747
49.166666666666664,0.0024502958856489005
49.25,0.0005592744287385976
49.33333333333333,0.001844612503248272
49.416666666666664,0.0027131809536964637
49.5,0.002341459027851398
49.58333333333333,0.0016574888770607107
49.666666666666664,0.0016204019726935158
49.75,0.0021636476708297835
49.83333333333333,0.002482831755699217
49.916666666666664,0.0010886604076807737
50.0,0.0015201213778603298
50.08333333333333,0.002288768891984391
50.166666666666664,0.0014015821801487824
50.25,0.0018579802630149017
50.33333333333333,0.0013024667944853557
50.416666666666664,0.0015483954547775762
50.5,0.002698286450737416
50.58333333333333,0.0022847765960111507
50.666666666666664,0.001623228009074424
50.75,0.0015295687052146066
50.83333333333333,0.0019601912711388805
50.916666666666664,0.00157724338903686
51.0,0.0016839091704943493
51.08333333333333,0.001248654685702272
51.166666666666664,0.00308448568859549
51.25,0.001600585194863811
51.33333333333333,0.0008728726620445497
51.416666666666664,0.0011078158197886782
51.5,0.001396594037324948
51.58333333333333,0.0010939264811103318
51.666666666666664,0.0004461823129496761
51.75,0.0005729443608983431
51.83333333333333,0.001233845452672731
51.916666666666664,0.0015845215449361183
52.0,0.00154875710718469
52.08333333333333,0.003230481385908789
52.166666666666664,0.0016576602501106753
52.25,0.0017005355217660314
52.33333333333333,0.002245714466127574
52.416666666666664,0.0013888964333060082
52.5,0.0009769292616725398
52.58333333333333,0.0008190695588274169
52.666666666666664,0.0016496147160355308
52.75,0.0010327288243887896
52.83333333333333,0.00030068026447470093
52.916666666666664,0.0003586770310348127
53.0,0.0009010528480091839
53.08333333333333,0.0020037315216063878
53.166666666666664,0.0008705247331774346
53.25,0.0008488986062520487
53.33333333333333,0.0014611954985316981
53.416666666666664,0.0012308712747223075
53.5,0.0014262684027883386
53.58333333333333,0.0006349917937880035
53.666666666666664,0.0007913430434339595
53.75,0.001203568308294571
53.83333333333333,0.0015478256046397
53.916666666666664,0.001966366637114089
54.0,0.001600534205851584
54.08333333333333,0.0004982955688850408
54.166666666666664,0.0008977144504654699
54.25,0.0008898700698370364
54.33333333333333,0.0014608125374846724
54.416666666666664,0.0024631800610697657
54.5,0.002540618845456513
54.58333333333333,0.002083144748444311
54.666666666666664,0.002813855644474858
54.75,0.002015053812504973
54.83333333333333,0.0025300744966243616
54.916666666666664,0.00167163135394067
55.0,0.002208218014531711
55.08333333333333,0.002081252048474749
55.166666666666664,0.0024420507353696435
55.25,0.002176132219822309
55.33333333333333,0.0013025802697262815
55.416666666666664,0.001308216616676264
55.5,0.0019121657618685146
55.58333333333333,0.001828769503870605
55.666666666666664,0.0014561168693089095
55.75,0.0024374738927771347
55.83333333333333,0.003005086659940082
55.916666666666664,0.0027195580480440834
56.0,0.0025486260352593766
56.08333333333333,0.0019350554608095127
56.166666666666664,0.0012119617311739741
56.25,0.0011379619042596167
56.33333333333333,0.0018249421747455247
56.416666666666664,0.001978681139764471
56.5,0.0016969156319015268
56.58333333333333,0.0025041015460258837
56.666666666666664,0.002403683413295024
56.75,0.0005030697802122483
56.83333333333333,0.0007828736891088574
56.916666666666664,0.0005939043759455785
57.0,0.0003913742243109605
57.08333333333333,0.00017276284290730366
57.166666666666664,0.0009072155511052071
57.25,0.002151853033772332
57.33333333333333,0.0018303837413398047
57.416666666666664,0.0006490920556675537
57.5,0.0004226450430573563
57.58333333333333,0.0009253044006228224
57.666666666666664,0.0016692954837379834
57.75,0.0015780796799043097
57.83333333333333,0.0015745364389264855
57.916666666666664,0.0026047704934028903
58.0,0.0019765964737039413
58.08333333333333,0.0007227014049854043
58.166666666666664,0.0026507133443814143
58.25,0.003591769394296568
58.33333333333333,0.0029770752583408978
58.416666666666664,0.001816130508079033
58.5,0.0005957400054255727
58.58333333333333,0.0007535131518051173
58.666666666666664,0.0006366024468421633
58.75,0.0009900072794792492
58.83333333333333,0.00133480598151215
58.916666666666664,0.0006421022991163967
59.0,0.0012880758770501552
59.08333333333333,0.002050741260015844
59.166666666666664,0.0021733785262220504
59.25,0.00136919670353166
59.33333333333333,0.00205292418425069
59.416666666666664,0.0017255242191612774
59.5,0.0015185356903935055
59.58333333333333,0.0016202815841428577
59.666666666666664,0.0008963673683552835
59.75,0.0033189273110640714
59.83333333333333,0.0034866062236624607
59.916666666666664,0.002097338400807276
60.0,0.002426661384122702
60.08333333333333,0.0028237692905334396
60.166666666666664,0.001508547471794111
60.25,0.0012499906658430132
60.33333333333333,0.0013090024836020853
60.416666666666664,0.0019822532237688366
60.5,0.0013943976241739388
60.58333333333333,0.0009704449494470521
60.666666666666664,0.0015616213087370273
60.75,0.0016790193739115713
60.83333333333333,0.0009760060576215417
60.916666666666664,0.00112906636846931
61.0,0.00017255581853625024
61.08333333333333,0.0008110873401979416
61.166666666666664,0.0018758923821271226
61.25,0.0011111893847864016
61.33333333333333,0.0008351110961895006
61.416666666666664,0.0007553867617401832
61.5,0.0009319371627614879
61.58333333333333,0.001723338081531543
61.666666666666664,0.00238765665111676
61.75,0.0017629767453639946
61.83333333333333,0.0009755251808535843
61.916666666666664,0.00038736742364896027
62.0,0.0006049708746067448
62.08333333333333,0.0012903382116008352
62.166666666666664,0.002037412670207304
62.25,0.0024100126962690524
62.33333333333333,0.002100985272933622
62.416666666666664,0.0006054491258446947
62.5,0.0011677932079443402
62.58333333333333,0.0013533758348580507
62.666666666666664,0.0015538396779560743
62.75,0.0007365546794567759
62.83333333333333,0.0016705841291222432
62.916666666666664,0.0038283514893949744
63.0,0.0034933323984300763
63.08333333333333,0.0022897579638752677
63.166666666666664,0.0025070901761626036
63.25,0.0032635881279300966
63.33333333333333,0.0024918488320018113
63.416666666666664,0.0005174971169059444
63.5,0.0014059002213608655
63.58333333333333,0.001396422019271148
63.666666666666664,0.0012867042602031549
63.75,0.0026569424500378735
63.83333333333333,0.0031142170992731473
63.916666666666664,0.0017312571566441147
64.0,0.0015570711758617782
64.08333333333333,0.0009517782345638892
64.16666666666666,0.0020683031308044186
64.25,0.0008862954297311302
64.33333333333333,0.0009403093563309272
64.41666666666666,0.002287608698268428
64.5,0.0014441182383838763
64.58333333333333,0.0007262153722549747
64.66666666666666,0.0011303395571208026
64.75,0.0015299835053819038
64.83333333333333,0.001331792332951383
64.91666666666666,0.0008437358220212167
65.0,0.0006261230504244637
65.08333333333333,0.000839219718957441
65.16666666666666,0.0010361887854849698
65.25,0.0011436771014027823
65.33333333333333,0.0009445198634692343
65.41666666666666,0.0004914608829534518
65.5,0.0009115038421018665
65.58333333333333,0.000334976532698141
65.66666666666666,0.001508460162487471
65.75,0.0017367363576736806
65.83333333333333,0.0014051798527879465
65.91666666666666,0.0011796402989058985
66.0,0.0024572063404624833
66.08333333333333,0.0010460235540109555
66.16666666666666,0.002059004284969075
66.25,0.003012209098856898
66.33333333333333,0.0011570504742037906
66.41666666666666,0.0005340188876113616
66.5,0.0010500353949779728
66.58333333333333,0.0007599208446756113
66.66666666666666,0.0005521653041618025
66.75,0.0004066902603498979
66.83333333333333,0.0009682870595001348
66.91666666666666,0.0028906046106116842
67.0,0.0035286957814974636
67.08333333333333,0.0033143602522960128
67.16666666666666,0.0030387843064986434
67.25,0.001908080214341687
67.33333333333333,0.0010195442251953596
67.41666666666666,0.0011950797098277234
67.5,0.0013628448917164682
67.58333333333333,0.0011679309832560865
67.66666666666666,0.003807407034524255
67.75,0.0021433601215964456
67.83333333333333,0.0010195879991531098
67.91666666666666,0.0013680275356330982
68.0,0.0016151589190766254
68.08333333333333,0.0022885703056454896
68.16666666666666,0.0026741700904501686
68.25,0.001888150387938689
68.33333333333333,0.0013997800339797814
68.41666666666666,0.0009554140658842017
68.5,0.0005567594910294722
68.58333333333333,0.0018724098157239287
68.66666666666666,0.0011832801181219357
68.75,0.0009262108866551655
68.83333333333333,0.0012479469041437132
68.91666666666666,0.0016487193400035861
69.0,0.003955707256265434
69.08333333333333,0.0038311047719177885
69.16666666666666,0.0009531965313656824
69.25,0.0016719725955200095
69.33333333333333,0.001690782728112498
69.41666666666666,0.0022017918342048743
69.5,0.0009420661682181081
69.58333333333333,0.00011658039907376436
69.66666666666666,0.0007942950609789199
69.75,0.0019215751554723143
69.83333333333333,0.0020301534042871405
69.91666666666666,0.0017577103843981782
70.0,0.001362586383598233
70.08333333333333,0.00029432944977385094
70.16666666666666,0.0018867479660643167
70.25,0.0024612712026773065
70.33333333333333,0.0018884399798293602
70.41666666666666,0.002055055938130562
70.5,0.0018275751555995436
70.58333333333333,0.00207797448462673
70.66666666666666,0.0012412298094566826
70.75,0.0015190780795632719
70.83333333333333,0.0005350890971512953
70.91666666666666,0.0006820083810538337
71.0,0.0003720030217943144
71.08333333333333,7.985822686793012e-05
71.16666666666666,0.0014454607208146308
71.25,0.0014913347313900962
71.33333333333333,0.00017169144364475778
71.41666666666666,0.0010887375653312987
71.5,0.0009533038217609863
71.58333333333333,0.0024360584378722255
71.66666666666666,0.0023003678196230684
71.75,0.001958584546527724
71.83333333333333,0.001608488021265762
71.91666666666666,0.00016722431400115653
72.0,0.0011164731994907579
72.08333333333333,0.0014436107345315015
72.16666666666666,0.00184360981768876
72.25,0.0022274415369817452
72.33333333333333,0.002139707964118381
72.41666666666666,0.0024980757120541303
72.5,0.002871530498259667
72.58333333333333,0.0015526783070883578
72.66666666666666,0.0005474617471207461
72.75,0.0008331238867191353
72.83333333333333,0.0007004794050814853
72.91666666666666,0.001336985896597671
73.0,0.0010499874605961264
73.08333333333333,0.00317127143540232
73.16666666666666,0.0023606974954224415
73.25,0.0016825181623281412
73.33333333333333,0.0021681708014383173
73.41666666666666,0.0009979121803780349
73.5,0.0007984397310998406
73.58333333333333,0.0017427105080292102
73.66666666666666,0.00202797027435605
73.75,0.0011351247502327125
73.83333333333333,0.0013517552632713924
73.91666666666666,0.001949393173922082
74.0,0.0018804843645960285
74.08333333333333,0.0010219511881815132
74.16666666666666,0.0016607882419117943
74.25,0.0014080217536883047
74.33333333333333,0.0015358698476880522
74.41666666666666,0.001813970793557686
74.5,0.0016370376976776791
74.58333333333333,0.0008509138468405612
74.66666666666666,0.0007632914184293667
74.75,0.0019120642763287982
74.83333333333333,0.002872162804399972
74.91666666666666,0.0020460241296561417
75.0,0.0026506732575624146
75.08333333333333,0.003463836788498679
75.16666666666666,0.0028030387535903883
75.25,0.002256031119194639
75.33333333333333,0.001359798098731724
75.41666666666666,0.0015266579378571648
75.5,0.0027091180087622855
75.58333333333333,0.00208687523415541
75.66666666666666,0.0014142725779463998
75.75,0.0013787152600081595
75.83333333333333,0.001956707615761328
75.91666666666666,0.00282072724804844
76.0,0.0023947602688218425
76.08333333333333,0.0016354822539857436
76.16666666666666,0.0017192452608709853
76.25,0.0016567375065917585
76.33333333333333,0.002377373131825905
76.41666666666666,0.0013105530031952842
76.5,0.001373038250301388
76.58333333333333,0.000982181268698549
76.66666666666666,0.0006628897116262165
76.75,0.0013027949697137903
76.83333333333333,0.0015808673659032746
76.91666666666666,0.0011553692560689014
77.0,0.0015010495553563251
77.08333333333333,0.00140560597302049
77.16666666666666,8.66830032183801e-05
77.25,0.0011529926127021048
77.33333333333333,0.0012784454391402706
77.41666666666666,0.0016330883067005543
77.5,0.0011101528850912322
77.58333333333333,0.00113740671630814
77.66666666666666,0.0013125029643009166
77.75,0.0005376575346976794
77.83333333333333,0.001765519911507611
77.91666666666666,0.001123620238328992
78.0,0.0011297503966152488
78.08333333333333,0.001057253010918613
78.16666666666666,0.0009300326784241291
78.25,0.002139693337014999
78.33333333333333,0.003042143750356031
78.41666666666666,0.003796858928147225
78.5,0.0033124854483577884
78.58333333333333,0.0014733223776866007
78.66666666666666,0.0010743541542681731
78.75,0.0018045868116581905
78.83333333333333,0.00045534172688129165
78.91666666666666,0.0015494052538749788
79.0,0.0001618655130039206
79.08333333333333,0.0016257137222523976
79.16666666666666,0.0021046575200097937
79.25,0.0023910425613659215
79.33333333333333,0.0014026203553396408
79.41666666666666,0.0023825570371456585
79.5,0.0024789174078838783
79.58333333333333,0.0019986048730090905
79.66666666666666,0.001300971158841872
79.75,0.0006554742649142315
79.83333333333333,0.0007656525311813774
79.91666666666666,0.0014707846759860331
80.0,0.0002873281175976606
80.08333333333333,0.0018501976177119305
80.16666666666666,0.001177271975933271
80.25,0.0007306438287429419
80.33333333333333,0.0014667923433598579
80.41666666666666,0.0015763221231844748
80.5,0.0007193940348406499
80.58333333333333,0.0004048961801166201
80.66666666666666,0.0012154774756122858
80.75,0.0019811651071268742
80.83333333333333,0.0021032546896039683
80.91666666666666,0.0009520794999975865
81.0,0.0021147396082559886
81.08333333333333,0.0018456190932932338
81.16666666666666,0.0008789303050572027
81.25,0.0017996560170040045
81.33333333333333,0.0011104292751291094
81.41666666666666,0.0014202749082697262
81.5,0.0012370422721375107
81.58333333333333,0.0009586896239377423
81.66666666666666,0.0009653867278868867
81.75,0.0005510683482031257
81.83333333333333,0.0007668603923833003
81.91666666666666,0.0003493521466173976
82.0,0.000786274266370591
82.08333333333333,0.0014101719645590535
82.16666666666666,0.00149096474626838
82.25,0.001375498882995427
82.33333333333333,0.002000383950651449
82.41666666666666,0.0029920630237818707
82.5,0.0029579053512006227
82.58333333333333,0.0019222135798603048
82.66666666666666,0.0007126309499338378
82.75,0.0008984648877236752
82.83333333333333,0.0025398115146102124
82.91666666666666,0.00254279982221028
83.0,0.0019128996639115234
83.08333333333333,0.0007485039930145857
83.16666666666666,0.00040475304495383004
83.25,0.0012097940516772377
83.33333333333333,0.0023980017897489363
83.41666666666666,0.002014408537099586
83.5,0.0005414129986071441
83.58333333333333,0.0008273996301359616
83.66666666666666,0.0005526916637373619
83.75,0.001021243522652455
83.83333333333333,0.0017745586341268165
83.91666666666666,0.0024763056767113287
84.0,0.0017075209828990362
84.08333333333333,0.000748308850566472
84.16666666666666,0.0011290238026849342
84.25,0.0021394491120119118
84.33333333333333,0.0012304999419982489
84.41666666666666,0.0006622544661027932
84.5,0.0009754725056012725
84.58333333333333,0.0024650875686382254
84.66666666666666,0.0014463713501839779
84.75,0.0009273106126989086
84.83333333333333,0.0010438125062427735
84.91666666666666,0.0007020153374499895
85.0,0.0011930850440481375
85.08333333333333,0.0007948791804785662
85.16666666666666,0.0008182224653530549
85.25,0.0014755431765874326
85.33333333333333,0.0013624341742052312
85.41666666666666,0.0023262438074843814
85.5,0.0028033384928746533
85.58333333333333,0.002786257322254531
85.66666666666666,0.00232234587437842
85.75,0.000721366827109649
85.83333333333333,0.0010460696729922589
85.91666666666666,0.000906519689893873
86.0,0.0007526172690108514
86.08333333333333,0.00102187581731786
86.16666666666666,0.002493350421849694
86.25,0.0013695212129544321
86.33333333333333,0.001791751285335422
86.41666666666666,0.0022427334904300943
86.5,0.0018858867297717322
86.58333333333333,0.001226003927333862
86.66666666666666,0.0014172140152115848
86.75,0.00106464779707721
86.83333333333333,0.00017305240626847737
86.91666666666666,0.0016725887497446685
87.0,0.0012709610377594756
87.08333333333333,0.0008564352858886289
87.16666666666666,0.0009281535332338693
87.25,0.0012056572992937113
87.33333333333333,0.0002735057292290087
87.41666666666666,0.0013678041414675048
87.5,0.001934821146560888
87.58333333333333,0.0015819403523771281
87.66666666666666,0.0012445942083040003
87.75,0.0007655352052855258
87.83333333333333,0.0008673398286767948
87.91666666666666,0.0014178428474104757
88.0,0.0015091747830226839
88.08333333333333,0.0018482739948675049
88.16666666666666,0.0012550998110932858
88.25,0.0009927321503964165
88.33333333333333,0.0015884004629337265
88.41666666666666,0.0017464060504514304
88.5,0.002790279354281533
88.58333333333333,0.0013410192556936231
88.66666666666666,0.0007767288182992432
88.75,0.0009376461436768337
88.83333333333333,0.0016376332436159565
88.91666666666666,0.00048693537727658684
89.0,0.0009903509991461066
89.08333333333333,0.001943130106099634
89.16666666666666,0.0021033151454315077
89.25,0.00212308614721768
89.33333333333333,0.0015962196881249132
89.41666666666666,0.001287626034942391
89.5,0.0010880902799481824
89.58333333333333,0.002052427988976919
89.66666666666666,0.0024073086800973803
89.75,0.003194302597646709
89.83333333333333,0.004862523436629972
89.91666666666666,0.0028639413970177733
90.0,0.000717476698478106
90.08333333333333,0.0014325854345304877
90.16666666666666,0.0008201971377620413
90.25,0.0011047685297776186
90.33333333333333,0.0012724187375099019
90.41666666666666,0.0001340778360002347
90.5,0.001491093795635437
90.58333333333333,0.0009068161653792401
90.66666666666666,0.001055624891696432
90.75,0.001417550672720621
90.83333333333333,0.001348037700659209
90.91666666666666,0.002931494231774919
91.0,0.0031681101897615116
91.08333333333333,0.002094401388302728
91.16666666666666,0.0026317478948365983
91.25,0.0016495547161160518
91.33333333333333,0.0011907146649145102
91.41666666666666,0.0028770316737379664
91.5,0.0020818578589828626
91.58333333333333,0.0024027858613975485
91.66666666666666,0.0023312036863688333
91.75,0.0016531894370744556
91.83333333333333,0.0009896252300565529
91.91666666666666,0.0009275966026227081
92.0,0.002358116385879015
92.08333333333333,0.002675033262535521
92.16666666666666,0.002202126735015018
92.25,0.00038563937536000616
92.33333333333333,0.002435310208891612
92.41666666666666,0.0024375695434331927
92.5,0.0017334384161846424
92.58333333333333,0.001873724458027047
92.66666666666666,0.00034967724327638196
92.75,0.0011060298312515428
92.83333333333333,0.001632832619894415
92.91666666666666,0.003398315510753883
93.0,0.0025904684150015165
93.08333333333333,0.0007173608245439263
93.16666666666666,0.0014115439709086355
93.25,0.002002539877735241
93.33333333333333,0.0017990868796197725
93.41666666666666,0.0010699228007133806
93.5,0.0014032051265074506
93.58333333333333,0.0010105285269031766
93.66666666666666,0.00043267027023970585
93.75,0.0012072673027093243
93.83333333333333,0.0020878845820796583
93.91666666666666,0.0018961173009521364
94.0,0.00011311150366207398
94.08333333333333,0.0011771855183622462
94.16666666666666,0.001057233847537197
94.25,0.0010426648417880973
94.33333333333333,0.0013008579411952325
94.41666666666666,0.0012782338837445603
94.5,0.0012734258243481177
94.58333333333333,0.0012566081902115292
94.66666666666666,0.00037807381519797383
94.75,0.0011892446834885827
94.83333333333333,0.0025414761975987472
94.91666666666666,0.0013609051080880382
95.0,0.001371055292465102
95.08333333333333,0.0011888072102795202
95.16666666666666,0.0004867457138122197
95.25,0.0008899248877068041
95.33333333333333,0.0025862898085478236
95.41666666666666,0.0017300035446663877
95.5,0.00022469563821673862
95.58333333333333,0.00071613670225769
95.66666666666666,0.0013999733704717773
95.75,0.001390847651917453
95.83333333333333,0.0013822997862207797
95.91666666666666,0.0005023059084892435
96.0,0.0022953072845441113
96.08333333333333,0.002112101909475092
96.16666666666666,0.0012078561437961941
96.25,0.0015404885314065462
96.33333333333333,0.0013832971651227773
96.41666666666666,0.0017215156410914057
96.5,0.000666547988677897
96.58333333333333,0.002746142469632315
96.66666666666666,0.001632034511537958
96.75,0.000809921206952111
96.83333333333333,0.00211856329524814
96.91666666666666,0.002497901473946714
97.0,0.0007061052821262024
97.08333333333333,0.0010007948029051071
97.16666666666666,0.0020963956262894864
97.25,0.0014626357524741428
97.33333333333333,0.0007450854594298174
97.41666666666666,0.0012835524327579814
97.5,0.0009882359658310656
97.58333333333333,0.0010675700935792124
97.66666666666666,0.0019364946446487519
97.75,0.0014808882528812941
97.83333333333333,0.0005569380764716605
97.91666666666666,0.0020421577752872924
98.0,0.0030864034223444903
98.08333333333333,0.0036008591499541204
98.16666666666666,0.0024757490809108485
98.25,0.0005668187385447078
98.33333333333333,0.0002910465033937603
98.41666666666666,0.0008598839531714271
98.5,0.0018388259938284725
98.58333333333333,0.002097643215968137
98.66666666666666,0.0015325598892842198
98.75,0.0007611346278234062
98.83333333333333,0.001762081970971614
98.91666666666666,0.0027131942786009027
99.0,0.002152824917510335
99.08333333333333,0.0006537113093228623
99.16666666666666,0.0001602682422944201
99.25,0.0002205358899456105
99.33333333333333,0.0012294519480687766
99.41666666666666,0.0012784142401224268
99.5,0.00037093915386734826
99.58333333333333,0.0013621919738092084
99.66666666666666,0.000641611423932281
99.75,0.0013430890762294203
99.83333333333333,0.001502207067470131
99.91666666666666,0.0009456517358535031
100.0,0.0007484959733115203
100.08333333333333,0.001672099867533197
100.16666666666666,0.000924134469989128
100.25,0.00041614607345537806
100.33333333333333,0.00040814052341656755
100.41666666666666,0.00018571050711296654
100.5,0.0013744830140838933
100.58333333333333,0.0029345566723512533
100.66666666666666,0.002960420473743627
100.75,0.0006325117469483629
100.83333333333333,0.0006760314093308228
100.91666666666666,0.0010146210249331504
101.0,0.003011849988947616
101.08333333333333,0.0035089048429537964
101.16666666666666,0.0016523045540368384
101.25,0.0002495400817419478
101.33333333333333,0.00032067594411886704
101.41666666666666,0.0005622223005832791
101.5,0.0006194283181029497
101.58333333333333,0.0011147202341449788
101.66666666666666,0.0020493506929713094
101.75,0.000937674609390321
101.83333333333333,0.0010817025256272083
101.91666666666666,0.0005108581604818686
102.0,0.0014991471420174442
102.08333333333333,0.0007911848215048117
102.16666666666666,0.002355982544016256
102.25,0.0017141196615849674
102.33333333333333,0.0010314566687699873
102.41666666666666,0.001000567823136393
102.5,0.00024804950680113813
102.58333333333333,0.0010185957503111083
102.66666666666666,0.000809010220804576
102.75,0.0006930678927909842
102.83333333333333,0.0006945114075909291
102.91666666666666,0.0011241401514904374
103.0,0.00047952857547592365
103.08333333333333,0.0005234006845025611
103.16666666666666,0.0020265014428698298
103.25,0.0017249969177255179
103.33333333333333,0.00036229756950720667
103.41666666666666,0.001054523417389084
103.5,0.0012038406736471462
103.58333333333333,0.0006576051556685814
103.66666666666666,0.001349246403413297
103.75,0.0013637871618365851
103.83333333333333,0.001583075479085439
103.91666666666666,0.0012985258269206314
104.0,0.0008505950145535826
104.08333333333333,0.002126943536534771
104.16666666666666,0.0021455297937337534
104.25,0.0005837859139639459
104.33333333333333,0.0006829019397359738
104.41666666666666,0.0019596150681382572
104.5,0.0017396155580733025
104.58333333333333,0.0003034078557977416
104.66666666666666,0.0011871927152911816
104.75,0.0009260654508153401
104.83333333333333,0.0007162555201828903
104.91666666666666,0.0006425492378188749
105.0,0.0018562462334969641
105.08333333333333,0.003584781493934786
105.16666666666666,0.002022692780945794
105.25,0.001622950445847479
105.33333333333333,0.0017404837874131609
105.41666666666666,0.0018542622803487195
105.5,0.0020565805670281936
105.58333333333333,0.0009139481824460912
105.66666666666666,0.0007214282656720487
105.75,0.0005737725478786019
105.83333333333333,0.0006517288291263153
105.91666666666666,0.0005197434124875346
106.0,0.0009091240042428951
106.08333333333333,0.0012396710713496073
106.16666666666666,0.0014518584439062072
106.25,0.0020857543722149
106.33333333333333,0.0011636217860035451
106.41666666666666,0.001758982578859027
106.5,0.0017173613896695169
106.58333333333333,0.0008901831797781239
106.66666666666666,0.0029369647081096267
106.75,0.0026511658170587276
106.83333333333333,0.0012993108145307492
106.91666666666666,0.0023464432998829532
107.0,0.0019589510944402286
107.08333333333333,0.0009651647346283056
107.16666666666666,0.001654032867430919
107.25,0.0012170499116041825
107.33333333333333,6.576146654769616e-05
107.41666666666666,0.0020024554987138495
107.5,0.0029798293105507624
107.58333333333333,0.0015968954630297422
107.66666666666666,0.0008026824340890539
107.75,0.00018972383190027774
107.83333333333333,0.001788989586742669
107.91666666666666,0.002714060416687003
108.0,0.001999649824376913
108.08333333333333,0.0006511220122004834
108.16666666666666,0.0011942073087420142
108.25,0.002678403938331537
108.33333333333333,0.0011834013885154552
108.41666666666666,0.0023942694993088036
108.5,0.00288984539714734
108.58333333333333,0.0004502019495198251
108.66666666666666,0.0033936567034387444
108.75,0.0024371169851579244
108.83333333333333,0.0005071703190527972
108.91666666666666,0.001543494446780722
109.0,0.0014164738437278058
109.08333333333333,0.0011244383430405996
109.16666666666666,0.0013917213026846172
109.25,0.0008460468884225219
109.33333333333333,0.000601779093614236
109.41666666666666,0.0011878438383619515
109.5,0.0009969822304423757
109.58333333333333,0.0013710388772603752
109.66666666666666,0.001972766494833451
109.75,0.00275803720156277
109.83333333333333,0.0022502836564496425
109.91666666666666,0.0010474543006758826
110.0,0.00016697740299787946
110.08333333333333,4.8771298998435926e-05
110.16666666666666,0.0009467681908313033
110.25,0.0014711278392145425
110.33333333333333,0.001092478462940098
110.41666666666666,0.0012423494671037797
110.5,0.00043427718935297834
110.58333333333333,0.0008377500909118502
110.66666666666666,0.0008943611184707177
110.75,0.0008117427772332209
110.83333333333333,0.0009835376418396787
110.91666666666666,0.0006701621591273309
111.0,0.001871261490068222
111.08333333333333,0.0019047883979607676
111.16666666666666,0.0003957510596388827
111.25,0.0010133567585156962
111.33333333333333,0.000726249386691854
111.41666666666666,0.002244066164573543
111.5,0.002588308480886857
111.58333333333333,0.0018701870126198936
111.66666666666666,0.0024880390623079
111.75,0.0013516344219529992
111.83333333333333,0.0008008365051932638
111.91666666666666,0.0019126932743413132
112.0,0.0011698621850209628
112.08333333333333,0.0012952096705267301
112.16666666666666,0.0018162456336597032
112.25,0.0017640936326400371
112.33333333333333,0.001256234992544681
112.41666666666666,0.00023929765149612218
112.5,0.0010102211686057682
112.58333333333333,0.0018112339670421185
112.66666666666666,0.0007224681795396313
112.75,0.0008301739950134598
112.83333333333333,0.0005997773271070303
112.91666666666666,0.001371715776718545
113.0,0.0007460997117370189
113.08333333333333,0.0008791150649462946
113.16666666666666,0.0006957919430020036
113.25,0.0014121273886970832
113.33333333333333,0.001401233355786253
113.41666666666666,0.0010074341171345353
113.5,0.0010221818802697697
113.58333333333333,0.0016032270331363349
113.66666666666666,0.0022465026337100498
113.75,0.0024743024639168635
113.83333333333333,0.001233767313027968
113.91666666666666,0.0007222857161450359
114.0,0.000993045144698403
114.08333333333333,0.0005816501556522917
114.16666666666666,0.0011875242604295162
114.25,0.0008113104785706783
114.33333333333333,0.000485439800573461
114.41666666666666,0.001291390649349654
114.5,0.002111061989217091
114.58333333333333,0.0017145269300981015
114.66666666666666,0.0011387733519095152
114.75,0.0009005904087695941
114.83333333333333,0.0022470926651652475
114.91666666666666,0.0014618675921012545
115.0,0.0009539303134429274
115.08333333333333,0.0015345993206440478
115.16666666666666,0.0011829088386704845
115.25,0.0004959811249485123
115.33333333333333,0.0013444296345795513
115.41666666666666,0.0020905812586084543
115.5,0.0012850284056123876
115.58333333333333,0.0014441372805263845
115.66666666666666,0.0018692200259227386
115.75,0.000702824864506101
115.83333333333333,0.0016362242926659927
115.91666666666666,0.003101004605387321
116.0,0.0023635621772473327
116.08333333333333,0.0010732777546591493
116.16666666666666,0.0008397630325090402
116.25,0.000659753985332533
116.33333333333333,0.0004408411512464077
116.41666666666666,0.0013340532285476875
116.5,0.0008828830265884842
116.58333333333333,0.0014596080841999533
116.66666666666666,0.0006922525753194989
116.75,0.0010519765573693786
116.83333333333333,0.002075972391546662
116.91666666666666,0.0020411180332990343
117.0,0.002409057026243693
117.08333333333333,0.0012667958781211984
117.16666666666666,0.0031125730244282155
117.25,0.0023017009288073633
117.33333333333333,0.00018066113287823436
117.41666666666666,0.0006837603504927255
117.5,0.000793891530302614
117.58333333333333,0.0023779002221660205
117.66666666666666,0.0010457713363417618
117.75,0.002166894797777432
117.83333333333333,0.0019766968814617586
117.91666666666666,0.0010922091191878775
118.0,0.0013345200497770445
118.08333333333333,0.0022611071221021934
118.16666666666666,0.0014922874966096945
118.25,0.00016967421992781137
118.33333333333333,0.0008757274501267052
118.41666666666666,0.0009472420242854891
118.5,0.0015646097413817305
118.58333333333333,0.0010158638081510815
118.66666666666666,0.0007313517125625634
118.75,0.0014600082773269672
118.83333333333333,0.0004659906729699661
118.91666666666666,0.0007062759357275933
119.0,0.0013673974056696843
119.08333333333333,0.001528570744247445
119.16666666666666,0.0009402092112605824
119.25,0.00015399034234277485
119.33333333333333,0.0003964032989482873
119.41666666666666,0.002095530996107152
119.5,0.00245099397586438
119.58333333333333,0.001293829926639159
119.66666666666666,0.0006638488563653417
119.75,0.0022410858493470205
119.83333333333333,0.0024090784095112242
119.91666666666666,0.0003376286901229463
120.0,0.0012665297283523099
120.08333333333333,0.0017324632505848355
120.16666666666666,0.0010144082988236204
120.25,0.0009505813030283944
120.33333333333333,0.0010048697673980442
120.41666666666666,0.0009043121838706911
120.5,0.0012366905226463096
120.58333333333333,0.0005195835627847182
120.66666666666666,0.0012996780599961414
120.75,0.0006082665750763886
120.83333333333333,0.0012243950918476337
120.91666666666666,0.0006387564852408675
121.0,0.0013718304938263011
121.08333333333333,0.00039016750792369634
121.16666666666666,0.0008026237644831644
121.25,0.0011872032702427157
121.33333333333333,0.0015245383406007128
121.41666666666666,0.001843242931094011
121.5,0.00036285308281917253
121.58333333333333,0.0012685565511658598
121.66666666666666,0.0004974027481221372
121.75,0.0031554102839228535
121.83333333333333,0.0026664274293658505
121.91666666666666,0.0001901101880572363
122.0,0.00042756042636249604
122.08333333333333,0.0014041482090429308
122.16666666666666,0.0008983172266387998
122.25,0.001149457946773833
122.33333333333333,0.00098552158085247
122.41666666666666,0.0007142171017007978
122.5,0.00035862209618802717
122.58333333333333,0.0005729360349495642
122.66666666666666,0.0012676156202867678
122.75,0.0010475695874230097
122.83333333333333,0.0008582166687512737
122.91666666666666,0.0012143463970079264
123.0,0.00099411070788225
123.08333333333333,0.00023951940382085395
123.16666666666666,0.00047396429126001996
123.25,0.0014366202652415507
123.33333333333333,0.0029821357590553805
123.41666666666666,0.0020110878486072643
123.5,0.0011523485987055652
123.58333333333333,0.001635400806531255
123.66666666666666,0.002036493353297093
123.75,0.0011037803960893247
123.83333333333333,0.0021193905693114865
123.91666666666666,0.0018962378543403255
124.0,0.001503968834333746
124.08333333333333,0.0014480622552323248
124.16666666666666,0.002031432287518914
124.25,0.0014506058754039082
124.33333333333333,0.0004364886235124972
124.41666666666666,0.0002032310450802855
124.5,0.001978681220427223
124.58333333333333,0.002611654096817931
124.66666666666666,0.003390888201402517
124.75,0.003248062823978615
124.83333333333333,0.0022133862250970234
124.91666666666666,0.0007367870585229518
125.0,0.0024090530864909606
125.08333333333333,0.002939844349408772
125.16666666666666,0.0006042254455885966
125.25,0.0005742710862121411
125.33333333333333,0.0011884084030483414
125.41666666666666,0.0015306391226389993
125.5,0.001632247395534012
125.58333333333333,0.0018793580327620685
125.66666666666666,0.0017034400673529716
125.75,0.0020827132544192386
125.83333333333333,0.0019825652210017446
125.91666666666666,0.0014385044600375369
126.0,0.0016335578791598184
126.08333333333333,0.0011094853142404476
126.16666666666666,0.0013536992210372632
126.25,0.0025351953860838876
126.33333333333333,0.0020412839952028256
126.41666666666666,0.0016408174211541486
126.5,0.0010406254958015499
126.58333333333333,0.0012158103775369552
126.66666666666666,0.001725797002980838
126.75,0.001450780493881255
126.83333333333333,0.0005379336202509674
126.91666666666666,0.001848351748721921
127.0,0.0010307198862574566
127.08333333333333,0.0008702584065576201
127.16666666666666,0.0019623873098354723
127.25,0.0026819535301125883
127.33333333333333,0.0024170936906686815
127.41666666666666,0.00132662510414324
127.5,0.0009127554888740536
127.58333333333333,0.0009179052734551071
127.66666666666666,0.0007838452747094136
127.75,0.002172617320083753
127.83333333333333,0.0027379305464693988
127.91666666666666,0.0011411426540834913
128.0,0.0012134025198100265
128.08333333333331,0.0012130592506193053
128.16666666666666,0.0005192234424066622
128.25,0.0005617646699139689
128.33333333333331,0.0006787989522383205
128.41666666666666,0.0008121126009807499
128.5,0.0012137476447094911
128.58333333333331,0.0019348178000097903
128.66666666666666,0.00338025523959849
128.75,0.003719007617169456
128.83333333333331,0.003651121436264005
128.91666666666666,0.001862229354793972
129.0,0.00034005674361177506
129.08333333333331,0.0003572860274310103
129.16666666666666,0.000279768185877286
129.25,0.0007077489301712751
129.33333333333331,0.0036791634949413306
129.41666666666666,0.003741944972110168
129.5,0.0008530556543615714
129.58333333333331,0.0003701583598578877
129.66666666666666,0.00022112819766144685
129.75,0.000812626387130411
129.83333333333331,0.0016541942875244835
129.91666666666666,0.0018311355923056052
130.0,0.0009725621919571212
130.08333333333331,0.0009480186470691989
130.16666666666666,0.0004384398400562465
130.25,0.0006751558535639698
130.33333333333331,0.0008326017623842696
130.41666666666666,0.0016663776037011144
130.5,0.0011511854570953434
130.58333333333331,0.0008775637937992577
130.66666666666666,0.0007417546714221768
130.75,0.0006517900248874558
130.83333333333331,0.0014165607701691172
130.91666666666666,0.0010250667004740384
131.0,0.0006707061640271145
131.08333333333331,0.0009465413155609914
131.16666666666666,0.0009872903155584139
131.25,0.0012436245246658542
131.33333333333331,0.0019363250312996448
131.41666666666666,0.001126826055752853
131.5,0.0006393829427658143
131.58333333333331,0.00037202962806966736
131.66666666666666,0.0007173086080462708
131.75,0.0006608563683270924
131.83333333333331,0.001990312455077625
131.91666666666666,0.002172556153306707
132.0,0.0016517707571542116
132.08333333333331,0.0018181741263203499
132.16666666666666,0.0017402039135798139
132.25,0.002338103013345894
132.33333333333331,0.0022559375678461047
132.41666666666666,0.0018166373346901275
132.5,0.0009131965953322647
132.58333333333331,0.0017794711550145194
132.66666666666666,0.002377322396471596
132.75,0.0007403382929962721
132.83333333333331,0.0014917818088538242
132.91666666666666,0.0015555182088922278
133.0,0.0010586862999833317
133.08333333333331,0.0008603272598640959
133.16666666666666,0.0014272592457010228
133.25,0.00238197138371954
133.33333333333331,0.002832928257430595
133.41666666666666,0.002824515311820613
133.5,0.0021190435587302558
133.58333333333331,0.0013180825986648314
133.66666666666666,0.002648353098136665
133.75,0.0018225083766306618
133.83333333333331,0.00021730429670039695
133.91666666666666,0.0015951220472896393
134.0,0.00297766061904093
134.08333333333331,0.003249327626557504
134.16666666666666,0.0032764934547742427
134.25,0.0010329093988381377
134.33333333333331,0.0009913726946443292
134.41666666666666,0.0014269153166676912
134.5,0.001332589022266349
134.58333333333331,0.00020251922255898252
134.66666666666666,0.0008610012987695048
134.75,0.0007986676942235646
134.83333333333331,0.0008128788482684034
134.91666666666666,0.0004313086687496369
135.0,0.0016938206258191079
135.08333333333331,0.002170699654166602
135.16666666666666,0.0007191850103801661
135.25,0.0010376432491650824
135.33333333333331,0.0009434786581431841
135.41666666666666,0.0019550018713920545
135.5,0.0012236787240851737
135.58333333333331,0.000501576455198946
135.66666666666666,0.0012209847205372141
135.75,0.0008779369941949272
135.83333333333331,0.0008748568549219532
135.91666666666666,0.001282337817292028
136.0,0.000715722628081797
136.08333333333331,0.000499867142326005
136.16666666666666,0.00036997660540695503
136.25,0.0019375678222063623
136.33333333333331,0.002176805894373466
136.41666666666666,0.0014527959191368248
136.5,0.0009503579655502024
136.58333333333331,0.0012431986864328754
136.66666666666666,0.00100148623347072
136.75,0.0005256004342537306
136.83333333333331,0.0010954104223891035
136.91666666666666,0.0013369994751529567
137.0,0.0008936840746545564
137.08333333333331,0.0009025586424650492
137.16666666666666,0.00048696630271864136
137.25,0.0009391172759658194
137.33333333333331,0.0013449252588391893
137.41666666666666,0.00141858629655584
137.5,0.0010931440307307234
137.58333333333331,0.001238173623135111
137.66666666666666,0.002163940508844376
137.75,0.0013730114716322777
137.83333333333331,0.0010104038989260798
137.91666666666666,0.0015603823632795702
138.0,0.0011026259574513034
138.08333333333331,0.0029437609458557476
138.16666666666666,0.0016808712466884852
138.25,0.0016866815802715975
138.33333333333331,0.002345309109145873
138.41666666666666,0.0017998798286875473
138.5,0.0023659751820636547
138.58333333333331,0.0016967173992406617
138.66666666666666,0.0010351391525702494
138.75,0.0013714449721565361
138.83333333333331,0.0012185902903879395
138.91666666666666,0.0011297466956085955
139.0,0.0023352594866099287
139.08333333333331,0.003029427220606168
139.16666666666666,0.0029086630563699657
139.25,0.0013646484209308557
139.33333333333331,0.002327457988071354
139.41666666666666,0.002290705761855196
139.5,0.0016615629383924598
139.58333333333331,0.0012622106376688443
139.66666666666666,0.0011619572378460904
139.75,0.001789428164574432
139.83333333333331,0.0025849137445976486
139.91666666666666,0.0015237145912940953
140.0,0.0008231923300426846
140.08333333333331,0.002054007764771052
140.16666666666666,0.002023997547276097
140.25,0.0014998302968213867
140.33333333333331,0.0016164470378708658
140.41666666666666,0.0013014667939012044
140.5,0.0007294177647144602
140.58333333333331,0.0005004679722387906
140.66666666666666,0.0008943938521283825
140.75,0.0016888055130220175
140.83333333333331,0.0007968367722601921
140.91666666666666,0.0025458907490159347
141.0,0.001775592758455818
141.08333333333331,0.0006133668111295274
141.16666666666666,0.0010723944188381707
141.25,0.0018206633806241886
141.33333333333331,0.0019215054848018005
141.41666666666666,0.00042094143968071966
141.5,0.001116217726049498
141.58333333333331,0.002120301891601946
141.66666666666666,0.0018956858511883128
141.75,0.0013087831443118
141.83333333333331,0.0008610599257923922
141.91666666666666,0.00018335030010337657
142.0,0.0004163432009614219
142.08333333333331,0.0008189840392018745
142.16666666666666,0.0012179460591405403
142.25,0.0006040078854666113
142.33333333333331,0.001222061205968347
142.41666666666666,0.0007299958554557152
142.5,0.0024451082734573016
142.58333333333331,0.0025416251001963894
142.66666666666666,0.0010940171234578926
142.75,0.0013699883454738988
142.83333333333331,0.0012485274594407393
142.91666666666666,0.0007799265159083366
143.0,0.00019762046425190002
143.08333333333331,5.551885220430534e-05
143.16666666666666,0.0003969306521751269
143.25,0.0010264172205519252
143.33333333333331,0.0021722068869753307
143.41666666666666,0.0021830582023749314
143.5,0.0018231216753630498
143.58333333333331,0.00024322770692498233
143.66666666666666,0.0003873080729751778
143.75,0.0007997343833487239
143.83333333333331,0.0014221376302279638
143.91666666666666,0.002945797783676183
144.0,0.0030131534919023767
144.08333333333331,0.0008361464129353593
144.16666666666666,0.0010865731289127446
144.25,0.0014904047326293403
144.33333333333331,0.0004275862313136936
144.41666666666666,0.00019391040717933205
144.5,0.0012145602125872325
144.58333333333331,0.0021549588500275507
144.66666666666666,0.0016516404353359869
144.75,0.0005036593636636538
144.83333333333331,0.0006760975086088954
144.91666666666666,0.0007522898451406037
145.0,0.0012914573276612924
145.08333333333331,0.0012295976736770619
145.16666666666666,0.0015850178487019002
145.25,0.0016401980695036021
145.33333333333331,0.0010510572311384328
145.41666666666666,0.0001658464466585048
145.5,0.001569974087291472
145.58333333333331,0.002858813200069022
145.66666666666666,0.0017607898588628335
145.75,0.0012645271966013265
145.83333333333331,0.001518213384245229
145.91666666666666,0.0006343906514606487
146.0,0.0010800746867137237
146.08333333333331,0.00041369170437206333
146.16666666666666,0.0004188635368299895
146.25,0.0004911308208969615
146.33333333333331,0.0007133062654818647
146.41666666666666,0.0007472563650628617
146.5,0.002146675517945165
146.58333333333331,0.0021314873417543245
146.66666666666666,0.0008854772347023887
146.75,0.0014806930743320964
146.83333333333331,0.0023563439119371698
146.91666666666666,0.0013578021396639414
147.0,0.0012336969669102557
147.08333333333331,0.0013945345940354166
147.16666666666666,0.0016405006903546784
147.25,0.001563565173628241
147.33333333333331,0.0007118277073862101
147.41666666666666,0.0007306523215082831
147.5,0.001802501304226948
147.58333333333331,0.00042360176773843
147.66666666666666,0.0016770817321411443
147.75,0.0016209049949293224
147.83333333333331,0.0015433395297379357
147.91666666666666,0.001963362791554992
148.0,0.0015039387247489354
148.08333333333331,0.0003926320943559467
148.16666666666666,0.0010868632454491796
148.25,0.0004594878094576061
148.33333333333331,0.0008032852652228071
148.41666666666666,0.0012364125933450782
148.5,0.0012504176010594017
148.58333333333331,0.0012317121774402928
148.66666666666666,0.0014413404143418143
148.75,0.001532458671037042
148.83333333333331,0.00165104370845226
148.91666666666666,0.0014229399161631955
149.0,0.002146277194198704
149.08333333333331,0.0020253793935033535
149.16666666666666,0.0010124570519543707
149.25,0.0006805100981704734
149.33333333333331,0.0005907469170693457
149.41666666666666,0.0006494456090879947
149.5,0.0006876826330216089
149.58333333333331,0.000849011388172009
149.66666666666666,0.0012710744020149412
149.75,0.0023590214334500846
149.83333333333331,0.001673220886426805
149.91666666666666,0.0015867160718918524
150.0,0.0012910597037644725
150.08333333333331,0.002582576920249454
150.16666666666666,0.0010350329088434631
150.25,0.00043974124688047337
150.33333333333331,0.0012678029514289232
150.41666666666666,0.002085262060749878
150.5,0.002685259657310817
150.58333333333331,0.0020192022008017414
150.66666666666666,0.0012033511795849533
150.75,0.0006577288574716993
150.83333333333331,0.0007816743785505051
150.91666666666666,0.000874489068796917
151.0,0.0012416544534129192
151.08333333333331,0.0018129723873249286
151.16666666666666,0.0021526924119017275
151.25,0.0023227482971661705
151.33333333333331,0.0022606475853553364
151.41666666666666,0.0025266777882101137
151.5,0.002294733998566024
151.58333333333331,0.0005385768345545108
151.66666666666666,0.0014600005157651946
151.75,0.00045862485411988976
151.83333333333331,0.0013768010842528323
151.91666666666666,0.0014700808430572335
152.0,0.0017947166664367491
152.08333333333331,0.0015279657068388536
152.16666666666666,0.0008660585605855371
152.25,0.0013716967661362195
152.33333333333331,0.0013464610757997618
152.41666666666666,0.0006997037060235009
152.5,0.0005549497159989796
152.58333333333331,0.0005066374067253691
152.66666666666666,0.0011598655913589685
152.75,0.0010477680953007715
152.83333333333331,0.0008623290165421448
152.91666666666666,0.00216044079175088
153.0,0.0020045332528527636
153.08333333333331,0.0016187553567541901
153.16666666666666,0.0007823425057150175
153.25,0.0008367693160862392
153.33333333333331,0.0015899736218423905
153.41666666666666,0.0019180318510143353
153.5,0.002551809561089977
153.58333333333331,0.0021656336080555813
153.66666666666666,0.000569164067308872
153.75,0.0011554997725192894
153.83333333333331,0.002645667709255041
153.91666666666666,0.0026556013571248983
154.0,0.0012298140979874342
154.08333333333331,0.0004625645768173285
154.16666666666666,0.000930342898360018
154.25,0.0015140277789192106
154.33333333333331,0.00037198645106511406
154.41666666666666,0.0013803429060516895
154.5,0.0021717048903645924
154.58333333333331,0.001615838416667554
154.66666666666666,0.000591416489679991
154.75,0.0011758040687054464
154.83333333333331,0.0009343590871822971
154.91666666666666,0.0005979731144363247
155.0,0.0005983198711066075
155.08333333333331,0.0014736923211109902
155.16666666666666,0.0032225550881054364
155.25,0.0025883326467558694
155.33333333333331,0.00034854033266398663
155.41666666666666,0.001552441457536405
155.5,0.00020603013811057417
155.58333333333331,0.0021513359464995145
155.66666666666666,0.0026081940769913333
155.75,0.0026397718299964747
155.83333333333331,0.00223879326841434
155.91666666666666,0.0008816232814045505
156.0,0.001902434058763428
156.08333333333331,0.0032546173986219722
156.16666666666666,0.0024032557778789557
156.25,0.0001852224955868073
156.33333333333331,0.0010042493833513763
156.41666666666666,0.0007120141751766247
156.5,0.0019300832197823856
156.58333333333331,0.0016082861945747222
156.66666666666666,0.0003794865735636422
156.75,0.001003080129239199
156.83333333333331,0.0014202743605083235
156.91666666666666,0.0010987714703035061
157.0,0.00029995543972947015
157.08333333333331,0.0013182340785657329
157.16666666666666,0.0017065090724690014
157.25,0.001561350485997293
157.33333333333331,0.0015807980331172299
157.41666666666666,0.001713130473782641
157.5,0.0018072377961920018
157.58333333333331,0.0011765924020830478
157.66666666666666,0.00047301205955273766
157.75,0.002667596294310591
157.83333333333331,0.0030254564439823137
157.91666666666666,0.0005473833888071515
158.0,0.0009492913233667362
158.08333333333331,0.00015256814209097324
158.16666666666666,0.0007057238394169763
158.25,0.00011405840889088167
158.33333333333331,0.001307186009335757
158.41666666666666,0.0004633294287946293
158.5,0.001999014071997696
158.58333333333331,0.002354968985563614
158.66666666666666,0.001684550195055725
158.75,0.0002769248485398747
158.83333333333331,0.0023890270326238426
158.91666666666666,0.003537292729894346
159.0,0.0031914597689214944
159.08333333333331,0.0015921436595725644
159.16666666666666,0.0010773993457209542
159.25,0.0007746001495205886
159.33333333333331,0.0004516717047243183
159.41666666666666,0.0012309737839181116
159.5,0.0018518651117200885
159.58333333333331,0.0022480530019026316
159.66666666666666,0.0019088843049765046
159.75,0.0007289079643353866
159.83333333333331,0.0004144584604229896
159.91666666666666,0.0006623949535920345
160.0,0.0012472872199951242
160.08333333333331,0.0016292682702807166
160.16666666666666,0.00027462273186954243
160.25,0.0014493961977053021
160.33333333333331,0.0012369411199229252
160.41666666666666,0.001131437857412443
160.5,0.0023768692935258826
160.58333333333331,0.0019019613666313227
160.66666666666666,0.000298309548583014
160.75,0.0013290093867373925
160.83333333333331,0.0018413945998209476
160.91666666666666,0.0010164562243103331
161.0,0.001627293405899667
161.08333333333331,0.0020877591806018605
161.16666666666666,0.0017257830786517503
161.25,0.0018331319320264103
161.33333333333331,0.0016059474819641643
161.41666666666666,0.0017557576178316042
161.5,0.0017047834136249941
161.58333333333331,0.0007018489961672518
161.66666666666666,0.001955172753764341
161.75,0.0028145291835314744
161.83333333333331,0.0017738762628186917
161.91666666666666,0.0018808548589830812
162.0,0.002215121448404764
162.08333333333331,0.0005536659839849076
162.16666666666666,0.0003748525461577741
162.25,0.0014524785048680242
162.33333333333331,0.0019976085698692157
162.41666666666666,0.0014463435393510548
162.5,0.0014507031319375026
162.58333333333331,0.0018917934117783958
162.66666666666666,0.003242663198115851
162.75,0.0018009920909628947
162.83333333333331,0.00217414669988822
162.91666666666666,0.002898985797340417
163.0,0.0019492742461920379
163.08333333333331,0.00034431622525699025
163.16666666666666,0.0012255530488004646
163.25,0.0014961323086627432
163.33333333333331,0.0018694264693027301
163.41666666666666,0.0016000254172743402
163.5,0.0014984360166340753
163.58333333333331,0.0014390381380080014
163.66666666666666,0.0005886085289896761
163.75,0.001022330410793507
163.83333333333331,0.002487390322304297
163.91666666666666,0.001715664030679525
164.0,0.0005942039136575996
164.08333333333331,0.0011780035640864674
164.16666666666666,0.0008398677814197995
164.25,0.0022509603290118124
164.33333333333331,0.0019707491958746394
164.41666666666666,0.0018698730750945566
164.5,0.001540006437763751
164.58333333333331,0.001159386793032977
164.66666666666666,0.0009571995515196274
164.75,0.0012889015916579074
164.83333333333331,0.001979328498533425
164.91666666666666,0.0020112295524020198
165.0,0.0024272671032717296
165.08333333333331,0.0012822288613277362
165.16666666666666,0.0010526064242030602
165.25,0.002067960109626593
165.33333333333331,0.0024154539449686542
165.41666666666666,0.0014461647571145922
165.5,0.001231357131371346
165.58333333333331,0.001810482651525878
165.66666666666666,0.002598081391437419
165.75,0.00254949429203176
165.83333333333331,0.0015887217152280987
165.91666666666666,0.0009677119248945387
166.0,0.0013969221821335785
166.08333333333331,0.0014119206534057278
166.16666666666666,0.000661014607738369
166.25,0.0016741967666845964
166.33333333333331,0.0026443563608489567
166.41666666666666,0.002114897392348397
166.5,0.0023077025649604795
166.58333333333331,0.003253611780782969
166.66666666666666,0.0022209342784940637
166.75,0.0015189666215011733
166.83333333333331,0.00217624220077031
166.91666666666666,0.0016957473157724562
167.0,0.0013411116965960782
167.08333333333331,0.0012878207564585883
167.16666666666666,0.0013003527625508394
167.25,0.0024930935040346925
167.33333333333331,0.003043302945020513
167.41666666666666,0.0009501483746667867
167.5,0.001862936749271691
167.58333333333331,0.002363063983765999
167.66666666666666,0.0013282284035846515
167.75,0.0009539418160482639
167.83333333333331,0.0007095230861752659
167.91666666666666,0.0016689679631243335
168.0,0.0010586429878638355
168.08333333333331,0.0014622613891503383
168.16666666666666,0.0012681908971355002
168.25,0.0009735728324378305
168.33333333333331,0.0015990302189328662
168.41666666666666,0.001054891241733239
168.5,0.0011580079842301407
168.58333333333331,0.0028550457359753038
168.66666666666666,0.0028215980939085028
168.75,0.0016591061981404158
168.83333333333331,0.0013530322783672586
168.91666666666666,0.0009347741466521765
169.0,0.0022577506990965773
169.08333333333331,0.00028358332244947035
169.16666666666666,0.0028949870894750943
169.25,0.0033630595925055904
169.33333333333331,0.0025280467164755602
169.41666666666666,0.0018675309498871057
169.5,0.002878310835472919
169.58333333333331,0.003607016648313985
169.66666666666666,0.0026716264277320124
169.75,0.0023661848168717715
169.83333333333331,0.0015763161720194242
169.91666666666666,0.0010440644133073982
170.0,0.0005180070435432834
170.08333333333331,0.0021735055784969878
170.16666666666666,0.002195994534385972
170.25,0.002698915806013639
170.33333333333331,0.0022987897039925373
170.41666666666666,0.0016461498224141136
170.5,0.001972937198224139
170.58333333333331,0.0012655872555204408
170.66666666666666,0.00016334099709781896
170.75,0.0006845055522452554
170.83333333333331,0.0012544571752091335
170.91666666666666,0.001545247875898365
171.0,0.0007033463318672442
171.08333333333331,0.0007855047024366703
171.16666666666666,0.0011953521483127922
171.25,0.001713131842204809
171.33333333333331,0.0016263031691332221
171.41666666666666,0.0010673719660290188
171.5,0.0021920313651604853
171.58333333333331,0.001137206886431932
171.66666666666666,8.092589560498346e-05
171.75,0.001023106655390341
171.83333333333331,0.0007517516230949484
171.91666666666666,0.0006183873007626873
172.0,0.0010717310493508997
172.08333333333331,0.0015093022405477476
172.16666666666666,0.001856721939414165
172.25,0.0007299023871211883
172.33333333333331,0.0004668059158305656
172.41666666666666,0.002194668188579299
172.5,0.003064925315425176
172.58333333333331,0.0018196425014404378
172.66666666666666,0.0018177523973600864
172.75,0.0015033807166574687
172.83333333333331,0.0003051028154291021
172.91666666666666,0.0013659215509433567
173.0,0.0015125499692466033
173.08333333333331,0.001938244863745404
173.16666666666666,0.0006289310185380497
173.25,0.00111930620838349
173.33333333333331,0.0019751972071636458
173.41666666666666,0.0019408893814667665
173.5,0.0022781884856085035
173.58333333333331,0.002708897201264306
173.66666666666666,0.0022969895895536578
173.75,0.0004252270518200285
173.83333333333331,0.0020836960227514495
173.91666666666666,0.004495912039072557
174.0,0.004246764546848855
174.08333333333331,0.0017859350375002512
174.16666666666666,0.0011728127077092097
174.25,0.0006897915359353826
174.33333333333331,0.0014119115429990197
174.41666666666666,0.0014458003907178094
174.5,0.0017489298542155934
174.58333333333331,0.0025141392924669394
174.66666666666666,0.00153218084540499
174.75,0.0002469620468339936
174.83333333333331,0.0006767013572915672
174.91666666666666,0.0003485633474537634
175.0,0.0008586596622413614
175.08333333333331,0.0014691756584492722
175.16666666666666,0.0025729111157316623
175.25,0.0021795071402319313
175.33333333333331,0.0011556079661634907
175.41666666666666,0.0010796001608957642
175.5,0.0021170820519509827
175.58333333333331,0.00250894026503192
175.66666666666666,0.0023506991327721777
175.75,0.0011140654198499797
175.83333333333331,0.0007394835961103227
175.91666666666666,0.0006177500500289796
176.0,0.00024417318003774847
176.08333333333331,0.0006527116846892279
176.16666666666666,0.001347070111699541
176.25,0.0015634467653494737
176.33333333333331,0.0005722314239794379
176.41666666666666,0.001336142727049501
176.5,0.0013037414481453344
176.58333333333331,0.00214222497964015
176.66666666666666,0.0018922086911069371
176.75,0.00105180874745149
176.83333333333331,0.00219375125298202
176.91666666666666,0.0025956021110146803
177.0,0.0009825805403838317
177.08333333333331,0.0008053685088803014
177.16666666666666,0.001663051593305842
177.25,0.0032272534517247056
177.33333333333331,0.0017824122823329475
177.41666666666666,0.0011461297292912204
177.5,0.0011110540672307693
177.58333333333331,0.0007302076903688239
177.66666666666666,0.0022345318992773337
177.75,0.001867355092709891
177.83333333333331,0.0005054897765918111
177.91666666666666,0.002142609743650155
178.0,0.0029705494604417527
178.08333333333331,0.0029441245728915066
178.16666666666666,0.001886008734159483
178.25,0.0003730131029125259
178.33333333333331,0.0011856301907196161
178.41666666666666,0.0007091444008690093
178.5,0.001125920722402308
178.58333333333331,0.000999094427556455
178.66666666666666,0.0004919562068420347
178.75,0.000569588275172788
178.83333333333331,0.0013657953574283275
178.91666666666666,0.0022865018684560807
179.0,0.002033200365733799
179.08333333333331,0.00030926875561792345
179.16666666666666,0.0012457786585888593
179.25,0.001875966693135612
179.33333333333331,0.0015123395582343252
179.41666666666666,0.00101688942274738
179.5,0.0007454832196055433
179.58333333333331,0.0008479637958322872
179.66666666666666,0.0007794072176748007
179.75,0.0011495399927232532
179.83333333333331,0.002755138831186301
179.91666666666666,0.00195446468263751
180.0,0.0009082092075442965
180.08333333333331,0.0005987231581577059
180.16666666666666,0.0005945815010868677
180.25,0.0002684662063738866
180.33333333333331,0.0007126670678455397
180.41666666666666,0.0008022823790978146
180.5,0.0012792437989540047
180.58333333333331,0.0019016560935027306
180.66666666666666,0.001604940309646039
180.75,0.001309403633282085
180.83333333333331,0.0009632416496204064
180.91666666666666,0.0006876607332186356
181.0,0.0019418181138762508
181.08333333333331,0.0018663406901352378
181.16666666666666,0.00042059326446461143
181.25,0.0008462748398183122
181.33333333333331,0.0003471610887486674
181.41666666666666,0.0010461120339608399
181.5,0.001515620944992358
181.58333333333331,0.0017958975502636715
181.66666666666666,0.0015657274758843229
181.75,0.002137591357715481
181.83333333333331,0.0007596613106785225
181.91666666666666,0.0007626815301638629
182.0,0.0012980483729632592
182.08333333333331,0.0008507817997251341
182.16666666666666,0.001782354746495668
182.25,0.0023629604984103706
182.33333333333331,0.0026016201334394472
182.41666666666666,0.0018235358263690787
182.5,0.0016995301829091979
182.58333333333331,0.0027161689383445363
182.66666666666666,0.0019806245292654386
182.75,0.0021023255614496185
182.83333333333331,0.0016942788072833407
182.91666666666666,0.001023902444616277
183.0,0.0015878426588889518
183.08333333333331,0.002125154607044668
183.16666666666666,0.0014349558325308176
183.25,0.0015176258839273158
183.33333333333331,0.000839830383579415
183.41666666666666,0.0009314946326498172
183.5,0.002748766882597373
183.58333333333331,0.0023467371959329016
183.66666666666666,0.0007556876718106413
183.75,0.0007635287745143292
183.83333333333331,0.0013691467795743345
183.91666666666666,0.0013078329588122614
184.0,0.000355184679279237
184.08333333333331,0.0016727967922099852
184.16666666666666,0.001101841362116221
184.25,0.0020480646913253638
184.33333333333331,0.002896256583091327
184.41666666666666,0.002090877594980806
184.5,0.0011509931854751106
184.58333333333331,0.0013215657908089455
184.66666666666666,0.0013771544344075193
184.75,0.0008061766564985723
184.83333333333331,0.0017502880014248132
184.91666666666666,0.0011919724674077814
185.0,0.0005630640629047884
185.08333333333331,0.0005564238149664394
185.16666666666666,0.0007066860874716884
185.25,0.0004215802769927586
185.33333333333331,0.0012332336906747887
185.41666666666666,0.001854444828228837
185.5,0.0018937528258781598
185.58333333333331,0.001472233977871636
185.66666666666666,0.0007772022923927429
185.75,0.0008974431054826928
185.83333333333331,0.002232478754111007
185.91666666666666,0.0022886311436368023
186.0,0.0014283588961654654
186.08333333333331,0.0008942185474349214
186.16666666666666,0.0005238008194262808
186.25,0.0011515419262405513
186.33333333333331,0.0014872550715795756
186.41666666666666,0.0009547040373047545
186.5,0.0018271734767615346
186.58333333333331,0.0013992285037093826
186.66666666666666,0.0010813984494381756
186.75,0.0005233378894016945
186.83333333333331,0.002033536202235357
186.91666666666666,0.0029829505432108073
187.0,0.0020977289200467797
187.08333333333331,0.0003979436696889178
187.16666666666666,0.0012052009180404265
187.25,0.0024624415913704193
187.33333333333331,0.0031105994253588496
187.41666666666666,0.003027877010266127
187.5,0.002768844765083259
187.58333333333331,0.0019660587346335395
187.66666666666666,0.0021070416689879085
187.75,0.0014122175280820613
187.83333333333331,0.00046476875345702947
187.91666666666666,0.0012823274602681892
188.0,0.0025905421879733694
188.08333333333331,0.0005187115044895208
188.16666666666666,0.001808059504639251
188.25,0.00026503373644926634
188.33333333333331,0.0009020822669688886
188.41666666666666,0.0003073366064979374
188.5,0.0012417370666658765
188.58333333333331,0.0014222315193564885
188.66666666666666,0.0027628969738684355
188.75,0.0036072166379683525
188.83333333333331,0.002400741509755734
188.91666666666666,0.0010618180532211662
189.0,0.0010625911716479327
189.08333333333331,0.0010846655601083415
189.16666666666666,0.001108974024493981
189.25,0.0015558863693099557
189.33333333333331,0.0029978597615905253
189.41666666666666,0.000390716607574577
189.5,0.0015400117951075887
189.58333333333331,0.0006437995077195256
189.66666666666666,0.0007651196716761573
189.75,0.0006530368887066909
189.83333333333331,0.0020871627835021556
189.91666666666666,0.002964421827647384
190.0,0.0023644847733658454
190.08333333333331,0.0010283828570219356
190.16666666666666,0.002541115806504897
190.25,0.0008506312690649855
190.33333333333331,0.0008588022779621423
190.41666666666666,0.00029042077133721486
190.5,0.0015992252031581807
190.58333333333331,0.0020162644718586475
190.66666666666666,0.0013111356746456264
190.75,0.0006488260328383796
190.83333333333331,0.0008447680013420019
190.91666666666666,0.00033525922327719927
191.0,0.00130321665448457
191.08333333333331,0.0014198725888494841
191.16666666666666,0.0015080774813564584
191.25,0.0010052857499706258
191.33333333333331,0.001164306331504041
191.41666666666666,0.0011795125367752596
191.5,0.0005520501604207965
191.58333333333331,0.0013962835466443742
191.66666666666666,0.002335432131160341
191.75,0.0011787723260187712
191.83333333333331,0.0010246509475788203
191.91666666666666,0.0011651954011214505
192.0,0.0010837396933560648
192.08333333333331,0.0018102042519955836
192.16666666666666,0.0012411945453637992
192.25,0.0013160098836602042
192.33333333333331,0.00205474474544715
192.41666666666666,0.0018881954347539224
192.5,0.0012331497240842873
192.58333333333331,0.0011258940648932643
192.66666666666666,0.00046546218368165044
192.75,0.001737735828606772
192.83333333333331,0.0012048449053628776
192.91666666666666,0.00015655328616203122
193.0,0.0005340796291150122
193.08333333333331,0.0009105604329749863
193.16666666666666,0.001218250358831038
193.25,0.0010938632546959252
193.33333333333331,0.0013111638381875588
193.41666666666666,0.0007948740791163998
193.5,0.000752994666250677
193.58333333333331,0.0014750412010592433
193.66666666666666,0.0011029049620065873
193.75,0.001250756684634871
193.83333333333331,0.0010930561169142697
193.91666666666666,0.0012479002230837194
194.0,0.000460327418559711
194.08333333333331,0.0008974190241920928
194.16666666666666,0.00014639216748690872
194.25,0.002038790672225836
194.33333333333331,0.0010180705513205108
194.41666666666666,0.0019417367633503347
194.5,0.0017833559043175988
194.58333333333331,0.0002701977647015276
194.66666666666666,0.0008218331484358807
194.75,0.0010669327283206586
194.83333333333331,0.001470607463516046
194.91666666666666,0.0013716023714081167
195.0,0.001567614837089483
195.08333333333331,0.003165727743150331
195.16666666666666,0.002771377811582693
195.25,0.002579323858336331
195.33333333333331,0.0017590840154830493
195.41666666666666,0.00036205684396655574
195.5,0.0006126416644421306
195.58333333333331,0.0013099815598109743
195.66666666666666,0.002424232497492854
195.75,0.001548162986923122
195.83333333333331,0.002014113258431171
195.91666666666666,0.002879557484794776
196.0,0.001798970341551138
196.08333333333331,0.0006959887649063459
196.16666666666666,0.0012320724269236825
196.25,0.0018964519248666476
196.33333333333331,0.0023309549240730786
196.41666666666666,0.0016303572414701917
196.5,0.0024610154950423075
196.58333333333331,0.001729074049009387
196.66666666666666,0.000499168267187786
196.75,0.0005221563599119965
196.83333333333331,0.0002747641942017207
196.91666666666666,0.0008824482316063501
197.0,0.00025873918842409844
197.08333333333331,0.0007905344520312013
197.16666666666666,0.0015390036840327171
197.25,0.0011686617000414522
197.33333333333331,0.0002374282180077308
197.41666666666666,0.0014089023138065871
197.5,0.001789907903765229
197.58333333333331,0.00029138845524173077
197.66666666666666,0.0007440897907427363
197.75,0.0012468921599037954
197.83333333333331,0.0021071301533472256
197.91666666666666,0.0006884289893601149
198.0,0.00165239624781754
198.08333333333331,0.0008142241715791687
198.16666666666666,0.0008762784155574707
198.25,0.0006606749259556311
198.33333333333331,0.0008262832027287675
198.41666666666666,0.0024239586465507296
198.5,0.002599844714851574
198.58333333333331,0.0021359599618220064
198.66666666666666,0.0020837902746225086
198.75,0.0016112395668175345
198.83333333333331,0.0009070085018005565
198.91666666666666,0.0012835791616232336
199.0,0.0005720840508723305
199.08333333333331,0.0003057439053400243
199.16666666666666,0.0008404137311113784
199.25,0.0013083739529342997
199.33333333333331,0.00015723764120073724
199.41666666666666,0.0018274030473575435
199.5,0.0016794193451277672
199.58333333333331,0.0014755283202382242
199.66666666666666,0.0005395588643589759
199.75,0.0005818511576482532
199.83333333333331,0.0006153908301505831
199.91666666666666,0.0017053862305510445
200.0,0.0018829210744320886
200.08333333333331,0.0023056466065084426
200.16666666666666,0.0017098704256705154
200.25,0.0017459851969644387
200.33333333333331,0.001373128249585477
200.41666666666666,0.0007931146696873032
200.5,0.0006785951856256905
200.58333333333331,0.0012201178268233567
200.66666666666666,0.0017831275802369939
200.75,0.001409897119665428
200.83333333333331,0.0003799246585646777
200.91666666666666,0.0007655377256627445
201.0,0.0005518560445515342
201.08333333333331,0.0008102508768641523
201.16666666666666,0.0007228092966230017
201.25,0.002156019544187935
201.33333333333331,0.002501750514332253
201.41666666666666,0.0007489361358445442
201.5,0.000827206045401164
201.58333333333331,0.001466680631299673
201.66666666666666,0.002398281973331941
201.75,0.002627750428698463
201.83333333333331,0.0013729098420328862
201.91666666666666,0.00021519957888633363
202.0,0.000651558724002998
202.08333333333331,0.0013345715263855102
202.16666666666666,0.0020150512548080452
202.25,0.0024872970394637112
202.33333333333331,0.0020272934462870567
202.41666666666666,0.0017034783100199785
202.5,0.0016510637713802975
202.58333333333331,0.0013388694254997527
202.66666666666666,8.704267586886643e-05
202.75,0.0019656197718922754
202.83333333333331,0.0023877499701700066
202.91666666666666,0.0009001801123655511
203.0,0.0006911464283767517
203.08333333333331,0.0014704960167651981
203.16666666666666,0.0010590505013810965
203.25,0.00020843491185207192
203.33333333333331,0.0002985322891131257
203.41666666666666,0.00021331255552803417
203.5,0.0016052374189070321
203.58333333333331,0.001752775512209557
203.66666666666666,0.0015262945919482323
203.75,0.0010924517605272945
203.83333333333331,0.000483074587440813
203.91666666666666,0.0015766707551426963
204.0,0.0018945190607910025
204.08333333333331,0.0009461047695136687
204.16666666666666,0.0003160112665397351
204.25,0.0005698833484384457
204.33333333333331,0.0009346364231011121
204.41666666666666,0.00020760355293303052
204.5,0.001165931178855848
204.58333333333331,0.0027763814798620135
204.66666666666666,0.0029553447825708757
204.75,0.0015148767299317514
204.83333333333331,0.001454089675114785
204.91666666666666,0.0017647901180812503
205.0,0.0015185759180431785
205.08333333333331,0.0010130190424365215
205.16666666666666,0.00043734146198745567
205.25,0.0005826789313442327
205.33333333333331,0.0008866919319421215
205.41666666666666,0.0011663057955057718
205.5,0.00014833749443729825
205.58333333333331,0.0004141806737648685
205.66666666666666,0.0006115522947910185
205.75,0.0011529297279277658
205.83333333333331,0.0002116748034480268
205.91666666666666,0.0004628845598858909
206.0,0.0011273281702521415
206.08333333333331,0.0009308331257851808
206.16666666666666,0.0015857410302961444
206.25,0.0026309547530202447
206.33333333333331,0.0018295686115947815
206.41666666666666,0.001635734110981109
206.5,0.0013482772487500682
206.58333333333331,0.001381253530026475
206.66666666666666,0.001370571381889905
206.75,0.0016363593687045322
206.83333333333331,0.0017959791917037465
206.91666666666666,0.0016243805433494365
207.0,0.0011999105913338883
207.08333333333331,0.0006186812958737917
207.16666666666666,0.0007594135266713792
207.25,0.0010980928120377512
207.33333333333331,0.0011652836454118585
207.41666666666666,0.0011657778933581021
207.5,0.00117984121663885
207.58333333333331,0.0017490897586310919
207.66666666666666,0.0016961791829022068
207.75,0.000942578939218052
207.83333333333331,0.0009589138950297872
207.91666666666666,0.0012050934653033388
208.0,0.00040509204932862237
208.08333333333331,0.0011331954439686457
208.16666666666666,0.0006197826713155044
208.25,0.00028233164717621017
208.33333333333331,0.000435997123479508
208.41666666666666,0.0011216068647249152
208.5,0.00200439218433439
208.58333333333331,0.0020678618425062517
208.66666666666666,0.0015697414312374407
208.75,0.0014486960972168689
208.83333333333331,0.0007995784279603577
208.91666666666666,0.0009842596313759285
209.0,0.0017155653945425103
209.08333333333331,0.0014541143424337023
209.16666666666666,0.0012154970078260743
209.25,0.0011042774174169292
209.33333333333331,0.0002443149592124081
209.41666666666666,0.00140603714866888
209.5,0.0021545626809463445
209.58333333333331,0.0016425085341407498
209.66666666666666,0.0013017880629123512
209.75,0.0014185817057502867
209.83333333333331,0.0012530925744695437
209.91666666666666,0.0002569331424600062
210.0,0.0015976737214027097
210.08333333333331,0.002120011430266327
210.16666666666666,0.00022797393751916825
210.25,0.0009959825679119118
210.33333333333331,0.0006188350987869655
210.41666666666666,0.001315235610560883
210.5,0.0021530063054213374
210.58333333333331,0.001982307886466464
210.66666666666666,0.002481323235132595
210.75,0.002650070328820755
210.83333333333331,0.002164571386160982
210.91666666666666,0.0009125184246671745
211.0,0.001043380798402591
211.08333333333331,0.001915697509168618
211.16666666666666,0.0007702265491983857
211.25,0.0005205872375186185
211.33333333333331,0.000515319776273069
211.41666666666666,0.0006916468556626138
211.5,0.0007161024059531777
211.58333333333331,0.001609437052051169
211.66666666666666,0.000988523543169727
211.75,0.0006386781212017954
211.83333333333331,0.0027958507344204354
211.91666666666666,0.002536898288115819
212.0,0.000286231723367834
212.08333333333331,0.0004018459738419376
212.16666666666666,0.001045586058133169
212.25,0.0019895080400728245
212.33333333333331,0.0015423693422562247
212.41666666666666,0.0013516786917908542
212.5,0.0028125450069990394
212.58333333333331,0.0037455519515479604
212.66666666666666,0.0022669580557480523
212.75,0.0007439503658342619
212.83333333333331,0.0007840017828252165
212.91666666666666,0.0008656357425502236
213.0,0.0010005481517485404
213.08333333333331,0.00044402821986594144
213.16666666666666,0.0003858558911613458
213.25,0.0009660266068397194
213.33333333333331,0.0010275785989977823
213.41666666666666,0.0011896567096061396
213.5,0.0032537029930156604
213.58333333333331,0.0036433717533088457
213.66666666666666,0.00195510235214617
213.75,0.001463016250507658
213.83333333333331,0.0019511209592784024
213.91666666666666,0.0010441423470012414
214.0,0.0011716755693042028
214.08333333333331,0.0018858609856800127
214.16666666666666,0.0011296887066912429
214.25,0.00042085850708202473
214.33333333333331,0.0010494006009650059
214.41666666666666,0.0012539765265256744
214.5,0.0018791001771872233
214.58333333333331,0.0015793402442687828
214.66666666666666,0.0007328570127397873
214.75,0.00033824555384742445
214.83333333333331,0.0004797640486804275
214.91666666666666,0.0009366064284081133
215.0,0.0009669649115218599
215.08333333333331,0.0007679910073088348
215.16666666666666,0.0012554455431807283
215.25,0.0013238009201946173
215.33333333333331,0.00082207771556097
215.41666666666666,0.0005762201519399918
215.5,0.0012657733886950679
215.58333333333331,0.001098450270334331
215.66666666666666,0.00035645666648036217
215.75,0.000615724632198437
215.83333333333331,0.0007120219761298392
215.91666666666666,0.0006428652175967246
216.0,0.0005338469136318051
216.08333333333331,0.00032291941507163143
216.16666666666666,0.001626741943268051
216.25,0.002019338059021787
216.33333333333331,0.0010956247353524715
216.41666666666666,0.0013713633045276676
216.5,0.0020087782841480407
216.58333333333331,0.0025026492631070258
216.66666666666666,0.0015074902084262726
216.75,0.0009310636599931843
216.83333333333331,0.0016267066624108977
216.91666666666666,0.00202489256684393
217.0,0.0021772241199261755
217.08333333333331,0.0007733781108560463
217.16666666666666,0.0013718500718721551
217.25,0.0008332045218654175
217.33333333333331,0.0013609675951614386
217.41666666666666,0.0007530719443419012
217.5,0.0010108481125506953
217.58333333333331,0.0010726954118000108
217.66666666666666,0.0008477382290367399
217.75,0.0011643718638832592
217.83333333333331,0.0010367877907038235
217.91666666666666,0.0012003913777625344
218.0,0.001165651322122134
218.08333333333331,0.0006730342451799363
218.16666666666666,0.0014373398807865907
218.25,0.002945957504153178
218.33333333333331,0.0025081549827466066
218.41666666666666,0.0004991796455799991
218.5,0.0016399841715831107
218.58333333333331,0.0024999127464615896
218.66666666666666,0.002309283429886074
218.75,0.0005479024970928151
218.83333333333331,0.0010957426456493014
218.91666666666666,0.0001284453399377648
219.0,0.00038214472981661595
219.08333333333331,0.001070247438973137
219.16666666666666,0.0011020522943141577
219.25,0.001315132692134518
219.33333333333331,0.0017256584880969228
219.41666666666666,0.0005756130220816287
219.5,0.0009586846716560562
219.58333333333331,0.0018321521625560854
219.66666666666666,0.0017597379441486201
219.75,0.0009837890354902703
219.83333333333331,0.000917226896594958
219.91666666666666,0.0001624224205424404
220.0,0.0007883539789646714
220.08333333333331,0.0006211018285819098
220.16666666666666,0.0007727240188399888
220.25,0.0003809083243031946
220.33333333333331,0.0008156333778652748
220.41666666666666,0.0007743149836548911
220.5,0.0010173082881940161
220.58333333333331,0.0013641972729697264
220.66666666666666,0.0005791594979900187
220.75,0.0009671029953366532
220.83333333333331,0.0023503150618238854
220.91666666666666,0.0018925979608673596
221.0,0.0020193469720164482
221.08333333333331,0.0012960602486294943
221.16666666666666,0.00047686663928205475
221.25,0.0011374809131382317
221.33333333333331,0.001483178416437986
221.41666666666666,0.0013415276828956833
221.5,0.0012865732354429454
221.58333333333331,0.0018205323389416576
221.66666666666666,0.0013577071964308248
221.75,0.00043027016733937674
221.83333333333331,0.001307500918543304
221.91666666666666,0.002578940743610304
222.0,0.0031104169352724016
222.08333333333331,0.002289776466073763
222.16666666666666,0.0009678602212640116
222.25,0.0013293181484920862
222.33333333333331,0.0015422361696669003
222.41666666666666,0.0002865411724202136
222.5,0.0006740721535305682
222.58333333333331,0.0005411383273633708
222.66666666666666,0.0011232356718844881
222.75,0.0011440957635418135
222.83333333333331,0.00042564779244104987
222.91666666666666,0.0002842460181227471
223.0,0.001099530628134718
223.08333333333331,0.0018558328513181932
223.16666666666666,0.0018123401728419339
223.25,0.0008285905431583709
223.33333333333331,0.001260905335291623
223.41666666666666,0.0010612869671878505
223.5,0.000280313039202613
223.58333333333331,0.0010579096275849095
223.66666666666666,0.0015732944711594084
223.75,0.0011414793413944979
223.83333333333331,0.0021134752223793377
223.91666666666666,0.0015758964076909617
224.0,0.00018292271970661803
224.08333333333331,0.0005544796369541654
224.16666666666666,0.0012947375421826595
224.25,0.0008915100306039289
224.33333333333331,0.0006391216788577395
224.41666666666666,0.0017055774401097817
224.5,0.0024326467937200204
224.58333333333331,0.0016596379752800362
224.66666666666666,0.001149312189686641
224.75,0.001213597952391403
224.83333333333331,0.0008184214240408673
224.91666666666666,0.0012845125458656058
225.0,0.0016712901252618902
225.08333333333331,0.0013901484090886017
225.16666666666666,0.0014875379807353468
225.25,0.0006471370231831136
225.33333333333331,0.0010412134182025358
225.41666666666666,0.0007743261558160264
225.5,0.0010181074333654215
225.58333333333331,0.0016136182076290442
225.66666666666666,0.0016570041526250071
225.75,0.0013223724251060019
225.83333333333331,0.0007911727144557049
225.91666666666666,0.000505518545784117
226.0,0.0006471936611629383
226.08333333333331,0.0010228384905798728
226.16666666666666,0.0008633766243473308
226.25,0.0008573712554728516
226.33333333333331,0.0007662754769697682
226.41666666666666,0.0009012885880187714
226.5,0.0015172373698203975
226.58333333333331,0.0007964348910751866
226.66666666666666,0.0006875940895506909
226.75,0.001918818622234374
226.83333333333331,0.0014477868374047677
226.91666666666666,0.0013308540289318463
227.0,0.001138614309478433
227.08333333333331,0.00016240991996423383
227.16666666666666,0.0010593783024142565
227.25,0.0009273689863817972
227.33333333333331,0.0016227047275459653
227.41666666666666,0.001275655259200707
227.5,0.0008570872914087322
227.58333333333331,0.0013913366779737266
227.66666666666666,0.00169401110098922
227.75,0.0011403861104176294
227.83333333333331,0.0009229873047832184
227.91666666666666,0.0020916517982818078
228.0,0.0016621771436524503
228.08333333333331,0.0012194259216402109
228.16666666666666,0.0020295934408619057
228.25,0.0020240669149975306
228.33333333333331,0.0026391348459361926
228.41666666666666,0.0020431526511373423
228.5,0.0004302462954028919
228.58333333333331,0.0014094073380867284
228.66666666666666,0.0018475661302783692
228.75,0.00048332046238589295
228.83333333333331,0.0009725332026472321
228.91666666666666,0.0009114146882612917
229.0,0.0016984917078202914
229.08333333333331,0.0013317473790269148
229.16666666666666,0.00098322177747165
229.25,0.0007230881255992172
229.33333333333331,0.00011182623529261766
229.41666666666666,0.0012970839232290447
229.5,0.0016927394395280571
229.58333333333331,0.0011671880169981177
229.66666666666666,0.0008511564234377382
229.75,0.00018990155881218072
229.83333333333331,0.00044311913970128793
229.91666666666666,0.0005421532843504562
230.0,0.0008533438532665633
230.08333333333331,0.0011432875278272348
230.16666666666666,0.0013851665291356133
230.25,0.0008161555958600651
230.33333333333331,0.0005599446911985008
230.41666666666666,0.0016159740945501763
230.5,0.0023778985641257073
230.58333333333331,0.0015017918756269723
230.66666666666666,0.0012385790774799075
230.75,0.0006111834833668495
230.83333333333331,0.0016495406337676927
230.91666666666666,0.002046521287830291
231.0,0.002628935188258943
231.08333333333331,0.0035658872502901634
231.16666666666666,0.002968566839649616
231.25,0.0018814414982973682
231.33333333333331,0.0017642285256834777
231.41666666666666,0.0006271139758720012
231.5,0.00037432226954893895
231.58333333333331,0.000312447575396898
231.66666666666666,0.0017249751382311688
231.75,0.0019512611377800234
231.83333333333331,0.00013985771969195557
231.91666666666666,0.0011251135549250162
232.0,0.00018546873411093894
232.08333333333331,0.00023063054754428067
232.16666666666666,0.0012796276881595241
232.25,0.002321445443696019
232.33333333333331,0.0018947360058873574
232.41666666666666,0.000611021457959971
232.5,0.0014458672429460274
232.58333333333331,0.002129373937084125
232.66666666666666,0.0016362972731150762
232.75,0.0005286728710492967
232.83333333333331,0.0017559880416000914
232.91666666666666,0.0008957870340607904
233.0,0.0012340040016373226
233.08333333333331,0.0019610709286636925
233.16666666666666,0.0019975930919708088
233.25,0.0016596129608166066
233.33333333333331,0.0012969276871703662
233.41666666666666,0.0006602380323454572
233.5,0.0007401814931902698
233.58333333333331,0.001265611349013578
233.66666666666666,0.0005820800019904934
233.75,0.00027161615673701293
233.83333333333331,0.0010415703491933842
233.91666666666666,0.0015380188611079533
234.0,0.0009078445988733376
234.08333333333331,0.0016833576243874095
234.16666666666666,0.0011415503314973186
234.25,0.0007701961814021723
234.33333333333331,0.0013203024739438785
234.41666666666666,0.00039086139715733566
234.5,0.001331775932738164
234.58333333333331,0.002917656249908331
234.66666666666666,0.003092062199053773
234.75,0.0017812454197188897
234.83333333333331,0.0005620170323779807
234.91666666666666,0.0006644698466319762
235.0,0.00024870888305894795
235.08333333333331,0.0010553213802124836
235.16666666666666,0.0012703317677850074
235.25,0.0009514619591158056
235.33333333333331,0.0007604127535463188
235.41666666666666,0.0007730475256264239
235.5,0.0010331028629875561
235.58333333333331,0.0021149393411365753
235.66666666666666,0.001456744654797897
235.75,0.00028516787725735727
235.83333333333331,0.0009667014853811107
235.91666666666666,0.0013224952019013515
236.0,0.000559068080206308
236.08333333333331,0.00034257642796506907
236.16666666666666,0.0006212841830138321
236.25,0.0016119378217726334
236.33333333333331,0.0018305901900897924
236.41666666666666,0.0005717431689704403
236.5,0.0022312139497748214
236.58333333333331,0.0025094123818282343
236.66666666666666,0.002081523227479037
236.75,0.0007072243484557278
236.83333333333331,0.0006072558826474779
236.91666666666666,0.00040537034589433716
237.0,0.0008648653066065041
237.08333333333331,0.00043123492800115884
237.16666666666666,0.0003151940191330619
237.25,0.0009279789018179246
237.33333333333331,0.0010905086760384518
237.41666666666666,0.0009114537810458688
237.5,0.00024206425653084822
237.58333333333331,0.00031421981554250464
237.66666666666666,0.0011631109458760706
237.75,0.0007105812025053978
237.83333333333331,0.0010325570839974897
237.91666666666666,0.001434765379193504
238.0,0.0017401513044889873
238.08333333333331,0.000690437690668704
238.16666666666666,0.0009314890246201458
238.25,0.0017966123025777278
238.33333333333331,0.0019804001022399515
238.41666666666666,0.0012653619721741908
238.5,7.970093803082379e-05
238.58333333333331,0.0013272268620251586
238.66666666666666,0.002168408317959171
238.75,0.0022505035762180815
238.83333333333331,0.001684709677005795
238.91666666666666,0.001924798025168566
239.0,0.0017953866440538462
239.08333333333331,0.0009079942849108362
239.16666666666666,0.0006626031358683589
239.25,0.0009579604097489318
239.33333333333331,0.0008021636963954653
239.41666666666666,0.0021116985672835873
239.5,0.001993696765180432
239.58333333333331,0.0016595004435595285
239.66666666666666,0.0016494184877345241
239.75,0.000681984384164593
239.83333333333331,0.0006075090628979889
239.91666666666666,0.0006887082795682811
240.0,0.0003650314871359347
240.08333333333331,0.0009482596984153571
240.16666666666666,0.00137800057446472
240.25,0.00207056205731371
240.33333333333331,0.0015469873775162217
240.41666666666666,0.0008800857019191603
240.5,0.001063147206332718
240.58333333333331,0.0008159422217801208
240.66666666666666,0.0008252751062500004
240.75,0.0011662328471685236
240.83333333333331,0.0009038360146079328
240.91666666666666,0.0005898664042500379
241.0,0.0012998182264875166
241.08333333333331,0.0010180673447109216
241.16666666666666,0.0012761223720712711
241.25,0.0018561929347830994
241.33333333333331,0.0010591373995496437
241.41666666666666,6.995854423981386e-05
241.5,0.0013080155874376231
241.58333333333331,0.001431233325395189
241.66666666666666,0.0012123435898249374
241.75,0.00185700092867341
241.83333333333331,0.0017541399671197528
241.91666666666666,0.001599191460370246
242.0,0.0016670154331108434
242.08333333333331,0.0011796786637402472
242.16666666666666,0.0011980437566544862
242.25,0.0007058257582282201
242.33333333333331,0.000257182346849802
242.41666666666666,0.0005049996926631001
242.5,0.0008442483132085113
242.58333333333331,0.0007863032092067744
242.66666666666666,0.0006933244478959842
242.75,0.0006442528442004408
242.83333333333331,0.000432004789550513
242.91666666666666,0.0002904531949915142
243.0,0.0011736731424510844
243.08333333333331,0.0010111417698237945
243.16666666666666,0.0007331779395065073
243.25,0.0008675390391944253
243.33333333333331,0.0007808274203312279
243.41666666666666,0.0005555661788857522
243.5,0.0008882922246297877
243.58333333333331,0.0005217777170636562
243.66666666666666,0.0017981562778292726
243.75,0.0017847682994015083
243.83333333333331,0.000986813785953091
243.91666666666666,0.000667398703080501
244.0,0.00043140201588561265
244.08333333333331,0.0002433978447141759
244.16666666666666,0.0008349990794753004
244.25,0.0008297396580081868
244.33333333333331,0.0010160160615358394
244.41666666666666,0.0013612513185328298
244.5,0.0012926419358250214
244.58333333333331,0.001460515771888654
244.66666666666666,0.0007805837486043626
244.75,0.0010252201509342422
244.83333333333331,0.0010249675191995515
244.91666666666666,0.00031377712250793246
245.0,0.00047648677752293837
245.08333333333331,0.0008921014977810973
245.16666666666666,0.0001410572515812263
245.25,0.0005694874738947451
245.33333333333331,0.0006164699145474536
245.41666666666666,0.0006349060674829153
245.5,0.0015716677056347376
245.58333333333331,0.001651594848383423
245.66666666666666,0.0012818157643139725
245.75,0.0017392377032465311
245.83333333333331,0.0020115006815434253
245.91666666666666,0.0017275167808160196
246.0,0.0018471563704691688
246.08333333333331,0.0023011493659800143
246.16666666666666,0.0016418436421183277
246.25,0.002059440803786384
246.33333333333331,0.0020712319335527978
246.41666666666666,0.0004944913164426758
246.5,0.0005799099232040096
246.58333333333331,0.0009572365269721411
246.66666666666666,0.0022781073606315365
246.75,0.00241845552011986
246.83333333333331,0.0018353757209337994
246.91666666666666,0.00027223027054164707
247.0,0.00012766900312741316
247.08333333333331,0.0010461468363643382
247.16666666666666,0.001197633993616829
247.25,0.0011922981123858353
247.33333333333331,0.001151723548783099
247.41666666666666,0.0006945210767620783
247.5,0.0005528803141824351
247.58333333333331,0.001068204401312737
247.66666666666666,0.0016123286751897172
247.75,0.0012764348361071832
247.83333333333331,0.001025331444922462
247.91666666666666,0.0006773211862897519
248.0,0.0004946001099501996
248.08333333333331,0.0005870779841922909
248.16666666666666,0.0007085057970209253
248.25,0.0010245489872208685
248.33333333333331,0.0014858290121522357
248.41666666666666,0.0005015786566921765
248.5,0.0007318306746509579
248.58333333333331,0.0005221366888270355
248.66666666666666,9.658254171711175e-05
248.75,0.0006053944088390501
248.83333333333331,0.0009935817510489668
248.91666666666666,0.0012953668735991289
249.0,0.0010434215883951452
249.08333333333331,0.000476564858714919
249.16666666666666,0.0014126285001688614
249.25,0.0010691844610902627
249.33333333333331,0.001110155371191106
249.41666666666666,0.0013174841455115052
249.5,0.0008273700498357203
249.58333333333331,0.0012313839727115267
249.66666666666666,0.0017609435466490301
249.75,0.001847902783079569
249.83333333333331,0.0017977129626375607
249.91666666666666,0.0006255898849527056
250.0,0.000774047877528504
250.08333333333331,0.0010407574616955505
250.16666666666666,0.0005835726599235047
250.25,0.0005015427600843767
250.33333333333331,0.00038238926952864253
250.41666666666666,0.00015950377702718833
250.5,0.0012462027813263886
250.58333333333331,0.001369182292640193
250.66666666666666,0.0006444987095347471
250.75,0.0009606073130672955
250.83333333333331,0.00020406299709575858
250.91666666666666,0.0004445281863658155
251.0,0.0013462553500412017
251.08333333333331,0.0009195603882076169
251.16666666666666,0.0002956566511693837
251.25,0.0005504976884661624
251.33333333333331,0.000743685626186686
251.41666666666666,0.0005562120783175378
251.5,0.0010681187314760389
251.58333333333331,0.000835817261369602
251.66666666666666,0.001037860948051472
251.75,0.0012000616238605905
251.83333333333331,0.0011926020060803724
251.91666666666666,0.001174651347674086
252.0,0.0026368535858081075
252.08333333333331,0.0031817221381428497
252.16666666666666,0.001100280255520155
252.25,0.0009994596622439989
252.33333333333331,0.0004508802963626539
252.41666666666666,0.0012657111325317181
252.5,0.0020071271868812974
252.58333333333331,0.0017264647752432978
252.66666666666666,0.0008489254566825702
252.75,0.0008369568451958666
252.83333333333331,0.0015683687397047895
252.91666666666666,0.0021948371371419756
253.0,0.001392663587835738
253.08333333333331,0.0013793740460495416
253.16666666666666,0.0013145914717639451
253.25,0.0012975098988203598
253.33333333333331,0.0027775579793734217
253.41666666666666,0.0022160043974167624
253.5,0.0020344680416496427
253.58333333333331,0.0019218448093054658
253.66666666666666,0.0018413306974826781
253.75,0.001732166544174548
253.83333333333331,0.0010902641346636566
253.91666666666666,0.0009439963994720498
254.0,0.0010156451047238816
254.08333333333331,0.0007823599653743658
254.16666666666666,0.0005803753104362195
254.25,0.0005730057168938373
254.33333333333331,0.0005553758394325536
254.41666666666666,0.0014385378822210644
254.5,0.0012095837033748527
254.58333333333331,0.0004989070527173072
254.66666666666666,0.000962073698064617
254.75,0.00033638311714619774
254.83333333333331,0.0011419526116695125
254.91666666666666,0.00036927422480764033
255.0,0.0007686462867010892
255.08333333333331,0.000582555573896829
255.16666666666666,0.0009511248048549312
255.25,0.00028007542321720197
255.33333333333331,3.774636699739818e-05
255.41666666666666,0.0010492605508831663
255.5,0.0010814853374890587
255.58333333333331,0.0003571357934610639
255.66666666666666,0.0004242706534547485
255.75,0.0011502433790966289
255.83333333333331,0.0012758759325096419
255.91666666666666,0.0012761354352949273
256.0,0.0016890640312870744
256.0833333333333,0.0010808936330698729
256.16666666666663,0.00011765260810910283
256.25,0.00032300278425888854
256.3333333333333,0.0004477609185471981
256.41666666666663,0.0012339773724256
256.5,0.0011094958057541104
256.5833333333333,0.0004197332642973499
256.66666666666663,0.0004905230726102293
256.75,0.000221626378175097
256.8333333333333,0.0007711471812520531
256.91666666666663,0.0006359534851188774
257.0,0.0014282752497210192
257.0833333333333,0.002072020775175883
257.16666666666663,0.0026515332449265883
257.25,0.0024307516136728383
257.3333333333333,0.0024854873637509705
257.41666666666663,0.0018411501161304314
257.5,0.0006446191744154449
257.5833333333333,0.0006352408283478461
257.66666666666663,0.0005899844229733587
257.75,0.0008414594710114629
257.8333333333333,0.0005224549968300228
257.91666666666663,0.0005476887680106796
258.0,0.0020541563537043823
258.0833333333333,0.001877452444825475
258.16666666666663,0.0005794899930275581
258.25,0.0002708016759377497
258.3333333333333,0.0005480712463720592
258.41666666666663,0.0008894962443404784
258.5,0.0009095320099480734
258.5833333333333,0.0006733318301956508
258.66666666666663,0.001211158567265151
258.75,0.0013850409421343407
258.8333333333333,0.000615124296525079
258.91666666666663,0.0010241066704807472
259.0,0.0017740171577518525
259.0833333333333,0.0014825397792324186
259.16666666666663,0.0007415914080955802
259.25,0.0007529952196930717
259.3333333333333,0.00028907639755443114
259.41666666666663,0.0019867727156484523
259.5,0.002973963983479656
259.5833333333333,0.0019885031097515472
259.66666666666663,0.0018864752424059368
259.75,0.000377916719721467
259.8333333333333,0.001202363926629244
259.91666666666663,0.0007754242618681222
260.0,0.0008280969422023084
260.0833333333333,0.0006167097160071353
260.16666666666663,0.0005867431187168873
260.25,0.0011582632073117197
260.3333333333333,0.001388104801442598
260.41666666666663,0.000987860041519931
260.5,0.0015060505600891123
260.5833333333333,0.0015731479882545765
260.66666666666663,0.0009170443959935924
260.75,0.0007071878002635981
260.8333333333333,0.0005822389655999588
260.91666666666663,9.040923508611702e-05
261.0,0.0009991259814303112
261.0833333333333,0.0013882416388388131
261.16666666666663,0.0015730400161204435
261.25,0.001061637972159891
261.3333333333333,0.00022931526146164057
261.41666666666663,0.001024736575879168
261.5,0.0009915425286489007
261.5833333333333,0.0006681688623279467
261.66666666666663,0.00029601537158501504
261.75,0.0017497155165951646
261.8333333333333,0.001448290916482662
261.91666666666663,0.0005962393315402535
262.0,0.0008227676695002976
262.0833333333333,0.002342202935269445
262.16666666666663,0.0011879878619551877
262.25,0.000756698435536689
262.3333333333333,0.0009748810983229761
262.41666666666663,0.0003992486382848342
262.5,0.0006596993822318235
262.5833333333333,0.000953147273446909
262.66666666666663,0.000538144699390733
262.75,0.000732032738535895
262.8333333333333,0.00038572932761986355
262.91666666666663,0.0006085238230201449
263.0,0.001043861749024684
263.0833333333333,0.0009739763387406046
263.16666666666663,0.00039348195727437657
263.25,0.0006183647389982553
263.3333333333333,0.0008929795685854121
263.41666666666663,0.0018613997261167866
263.5,0.0019854892289163976
263.5833333333333,0.001032797034854389
263.66666666666663,0.0007469787459761217
263.75,0.0002632441198586175
263.8333333333333,0.0005778594738560242
263.91666666666663,0.0004827739579961613
264.0,0.00031942204297043226
264.0833333333333,0.00045798215366394887
264.16666666666663,0.0007362615282837849
264.25,0.0003793314221954728
264.3333333333333,0.0012251693567693236
264.41666666666663,0.00013823272456646159
264.5,0.0006282862372144407
264.5833333333333,0.0003901453572443943
264.66666666666663,0.001989888405843303
264.75,0.0029192311273469056
264.8333333333333,0.002771366488334732
264.91666666666663,0.000994389462707405
265.0,0.0016150328767674514
265.0833333333333,0.0010090516399656642
265.16666666666663,0.000724059533987621
265.25,0.0016938648803479033
265.3333333333333,0.0018495600060951395
265.41666666666663,0.0013620233135450653
265.5,0.0005574993933136148
265.5833333333333,0.0007412229935142617
265.66666666666663,0.0009063601651063489
265.75,0.0013697609627456413
265.8333333333333,0.0005550326278985873
265.91666666666663,0.0006501235094398564
266.0,0.0010223104249574614
266.0833333333333,0.0017574336657442886
266.16666666666663,0.0022815850638964468
266.25,0.0020492404597684507
266.3333333333333,0.0015640899063404377
266.41666666666663,0.0012335306591524267
266.5,0.0010075669644968746
266.5833333333333,0.0020065017640881933
266.66666666666663,0.0011241775772621108
266.75,0.00025341807529432844
266.8333333333333,0.0006888196633827361
266.91666666666663,0.0010111917629436864
267.0,0.000606353668985462
267.0833333333333,0.0009760791488087261
267.16666666666663,0.0007197879084078954
267.25,0.0002257177080461199
267.3333333333333,0.0006709003617597817
267.41666666666663,0.0009733034799315973
267.5,0.001563464206178501
267.5833333333333,0.0008366043571912276
267.66666666666663,0.0017733657674922584
267.75,0.001977217947106214
267.8333333333333,0.0014651264156938712
267.91666666666663,0.0004691115156135367
268.0,0.000892902820055774
268.0833333333333,0.0004499345736589667
268.16666666666663,0.000552476742236264
268.25,0.0008629011462389852
268.3333333333333,0.001782239935076994
268.41666666666663,0.0014156691766304401
268.5,0.0017314362851965355
268.5833333333333,0.002558675529119584
268.66666666666663,0.0013170368761268995
268.75,0.0006323353855271901
268.8333333333333,0.0016623226800037646
268.91666666666663,0.001266562876956144
269.0,0.00047035605369102353
269.0833333333333,0.000317030894484
269.16666666666663,0.0005265399025723164
269.25,0.0007048716844482532
269.3333333333333,0.0006983379654966188
269.41666666666663,0.0007344854518723582
269.5,0.0016457687100485028
269.5833333333333,0.0005479180611472819
269.66666666666663,0.0012391219957468903
269.75,0.0012187043078645905
269.8333333333333,0.001371255499862976
269.91666666666663,0.0010139508690652668
270.0,0.0010020971117742409
270.0833333333333,0.0006878019243943626
270.16666666666663,0.0014037176878851547
270.25,0.0023021066634431432
270.3333333333333,0.0012594252896400216
270.41666666666663,0.0009274904292782625
270.5,0.0005429439083626109
270.5833333333333,0.0008461443551031043
270.66666666666663,0.0008211673438327725
270.75,0.0007608158805446711
270.8333333333333,0.0006173720432683181
270.91666666666663,0.00011123976309409991
271.0,0.0011826124048326559
271.0833333333333,0.0007691811106350811
271.16666666666663,0.0014543779259423592
271.25,0.0021919282607742903
271.3333333333333,0.0014051798622889554
271.41666666666663,0.0008702657193729626
271.5,0.0006320222417126246
271.5833333333333,0.0008742268082885915
271.66666666666663,0.0011756323673824827
271.75,0.0024246466302350962
271.8333333333333,0.001736237870527197
271.91666666666663,0.0010952939016138081
272.0,0.0011978256522985357
272.0833333333333,0.0006377654123676242
272.16666666666663,0.0005899509279484326
272.25,0.0007055647854403915
272.3333333333333,0.0011721608048279686
272.41666666666663,0.0007071873922849171
272.5,0.0013631896499304002
272.5833333333333,0.001944151117758565
272.66666666666663,0.0015811061116842327
272.75,0.0023458434087711938
272.8333333333333,0.0022200838409143432
272.91666666666663,0.0018639299914340397
273.0,0.0019121690100581063
273.0833333333333,0.0011843139528360774
273.16666666666663,0.0004927086402180148
273.25,0.0008480479941332162
273.3333333333333,0.001343326333275418
273.41666666666663,0.0003802891927749566
273.5,0.0012812626507188597
273.5833333333333,0.0015169393683846849
273.66666666666663,0.0011619014940994136
273.75,0.0005846577883464079
273.8333333333333,0.0011840858567548369
273.91666666666663,0.0010860274926807892
274.0,0.002632064494613313
274.0833333333333,0.002726730676845761
274.16666666666663,0.001584602022395821
274.25,0.00011883875381589705
274.3333333333333,0.0005923029262912235
274.41666666666663,0.00043242217995533987
274.5,0.001217441087783461
274.5833333333333,0.0016755710756153064
274.66666666666663,0.001605103391759433
274.75,0.0008412780759386654
274.8333333333333,0.0005195290157371015
274.91666666666663,0.0009329695198323384
275.0,0.0023725692590170185
275.0833333333333,0.0026638322938147196
275.16666666666663,0.0009719796613284441
275.25,0.0010002136080040672
275.3333333333333,0.0009561484907800165
275.41666666666663,0.0007508640173087154
275.5,0.001907684110760628
275.5833333333333,0.002028248095021839
275.66666666666663,0.0010662724967085274
275.75,0.001398633157263184
275.8333333333333,0.0022786623762414355
275.91666666666663,0.0019572668548722034
276.0,0.001245023659121919
276.0833333333333,0.00040668042016998765
276.16666666666663,0.000764291222075474
276.25,0.00224535799661534
276.3333333333333,0.0028187827334620313
276.41666666666663,0.0019355844187630878
276.5,0.0008228067413149001
276.5833333333333,0.000491487155697549
276.66666666666663,0.0011459957630834223
276.75,0.0005050501488989674
276.8333333333333,0.0005901816919917788
276.91666666666663,0.0002510341231167902
277.0,0.0008075765363672819
277.0833333333333,0.0014045270890819027
277.16666666666663,0.0018230948630804818
277.25,0.0013277142879163212
277.3333333333333,0.0006928864267150253
277.41666666666663,0.002281440310078475
277.5,0.002689388267407834
277.5833333333333,0.000602999880709572
277.66666666666663,0.0007920898657285803
277.75,0.00047109356018600946
277.8333333333333,0.00023407767067261268
277.91666666666663,0.00021218769644372622
278.0,0.000894474820303096
278.0833333333333,0.0012533013894445583
278.16666666666663,0.0007543717810303724
278.25,0.0023098146102136555
278.3333333333333,0.00214035056882254
278.41666666666663,0.0005993356776443475
278.5,0.00039687349967332133
278.5833333333333,5.33473052432994e-05
278.66666666666663,0.0005669147473844684
278.75,0.0013891197573162306
278.8333333333333,0.0006412336597945057
278.91666666666663,0.0010270978148357647
279.0,0.001211396826251011
279.0833333333333,0.0005255699685359609
279.16666666666663,0.0013519347794967722
279.25,0.0017345225606022485
279.3333333333333,0.0016983132031567994
279.41666666666663,0.0018891703939906829
279.5,0.001561335568436154
279.5833333333333,0.0003738084258920085
279.66666666666663,0.001264766393671327
279.75,0.0009110402448191627
279.8333333333333,0.0013123650315083261
279.91666666666663,0.001714164561005437
280.0,0.001387862638799984
280.0833333333333,0.0005593228124367214
280.16666666666663,0.0007311745418388139
280.25,0.0013393079287210283
280.3333333333333,0.0016981415916711932
280.41666666666663,0.0016456652877248014
280.5,0.0008312531632329288
280.5833333333333,0.0006892592168593783
280.66666666666663,0.0012837155637155137
280.75,0.0006719002736551273
280.8333333333333,0.0006034982743160705
280.91666666666663,0.0015946987436079297
281.0,0.0017524754672683669
281.0833333333333,0.0012135699565176664
281.16666666666663,0.001087829017463606
281.25,0.00025969385572024783
281.3333333333333,0.001221484904236234
281.41666666666663,0.0009460123069018337
281.5,0.001334167864120822
281.5833333333333,0.002271056574553501
281.66666666666663,0.0012400322715993921
281.75,0.0007572089009606867
281.8333333333333,0.0008229194957515744
281.91666666666663,0.0006502389590952969
282.0,0.0010070810822599488
282.0833333333333,0.001477443634834771
282.16666666666663,0.0011038751882462223
282.25,0.0005014305862364646
282.3333333333333,0.0007335008015852718
282.41666666666663,0.002001986234193742
282.5,0.002356146689456267
282.5833333333333,0.0007518653628760846
282.66666666666663,0.0003178601105873176
282.75,0.0007538463975685114
282.8333333333333,0.0012093426568211955
282.91666666666663,0.0008329527766182202
283.0,0.000807860776086265
283.0833333333333,0.00045030926730458854
283.16666666666663,0.0005778190208057244
283.25,0.0011288374629030034
283.3333333333333,0.002072025463932096
283.41666666666663,0.0031637092042562814
283.5,0.0029652442659684037
283.5833333333333,0.001083934547342551
283.66666666666663,0.001502153890734494
283.75,0.0009605731955245754
283.8333333333333,0.0008108164658970407
283.91666666666663,0.0011257730748929645
284.0,0.002045384897090116
284.0833333333333,0.0017133645938935168
284.16666666666663,0.0021614154826022545
284.25,0.0009746706462840857
284.3333333333333,0.00025931380509506354
284.41666666666663,0.001253921677396684
284.5,0.0021861022212590737
284.5833333333333,0.00015827151618489943
284.66666666666663,0.002223249976747568
284.75,0.0015240396306003925
284.8333333333333,0.00038099141917134863
284.91666666666663,0.0004698725605983247
285.0,0.00023276449157440835
285.0833333333333,0.0015109586448715275
285.16666666666663,0.0017976464832988204
285.25,0.0005251310216315488
285.3333333333333,0.00034490834251429015
285.41666666666663,0.0007986303794211538
285.5,0.0010135040355224029
285.5833333333333,0.00041602560577291695
285.66666666666663,0.0010548307377028258
285.75,0.0014590450810361489
285.8333333333333,0.0007746307896477167
285.91666666666663,0.0008851709246394255
286.0,0.0009264136719494918
286.0833333333333,0.0007993528544179737
286.16666666666663,0.000575174717088743
286.25,0.00023314126793034303
286.3333333333333,0.0006103836619788727
286.41666666666663,0.0012303053913775837
286.5,0.0014833643119686385
286.5833333333333,0.0009950244682878438
286.66666666666663,0.0016450483027312906
286.75,0.0027450360726249626
286.8333333333333,0.0020414725495033
286.91666666666663,0.0009893487662307706
287.0,0.0009618122718495282
287.0833333333333,0.001129947011151121
287.16666666666663,0.0005534883374069595
287.25,0.0011229250169111453
287.3333333333333,0.000560352882768164
287.41666666666663,0.0007995159272659608
287.5,0.0008571110617421306
287.5833333333333,0.0008248421085248714
287.66666666666663,0.001251078321168247
287.75,0.0013251342119546506
287.8333333333333,0.0013278412592478796
287.91666666666663,0.0026207373312296714
288.0,0.0016427251156450099
288.0833333333333,0.0006589520513390708
288.16666666666663,0.00022943767724684707
288.25,0.0005760083371376418
288.3333333333333,0.0009424727670133301
288.41666666666663,0.0002511415453333713
288.5,0.0013820349337895982
288.5833333333333,0.0005821638545586659
288.66666666666663,0.0008883333505513922
288.75,0.00034515499178009254
288.8333333333333,0.0008426871529996727
288.91666666666663,0.0007558209030137402
289.0,0.0009463963548315347
289.0833333333333,0.002062738995310384
289.16666666666663,0.0010819623498912454
289.25,0.0005332539981096147
289.3333333333333,0.0010113043402893954
289.41666666666663,0.0012944536469418164
289.5,0.001701613176624397
289.5833333333333,0.001235217841087882
289.66666666666663,0.0004994507122158338
289.75,0.0015651442248020824
289.8333333333333,0.0018696612440717284
289.91666666666663,0.0017063770030957032
290.0,0.0011215291763835974
290.0833333333333,0.0014539071341789888
290.16666666666663,0.00198200408604492
290.25,0.0006865320351439465
290.3333333333333,0.0003800702947509814
290.41666666666663,0.0005092108818445282
290.5,0.0016378655008104882
290.5833333333333,0.0011701284223686538
290.66666666666663,0.0009910045953458577
290.75,0.0016074505059854856
290.8333333333333,0.0019929153485402393
290.91666666666663,0.0007894234511333015
291.0,0.0010636165302556533
291.0833333333333,0.0009420239825378932
291.16666666666663,0.0003234022040698244
291.25,0.001220844211294393
291.3333333333333,0.0016238085750748263
291.41666666666663,0.000695542528302998
291.5,0.0007299057924743347
291.5833333333333,0.0006737189193837616
291.66666666666663,0.0008904102478111206
291.75,0.0013155377275313178
291.8333333333333,0.0011000601531069663
291.91666666666663,0.00161104781572951
292.0,0.0012711707506435686
292.0833333333333,0.0004957241576925065
292.16666666666663,0.0011602930542344361
292.25,0.0006648869319973184
292.3333333333333,0.0005202081234372329
292.41666666666663,0.0007002131512279818
292.5,0.0005633905813307174
292.5833333333333,0.0014465508681107298
292.66666666666663,0.0020244857787494303
292.75,0.0011108462150220015
292.8333333333333,0.00017213393182880708
292.91666666666663,0.00041848865333671747
293.0,0.0011991650974081825
293.0833333333333,0.0008846676007353298
293.16666666666663,0.0011681471291339145
293.25,0.001334697870622809
293.3333333333333,0.002265698901753288
293.41666666666663,0.00220698077369705
293.5,0.0010370211532498672
293.5833333333333,0.0008912804840290931
293.66666666666663,0.0018629894731268897
293.75,0.0012442487003194807
293.8333333333333,0.0007964782126757024
293.91666666666663,0.0012078784787964616
294.0,0.0008587593727076811
294.0833333333333,0.0006261681398306341
294.16666666666663,0.0015610412481306536
294.25,0.002633895436141101
294.3333333333333,0.002218970071993755
294.41666666666663,0.0017441470452503659
294.5,0.0010401950737527791
294.5833333333333,0.00044207049310100076
294.66666666666663,0.0010826668164783475
294.75,0.0012405006890000875
294.8333333333333,0.0006199737059998968
294.91666666666663,0.0007961977775616919
295.0,0.0007079201844683647
295.0833333333333,0.0005154189009283256
295.16666666666663,0.0008098501675138246
295.25,0.0002613803199087618
295.3333333333333,0.0003327754533508297
295.41666666666663,0.0002725929964173166
295.5,0.0008359467315251162
295.5833333333333,0.0005599632544001081
295.66666666666663,0.000864474868151396
295.75,0.000796992592844015
295.8333333333333,0.0008374768134715958
295.91666666666663,0.0005438173403628113
296.0,0.00044990662682711406
296.0833333333333,0.0009721785030627838
296.16666666666663,0.0022590194749782105
296.25,0.0017332849651889967
296.3333333333333,0.0008665671326779604
296.41666666666663,0.0006712691897734576
296.5,0.0006262505939177541
296.5833333333333,0.00023925343546575428
296.66666666666663,0.0010269988691850584
296.75,0.0010458864629458483
296.8333333333333,0.001386363101832856
296.91666666666663,0.002135800199365987
297.0,0.0020896211679111497
297.0833333333333,0.001881345163358854
297.16666666666663,0.001717061080113821
297.25,0.0013272215067631796
297.3333333333333,0.0002706893933985999
297.41666666666663,0.00047040806132789774
297.5,0.0006626783942465766
297.5833333333333,0.00045432478847870695
297.66666666666663,0.0005783563413981787
297.75,0.0017291821448716582
297.8333333333333,0.0017790409893460523
297.91666666666663,0.0015060280755423868
298.0,0.001682920116733117
298.0833333333333,0.0015047337372524183
298.16666666666663,0.0006609097984815346
298.25,0.0003399766983187586
298.3333333333333,0.00023298737387814062
298.41666666666663,0.0004395575123854376
298.5,0.0003473808061834318
298.5833333333333,0.0008698675490581828
298.66666666666663,0.0014749607882650693
298.75,0.001493082225793729
298.8333333333333,0.001296614551383199
298.91666666666663,0.0019503509535036107
299.0,0.000637447599037142
299.0833333333333,0.000894917300627385
299.16666666666663,0.0015049580494815734
299.25,0.0013055488731237757
299.3333333333333,0.0007018687022393767
299.41666666666663,0.0010072199018954246
299.5,0.00021527281635284868
299.5833333333333,0.00026214611384349284
299.66666666666663,0.00071500814279979
299.75,0.0004477935636810185
299.8333333333333,0.0008573368807562352
299.91666666666663,0.0012776663127922277
300.0,0.0010561660253007059
300.0833333333333,0.000852847333008729
300.16666666666663,0.0005689242740673084
300.25,0.0001551154660099579
300.3333333333333,0.0005564572960817202
300.41666666666663,0.0010122398448626593
300.5,0.0020064411480909105
300.5833333333333,0.0014445758735544968
300.66666666666663,0.0011196890277967873
300.75,0.0012284214221448815
300.8333333333333,0.0007129614022168721
300.91666666666663,0.0007909571547263862
301.0,0.0010513838539373845
301.0833333333333,0.0009812720233246036
301.16666666666663,0.001057223100062323
301.25,0.0013131404863301578
301.3333333333333,0.0009570549507074144
301.41666666666663,0.0007718638730391704
301.5,0.0009835472069480936
301.5833333333333,0.0003408821975502476
301.66666666666663,0.0011310730794140275
301.75,0.0009315387486957995
301.8333333333333,0.00039241912784228523
301.91666666666663,0.00035232131303248736
302.0,0.0006681015816813042
302.0833333333333,0.0006405592885398432
302.16666666666663,0.000743828101873942
302.25,0.0013614887776831912
302.3333333333333,0.000592176485418234
302.41666666666663,0.0012059235764774808
302.5,0.0013236303147707363
302.5833333333333,0.0005706364576986271
302.66666666666663,0.0003885519263245017
302.75,0.001264073741035073
302.8333333333333,0.0017426094181604251
302.91666666666663,0.0014123747229843862
303.0,0.0007761926257129921
303.0833333333333,0.0006570129800754527
303.16666666666663,0.000790543243824208
303.25,0.0015620780010519443
303.3333333333333,0.0006138381901060005
303.41666666666663,0.0009175388807090203
303.5,0.0011334413008728989
303.5833333333333,0.001213975134914287
303.66666666666663,0.0014629619798794998
303.75,0.0007932686416709144
303.8333333333333,0.0007817461254104356
303.91666666666663,0.0017485482626399189
304.0,0.0024032474641590756
304.0833333333333,0.0011414094533505254
304.16666666666663,0.0009672265801101927
304.25,0.0009915637599532125
304.3333333333333,5.726585323883374e-05
304.41666666666663,0.0010365832578415192
304.5,0.0014782198358823406
304.5833333333333,0.0014041592551242122
304.66666666666663,0.0011748583043559963
304.75,0.0017748381456586893
304.8333333333333,0.002127158996128115
304.91666666666663,0.0019236120872508104
305.0,0.0012295726770755007
305.0833333333333,0.0008871228887322181
305.16666666666663,0.00023128909104629835
305.25,0.0009039583415155403
305.3333333333333,0.0011447552516463374
305.41666666666663,0.0010494150069033069
305.5,0.0015368547139183438
305.5833333333333,0.001057444815968422
305.66666666666663,0.0010638052115116707
305.75,0.0008724628223275633
305.8333333333333,0.0008327021391060532
305.91666666666663,0.0019510855976117897
306.0,0.0019425938307160195
306.0833333333333,0.0003760039071772889
306.16666666666663,0.001007795158891076
306.25,0.00017280517131042824
306.3333333333333,0.0007454957596908291
306.41666666666663,0.00019834982894277958
306.5,0.000692619224981459
306.5833333333333,0.0012446506554271194
306.66666666666663,0.0013927806438749145
306.75,0.0004597459279628629
306.8333333333333,0.00046599935862537244
306.91666666666663,0.0011244167867712428
307.0,0.0011652197162290746
307.0833333333333,0.0003151094847178789
307.16666666666663,0.0005072863579484211
307.25,0.0010309760480746255
307.3333333333333,0.0015309669155999456
307.41666666666663,0.0010720036213789535
307.5,0.0009340243899961644
307.5833333333333,0.0014953224229245865
307.66666666666663,0.002044454254752432
307.75,0.00196837578510744
307.8333333333333,0.0016512348295133594
307.91666666666663,0.0019268515780754701
308.0,0.0011268870075645727
308.0833333333333,0.0008006774736633485
308.16666666666663,0.0015946400988006164
308.25,0.001143425148305316
308.3333333333333,0.0005944848019407357
308.41666666666663,0.00053693898614586
308.5,0.0011164902767070938
308.5833333333333,0.00154046819349168
308.66666666666663,0.0012449926425351745
308.75,0.0006464606069468635
308.8333333333333,0.00019279259294758354
308.91666666666663,0.0009323203617007962
309.0,0.0013020596478426523
309.0833333333333,0.0006173269886251007
309.16666666666663,0.0010737265180458969
309.25,0.00045039461872223275
309.3333333333333,0.0001905217784972598
309.41666666666663,0.0004977394225891501
309.5,0.0010663449228630983
309.5833333333333,0.0007411150651049859
309.66666666666663,0.0009791224987035334
309.75,0.0014054807393668399
309.8333333333333,0.0006307663301657099
309.91666666666663,0.0009238126203784816
310.0,0.000802490507809414
310.0833333333333,0.0004692626795780881
310.16666666666663,0.0013746039522644304
310.25,0.0015589028446628325
310.3333333333333,0.0014056999616214798
310.41666666666663,0.0006579138191189116
310.5,0.0010179255273029266
310.5833333333333,0.0014081083903381467
310.66666666666663,0.001746547485733282
310.75,0.0016960355465055232
310.8333333333333,0.0011112072251938648
310.91666666666663,0.0012193856468383454
311.0,0.0008598599624965866
311.0833333333333,0.0008633579762634685
311.16666666666663,0.0008544679235586009
311.25,0.0011643150884013739
311.3333333333333,0.00038202440486438926
311.41666666666663,0.0010971063907168359
311.5,0.0013411490371271308
311.5833333333333,0.0008804494669037783
311.66666666666663,0.0011556120208122095
311.75,0.001045919850526779
311.8333333333333,0.000715252392409307
311.91666666666663,0.0006998910759651847
312.0,0.0006238668299599346
312.0833333333333,0.0008530462480881943
312.16666666666663,0.0005954643065268164
312.25,0.0006093796301932243
312.3333333333333,0.0013093491134597132
312.41666666666663,0.0017772269704950528
312.5,0.0008793917134011822
312.5833333333333,0.0004546002703125059
312.66666666666663,0.0010738000234351934
312.75,0.0009384898968816266
312.8333333333333,0.0006353954670053502
312.91666666666663,0.0007739687749937035
313.0,0.00039109236301237423
313.0833333333333,0.000591442958197897
313.16666666666663,0.0003225313732923486
313.25,9.180246588564151e-05
313.3333333333333,0.00047594305475176795
313.41666666666663,0.001015060222917855
313.5,0.0009301212193527401
313.5833333333333,0.0006250897208618063
313.66666666666663,0.0002530359497360337
313.75,0.0005987845811726016
313.8333333333333,0.0015626928570941657
313.91666666666663,0.0022511155039060204
314.0,0.0019653806790635568
314.0833333333333,0.0005184481510737416
314.16666666666663,0.0016425995839973
314.25,0.002229774081092909
314.3333333333333,0.0014101172458595628
314.41666666666663,0.0007163938478743355
314.5,0.0004141479678764642
314.5833333333333,0.0013649138098456445
314.66666666666663,0.0019141084507386108
314.75,0.0025543640673459924
314.8333333333333,0.002299922052315867
314.91666666666663,0.0016466483981163484
315.0,0.0013142506457093953
315.0833333333333,0.0009054849136427676
315.16666666666663,0.0004825618422275708
315.25,0.0002427120200557107
315.3333333333333,0.0008429297949519826
315.41666666666663,0.0005526183384030721
315.5,0.0007573060372344904
315.5833333333333,0.0011959976771141307
315.66666666666663,0.0006320426210765424
315.75,0.0006697715164738396
315.8333333333333,0.0006529900594866801
315.91666666666663,0.0002483173098173599
316.0,0.0010243046703376172
316.0833333333333,0.0016046203820810623
316.16666666666663,0.0005944124738152966
316.25,0.0012319564995001745
316.3333333333333,0.0010536120673608127
316.41666666666663,0.0011734515822665952
316.5,0.0011244181653220608
316.5833333333333,0.0011038061335436754
316.66666666666663,0.0008636666846870898
316.75,0.00042708381291156557
316.8333333333333,0.001038288577463928
316.91666666666663,0.0014540887242263335
317.0,0.0013718980981948616
317.0833333333333,0.0014017906839748975
317.16666666666663,0.0012825139799334789
317.25,0.0004969110320754368
317.3333333333333,0.0007474985512861191
317.41666666666663,0.0008034878820312858
317.5,0.0005939844689656134
317.5833333333333,0.0006168427550950784
317.66666666666663,0.0009910821503960716
317.75,0.0011936601191035333
317.8333333333333,0.0006861196347327977
317.91666666666663,0.0004951633611594626
318.0,0.0005794807327323968
318.0833333333333,0.0009063654452506068
318.16666666666663,0.001086235320740425
318.25,0.0010731226090233497
318.3333333333333,0.001995889050884309
318.41666666666663,0.0014014120699997416
318.5,0.0014864694579642083
318.5833333333333,0.0012058175441910675
318.66666666666663,0.00024339441588619665
318.75,0.0005659220797257834
318.8333333333333,0.0007638622833577071
318.91666666666663,0.0008311636349415854
319.0,0.0011484617445244798
319.0833333333333,0.0010493623048514508
319.16666666666663,0.0006486484339863083
319.25,0.0006664809412851001
319.3333333333333,0.000565078266920761
319.41666666666663,0.0006978751787222715
319.5,0.0005787082436464648
319.5833333333333,0.0007594647719618007
319.66666666666663,0.001576145111453509
319.75,0.0018487659658558988
319.8333333333333,0.0018475565766780159
319.91666666666663,0.0006288317544664645
320.0,0.0008956353344777883
320.0833333333333,0.0015556782470354175
320.16666666666663,0.0018924370022040842
320.25,0.0016852666909764208
320.3333333333333,0.0012307097954652691
320.41666666666663,0.001166851816064698
320.5,0.0007546370263888071
320.5833333333333,0.0002959232237146903
320.66666666666663,0.0008396659665346211
320.75,0.0009970916559196728
320.8333333333333,0.0014037064094271031
320.91666666666663,0.0012808901760271944
321.0,0.0005420578303062492
321.0833333333333,0.00017109456149064058
321.16666666666663,0.0005828350541238203
321.25,0.00045127080739010457
321.3333333333333,0.0014386756415838214
321.41666666666663,0.001498196997448703
321.5,0.0006197547433067033
321.5833333333333,0.0007895071459323634
321.66666666666663,0.001743631811971709
321.75,0.001733986384758329
321.8333333333333,0.0010162423011643802
321.91666666666663,0.0006561801395172663
322.0,0.000900788728570015
322.0833333333333,0.0018779807354547624
322.16666666666663,0.0010435664214634645
322.25,0.00045232716362248604
322.3333333333333,0.0005348188508302205
322.41666666666663,0.0010357333387285277
322.5,0.0013529763357292039
322.5833333333333,0.0008931985222587913
322.66666666666663,0.0009457173394762324
322.75,0.0007785175651652376
322.8333333333333,0.000773248890073219
322.91666666666663,0.0007973954906675618
323.0,0.0010466199986519694
323.0833333333333,0.0003661637300714972
323.16666666666663,0.00042978892938173575
323.25,0.00034100452337786763
323.3333333333333,0.0004819558579991126
323.41666666666663,0.002590514529825237
323.5,0.002682531357435278
323.5833333333333,0.0001573102524732333
323.66666666666663,0.0012957567827886034
323.75,0.0007889109430911185
323.8333333333333,0.0004391197354055439
323.91666666666663,0.0007816909957940418
324.0,0.000657130166210832
324.0833333333333,0.0008500334835449233
324.16666666666663,0.00029056012658634447
324.25,0.00042218698679882447
324.3333333333333,0.00013942982071947358
324.41666666666663,0.0007541879582753035
324.5,0.0007018103777011416
324.5833333333333,0.0006818909180501092
324.66666666666663,0.000979578128641833
324.75,0.0013326301311466654
324.8333333333333,0.0013235272315616458
324.91666666666663,0.0010800620200253127
325.0,0.0004741052906521522
325.0833333333333,0.0008611746171203339
325.16666666666663,0.0011689401205800469
325.25,0.0016179208272161117
325.3333333333333,0.0014938361306594961
325.41666666666663,0.0010228485246782193
325.5,0.001307812752445202
325.5833333333333,0.0014453728158708335
325.66666666666663,0.00039637467130447545
325.75,0.0007229984694805746
325.8333333333333,0.002001338742792144
325.91666666666663,0.0024713419497083126
326.0,0.0021766783692183486
326.0833333333333,0.002148396995864037
326.16666666666663,0.0019163150236301521
326.25,0.0012531107882347691
326.3333333333333,0.0005970860395360934
326.41666666666663,0.00012944953489336076
326.5,0.00034958689982346133
326.5833333333333,0.0013338880822948416
326.66666666666663,0.0007670795237796494
326.75,0.0007428373623568347
326.8333333333333,0.0006002417024952684
326.91666666666663,0.0010477076808575478
327.0,0.0013079701964234323
327.0833333333333,0.0020550832315022007
327.16666666666663,0.0014462341656888845
327.25,0.0005548786044082642
327.3333333333333,0.0013548769688840208
327.41666666666663,0.0009929551354801662
327.5,0.00047838065335368684
327.5833333333333,0.0013871434826432767
327.66666666666663,0.0014136838034473228
327.75,0.001180058425969486
327.8333333333333,0.0016857481079812276
327.91666666666663,0.0018143163947419224
328.0,0.001123711848899819
328.0833333333333,0.0006894202403267813
328.16666666666663,0.0001590984432879089
328.25,0.00034093709985497106
328.3333333333333,0.0005895406591871438
328.41666666666663,0.0010143700494196282
328.5,0.000588698884749747
328.5833333333333,0.0006001766122941446
328.66666666666663,0.0005256331118357886
328.75,2.4991360416779976e-05
328.8333333333333,0.0006720639328528642
328.91666666666663,0.000193053992928864
329.0,0.0005509566848671426
329.0833333333333,0.0003509828133227333
329.16666666666663,0.0006090287369522229
329.25,0.0010794520697863298
329.3333333333333,0.0009473503569313285
329.41666666666663,0.00217016439052999
329.5,0.0019088567877844306
329.5833333333333,0.0008941516314082523
329.66666666666663,0.0008177958332689272
329.75,0.0006967119882317302
329.8333333333333,0.0007737237412514314
329.91666666666663,0.0004267363043027294
330.0,0.0009813280208694158
330.0833333333333,0.000946034845126201
330.16666666666663,0.0007833157159035485
330.25,0.0006180286613532627
330.3333333333333,0.0009745253188668622
330.41666666666663,0.0008705683931702368
330.5,0.0006333320195614703
330.5833333333333,0.0016273079552180977
330.66666666666663,0.0007206936809632319
330.75,0.0002331959354236999
330.8333333333333,0.00015769756872982158
330.91666666666663,0.0004437542410774038
331.0,0.0007926857006032155
331.0833333333333,0.0006424044693217104
331.16666666666663,0.0005508606417202645
331.25,0.00020609069002687524
331.3333333333333,0.0019220379962863704
331.41666666666663,0.001611175796073899
331.5,0.0010778507384742492
331.5833333333333,0.0018460363094706164
331.66666666666663,0.0020271332603399406
331.75,0.0014250950094887452
331.8333333333333,0.000714073810904714
331.91666666666663,0.0010838934689123283
332.0,0.0008807129104662101
332.0833333333333,0.0014181015816869843
332.16666666666663,0.001756397926952363
332.25,0.0009838911918478176
332.3333333333333,0.0009308345829186605
332.41666666666663,0.0010279957055489655
332.5,0.0008615221749304532
332.5833333333333,0.00025397931789430836
332.66666666666663,0.0010160348592374302
332.75,0.0010635050048587267
332.8333333333333,0.0001968504015299661
332.91666666666663,0.0005448860570525008
333.0,0.0007620691912500893
333.0833333333333,0.00022087666747799364
333.16666666666663,0.0009754266341190538
333.25,0.0020535995629085385
333.3333333333333,0.0016218121121357456
333.41666666666663,0.00023205040582939502
333.5,0.0021137847443444616
333.5833333333333,0.0018872553278594152
333.66666666666663,0.0016128398843090804
333.75,0.0010417095810133388
333.8333333333333,7.314328266002485e-05
333.91666666666663,0.0011023817187686853
334.0,0.0015096744716608004
334.0833333333333,0.0010362245477615838
334.16666666666663,0.0006876450580741852
334.25,0.0015892466420368986
334.3333333333333,0.0011910740427513054
334.41666666666663,0.0005541809961957668
334.5,0.0006913143933702936
334.5833333333333,0.0006545267765949628
334.66666666666663,0.0006368533506731615
334.75,0.0012673453680144187
334.8333333333333,0.0014364523355800958
334.91666666666663,0.001173742175120963
335.0,0.0012323123654042944
335.0833333333333,0.0004901190869200526
335.16666666666663,0.0013449449971877532
335.25,0.0014897165773611054
335.3333333333333,0.0004904529878329588
335.41666666666663,0.0007697742171480757
335.5,0.0008991413081557931
335.5833333333333,0.00029423691021488845
335.66666666666663,0.0009618450019434882
335.75,0.001383181793549959
335.8333333333333,0.0007169084776390949
335.91666666666663,0.0008600596035244215
336.0,0.0011995235151566505
336.0833333333333,0.0006960370274891448
336.16666666666663,0.0010200984587825906
336.25,0.0007580350169740433
336.3333333333333,0.0010645211468222663
336.41666666666663,0.0025832000051311545
336.5,0.002443478597269483
336.5833333333333,0.0013582259520731929
336.66666666666663,0.001396692283463617
336.75,0.00015968755198508277
336.8333333333333,0.001393164241635981
336.91666666666663,0.001807689308329648
337.0,0.0017992889745149655
337.0833333333333,0.0015683593014098527
337.16666666666663,0.0017135393550821853
337.25,0.0006962242679238198
337.3333333333333,0.0006502961510734297
337.41666666666663,0.0006720094476060142
337.5,0.0011124880492783026
337.5833333333333,0.0013805594662072878
337.66666666666663,0.0010595793403249106
337.75,0.0010812479507348839
337.8333333333333,0.001109690611861085
337.91666666666663,0.001268893865900132
338.0,0.0010623034437035332
338.0833333333333,0.0007037185441717067
338.16666666666663,0.00013677502134577623
338.25,0.0008033311351865363
338.3333333333333,0.0011244446706590657
338.41666666666663,0.0005235351700501775
338.5,0.0007492921282987545
338.5833333333333,0.0009578212890869238
338.66666666666663,0.0005764801818648007
338.75,0.0004484476121968024
338.8333333333333,0.0008584607136227321
338.91666666666663,0.0003266323102188051
339.0,0.00038976549307550315
339.0833333333333,0.0009203683131651315
339.16666666666663,0.0013921497951579188
339.25,0.0010927001690604148
339.3333333333333,0.0005816096275720685
339.41666666666663,0.0009410334574887359
339.5,0.0013544294183930738
339.5833333333333,0.000746616820772205
339.66666666666663,0.0005154373066658526
339.75,0.0008710313254574833
339.8333333333333,0.001256820067229712
339.91666666666663,0.0010454343906576573
340.0,0.0007683270179804092
340.0833333333333,0.000734100871166514
340.16666666666663,0.0003326209849862938
340.25,0.00054904506687953
340.3333333333333,0.00113651034894055
340.41666666666663,0.0017141009997455711
340.5,0.0024449089128780145
340.5833333333333,0.002259540935729654
340.66666666666663,0.0009420917654722878
340.75,0.001653757427353698
340.8333333333333,0.0012664272351766
340.91666666666663,6.851672850095496e-05
341.0,0.00010190810850248056
341.0833333333333,0.000508772244018947
341.16666666666663,0.00031980690801825597
341.25,0.0004024219334903416
341.3333333333333,0.0005638494163302271
341.41666666666663,0.0004773944812102855
341.5,0.0004492353182820002
341.5833333333333,0.00150245596199214
341.66666666666663,0.0016203606161315715
341.75,0.0014360777289061655
341.8333333333333,0.0011633933768185481
341.91666666666663,0.00016561417738501959
342.0,0.0004461156559733651
342.0833333333333,0.0005037597842037693
342.16666666666663,0.000453620628303169
342.25,0.0004984987491555478
342.3333333333333,0.0002109543184687094
342.41666666666663,0.0008324656925078122
342.5,0.0008935685497006155
342.5833333333333,0.0002071504665959855
342.66666666666663,0.00017093060369335712
342.75,0.000216070254167095
342.8333333333333,0.0004748195650547364
342.91666666666663,0.0008343222354533943
343.0,0.0009493765302265032
343.0833333333333,0.0007832164834168641
343.16666666666663,0.001052711038877316
343.25,0.0009155632732777834
343.3333333333333,0.0006949745582608115
343.41666666666663,0.0003712100170053597
343.5,0.0003139921916878756
343.5833333333333,0.00032318466296739237
343.66666666666663,0.0009210432241787604
343.75,0.0013473701695043336
343.8333333333333,0.0009023550920137404
343.91666666666663,0.00044369909868802155
344.0,0.0005335358867256888
344.0833333333333,0.000639269337957584
344.16666666666663,0.00035675264267996264
344.25,0.0016166963714092568
344.3333333333333,0.0020191039854291024
344.41666666666663,0.0010831106148033217
344.5,3.1174571829998815e-05
344.5833333333333,0.0009565815278012216
344.66666666666663,0.000485011799159635
344.75,0.0009217201687977575
344.8333333333333,0.0006276863144355938
344.91666666666663,0.0006040558132802657
345.0,0.0005177889005054826
345.0833333333333,0.0006687103081580572
345.16666666666663,0.0013797073021388593
345.25,0.0008490955618279601
345.3333333333333,0.0010534288063444926
345.41666666666663,0.0011678492577901294
345.5,0.0006357314604736252
345.5833333333333,0.0013234880970126785
345.66666666666663,0.0004266949807805317
345.75,0.0009800597625031773
345.8333333333333,0.0008591539271795356
345.91666666666663,0.00030058554678147873
346.0,0.00054470912660322
346.0833333333333,0.00029767952127799323
346.16666666666663,0.00025085361380267285
346.25,0.0015896896734146943
346.3333333333333,0.002992101441039582
346.41666666666663,0.001765300612944313
346.5,0.00090348995923625
346.5833333333333,0.0009287581187137634
346.66666666666663,0.0005593089912591774
346.75,0.00041058037470283025
346.8333333333333,0.0006070064686314055
346.91666666666663,0.0009805005406306455
347.0,0.0007102263581609767
347.0833333333333,0.0008372410003683895
347.16666666666663,0.0019701667256433056
347.25,0.001982431825609348
347.3333333333333,0.0006474621905469868
347.41666666666663,0.0005918839506065275
347.5,0.0005965802441441807
347.5833333333333,0.00043016215774498287
347.66666666666663,0.00036330578487219194
347.75,0.00034699413801996573
347.8333333333333,0.000445342395426014
347.91666666666663,0.000768499392259043
348.0,0.0006840726625009856
348.0833333333333,0.00023379341825845444
348.16666666666663,0.0009510964481944862
348.25,0.0016601979158782421
348.3333333333333,0.0015603682177419004
348.41666666666663,0.0010053436670466069
348.5,0.001218299625155139
348.5833333333333,0.0009316680439401542
348.66666666666663,0.0010202709003041509
348.75,0.000409179990237907
348.8333333333333,0.0006124402192428715
348.91666666666663,0.0006175450902687761
349.0,0.00011598250195459013
349.0833333333333,0.0006772391289887848
349.16666666666663,0.0003468731075104102
349.25,0.0012835562957494262
349.3333333333333,0.0017979500379793126
349.41666666666663,0.0015761654304669761
349.5,0.002302887449831926
349.5833333333333,0.0006696773501175018
349.66666666666663,0.0012608731734228872
349.75,0.001557057745005474
349.8333333333333,0.0013388208889703634
349.91666666666663,0.0009700790090282018
350.0,0.0005430762805410071
350.0833333333333,8.009481958357898e-05
350.16666666666663,0.0007586363411344083
350.25,0.0002632790203964002
350.3333333333333,0.00037726027300101435
350.41666666666663,0.00123877756777963
350.5,0.002064877000699309
350.5833333333333,0.0013392782361519215
350.66666666666663,0.0006692540975473067
350.75,0.0009194662075286326
350.8333333333333,0.0011904059359111208
350.91666666666663,0.00041564865303036304
351.0,0.0011852236590862337
351.0833333333333,0.0023214541499280935
351.16666666666663,0.0021135564933548244
351.25,0.0016300724474087136
351.3333333333333,0.001110810669710077
351.41666666666663,0.0006963905610114658
351.5,0.0012603086328312834
351.5833333333333,0.0007059814301634566
351.66666666666663,0.000984093324887338
351.75,0.0005839041255640255
351.8333333333333,0.0002962283346153411
351.91666666666663,0.0007852182373176545
352.0,0.0018565763162548897
352.0833333333333,0.0018162138047869655
352.16666666666663,0.0006698116715316292
352.25,0.0007739927166458551
352.3333333333333,0.000630687809138759
352.41666666666663,0.0006257885763032852
352.5,0.0009965769138709792
352.5833333333333,0.00029599791688237985
352.66666666666663,0.0010288744379894443
352.75,0.001831648461567831
352.8333333333333,0.0015923653234036612
352.91666666666663,0.001374319645382723
353.0,0.0017646481909828953
353.0833333333333,0.0014150798827541591
353.16666666666663,0.0008037002318098531
353.25,0.001048554221438862
353.3333333333333,0.0009661860397273002
353.41666666666663,0.0007297216463152248
353.5,0.0012336075331695155
353.5833333333333,0.0015098043638405107
353.66666666666663,0.0012405657473522015
353.75,0.00020474416402687653
353.8333333333333,0.0009870540974111605
353.91666666666663,0.0006579176541400937
354.0,0.0005459545858895957
354.0833333333333,0.0005032830739345401
354.16666666666663,0.0007632279910514645
354.25,0.001408433638856361
354.3333333333333,0.0012765347737531782
354.41666666666663,0.001384451429247648
354.5,0.0004017680760018224
354.5833333333333,0.000964700188024122
354.66666666666663,0.0009933181327541312
354.75,0.0007967709867378789
354.8333333333333,0.0002791219206708033
354.91666666666663,0.0008540792305694609
355.0,0.0016019470004723217
355.0833333333333,0.0011944485904978324
355.16666666666663,0.000580793049747904
355.25,0.0005214600523326322
355.3333333333333,0.001823605479310427
355.41666666666663,0.0017204153095474828
355.5,0.0008591449724203934
355.5833333333333,0.0007746027004004783
355.66666666666663,0.0010673905098992917
355.75,0.0012495185098115578
355.8333333333333,0.000872893159083531
355.91666666666663,0.0010822375913219432
356.0,0.0013271582764164975
356.0833333333333,0.0012767356995916997
356.16666666666663,0.0013661379599852206
356.25,0.0009609744048856043
356.3333333333333,0.0008294718791682407
356.41666666666663,0.000867791197014606
356.5,0.0005169856118975315
356.5833333333333,0.0008154904607360681
356.66666666666663,0.000833865704824607
356.75,0.0008624547073171841
356.8333333333333,0.001838888097729017
356.91666666666663,0.0024130530772477708
357.0,0.0011085530241750894
357.0833333333333,0.0009112743290448576
357.16666666666663,0.0015060998857673756
357.25,0.001250619588063486
357.3333333333333,0.0017250961083529067
357.41666666666663,0.002032707445942604
357.5,0.002148449260418409
357.5833333333333,0.0012391204937781124
357.66666666666663,0.0006197440198393055
357.75,0.0009769475392185794
357.8333333333333,0.0012934875805652017
357.91666666666663,0.0011080995626744936
358.0,0.0007065593945577758
358.0833333333333,0.0014265508769004227
358.16666666666663,0.0011545933518911338
358.25,0.0005137756820195651
358.3333333333333,0.0005629862734268079
358.41666666666663,0.0006890326693479193
358.5,0.0006973102192632701
358.5833333333333,0.0011672832483322203
358.66666666666663,0.0010433242056034806
358.75,0.00047178671332971645
358.8333333333333,0.0007607859882564419
358.91666666666663,0.0004303712914794236
359.0,0.0007465456765076503
359.0833333333333,0.0006153764347766647
359.16666666666663,0.0006368604158138633
359.25,0.0012154608504943182
359.3333333333333,0.0015161675959869292
359.41666666666663,0.0008646755792337343
359.5,0.0010074195358689972
359.5833333333333,0.0010651379640040238
359.66666666666663,0.0008888283953372996
359.75,0.0008672020982038758
359.8333333333333,0.0012100483217389302
359.91666666666663,0.0006400692247343566
360.0,0.0004917215854519916
360.0833333333333,0.0010291269027819267
360.16666666666663,0.0006418204334458363
360.25,0.0005734709653316993
360.3333333333333,0.000313165196922454
360.41666666666663,0.0008424935380613383
360.5,0.0007246548941984496
360.5833333333333,0.00019468280678358311
360.66666666666663,0.001322256968644491
360.75,0.0009229762334854679
360.8333333333333,0.0005224642917674684
360.91666666666663,0.0001507859152953613
361.0,0.0010307622148646846
361.0833333333333,0.001054971895871788
361.16666666666663,0.000949318405552599
361.25,0.0020904226218633744
361.3333333333333,0.0016331160498445276
361.41666666666663,0.0011488694838756005
361.5,0.0005138269593864184
361.5833333333333,0.0003199516042657722
361.66666666666663,0.0007949492659865001
361.75,0.0014960415508476145
361.8333333333333,0.0016947443538506627
361.91666666666663,0.002108427453426125
362.0,0.001002797702636834
362.0833333333333,0.0005651165319030648
362.16666666666663,0.0007698021172554882
362.25,0.0008608692200389204
362.3333333333333,0.00031552479605912197
362.41666666666663,0.0005292334343263049
362.5,0.000950259928018158
362.5833333333333,0.0005322539882906805
362.66666666666663,0.0004230115838471718
362.75,0.0003337089935981424
362.8333333333333,0.0008461977527795144
362.91666666666663,0.0014541950768857058
363.0,0.001938604416599582
363.0833333333333,0.0017208138456817007
363.16666666666663,0.0012898901242784225
363.25,0.0017402975479900921
363.3333333333333,0.001533643872050188
363.41666666666663,0.0007956485421469722
363.5,0.0006004095015551115
363.5833333333333,0.0004147446092057697
363.66666666666663,0.001213929041573692
363.75,0.0010158698114225543
363.8333333333333,0.0011330106624954156
363.91666666666663,0.001860965446517981
364.0,0.0005836704810085593
364.0833333333333,0.0004378231497474232
364.16666666666663,0.000720737203941563
364.25,0.001030446389979617
364.3333333333333,0.0022684204943303455
364.41666666666663,0.0021972277764149067
364.5,0.001024185731238385
364.5833333333333,0.0006122041362866457
364.66666666666663,0.0013449085344431617
364.75,0.001227932902177895
364.8333333333333,0.0007951323411482594
364.91666666666663,0.0012767406857673584
365.0,0.0014753873185149309
365.0833333333333,0.0005091496420341483
365.16666666666663,0.0005366495645973287
365.25,0.0010466000398035072
365.3333333333333,0.0010592593272818816
365.41666666666663,0.0016555909772225175
365.5,0.0014213019792330176
365.5833333333333,0.0008086329086706055
365.66666666666663,0.0007212232110388713
365.75,0.0009619304696624899
365.8333333333333,0.0011000575945470305
365.91666666666663,0.0007217854335723505
366.0,0.0005448634193305515
366.0833333333333,0.000892220205227909
366.16666666666663,0.0014756510331213864
366.25,0.0017752485230866837
366.3333333333333,0.0012715407676068314
366.41666666666663,0.001174340802664217
366.5,0.001284421288343524
366.5833333333333,0.0012403372718470208
366.66666666666663,0.0005150447521190682
366.75,0.001407497247352109
366.8333333333333,0.001413872087184077
366.91666666666663,0.0004947887002555185
367.0,0.0007940499659856315
367.0833333333333,0.0006911618506811024
367.16666666666663,0.00040362069164825835
367.25,0.0008735731485317577
367.3333333333333,0.0014030475777756242
367.41666666666663,0.0018870856703386972
367.5,0.0013706199335781779
367.5833333333333,0.00022825043450887353
367.66666666666663,0.0007297572645153004
367.75,0.0004920668594337
367.8333333333333,0.00037773943021225084
367.91666666666663,4.9125569627412216e-05
368.0,0.0004996722349724166
368.0833333333333,0.0011393935997744775
368.16666666666663,0.000833316693520783
368.25,0.0008958847084991834
368.3333333333333,0.0014551831478619133
368.41666666666663,0.0011891132296444641
368.5,0.0006246018057484859
368.5833333333333,0.00020928450084226974
368.66666666666663,0.00026906107107001724
368.75,0.0006424937073836404
368.8333333333333,0.0015293519622349742
368.91666666666663,0.0017712969390225877
369.0,0.0008246139487343737
369.0833333333333,0.0002116050057083686
369.16666666666663,0.0012974329458095173
369.25,0.002484179511559366
369.3333333333333,0.001900948686746531
369.41666666666663,0.0008317359845994419
369.5,0.000998887284653597
369.5833333333333,0.0014384854177812575
369.66666666666663,0.001209938395433606
369.75,0.00017209651443745493
369.8333333333333,0.00051368059472089
369.91666666666663,0.0004095538147659662
370.0,0.0012900437260052018
370.0833333333333,0.001174392323983139
370.16666666666663,0.00040237299072041143
370.25,0.0005857295352180007
370.3333333333333,0.0005648880629465117
370.41666666666663,0.000805336873871306
370.5,0.0012819891183285708
370.5833333333333,0.0012326284623439857
370.66666666666663,0.000508635416827705
370.75,0.000604694581163648
370.8333333333333,0.0011859488825274266
370.91666666666663,0.001043975389063251
371.0,0.0007694249255311014
371.0833333333333,0.001454058949564134
371.16666666666663,0.0019715252267952
371.25,0.001749226856339758
371.3333333333333,0.0015191389874975485
371.41666666666663,0.0009315643913013388
371.5,0.0002652329914896085
371.5833333333333,0.00033794732256870727
371.66666666666663,0.0009858441519625778
371.75,0.0013184886898089361
371.8333333333333,0.0011763408910544287
371.91666666666663,0.0005426288022067068
372.0,0.0011561838056819715
372.0833333333333,0.0011343956396639501
372.16666666666663,0.00037244874599782894
372.25,0.0004345035950466406
372.3333333333333,0.000815030855768578
372.41666666666663,0.0010893574074509426
372.5,0.0010331143771317908
372.5833333333333,0.0009039458049884848
372.66666666666663,0.0008260442580093553
372.75,0.0006667634325022129
372.8333333333333,0.0015192925281748942
372.91666666666663,0.0012259789170421807
373.0,0.0008654562459859199
373.0833333333333,0.0012336936002498432
373.16666666666663,0.0010967356317990865
373.25,0.0007520865559708872
373.3333333333333,0.0007223272678266125
373.41666666666663,0.0002251768194036064
373.5,0.0007596431657758914
373.5833333333333,0.0007458151486682323
373.66666666666663,0.0008508134997539663
373.75,0.00065889002195656
373.8333333333333,0.00022545352215889812
373.91666666666663,0.000587900518711336
374.0,0.001047716997935552
374.0833333333333,0.0003280297422380589
374.16666666666663,0.0007319074776001526
374.25,0.0011520504041208205
374.3333333333333,0.0011646729899659851
374.41666666666663,0.0010294596565872944
374.5,0.001880438719021953
374.5833333333333,0.0019771414446637316
374.66666666666663,0.0014046731861100715
374.75,0.0007665042095394154
374.8333333333333,0.0005739574971645966
374.91666666666663,0.0005599835828233184
375.0,0.0008086991548891288
375.0833333333333,0.0016973894115521555
375.16666666666663,0.0003493704284481113
375.25,0.0019827886373870508
375.3333333333333,0.0018906541530250727
375.41666666666663,0.0017925781435804524
375.5,0.00112973197456589
375.5833333333333,0.0006764258105124303
375.66666666666663,0.001359548240013139
375.75,0.0009287649749787502
375.8333333333333,0.0006272590579643758
375.91666666666663,0.0014281476751272784
376.0,0.0012503767520188702
376.0833333333333,0.00040487417037166626
376.16666666666663,0.00024631093687552575
376.25,0.0007245807266471063
376.3333333333333,0.0009139016010684285
376.41666666666663,0.0009821964962677251
376.5,0.00016346255748136255
376.5833333333333,0.0008124737077704942
376.66666666666663,0.001122952080147238
376.75,0.0006134541307411346
376.8333333333333,0.0006165376461339648
376.91666666666663,0.0003321789395611118
377.0,0.0005532395182547433
377.0833333333333,0.0004768434652154707
377.16666666666663,0.0008749771685920444
377.25,0.0007444145665698855
377.3333333333333,0.0007516337047277251
377.41666666666663,0.0012227087246469272
377.5,0.001212486977129193
377.5833333333333,0.0015889832650447131
377.66666666666663,0.0011958191509219994
377.75,0.00019385184094748744
377.8333333333333,0.0012319622513004098
377.91666666666663,0.0011568016100910992
378.0,0.0005495118133042903
378.0833333333333,0.0010815431045749573
378.16666666666663,0.001295307500843535
378.25,0.0011206742177540814
378.3333333333333,0.00013406223377632347
378.41666666666663,0.0008079347790210599
378.5,0.000740801422650548
378.5833333333333,0.0017322254382245378
378.66666666666663,0.001576103717753046
378.75,0.000976748901741372
378.8333333333333,0.0005869716206205842
378.91666666666663,0.0004407611881098045
379.0,0.0008281718237445614
379.0833333333333,0.0020002265852902723
379.16666666666663,0.001969197002398725
379.25,0.0012165122036029174
379.3333333333333,0.0010972067739293241
379.41666666666663,0.0007762139629732045
379.5,0.0004726547565533761
379.5833333333333,0.0003732994631284545
379.66666666666663,0.0010816593337817492
379.75,0.000996944358186941
379.8333333333333,0.0009697856698978203
379.91666666666663,0.00019698704731270077
380.0,0.0012932745371845228
380.0833333333333,0.0019852657364027096
380.16666666666663,0.001623044976393945
380.25,0.0005670661221774809
380.3333333333333,0.00029921341533928103
380.41666666666663,0.0006254960534734839
380.5,0.001044618938616699
380.5833333333333,0.0004483780275286224
380.66666666666663,0.0005814239834504057
380.75,0.00047780390695298055
380.8333333333333,0.0003575409664514483
380.91666666666663,0.0007751727540757197
381.0,0.0010164787141194085
381.0833333333333,0.0014386349577319103
381.16666666666663,0.0010471880258511362
381.25,0.00027601225688975156
381.3333333333333,0.00038737193149852677
381.41666666666663,0.0009276555611223824
381.5,0.0014539221652775899
381.5833333333333,0.0017837931846393703
381.66666666666663,0.0015207452804069743
381.75,0.0012439856943713126
381.8333333333333,0.001400328360109347
381.91666666666663,0.0008837905201937596
382.0,0.00021208640320853698
382.0833333333333,0.0002545556278712229
382.16666666666663,0.00022086712468640898
382.25,0.00044340708185901614
382.3333333333333,0.00023877457749052743
382.41666666666663,0.0006006227522877566
382.5,0.00011440028969174893
382.5833333333333,0.00041415136386859864
382.66666666666663,0.0002245448906357652
382.75,0.0004179981073701154
382.8333333333333,0.0007203219681157717
382.91666666666663,0.0009801023483734237
383.0,0.0018232193340649984
383.0833333333333,0.0014058026900881286
383.16666666666663,0.0012406997016092642
383.25,0.0010268043132308502
383.3333333333333,0.0006486133316823712
383.41666666666663,0.0007902567653804365
383.5,0.0005972937931312358
383.5833333333333,0.0010040389248420177
383.66666666666663,0.0008660849135579456
383.75,0.0003307022270075304
383.8333333333333,0.0005330019712890996
383.91666666666663,5.944560879448521e-05
384.0,0.0002632148880682435
384.0833333333333,0.000640347639107044
384.16666666666663,0.0013756453835204606
384.25,0.002034495204085934
384.3333333333333,0.001200232827668473
384.41666666666663,0.001456974108688781
384.5,0.0014217687061040911
384.5833333333333,0.00031664403210459566
384.66666666666663,0.00015023296834951603
384.75,0.0005974611744134729
384.8333333333333,0.0007770871393407628
384.91666666666663,0.0007699809781341173
385.0,0.0003101252457829828
385.0833333333333,0.0010012100901689513
385.16666666666663,0.0014889775062084927
385.25,0.0006143615248170105
385.3333333333333,0.0008037650902767777
385.41666666666663,0.0006136907798390023
385.5,0.00025605145568002884
385.5833333333333,0.0009296229428350475
385.66666666666663,0.0010624326789528257
385.75,0.0004189145594890061
385.8333333333333,0.00013155369748719465
385.91666666666663,0.0013712834013550257
386.0,0.0016696343638648984
386.0833333333333,0.0008303131385589024
386.16666666666663,0.0007696525322974612
386.25,0.0013586961616087808
386.3333333333333,0.0019709377133162245
386.41666666666663,0.0018611871161972758
386.5,0.0010451877087544587
386.5833333333333,0.00048582951874982024
386.66666666666663,0.001002359519983263
386.75,0.0013083702753277525
386.8333333333333,0.0007236699353828088
386.91666666666663,0.001074027450605077
387.0,0.001494300650381407
387.0833333333333,0.0011322168613325417
387.16666666666663,0.0010951904766182037
387.25,0.0011737353239641795
387.3333333333333,0.0015138210395063442
387.41666666666663,0.0011457066387737783
387.5,0.0008692654223996855
387.5833333333333,0.0005393777145740311
387.66666666666663,0.0008440409561940763
387.75,0.0013163166088269837
387.8333333333333,0.0017511511747811252
387.91666666666663,0.0012854223187425998
388.0,0.0005655977564575595
388.0833333333333,0.0006905144375281377
388.16666666666663,0.0013902852313737505
388.25,0.0016714297005900923
388.3333333333333,0.000611078885312145
388.41666666666663,0.0013425239694908157
388.5,0.0009956892000403447
388.5833333333333,0.0007539462321887863
388.66666666666663,0.0013102714691850049
388.75,0.0017961198588204367
388.8333333333333,0.0002899131056397105
388.91666666666663,0.001272189435876085
389.0,0.0007223845785919933
389.0833333333333,0.0006468911784553263
389.16666666666663,0.001856476418991942
389.25,0.001414362083042212
389.3333333333333,0.0007826682574609081
389.41666666666663,0.00012333192800764628
389.5,0.000948741129791471
389.5833333333333,0.001264616746981668
389.66666666666663,0.0011200189513025996
389.75,0.0013202239131980499
389.8333333333333,0.0016604294041815714
389.91666666666663,0.0011736554623544087
390.0,0.00011384774646628018
390.0833333333333,0.0010084879722660487
390.16666666666663,0.0009961356999953442
390.25,0.001769305464312048
390.3333333333333,0.0009452197372001493
390.41666666666663,0.0012660786340551746
390.5,0.0012100625906322304
390.5833333333333,0.0003973974257839885
390.66666666666663,0.0006928958267908877
390.75,0.0011225367173154242
390.8333333333333,0.0005651675266340736
390.91666666666663,0.0004054746542418066
391.0,0.0006669321526269188
391.0833333333333,0.0010904449846921645
391.16666666666663,0.0007844848929866996
391.25,0.00021426408965954694
391.3333333333333,0.000552811998121393
391.41666666666663,0.0003946160062674624
391.5,0.00023428667824752824
391.5833333333333,0.001101060783558641
391.66666666666663,0.002448498671940284
391.75,0.0013124263349023326
391.8333333333333,0.00018517478613245934
391.91666666666663,0.0003179043361500177
392.0,0.0008042352419877814
392.0833333333333,0.0017290066784433574
392.16666666666663,0.001445961048101988
392.25,0.0008354717824028539
392.3333333333333,0.0008014940415693317
392.41666666666663,0.0012985504463783836
392.5,0.0008749417159594632
392.5833333333333,0.0011400099870156305
392.66666666666663,0.0014112573631874967
392.75,7.539493206223539e-05
392.8333333333333,0.0006077052386124908
392.91666666666663,0.0004724294179065136
393.0,0.0009904258381863876
393.0833333333333,0.0010454934769627833
393.16666666666663,0.0004670697452834528
393.25,0.0006183007741000229
393.3333333333333,0.0003719330816167462
393.41666666666663,0.0013671087327849993
393.5,0.0007042050074494073
393.5833333333333,0.0003941299977280115
393.66666666666663,0.0009657372060523368
393.75,0.0007316928544347371
393.8333333333333,0.0009397664778429476
393.91666666666663,0.0002119157710834764
394.0,0.0007729655673772656
394.0833333333333,0.0009549299299532316
394.16666666666663,0.0015878921839401203
394.25,0.0018802494043533983
394.3333333333333,0.00210173105547709
394.41666666666663,0.0017428695589201367
394.5,0.0005682145081613173
394.5833333333333,0.00016929079792627288
394.66666666666663,0.0013598254622582957
394.75,0.0021154295993308886
394.8333333333333,0.000930004783808035
394.91666666666663,0.0006692408355823254
395.0,0.0011484018843055982
395.0833333333333,0.0005374664133774224
395.16666666666663,0.0005209160757770704
395.25,0.0009360920277605066
395.3333333333333,0.0008511089395971444
395.41666666666663,0.0003023135298137335
395.5,0.0006382515647652845
395.5833333333333,0.0004141857862740694
395.66666666666663,0.0011040440171000082
395.75,0.0005104395175275332
395.8333333333333,0.0010668901643696676
395.91666666666663,0.0015716118346809167
396.0,0.0013539278928575195
396.0833333333333,0.0007604409746847161
396.16666666666663,0.0003595019512150303
396.25,0.0004483940733106083
396.3333333333333,0.0003718268232572158
396.41666666666663,0.0010690890031125986
396.5,0.0012551292284582569
396.5833333333333,0.0008907881217879296
396.66666666666663,0.0011848517835523343
396.75,0.0004012686187061574
396.8333333333333,0.0008576448668871934
396.91666666666663,0.0017593899434965392
397.0,0.0013334139310078915
397.0833333333333,0.00033041613488875174
397.16666666666663,0.000976871514781679
397.25,0.0009010448653294355
397.3333333333333,0.0013876627628538064
397.41666666666663,0.0020208229599640313
397.5,0.002051192781610232
397.5833333333333,0.0008493541417791531
397.66666666666663,0.000561413651952343
397.75,0.001219038409741671
397.8333333333333,0.0011183987085954343
397.91666666666663,0.000770889313395726
398.0,0.0005263983109955058
398.0833333333333,0.0006142472057981483
398.16666666666663,0.001804833033273493
398.25,0.0011356514822222824
398.3333333333333,0.0009249670675762865
398.41666666666663,0.0013308520930749937
398.5,0.0004918307047621413
398.5833333333333,0.000569024547857442
398.66666666666663,0.0007184407335436837
398.75,0.0012272406323669061
398.8333333333333,0.001094607322119864
398.91666666666663,0.0017816374967082247
399.0,0.00110488289192321
399.0833333333333,0.0006443203221557963
399.16666666666663,0.0011586012516419319
399.25,0.0012873181649091876
399.3333333333333,0.0006226753943333284
399.41666666666663,0.0009907052180941653
399.5,0.0004097858690965933
399.5833333333333,0.00020027700237887404
399.66666666666663,0.0004798165444270394
399.75,0.0008524606725558938
399.8333333333333,0.0005693232411736813
399.91666666666663,0.001546882904549114
400.0,0.0011776991168843882
400.0833333333333,0.00038724529086303394
400.16666666666663,0.0005566989453825937
400.25,0.00046837480386841283
400.3333333333333,0.00048418267772495384
400.41666666666663,0.001718809520533457
400.5,0.0023502498134868764
400.5833333333333,0.0019008432083851814
400.66666666666663,0.0004531084306119815
400.75,0.0006955326690921863
400.8333333333333,0.0012062745211297036
400.91666666666663,0.0015649415246218497
401.0,0.0016687199144415266
401.0833333333333,0.0016728586802353586
401.16666666666663,0.0006432068513165092
401.25,0.0013346363405111656
401.3333333333333,0.0015269975373396279
401.41666666666663,0.0007471418661549985
401.5,0.0007744911838103028
401.5833333333333,0.0009065395075418012
401.66666666666663,0.0010975756172780288
401.75,0.00042570014873108045
401.8333333333333,0.0010139830111612316
401.91666666666663,0.0008777495351113885
402.0,0.0008715744961717476
402.0833333333333,0.0017799369140075157
402.16666666666663,0.0015003308093504471
402.25,0.0011189259662759078
402.3333333333333,0.0012460587601005554
402.41666666666663,0.0013258549823182717
402.5,0.0015961508351644154
402.5833333333333,0.0008826138201559128
402.66666666666663,0.00028057960527831405
402.75,0.0007231046666266771
402.8333333333333,0.0009789578841576858
402.91666666666663,0.0010052479398518345
403.0,0.0008231752147397158
403.0833333333333,0.0010266551201631622
403.16666666666663,0.0007478692033189076
403.25,0.00011992978868749247
403.3333333333333,0.0001310226685964662
403.41666666666663,0.0002916100977300305
403.5,0.0010149681483698012
403.5833333333333,0.0011973148736870035
403.66666666666663,0.001881655901155154
403.75,0.0017772840704317274
403.8333333333333,0.0005654121051405397
403.91666666666663,0.00034056683872257516
404.0,0.000806570978508546
404.0833333333333,6.696335932688071e-05
404.16666666666663,0.0010147237751046332
404.25,0.000955252525961133
404.3333333333333,0.000676861755991097
404.41666666666663,0.0007847274411646977
404.5,0.0015780952132269004
404.5833333333333,0.0008104625324998671
404.66666666666663,0.0010449397630075746
404.75,0.0010407006157369253
404.8333333333333,0.00047242912670403215
404.91666666666663,0.0005950351449176563
405.0,0.000901688540522945
405.0833333333333,0.0010552183642479802
405.16666666666663,0.0008793004202921281
405.25,0.0003870697227902901
405.3333333333333,0.00046433970355134145
405.41666666666663,0.0014695134922431995
405.5,0.0012896859717791494
405.5833333333333,0.0005951295834796103
405.66666666666663,0.0011428396314621734
405.75,0.00031466493174681776
405.8333333333333,0.0010979910127243103
405.91666666666663,0.0014601778993605843
406.0,0.0002726727698495185
406.0833333333333,0.0008145550996645032
406.16666666666663,0.0004878055695798714
406.25,0.0011563345337360245
406.3333333333333,0.0007212552457079443
406.41666666666663,0.0007987708691848705
406.5,0.001264157254129361
406.5833333333333,0.0008504002368869683
406.66666666666663,0.000562381484478449
406.75,0.0006608779656212741
406.8333333333333,0.0007812023463402355
406.91666666666663,0.0022032957025509203
407.0,0.0018066462009026783
407.0833333333333,0.0009249436068588048
407.16666666666663,0.0007147226380076834
407.25,0.0010073619737443315
407.3333333333333,0.0004808016980398468
407.41666666666663,0.0004283097952753343
407.5,0.0009321458054439778
407.5833333333333,0.0009550645400826474
407.66666666666663,0.0008599522941410485
407.75,0.0009620596571970106
407.8333333333333,0.0001335579920078545
407.91666666666663,0.0005209612321979068
408.0,0.0009004145322570779
408.0833333333333,0.0019029578926251119
408.16666666666663,0.0008071441422955908
408.25,0.0008204339682128869
408.3333333333333,0.0010381060600864282
408.41666666666663,0.00029199728124304795
408.5,0.0005820991314121445
408.5833333333333,0.0006813090642148796
408.66666666666663,0.0008806682087162494
408.75,0.0008883749249423174
408.8333333333333,0.0003730948262430444
408.91666666666663,0.0007769149725480533
409.0,0.00039632595107035176
409.0833333333333,0.0011165138299197462
409.16666666666663,0.0004406187168832568
409.25,0.0005179372500195992
409.3333333333333,0.00042365286615131734
409.41666666666663,0.0010820711080614877
409.5,0.0007210088737312362
409.5833333333333,0.0003682415827103407
409.66666666666663,0.0007463760434016037
409.75,0.0005317347481326597
409.8333333333333,0.00022840220409242146
409.91666666666663,0.0002926829240340857
410.0,0.000911264825988547
410.0833333333333,0.001754529196775991
410.16666666666663,0.0013954305810940698
410.25,0.00047899748846087737
410.3333333333333,0.0007887008773769506
410.41666666666663,0.001083749090503404
410.5,0.0008937458771449094
410.5833333333333,0.00048570719751268155
410.66666666666663,0.0006709286036241765
410.75,0.0007492119552383806
410.8333333333333,0.0004534473249586216
410.91666666666663,0.00014688993510851084
411.0,0.0005494851554308889
411.0833333333333,0.0006136923430190573
411.16666666666663,0.0017154663508515907
411.25,0.0014032928675199493
411.3333333333333,0.00035232215485778503
411.41666666666663,0.0016245710646160397
411.5,0.0014539226004942952
411.5833333333333,0.0005512072864671891
411.66666666666663,0.001018589177577528
411.75,0.001527598991267362
411.8333333333333,0.0012170771738723215
411.91666666666663,0.00020610287660686598
412.0,0.0007941876162426429
412.0833333333333,0.001768249277512387
412.16666666666663,0.001924990867239735
412.25,0.001607400870414445
412.3333333333333,0.0014582897261433384
412.41666666666663,0.0004126452826274793
412.5,0.00010537742702300583
412.5833333333333,0.00037945773077465556
412.66666666666663,0.0012045226256073916
412.75,0.0013833100682026562
412.8333333333333,0.0011466779182792706
412.91666666666663,0.0010428615551880053
413.0,0.00037836316534888156
413.0833333333333,0.0015096410006358535
413.16666666666663,0.0013355150787675535
413.25,0.00020743371270541758
413.3333333333333,0.000849590766717634
413.41666666666663,0.000802421292289385
413.5,0.0011653362520031108
413.5833333333333,0.001288856086024052
413.66666666666663,0.0004127446968571041
413.75,0.0014441752571175768
413.8333333333333,0.0013017938676520922
413.91666666666663,0.0007089096999157349
414.0,0.0008271793977831106
414.0833333333333,0.0007394652175744463
414.16666666666663,0.00127010139514477
414.25,0.0009387321746887133
414.3333333333333,1.5335246102239974e-05
414.41666666666663,0.0009719296958944963
414.5,0.0010783814262282873
414.5833333333333,0.0001584558270667411
414.66666666666663,0.0004800836593931428
414.75,0.0008045379656021187
414.8333333333333,0.00036287164243950054
414.91666666666663,0.0005619481088746449
415.0,0.0007582388956640768
415.0833333333333,0.00024966000528885466
415.16666666666663,0.0008758292064425005
415.25,0.0012945375688995177
415.3333333333333,0.0013280198692409665
415.41666666666663,0.0009768358266231546
415.5,0.00018376773130456984
415.5833333333333,0.0009651576951059259
415.66666666666663,0.0006801280673089856
415.75,0.0005210775924176945
415.8333333333333,0.00046585234937849336
415.91666666666663,0.0009237505711674346
416.0,0.0007768945851380528
416.0833333333333,0.0005296933175825492
416.16666666666663,0.00025146743714806044
416.25,0.000465124704310844
416.3333333333333,0.00031666770713359877
416.41666666666663,0.0003006395936766685
416.5,0.0006068000273925817
416.5833333333333,0.0006939068769888884
416.66666666666663,0.0004790169580086216
416.75,0.0007282823090932648
416.8333333333333,0.0007922891659558675
416.91666666666663,0.0004115861321261866
417.0,0.0006115527427260148
417.0833333333333,0.0013865811907134977
417.16666666666663,0.0006292682045143737
417.25,0.00037398196197485986
417.3333333333333,0.00042849137086859454
417.41666666666663,0.0006222328446376612
417.5,0.0007077228875029685
417.5833333333333,0.0010537889156569174
417.66666666666663,0.0011377189899058253
417.75,0.0018836790310265625
417.8333333333333,0.0012352337193725679
417.91666666666663,0.0005349513025479254
418.0,0.0007337080654118324
418.0833333333333,0.0005615661571156091
418.16666666666663,0.0005163797580940206
418.25,0.0004846401364242807
418.3333333333333,0.0010744673028255315
418.41666666666663,0.0008742006393432987
418.5,0.0004687131078656137
418.5833333333333,0.0004057672006249068
418.66666666666663,0.0002551446514824105
418.75,0.0006222015495223782
418.8333333333333,0.00030020226830322513
418.91666666666663,0.001556939062574409
419.0,0.0013289836359552502
419.0833333333333,0.0012944710843403803
419.16666666666663,0.0008559213409726419
419.25,0.0007660380005010448
419.3333333333333,0.0005238950561056733
419.41666666666663,0.00046559041481718705
419.5,0.0008648676219904776
419.5833333333333,0.0007388608627949178
419.66666666666663,0.0006402656675203632
419.75,0.0006969872517128687
419.8333333333333,0.0010588207496808478
419.91666666666663,0.0013146268816981303
420.0,0.0014977011615320526
420.0833333333333,0.0012331654982022185
420.16666666666663,0.00048209199341895927
420.25,0.0005594287591611011
420.3333333333333,0.00025303524501199884
420.41666666666663,0.0004897456073442668
420.5,0.0013061916956632429
420.5833333333333,0.0009470577893504369
420.66666666666663,0.0006182032439603763
420.75,0.0017943021473543171
420.8333333333333,0.0015837033177099507
420.91666666666663,0.000439023828615855
421.0,0.0007187179603177308
421.0833333333333,0.0007253118923200592
421.16666666666663,0.00021805019870667648
421.25,0.00045080229949248033
421.3333333333333,0.0004932181639933406
421.41666666666663,0.0007052260736443691
421.5,0.0006916913282307599
421.5833333333333,0.00014538409051769878
421.66666666666663,0.0004585407311363448
421.75,0.000589086211788138
421.8333333333333,0.0005489742412826987
421.91666666666663,0.0008390699173353131
422.0,0.0015067218112333669
422.0833333333333,0.0011569627330399526
422.16666666666663,0.0008554497294726057
422.25,0.00045651041209826017
422.3333333333333,0.00034838429811813703
422.41666666666663,0.0013301307074366732
422.5,0.001293454985918225
422.5833333333333,0.0011589629913741587
422.66666666666663,0.0005378950812257889
422.75,0.0005702343245420224
422.8333333333333,0.0009321610607045156
422.91666666666663,0.0015155535441455624
423.0,0.0017290548644303255
423.0833333333333,0.0007655186795449379
423.16666666666663,0.0008862061046495756
423.25,0.0007791118624915149
423.3333333333333,0.0007593764497747682
423.41666666666663,0.0009889960500721324
423.5,0.00035621969184162496
423.5833333333333,0.0005562248330382959
423.66666666666663,0.0007700186753191288
423.75,0.0007482130532406146
423.8333333333333,0.001271009598561816
423.91666666666663,0.0007048103597215424
424.0,0.0005691829975700949
424.0833333333333,0.0011837930838083726
424.16666666666663,0.0015115445724108937
424.25,0.0014255441320072436
424.3333333333333,0.0012373908716791975
424.41666666666663,0.0008027974009772089
424.5,0.0011656410368648348
424.5833333333333,0.0005793546543054236
424.66666666666663,0.0007602718918421301
424.75,0.0006969615476463234
424.8333333333333,0.0002449874459916379
424.91666666666663,0.00028366651399907444
425.0,0.0012139985852191052
425.0833333333333,0.0017433817989255984
425.16666666666663,0.00045425003204508
425.25,0.0007211908903995769
425.3333333333333,0.0008441163416170683
425.41666666666663,0.0009816407419482628
425.5,0.0002428043492405247
425.5833333333333,0.0005643416515928597
425.66666666666663,0.0006216395864947728
425.75,0.0015903736159156253
425.8333333333333,0.0009829799163099198
425.91666666666663,0.0008277635587871638
426.0,0.0012021856244100499
426.0833333333333,0.0003904557965886038
426.16666666666663,0.000915581818654355
426.25,0.0017172287631255136
426.3333333333333,0.0018676520446820916
426.41666666666663,0.0012573082680737984
426.5,0.0013202011937843178
426.5833333333333,0.0009531608239138449
426.66666666666663,0.00015883416986276717
426.75,0.0012127140143634563
426.8333333333333,0.0012107179306253583
426.91666666666663,0.0010332032610430274
427.0,0.0001439479776190555
427.0833333333333,0.0013519789184550715
427.16666666666663,0.0012106492588957803
427.25,0.00014330270124106185
427.3333333333333,0.00029029056540387076
427.41666666666663,0.0004470282849271611
427.5,0.0009786954854204733
427.5833333333333,0.0006430916519620104
427.66666666666663,0.0005510627065130218
427.75,0.0011983901941337977
427.8333333333333,0.0013588027061005327
427.91666666666663,0.0010654489132485444
428.0,0.0008144752495505956
428.0833333333333,0.0012648737029638671
428.16666666666663,0.0012391285338524177
428.25,0.001275323275936248
428.3333333333333,0.0007971712014204388
428.41666666666663,0.0007731815109853378
428.5,0.00033471166578648076
428.5833333333333,0.0014140521500923965
428.66666666666663,0.0018261324147111938
428.75,0.0008923611452296664
428.8333333333333,0.0002702157682092991
428.91666666666663,0.0010215920056123337
429.0,0.0010981355167799507
429.0833333333333,0.0006134161846255313
429.16666666666663,0.0020585532976277778
429.25,0.001906264133589194
429.3333333333333,0.0007650555986902549
429.41666666666663,0.0006302875561360526
429.5,0.00038276717370761156
429.5833333333333,0.00035452091158258897
429.66666666666663,0.00043562537629957476
429.75,0.0007276255048255329
429.8333333333333,0.0002509593216265167
429.91666666666663,0.00043797688413246925
430.0,0.000551456632971029
430.0833333333333,0.0006634096219449589
430.16666666666663,0.0009306855170493943
430.25,0.0007579348138541822
430.3333333333333,0.00047848678337177687
430.41666666666663,0.00023687211772014112
430.5,0.0008479799350201045
430.5833333333333,0.0005519439983029923
430.66666666666663,0.0012008210021509404
430.75,0.0006475704718284625
430.8333333333333,0.0007780929399961802
430.91666666666663,0.0014394765195333914
431.0,0.0014602347535232765
431.0833333333333,0.0007657380778957237
431.16666666666663,0.00034071803424822177
431.25,0.0007047677055494692
431.3333333333333,0.0006591771569486935
431.41666666666663,0.0006367177688440953
431.5,0.0009308350216721525
431.5833333333333,0.0013320020817534724
431.66666666666663,0.0013060140790889792
431.75,0.0007958631357400201
431.8333333333333,0.0005295540949321988
431.91666666666663,0.0001412600412292497
432.0,0.0010769147266373662
432.0833333333333,0.0011933990908542344
432.16666666666663,0.0004859733985401985
432.25,0.00037343612662348697
432.3333333333333,0.0008341143728474848
432.41666666666663,0.00016771572941560802
432.5,0.001122929247296744
432.5833333333333,0.0004546893653200523
432.66666666666663,0.000785336122931178
432.75,0.0016079988882387792
432.8333333333333,0.0015730707929606956
432.91666666666663,0.0007202013438503067
433.0,0.00012756305005596466
433.0833333333333,0.0007120965586852987
433.16666666666663,0.0009937572234156075
433.25,0.0006286507875357386
433.3333333333333,0.0003789765705606956
433.41666666666663,0.0004151057988113642
433.5,0.00011711625914093146
433.5833333333333,0.0006136577206171198
433.66666666666663,0.0007509538756811907
433.75,0.0007959771984175614
433.8333333333333,0.0003245502719644195
433.91666666666663,0.000842072926783021
434.0,0.0014368234780636907
434.0833333333333,0.0012355916715542958
434.16666666666663,0.001113816589535844
434.25,0.0007733651012365898
434.3333333333333,0.0006014028694151689
434.41666666666663,0.0011780124886344699
434.5,0.0009896391801012927
434.5833333333333,0.0007014853613155694
434.66666666666663,0.0006183622427194185
434.75,0.00019289538060105791
434.8333333333333,0.000647266794311896
434.91666666666663,0.0007504841131089615
435.0,0.0006197675624267457
435.0833333333333,0.00046930768883451707
435.16666666666663,0.0012394133318449274
435.25,0.0013827709217036734
435.3333333333333,0.0010802839376329305
435.41666666666663,0.00010101022518019498
435.5,0.0008340382671082987
435.5833333333333,0.0010484757955218091
435.66666666666663,0.0009197641731786364
435.75,0.0012911629413765926
435.8333333333333,0.001812621519023192
435.91666666666663,0.0005903991125759798
436.0,0.0008932536343420229
436.0833333333333,0.0010567559218432403
436.16666666666663,0.0005227247132567499
436.25,0.0006997982744487386
436.3333333333333,0.0010744411580381444
436.41666666666663,0.0015907390284445046
436.5,0.002048037724258034
436.5833333333333,0.0016081175959061123
436.66666666666663,0.00033901926218732526
436.75,0.0005882549253592262
436.8333333333333,0.0006904524340050549
436.91666666666663,0.0005675293943542827
437.0,0.0007011542770134573
437.0833333333333,0.00027375797543386656
437.16666666666663,0.0003035907930459539
437.25,0.0008090929028291982
437.3333333333333,0.001125590178442404
437.41666666666663,0.0007705950624197052
437.5,0.0008308831993716318
437.5833333333333,0.0017854198900320978
437.66666666666663,0.0020887071858965104
437.75,0.0009375898860019654
437.8333333333333,0.0006135670806210533
437.91666666666663,0.000596750393582027
438.0,0.0011468197052923522
438.0833333333333,0.0009477970731937603
438.16666666666663,0.0011994063665576005
438.25,0.0004564422500247571
438.3333333333333,0.0008889030230833673
438.41666666666663,0.00024392488203292233
438.5,0.0010839896538117819
438.5833333333333,0.0004343999726724152
438.66666666666663,0.0006244851198914236
438.75,0.0010046482671807093
438.8333333333333,0.0005972672510903358
438.91666666666663,0.00031480749960985426
439.0,0.0010118528501172656
439.0833333333333,0.00020105654416486252
439.16666666666663,0.0016955404061455672
439.25,0.001209277695037177
439.3333333333333,0.00035106154989837933
439.41666666666663,0.0007047452324763411
439.5,0.001208464809242621
439.5833333333333,0.00044178755653551745
439.66666666666663,0.0010577689154267378
439.75,0.001041889563565737
439.8333333333333,0.0009935811055651158
439.91666666666663,0.0012201912208846227
440.0,0.001016567108012264
440.0833333333333,0.0009067746069520479
440.16666666666663,0.000848650482076934
440.25,0.0011929883551180897
440.3333333333333,0.0011365307879472012
440.41666666666663,0.00044108127448208226
440.5,0.001586771314218604
440.5833333333333,0.0008132287293914177
440.66666666666663,0.0006068887658988591
440.75,0.0002727192689008936
440.8333333333333,0.0005132114070103441
440.91666666666663,0.00022334104096045096
441.0,0.0005067715083969564
441.0833333333333,0.0006801029229694701
441.16666666666663,0.0010022862527482882
441.25,0.0008557746345743077
441.3333333333333,0.0005537000764728173
441.41666666666663,0.0006365235776916295
441.5,0.0013191769718009178
441.5833333333333,0.001947582273500648
441.66666666666663,0.002254304327622523
441.75,0.0020367188591979067
441.8333333333333,0.0007918577924879109
441.91666666666663,0.0009148078607391851
442.0,0.0014180163151203216
442.0833333333333,0.0009380558556440691
442.16666666666663,0.0006269368016962667
442.25,5.458564612563294e-05
442.3333333333333,0.0007308494135718561
442.41666666666663,0.0007014119050740124
442.5,0.0006221380845671678
442.5833333333333,0.00012101357059051193
442.66666666666663,0.0007079058207845318
442.75,0.00046496533456859523
442.8333333333333,0.0009996200064639493
442.91666666666663,0.0014990673654271026
443.0,0.0004098511329010361
443.0833333333333,0.0008760759935135577
443.16666666666663,0.0013130208505690653
443.25,0.001676342921158455
443.3333333333333,0.0007834361800859525
443.41666666666663,0.0008176763940336276
443.5,0.0017488319057126214
443.5833333333333,0.001789197560341696
443.66666666666663,0.001189465979434821
443.75,0.0008868001714168158
443.8333333333333,0.0006918943470473748
443.91666666666663,0.00017165263128439566
444.0,0.00046104424330050406
444.0833333333333,0.0006567079993392755
444.16666666666663,0.0013462247414978386
444.25,0.0018471582104179125
444.3333333333333,0.0020485969629421047
444.41666666666663,0.0018824867394735515
444.5,0.0010094493256653885
444.5833333333333,0.0011040037504359774
444.66666666666663,0.0013162104039681727
444.75,0.0015100070296221815
444.8333333333333,0.0014784821948711664
444.91666666666663,0.0011503026913489243
445.0,0.0011634941286690112
445.0833333333333,0.0014168190185730705
445.16666666666663,0.0007419988301814121
445.25,0.001102834846649287
445.3333333333333,0.0010832563698247339
445.41666666666663,0.00041801026454487897
445.5,0.0005961791577569863
445.5833333333333,0.0011601729467007342
445.66666666666663,0.0008379225939128159
445.75,0.0007523902311993548
445.8333333333333,0.0008212082646788465
445.91666666666663,0.0008809489374491563
446.0,0.0008826963194663143
446.0833333333333,0.0014035902509793052
446.16666666666663,0.0016567923850401582
446.25,0.0011123722709695028
446.3333333333333,0.000536163325719373
446.41666666666663,0.0002424097194939608
446.5,0.0002973649882370058
446.5833333333333,0.00036261842524565785
446.66666666666663,0.0007153778139632354
446.75,0.0010527815193989147
446.8333333333333,9.77268738181127e-05
446.91666666666663,0.00026997658872396607
447.0,0.000384761385714988
447.0833333333333,0.001292200314223282
447.16666666666663,0.0013921376345644354
447.25,0.0008963859272256365
447.3333333333333,0.0005732585456611727
447.41666666666663,0.0006075723762044732
447.5,0.00018994704045661366
447.5833333333333,0.0004964305850873171
447.66666666666663,0.0010131860899584052
447.75,0.001279029571504299
447.8333333333333,0.0011470237515141676
447.91666666666663,0.000596719721176689
448.0,0.0008001158892757131
448.0833333333333,0.0005452858817020898
448.16666666666663,0.00036637178889411664
448.25,0.00023635137651554678
448.3333333333333,0.0006614816964035173
448.41666666666663,0.0016953131146538068
448.5,0.0016605554121905289
448.5833333333333,0.0012020289156892616
448.66666666666663,0.00045214966538708375
448.75,0.0002390210857940772
448.8333333333333,0.0005616462213889464
448.91666666666663,0.001238080666362358
449.0,0.001658120009182135
449.0833333333333,0.0020761987771918417
449.16666666666663,0.00163531848780137
449.25,0.0006122512374307552
449.3333333333333,0.0005601905231231961
449.41666666666663,0.0011269311541615703
449.5,0.0007073021309879977
449.5833333333333,0.0011003591260679044
449.66666666666663,0.0016167785503549148
449.75,0.0007970303813224594
449.8333333333333,0.001231940497104038
449.91666666666663,0.000674646519633291
450.0,0.0007078676304908251
450.0833333333333,0.0012177600021403747
450.16666666666663,0.0010261571047947646
450.25,0.0009221838837122848
450.3333333333333,0.000256647716473385
450.41666666666663,0.0005972162622439798
450.5,0.0006522700152926835
450.5833333333333,0.0010918453085268017
450.66666666666663,0.0007347320452884614
450.75,0.0007449102466417789
450.8333333333333,0.0012053340544828934
450.91666666666663,0.0007459673344113169
451.0,0.00015877609009396946
451.0833333333333,0.000937465793680146
451.16666666666663,0.0021773121510717274
451.25,0.0018043607203970932
451.3333333333333,0.0006681619261724347
451.41666666666663,0.0002480689698754532
451.5,0.0007927699092073648
451.5833333333333,0.0018132905140270715
451.66666666666663,0.0013032171144459043
451.75,0.0007737636142870604
451.8333333333333,0.001124784323068607
451.91666666666663,0.0009031775343296088
452.0,0.0006456258221045542
452.0833333333333,0.0005749676173462706
452.16666666666663,0.0002995273044706669
452.25,0.0005955297052597908
452.3333333333333,0.0007697808962926455
452.41666666666663,0.00018932306736724192
452.5,0.0008359401684773357
452.5833333333333,0.000855298528812746
452.66666666666663,0.0007718115390155105
452.75,0.0007617230737647592
452.8333333333333,0.0007446652777382943
452.91666666666663,0.000597620377161671
453.0,0.00037338866721684823
453.0833333333333,0.00048329275782471874
453.16666666666663,0.0006889745285377196
453.25,0.0007974308897731868
453.3333333333333,0.0006382097157829715
453.41666666666663,0.0006706548365189747
453.5,0.00112575933126085
453.5833333333333,0.0012147348325021368
453.66666666666663,0.0012632772922752374
453.75,0.000451153341753397
453.8333333333333,0.0004297419519479611
453.91666666666663,0.000612813949620252
454.0,0.0008066292860964594
454.0833333333333,0.0007651593663913921
454.16666666666663,0.0005499043680629889
454.25,0.0006302524745567424
454.3333333333333,0.0007659208276927785
454.41666666666663,0.0007444523550277956
454.5,0.0003705216742487567
454.5833333333333,0.0002997374284962112
454.66666666666663,0.0006528458371049959
454.75,0.00048465823479912877
454.8333333333333,0.000602736489560235
454.91666666666663,0.0009206915880764993
455.0,0.0004267775757583841
455.0833333333333,0.0004835562513155382
455.16666666666663,0.00014181904163168763
455.25,0.0006909604594476225
455.3333333333333,0.0009016598053077526
455.41666666666663,0.0011209403288744424
455.5,0.0013568762250962332
455.5833333333333,0.0013850419876154367
455.66666666666663,0.000917912206163878
455.75,0.0002506954507223998
455.8333333333333,0.0005113198326990533
455.91666666666663,0.0007874360542560783
456.0,0.00041767255410102267
456.0833333333333,0.0009452304894294992
456.16666666666663,0.0008082279943448356
456.25,0.00046436600379137603
456.3333333333333,0.00010137018610891941
456.41666666666663,0.000448359713339868
456.5,0.000134363153696928
456.5833333333333,0.001021536593317873
456.66666666666663,0.0009180418019073167
456.75,0.0003105043940262084
456.8333333333333,0.0008715960166285331
456.91666666666663,0.0015570509996951257
457.0,0.0021112063620862174
457.0833333333333,0.0017690218257514093
457.16666666666663,0.0008172251239035883
457.25,0.0008028125626741619
457.3333333333333,0.0010459679848736818
457.41666666666663,0.0003868480681648274
457.5,0.0006739624078760535
457.5833333333333,0.0007771107109521184
457.66666666666663,0.0009279351396588755
457.75,0.000494583268876437
457.8333333333333,0.0011906814044096352
457.91666666666663,0.00104695698377257
458.0,0.00039668102310902724
458.0833333333333,0.00020799568855585707
458.16666666666663,0.0007218318776705594
458.25,0.0012723738631036728
458.3333333333333,0.0012572876369368526
458.41666666666663,0.0009810657154941315
458.5,0.0008259684900181808
458.5833333333333,0.0010963005352299237
458.66666666666663,0.0008123493339077611
458.75,0.00014603428751774216
458.8333333333333,0.000461741205303861
458.91666666666663,0.0010188084294651643
459.0,0.0013568733983374765
459.0833333333333,0.0005591064229832032
459.16666666666663,0.0013123393447283644
459.25,0.0011336744327604016
459.3333333333333,0.0005216629944018334
459.41666666666663,0.0002032655172359296
459.5,0.0006031918657693893
459.5833333333333,0.0006521160824513153
459.66666666666663,0.001180808035060845
459.75,0.00020372546111329447
459.8333333333333,0.000317077044928663
459.91666666666663,0.0006216611687971975
460.0,0.0011451155571125958
460.0833333333333,0.0009196751652946494
460.16666666666663,0.0007181492481818131
460.25,0.0008829825548836829
460.3333333333333,0.0006114696203365933
460.41666666666663,0.001238773787414041
460.5,0.0013774111970434747
460.5833333333333,0.0014118916922805506
460.66666666666663,0.001149560756642708
460.75,0.00032258563824546805
460.8333333333333,0.0007912580217116707
460.91666666666663,0.0012745469410182805
461.0,0.0014407843758626917
461.0833333333333,0.0003069793701631858
461.16666666666663,0.0012652160486362526
461.25,0.0013476942345152045
461.3333333333333,0.0012055814948929314
461.41666666666663,0.0008589110706994561
461.5,0.0006802615327548779
461.5833333333333,0.0011158661504601783
461.66666666666663,0.0014033044572805099
461.75,0.0009534618980724617
461.8333333333333,0.0007414151904501257
461.91666666666663,0.00035279114985533434
462.0,0.0007297043556450242
462.0833333333333,0.0008185528681876443
462.16666666666663,0.0007608146895537798
462.25,0.0005805427917544214
462.3333333333333,0.0003390143206149575
462.41666666666663,0.0004285754632818245
462.5,0.0002504853490816217
462.5833333333333,0.0008046069705308511
462.66666666666663,0.0009425239147887862
462.75,0.0004295510159593047
462.8333333333333,0.0007712217651676937
462.91666666666663,0.0014811171704458138
463.0,0.0007174134806296776
463.0833333333333,0.00102317563793335
463.16666666666663,0.0014241486120198249
463.25,0.0008795933528427545
463.3333333333333,0.0003714333148625921
463.41666666666663,0.0008979653637360245
463.5,0.0009052126312001277
463.5833333333333,0.0006929113488370639
463.66666666666663,0.0002645026068042579
463.75,0.00012015804376612494
463.8333333333333,0.0007897459847800365
463.91666666666663,0.0006401203489309101
464.0,0.0008253832471163797
464.0833333333333,0.0005865930531383065
464.16666666666663,0.00031086372856807266
464.25,0.00039046356376092457
464.3333333333333,0.000143853195382077
464.41666666666663,0.0003220289208243157
464.5,0.0007581959242607967
464.5833333333333,0.0009655386558901406
464.66666666666663,0.001048372387430655
464.75,0.001246963093556795
464.8333333333333,0.0012111215745612218
464.91666666666663,0.0012907256007287401
465.0,0.0008235826581006312
465.0833333333333,0.0007135763035779968
465.16666666666663,0.0006936187688506696
465.25,0.000581067797557315
465.3333333333333,0.000669385938922847
465.41666666666663,0.0010564773055023403
465.5,0.0007805079368816716
465.5833333333333,0.0005528952378046358
465.66666666666663,0.0006133450632058578
465.75,0.0011260758750201647
465.8333333333333,0.0010039533983285302
465.91666666666663,0.0005218594626183339
466.0,0.0003448178118849701
466.0833333333333,0.0003191722150182856
466.16666666666663,0.00043597527584400694
466.25,0.0010850303836393127
466.3333333333333,0.0010276474802693924
466.41666666666663,0.0006973851651170268
466.5,0.0006250863856287475
466.5833333333333,0.0017143363185092146
466.66666666666663,0.0019277139347096378
466.75,0.0013347813845355227
466.8333333333333,0.0008454382244924108
466.91666666666663,0.0013206284055790147
467.0,0.00109812574891671
467.0833333333333,0.0010849145222619123
467.16666666666663,0.0016810656231516505
467.25,0.0007752780533453996
467.3333333333333,0.0018964040190949322
467.41666666666663,0.003232483284147498
467.5,0.002180387928513279
467.5833333333333,0.00032167646501690206
467.66666666666663,0.0006376968875406335
467.75,0.00031225306477019357
467.8333333333333,0.0011968380008486271
467.91666666666663,0.0011458071498304607
468.0,0.000168428629091563
468.0833333333333,0.0006481951144833364
468.16666666666663,0.0010828990082019908
468.25,0.001449761575233013
468.3333333333333,0.0007370040589845588
468.41666666666663,0.0008989201906183316
468.5,0.0012136462847806887
468.5833333333333,0.0008287703918266606
468.66666666666663,0.0010766384584417412
468.75,0.0010052398878095399
468.8333333333333,0.0006594571203632924
468.91666666666663,0.0004544632796269769
469.0,0.0006755839286145892
469.0833333333333,0.0005124512903555885
469.16666666666663,0.00014551053980285203
469.25,0.00048521014486390546
469.3333333333333,0.000926332769924709
469.41666666666663,0.0006602718793478903
469.5,0.00048744254917494997
469.5833333333333,0.0009950684910496471
469.66666666666663,0.0004175355445266438
469.75,0.0006344130245929672
469.8333333333333,0.0006113562072716561
469.91666666666663,0.000333563729987612
470.0,0.0006776908449390143
470.0833333333333,0.00040257654249957925
470.16666666666663,0.00030735207707976395
470.25,0.0011157066904865765
470.3333333333333,0.0014490407948872367
470.41666666666663,0.0010388997455739368
470.5,0.00121509517607789
470.5833333333333,0.001074575980874619
470.66666666666663,0.0005214097773543066
470.75,0.0011480090998352117
470.8333333333333,0.0018559716427773132
470.91666666666663,0.001923481794230164
471.0,0.0010555483136783388
471.0833333333333,0.0006102017793839423
471.16666666666663,0.0005768805116892722
471.25,0.0004271189056618487
471.3333333333333,0.001159579844852512
471.41666666666663,0.001294850145815484
471.5,0.0013539924232807876
471.5833333333333,0.0016913982120963047
471.66666666666663,0.0008787453682596074
471.75,0.0004072440455140424
471.8333333333333,0.001023148305908714
471.91666666666663,0.0008444182021612661
472.0,0.00025505335843354466
472.0833333333333,0.0009136131050461279
472.16666666666663,0.0007387693595132165
472.25,0.0008767543439560798
472.3333333333333,0.0009007388569416789
472.41666666666663,0.0010679590265432128
472.5,0.0012783577203905596
472.5833333333333,0.00048537975620701815
472.66666666666663,0.00016178792490924187
472.75,0.0006776334660958599
472.8333333333333,0.000797231847208198
472.91666666666663,0.0007752421529125168
473.0,0.00034040812395314516
473.0833333333333,0.00023471282261095148
473.16666666666663,0.0008787375748088656
473.25,0.0008555053775050856
473.3333333333333,0.0002928317228642975
473.41666666666663,0.000713859360593809
473.5,0.00040969188584230224
473.5833333333333,0.0005039565024253389
473.66666666666663,0.0010002186390056294
473.75,0.0009125973014993124
473.8333333333333,0.0004185723937791408
473.91666666666663,0.00011989842135050739
474.0,0.00012634022939945607
474.0833333333333,0.0005744972930713305
474.16666666666663,0.00045128602338669613
474.25,0.00029804404698605027
474.3333333333333,0.00012091824926742415
474.41666666666663,0.0005828236036306006
474.5,0.0006930530234033923
474.5833333333333,0.0005286418642524956
474.66666666666663,0.0008642854476817606
474.75,0.0008895893848699999
474.8333333333333,0.0006541477757195599
474.91666666666663,0.0009112127725586128
475.0,0.0006645542288385359
475.0833333333333,0.00021778389621010606
475.16666666666663,0.0004858834673719279
475.25,0.00039129809170119627
475.3333333333333,0.0009702997619873857
475.41666666666663,0.001162408041095951
475.5,0.0010257306949023413
475.5833333333333,0.0006092276214628378
475.66666666666663,0.0008969926826418766
475.75,0.0010642104540022983
475.8333333333333,0.000542598511270306
475.91666666666663,0.0006691737530160384
476.0,0.000769094952387824
476.0833333333333,0.0008443775171100671
476.16666666666663,0.00044382859393731
476.25,0.0003569430670751623
476.3333333333333,5.4104135757885926e-05
476.41666666666663,0.0006450507318820191
476.5,0.0007486390998600012
476.5833333333333,0.00015458990317389066
476.66666666666663,0.0004642505367661432
476.75,0.0010438912467905922
476.8333333333333,0.001308317653812574
476.91666666666663,0.0006790677871389511
477.0,0.0006426468740569264
477.0833333333333,0.0010970476860007968
477.16666666666663,0.0008771924632658612
477.25,0.0005998379316412433
477.3333333333333,0.0008729327193366834
477.41666666666663,0.0009993460603501152
477.5,0.0002870186011074956
477.5833333333333,0.0006716695638413388
477.66666666666663,0.0005763338783118936
477.75,0.0013609761693484798
477.8333333333333,0.0011500271494078978
477.91666666666663,0.0003942016156826253
478.0,0.0013484672900447837
478.0833333333333,0.00041931263367254973
478.16666666666663,0.0009863951063024587
478.25,0.0013016255097004726
478.3333333333333,0.000575590091110283
478.41666666666663,0.0011986408886614658
478.5,0.0018235982372629845
478.5833333333333,0.0012647357724315806
478.66666666666663,0.0003873214069799507
478.75,0.0005281684302056933
478.8333333333333,0.00047962328448465213
478.91666666666663,0.0010788267170639544
479.0,0.0011300567245532054
479.0833333333333,0.0008694723135548732
479.16666666666663,0.0003961478508434103
479.25,0.00020224096810254007
479.3333333333333,0.0006972854156322729
479.41666666666663,0.0013540203937137752
479.5,0.0002537919432995963
479.5833333333333,0.0007222059473432041
479.66666666666663,0.0005823245076848782
479.75,0.000533539154242272
479.8333333333333,0.0008755186419994516
479.91666666666663,0.0006118542367229909
480.0,0.0009417446994579959
480.0833333333333,0.0010302264880931874
480.16666666666663,0.0006024616893040079
480.25,0.0005895607935113944
480.3333333333333,0.00011837924723626972
480.41666666666663,0.0005649744630806458
480.5,0.00046280848737856995
480.5833333333333,0.0005620199278870817
480.66666666666663,0.00040150927478748355
480.75,0.00020838877276093594
480.8333333333333,0.00033933554935060343
480.91666666666663,0.0007258743344360549
481.0,0.0014294845467007445
481.0833333333333,0.0008098366608848881
481.16666666666663,0.0006474638572591978
481.25,0.0008657929462651372
481.3333333333333,0.0004967631331024562
481.41666666666663,0.0008948710188489915
481.5,0.0009733455395554986
481.5833333333333,0.0007783216586318686
481.66666666666663,0.001114632139620914
481.75,0.0008683024499630635
481.8333333333333,0.000267819806306611
481.91666666666663,0.0006469957716982402
482.0,0.0005004962311065736
482.0833333333333,0.0005819527662364064
482.16666666666663,0.0012665840198978393
482.25,0.0009370625605085044
482.3333333333333,0.000662993533477273
482.41666666666663,0.0012508453756831745
482.5,0.0010854680152476174
482.5833333333333,0.0007846170835918449
482.66666666666663,0.0008624366886558199
482.75,0.001157486831524036
482.8333333333333,0.0008046873181658769
482.91666666666663,0.002031878455095834
483.0,0.001953218527320785
483.0833333333333,0.0016702625017529517
483.16666666666663,0.0017197826493088697
483.25,0.0006057761442216227
483.3333333333333,0.0008216486936741619
483.41666666666663,0.0010354330086337611
483.5,0.001103141458179615
483.5833333333333,0.001113087936589268
483.66666666666663,0.0007899653875974007
483.75,0.00037338733534933406
483.8333333333333,0.0009605893136314084
483.91666666666663,0.0010747458803605974
484.0,0.0005276820596140106
484.0833333333333,0.0005582405790102756
484.16666666666663,0.0009595516440232887
484.25,0.000827430275290887
484.3333333333333,0.0014614898066709393
484.41666666666663,0.0015006581867635386
484.5,0.000890281913280131
484.5833333333333,0.0006953556429341432
484.66666666666663,0.0005458840926881001
484.75,0.0005912837865600406
484.8333333333333,0.0010880690556171833
484.91666666666663,0.001207330843955891
485.0,0.0005969806354094085
485.0833333333333,0.0005598511347692193
485.16666666666663,0.0006573914692039033
485.25,0.0010426211727278718
485.3333333333333,0.0009821196714812383
485.41666666666663,0.000954131559144563
485.5,0.0006100737036601963
485.5833333333333,0.00023433168804592563
485.66666666666663,0.0011015374195721991
485.75,0.0012242205735770182
485.8333333333333,0.0011464437247642103
485.91666666666663,0.0008067402613427537
486.0,0.0012727950639028003
486.0833333333333,0.0013522479783012334
486.16666666666663,0.0011612980312372648
486.25,0.0004697217992606374
486.3333333333333,0.0003170391134470411
486.41666666666663,0.001424306576013059
486.5,0.001746673704447607
486.5833333333333,0.0013401951868502657
486.66666666666663,0.0008651837662320698
486.75,0.000320750357583291
486.8333333333333,0.0006348733918159781
486.91666666666663,0.0008265535656447135
487.0,0.0013844804673114012
487.0833333333333,0.0014034353513177097
487.16666666666663,0.000915902959145625
487.25,0.0003697114514703733
487.3333333333333,0.00021058594911737161
487.41666666666663,0.0005460359306025441
487.5,0.0010104828752818225
487.5833333333333,0.0013296516868563431
487.66666666666663,0.0010984782453517974
487.75,0.000765623462429365
487.8333333333333,0.0008386128894525887
487.91666666666663,0.0008782619471376488
488.0,0.000695049378448344
488.0833333333333,0.0012827551589502393
488.16666666666663,0.0014767351656961626
488.25,0.000642609890901749
488.3333333333333,0.000769032898982038
488.41666666666663,0.0006464436315143385
488.5,0.00046176287345183224
488.5833333333333,0.0009938965406628478
488.66666666666663,0.0012979375614890346
488.75,0.0004169906013056647
488.8333333333333,0.0003289548516983292
488.91666666666663,0.0006575942197162784
489.0,0.0012838740938159875
489.0833333333333,0.0014034194768919722
489.16666666666663,0.001167958159601577
489.25,0.0005010321885371865
489.3333333333333,0.0007489906741542179
489.41666666666663,0.0014935439681831055
489.5,0.0009858089217946828
489.5833333333333,0.0009660384080620039
489.66666666666663,0.00039437411977960227
489.75,0.0006833548414386044
489.8333333333333,0.0005471723723394365
489.91666666666663,0.0005209366078956505
490.0,0.00043685835118283974
490.0833333333333,0.00018641298514054298
490.16666666666663,0.0009350574795346126
490.25,0.0016632384709426244
490.3333333333333,0.0014569477824283306
490.41666666666663,0.0007133395289798955
490.5,0.0011509391181666424
490.5833333333333,0.0010169210706103683
490.66666666666663,0.00026889128680607395
490.75,0.0005608029966519909
490.8333333333333,0.0008297843622381564
490.91666666666663,0.0005257027674526309
491.0,0.00042528556691056143
491.0833333333333,0.0003882630810192729
491.16666666666663,0.0010404311944915386
491.25,0.0010253258008194697
491.3333333333333,0.0006234012589447264
491.41666666666663,0.0007695342624045112
491.5,0.001026672610896764
491.5833333333333,0.0012590433960822309
491.66666666666663,0.00036397911725955483
491.75,0.0003576441772853184
491.8333333333333,0.0008271060114936028
491.91666666666663,0.000746397874920514
492.0,0.0003346367327750258
492.0833333333333,0.0005946098174142174
492.16666666666663,0.0007040575360896525
492.25,0.001139700914764457
492.3333333333333,0.0015989397467413712
492.41666666666663,0.0014988569651071346
492.5,0.0009606611623164136
492.5833333333333,0.0007760324536992698
492.66666666666663,0.00028070043323154416
492.75,0.0006213626742362246
492.8333333333333,0.0007088008078902254
492.91666666666663,0.00043663017614594383
493.0,0.0008795643793423507
493.0833333333333,0.0013072759547672354
493.16666666666663,0.0011184821489167533
493.25,0.0005419829331624271
493.3333333333333,0.0007702091771646819
493.41666666666663,0.0009094986753035449
493.5,0.0014022754575471123
493.5833333333333,0.0016607954658538976
493.66666666666663,0.0005368845873511892
493.75,0.0009280817148876828
493.8333333333333,0.0007821333827406471
493.91666666666663,0.0007934588707299814
494.0,0.0004288187088398103
494.0833333333333,0.00022199738519758044
494.16666666666663,0.0005406422220719664
494.25,0.0012040581927513648
494.3333333333333,0.0007306114102917176
494.41666666666663,0.0004669724925855843
494.5,0.0005756237806037542
494.5833333333333,0.0007730861224278541
494.66666666666663,0.0013383078157115252
494.75,0.0010000517182794568
494.8333333333333,0.00047076003203614313
494.91666666666663,0.0007519410986732872
495.0,0.0005415248485753011
495.0833333333333,0.000767354504703049
495.16666666666663,0.0009456253639800646
495.25,0.0007928460060912422
495.3333333333333,0.00048576180007055053
495.41666666666663,0.0009497066119204224
495.5,0.0012029244408733528
495.5833333333333,0.0014103783471731465
495.66666666666663,0.000695825928421444
495.75,0.0008312278629252565
495.8333333333333,0.0012828526257411402
495.91666666666663,0.0014411245128627486
496.0,0.0016036808637444613
496.0833333333333,0.0008685667578399172
496.16666666666663,0.00021301904621638004
496.25,0.0003759257039747652
496.3333333333333,0.0011297214969934093
496.41666666666663,0.001039440520708077
496.5,0.0006934118134531187
496.5833333333333,0.00031935938905168525
496.66666666666663,0.00015014087248874035
496.75,0.0008473342360799397
496.8333333333333,0.00010156579020851159
496.91666666666663,0.000568709589810424
497.0,4.629151687322032e-05
497.0833333333333,3.794039682166476e-05
497.16666666666663,0.0009085681885932294
497.25,0.0009906171558559979
497.3333333333333,0.0003573785353147743
497.41666666666663,0.0008248317815434125
497.5,0.001114704138420392
497.5833333333333,0.0006314654209629219
497.66666666666663,0.00012249100322212424
497.75,0.0004152135086891632
497.8333333333333,0.0010983530008281475
497.91666666666663,0.0014901775955450758
498.0,0.0013634104722000345
498.0833333333333,0.0007585430990013362
498.16666666666663,0.00014068294050957893
498.25,0.0007917977214736887
498.3333333333333,0.001351441672362666
498.41666666666663,0.0011746250387910607
498.5,0.0007431415334811358
498.5833333333333,0.0008631273367244977
498.66666666666663,0.000659716652252671
498.75,0.0012554375343141549
498.8333333333333,0.0007314785503794248
498.91666666666663,0.0009807177666506248
499.0,0.0016919957728334465
499.0833333333333,0.0020729607643155045
499.16666666666663,0.0017652955641892943
499.25,0.0008681902423538958
499.3333333333333,0.0005975234774924758
499.41666666666663,0.0010087917614724261
499.5,0.0009063454804845661
499.5833333333333,0.0009553095896546215
499.66666666666663,0.000460298596002684
499.75,0.0005144032181666062
499.8333333333333,0.0007263860054975888
499.91666666666663,0.0005228355423047534
500.0,0.0008526593005962349
500.0833333333333,0.00030266861625121095
500.16666666666663,0.0007533516853341203
500.25,0.0003087957348075021
500.3333333333333,0.0009187243222198393
500.41666666666663,0.0010561945766220226
500.5,0.0011551410633679653
500.5833333333333,0.0017581048516564072
500.66666666666663,0.00215014489543615
500.75,0.0012069751937857974
500.8333333333333,0.0004904633952399458
500.91666666666663,0.0006293305874127859
501.0,0.0003693317339218131
501.0833333333333,0.0008713541809372373
501.16666666666663,0.00034894555125646753
501.25,0.000559934385018098
501.3333333333333,0.0003869362651160208
501.41666666666663,0.0009655321309438663
501.5,0.0004935784660642778
501.5833333333333,0.0006050998135610972
501.66666666666663,0.0003642222296339986
501.75,0.0009389081440747722
501.8333333333333,0.0007189465413252077
501.91666666666663,0.0005758645651351331
502.0,0.0009217524720453743
502.0833333333333,0.0015240745626116624
502.16666666666663,0.0014166198847568132
502.25,0.0009572066264219075
502.3333333333333,0.0010912846996372235
502.41666666666663,0.00036132100622797387
502.5,0.000647832167737827
502.5833333333333,0.00047167791636291094
502.66666666666663,0.00035883360228034774
502.75,0.0007984576196538066
502.8333333333333,0.0008210131693753064
502.91666666666663,0.0009615218849169221
503.0,0.0005673829418133479
503.0833333333333,0.0002638528401475588
503.16666666666663,0.00027058689531801955
503.25,0.0009011600717773896
503.3333333333333,0.0008845890583841547
503.41666666666663,0.0005168697337474499
503.5,0.001575666776725695
503.5833333333333,0.0017903307410517713
503.66666666666663,0.001561668043694833
503.75,0.000650215179250456
503.8333333333333,0.0004669731606962694
503.91666666666663,0.0002989796353846655
504.0,0.0001919461884891602
504.0833333333333,0.0003766276901532103
504.16666666666663,0.0008423712404405951
504.25,0.0020820898315983046
504.3333333333333,0.0018316272197266305
504.41666666666663,0.0005143531736961475
504.5,0.0011758137482415765
504.5833333333333,0.0007396196145208098
504.66666666666663,0.0009688658682229173
504.75,0.0009259925452855143
504.8333333333333,0.0007170744939949225
504.91666666666663,0.000433469944164918
505.0,0.0007878652018092889
505.0833333333333,0.0008063914399498
505.16666666666663,0.000548413040996144
505.25,0.0014067282288255177
505.3333333333333,0.0008110387810913438
505.41666666666663,0.0009326762777204685
505.5,0.0011308327011968758
505.5833333333333,0.0010036783862937717
505.66666666666663,0.00015919562053651247
505.75,0.0013716477577413384
505.8333333333333,0.0017187404219776927
505.91666666666663,0.0007909128959140375
506.0,0.000125495780615269
506.0833333333333,0.0005399921339480175
506.16666666666663,0.0008867736314889736
506.25,0.0006571259734937352
506.3333333333333,0.0006455776885230269
506.41666666666663,0.0012132312428914868
506.5,0.0008629840744625195
506.5833333333333,0.00023297358373123106
506.66666666666663,0.0008352196251462584
506.75,0.0009304690576272809
506.8333333333333,0.0007629580465778477
506.91666666666663,9.313426625500911e-05
507.0,0.00040975124377482625
507.0833333333333,0.0005832218814106354
507.16666666666663,0.00046341811212991804
507.25,0.0007022320750440464
507.3333333333333,0.00039813621222199556
507.41666666666663,0.0012960887617949881
507.5,0.00111137435005944
507.5833333333333,0.0005259145678649961
507.66666666666663,0.00031615853354209595
507.75,0.00021968139445896777
507.8333333333333,0.00020410176828384915
507.91666666666663,0.0008890677322717346
508.0,0.0013960178815245747
508.0833333333333,0.001370371218571335
508.16666666666663,0.0019819923076881065
508.25,0.002203204162160487
508.3333333333333,0.0012212965336612684
508.41666666666663,0.0004747334853269091
508.5,0.0007998669959724857
508.5833333333333,0.0006102625950068998
508.66666666666663,0.00021098014348888843
508.75,0.00025006775673018213
508.8333333333333,0.0009439613007378717
508.91666666666663,0.0006395563676860177
509.0,0.00023253042026607864
509.0833333333333,0.0003531574427696452
509.16666666666663,0.000490038944502068
509.25,0.0004322081227700967
509.3333333333333,0.00022550565733548078
509.41666666666663,0.0010299191636877825
509.5,0.0010734556972774175
509.5833333333333,0.0003299884492364159
509.66666666666663,0.0009577102257853949
509.75,0.0011436008404546903
509.8333333333333,0.0004664041010244305
509.91666666666663,0.0006112226487490295
510.0,0.001260359265085725
510.0833333333333,0.0015387782183175927
510.16666666666663,0.0013753421341695408
510.25,0.001077273455535848
510.3333333333333,0.00025308529405480905
510.41666666666663,0.00032450754356555154
510.5,0.000410047500171158
510.5833333333333,0.0007735378624831642
510.66666666666663,0.0017041774003727934
510.75,0.002134011269597195
510.8333333333333,0.0014141804159769848
510.91666666666663,0.00044056992352217364
511.0,0.0003500575008667367
511.0833333333333,0.00022905203239850948
511.16666666666663,0.0006869622607939056
511.25,0.0001628303949761266
511.3333333333333,0.0008357921920059246
511.41666666666663,0.0016101313486711385
511.5,0.0014480731346661407
511.5833333333333,0.0004310633654670459
511.66666666666663,0.0008159315203718387
511.75,0.000606242642428217
511.8333333333333,0.00036595296821639596
511.91666666666663,0.0005786234596355784
512.0,0.0010724301702634913
512.0833333333333,0.0009991934782650363
512.1666666666666,0.0007519032690853238
512.25,0.0006704570482619163
512.3333333333333,0.0006823617024578307
512.4166666666666,0.0011263857160225554
512.5,0.0003608150445330273
512.5833333333333,0.0005792000821213788
512.6666666666666,3.388796285703738e-05
512.75,0.0003863790969658063
512.8333333333333,0.0005142649729828644
512.9166666666666,0.0005095080175300715
513.0,0.0003657144139457323
513.0833333333333,0.0007114907965256412
513.1666666666666,0.000726789253897043
513.25,0.0008655391910528914
513.3333333333333,0.0009863746108729383
513.4166666666666,0.0003441661625855488
513.5,0.0008225722199639733
513.5833333333333,0.0007814268945331393
513.6666666666666,9.99699465506044e-05
513.75,0.0008320441185067541
513.8333333333333,0.000746980353721794
513.9166666666666,0.0007930614015979991
514.0,0.00025780565264887993
514.0833333333333,0.00032819873674373967
514.1666666666666,0.0006446887178142251
514.25,0.0010178614168523158
514.3333333333333,0.0010047956277947634
514.4166666666666,0.0009520837665307722
514.5,0.0012462965926759437
514.5833333333333,0.0011305677084531846
514.6666666666666,0.0002667813022107769
514.75,0.00038160344546200344
514.8333333333333,0.0009146772347614766
514.9166666666666,0.001310694915868385
515.0,0.0009600390217309988
515.0833333333333,0.0006885175182811861
515.1666666666666,0.0018768712576558958
515.25,0.0014371873959417103
515.3333333333333,0.0008933541418572125
515.4166666666666,0.001079486802695297
515.5,0.0011281479197680039
515.5833333333333,0.0007552275497183134
515.6666666666666,0.0011115244282129415
515.75,0.0014174797623257248
515.8333333333333,0.0009007114663067175
515.9166666666666,0.0004440006171960032
516.0,0.0004325876082667284
516.0833333333333,9.337638174111354e-05
516.1666666666666,0.00031121498498255275
516.25,0.0007279149326830243
516.3333333333333,0.0009313402531498155
516.4166666666666,0.0009537289293347751
516.5,0.0006126537326474847
516.5833333333333,0.000749796365274017
516.6666666666666,0.0009242341318973957
516.75,0.0007581731763526802
516.8333333333333,0.0013210502517235904
516.9166666666666,0.0011125230967411082
517.0,0.0008970861439671713
517.0833333333333,0.000606794003462417
517.1666666666666,0.0009982725647863688
517.25,0.0007513654759687129
517.3333333333333,0.0004665383171385468
517.4166666666666,0.0007810173051463996
517.5,0.0007025684077732872
517.5833333333333,0.000678132900375085
517.6666666666666,0.0006003391155345513
517.75,0.000669559310847585
517.8333333333333,0.00042808167532719577
517.9166666666666,0.0003001498704737891
518.0,0.0009101971864233522
518.0833333333333,0.0015456089648110069
518.1666666666666,0.0015888323558563727
518.25,0.0014255130666673583
518.3333333333333,0.0016921484458484117
518.4166666666666,0.002036818167332469
518.5,0.0010639905842156963
518.5833333333333,0.0004296422238404246
518.6666666666666,0.00032565742504490154
518.75,0.0005628259159231486
518.8333333333333,0.001254937484672825
518.9166666666666,0.0008565087882044255
519.0,0.0004338410821267388
519.0833333333333,0.0008412846510488693
519.1666666666666,0.00044310222739489004
519.25,0.00034662672598314854
519.3333333333333,0.00037148507985641387
519.4166666666666,0.0009102712304583987
519.5,0.0008939721272245144
519.5833333333333,0.00042775729485296937
519.6666666666666,0.0007464341907092938
519.75,0.0012649415515754048
519.8333333333333,0.0007211488603379505
519.9166666666666,0.0006569641477651656
520.0,0.0011506112307014637
520.0833333333333,0.0012441771758851044
520.1666666666666,0.0005516550504977568
520.25,0.00011900364504947701
520.3333333333333,0.0005699056726566779
520.4166666666666,0.00017940462162377693
520.5,0.0005247206530510222
520.5833333333333,0.0007259459426865486
520.6666666666666,0.0006795179134839936
520.75,0.0008789380238818961
520.8333333333333,0.0009646093371562063
520.9166666666666,0.0006721401255176911
521.0,0.0005627318271241376
521.0833333333333,0.0004317788368571104
521.1666666666666,0.0002989117295186436
521.25,0.00041230082104191956
521.3333333333333,4.577734017405931e-05
521.4166666666666,0.0007220069256377832
521.5,0.00023165619509753002
521.5833333333333,0.0006806075896755298
521.6666666666666,9.945880407049861e-05
521.75,0.0005194819262044024
521.8333333333333,0.0004522645466909215
521.9166666666666,0.00021800878218513508
522.0,0.0007232646532583566
522.0833333333333,0.0015401476800738626
522.1666666666666,0.0009147569994173592
522.25,0.00048643157654430384
522.3333333333333,0.0003553054823916524
522.4166666666666,0.0007620294185729688
522.5,0.0010010329840437354
522.5833333333333,0.00036505344028189525
522.6666666666666,0.00034623800629556505
522.75,0.0006676843454032814
522.8333333333333,0.00023356293380150448
522.9166666666666,0.000618392471104485
523.0,0.0006035201718624639
523.0833333333333,0.0005328014728061204
523.1666666666666,0.00035067841778362
523.25,0.0009291967168232235
523.3333333333333,0.0009267561069277723
523.4166666666666,0.0008983783574752867
523.5,0.0011191543203656693
523.5833333333333,0.001016984252526908
523.6666666666666,0.0009758420777083834
523.75,0.00016738060692074084
523.8333333333333,0.0007660664616347348
523.9166666666666,0.0008161461051445079
524.0,0.0009197906432054901
524.0833333333333,0.0008134735229851364
524.1666666666666,0.000916833159623919
524.25,0.0015885864862866593
524.3333333333333,0.0019540741213958713
524.4166666666666,0.0016882542275870366
524.5,0.0006426428295606112
524.5833333333333,0.00031892394410104055
524.6666666666666,0.00016720217488848345
524.75,0.000380458321456117
524.8333333333333,0.0005980052300311759
524.9166666666666,0.00026802450733369665
525.0,0.0006332986205588278
525.0833333333333,0.000530946054151452
525.1666666666666,0.00027079675368250986
525.25,0.0005802931659635197
525.3333333333333,0.0009541251010896491
525.4166666666666,0.0005100460240228131
525.5,0.0008671150628757803
525.5833333333333,0.0009993737601446068
525.6666666666666,0.0010666172205110126
525.75,0.0007655136215354317
525.8333333333333,0.00021185171640296203
525.9166666666666,0.00018853993569250765
526.0,0.0003528833855095329
526.0833333333333,0.00016612726094338088
526.1666666666666,0.0005135740242741077
526.25,0.0004096931042278583
526.3333333333333,0.0011698670263333014
526.4166666666666,0.001987887301359656
526.5,0.0013207294236203756
526.5833333333333,0.0006915157905125856
526.6666666666666,0.00039694676971339444
526.75,0.000281882642028118
526.8333333333333,0.0005550663294897305
526.9166666666666,0.0009750438622983562
527.0,0.0009673411824877835
527.0833333333333,0.0003495309386987444
527.1666666666666,0.00022838200519329727
527.25,0.00035712588003024314
527.3333333333333,0.001552200420142796
527.4166666666666,0.0014976691144003892
527.5,0.0006919544208311165
527.5833333333333,0.0007756617065652764
527.6666666666666,0.0007360244773837947
527.75,0.0012288639945631614
527.8333333333333,0.0011415835765693574
527.9166666666666,0.0011240791919287665
528.0,0.00090557658367468
528.0833333333333,0.00030656196900624683
528.1666666666666,0.0012440327015425727
528.25,0.0017364114858963498
528.3333333333333,0.0009327556215209796
528.4166666666666,0.0004972402144535736
528.5,0.0016232858421125398
528.5833333333333,0.0018051365155217294
528.6666666666666,0.0011472263120018739
528.75,0.0006636442510328553
528.8333333333333,0.000774845150291087
528.9166666666666,0.0009942664871766217
529.0,0.0011603561909048756
529.0833333333333,0.0012780682719559853
529.1666666666666,0.0008959354629351424
529.25,0.0007937877770116886
529.3333333333333,0.0011680115920165192
529.4166666666666,0.0007886587583094333
529.5,0.0002901224431117627
529.5833333333333,0.0007635107127063173
529.6666666666666,0.0005601479234251342
529.75,0.0007297587416078556
529.8333333333333,0.001781567373984645
529.9166666666666,0.0010256217750339311
530.0,0.000520357257209241
530.0833333333333,0.0005962504345832226
530.1666666666666,0.00030512134495538657
530.25,0.0001376215293093099
530.3333333333333,0.00031643300590580836
530.4166666666666,0.00048401821693427215
530.5,0.0006656460397415812
530.5833333333333,0.00017546838104961056
530.6666666666666,0.0005816619279666467
530.75,0.00021146327229915307
530.8333333333333,0.0005540013049742034
530.9166666666666,0.001221771186374762
531.0,0.0014599594273155322
531.0833333333333,0.0004688973371710673
531.1666666666666,3.3963010751434926e-05
531.25,0.0002443656612493813
531.3333333333333,0.0005291388242804942
531.4166666666666,0.0006286242731773535
531.5,0.0009211452938774598
531.5833333333333,0.0005992352427629937
531.6666666666666,0.000501653335097173
531.75,0.0005589704716260403
531.8333333333333,0.000310520922643258
531.9166666666666,0.0008640222861551741
532.0,0.0005141450363147913
532.0833333333333,0.0003368285007967569
532.1666666666666,0.0008416431178210689
532.25,0.0007722424771736905
532.3333333333333,0.00010910539438639329
532.4166666666666,0.0002859333278115137
532.5,0.00034020699284767264
532.5833333333333,0.00041322036276103264
532.6666666666666,0.00026192153380712033
532.75,0.00047418252606341594
532.8333333333333,0.0008383399410762131
532.9166666666666,0.0005200211305823989
533.0,0.0009133466312737478
533.0833333333333,0.0007575469352659388
533.1666666666666,0.0006972523098191305
533.25,0.00047262517996754825
533.3333333333333,0.0005731878728999527
533.4166666666666,0.0005516103565608914
533.5,0.0005499986314222571
533.5833333333333,0.0008667781346004716
533.6666666666666,0.0012411947274072563
533.75,0.0003050506586684038
533.8333333333333,0.0009099834570757285
533.9166666666666,0.0007411455673667147
534.0,0.0008285897355189005
534.0833333333333,0.0011055389193031517
534.1666666666666,0.0012032783138749867
534.25,0.0008240348845131641
534.3333333333333,0.0010902706665737814
534.4166666666666,0.0012871806358188888
534.5,0.0005665656333472438
534.5833333333333,0.0006941013960875789
534.6666666666666,0.0012295427358276067
534.75,0.00027251832649368
534.8333333333333,0.0009038604096573251
534.9166666666666,0.0008042595274876984
535.0,0.0011368089140715212
535.0833333333333,0.001406815093533794
535.1666666666666,0.0010878061431244402
535.25,0.0008718678510244035
535.3333333333333,0.000450117501463498
535.4166666666666,0.0004182907022238542
535.5,0.0003076400390007523
535.5833333333333,0.0009632431734033242
535.6666666666666,0.001353678697248663
535.75,0.0005148507084809746
535.8333333333333,0.0009641676243358968
535.9166666666666,0.001126969324217379
536.0,0.0011845684223761729
536.0833333333333,0.0018669552301411186
536.1666666666666,0.002430333375477527
536.25,0.0018497899910332788
536.3333333333333,0.0014143140588993468
536.4166666666666,0.0010653669835279423
536.5,0.0006833572152732444
536.5833333333333,0.00013318609433148707
536.6666666666666,0.0006177696491394805
536.75,0.0009603572703670235
536.8333333333333,0.00041377075578070147
536.9166666666666,0.00017908557072919377
537.0,0.0006126692931520765
537.0833333333333,0.001187117382158352
537.1666666666666,0.0010909765043422466
537.25,0.0005791499194843777
537.3333333333333,0.0008398578006590607
537.4166666666666,0.0004583943869853491
537.5,0.0005841496799748958
537.5833333333333,0.0006690431136725786
537.6666666666666,0.0009433285470861635
537.75,0.0007365923733198956
537.8333333333333,0.00030892161784496197
537.9166666666666,0.0002482329643467004
538.0,0.0006380467741034389
538.0833333333333,0.0006645232596512631
538.1666666666666,0.00018928917217276661
538.25,0.0007215518270385086
538.3333333333333,0.0010300615105806495
538.4166666666666,0.0007072582241910259
538.5,0.0001245177105767199
538.5833333333333,0.0007323911455476723
538.6666666666666,0.0006280156614488227
538.75,0.0005114787779914958
538.8333333333333,0.001077678798415503
538.9166666666666,0.0008687126381505326
539.0,0.0002615681792737274
539.0833333333333,0.0005450906541380582
539.1666666666666,0.0008465262433408199
539.25,0.0013191238389855006
539.3333333333333,0.0005231013750359171
539.4166666666666,0.0007502297136290501
539.5,0.0006340664713513188
539.5833333333333,0.00032538373044348694
539.6666666666666,0.00039990967858494106
539.75,0.00030981664320781836
539.8333333333333,0.001176536274761213
539.9166666666666,0.0009748455401861493
540.0,0.00036925662622248743
540.0833333333333,0.0009236321290493325
540.1666666666666,0.0006887347002627984
540.25,0.00033620098251273603
540.3333333333333,0.001599075098798352
540.4166666666666,0.001363364197799654
540.5,0.0008889064019105136
540.5833333333333,0.0017917815082921346
540.6666666666666,0.0010019254859593232
540.75,0.0006093802403241315
540.8333333333333,0.00043156717558584865
540.9166666666666,0.0013417572811188054
541.0,0.0009616479459584742
541.0833333333333,0.0006752176042887052
541.1666666666666,0.00010416134826408152
541.25,0.0008844425715206299
541.3333333333333,0.0011007356821961427
541.4166666666666,0.0008088461127221204
541.5,0.0006366076513843891
541.5833333333333,0.0004250811340741946
541.6666666666666,0.0007011237511606507
541.75,0.000592983515936749
541.8333333333333,0.0002745657483831096
541.9166666666666,0.0006262060694104018
542.0,0.000576785666874354
542.0833333333333,0.0007076178440413082
542.1666666666666,0.0007746180114253049
542.25,0.0013750720818500202
542.3333333333333,0.0010716671120719228
542.4166666666666,0.00034442931037341376
542.5,0.00017791850085594266
542.5833333333333,0.000270167644913734
542.6666666666666,0.00027768618584126623
542.75,0.0005018240425265563
542.8333333333333,0.0011502329503055555
542.9166666666666,0.0013185601740553635
543.0,0.0012030008074538324
543.0833333333333,0.0009189163416524772
543.1666666666666,0.001251445527565114
543.25,0.0012293657183328965
543.3333333333333,0.00013312222179732994
543.4166666666666,0.0008176738749811982
543.5,0.001123268375416707
543.5833333333333,0.0010821582833812665
543.6666666666666,0.0004285119704403046
543.75,0.0009554222658570793
543.8333333333333,0.0007557295766134093
543.9166666666666,0.0007525612787015863
544.0,0.0006469679430781641
544.0833333333333,0.0008694094905555517
544.1666666666666,0.0013223877536865038
544.25,0.0009240108680789749
544.3333333333333,0.0010684294454342967
544.4166666666666,0.0007913665066781201
544.5,0.00045430255137007293
544.5833333333333,0.00021364772413859088
544.6666666666666,0.0002844303494895545
544.75,0.0001218972397630092
544.8333333333333,0.0004830242866108417
544.9166666666666,0.0008816233100664148
545.0,0.0007017436217360281
545.0833333333333,0.0006847159741799631
545.1666666666666,0.0009010988705075144
545.25,0.0013065106579971469
545.3333333333333,0.001189072656826998
545.4166666666666,0.0009129209568635359
545.5,0.0008198254129995344
545.5833333333333,0.0010549999685519357
545.6666666666666,0.0016039622981675649
545.75,0.0009125909582214719
545.8333333333333,0.0005609613781238072
545.9166666666666,0.0010874881576132362
546.0,0.0014482238874158962
546.0833333333333,0.0003980520468302647
546.1666666666666,0.0005406888157122893
546.25,0.0008121930291806105
546.3333333333333,0.001172564943157771
546.4166666666666,0.0004211533268526534
546.5,0.0007076456363884539
546.5833333333333,0.0012427012435782712
546.6666666666666,0.001680031145697547
546.75,0.001670627482795342
546.8333333333333,0.001406116493782863
546.9166666666666,0.0005861275297586623
547.0,6.557731457025805e-05
547.0833333333333,0.00044703673951490574
547.1666666666666,0.0009340323175251145
547.25,0.0009215228338345432
547.3333333333333,0.001697136739551887
547.4166666666666,0.0006145681928249197
547.5,0.0007414936828237164
547.5833333333333,0.00016563718187029638
547.6666666666666,0.0005170902026834583
547.75,0.0002613309468206608
547.8333333333333,0.001276359877502094
547.9166666666666,0.002201867076154072
548.0,0.002164447535392708
548.0833333333333,0.0009947242681465557
548.1666666666666,0.0003825961591601491
548.25,0.0005249599957904967
548.3333333333333,0.0015405539830703394
548.4166666666666,0.0017435680127818156
548.5,0.001612247887571784
548.5833333333333,0.0010285367382814917
548.6666666666666,0.00023058021437096478
548.75,0.0006772296288360271
548.8333333333333,0.00016339083230987883
548.9166666666666,0.0008524396090619709
549.0,0.000646348209548818
549.0833333333333,0.0009397994093893451
549.1666666666666,0.0005037669067313015
549.25,0.0011178959319962907
549.3333333333333,0.00040384071259535125
549.4166666666666,0.0012758472410897873
549.5,0.0011785627713962559
549.5833333333333,0.0006301998993414947
549.6666666666666,0.0005980048672213562
549.75,0.0009639142180252807
549.8333333333333,0.000946821942342357
549.9166666666666,0.0014869955673023308
550.0,0.0009947437164400947
550.0833333333333,0.000488634309427197
550.1666666666666,0.0008648369914646803
550.25,0.001241770151401005
550.3333333333333,0.0011854296303986805
550.4166666666666,0.0008120469423295132
550.5,0.00039242943930687334
550.5833333333333,0.0009626528415453801
550.6666666666666,0.0011393577365985696
550.75,0.0007749448981755974
550.8333333333333,0.0006297944125871943
550.9166666666666,0.0008836492446053898
551.0,0.0007232185509515645
551.0833333333333,0.0003952791506317448
551.1666666666666,0.0010580292033252833
551.25,0.000981384835350067
551.3333333333333,0.0007982335848345253
551.4166666666666,0.0006099985349586601
551.5,0.0002988007435787723
551.5833333333333,0.0002985877857626929
551.6666666666666,0.0002526926735169907
551.75,9.672813424306352e-05
551.8333333333333,0.0007449322665718849
551.9166666666666,0.00041371772991635926
552.0,0.00017084253397684136
552.0833333333333,0.0003937910293338813
552.1666666666666,0.0007432802722732975
552.25,0.0013261647049247597
552.3333333333333,0.0010876745325898477
552.4166666666666,0.0012457155014701227
552.5,0.0007092179196494356
552.5833333333333,0.0002823102685745081
552.6666666666666,0.0006661009181089165
552.75,0.0013390091519469892
552.8333333333333,0.0007682891922509698
552.9166666666666,0.0003740271374285301
553.0,0.0006307144487528274
553.0833333333333,0.0008977251589275126
553.1666666666666,0.0005782606542087877
553.25,0.0005571719093181526
553.3333333333333,0.0005478782566367985
553.4166666666666,0.00046885170093845566
553.5,0.0009782842668366557
553.5833333333333,0.0010308125739005014
553.6666666666666,0.0013643131663296274
553.75,0.0013418846244540828
553.8333333333333,0.0005717975116671465
553.9166666666666,0.0013889038144549953
554.0,0.001748823694943638
554.0833333333333,0.0014466792095239479
554.1666666666666,0.00150100546445108
554.25,0.0013448601033131495
554.3333333333333,0.0007317946002930981
554.4166666666666,0.0004414899322978416
554.5,0.0004393350473771703
554.5833333333333,0.00040857920014010496
554.6666666666666,0.0005581785968111632
554.75,0.0007493567536945286
554.8333333333333,0.0002734888881429571
554.9166666666666,0.000261902995881627
555.0,0.0009054131756688345
555.0833333333333,0.00012999103536635897
555.1666666666666,0.00045350768440322254
555.25,0.0002225289746499146
555.3333333333333,0.0004340388731159633
555.4166666666666,0.0011384300859520777
555.5,0.001290011011525384
555.5833333333333,0.0007699594802430842
555.6666666666666,0.00021130008225642063
555.75,0.0007067036923469665
555.8333333333333,0.001842047051900021
555.9166666666666,0.0017883901325505722
556.0,0.0004855897502549339
556.0833333333333,0.0008296921454893035
556.1666666666666,0.0005089089236424581
556.25,0.0010134759104733653
556.3333333333333,0.00043722448202537974
556.4166666666666,0.0013037860455046544
556.5,0.0013590048878988185
556.5833333333333,0.0007407754921496556
556.6666666666666,0.0009638741106159742
556.75,0.000919417731826109
556.8333333333333,0.0004915421889534555
556.9166666666666,0.0008189458775652249
557.0,0.0008367095817114414
557.0833333333333,0.000476092409694894
557.1666666666666,0.0006204045582112596
557.25,0.0007071708382094798
557.3333333333333,0.0010125510875449526
557.4166666666666,0.0008518416417634042
557.5,0.0005335554577246426
557.5833333333333,0.0009157913911540076
557.6666666666666,0.0004303895968379376
557.75,0.0007126638666229349
557.8333333333333,0.0005081647979994285
557.9166666666666,0.0005652563879618721
558.0,0.00020452709725780243
558.0833333333333,0.0008545584632159213
558.1666666666666,0.000834840194233891
558.25,0.0005491081007927753
558.3333333333333,0.0007275025530117563
558.4166666666666,0.000800337695632601
558.5,0.0015313972137732362
558.5833333333333,0.0017500058969773652
558.6666666666666,0.0012435306612186099
558.75,0.00032188796158681276
558.8333333333333,0.0005397409709188833
558.9166666666666,0.00026909435454250863
559.0,0.0006678312907977961
559.0833333333333,0.00029752913266935114
559.1666666666666,0.0013460073017156238
559.25,0.0011946874690317302
559.3333333333333,0.0014904795492977014
559.4166666666666,0.001269149866389527
559.5,0.000588603450723698
559.5833333333333,0.0008641221379328389
559.6666666666666,0.0006858445522578878
559.75,0.00019887244346144392
559.8333333333333,0.000619748219815813
559.9166666666666,0.00043016443295022864
560.0,0.00013839996986110745
560.0833333333333,0.0004694087208273491
560.1666666666666,0.0009003663984571054
560.25,0.0009825692773009747
560.3333333333333,0.0007028269920102848
560.4166666666666,0.000647957262724432
560.5,0.0010235159525571961
560.5833333333333,0.0009241238140808432
560.6666666666666,0.0006765831659510137
560.75,0.0008315879198166294
560.8333333333333,0.0009901106639710752
560.9166666666666,0.0011397485147988118
561.0,0.000772944056262029
561.0833333333333,0.0006745911821861009
561.1666666666666,0.0011431305953912172
561.25,0.0010471535192658119
561.3333333333333,0.0003221901202734486
561.4166666666666,0.001056001172686054
561.5,0.0007669701179326448
561.5833333333333,0.0005684961781237623
561.6666666666666,0.00010320280081259289
561.75,0.00047381298363656385
561.8333333333333,0.0005710502726372863
561.9166666666666,0.0008096861149269861
562.0,0.0002407927698599237
562.0833333333333,0.00014086298314597837
562.1666666666666,0.0001419555320829323
562.25,0.00020566168492066277
562.3333333333333,0.00040218215097799563
562.4166666666666,0.0013809828700920585
562.5,0.0011110921631090306
562.5833333333333,0.0008140691899804558
562.6666666666666,0.001488237842949841
562.75,0.0007079309820485552
562.8333333333333,0.0007928860649690177
562.9166666666666,0.0015873532589071161
563.0,0.0008755414129354689
563.0833333333333,0.0002786242792308092
563.1666666666666,0.0005406297606328925
563.25,0.00024690986742618125
563.3333333333333,0.0006049945446210099
563.4166666666666,0.000752788865564497
563.5,0.0014179977733647963
563.5833333333333,0.0010823769343310035
563.6666666666666,0.0005493299115441871
563.75,0.0007024934342083105
563.8333333333333,0.0010412157521328767
563.9166666666666,0.0002823407410985854
564.0,0.0004267078716775071
564.0833333333333,0.00010689815040370864
564.1666666666666,0.0005972065685023358
564.25,0.001136795424540907
564.3333333333333,0.0011142597306160837
564.4166666666666,0.0006582249825150125
564.5,0.0007613980697034443
564.5833333333333,0.001375058610228356
564.6666666666666,0.0020113243072815454
564.75,0.0019521770656821846
564.8333333333333,0.0013173965896522226
564.9166666666666,0.0006761011130943562
565.0,0.0006729792495920325
565.0833333333333,0.0006985574080501421
565.1666666666666,0.0008543204775979125
565.25,0.0003450599707000707
565.3333333333333,0.0007466555768128563
565.4166666666666,0.000799036475644956
565.5,0.00043306645162024686
565.5833333333333,0.000851018919013276
565.6666666666666,0.0004743168518037869
565.75,0.0009163462825641125
565.8333333333333,0.0014885516626269235
565.9166666666666,0.0009217782229510363
566.0,0.00039227247466849373
566.0833333333333,0.00025100360417669394
566.1666666666666,0.0001349330329878344
566.25,0.0004755317810141239
566.3333333333333,0.0014038232514922127
566.4166666666666,0.0012543903395547014
566.5,0.0004434572055433481
566.5833333333333,0.00020923931220763524
566.6666666666666,0.00035819075441840013
566.75,0.0012168371887919956
566.8333333333333,0.0008027015934370727
566.9166666666666,0.0007274430699590802
567.0,0.0006327054058854106
567.0833333333333,0.0005414590452875647
567.1666666666666,0.001203009455273505
567.25,0.001293604890128955
567.3333333333333,0.0004189619815939035
567.4166666666666,0.0008417081753482711
567.5,0.0009653923360539182
567.5833333333333,0.0004783162189358154
567.6666666666666,0.00039739181536843
567.75,0.0004969764304306655
567.8333333333333,0.00014474939463965595
567.9166666666666,0.00031949872729583064
568.0,0.0003547556739471529
568.0833333333333,0.00017436969594172513
568.1666666666666,0.00033611942967762953
568.25,0.0005506679966956973
568.3333333333333,0.0002155447943695895
568.4166666666666,0.0010982912015028486
568.5,0.0013008538323632188
568.5833333333333,0.0015363294106396747
568.6666666666666,0.0015086805953367867
568.75,0.001355461961135081
568.8333333333333,0.001080648940742738
568.9166666666666,6.127754140061016e-05
569.0,0.0007527822781773748
569.0833333333333,0.0007883494139490307
569.1666666666666,0.0006021987187044638
569.25,0.0008571238603662029
569.3333333333333,0.0006972385868503789
569.4166666666666,0.000310707731558594
569.5,0.0008803203001836366
569.5833333333333,0.0011269349099494225
569.6666666666666,0.0005416174757515182
569.75,0.0008578989323727727
569.8333333333333,0.0010992477798116597
569.9166666666666,0.000763170552987342
570.0,0.0006425411733027676
570.0833333333333,0.0002435019935963494
570.1666666666666,0.000628430828165541
570.25,0.000989945065790234
570.3333333333333,0.00048331051910699906
570.4166666666666,0.0004355007833825763
570.5,0.0011548567096832637
570.5833333333333,0.0006502206767034765
570.6666666666666,0.00034004752161999194
570.75,0.00030249411304365917
570.8333333333333,0.00014859648435822006
570.9166666666666,0.0007378304564504564
571.0,0.0010995331791026864
571.0833333333333,0.0005176290243107035
571.1666666666666,0.0002833953648885763
571.25,0.0002853305618268597
571.3333333333333,0.0003471755946421733
571.4166666666666,0.0005063631338699285
571.5,0.0009588573124712892
571.5833333333333,0.0011212097573509096
571.6666666666666,0.00043862182824650923
571.75,0.00016872430211830965
571.8333333333333,4.6608691811254637e-05
571.9166666666666,0.00019991424495581625
572.0,0.000737621763801246
572.0833333333333,0.0006722736297060265
572.1666666666666,0.00037752085853025037
572.25,0.0008508752192681552
572.3333333333333,7.875808320815065e-05
572.4166666666666,0.0009153040675636944
572.5,0.0008018881445300965
572.5833333333333,0.0002660191596323304
572.6666666666666,0.001085434393865748
572.75,0.0016677663231472835
572.8333333333333,0.0008456252536223443
572.9166666666666,0.0008097246589517051
573.0,0.0010102001563924276
573.0833333333333,0.0003416883205589219
573.1666666666666,0.00023182792138550274
573.25,0.0003609914180390447
573.3333333333333,9.440248403784386e-05
573.4166666666666,0.0004953428073549747
573.5,0.0009329412259515693
573.5833333333333,0.0016359039583525457
573.6666666666666,0.0015987783962074118
573.75,0.0010643288327547074
573.8333333333333,0.0006834391277825176
573.9166666666666,0.0004226579150413196
574.0,0.00012924492680439187
574.0833333333333,0.0004678091447385468
574.1666666666666,0.0005388195627074113
574.25,0.0006975195016258189
574.3333333333333,0.00017799686462987712
574.4166666666666,0.0004666221884151461
574.5,0.0006518094999536324
574.5833333333333,0.0009915227276408361
574.6666666666666,0.00010830427516815824
574.75,0.0012294715188043998
574.8333333333333,0.0015514564646261395
574.9166666666666,0.0011505062774375587
575.0,0.0004013031667411164
575.0833333333333,0.0010984053681476938
575.1666666666666,0.0012083061290313693
575.25,0.0009822564631510446
575.3333333333333,0.0005509422836232422
575.4166666666666,0.0004272137624723323
575.5,0.0005211704434917729
575.5833333333333,0.0002763691288409685
575.6666666666666,0.0003248345978801733
575.75,0.0009074748443673922
575.8333333333333,0.0010100356435945935
575.9166666666666,0.0005524651060762355
576.0,0.0005927808665205637
576.0833333333333,0.001203781009758687
576.1666666666666,0.0008985819961724522
576.25,0.00039902563155447274
576.3333333333333,0.0008859019822032959
576.4166666666666,0.0001966881303219771
576.5,0.000809382273914656
576.5833333333333,0.0007630977735883653
576.6666666666666,0.0003499144768596986
576.75,0.0005472547589066302
576.8333333333333,0.0013457640443944945
576.9166666666666,0.0011355545565127528
577.0,0.0005740239511936373
577.0833333333333,0.00026240179859631554
577.1666666666666,0.000485308705722356
577.25,0.0010359765442261876
577.3333333333333,0.0006529989626205271
577.4166666666666,0.00157386964307613
577.5,0.001813011161347675
577.5833333333333,0.001499088902073036
577.6666666666666,0.0011468310282532412
577.75,0.00040735213824384816
577.8333333333333,0.0003363810586930149
577.9166666666666,0.000768513112085885
578.0,0.00034395560299457236
578.0833333333333,0.0006367796649413719
578.1666666666666,0.0005170862842128566
578.25,0.0003847370106749448
578.3333333333333,0.0005967583740984103
578.4166666666666,0.00038636434185178374
578.5,0.00045436113379393206
578.5833333333333,7.575689642304469e-05
578.6666666666666,0.00012548868414452094
578.75,0.0005917180667294448
578.8333333333333,0.0010822807617171632
578.9166666666666,0.0012974334682059813
579.0,0.0011859051815757563
579.0833333333333,0.0005858116710809304
579.1666666666666,0.0005534436947748801
579.25,0.0008051446314808569
579.3333333333333,0.000712567358701494
579.4166666666666,0.000668141311012008
579.5,0.0005632924153672992
579.5833333333333,0.0006309753147916096
579.6666666666666,0.0005743221458399658
579.75,0.0006372739964776099
579.8333333333333,0.0004915929720474018
579.9166666666666,5.718867226003637e-05
580.0,0.0008654443202672654
580.0833333333333,0.0016589988272344223
580.1666666666666,0.0014016915827636985
580.25,0.0009877203481685783
580.3333333333333,0.0005452844310708261
580.4166666666666,0.0010487283109831824
580.5,0.0016599231179973588
580.5833333333333,0.0009626767292935463
580.6666666666666,0.0014122102407273648
580.75,0.0018294843009821454
580.8333333333333,0.0006970509630158851
580.9166666666666,0.00066518510084465
581.0,0.0002943444120114289
581.0833333333333,0.00012883598356634328
581.1666666666666,0.0003609363832671198
581.25,0.00013499361144875502
581.3333333333333,0.0007149601213925645
581.4166666666666,0.001224428902009911
581.5,0.0006521381834803512
581.5833333333333,0.001284225339902333
581.6666666666666,0.0010274378709920944
581.75,0.000644576782893805
581.8333333333333,0.0004017882968781553
581.9166666666666,0.0006671143037901451
582.0,0.0009435231482475721
582.0833333333333,0.0005296670752582679
582.1666666666666,0.0002485279201942316
582.25,0.0004728265903378681
582.3333333333333,0.0004002716641351346
582.4166666666666,0.00032648027409099375
582.5,8.331062786423353e-05
582.5833333333333,0.0003774899773145344
582.6666666666666,0.0008059401597998512
582.75,0.0003583407478788107
582.8333333333333,0.0009433809712764373
582.9166666666666,0.0008992219106877843
583.0,0.0006044060447951476
583.0833333333333,0.00026596653359256257
583.1666666666666,0.0010286042568909358
583.25,0.0002702639681960654
583.3333333333333,0.0013493680525698518
583.4166666666666,0.0011604402660741638
583.5,0.000607330428174475
583.5833333333333,0.0008792809598778404
583.6666666666666,0.0005931382931186333
583.75,0.0002840691012523516
583.8333333333333,0.0006243251064490366
583.9166666666666,0.0009601366293991909
584.0,0.0004835536141581829
584.0833333333333,0.00044197823845641297
584.1666666666666,0.0007863831500024852
584.25,0.000729848602559446
584.3333333333333,0.000576284542792663
584.4166666666666,0.0010002226106931198
584.5,0.0013060983822425448
584.5833333333333,0.0005776510350087756
584.6666666666666,0.00042553282207192887
584.75,0.0005697336304637023
584.8333333333333,0.0005195508114211048
584.9166666666666,0.0009059284567216429
585.0,0.00021827202193807553
585.0833333333333,0.0008533022941727283
585.1666666666666,0.0009212891656731172
585.25,0.0006547435487874933
585.3333333333333,0.00019321946676439434
585.4166666666666,0.0003992963560752152
585.5,0.00020663760529842826
585.5833333333333,0.0006507203873620946
585.6666666666666,0.0011286872926997752
585.75,0.0011013840275058305
585.8333333333333,0.0009450482619472228
585.9166666666666,0.0010876686876104397
586.0,0.0010581952518218746
586.0833333333333,0.0007554286302783249
586.1666666666666,0.0005135719806120511
586.25,0.0007642699971979391
586.3333333333333,0.0007626200175073606
586.4166666666666,0.000666483946767851
586.5,0.00037495597080473435
586.5833333333333,0.0007435503137904713
586.6666666666666,0.0009233097153139735
586.75,0.0005902061578588085
586.8333333333333,0.00045432790739123645
586.9166666666666,0.0008573042583581738
587.0,0.0011392568344846057
587.0833333333333,0.0010750580968341928
587.1666666666666,0.0006054240423715584
587.25,0.0007780840387870576
587.3333333333333,0.0007424936223129436
587.4166666666666,0.0006902782165758192
587.5,0.0010434517103724283
587.5833333333333,0.0008689113524270548
587.6666666666666,0.0003315764889444772
587.75,0.00033071902520518157
587.8333333333333,0.00046799443787026403
587.9166666666666,0.0004744753015812629
588.0,0.0016927830402553412
588.0833333333333,0.0004971864954705562
588.1666666666666,0.0006670343789629936
588.25,0.00023013274280170632
588.3333333333333,0.00016035757101989591
588.4166666666666,0.0006975670106652078
588.5,0.0010017464413660416
588.5833333333333,0.0006290968923921571
588.6666666666666,0.00033412607020174775
588.75,0.0002385337319121718
588.8333333333333,0.0004940759502447666
588.9166666666666,0.0009663115456010509
589.0,0.001331809674495308
589.0833333333333,0.0007101306844572085
589.1666666666666,0.0004256298483318686
589.25,0.0005486233402208527
589.3333333333333,0.0005793320416529456
589.4166666666666,0.0011663405313974095
589.5,0.00020597702694469193
589.5833333333333,0.0014982318770282125
589.6666666666666,0.001020210707769423
589.75,0.0003290661372241252
589.8333333333333,0.0005385214927156508
589.9166666666666,0.0009526399118983691
590.0,0.0008491911634524223
590.0833333333333,0.0005855537591947236
590.1666666666666,0.0004752525785873347
590.25,0.0009077282660917798
590.3333333333333,0.0011269535350643361
590.4166666666666,0.0012446477539135524
590.5,0.0006073501702248936
590.5833333333333,0.0009720591326108421
590.6666666666666,0.0009809001167274496
590.75,0.0007126229696535446
590.8333333333333,0.0006092663556378267
590.9166666666666,0.00029972869278939787
591.0,0.0004946226012726006
591.0833333333333,0.0008206645773535411
591.1666666666666,0.0005821451631176193
591.25,0.0006606522459991536
591.3333333333333,0.000573359257906922
591.4166666666666,0.00023017120981217432
591.5,0.00043198548040418883
591.5833333333333,0.0007464153900085723
591.6666666666666,0.0002803024797769115
591.75,0.0012099470469045923
591.8333333333333,0.0013490968394362195
591.9166666666666,0.001145995628387093
592.0,0.0005593963656390467
592.0833333333333,0.000638807402904431
592.1666666666666,0.0006297688015976122
592.25,0.0010240559754345932
592.3333333333333,0.0011433327441013684
592.4166666666666,0.00026940795109498905
592.5,0.000986385271673964
592.5833333333333,0.0012102973571672605
592.6666666666666,0.0006291682083612594
592.75,0.0004083941140129188
592.8333333333333,0.0011138648937535907
592.9166666666666,0.0006260047895920314
593.0,0.00043868507074074054
593.0833333333333,0.0008934678872192813
593.1666666666666,0.0006557296050093305
593.25,0.0007414553551254992
593.3333333333333,0.0007489160485202692
593.4166666666666,0.0002165877811095702
593.5,0.0006956631000321316
593.5833333333333,0.0004872181610310642
593.6666666666666,0.00033242124290463283
593.75,0.00011507420944431508
593.8333333333333,0.0005386780654262031
593.9166666666666,0.00035460544580970396
594.0,0.00012229144173760487
594.0833333333333,0.0008828998151394978
594.1666666666666,0.00101104218393177
594.25,0.00020313706451942002
594.3333333333333,0.0012905932173176687
594.4166666666666,0.001553754281789464
594.5,0.0014215801292830435
594.5833333333333,0.0011951650710668716
594.6666666666666,0.000470182653717392
594.75,0.0003306282206832487
594.8333333333333,0.0010466905402910266
594.9166666666666,0.0008308199172749675
595.0,0.0004911785729632525
595.0833333333333,0.0010569808553256767
595.1666666666666,0.0012707192431735917
595.25,0.0006476215611842738
595.3333333333333,0.0010830176119781397
595.4166666666666,0.0010783360594514143
595.5,0.0005072065168115173
595.5833333333333,0.0006872662785208376
595.6666666666666,0.0012042863822253915
595.75,0.0013710879655444252
595.8333333333333,0.00082215597729149
595.9166666666666,0.00041759145492923635
596.0,0.000949060766014145
596.0833333333333,0.00036739868995601757
596.1666666666666,0.0008296485788583004
596.25,0.0010397650247441778
596.3333333333333,0.0014491179850921235
596.4166666666666,0.0008517564243946433
596.5,0.0006269480800397477
596.5833333333333,0.000760167615237113
596.6666666666666,0.0011144134969015638
596.75,0.00018454857316876487
596.8333333333333,0.00043075986831569817
596.9166666666666,0.0006993937841757613
597.0,0.0007617104330527905
597.0833333333333,0.0003608213081322177
597.1666666666666,0.0004178140652630153
597.25,0.0005019368152937908
597.3333333333333,0.0012661311514715503
597.4166666666666,0.0019639474133239646
597.5,0.001506220039487538
597.5833333333333,0.0006623636248063487
597.6666666666666,0.0007444794476572139
597.75,0.0004217383102108868
597.8333333333333,0.00032315875522280176
597.9166666666666,0.0009693117427484564
598.0,0.0009390386187730297
598.0833333333333,0.0006849827455106571
598.1666666666666,0.0016246514764702142
598.25,0.001553636842572347
598.3333333333333,0.00164950678149271
598.4166666666666,0.0011658711945658669
598.5,0.0006155684785875755
598.5833333333333,0.00024076206086617646
598.6666666666666,0.0006550018860918146
598.75,0.0011446150776196953
598.8333333333333,0.0014016314298107978
598.9166666666666,0.001268058193726498
599.0,0.000810642692531691
599.0833333333333,0.0008322733129126069
599.1666666666666,0.0010046952887348118
599.25,0.0005762071592316348
599.3333333333333,0.00018131221320256155
599.4166666666666,0.0006057094765440626
599.5,0.0008143056985682182
599.5833333333333,0.0006977204060508752
599.6666666666666,0.00127203567432889
599.75,0.0011655594273081776
599.8333333333333,0.000939983602300915
599.9166666666666,0.0009230919656195495
600.0,0.0012687448887437065
600.0833333333333,0.0014999723219412378
600.1666666666666,0.0008744970473851561
600.25,0.0004164801222437284
600.3333333333333,0.0003687018042855233
600.4166666666666,0.0009548230444732654
600.5,0.0010784936062881712
600.5833333333333,0.0008796473294515514
600.6666666666666,0.0013398513682099124
600.75,0.0010547044838248667
600.8333333333333,0.0006492834358006316
600.9166666666666,0.001169113909310191
601.0,0.0011989948676129562
601.0833333333333,0.00042383587221462264
601.1666666666666,0.0011134172932148157
601.25,0.0012659424854391827
601.3333333333333,0.001204388494844868
601.4166666666666,0.0006885614354400203
601.5,0.0002136634217322491
601.5833333333333,0.0003856541373324445
601.6666666666666,0.0007125235717995493
601.75,0.0008630184120813787
601.8333333333333,0.0015588711410760867
601.9166666666666,0.0016873801967863913
602.0,0.0014599976370090544
602.0833333333333,0.0010200466818273623
602.1666666666666,0.0005499587428105017
602.25,0.0009768990190496779
602.3333333333333,0.000942808130019936
602.4166666666666,0.0006233665499132197
602.5,0.0005867593241724975
602.5833333333333,0.0009442445290621189
602.6666666666666,0.0010250999169153583
602.75,0.0009004920456741154
602.8333333333333,0.0010926082005247454
602.9166666666666,0.0007597649787766688
603.0,0.0005542331772058855
603.0833333333333,0.0008094446293610291
603.1666666666666,0.0014925556416551936
603.25,0.0021946999293051997
603.3333333333333,0.0011524251847672047
603.4166666666666,0.00015952910915252363
603.5,0.0006859174157212174
603.5833333333333,0.0008580553365848158
603.6666666666666,0.000247814214251936
603.75,0.0006125136339952908
603.8333333333333,0.0006475994067126884
603.9166666666666,0.0006334274775011792
604.0,0.0010175586824619672
604.0833333333333,0.0007227750232329458
604.1666666666666,0.0001950072149289579
604.25,0.0003278907649912235
604.3333333333333,0.0005861254528000385
604.4166666666666,0.0005244481542017918
604.5,0.0004887846952011596
604.5833333333333,0.0007874699725573316
604.6666666666666,0.001412257139421352
604.75,0.0011023865547236476
604.8333333333333,0.0010507215520269048
604.9166666666666,0.0009982578571147468
605.0,0.0010167839579723937
605.0833333333333,0.0013623397462214728
605.1666666666666,0.0008881978270350834
605.25,0.0003462456453786212
605.3333333333333,0.0013255817120414776
605.4166666666666,0.0010717856391905612
605.5,0.00023521884614769012
605.5833333333333,0.001103692751035806
605.6666666666666,0.0013393354354265979
605.75,0.0009455362393918215
605.8333333333333,0.0001794028038033519
605.9166666666666,0.0003587929477262658
606.0,0.0005478545704365013
606.0833333333333,0.0015363245727447006
606.1666666666666,0.001347628374303311
606.25,0.0004935829089851982
606.3333333333333,0.0007127605150811479
606.4166666666666,0.001403125904994681
606.5,0.0009381923744446053
606.5833333333333,0.0009148643634342927
606.6666666666666,0.001078188844128133
606.75,0.0005560763729017918
606.8333333333333,0.0003688314962341258
606.9166666666666,0.0004354730453383674
607.0,0.0006306267203927451
607.0833333333333,0.00020012043437112967
607.1666666666666,0.0004895017898480939
607.25,0.0006457664342727155
607.3333333333333,0.0014145318535375428
607.4166666666666,0.0007337695259066239
607.5,0.00026776117289692
607.5833333333333,0.00024670740620464835
607.6666666666666,0.0006532996862784754
607.75,0.0001588271808828861
607.8333333333333,0.00013970593845779135
607.9166666666666,0.00039737930447788405
608.0,0.0009466323483897803
608.0833333333333,0.0018624181483236902
608.1666666666666,0.0011970545417333074
608.25,0.0005875315695461217
608.3333333333333,0.0011880585227568195
608.4166666666666,8.744105388919891e-05
608.5,0.0009864809156011703
608.5833333333333,0.0009171282189722075
608.6666666666666,0.0009066661436057632
608.75,0.00110174046878774
608.8333333333333,0.0007711872775611584
608.9166666666666,0.001030623260296336
609.0,0.0013738655944120493
609.0833333333333,0.0007851451627077364
609.1666666666666,0.0006455016590232636
609.25,0.0010384432888296913
609.3333333333333,0.0011328978189283304
609.4166666666666,0.0005642441542071366
609.5,0.0006604043690861283
609.5833333333333,0.0005283490109952518
609.6666666666666,0.000631671684127934
609.75,0.0006412726631659589
609.8333333333333,0.001205023506833148
609.9166666666666,0.0010737296174900587
610.0,0.0005348936818771408
610.0833333333333,0.0010766711882663025
610.1666666666666,0.0012133712021302492
610.25,0.0008997978320470915
610.3333333333333,0.0009616525783150987
610.4166666666666,0.001244131270741349
610.5,0.0014684511027842672
610.5833333333333,0.000722805274879755
610.6666666666666,0.0009528701894134223
610.75,7.478332830619388e-05
610.8333333333333,0.001023581249305392
610.9166666666666,0.000728527210601208
611.0,0.00035157928537568926
611.0833333333333,0.00030138605888147294
611.1666666666666,0.000753933535099367
611.25,0.00023616349632854742
611.3333333333333,0.0002607037413246836
611.4166666666666,0.0004072057069873015
611.5,0.0006607846847250958
611.5833333333333,0.0004299155662723811
611.6666666666666,0.0010231304217953646
611.75,0.0010624621190938597
611.8333333333333,0.001067382581179585
611.9166666666666,0.0006664552510486628
612.0,0.00016399291148675794
612.0833333333333,0.0004809511494743635
612.1666666666666,0.00046951810745764796
612.25,0.001396657786761877
612.3333333333333,0.0012139558894037673
612.4166666666666,0.0008639454446364172
612.5,0.0009134344595790769
612.5833333333333,0.000630493039337312
612.6666666666666,0.0011808710196835135
612.75,0.0010643890254878263
612.8333333333333,0.0009403377499901463
612.9166666666666,0.0013596765055521151
613.0,0.0014335001104091455
613.0833333333333,0.00013929777849671997
613.1666666666666,0.0004702841196643695
613.25,0.00010387608347303039
613.3333333333333,0.00045545703693401486
613.4166666666666,0.0005182911421470301
613.5,0.001090238665805722
613.5833333333333,0.0013865974230460423
613.6666666666666,0.0014111386140996153
613.75,0.0009471890559241959
613.8333333333333,0.0005837333018750343
613.9166666666666,0.0007428895618454683
614.0,0.0013526340470043615
614.0833333333333,0.0008081339738428002
614.1666666666666,0.0005117149508435615
614.25,0.0004936473537877009
614.3333333333333,0.00044768213020701436
614.4166666666666,0.0002640432209900455
614.5,0.0005184489795624133
614.5833333333333,0.0009091894230548254
614.6666666666666,0.0004260774004501353
614.75,0.000603098192754048
614.8333333333333,0.0009263064068332345
614.9166666666666,0.0009212715797464713
615.0,0.0007477855034982669
615.0833333333333,0.0007793505817323818
615.1666666666666,0.0014582040364884519
615.25,0.0006817685116292607
615.3333333333333,0.0010155288947520486
615.4166666666666,0.002072548142304301
615.5,0.001991111412498875
615.5833333333333,0.000562298071406441
615.6666666666666,0.0005458905507172317
615.75,0.0008446403794198722
615.8333333333333,0.0010415089531033148
615.9166666666666,0.0009145011278768683
616.0,0.0007458619393236082
616.0833333333333,0.0012027455397003858
616.1666666666666,0.001246142023970069
616.25,0.00043660272817746
616.3333333333333,0.0006417906071837111
616.4166666666666,0.0009221478402785438
616.5,0.0005826290904161831
616.5833333333333,0.0005922860484778411
616.6666666666666,0.00016104674686643185
616.75,0.00037254960173216335
616.8333333333333,0.0006813816701026905
616.9166666666666,2.7156146412024864e-05
617.0,0.0008899156000443691
617.0833333333333,0.0009658041953415377
617.1666666666666,0.0013096860768725103
617.25,0.0010269065880380986
617.3333333333333,0.0004272226600627116
617.4166666666666,0.00011279739311226252
617.5,0.0008847711238899362
617.5833333333333,0.0010272458980485183
617.6666666666666,0.0013039192461433832
617.75,0.0006794425526474988
617.8333333333333,0.0008553154303697803
617.9166666666666,0.00025746073335917026
618.0,0.0005708248091068409
618.0833333333333,0.0004220315925382663
618.1666666666666,0.0007269253829125376
618.25,0.0007461854926068771
618.3333333333333,0.0007026101319510747
618.4166666666666,0.0001669269978867839
618.5,0.00022420565693588639
618.5833333333333,0.0009151513797728932
618.6666666666666,0.0014770460302290294
618.75,0.0009786048987514002
618.8333333333333,0.00041626581272067486
618.9166666666666,0.0006032919695954088
619.0,0.0006451910252234392
619.0833333333333,0.0010418859357284311
619.1666666666666,0.001146046205516755
619.25,0.0012106920800102193
619.3333333333333,0.0006878174236497091
619.4166666666666,0.0007570568339004287
619.5,0.0005688512773079499
619.5833333333333,0.0007348599039825607
619.6666666666666,0.0008004725201650418
619.75,4.626012265403512e-05
619.8333333333333,0.0007385729031374763
619.9166666666666,0.0005288799511900964
620.0,0.0006259776847497178
620.0833333333333,0.00024667990009247264
620.1666666666666,0.0010841406231902428
620.25,0.0012053199462684458
620.3333333333333,0.00027566881950187046
620.4166666666666,0.0009178801582607513
620.5,0.0008624739117351071
620.5833333333333,0.00030532322990028406
620.6666666666666,0.0007276838541587227
620.75,0.0004667508744720833
620.8333333333333,0.0003985906872315736
620.9166666666666,0.00047466406046124936
621.0,0.0011009070300548739
621.0833333333333,0.0015691355231836682
621.1666666666666,0.001143695663028752
621.25,0.0004890262894687232
621.3333333333333,0.0007452677330412736
621.4166666666666,0.0005354566176007972
621.5,0.0013817648890558823
621.5833333333333,0.0011934651989449986
621.6666666666666,0.0009187681426512056
621.75,0.0006194039946043809
621.8333333333333,0.00041763091767669597
621.9166666666666,0.0008861120004923078
622.0,0.0007941370544380186
622.0833333333333,0.00037008526860923954
622.1666666666666,0.00047026804234001813
622.25,0.00031847732029433593
622.3333333333333,0.00013107851169152888
622.4166666666666,0.0006134334577539694
622.5,0.0005974221249867484
622.5833333333333,0.0003877594148246319
622.6666666666666,0.0003402318609028374
622.75,0.0001429938347560734
622.8333333333333,0.00048018072987398945
622.9166666666666,0.000413587835925132
623.0,0.0002801999742819231
623.0833333333333,0.0006209683220612628
623.1666666666666,0.0002834345782900427
623.25,0.00027530889709615885
623.3333333333333,0.0008821677607229655
623.4166666666666,0.001283377904948089
623.5,0.0009728414772040172
623.5833333333333,0.0008208580724740903
623.6666666666666,0.0006865393125237059
623.75,0.00026851832626867736
623.8333333333333,0.00023752156675241586
623.9166666666666,0.0007665492607763382
624.0,0.0008599527356674741
624.0833333333333,0.0008571278074050369
624.1666666666666,0.0012154388634104418
624.25,0.0010161574221463797
624.3333333333333,0.0007087285171938113
624.4166666666666,0.0005793363325579356
624.5,0.0011722884502470363
624.5833333333333,0.00071802947478046
624.6666666666666,7.595736113247556e-05
624.75,0.00038729985310509803
624.8333333333333,0.00042501835726391885
624.9166666666666,0.0005155269802593269
625.0,0.0008605976690431047
625.0833333333333,0.0012524736212942223
625.1666666666666,0.0008560099334198764
625.25,0.0007555811738604225
625.3333333333333,0.0006439517955431615
625.4166666666666,0.0005889862416354152
625.5,0.00036079680381588455
625.5833333333333,0.000911365028466839
625.6666666666666,0.0017168852804791883
625.75,0.0012047897759787552
625.8333333333333,0.00020681315943805447
625.9166666666666,0.0005849437251164837
626.0,0.0009254906365257204
626.0833333333333,0.0007811749467666469
626.1666666666666,0.0008553698676436427
626.25,0.0016300470773387013
626.3333333333333,0.0009336664152507649
626.4166666666666,0.00092150701963719
626.5,0.000222087899179
626.5833333333333,0.00039279467852303015
626.6666666666666,0.00043372833445425144
626.75,0.00028354435545749807
626.8333333333333,0.000816384348066598
626.9166666666666,0.0011740065699348413
627.0,0.0008849542184771467
627.0833333333333,0.0005035615427396805
627.1666666666666,0.00042353024168113076
627.25,0.0005064733836158269
627.3333333333333,0.0007273493218437105
627.4166666666666,0.0005945892107419192
627.5,0.0006088894553988596
627.5833333333333,0.0009942949849863572
627.6666666666666,0.0007253398940966094
627.75,0.0010469184057051275
627.8333333333333,0.0006927025119247941
627.9166666666666,0.00026363076229302297
628.0,0.00023064541476627815
628.0833333333333,0.00014159599393051157
628.1666666666666,0.0005219017766122741
628.25,0.00048730936716565265
628.3333333333333,0.00045187299099554206
628.4166666666666,0.00047877676111572046
628.5,0.0011765265296249945
628.5833333333333,0.0006271250449823225
628.6666666666666,0.0007242971279529015
628.75,0.0010863338079824137
628.8333333333333,0.001042762747123463
628.9166666666666,0.0007661270769517272
629.0,0.0008631611486983666
629.0833333333333,0.001329205994794772
629.1666666666666,0.0010314471239088348
629.25,0.00015782433480607784
629.3333333333333,0.0004710613919980368
629.4166666666666,0.0010003589701980248
629.5,0.0010018554684970908
629.5833333333333,0.0005504020435140417
629.6666666666666,0.0006883472831772871
629.75,0.0005240967066214836
629.8333333333333,0.0005783230705232026
629.9166666666666,0.0009443049028246502
630.0,0.0007650007686388306
630.0833333333333,0.0005512943752941412
630.1666666666666,0.0007132085895181116
630.25,0.0002923787200463428
630.3333333333333,0.0005086768718106616
630.4166666666666,0.00019144302949495999
630.5,0.0012922398376283156
630.5833333333333,0.0013727165417258584
630.6666666666666,0.00021051683939089734
630.75,0.0009733828346009335
630.8333333333333,0.0008578686765441197
630.9166666666666,0.0005466780708967819
631.0,0.0002185027722631007
631.0833333333333,0.0005103225613195722
631.1666666666666,0.0009458060639076874
631.25,0.0005675064956090212
631.3333333333333,7.49748692133426e-05
631.4166666666666,0.00047870139965237147
631.5,0.0006854897936650199
631.5833333333333,0.0007241610168286513
631.6666666666666,0.000660499304067043
631.75,0.0003805376641839334
631.8333333333333,0.0002719765909780337
631.9166666666666,0.0003469078939666702
632.0,0.0002830411719859643
632.0833333333333,0.0006411995381858609
632.1666666666666,0.0007719100362963495
632.25,0.0013438143254821057
632.3333333333333,0.0013433056152836141
632.4166666666666,0.0005358939591201637
632.5,0.0005239122456023859
632.5833333333333,0.0012767379149400974
632.6666666666666,0.0014874123010748216
632.75,0.0012373225599748125
632.8333333333333,0.0003957931783651497
632.9166666666666,0.0008174946849308736
633.0,0.0004918582928746156
633.0833333333333,0.0005019750085582818
633.1666666666666,0.0007140355147883732
633.25,0.00024928002483372774
633.3333333333333,0.00047713715710853867
633.4166666666666,0.0004403870781893015
633.5,0.0005251999097357702
633.5833333333333,0.0006935744313364758
633.6666666666666,0.0008535104209446726
633.75,0.0008449118406501125
633.8333333333333,0.0005867555339895582
633.9166666666666,0.0005565194082658117
634.0,0.00054327273842985
634.0833333333333,0.0003127681171611218
634.1666666666666,0.0004749075107432197
634.25,0.0006482684028493525
634.3333333333333,0.0007123628313905482
634.4166666666666,0.0010751206266586544
634.5,0.0011230210022216828
634.5833333333333,0.0004934971067039487
634.6666666666666,0.00047889629510790304
634.75,0.00045402972246696304
634.8333333333333,0.0006346976551701125
634.9166666666666,0.0001013340193556437
635.0,2.0808259724910688e-05
635.0833333333333,0.0009184600933810134
635.1666666666666,0.0009004966883407883
635.25,0.0008930385255742864
635.3333333333333,0.001539583212672588
635.4166666666666,0.0013660290600658047
635.5,0.0008232137128875666
635.5833333333333,0.00011835207940852227
635.6666666666666,0.0003619321915025398
635.75,0.0004599202194821304
635.8333333333333,9.522058522104204e-05
635.9166666666666,0.0009695523561181215
636.0,0.0007893844128249289
636.0833333333333,0.0003104489511663731
636.1666666666666,0.0005635460904750286
636.25,0.0004567448153582461
636.3333333333333,0.0005448207991777797
636.4166666666666,0.0003821819262306139
636.5,0.00026225452965426236
636.5833333333333,9.989578951075502e-05
636.6666666666666,0.000470409812799149
636.75,0.000678097512013131
636.8333333333333,0.000324538350462961
636.9166666666666,0.00025098507158408947
637.0,0.000312630075436365
637.0833333333333,0.0007306786637836825
637.1666666666666,0.0008623067709356725
637.25,0.00046472901077170004
637.3333333333333,0.00011704062030920208
637.4166666666666,0.000507785044261688
637.5,0.0009887035796861364
637.5833333333333,0.0006348685568700038
637.6666666666666,0.00022230632388585953
637.75,0.00041746894535215945
637.8333333333333,0.0012288945613975204
637.9166666666666,0.0010771060778462167
638.0,0.00019844433552735532
638.0833333333333,0.0001985980146751656
638.1666666666666,0.00047044262290500845
638.25,0.00041796789886378624
638.3333333333333,0.00044171034214963403
638.4166666666666,0.00045497991764609783
638.5,0.000590214408682141
638.5833333333333,0.0002907593509878479
638.6666666666666,0.00010938062843571678
638.75,0.0004556409397424085
638.8333333333333,0.0008807995292765506
638.9166666666666,0.0007438026052243816
639.0,0.0004140230774697553
639.0833333333333,0.0009248291953623971
639.1666666666666,0.0007646500399330704
639.25,0.0006647443476498074
639.3333333333333,0.0010738420656078065
639.4166666666666,0.0006933013236656824
639.5,0.0006973962414214932
639.5833333333333,0.0005901013142486673
639.6666666666666,0.0016855438019801683
639.75,0.0008134564602190589
639.8333333333333,0.00130140643984955
639.9166666666666,0.0011454251571558288
640.0,0.00015108794514403373
640.0833333333333,0.000746916332972977
640.1666666666666,0.00034264813387826213
640.25,0.001176087799656142
640.3333333333333,0.0008452628641635332
640.4166666666666,0.0008293788384902447
640.5,0.0005318736961067275
640.5833333333333,0.0008070372165636582
640.6666666666666,0.0004194969386573277
640.75,0.0006576411791057145
640.8333333333333,0.0010057067780444913
640.9166666666666,0.0009648006004432471
641.0,0.00036711951130165
641.0833333333333,0.0005575788498516353
641.1666666666666,0.0010260252507230763
641.25,0.0004444761598637148
641.3333333333333,0.001177894572615435
641.4166666666666,0.0012192585030002781
641.5,0.0011730429697480184
641.5833333333333,0.0001847070755539224
641.6666666666666,0.0015046281918844138
641.75,0.0016714499514836035
641.8333333333333,0.0003260709589636103
641.9166666666666,0.0008471662735561459
642.0,0.000927672831688227
642.0833333333333,0.00078254678870135
642.1666666666666,0.0011205813066755587
642.25,0.0011916925977858552
642.3333333333333,0.0008755347702847406
642.4166666666666,0.0006809292234929465
642.5,0.0005626238011284239
642.5833333333333,0.0003902662893401475
642.6666666666666,0.000530626301861343
642.75,0.000413541739625524
642.8333333333333,0.0008051664528745527
642.9166666666666,0.000580335288723605
643.0,0.0002723873500414301
643.0833333333333,0.0002974722671895766
643.1666666666666,0.0006187220108155359
643.25,0.0008860447868132205
643.3333333333333,0.0009790283657305232
643.4166666666666,0.00019865730823381332
643.5,0.0007684774277611264
643.5833333333333,0.0003984484094764289
643.6666666666666,0.00040126152570879337
643.75,0.0005639303336558885
643.8333333333333,0.0007103977726878091
643.9166666666666,0.0009470195872693499
644.0,0.0008267176007228752
644.0833333333333,0.0003269426450480281
644.1666666666666,0.0003817910054707894
644.25,0.000510976299971798
644.3333333333333,0.0002727517555820363
644.4166666666666,0.0002634807914004733
644.5,0.0001792340096013848
644.5833333333333,9.205450044016669e-05
644.6666666666666,0.0004333896372392649
644.75,0.0007605707839749102
644.8333333333333,0.00016619994835528453
644.9166666666666,0.0005269009036450449
645.0,0.0010359738935161174
645.0833333333333,0.0015614518500899322
645.1666666666666,0.0005269124986005634
645.25,0.0017145077362469084
645.3333333333333,0.0019034007747379116
645.4166666666666,0.0006857632088474236
645.5,0.000458081416017633
645.5833333333333,0.0002684205231644908
645.6666666666666,0.0005797282468731038
645.75,0.0011420297351984413
645.8333333333333,0.001357441574143266
645.9166666666666,0.0010997027321637991
646.0,0.0006768052349506999
646.0833333333333,0.0008671389413230356
646.1666666666666,0.0010195493461044832
646.25,0.0007596425621456009
646.3333333333333,0.0015338033120300102
646.4166666666666,0.0013284877718839718
646.5,0.00041853208727524643
646.5833333333333,0.0002014122675549025
646.6666666666666,0.0007751722114550306
646.75,0.0005095617375348938
646.8333333333333,0.00045757112122106334
646.9166666666666,0.00037185943667603967
647.0,0.0003221483891824525
647.0833333333333,0.0011858543129995903
647.1666666666666,0.0019205048637027805
647.25,0.001677685859971826
647.3333333333333,0.0010638294150750304
647.4166666666666,0.0008939422539079165
647.5,0.0009942944591068183
647.5833333333333,0.0010485632912450081
647.6666666666666,0.0005410983121096623
647.75,0.0004500411906457515
647.8333333333333,0.00017440119515197997
647.9166666666666,0.00042975487601433656
648.0,0.0012345014493952908
648.0833333333333,0.0016843693157606672
648.1666666666666,0.0009714108872310184
648.25,0.00035287963041569285
648.3333333333333,0.0007751778627871495
648.4166666666666,0.0006264091654945154
648.5,0.00019034100260383808
648.5833333333333,0.0006516567821385842
648.6666666666666,0.0004637292301260758
648.75,0.0003045884533727224
648.8333333333333,0.0006364208619145201
648.9166666666666,0.0006280300744703144
649.0,0.0004885706687051515
649.0833333333333,0.0005709976819350538
649.1666666666666,0.0011364635232206694
649.25,0.0007527112215730153
649.3333333333333,0.0005361553516548192
649.4166666666666,0.0011472262292677236
649.5,0.0006596265367479473
649.5833333333333,0.0003134095243677986
649.6666666666666,0.0009293592654113933
649.75,0.001444943427182923
649.8333333333333,0.0015082910133421474
649.9166666666666,0.0011296935640471026
650.0,0.0005913992445341806
650.0833333333333,0.00018338043876015028
650.1666666666666,0.0003608978218272101
650.25,0.00030888291888343317
650.3333333333333,0.0010972013535292986
650.4166666666666,0.0015223601005725789
650.5,0.001047695573192258
650.5833333333333,0.0010019399557620306
650.6666666666666,0.00038344655757739784
650.75,0.0007719707569044286
650.8333333333333,0.0007273491534034902
650.9166666666666,0.0010545309189471381
651.0,0.0005374596692008353
651.0833333333333,0.0002210987968429121
651.1666666666666,0.0002595693331573759
651.25,0.0005821629512048858
651.3333333333333,0.000619227795414141
651.4166666666666,0.00021260535934162708
651.5,0.00038805535583173186
651.5833333333333,0.00046820485740436095
651.6666666666666,0.001173599961262434
651.75,0.0016798120338194587
651.8333333333333,0.0009116153125489765
651.9166666666666,0.00041726209910573507
652.0,0.0004876012182882695
652.0833333333333,0.00034513068135934804
652.1666666666666,0.0004319837903372345
652.25,0.0005807048508178879
652.3333333333333,0.0008150306020205232
652.4166666666666,0.00099274005279633
652.5,0.00040530695096221406
652.5833333333333,0.0008188702744577273
652.6666666666666,0.0013449731955708704
652.75,0.0010143697161895415
652.8333333333333,0.0008650349372536031
652.9166666666666,0.0008183180767053901
653.0,0.0005268258493681176
653.0833333333333,8.342078206379359e-05
653.1666666666666,0.00071215587103631
653.25,0.0013879439011094583
653.3333333333333,0.0012046329392983494
653.4166666666666,0.0012063085443298701
653.5,0.0014989920354211623
653.5833333333333,0.0013114663169508736
653.6666666666666,0.0010649259977429139
653.75,0.0005155887949971288
653.8333333333333,0.0007533831743552332
653.9166666666666,0.00035753764182190135
654.0,0.00028026741897313115
654.0833333333333,0.0003474315866446606
654.1666666666666,0.00035164180088355135
654.25,0.0004628938167002983
654.3333333333333,0.0005649442851708216
654.4166666666666,0.0009475467342246128
654.5,0.0007285739659489714
654.5833333333333,0.0006232298403130846
654.6666666666666,0.0012483956552139528
654.75,0.0007339313316071415
654.8333333333333,0.00021183129239721131
654.9166666666666,0.0004278523509626493
655.0,0.0008469957699829575
655.0833333333333,0.0007194420826685487
655.1666666666666,0.0006377162610346016
655.25,0.00036526092034608207
655.3333333333333,0.00020349831607173794
655.4166666666666,0.00030133100232028264
655.5,0.0004462043227949098
655.5833333333333,0.0008346072349407388
655.6666666666666,0.0015771014508478482
655.75,0.0014243660822773863
655.8333333333333,0.00042326484888057376
655.9166666666666,0.001229592641956818
656.0,0.0014082434492721412
656.0833333333333,0.0006489223442948991
656.1666666666666,0.0005052836263534578
656.25,0.0003150261884646825
656.3333333333333,0.0005239267988299067
656.4166666666666,0.0009331639527535822
656.5,0.0006115467564261473
656.5833333333333,0.0003797088800961062
656.6666666666666,0.00023599828650688136
656.75,0.0004045151722332662
656.8333333333333,0.0002779105207847768
656.9166666666666,0.00046167410804907096
657.0,0.0005055280587633058
657.0833333333333,0.00041026566315223646
657.1666666666666,0.0008863630838966359
657.25,0.0006634557948003337
657.3333333333333,0.0007357373040324065
657.4166666666666,0.0011815994008291914
657.5,0.000812748828609068
657.5833333333333,0.0011074152548784634
657.6666666666666,0.0010755156455495628
657.75,0.0006120994843829484
657.8333333333333,0.0004519557362940682
657.9166666666666,0.0009366482197070684
658.0,0.00083259598854318
658.0833333333333,0.0007420735838595257
658.1666666666666,0.0004921954366963549
658.25,0.0004460222289117616
658.3333333333333,0.0003442571368362661
658.4166666666666,0.0008232870525694452
658.5,0.0018851534003690195
658.5833333333333,0.0011303600916044232
658.6666666666666,0.0006256481756878907
658.75,0.0004346007446519609
658.8333333333333,0.0009650448932436204
658.9166666666666,0.0014222102553610235
659.0,0.001081783405628705
659.0833333333333,0.00012804097691011975
659.1666666666666,0.0009212704075923375
659.25,0.0002761481076557377
659.3333333333333,0.0004878245804930367
659.4166666666666,0.0007243314505568685
659.5,0.0009309429484515522
659.5833333333333,0.0010225063183795244
659.6666666666666,0.0007778881533094943
659.75,0.0012108098084979938
659.8333333333333,0.001078161757162857
659.9166666666666,0.00041986206017251445
660.0,0.0006019777109904886
660.0833333333333,5.426453204591044e-05
660.1666666666666,0.0002871995206882279
660.25,0.00014257549485518464
660.3333333333333,0.00020509795169164176
660.4166666666666,0.0003848934903994453
660.5,0.00045375585354388165
660.5833333333333,0.0005261889257297345
660.6666666666666,0.0008036135736282918
660.75,0.0003875237541855317
660.8333333333333,0.0007861133598496868
660.9166666666666,0.0012853914279801048
661.0,0.0014419176923484939
661.0833333333333,0.0013373284587239957
661.1666666666666,0.000551821725702267
661.25,0.00046594776544280205
661.3333333333333,0.0004342524671455957
661.4166666666666,0.00050704852978362
661.5,0.0008217688124426814
661.5833333333333,0.0008265606149339141
661.6666666666666,0.000763227210385242
661.75,0.0006329652492906022
661.8333333333333,0.00040729085481296383
661.9166666666666,0.00010554936454750732
662.0,0.00013686861158228647
662.0833333333333,0.000783017526544783
662.1666666666666,0.0005670630364539354
662.25,0.00041084713615292904
662.3333333333333,0.00038615626942680586
662.4166666666666,0.0008537980345860543
662.5,0.0003114010649616616
662.5833333333333,0.0010966421144243783
662.6666666666666,0.0007084694882133096
662.75,0.00012368311938324613
662.8333333333333,0.00022898769521340363
662.9166666666666,0.0009234631969532578
663.0,0.0013539579283413379
663.0833333333333,0.0007243496980024859
663.1666666666666,0.00016020709484179218
663.25,0.0002500318155183102
663.3333333333333,0.0004861705585320476
663.4166666666666,0.00019664038624719727
663.5,0.0002699380392301677
663.5833333333333,0.00024256404631274535
663.6666666666666,0.0004230188759719878
663.75,0.0008491414402709957
663.8333333333333,0.001087452045118616
663.9166666666666,0.001033015269268427
664.0,0.0004977141177635065
664.0833333333333,0.0002233979368289316
664.1666666666666,0.0005006492628827372
664.25,0.0008217198563962928
664.3333333333333,0.0002162954502864521
664.4166666666666,0.000692637928792773
664.5,0.0011268341889934732
664.5833333333333,0.00041792135793777883
664.6666666666666,0.0007272422536065727
664.75,0.0009628424445601707
664.8333333333333,0.000363566451406526
664.9166666666666,0.0008747208125019018
665.0,0.0013229635507334002
665.0833333333333,0.0009448857806067706
665.1666666666666,0.0008407825318249329
665.25,0.00021775244049841803
665.3333333333333,0.0003259046094777431
665.4166666666666,0.00043058881090730217
665.5,0.0006577884405829372
665.5833333333333,0.0007041015802124538
665.6666666666666,0.00031744563057602826
665.75,0.00015749735835725109
665.8333333333333,0.0005685412859199143
665.9166666666666,0.0005611894304572298
666.0,0.000516040810364043
666.0833333333333,0.0003529968578864158
666.1666666666666,0.000902330172044375
666.25,0.000856584552977602
666.3333333333333,0.0007809631575606668
666.4166666666666,0.0012334207110582262
666.5,0.001392768476328321
666.5833333333333,0.0016167464695672
666.6666666666666,0.0005867234396519006
666.75,0.0009522143648566146
666.8333333333333,0.001370557641425665
666.9166666666666,0.0017590326847912712
667.0,0.001337485284633496
667.0833333333333,0.0005060901751895458
667.1666666666666,0.0009493845114212363
667.25,0.0016330345820047571
667.3333333333333,0.0011526480897192624
667.4166666666666,0.0007014032878124124
667.5,0.000571313681202631
667.5833333333333,0.000272514033310547
667.6666666666666,0.0005040661487011189
667.75,0.0007085919099144947
667.8333333333333,0.00045445395636400785
667.9166666666666,0.00029415553179871215
668.0,0.0005210632298616335
668.0833333333333,0.0002963267316141521
668.1666666666666,0.00040409679084744276
668.25,0.0007863195936159306
668.3333333333333,0.0007439802552054725
668.4166666666666,0.00022923138840443827
668.5,0.0002956689587645807
668.5833333333333,0.0008357675222661911
668.6666666666666,0.0010384170984572855
668.75,0.0007665444777270058
668.8333333333333,0.000986757018017727
668.9166666666666,0.0011050294518854143
669.0,0.0003680684782807512
669.0833333333333,0.0006275383945358236
669.1666666666666,0.0004804249427591658
669.25,0.00016509081975213676
669.3333333333333,0.000744193459980185
669.4166666666666,0.0004021859866781011
669.5,0.0005460936851908538
669.5833333333333,0.0010963577485972765
669.6666666666666,0.0009200718725157197
669.75,0.0007310384165037332
669.8333333333333,0.0005982416714731029
669.9166666666666,0.0006687220209944189
670.0,0.00013993720498205666
670.0833333333333,0.0007436909774449066
670.1666666666666,0.0012575985639417826
670.25,0.0009838706756025608
670.3333333333333,0.0003940012032136864
670.4166666666666,0.00029469727972671674
670.5,0.0004971878655456158
670.5833333333333,0.001103976888785644
670.6666666666666,0.000995612213270427
670.75,0.0007774252670070376
670.8333333333333,0.000926824824413874
670.9166666666666,0.0007801455090448139
671.0,0.0005288428038975961
671.0833333333333,0.0008587035879331144
671.1666666666666,0.0010181028396361825
671.25,0.0006350215275666288
671.3333333333333,0.0006367297782940462
671.4166666666666,0.00010198722314247064
671.5,0.0004739178985896991
671.5833333333333,0.00044710554646872286
671.6666666666666,0.0004892994619013604
671.75,0.0005149789160059554
671.8333333333333,0.0008906835897530674
671.9166666666666,0.0004588813293655076
672.0,0.0004444167007134246
672.0833333333333,0.0005452847181422096
672.1666666666666,0.00029594453207317423
672.25,0.001022112203988084
672.3333333333333,0.0008920611361475342
672.4166666666666,0.0008560965312362128
672.5,0.0009562947017111627
672.5833333333333,0.0005908119337515438
672.6666666666666,0.0004399794984632835
672.75,0.0004491596355473642
672.8333333333333,0.0003554124328927982
672.9166666666666,0.0006992215436563365
673.0,0.0010894040750782724
673.0833333333333,0.0005601446182005652
673.1666666666666,0.00028755330183215456
673.25,0.00042337008818713604
673.3333333333333,0.0009624241613979831
673.4166666666666,0.001124397682024848
673.5,0.0003287306866931926
673.5833333333333,0.0002719288885940027
673.6666666666666,0.0007218213680269562
673.75,0.0005331149203210326
673.8333333333333,0.0007563771861401882
673.9166666666666,0.00041891143268021317
674.0,0.0005321223786657663
674.0833333333333,0.0012820077356495022
674.1666666666666,0.001051616308212784
674.25,0.000808118338448371
674.3333333333333,0.0007494184840161716
674.4166666666666,0.0004390049142904498
674.5,0.0010072179404365495
674.5833333333333,0.0005028259406540409
674.6666666666666,0.00025126893451270655
674.75,2.0034148650958078e-05
674.8333333333333,0.0010588233166923952
674.9166666666666,0.0014801306919150596
675.0,0.0002939158998567272
675.0833333333333,0.0006008565898429859
675.1666666666666,0.0003246276487078564
675.25,0.0004903464670061342
675.3333333333333,0.0008221358220231192
675.4166666666666,0.00040915132033837715
675.5,0.0006379829183347093
675.5833333333333,0.0008144524449221384
675.6666666666666,0.0005149391549477747
675.75,0.0005981326568634263
675.8333333333333,0.000801833067157663
675.9166666666666,0.0003192983115639947
676.0,0.0002509793253220955
676.0833333333333,0.0003075329855341283
676.1666666666666,0.0003044136207170016
676.25,0.001131829785041423
676.3333333333333,0.0008487662423424469
676.4166666666666,0.0006692463146893596
676.5,0.0005800695903032521
676.5833333333333,0.0004244655939329842
676.6666666666666,0.000459272546584343
676.75,0.00018357647057165455
676.8333333333333,0.0003187302325462086
676.9166666666666,0.0003884089641987141
677.0,0.00024260546305137764
677.0833333333333,0.00015258538099095464
677.1666666666666,0.00031560140282812393
677.25,0.000489774900063407
677.3333333333333,0.0013099584659396772
677.4166666666666,0.00186981718766712
677.5,0.0013073807918092765
677.5833333333333,0.0007325746120146465
677.6666666666666,0.0010284017101664044
677.75,0.0009822471146248722
677.8333333333333,0.0002719889895168928
677.9166666666666,0.0007496403242465423
678.0,0.0011234310661360737
678.0833333333333,0.0004555211830813784
678.1666666666666,0.0009806772125580008
678.25,0.0009372606357926004
678.3333333333333,0.0005650494826497201
678.4166666666666,0.0010410276400582234
678.5,0.0006554245331682558
678.5833333333333,0.0007727115325251687
678.6666666666666,0.0009882332883492531
678.75,0.00047805355207847195
678.8333333333333,0.0003649198669426526
678.9166666666666,0.0007571270149566782
679.0,0.0004313210382277623
679.0833333333333,0.0006982597495323993
679.1666666666666,0.0009437240373865342
679.25,0.000851990885652126
679.3333333333333,0.0009212192343843508
679.4166666666666,0.000858948075109876
679.5,0.0009304231868020295
679.5833333333333,0.0006948238893563018
679.6666666666666,0.0007937964997788735
679.75,0.0009952299358419066
679.8333333333333,0.00020123551513611637
679.9166666666666,0.0006166084060321911
680.0,0.0002753821829559582
680.0833333333333,0.00046701138619823765
680.1666666666666,0.00010369269166728357
680.25,0.0005701397875404434
680.3333333333333,0.0001273193213049602
680.4166666666666,0.0003173275288198304
680.5,0.00035381831196004373
680.5833333333333,0.00015767053444550977
680.6666666666666,0.0005067459300187902
680.75,0.00011674261386238142
680.8333333333333,0.001004179974489711
680.9166666666666,0.0013064944682546105
681.0,0.00040496519731538817
681.0833333333333,0.0002051097000979764
681.1666666666666,0.0008640647973695573
681.25,0.0008608446132144753
681.3333333333333,0.0008456579958319798
681.4166666666666,0.0011404424791609188
681.5,0.0008992429324193942
681.5833333333333,0.0004564217925722138
681.6666666666666,0.0004986998424472416
681.75,0.00040926303307727154
681.8333333333333,0.0009386355855678378
681.9166666666666,0.0006650830399086105
682.0,0.000894467883289276
682.0833333333333,0.0013372266042396344
682.1666666666666,0.0009488751862151817
682.25,0.0005255201659491961
682.3333333333333,0.0008720720239839994
682.4166666666666,0.000583032898787396
682.5,0.0007094296727710336
682.5833333333333,0.0012339604567093165
682.6666666666666,0.0008680270148248172
682.75,0.0004655642400356196
682.8333333333333,0.0004617998299594289
682.9166666666666,0.00011029405531050734
683.0,0.0003430607530755313
683.0833333333333,0.0009534928175073157
683.1666666666666,0.000992921822700535
683.25,0.0007847982969555857
683.3333333333333,0.0006863494500076291
683.4166666666666,0.0004528018751505446
683.5,0.0008331159143064558
683.5833333333333,0.0007257081817691488
683.6666666666666,0.00041071703015330553
683.75,0.0005471187920606181
683.8333333333333,0.0008975484116196357
683.9166666666666,0.0005872017190623496
684.0,0.00026513708479123516
684.0833333333333,0.00033406268623500663
684.1666666666666,0.00023960428060906065
684.25,0.00028656865333570965
684.3333333333333,0.0007204683292856044
684.4166666666666,0.0009905332896256488
684.5,0.0008603668832949009
684.5833333333333,0.0006961437561638405
684.6666666666666,0.0010940078002258683
684.75,0.0007755436232526306
684.8333333333333,0.0003008833831495957
684.9166666666666,0.00067532890128634
685.0,0.0008597091204893135
685.0833333333333,0.0005796517887363028
685.1666666666666,0.0010506948979181199
685.25,0.001432776974228569
685.3333333333333,0.0007217890929991624
685.4166666666666,0.0004059819103740327
685.5,0.0006266360154103727
685.5833333333333,0.0005431217986692159
685.6666666666666,0.0007018025615420516
685.75,0.0007054261971923284
685.8333333333333,0.0010255673580847882
685.9166666666666,0.0010820684610485488
686.0,0.0008396811256266877
686.0833333333333,0.0011652351399023912
686.1666666666666,0.0014429348704672813
686.25,0.0011434541792709188
686.3333333333333,0.0007007598207437762
686.4166666666666,0.0010536225669650443
686.5,0.0009387340026170938
686.5833333333333,0.0005020528236235359
686.6666666666666,0.001030182890370368
686.75,0.0006492402767698382
686.8333333333333,0.00020206711202517018
686.9166666666666,0.00032026158536641773
687.0,0.00030647977214188035
687.0833333333333,0.0005559434156938199
687.1666666666666,0.0005494628043558448
687.25,0.0007289263091392461
687.3333333333333,0.0010746156215892305
687.4166666666666,0.0011409026096013076
687.5,0.0007923626172688793
687.5833333333333,0.00046355522628166267
687.6666666666666,0.00038172363470622675
687.75,0.00016038684564316838
687.8333333333333,0.00011454961379991282
687.9166666666666,0.0001373840295502074
688.0,0.0003085566437560441
688.0833333333333,0.0007851276505340314
688.1666666666666,0.0007063294850906507
688.25,0.00015496500323568228
688.3333333333333,0.0005450765591962334
688.4166666666666,0.0005825281160887919
688.5,0.0002929220578134262
688.5833333333333,0.000808951574166703
688.6666666666666,0.00039683216647235306
688.75,0.0009799811856654912
688.8333333333333,0.0012641215479471776
688.9166666666666,0.0010138115407977934
689.0,0.000658389466600949
689.0833333333333,0.0003919962625818785
689.1666666666666,0.0006969432448079811
689.25,0.001122061913811436
689.3333333333333,0.0013223422723048178
689.4166666666666,0.0005183710797551217
689.5,0.000679269297373408
689.5833333333333,0.00039378034879936774
689.6666666666666,0.00043759419544707126
689.75,0.00041816459323828386
689.8333333333333,0.00014690045133566857
689.9166666666666,0.0003430787110169234
690.0,0.0004454154487063316
690.0833333333333,0.00043258598383094106
690.1666666666666,0.0006062258063548733
690.25,0.0008628836842574848
690.3333333333333,0.0006567442580541333
690.4166666666666,0.0003090824682138142
690.5,0.00015993755834457343
690.5833333333333,0.0006061901475277131
690.6666666666666,0.0006611448721437659
690.75,0.00018974594819788195
690.8333333333333,0.00019778041316481648
690.9166666666666,0.00076173654862725
691.0,0.0012966400061383949
691.0833333333333,0.001268741387666271
691.1666666666666,0.0009492356371988204
691.25,0.0012648703930216657
691.3333333333333,0.0014426574381580708
691.4166666666666,0.0011236576940971453
691.5,0.0009804358936868387
691.5833333333333,0.000635067860432679
691.6666666666666,0.0005326009120922743
691.75,0.0008516299874409272
691.8333333333333,0.0005814253342806852
691.9166666666666,0.0006346780157680529
692.0,0.0006820336209712168
692.0833333333333,0.00043568103985893624
692.1666666666666,0.0012490536270274612
692.25,0.0012963949707242115
692.3333333333333,0.0005631716231495261
692.4166666666666,0.00026949815927815204
692.5,0.00042075317988720046
692.5833333333333,0.0006913792095959463
692.6666666666666,0.0008206720315683825
692.75,0.0005634678687814414
692.8333333333333,0.0006153614105435169
692.9166666666666,0.0006804903208463098
693.0,0.0013162329181214026
693.0833333333333,0.0008156880884042298
693.1666666666666,0.0007089436658614445
693.25,0.0004589848800692603
693.3333333333333,0.0009017065807196661
693.4166666666666,0.00112043192072786
693.5,0.00017185978975508366
693.5833333333333,0.0009934476217340672
693.6666666666666,0.0011637746787809852
693.75,0.001038536895794383
693.8333333333333,0.0012495797202718298
693.9166666666666,0.0012581197383462511
694.0,0.0012798934621047107
694.0833333333333,0.0010678993824190174
694.1666666666666,0.0009974794830886911
694.25,0.0012189338631553102
694.3333333333333,0.0012966924842057533
694.4166666666666,0.0008080022127367848
694.5,0.00037097563859337724
694.5833333333333,0.0003833817932559889
694.6666666666666,0.0006262060455657586
694.75,0.00016113275679499432
694.8333333333333,0.0003077708286798362
694.9166666666666,0.000877591249926148
695.0,0.0010789575938881624
695.0833333333333,0.0009748158875106747
695.1666666666666,0.0004390361611684726
695.25,0.0005187828399649133
695.3333333333333,0.0011602357175461004
695.4166666666666,0.0006433773002997577
695.5,0.0006726725895550042
695.5833333333333,0.0014360498610089159
695.6666666666666,0.0013959889821779303
695.75,0.0010213031314958133
695.8333333333333,0.0007608036610200062
695.9166666666666,0.00047715054758003825
696.0,0.00021319591536971623
696.0833333333333,0.0002173072048846148
696.1666666666666,0.0002570351652686038
696.25,9.869841718941207e-05
696.3333333333333,0.00040345586381416114
696.4166666666666,0.0006647478814109481
696.5,0.000904167541255809
696.5833333333333,0.0013547297692705774
696.6666666666666,0.0011738320073907077
696.75,0.000478356291091566
696.8333333333333,0.0007820120961152059
696.9166666666666,0.0009432835285057952
697.0,0.0010787865822071377
697.0833333333333,0.0010210030284023418
697.1666666666666,0.0007921507475771826
697.25,0.00020754372600691138
697.3333333333333,0.000458873427879305
697.4166666666666,0.0004976778335678983
697.5,0.00023122498762085698
697.5833333333333,0.00044144624022369626
697.6666666666666,0.0003094404594738946
697.75,0.0005464472060359758
697.8333333333333,0.00038844412749145803
697.9166666666666,0.00045579401039685886
698.0,0.0003375086711923829
698.0833333333333,0.0009714788963623374
698.1666666666666,0.00152228259996576
698.25,0.0007033907571765188
698.3333333333333,0.0006883496185112322
698.4166666666666,0.0005177248353040114
698.5,0.0009156758735891557
698.5833333333333,0.0004473958354360384
698.6666666666666,0.0005645808032525132
698.75,0.0006436160645182912
698.8333333333333,0.0011006199859906751
698.9166666666666,0.001151210304990144
699.0,0.0006763672676020579
699.0833333333333,0.00019649384077737687
699.1666666666666,0.00036878228446305056
699.25,0.0010332148760025261
699.3333333333333,0.0015985154999007395
699.4166666666666,0.0010493601047019097
699.5,0.0005052220202722764
699.5833333333333,0.001185114106122256
699.6666666666666,0.0014485055726265437
699.75,0.0017320066820156628
699.8333333333333,0.0012385893911863529
699.9166666666666,0.0004454367599493621
700.0,0.0008685085247555174
700.0833333333333,0.0006191162696381537
700.1666666666666,0.0005569043635229189
700.25,0.0005934212912658709
700.3333333333333,0.0009276084428525595
700.4166666666666,0.001228433453140376
700.5,0.0008261021030178372
700.5833333333333,0.0008081957021697262
700.6666666666666,0.000936049703662176
700.75,0.00021346116403649394
700.8333333333333,0.000638390487180009
700.9166666666666,0.00016087623824872363
701.0,0.0007265201591634292
701.0833333333333,0.00046192702653219007
701.1666666666666,0.0009718905931113545
701.25,0.0011336347567139362
701.3333333333333,0.0004814936493012721
701.4166666666666,0.0004296005273831771
701.5,0.0008832785673821302
701.5833333333333,0.000753397216659897
701.6666666666666,0.000998143328869356
701.75,0.001040831261621139
701.8333333333333,0.0006713964530488331
701.9166666666666,0.00024424022384034665
702.0,0.00025625794669128615
702.0833333333333,0.0006206537323346354
702.1666666666666,0.0008745819525396365
702.25,0.0007586795484614725
702.3333333333333,0.0008313748101235744
702.4166666666666,0.0008572863577082227
702.5,0.0005206641980571265
702.5833333333333,0.0005913211551184614
702.6666666666666,0.00043788431618821237
702.75,0.0007759752016470655
702.8333333333333,0.001250761130725885
702.9166666666666,0.001083351042749961
703.0,0.0013631278045816459
703.0833333333333,0.0009436786344543573
703.1666666666666,0.0004097208981141927
703.25,0.00010799593464001817
703.3333333333333,0.00016217853640089353
703.4166666666666,0.0003452821554567754
703.5,0.0003018403720800855
703.5833333333333,0.0003861865011124074
703.6666666666666,0.001021086621923305
703.75,0.0007685635247568703
703.8333333333333,0.0005411066927600015
703.9166666666666,0.00038727877954313573
704.0,0.0011930883937737214
704.0833333333333,0.0009096483210437806
704.1666666666666,0.0002872639357488044
704.25,6.767245209657094e-05
704.3333333333333,0.00034818617538055904
704.4166666666666,0.0003294247409241449
704.5,0.0006517845302949007
704.5833333333333,0.0001439329696894067
704.6666666666666,0.0006550317022559767
704.75,0.0005323522238510681
704.8333333333333,0.0005275342225422044
704.9166666666666,0.0007159117956474665
705.0,0.001095262012047011
705.0833333333333,0.0012754525762560971
705.1666666666666,0.0009128959954232064
705.25,0.0006814142289383738
705.3333333333333,0.0007027542261466048
705.4166666666666,0.00038946793526866764
705.5,0.00016671014771378837
705.5833333333333,0.0003619821962408653
705.6666666666666,0.00031729716432713856
705.75,0.0007389904775649626
705.8333333333333,0.0006034987660339655
705.9166666666666,0.000554732110981034
706.0,0.0009215297150453397
706.0833333333333,0.0006814648914594272
706.1666666666666,0.0005851884681313556
706.25,0.00018857715060454223
706.3333333333333,0.00019699404079432279
706.4166666666666,0.0005107789924280402
706.5,0.0006604972274833683
706.5833333333333,0.0004159087177889003
706.6666666666666,0.0010021090425359682
706.75,0.0006224418241634003
706.8333333333333,0.00033958455272457377
706.9166666666666,0.0009120751829591295
707.0,0.001366486546701889
707.0833333333333,0.0010015364270076921
707.1666666666666,0.0001637351338157642
707.25,0.00014037634910523804
707.3333333333333,0.00016695809527000598
707.4166666666666,0.0005983045953635135
707.5,0.000997100085030812
707.5833333333333,0.0006982990572568371
707.6666666666666,0.00013658600247900594
707.75,0.00022240348996587043
707.8333333333333,0.00014733234223269934
707.9166666666666,0.0008617825314070257
708.0,0.0012128084188408903
708.0833333333333,0.0010729116039083348
708.1666666666666,0.0008388878914063382
708.25,0.0007327692060440426
708.3333333333333,0.000968779199840749
708.4166666666666,0.0010569783848620193
708.5,0.0006842399337589048
708.5833333333333,0.0002231880877006328
708.6666666666666,0.0004639950535383297
708.75,0.0005400400021271306
708.8333333333333,0.0007756883675063251
708.9166666666666,0.0012272897967611311
709.0,0.0008680035860878005
709.0833333333333,0.0007544655629507828
709.1666666666666,0.0011793056375113073
709.25,0.0005965370009065508
709.3333333333333,0.00046016834376057177
709.4166666666666,0.0005243800548985821
709.5,0.0006011443890367351
709.5833333333333,0.0008362515678502522
709.6666666666666,0.00031620243559362515
709.75,0.0009387861647619984
709.8333333333333,0.0010828130586659525
709.9166666666666,0.00024001679567747626
710.0,0.0007707178814261102
710.0833333333333,0.0009267786342819507
710.1666666666666,0.0007575009550458496
710.25,0.0002822265429571548
710.3333333333333,0.00045712662494208953
710.4166666666666,0.00046324396496992526
710.5,0.0010895344320231797
710.5833333333333,0.001120671491731479
710.6666666666666,0.0006789634496874675
710.75,0.0008114587800178454
710.8333333333333,0.000592962636786748
710.9166666666666,0.0008111544199407303
711.0,0.0013949176288288474
711.0833333333333,0.0014796783938482588
711.1666666666666,0.0002612396801604495
711.25,0.000540908839145023
711.3333333333333,0.0005574859232391412
711.4166666666666,0.0011058076312223707
711.5,0.0005478429161600716
711.5833333333333,0.0005167474371901194
711.6666666666666,0.0009261103482334832
711.75,0.0013335433069285338
711.8333333333333,0.0012052322155700734
711.9166666666666,0.0005836409093323077
712.0,0.0004111271941665365
712.0833333333333,0.0007158718084000092
712.1666666666666,0.00036776837397825275
712.25,0.00023033645799827628
712.3333333333333,0.0001802504523697368
712.4166666666666,0.0010977608334515085
712.5,0.0011996602757732458
712.5833333333333,0.0007965461689137122
712.6666666666666,0.0009305082343723118
712.75,0.0010219050522631875
712.8333333333333,0.0008795091718055555
712.9166666666666,0.0008165571609108196
713.0,0.0008572866100113389
713.0833333333333,0.00040579922187105157
713.1666666666666,0.0002576903972096128
713.25,0.0003899934010777917
713.3333333333333,0.0007196925371005755
713.4166666666666,0.00025023580156888247
713.5,0.0001825707063827457
713.5833333333333,0.0006383224726842111
713.6666666666666,0.00032285569761733747
713.75,0.0004241831641939354
713.8333333333333,0.000406926436763534
713.9166666666666,0.0004079101151271356
714.0,0.0007952387202475694
714.0833333333333,0.0009641819916491879
714.1666666666666,0.0005297032740632821
714.25,0.00025739159041977307
714.3333333333333,0.00025224508580194656
714.4166666666666,0.00046291589614991187
714.5,0.00041910029598143543
714.5833333333333,0.0005628088209168924
714.6666666666666,0.000546917257921501
714.75,0.00040178414231769206
714.8333333333333,7.320303492819289e-05
714.9166666666666,0.0007092743954068733
715.0,0.0007819038586224462
715.0833333333333,0.0004669848296133946
715.1666666666666,7.898488749526643e-05
715.25,0.00016037157145880782
715.3333333333333,0.0008075329919284352
715.4166666666666,0.0014537238216218488
715.5,0.0006118901220230148
715.5833333333333,0.0010194975277031497
715.6666666666666,0.0005042259016928566
715.75,0.0002313853035889156
715.8333333333333,0.00035369409637544326
715.9166666666666,0.0007637346674266086
716.0,0.0007362823426070413
716.0833333333333,0.00043923909457607875
716.1666666666666,0.00047992423640378767
716.25,0.0007775778367171172
716.3333333333333,0.0014077163566168476
716.4166666666666,0.00159365181144999
716.5,0.0014721315999613586
716.5833333333333,0.0012357785678860156
716.6666666666666,0.0011689140521935735
716.75,0.0010207937682274266
716.8333333333333,0.0006854071099701744
716.9166666666666,0.001340899098248536
717.0,0.0007552899247875413
717.0833333333333,0.0002497017361892346
717.1666666666666,0.00032285316424387393
717.25,0.0002965704143408007
717.3333333333333,0.0003575647578081133
717.4166666666666,0.0003999811547546775
717.5,0.0008548023967897482
717.5833333333333,0.0005092478173990472
717.6666666666666,0.0005481250595863836
717.75,0.00048033678957344356
717.8333333333333,0.0005166509963799455
717.9166666666666,0.00038084460223459257
718.0,0.00043462004744221236
718.0833333333333,0.0007439275178962835
718.1666666666666,0.00019019937799759606
718.25,0.00040866066281541793
718.3333333333333,0.0009340415041894773
718.4166666666666,0.0002732149807982656
718.5,0.000833262795252818
718.5833333333333,0.0005094704675387186
718.6666666666666,0.0002338206312991068
718.75,0.0009652730268211754
718.8333333333333,0.0018160796187964327
718.9166666666666,0.00173086475050841
719.0,0.0009600618866466586
719.0833333333333,0.0004916083550433246
719.1666666666666,0.0002592067609894093
719.25,0.0006964446378270793
719.3333333333333,0.0003635257161350149
719.4166666666666,0.0001597665264974711
719.5,0.00025550057796296886
719.5833333333333,0.0006866590127037585
719.6666666666666,0.0005801861860680732
719.75,0.0006105368021276866
719.8333333333333,0.0006728530800799779
719.9166666666666,0.0006335483688763981
720.0,0.0003643658827383251
720.0833333333333,0.0001468166049347778
720.1666666666666,0.0007017965051387056
720.25,0.0010954706192263298
720.3333333333333,0.0009262247156917718
720.4166666666666,0.0004980787861203138
720.5,0.0007815897320217604
720.5833333333333,0.0005814198549863708
720.6666666666666,0.00017719436947504438
720.75,0.000459064210124834
720.8333333333333,0.0009797350540013553
720.9166666666666,0.0010558799762677535
721.0,0.0009077928774744291
721.0833333333333,0.0011214409702653965
721.1666666666666,0.001586213577972395
721.25,0.0010655338564813021
721.3333333333333,0.00041619021676346664
721.4166666666666,0.00015831744420668765
721.5,0.00035530091077479544
721.5833333333333,0.0009806662152167388
721.6666666666666,0.0008490803733827622
721.75,0.00028414028909059657
721.8333333333333,0.0004311709127253202
721.9166666666666,0.0006470278204210563
722.0,0.00027220459292663846
722.0833333333333,0.0014151515533909057
722.1666666666666,0.0014644704840374666
722.25,0.0005855906911925128
722.3333333333333,0.0002554575600426308
722.4166666666666,0.000375809896188367
722.5,0.0009222642872944084
722.5833333333333,0.0012699642964779316
722.6666666666666,0.0006427676777047596
722.75,0.0005043241966782646
722.8333333333333,0.0005533404864254703
722.9166666666666,0.0003196092021028636
723.0,6.906654179779062e-05
723.0833333333333,0.0002903224785994787
723.1666666666666,0.0007454970641188405
723.25,0.0008617668173352397
723.3333333333333,0.0008921805813627493
723.4166666666666,0.00047789194128391364
723.5,0.00016276078559799973
723.5833333333333,0.000409792816888427
723.6666666666666,0.0007409639022690026
723.75,0.0007933111607248027
723.8333333333333,0.0011382615430568506
723.9166666666666,0.0008401565214902108
724.0,0.001111227962040164
724.0833333333333,0.0012648271878459778
724.1666666666666,0.0005953644440709785
724.25,0.00024451727669758
724.3333333333333,0.000350459083762014
724.4166666666666,0.00013747092820837523
724.5,0.00041151227823905826
724.5833333333333,0.000350941387956394
724.6666666666666,0.0005475033039359367
724.75,0.0004964178318852273
724.8333333333333,0.0003112064992157689
724.9166666666666,0.00044307606125580055
725.0,0.00013630335767583928
725.0833333333333,0.0006370843132319473
725.1666666666666,0.00022823734837349705
725.25,0.0008695657756133682
725.3333333333333,0.0011262519982289168
725.4166666666666,0.00048510898786427263
725.5,0.00043639980234258296
725.5833333333333,0.0008337414956555943
725.6666666666666,0.0003770545975908498
725.75,0.000766464392027565
725.8333333333333,0.00041801629484792147
725.9166666666666,0.001165274350942241
726.0,0.0012590759723521833
726.0833333333333,0.0009948424251842245
726.1666666666666,0.0008561267159974708
726.25,0.000830744596260419
726.3333333333333,0.0009553526877039903
726.4166666666666,0.0007581933476187222
726.5,0.0004062345812346208
726.5833333333333,0.0009759995794708608
726.6666666666666,0.0011998131433435964
726.75,0.00047669565217740113
726.8333333333333,0.0007774649849782362
726.9166666666666,0.0012342713408897495
727.0,0.0012103474656524732
727.0833333333333,0.00029951420063669516
727.1666666666666,0.0010060659442366307
727.25,0.0006402817395902217
727.3333333333333,0.0005955340046088328
727.4166666666666,0.0007413061700658376
727.5,0.0005105820405791963
727.5833333333333,0.0014661455747514123
727.6666666666666,0.0012114160243204518
727.75,0.0005258688245412312
727.8333333333333,0.0009240099827606134
727.9166666666666,0.0008328057341738969
728.0,0.0005953300376191863
728.0833333333333,0.0002612067502187362
728.1666666666666,0.00034154080782430245
728.25,0.0002466421861565323
728.3333333333333,0.0009948139031755628
728.4166666666666,0.0018887470209183498
728.5,0.0016836291920503759
728.5833333333333,0.0004602731202951674
728.6666666666666,0.0005823804258521375
728.75,0.0012029742602105138
728.8333333333333,0.0006413984140299939
728.9166666666666,0.00040594447163535034
729.0,0.00038037108255993204
729.0833333333333,0.0003744441266280262
729.1666666666666,0.0003281308371930969
729.25,0.0007378292011150922
729.3333333333333,0.0003211157553534348
729.4166666666666,0.0006135447548972623
729.5,0.00026910713147982256
729.5833333333333,0.0007430658162167653
729.6666666666666,0.0003470778765915808
729.75,0.0009031180037659114
729.8333333333333,0.0006489006182318157
729.9166666666666,0.0007514884438744554
730.0,0.0011754437410290508
730.0833333333333,0.0008044397521015639
730.1666666666666,0.0009415494402542905
730.25,0.0006491503298422637
730.3333333333333,0.0004456324281646736
730.4166666666666,0.0001532262622713223
730.5,0.0006486842883716637
730.5833333333333,0.0008921201639364737
730.6666666666666,0.0004698181583498356
730.75,0.00034126768162985236
730.8333333333333,0.0004618645706060436
730.9166666666666,0.0002260599203455112
731.0,0.00039667490106768603
731.0833333333333,0.0008406471967685226
731.1666666666666,0.0007936550987044484
731.25,0.0003853512152748395
731.3333333333333,0.00026983249356048086
731.4166666666666,0.00033120875707195395
731.5,0.0005201629346916476
731.5833333333333,0.0007080057392673001
731.6666666666666,0.0007269262405860199
731.75,0.0008020105084970746
731.8333333333333,0.0006141900474963318
731.9166666666666,0.00016087146070721127
732.0,0.00018838850380526002
732.0833333333333,0.00040191866449519533
732.1666666666666,0.0006453094507853571
732.25,0.0007352385788054384
732.3333333333333,0.0007648927092219136
732.4166666666666,0.0009157163508254835
732.5,0.00030016307807987584
732.5833333333333,7.801251105120722e-05
732.6666666666666,0.00033048459093949794
732.75,0.00025847574318377015
732.8333333333333,0.0002906577496184846
732.9166666666666,0.0008980285084007182
733.0,0.0006592508160634589
733.0833333333333,0.0006295822426411719
733.1666666666666,0.0005830177949849437
733.25,0.0006504596408644999
733.3333333333333,0.0005592288462213309
733.4166666666666,0.00026343347521787404
733.5,0.000346242167714464
733.5833333333333,0.0007997362929927857
733.6666666666666,0.0004542325654292163
733.75,0.0004907028397056494
733.8333333333333,0.0011442442637592802
733.9166666666666,0.0009660430985766596
734.0,0.0001906700552196396
734.0833333333333,0.0001055336418768535
734.1666666666666,0.00024984024305876336
734.25,0.0011197584838634259
734.3333333333333,0.001558428308114246
734.4166666666666,0.0015192729908806908
734.5,0.0009527023830420693
734.5833333333333,0.00028626591700108364
734.6666666666666,0.00032372844520294847
734.75,0.0005607550997164337
734.8333333333333,0.00033807077772232013
734.9166666666666,0.0002533217324604713
735.0,0.00021933006700237086
735.0833333333333,0.0005351083434677812
735.1666666666666,0.0009705307198260395
735.25,0.0008600562497249012
735.3333333333333,0.0007930498594329284
735.4166666666666,0.0010669123425849504
735.5,0.0004151425710346893
735.5833333333333,0.0004650664867517181
735.6666666666666,0.0001162900592676577
735.75,0.00025540419622504157
735.8333333333333,0.0004817302212649111
735.9166666666666,0.0006390899534826756
736.0,0.0007802312942344763
736.0833333333333,0.0010506533985551474
736.1666666666666,0.0016702681844784975
736.25,0.0014576352522616708
736.3333333333333,0.0009748193097067611
736.4166666666666,0.0009636366206866363
736.5,0.0003330720728869201
736.5833333333333,0.0008231380231585675
736.6666666666666,0.001263037262135258
736.75,0.0007654854582746056
736.8333333333333,0.0003693352198182603
736.9166666666666,0.0008502254618825379
737.0,0.000803312136135369
737.0833333333333,0.0002807944415045125
737.1666666666666,0.00041061266211473937
737.25,0.0005519926770958492
737.3333333333333,0.0004618931657248186
737.4166666666666,0.0010084748394545856
737.5,0.001658145411493471
737.5833333333333,0.001427533133303361
737.6666666666666,0.0008980056730539999
737.75,0.0004549635893960937
737.8333333333333,0.0003506109679630467
737.9166666666666,0.00019954867347867408
738.0,0.0008069173049237706
738.0833333333333,0.0008671598081910995
738.1666666666666,0.00047568428235611633
738.25,0.0005451185979344847
738.3333333333333,0.0005948935042027609
738.4166666666666,0.0009755913333445899
738.5,0.0007816185132611829
738.5833333333333,0.0011645757223414422
738.6666666666666,0.0010049623132156818
738.75,0.0004450610130191837
738.8333333333333,0.00037621620241132876
738.9166666666666,0.00024994560519141495
739.0,0.0004081340365377492
739.0833333333333,0.0008846168200779861
739.1666666666666,0.001141179531134771
739.25,0.0007293980997580258
739.3333333333333,0.0006911634422666086
739.4166666666666,0.001051799603826479
739.5,0.001167862712247867
739.5833333333333,0.0006977054497138089
739.6666666666666,0.00023795026409186715
739.75,0.0003165111904306197
739.8333333333333,0.0008699808713135546
739.9166666666666,0.0009532379587272112
740.0,0.000201095682292375
740.0833333333333,0.000507013135528543
740.1666666666666,0.0003094400063482199
740.25,0.00033884054431773507
740.3333333333333,0.0007220621203953153
740.4166666666666,0.0008526845866579113
740.5,0.0007350172843576544
740.5833333333333,0.00043619480924254585
740.6666666666666,0.0008339057861632785
740.75,0.0013136557193537558
740.8333333333333,0.0012681364661607424
740.9166666666666,0.0010158759904044512
741.0,0.0007019606669079618
741.0833333333333,0.0004079558814436373
741.1666666666666,0.000506631255454065
741.25,0.0003450409716557436
741.3333333333333,0.00017050245132608154
741.4166666666666,5.191395125669567e-05
741.5,0.000564498936825213
741.5833333333333,0.0009547022228106721
741.6666666666666,0.0008688440316873306
741.75,0.0005835667062612389
741.8333333333333,0.00016094845832732862
741.9166666666666,0.0006763360792162325
742.0,0.0011624624918318512
742.0833333333333,0.0009779291302452954
742.1666666666666,0.000725215639138578
742.25,0.0006297144627920621
742.3333333333333,0.000302178702151096
742.4166666666666,0.0010277049701113603
742.5,0.0010992762718217378
742.5833333333333,0.000823905094569943
742.6666666666666,0.00048008756420621113
742.75,0.0003635042847233602
742.8333333333333,0.0008650854294213847
742.9166666666666,0.0010994428851531452
743.0,0.0006748635233268719
743.0833333333333,0.00032499992619574485
743.1666666666666,0.0002565915090375754
743.25,0.0005168255203756303
743.3333333333333,0.0004676848529421826
743.4166666666666,0.0002842372611092047
743.5,0.0004704126562106347
743.5833333333333,0.0009110919791415061
743.6666666666666,0.0007964255267572726
743.75,0.0007782950205433949
743.8333333333333,0.0005872787652477499
743.9166666666666,0.0004343143748878045
744.0,0.0007581276086420336
744.0833333333333,0.0009171419928399343
744.1666666666666,0.0005111512207963936
744.25,0.0002837045587756681
744.3333333333333,0.0005456354161315106
744.4166666666666,0.000174576529733616
744.5,0.000741002616700096
744.5833333333333,0.0003928451111287547
744.6666666666666,0.00037330066993548184
744.75,0.0005225389106869543
744.8333333333333,0.0004408273672970394
744.9166666666666,0.0004955166055722124
745.0,0.0010359882168266062
745.0833333333333,0.0013057757052782075
745.1666666666666,0.0009562293657479169
745.25,0.0010969165493938304
745.3333333333333,0.0005813749429306232
745.4166666666666,0.00033704970366874064
745.5,0.0009355728925262045
745.5833333333333,0.0010492003038904871
745.6666666666666,0.0005330169305026865
745.75,0.0007477281038826573
745.8333333333333,0.000603443655004335
745.9166666666666,0.0005775935514466133
746.0,0.0009500869981645333
746.0833333333333,0.0011722016290213828
746.1666666666666,0.0007862982032177625
746.25,0.0011063124035405492
746.3333333333333,0.0015536821692604215
746.4166666666666,0.0009206376467194642
746.5,0.000534619453096358
746.5833333333333,0.0011792752699647361
746.6666666666666,0.0014082151382677549
746.75,0.0009161219500446022
746.8333333333333,0.00016259178507451312
746.9166666666666,0.00028944496589552136
747.0,0.0002106785840909623
747.0833333333333,0.0007287273789795584
747.1666666666666,0.0005019412055231439
747.25,0.0004679311728520686
747.3333333333333,0.0007242852399664443
747.4166666666666,0.0005479775196440477
747.5,0.0007313021435434269
747.5833333333333,0.0003225405256142341
747.6666666666666,0.00021300469668342957
747.75,0.0015503163974330927
747.8333333333333,0.0016648124048538372
747.9166666666666,0.0007329392881826838
748.0,0.0005617426238368295
748.0833333333333,0.0006756996219338801
748.1666666666666,0.0007317179644167158
748.25,0.0009511343926459205
748.3333333333333,0.0011530702150369999
748.4166666666666,0.0006755303744601941
748.5,0.0001721563137505035
748.5833333333333,0.0001830620888228821
748.6666666666666,6.096810798035574e-05
748.75,0.00023798452011277436
748.8333333333333,0.0004980360987152383
748.9166666666666,0.000609232722369886
749.0,0.0005446786261251467
749.0833333333333,0.0002633944201673644
749.1666666666666,0.0008403275161784511
749.25,0.0007634337763663021
749.3333333333333,0.0010732865199910631
749.4166666666666,0.0007109952452529125
749.5,0.0009486892785407506
749.5833333333333,0.001397102948142734
749.6666666666666,0.0008358555704055853
749.75,0.0005509798466487837
749.8333333333333,0.00040274274167839355
749.9166666666666,0.0007874947738379936
750.0,0.0003038727211579488
750.0833333333333,0.0002487996399935238
750.1666666666666,0.0002588009997754722
750.25,0.00034970298840733283
750.3333333333333,0.000248985681143562
750.4166666666666,0.0002794606121685075
750.5,0.0010691627322257835
750.5833333333333,0.0010299858209347208
750.6666666666666,0.0005521561793173383
750.75,0.0007792472784872268
750.8333333333333,0.0009716032267220151
750.9166666666666,0.0003692879249015142
751.0,0.0004925128654954399
751.0833333333333,0.0006791987162364165
751.1666666666666,0.0008317781477138277
751.25,0.0014008439283979383
751.3333333333333,0.0010452316660882898
751.4166666666666,0.00023698799359280975
751.5,0.00012225205453413295
751.5833333333333,0.0002460564514207489
751.6666666666666,0.0008190612587742251
751.75,0.0008087566363743329
751.8333333333333,0.0006992440753545081
751.9166666666666,0.001500380587331771
752.0,0.0015348624336724082
752.0833333333333,0.0008609017450884233
752.1666666666666,0.0003725939937402373
752.25,0.00035947246959151086
752.3333333333333,0.00020787689236216435
752.4166666666666,0.0009529529981371432
752.5,0.001996073500682129
752.5833333333333,0.0018097181617854178
752.6666666666666,0.0004602524686843452
752.75,0.0008444701282530094
752.8333333333333,0.0004397635442990203
752.9166666666666,0.0014104713576894394
753.0,0.00045095419670870384
753.0833333333333,0.000533545193623028
753.1666666666666,0.0005517389465794308
753.25,0.0011091676058415701
753.3333333333333,0.0012271611494786517
753.4166666666666,0.0007880669135078357
753.5,0.00023361100698665325
753.5833333333333,0.0006175250278750761
753.6666666666666,0.0004507718366959753
753.75,0.0004340369719823015
753.8333333333333,0.000747825586846424
753.9166666666666,0.0008532180598028613
754.0,0.0002911159643329192
754.0833333333333,0.0010158493520912278
754.1666666666666,0.0014805813515489721
754.25,0.0009049997793332051
754.3333333333333,0.0003367078289588152
754.4166666666666,0.0002026902800691695
754.5,0.000533922775073724
754.5833333333333,0.001022837231873184
754.6666666666666,0.0009263520122742119
754.75,0.0003280327353471986
754.8333333333333,0.00031675661044528705
754.9166666666666,0.0005242714382521721
755.0,0.00029561824242068394
755.0833333333333,0.0008257179467794259
755.1666666666666,0.0013626579544583424
755.25,0.0012709514630669645
755.3333333333333,0.0008060393785546914
755.4166666666666,0.0007161264326575466
755.5,0.001245206846502009
755.5833333333333,0.0006948812726561078
755.6666666666666,0.0005654996025457345
755.75,0.0013295324844183507
755.8333333333333,0.0013122951589818038
755.9166666666666,0.0007483623391882246
756.0,0.00046232787485808925
756.0833333333333,0.001030814032456755
756.1666666666666,0.001231859821527729
756.25,0.0005270576946230862
756.3333333333333,0.0003350528180764764
756.4166666666666,0.00047046092229508066
756.5,0.0002867507225913276
756.5833333333333,0.00024132680853137292
756.6666666666666,0.00031965989410277323
756.75,0.00046112898511221055
756.8333333333333,0.0006605043079204719
756.9166666666666,0.0008183970336666951
757.0,0.0010955395536405856
757.0833333333333,0.0008545493100073746
757.1666666666666,0.0011511071834237135
757.25,0.0013346138878201207
757.3333333333333,0.0009493420546070705
757.4166666666666,0.0007555062958577875
757.5,0.0009298197999724852
757.5833333333333,0.0013128419266790164
757.6666666666666,0.0002639009564869471
757.75,0.00019324172672770287
757.8333333333333,0.00046333370303399047
757.9166666666666,0.0005617771749753975
758.0,0.0010037320569140518
758.0833333333333,0.0008722330462678202
758.1666666666666,0.0007255632639405606
758.25,0.00045661168547626787
758.3333333333333,0.0001772127529805256
758.4166666666666,0.0006886260411893275
758.5,0.00038686275072278523
758.5833333333333,0.000513814395982994
758.6666666666666,0.0010343996848183091
758.75,0.0005385290886701838
758.8333333333333,0.001167931572723278
758.9166666666666,0.000986386854493561
759.0,0.0008816264425159869
759.0833333333333,0.0006919039468860287
759.1666666666666,0.000549276677152102
759.25,0.000862032462734576
759.3333333333333,0.0005759281590933766
759.4166666666666,0.0005339506714594837
759.5,0.0005813701967112131
759.5833333333333,0.00043205961025404043
759.6666666666666,0.0005797223810395592
759.75,0.0006406466189422925
759.8333333333333,9.04232461385968e-05
759.9166666666666,0.00031881989924252037
760.0,0.0009329407872942009
760.0833333333333,0.0009043645741454149
760.1666666666666,0.00032981133814516834
760.25,0.0006505106338372252
760.3333333333333,0.0008915341127318034
760.4166666666666,0.000742507942384703
760.5,0.00022772601610693776
760.5833333333333,0.001164619725965535
760.6666666666666,0.0013520891782947352
760.75,0.0008050147531113759
760.8333333333333,0.0011061371021860078
760.9166666666666,0.0009984180153902863
761.0,0.00027910887688399074
761.0833333333333,0.000722029603823119
761.1666666666666,0.0010143982118881818
761.25,0.0009341846008715434
761.3333333333333,0.000630645778302682
761.4166666666666,0.0005854157505522831
761.5,0.0013729814022279444
761.5833333333333,0.0009503179054597232
761.6666666666666,0.00027564013323220414
761.75,0.00024588962976933694
761.8333333333333,0.0003004581382985046
761.9166666666666,0.0005511341412380468
762.0,0.0004968862915298991
762.0833333333333,0.0005893554803935126
762.1666666666666,0.0010174537816439863
762.25,0.0009874846165126845
762.3333333333333,0.0006739726161876161
762.4166666666666,0.00045580655013719373
762.5,0.0005403650753283649
762.5833333333333,0.0007050980761123489
762.6666666666666,9.148037020167644e-05
762.75,0.0005694456514212965
762.8333333333333,0.0004247888847110099
762.9166666666666,0.00048104219224383526
763.0,0.0005367155596464802
763.0833333333333,0.0003468504395699461
763.1666666666666,0.0010338567817177505
763.25,0.0009780836463505107
763.3333333333333,0.00024366905187514767
763.4166666666666,0.0010221421388500358
763.5,0.0007105874612083009
763.5833333333333,0.0006883932710626257
763.6666666666666,0.0006359707220603638
763.75,0.0006671587343852973
763.8333333333333,0.0001631258489476597
763.9166666666666,0.0007714719821836979
764.0,0.0006616632114123308
764.0833333333333,0.0007696017130541767
764.1666666666666,0.00036153971629010554
764.25,0.00039675759925935657
764.3333333333333,4.2278550611834546e-05
764.4166666666666,0.0005662556322638851
764.5,0.000369375505091123
764.5833333333333,0.0002231980422604064
764.6666666666666,0.0007742371095859471
764.75,0.0007903053483835018
764.8333333333333,0.0003684841328690783
764.9166666666666,0.00012101857724962805
765.0,0.00027654249599372104
765.0833333333333,6.248796812058859e-05
765.1666666666666,0.00042352193716561415
765.25,7.6635715270889e-05
765.3333333333333,0.0005265728508418023
765.4166666666666,0.0002446144336940714
765.5,0.0003311681812977521
765.5833333333333,0.0009540053321527056
765.6666666666666,0.0012938855849165373
765.75,0.0006815353175448247
765.8333333333333,0.0006415750958522785
765.9166666666666,0.0005692418119680357
766.0,7.398686769327432e-05
766.0833333333333,0.00028129252210613105
766.1666666666666,0.0006039762786846655
766.25,0.00028733383492357556
766.3333333333333,0.0015839218805883614
766.4166666666666,0.0016261109123848832
766.5,0.0005782895038239505
766.5833333333333,0.000791780322083682
766.6666666666666,0.0009209097723255443
766.75,0.0011538952971416165
766.8333333333333,0.0012269818983251949
766.9166666666666,0.0010535993773848748
767.0,0.00018913668997957373
767.0833333333333,0.00028066499599690834
767.1666666666666,0.0001646119324448348
767.25,0.00016998238298129286
767.3333333333333,7.30786812557159e-05
767.4166666666666,0.00036121370081547584
767.5,0.0003391400353538087
767.5833333333333,0.0002592191961870973
767.6666666666666,0.0009241643389794704
767.75,0.000573008930420544
767.8333333333333,0.0002893702445795562
767.9166666666666,0.0008349605826592672
768.0,0.0008875178423629979
768.0833333333333,0.0005334696500837037
768.1666666666666,0.0002483271045198397
768.25,0.00019786156450420125
768.3333333333333,0.0004663730476154462
768.4166666666666,0.0006599409898048472
768.5,0.0008106119048954105
768.5833333333333,0.0008778249025066184
768.6666666666666,0.0009177575597182666
768.75,0.0005116091370339717
768.8333333333333,0.00011802286975938741
768.9166666666666,0.00019612753584593293
769.0,0.00047679642917522816
769.0833333333333,0.0005407144167727671
769.1666666666666,0.0004510725321059708
769.25,0.00024957162198347343
769.3333333333333,0.0005151890215415665
769.4166666666666,0.00038776186493996446
769.5,0.0006608234629247355
769.5833333333333,0.0010347801340649366
769.6666666666666,0.000994175677786615
769.75,0.0008033790267278781
769.8333333333333,0.0006372372906139892
769.9166666666666,0.00037334768469922267
770.0,0.00018192976928942846
770.0833333333333,0.00011626125944716149
770.1666666666666,0.0003475161110560943
770.25,0.0004831021015432855
770.3333333333333,0.0008266989914057
770.4166666666666,0.0015408681817124083
770.5,0.0016802741125549905
770.5833333333333,0.0012341362632739628
770.6666666666666,0.0013446880658009805
770.75,0.0018273616688288497
770.8333333333333,0.0012224924580858873
770.9166666666666,0.0007069282103717192
771.0,0.0005550524283317179
771.0833333333333,0.0004903446121002987
771.1666666666666,0.0005297001183974335
771.25,0.0010321610408519334
771.3333333333333,0.0006938750301787408
771.4166666666666,0.0002867569689362811
771.5,0.0007910216102613358
771.5833333333333,0.0006593082675236984
771.6666666666666,0.001073462018943339
771.75,0.000658416934328707
771.8333333333333,0.0004799036095727088
771.9166666666666,0.0005779281446916404
772.0,0.0007397127659801237
772.0833333333333,0.0008655203372701872
772.1666666666666,0.000411494142519921
772.25,0.0005731106785092321
772.3333333333333,0.0011855614086238768
772.4166666666666,0.0014170608885059532
772.5,0.0010539875342215727
772.5833333333333,0.0012391640916377751
772.6666666666666,0.0005885325602560666
772.75,0.0008316631288496746
772.8333333333333,0.0009554238486800326
772.9166666666666,6.434256600317429e-05
773.0,0.0008404468252867441
773.0833333333333,0.0004809572444159244
773.1666666666666,0.0004790766253720136
773.25,0.0008576428107019222
773.3333333333333,0.0009157482956852644
773.4166666666666,0.0006552122126769078
773.5,0.000999997310699059
773.5833333333333,0.0009354004766797811
773.6666666666666,0.000635324842081396
773.75,0.0009972023453163792
773.8333333333333,0.0007483982266475222
773.9166666666666,0.0003873955052130835
774.0,0.0006285059887470622
774.0833333333333,0.000599247485022472
774.1666666666666,0.0007502992393622974
774.25,0.0009740065883700205
774.3333333333333,0.0009797691136237614
774.4166666666666,0.0014301447364049456
774.5,0.0011924137480046363
774.5833333333333,0.0006661039417018968
774.6666666666666,0.0006527776522459442
774.75,0.0007884580965034256
774.8333333333333,0.00032937856537880016
774.9166666666666,0.0008063309900593303
775.0,0.0010420741500157848
775.0833333333333,0.0016041663012745504
775.1666666666666,0.0011585269455219361
775.25,0.00013158195505255942
775.3333333333333,0.0005445515919984299
775.4166666666666,0.0006663508456537936
775.5,0.0005891270980300612
775.5833333333333,0.0007887442261153427
775.6666666666666,0.0006580476908642983
775.75,0.00031764919678650043
775.8333333333333,0.0003165033574715413
775.9166666666666,0.0007364082865361041
776.0,0.00027270275344586667
776.0833333333333,0.000283761324831656
776.1666666666666,0.0008582543955294784
776.25,0.001395342615985926
776.3333333333333,0.0011915448122538262
776.4166666666666,0.0001598233875517813
776.5,0.0010819704332245446
776.5833333333333,0.0011591398533135897
776.6666666666666,0.0004260598839559035
776.75,0.0005318282713620327
776.8333333333333,0.0005054441239778877
776.9166666666666,0.0008663663392365575
777.0,0.0003842356834530017
777.0833333333333,0.0004883060711583837
777.1666666666666,0.0006699793865519405
777.25,0.0003655668920678015
777.3333333333333,0.000867414829025386
777.4166666666666,0.0013749598604875838
777.5,0.00025787083245099463
777.5833333333333,0.0009596138554058028
777.6666666666666,0.0005504092108004415
777.75,0.00012023187259316886
777.8333333333333,0.0006963131003240091
777.9166666666666,0.0010036576482783846
778.0,0.0005003311894527904
778.0833333333333,0.0008986026937830125
778.1666666666666,0.0007917170626437302
778.25,2.2221281313768415e-05
778.3333333333333,0.000241350261626031
778.4166666666666,0.0005293326079802106
778.5,0.0003855266629010652
778.5833333333333,0.0007109964965295785
778.6666666666666,0.0011662336642584254
778.75,0.000969937983449662
778.8333333333333,0.0007199167895270831
778.9166666666666,0.0006739607820374834
779.0,0.0007355745047341631
779.0833333333333,0.0009745410019136817
779.1666666666666,0.0005762128414762423
779.25,0.0004747167799540077
779.3333333333333,0.000550616857200081
779.4166666666666,0.0007062627768465761
779.5,0.0009821878296818064
779.5833333333333,0.0008401695578211771
779.6666666666666,0.0006316801151645296
779.75,0.000789141306772062
779.8333333333333,0.0013417164839838022
779.9166666666666,0.0013219077321266677
780.0,0.001276814885811066
780.0833333333333,0.0011107694083812843
780.1666666666666,0.0008230932141052824
780.25,0.0005963819533461233
780.3333333333333,0.0002888651740174271
780.4166666666666,0.00025401833578204774
780.5,0.0003992810972448873
780.5833333333333,0.000631815427627239
780.6666666666666,0.0014014522712785596
780.75,0.0014573854646885956
780.8333333333333,0.0007784213081487456
780.9166666666666,0.00045337328398756266
781.0,0.0007688946708407738
781.0833333333333,0.0003261606415036894
781.1666666666666,0.0010753402691032505
781.25,0.0003023816270757021
781.3333333333333,0.000575537998552473
781.4166666666666,0.0005025997277879576
781.5,0.00044840010498262855
781.5833333333333,0.0005038526411147709
781.6666666666666,0.0008145547715389449
781.75,0.0009743789368677162
781.8333333333333,0.0010009080661727082
781.9166666666666,0.0007231836281374225
782.0,0.0004807017403066436
782.0833333333333,0.0009329085175705565
782.1666666666666,0.0006454089074917513
782.25,0.0007258975537167303
782.3333333333333,0.0008138603054615393
782.4166666666666,0.0006405008162421622
782.5,0.00031849298957156485
782.5833333333333,0.0007756327094491116
782.6666666666666,0.0013542522998167463
782.75,0.0015539117500904121
782.8333333333333,0.001382945216272478
782.9166666666666,0.0006926735325535526
783.0,0.0003863902220042678
783.0833333333333,0.0002155652257343925
783.1666666666666,0.00022100929147719675
783.25,0.0005480956340590381
783.3333333333333,0.0009855486207781606
783.4166666666666,0.0008467912275668048
783.5,0.0006982413907194474
783.5833333333333,0.0006309434856573597
783.6666666666666,0.0010428542663439915
783.75,0.0005410326129680555
783.8333333333333,0.0004410761207253831
783.9166666666666,0.0007728817294972396
784.0,0.0008334980437489078
784.0833333333333,0.0010809647382672807
784.1666666666666,0.0010423353336001904
784.25,0.0005563280558820968
784.3333333333333,0.0007197570024803575
784.4166666666666,0.00038390143194986446
784.5,0.00036544524844281953
784.5833333333333,0.00018891174021352683
784.6666666666666,0.0006667955723354563
784.75,0.0008507653209567594
784.8333333333333,0.0006954692403533008
784.9166666666666,0.0008361325698589773
785.0,0.0008764433471339205
785.0833333333333,0.0006795444931411691
785.1666666666666,0.0007091824248069043
785.25,0.0012735712796646279
785.3333333333333,0.0012401762260257018
785.4166666666666,0.0006168251595969983
785.5,0.0003895446268258641
785.5833333333333,0.0012653691414948923
785.6666666666666,0.0007393569350826567
785.75,0.0006737694143158719
785.8333333333333,0.0010895780310915713
785.9166666666666,0.0012220081602973064
786.0,0.0013671023504887366
786.0833333333333,0.0009528345438009262
786.1666666666666,0.00026286356395405675
786.25,0.000625187526959899
786.3333333333333,0.0008137189764180011
786.4166666666666,0.0006201751056144654
786.5,0.0009236020076558465
786.5833333333333,0.0010557922850430131
786.6666666666666,0.0008652663984623362
786.75,0.0004245666064661312
786.8333333333333,0.001001039036189775
786.9166666666666,0.0014199572430839038
787.0,0.000777350472911502
787.0833333333333,0.00022037292005368142
787.1666666666666,0.00017317622589537173
787.25,0.0006817848300832354
787.3333333333333,0.0010801650782384813
787.4166666666666,0.0006588487991255211
787.5,0.0004560873304346057
787.5833333333333,0.0008539017029060474
787.6666666666666,0.0004746645732854981
787.75,0.0008696944906745489
787.8333333333333,0.0005834988774977589
787.9166666666666,0.0005478582868731705
788.0,0.0004008589405658875
788.0833333333333,0.0005544083578980483
788.1666666666666,0.0003909873314868883
788.25,0.0007573818537313703
788.3333333333333,0.0009201563006581868
788.4166666666666,0.0008066413886618081
788.5,0.000762932733782181
788.5833333333333,0.0004061617117534524
788.6666666666666,0.0006409267931670484
788.75,0.00015458432703153562
788.8333333333333,0.0007804588367142477
788.9166666666666,0.0009412667498904814
789.0,0.00050020894347119
789.0833333333333,0.0005514597915734178
789.1666666666666,0.001098826575301685
789.25,0.0013071203236038856
789.3333333333333,0.00043907494011453816
789.4166666666666,0.00026575554211485524
789.5,0.0004894973110948529
789.5833333333333,0.0005394785862217719
789.6666666666666,0.0008907352502680106
789.75,0.00034207917461857916
789.8333333333333,0.0011488583007721303
789.9166666666666,0.001975016394138969
790.0,0.0017557485984868065
790.0833333333333,0.0011133652076933732
790.1666666666666,0.0008809227135658522
790.25,0.0004974953413261927
790.3333333333333,0.001427304419842605
790.4166666666666,0.0013987018399661622
790.5,0.0006457557811654987
790.5833333333333,0.0008151451664696089
790.6666666666666,0.0010178936881575778
790.75,0.0007262705847362411
790.8333333333333,0.0008996643880839202
790.9166666666666,0.0010284217618434775
791.0,0.0004404910018549499
791.0833333333333,3.683557069076236e-05
791.1666666666666,0.0004445172147566406
791.25,0.0005166091170635114
791.3333333333333,0.00019592940975749252
791.4166666666666,0.00024301705936256488
791.5,0.00029305915733554496
791.5833333333333,0.00025051053273736134
791.6666666666666,0.0007162856989523448
791.75,0.0010199629388102792
791.8333333333333,0.0013980933261366591
791.9166666666666,0.0010062317902133314
792.0,0.0009060764656512089
792.0833333333333,0.0007907243385555054
792.1666666666666,0.0007193864221656773
792.25,0.00041972144074012974
792.3333333333333,0.0003829663035460133
792.4166666666666,0.0007335148898006865
792.5,0.0005085646510650415
792.5833333333333,0.00015123112651312858
792.6666666666666,0.0003686613811080029
792.75,0.0002031137775791017
792.8333333333333,0.0005658640234603755
792.9166666666666,0.0014517992530792875
793.0,0.0012940402746470783
793.0833333333333,0.0005264783453545472
793.1666666666666,0.0007251802602432685
793.25,0.0005032525336963876
793.3333333333333,0.0005441844040642244
793.4166666666666,0.0007511294981445315
793.5,0.0008927752231234102
793.5833333333333,0.0004831691446548509
793.6666666666666,0.00010401492661440298
793.75,0.0007812956758441119
793.8333333333333,0.0011890396063463813
793.9166666666666,0.0006998172244508821
794.0,0.0004981802913530076
794.0833333333333,0.0006695657033807561
794.1666666666666,0.000312182617961512
794.25,0.0002713322232348608
794.3333333333333,0.00043408133202226147
794.4166666666666,0.0008151935821329527
794.5,0.0010755620856877028
794.5833333333333,0.0015722896948010582
794.6666666666666,0.0020322508886437777
794.75,0.0023507655073310495
794.8333333333333,0.0016750954289935472
794.9166666666666,0.0006907395304888591
795.0,7.460497595149267e-05
795.0833333333333,0.0007252416569309583
795.1666666666666,0.0011186388457032931
795.25,0.0011345114452754501
795.3333333333333,0.000931430673678949
795.4166666666666,0.0006526369747178009
795.5,0.000961786698374463
795.5833333333333,0.0007677004685738841
795.6666666666666,0.0004918552591434692
795.75,0.0006150217246957506
795.8333333333333,0.00019123229527706322
795.9166666666666,0.0005514676186274801
796.0,0.00048077992237279156
796.0833333333333,6.632990717373442e-05
796.1666666666666,0.0003780435909147452
796.25,0.0010483412104649028
796.3333333333333,0.0007099890871606336
796.4166666666666,0.00022100907311942638
796.5,0.0007901518949277328
796.5833333333333,0.0007321070054754792
796.6666666666666,0.0003504965452793712
796.75,0.0005956105341277057
796.8333333333333,0.000418648885955498
796.9166666666666,9.114106340685012e-05
797.0,0.0004753603777515997
797.0833333333333,0.0006838203677261946
797.1666666666666,0.000933454272510576
797.25,0.0009665419980331784
797.3333333333333,0.0004655273993809596
797.4166666666666,0.0003210576573884833
797.5,0.0002453259020882458
797.5833333333333,0.00010557269743229461
797.6666666666666,0.00019012331889026993
797.75,0.0005725102400979663
797.8333333333333,0.00028266449398551587
797.9166666666666,0.0003575284982529162
798.0,0.0005152616421454909
798.0833333333333,0.0005544799234697572
798.1666666666666,0.000729965450487726
798.25,0.0008887516816959094
798.3333333333333,0.0002343300068440961
798.4166666666666,0.00031652924281621203
798.5,1.0451098402262172e-05
798.5833333333333,0.0007720279968765632
798.6666666666666,0.0011170446644634888
798.75,0.0009896409231568307
798.8333333333333,0.0003540297194804056
798.9166666666666,0.00020136997123304846
799.0,0.0007371163332538284
799.0833333333333,0.0006060581945913047
799.1666666666666,0.0004404733239710131
799.25,0.0007129573613082564
799.3333333333333,0.00024539681054530594
799.4166666666666,0.00035755635984118536
799.5,0.0007839180948689076
799.5833333333333,0.0009178372794855445
799.6666666666666,0.0009420116889772912
799.75,0.0007401734822800217
799.8333333333333,0.0005927203724699079
799.9166666666666,0.0007130839620283129
800.0,0.0005431739494582893
800.0833333333333,0.0006418767010627216
800.1666666666666,0.0006351017461093773
800.25,0.0010098961183030455
800.3333333333333,0.0008616427294099005
800.4166666666666,0.00038060068588568335
800.5,0.0005314245233475151
800.5833333333333,0.0006661524020834074
800.6666666666666,0.0009760428377148603
800.75,0.0010130747579475176
800.8333333333333,0.0007406410303050484
800.9166666666666,0.000312897610824684
801.0,0.00043198349476929605
801.0833333333333,0.0007484425872592709
801.1666666666666,0.0001257509950519491
801.25,0.0008527443293519857
801.3333333333333,0.001334811337393033
801.4166666666666,0.0014021576539123273
801.5,0.000917361914008547
801.5833333333333,0.000451654000366236
801.6666666666666,0.0009708268736950738
801.75,0.000712234762599779
801.8333333333333,0.00039049201939489366
801.9166666666666,0.0009049563065089075
802.0,0.000752611141991175
802.0833333333333,0.00021852535066169338
802.1666666666666,0.0005056629195828533
802.25,0.0005952756408637209
802.3333333333333,0.0011402009338640805
802.4166666666666,0.0008535920051379484
802.5,0.0005318350994673049
802.5833333333333,0.0005147979024067293
802.6666666666666,0.0008015745311565405
802.75,0.0005969832526128503
802.8333333333333,0.00025501203456356267
802.9166666666666,0.0005441475351528113
803.0,0.00015018852641886422
803.0833333333333,0.0009630125910272087
803.1666666666666,0.001102750504724909
803.25,0.0010441278601811478
803.3333333333333,0.00046021393716519517
803.4166666666666,0.0006321160982728796
803.5,0.000743974707462019
803.5833333333333,0.0005467297887307858
803.6666666666666,0.00026783901123906737
803.75,0.00038188057655356734
803.8333333333333,0.00016510107394720452
803.9166666666666,0.0007879793499213746
804.0,0.0004290820949576699
804.0833333333333,0.0011090127239189883
804.1666666666666,0.0009740662323302549
804.25,0.00031800215231063314
804.3333333333333,0.000357541509749799
804.4166666666666,5.677629934875463e-05
804.5,0.0007450679859146205
804.5833333333333,0.0007580119961194362
804.6666666666666,0.00024386759800258562
804.75,0.00069601170778991
804.8333333333333,0.0008145429221040547
804.9166666666666,0.0009015758832755087
805.0,0.0003477745221411617
805.0833333333333,0.0007874868002120328
805.1666666666666,0.0012112513773205368
805.25,0.001327880670290913
805.3333333333333,0.0011274694759571158
805.4166666666666,0.0005092726573266716
805.5,0.00046886166723152654
805.5833333333333,0.0008234594268031395
805.6666666666666,0.0005879194416587424
805.75,0.0002887632235441375
805.8333333333333,0.0002923824095962338
805.9166666666666,0.001264601927696379
806.0,0.0012527106544543165
806.0833333333333,0.00070354523654808
806.1666666666666,0.0009629429538062298
806.25,0.0002409265637081118
806.3333333333333,0.0006834652125011747
806.4166666666666,0.0010224192308461617
806.5,0.0003300350148256825
806.5833333333333,0.00018533589213285166
806.6666666666666,0.0008021778732572187
806.75,0.0013072764328252561
806.8333333333333,0.0011415684619745104
806.9166666666666,0.0006508898784758244
807.0,0.00023880235350287832
807.0833333333333,0.0005822809786441753
807.1666666666666,0.0003321640682905333
807.25,0.0013123062202563891
807.3333333333333,0.000685978760427633
807.4166666666666,0.00019694888446882824
807.5,0.0004117491548849746
807.5833333333333,0.0007473008648511759
807.6666666666666,0.0010403217363689303
807.75,0.0010024157609952588
807.8333333333333,0.00035555571600299346
807.9166666666666,0.0008553638735494206
808.0,0.0005208018288526273
808.0833333333333,0.0004717508063975433
808.1666666666666,0.0002824372431387269
808.25,0.0002618072831034463
808.3333333333333,0.0006842599301849702
808.4166666666666,0.00037715404412369015
808.5,0.0002883268161713139
808.5833333333333,0.0005662078995176672
808.6666666666666,0.0004490219336486334
808.75,0.0005139212605458445
808.8333333333333,0.0009760557917243628
808.9166666666666,0.0005488458472568363
809.0,0.00036494938628571743
809.0833333333333,0.0006308416707421442
809.1666666666666,0.0009738175198038164
809.25,0.0005445194082609773
809.3333333333333,0.00035336561220548484
809.4166666666666,0.0005086958912337219
809.5,0.0007587415049340702
809.5833333333333,0.0006366917831825418
809.6666666666666,0.00021261659278622942
809.75,0.0003688643027979668
809.8333333333333,0.0003999471341644719
809.9166666666666,0.0006240171112596551
810.0,0.00027855089724867555
810.0833333333333,0.0008389667830248375
810.1666666666666,0.0008964930148330175
810.25,0.0006180047232822356
810.3333333333333,0.0005546487417152778
810.4166666666666,5.380443954005381e-05
810.5,0.0002449311413769336
810.5833333333333,0.00011062866453139986
810.6666666666666,0.0006155306192606062
810.75,0.0011191883142457801
810.8333333333333,0.0014429683223864407
810.9166666666666,0.001101334634958085
811.0,0.00033265874481013793
811.0833333333333,0.0006063863261686869
811.1666666666666,0.0017137436073962605
811.25,0.001645028914749609
811.3333333333333,0.0008644880186280498
811.4166666666666,0.0005561328790675742
811.5,0.0004793202153887779
811.5833333333333,0.0004542958658264619
811.6666666666666,0.00047504877981820203
811.75,0.000928756883177326
811.8333333333333,0.00033890027085697926
811.9166666666666,0.0009599757431997999
812.0,0.0013932414070992763
812.0833333333333,0.0010687832752971512
812.1666666666666,0.000999733809861257
812.25,0.0009661668345371591
812.3333333333333,0.0010428745734778644
812.4166666666666,0.000688677599868586
812.5,0.00011348034768837985
812.5833333333333,0.0004933722131929075
812.6666666666666,0.00032130179259496055
812.75,0.00025909238388118773
812.8333333333333,0.0005953508044775152
812.9166666666666,0.0006638809060481762
813.0,0.0007301269641180808
813.0833333333333,0.0007853925157053173
813.1666666666666,0.0009125429288732017
813.25,0.0006561594894720479
813.3333333333333,0.00027243389781859625
813.4166666666666,5.6628425738055447e-05
813.5,0.0003568505863817269
813.5833333333333,0.0002094060866230563
813.6666666666666,0.0007070388209113929
813.75,0.0010493813875547661
813.8333333333333,0.00028537224697165736
813.9166666666666,0.001003028293728734
814.0,0.0009144955475101612
814.0833333333333,0.0013208468169957392
814.1666666666666,0.001786755820713112
814.25,0.0010939128931444777
814.3333333333333,0.0003211232748277057
814.4166666666666,0.00039552334418520226
814.5,0.0006963360614002589
814.5833333333333,0.00044062284321737797
814.6666666666666,0.0002973721465673261
814.75,0.00028664669493533936
814.8333333333333,0.00023104463594723548
814.9166666666666,0.00024751768026050574
815.0,0.00010458816971627483
815.0833333333333,0.00054904245588264
815.1666666666666,0.0003755310067572291
815.25,0.00033586394606416765
815.3333333333333,0.0004924631522765986
815.4166666666666,0.0001438653334818784
815.5,0.00025383281148863037
815.5833333333333,0.0010122659035120007
815.6666666666666,0.0009314955371457433
815.75,0.000511804676779222
815.8333333333333,0.0010990259933698367
815.9166666666666,0.0012616876688178555
816.0,0.0008751150942486493
816.0833333333333,0.0007872407073322773
816.1666666666666,0.0004688935237231661
816.25,0.00039065440795302297
816.3333333333333,0.00041887882963629035
816.4166666666666,0.0009420932894656819
816.5,0.0007182796388371357
816.5833333333333,0.0006387594608895519
816.6666666666666,0.0007274338864927995
816.75,0.0005157095456553071
816.8333333333333,0.0005746556426474238
816.9166666666666,0.0010444335585147655
817.0,0.0012733522217651173
817.0833333333333,0.001102570703638171
817.1666666666666,0.0006561294462635506
817.25,0.0005008862023594206
817.3333333333333,0.0007822539192339021
817.4166666666666,0.00022993535922258894
817.5,0.000372415620742969
817.5833333333333,0.00047559719855452755
817.6666666666666,0.0006255992194938943
817.75,0.00047068001577069547
817.8333333333333,0.0008261771224329131
817.9166666666666,0.0006594629845204906
818.0,0.0006272034472374956
818.0833333333333,0.0006428555602190584
818.1666666666666,0.0010039105810023831
818.25,0.0004198377473977456
818.3333333333333,0.0009275517470951802
818.4166666666666,0.0012217999917207506
818.5,0.0004290487101604023
818.5833333333333,0.0008615243063613782
818.6666666666666,0.0010824327460161192
818.75,0.0012287971016011286
818.8333333333333,0.0012521844427931235
818.9166666666666,0.0011883382301994037
819.0,0.00041818062236795924
819.0833333333333,0.0006189471830573843
819.1666666666666,0.0007019797639657461
819.25,0.0003405614780076461
819.3333333333333,3.569102503006431e-05
819.4166666666666,0.0002946890450107824
819.5,0.00030888930889348405
819.5833333333333,0.00021056675914432366
819.6666666666666,0.0006523927130400518
819.75,0.0010711000439953657
819.8333333333333,0.0009622523812333654
819.9166666666666,0.0008558473987169133
820.0,0.0008668879204614475
820.0833333333333,0.0008224220349511819
820.1666666666666,0.0009463261620679253
820.25,0.0007599241192678361
820.3333333333333,0.00033456194000037196
820.4166666666666,6.081801801552567e-05
820.5,0.0004509132001144099
820.5833333333333,0.0003454916732153533
820.6666666666666,0.0003738112612506558
820.75,0.000832049080122514
820.8333333333333,0.0008071368725388866
820.9166666666666,0.0008624928994968458
821.0,0.000953280202309603
821.0833333333333,0.0007492927628665843
821.1666666666666,0.00046627477074818747
821.25,0.0003015689174442933
821.3333333333333,0.0008325148447222543
821.4166666666666,0.001326175103199062
821.5,0.0011240369651205379
821.5833333333333,0.0003215380243498081
821.6666666666666,0.0004802740685418066
821.75,0.0006372100053475136
821.8333333333333,0.0005189265165720448
821.9166666666666,0.0005313950542399513
822.0,0.0004603410641048228
822.0833333333333,0.0005505677608265525
822.1666666666666,0.0017006265988134964
822.25,0.000818593310002662
822.3333333333333,0.00023404176155767374
822.4166666666666,0.00015370332068271342
822.5,0.0003271864542340614
822.5833333333333,0.0007520660602692772
822.6666666666666,0.0006486077452630614
822.75,0.001095255370321561
822.8333333333333,0.0007015529055346895
822.9166666666666,0.0001654767690601002
823.0,0.0004953994412496129
823.0833333333333,0.0012564019651767453
823.1666666666666,0.0009985700544691534
823.25,0.0003026636450285404
823.3333333333333,0.0003924336612997749
823.4166666666666,7.005640396750399e-05
823.5,0.0008587688713973447
823.5833333333333,0.0009288308802883451
823.6666666666666,0.0007621000607272338
823.75,0.001449322776437507
823.8333333333333,0.0011418603628212715
823.9166666666666,0.0009370272966673598
824.0,0.0009245014246930663
824.0833333333333,0.00028387080552307346
824.1666666666666,0.00048329612005052847
824.25,4.1307419187944206e-05
824.3333333333333,0.0004327275883461126
824.4166666666666,0.0008453643730449652
824.5,0.0013776841883069602
824.5833333333333,0.0007706700116339672
824.6666666666666,0.0003321697077060073
824.75,0.00043839781247731013
824.8333333333333,0.0007206034978543245
824.9166666666666,0.0007832344983904082
825.0,0.0010420823556630424
825.0833333333333,0.0008333951321531426
825.1666666666666,0.00035654893312850707
825.25,0.0005830057362771
825.3333333333333,0.0004075424085593575
825.4166666666666,0.0006567066912265174
825.5,0.0009545363692780666
825.5833333333333,0.0006043106239566866
825.6666666666666,0.0004471245044003297
825.75,0.0006230712176955595
825.8333333333333,0.00029649878790219105
825.9166666666666,0.0004359846642185561
826.0,0.000633072112284896
826.0833333333333,0.001085839104589042
826.1666666666666,0.0011590008232839496
826.25,0.0011045299574420537
826.3333333333333,0.0005845968522783237
826.4166666666666,0.00016146387154221753
826.5,0.0005374457835503782
826.5833333333333,0.0009044206858414499
826.6666666666666,0.00020447368873300289
826.75,0.00040275120949097683
826.8333333333333,0.0007308205102929869
826.9166666666666,0.0007459041864457984
827.0,0.00020891054301665375
827.0833333333333,0.0002817490344492734
827.1666666666666,0.0009868162646217208
827.25,0.0011866982282718725
827.3333333333333,0.0008533799601654728
827.4166666666666,0.000798082068264037
827.5,0.0011332175084300628
827.5833333333333,0.0002901039527020762
827.6666666666666,0.0007168263187680419
827.75,0.001078556176604198
827.8333333333333,0.00043530881072035947
827.9166666666666,0.0005261848380069035
828.0,0.00015275255969330004
828.0833333333333,0.0007931644146421383
828.1666666666666,0.000591926907740761
828.25,0.00023064089952399173
828.3333333333333,0.0005254631986479757
828.4166666666666,0.001205606384509033
828.5,0.0009801474596405214
828.5833333333333,0.0003454432748413695
828.6666666666666,0.0006472154199031245
828.75,0.00016752406786510525
828.8333333333333,0.0013662903838820727
828.9166666666666,0.0012159019971812587
829.0,0.00043438038140409103
829.0833333333333,0.0010611843450982839
829.1666666666666,0.0007987966012954723
829.25,0.00067961620858941
829.3333333333333,0.0005886708109493935
829.4166666666666,0.0009445980468405749
829.5,0.0010725170552315086
829.5833333333333,0.0006543963313968722
829.6666666666666,0.000474549650601885
829.75,0.0007016446364653111
829.8333333333333,0.0005041996381793634
829.9166666666666,0.00045075500243300584
830.0,0.0005076482961016796
830.0833333333333,0.0005028562724135265
830.1666666666666,0.0010081658217073308
830.25,0.0008714610808496589
830.3333333333333,0.0005203926313052261
830.4166666666666,0.0007313779882394067
830.5,0.0007887228978631782
830.5833333333333,0.0005448658348010653
830.6666666666666,0.0005337813798975839
830.75,0.0006081136052651614
830.8333333333333,0.00035543575993792354
830.9166666666666,0.00026278442551882776
831.0,0.00035609613089546875
831.0833333333333,0.000877028384050795
831.1666666666666,0.0004937591104504886
831.25,0.0003179583825390133
831.3333333333333,0.0004124320521566498
831.4166666666666,0.0003876740043841726
831.5,0.0007865829453682532
831.5833333333333,0.001093094533530329
831.6666666666666,0.0013214726532178279
831.75,0.0010471914334481461
831.8333333333333,0.0007110792238169852
831.9166666666666,0.0009935864795197699
832.0,0.0007859514806095459
832.0833333333333,0.0005850257550915012
832.1666666666666,0.00039243686557307174
832.25,0.00014912890688954238
832.3333333333333,0.0003754888392630907
832.4166666666666,0.0008634081885427402
832.5,0.000487155684047781
832.5833333333333,0.000663647132939293
832.6666666666666,0.0007279581193627406
832.75,0.0004781976130178617
832.8333333333333,0.0004958944029841635
832.9166666666666,0.0005989899670275886
833.0,0.001358123093509656
833.0833333333333,0.0009854246668975798
833.1666666666666,0.0003560852193877306
833.25,0.0006106331989015237
833.3333333333333,0.0009801111417482812
833.4166666666666,0.0007647045954811504
833.5,0.0004109019490522032
833.5833333333333,0.0006455728499219079
833.6666666666666,0.0010061325739709162
833.75,0.001185982828543228
833.8333333333333,0.0009003289150091697
833.9166666666666,0.0005161142180284794
834.0,0.00016442093226760957
834.0833333333333,0.0004991475851289857
834.1666666666666,0.0003387125377538719
834.25,0.0009115076855095318
834.3333333333333,0.0007658409058054302
834.4166666666666,0.0008373688749228577
834.5,0.0006109439224801293
834.5833333333333,0.0005149631789824911
834.6666666666666,0.0002801949814288679
834.75,0.00022359937958800735
834.8333333333333,0.0011836271179737744
834.9166666666666,0.001473333546159857
835.0,0.0007445831286580237
835.0833333333333,0.000805504946456507
835.1666666666666,0.0006351775784215947
835.25,0.0005898128279680944
835.3333333333333,0.0006331366247102256
835.4166666666666,0.00039642891432942103
835.5,0.0005490925478436731
835.5833333333333,0.0009065356885211177
835.6666666666666,0.000494265555685522
835.75,0.00032237286804394805
835.8333333333333,0.00021502925441839146
835.9166666666666,0.0006442128955149507
836.0,0.0011729827298384567
836.0833333333333,0.0009253202092087653
836.1666666666666,0.00041936792263626695
836.25,0.000990605446169833
836.3333333333333,0.0006647208079060965
836.4166666666666,0.00042163779033693705
836.5,0.0003614756922111804
836.5833333333333,0.0006933167393723429
836.6666666666666,0.0006070320723632621
836.75,0.0003786339929971336
836.8333333333333,0.0005583215558304081
836.9166666666666,0.0003568911305168052
837.0,0.0005973170669401193
837.0833333333333,0.0009667510653854
837.1666666666666,0.0008625727432759654
837.25,0.0002198234719080995
837.3333333333333,0.00026209033507058183
837.4166666666666,0.0005850190271086476
837.5,0.0005399413347037539
837.5833333333333,0.0004942876630283847
837.6666666666666,0.00033678495029086143
837.75,0.0003165294674204066
837.8333333333333,0.0007454584751446242
837.9166666666666,0.0010698567168966452
838.0,0.0007420426110731839
838.0833333333333,0.0010978036589723065
838.1666666666666,0.001241708230774097
838.25,0.0008630698505254996
838.3333333333333,0.000207765660519755
838.4166666666666,0.0003516745023123044
838.5,0.0006069256681157625
838.5833333333333,0.0009285046882346483
838.6666666666666,0.0010533164752417276
838.75,0.0006138878268561323
838.8333333333333,0.0008701262462371659
838.9166666666666,0.0010665492937535809
839.0,0.0005155619960296188
839.0833333333333,0.001290670892783453
839.1666666666666,0.0009515773885709223
839.25,0.0005619880498373809
839.3333333333333,0.0007656073258400824
839.4166666666666,0.0003126527056885383
839.5,0.00047484480295511796
839.5833333333333,0.0009237851619260635
839.6666666666666,0.001472692169748089
839.75,0.0010031294375789268
839.8333333333333,0.0002547904265003781
839.9166666666666,0.0005041802715802111
840.0,0.0006413058058514412
840.0833333333333,0.0011967919750726743
840.1666666666666,0.0011881914314854612
840.25,0.00020820899469633025
840.3333333333333,0.000684909689103447
840.4166666666666,0.0006656566345761944
840.5,0.001024334015364057
840.5833333333333,0.001234124500870741
840.6666666666666,0.0006901405002106328
840.75,0.0007380661019047151
840.8333333333333,0.0013986997332584331
840.9166666666666,0.0012270191795733978
841.0,0.0005666817394409818
841.0833333333333,4.8843820225017965e-05
841.1666666666666,0.0006527263418981033
841.25,0.0008394692619440866
841.3333333333333,0.00044190073693458996
841.4166666666666,0.0007155966962961389
841.5,0.0012016082425115376
841.5833333333333,0.0009122639117152553
841.6666666666666,0.00046878393495418955
841.75,0.0011479128297030316
841.8333333333333,0.0007936698565795243
841.9166666666666,0.0002423963387677544
842.0,0.000566442574333895
842.0833333333333,0.0011984958089486122
842.1666666666666,0.0006489444587622276
842.25,0.0009312065029118133
842.3333333333333,0.0006039173862136376
842.4166666666666,0.0008525591531651632
842.5,0.0012227858930795139
842.5833333333333,0.0010272392199277684
842.6666666666666,0.0003597762978476651
842.75,0.0008136235787500011
842.8333333333333,0.0007642799135877057
842.9166666666666,0.0005311304052153695
843.0,0.0007650219272103279
843.0833333333333,0.0006962384372365786
843.1666666666666,0.00027008590135823516
843.25,0.0004309577810768716
843.3333333333333,0.0007174073448640475
843.4166666666666,0.0011624374059866255
843.5,0.0008670448885916961
843.5833333333333,0.00034360018070604133
843.6666666666666,0.00019677310391766746
843.75,0.0009799776178937665
843.8333333333333,0.0010684972919483683
843.9166666666666,0.0005855463622691701
844.0,0.0001729198866807026
844.0833333333333,5.345079028125488e-05
844.1666666666666,0.00025302644568324573
844.25,0.0003417489339990568
844.3333333333333,0.0002430852921077675
844.4166666666666,0.0008810776933133611
844.5,0.0009494292215533682
844.5833333333333,0.0005102238374672331
844.6666666666666,0.000544507962589378
844.75,0.0006386560311602673
844.8333333333333,0.0005056481743533265
844.9166666666666,0.0002139217849157646
845.0,0.00031813603671767903
845.0833333333333,0.0005187369181655645
845.1666666666666,0.0003525474538896364
845.25,0.0002673627064766943
845.3333333333333,0.0005066534452350964
845.4166666666666,0.0010789282674101121
845.5,0.0005029548484024559
845.5833333333333,0.0002287600094575118
845.6666666666666,0.0003979395124117633
845.75,0.0007696330284509194
845.8333333333333,0.0009747141459194547
845.9166666666666,0.0005776675443030583
846.0,0.0004092151808681387
846.0833333333333,0.0009718041926137618
846.1666666666666,0.0006982258359161929
846.25,0.00020259090729620594
846.3333333333333,0.0003593278508502704
846.4166666666666,0.0003392329125049046
846.5,0.0005958898872596986
846.5833333333333,0.000845927824514796
846.6666666666666,0.00046056097674384514
846.75,0.00015209910063729564
846.8333333333333,0.0005698038067046251
846.9166666666666,0.0009225902154613238
847.0,0.0007114173148335005
847.0833333333333,0.00036079233314893696
847.1666666666666,0.0003661914153288394
847.25,8.802952084745186e-05
847.3333333333333,0.00039059379026438904
847.4166666666666,0.0005896519902155729
847.5,0.00036293248526359775
847.5833333333333,0.0006232655037974673
847.6666666666666,0.00022048545328528008
847.75,0.00024133542110402426
847.8333333333333,0.0005216615952008017
847.9166666666666,0.000307897204840919
848.0,0.0003428407803908357
848.0833333333333,0.00043449474672004534
848.1666666666666,0.00017318918441590285
848.25,0.00034706817483089257
848.3333333333333,0.0008120218659033604
848.4166666666666,0.0009635322845922923
848.5,0.0007352410570983489
848.5833333333333,0.00027905223065106575
848.6666666666666,7.012546289541903e-05
848.75,0.00036905819779406646
848.8333333333333,0.0011262056829768224
848.9166666666666,0.001374023815952322
849.0,0.0013026510936896673
849.0833333333333,0.001016244377821708
849.1666666666666,0.0003629844925224728
849.25,0.0006738400117206272
849.3333333333333,0.0009446401405526087
849.4166666666666,0.0010090992671853895
849.5,7.103385020532958e-05
849.5833333333333,0.0006657481764836416
849.6666666666666,0.00029082986172594515
849.75,0.0003473576337946255
849.8333333333333,0.00028888403395424745
849.9166666666666,0.0004660339054606947
850.0,0.0006222905313742152
850.0833333333333,0.00017782562403742514
850.1666666666666,0.00018361910776560687
850.25,0.0008615999021259385
850.3333333333333,0.0009913428483737407
850.4166666666666,0.0004415604610627783
850.5,0.00040712596659561463
850.5833333333333,0.00030002635973765135
850.6666666666666,0.0002690858193470968
850.75,8.6495185401953e-05
850.8333333333333,0.00013183416164832683
850.9166666666666,0.0002012074441832666
851.0,0.0004505755794774964
851.0833333333333,0.0005229047533576502
851.1666666666666,0.00014394017363397523
851.25,0.00035302957801655393
851.3333333333333,0.00038957515882544696
851.4166666666666,0.0007294853228468363
851.5,0.0007213126818913224
851.5833333333333,0.0002015738870406913
851.6666666666666,0.0006011020976495572
851.75,0.0009101189944289308
851.8333333333333,0.0005602575302989485
851.9166666666666,0.0006467345838979314
852.0,0.0007706741116151829
852.0833333333333,0.0009783501695251713
852.1666666666666,0.000830207382661431
852.25,0.00030772750226040334
852.3333333333333,0.0006174205778629094
852.4166666666666,0.0007536824610028959
852.5,0.000721097444485109
852.5833333333333,0.0008005717179559591
852.6666666666666,0.000925578829555934
852.75,0.0006558403280201021
852.8333333333333,0.00046809046087823976
852.9166666666666,0.0007451720217879791
853.0,0.0007836306945038453
853.0833333333333,0.0007974830552920086
853.1666666666666,0.0010617573524405771
853.25,0.0006218377236447357
853.3333333333333,0.0010894666816367994
853.4166666666666,0.0009686689832457184
853.5,0.0009651204357985387
853.5833333333333,0.00018747258025080189
853.6666666666666,0.0005083006209311988
853.75,0.00018851051476698568
853.8333333333333,0.00034071662560544014
853.9166666666666,0.0004920911298458293
854.0,0.0001926332756068188
854.0833333333333,0.0007731340257397693
854.1666666666666,0.00015575404984634247
854.25,0.000590365036498571
854.3333333333333,0.0005457271991142068
854.4166666666666,0.0015316724758427521
854.5,0.0021918524043090934
854.5833333333333,0.0013034461483805676
854.6666666666666,0.0008355635721309005
854.75,0.0007148339419695001
854.8333333333333,0.001461410163467978
854.9166666666666,0.0014004023179428296
855.0,0.00035654680007985183
855.0833333333333,0.0009568948200108262
855.1666666666666,0.0012773828391389394
855.25,0.000981766930601217
855.3333333333333,0.0005146888955335636
855.4166666666666,0.0003730336426206419
855.5,0.00015150733910632302
855.5833333333333,0.0002563810483875777
855.6666666666666,0.00048357218529320085
855.75,0.000748890198026081
855.8333333333333,0.0009878031007425933
855.9166666666666,0.0005474748905317984
856.0,0.00068944582301539
856.0833333333333,0.0006333508955598785
856.1666666666666,0.0005845295691543059
856.25,0.0006693101951412819
856.3333333333333,0.0005035770794465271
856.4166666666666,0.0008004736134742647
856.5,0.0012891133510041875
856.5833333333333,0.0013982763069299937
856.6666666666666,0.0006997015125182024
856.75,0.0003366108038539199
856.8333333333333,0.0006263991295577112
856.9166666666666,0.0003773320513353889
857.0,0.0008648968196284859
857.0833333333333,0.00036977316100139483
857.1666666666666,0.00040693004321146734
857.25,0.0005179972559042862
857.3333333333333,0.0010906221352815265
857.4166666666666,0.0007389449905843379
857.5,0.00038691346581990057
857.5833333333333,0.0003308371140113487
857.6666666666666,0.00041304086554209095
857.75,0.00018709544951247016
857.8333333333333,0.00036557112226077033
857.9166666666666,0.0006674275770330641
858.0,0.0005054423031005544
858.0833333333333,0.0003602263072647392
858.1666666666666,0.0004601313835789108
858.25,0.00042206847879325835
858.3333333333333,0.00032048884744531077
858.4166666666666,0.0003339749007288459
858.5,0.0008537534049453715
858.5833333333333,0.0011765012902134073
858.6666666666666,0.0009840205381729196
858.75,0.0003569840261275034
858.8333333333333,0.0003125096533628613
858.9166666666666,0.0003853166909348878
859.0,0.00043294543389441314
859.0833333333333,0.0005493499387559009
859.1666666666666,0.0008185152379286742
859.25,0.0010293515563808884
859.3333333333333,0.001064255620901402
859.4166666666666,0.000712828441984202
859.5,0.0004975748315167351
859.5833333333333,0.000524882695297806
859.6666666666666,0.0007596340747021262
859.75,0.0006194017275405895
859.8333333333333,0.0007384647505677431
859.9166666666666,0.0003387125324150697
860.0,0.0006918339826365871
860.0833333333333,0.0006545101182758094
860.1666666666666,0.00037559051275655637
860.25,0.0004138503152052041
860.3333333333333,0.00104270232611592
860.4166666666666,0.0010133128516972697
860.5,0.0005053140866894742
860.5833333333333,0.00037613391674826645
860.6666666666666,0.00015021667341042755
860.75,0.0007447055131344361
860.8333333333333,0.0010464514120845252
860.9166666666666,0.00034121981825092137
861.0,0.0007905298427319765
861.0833333333333,0.0010138447268679533
861.1666666666666,0.0008475027670438662
861.25,0.00041713206921131
861.3333333333333,0.00047875919770720113
861.4166666666666,0.00030894202276161923
861.5,0.0009554905370973483
861.5833333333333,0.0005848073500157673
861.6666666666666,0.0006039813555653345
861.75,0.0007120204235439126
861.8333333333333,0.0004652951066009568
861.9166666666666,0.0006231832204055503
862.0,0.000406293226527084
862.0833333333333,0.000532267526871451
862.1666666666666,0.0005288013600542833
862.25,0.0003897189296659135
862.3333333333333,0.0003791504653882261
862.4166666666666,0.0001739573575742849
862.5,0.00014786127757336794
862.5833333333333,0.0001473549778694192
862.6666666666666,0.00022893416046682218
862.75,0.0004730090451947418
862.8333333333333,0.0001830080701119537
862.9166666666666,0.00023051379221169472
863.0,0.0003269672501961081
863.0833333333333,0.00010220497945584763
863.1666666666666,0.00035468401779602834
863.25,0.0005622745301901687
863.3333333333333,0.0005776134832773722
863.4166666666666,0.00036538977458563785
863.5,0.0007426421279615308
863.5833333333333,0.0006629775490447392
863.6666666666666,0.0008478948696668625
863.75,0.0009501360100573212
863.8333333333333,0.0010338115409817047
863.9166666666666,0.0007360344742525407
864.0,0.00042576986474815654
864.0833333333333,0.0005628699219059358
864.1666666666666,0.0005574141978733552
864.25,0.000872717571423984
864.3333333333333,0.00048137377109044844
864.4166666666666,0.00012441563781117926
864.5,0.0002327858112611505
864.5833333333333,0.0002323461244727684
864.6666666666666,0.00017153610648685313
864.75,0.0009950408942142957
864.8333333333333,0.001607738597525498
864.9166666666666,0.0011424245248777439
865.0,0.0004509493580084667
865.0833333333333,0.00021920514601662047
865.1666666666666,0.0004489975518023794
865.25,0.0008722471655129236
865.3333333333333,0.00037011786174378434
865.4166666666666,0.000573439257052607
865.5,0.0004856967660013264
865.5833333333333,0.00038801011854118256
865.6666666666666,0.00021582329060936597
865.75,0.00029380683301361634
865.8333333333333,0.0002501594974148821
865.9166666666666,0.00028932840646844754
866.0,0.0007311957516038437
866.0833333333333,0.00016012741442932807
866.1666666666666,0.0004951095547297082
866.25,0.0007588758706600691
866.3333333333333,0.00120794957486877
866.4166666666666,0.0009153656659817272
866.5,0.00031440991718732525
866.5833333333333,0.0004611218391960778
866.6666666666666,0.0007142671861221885
866.75,0.00041508488295862405
866.8333333333333,0.00039493666947080787
866.9166666666666,0.0005470605806299553
867.0,0.0006960589351538769
867.0833333333333,0.001024774069189733
867.1666666666666,0.000617995471747287
867.25,0.0005383994806048179
867.3333333333333,0.0002650062359113084
867.4166666666666,0.0003725126841938778
867.5,0.001004488641497674
867.5833333333333,0.0006896955462066395
867.6666666666666,0.00022858345035360237
867.75,0.0005320777816600686
867.8333333333333,0.0007077773789782193
867.9166666666666,0.0010773066439147825
868.0,0.0007379884254680558
868.0833333333333,0.0008583540794583404
868.1666666666666,0.0006152678098932142
868.25,0.0005680778258202458
868.3333333333333,0.000853640641690155
868.4166666666666,0.0012457781843934006
868.5,0.0004676213390827813
868.5833333333333,0.00010766123449952894
868.6666666666666,0.00016822969031013148
868.75,0.00037669631967853184
868.8333333333333,0.00010941614571138836
868.9166666666666,0.0003350480982997482
869.0,0.00028529493735128915
869.0833333333333,0.0004992379344462683
869.1666666666666,0.0002631151948247918
869.25,0.0001876912541929695
869.3333333333333,0.00013017366033929234
869.4166666666666,0.0001997425091972058
869.5,0.0003271339544512788
869.5833333333333,0.0011145897601600825
869.6666666666666,0.00038047500121155193
869.75,0.00029091569808390393
869.8333333333333,0.00022127755218729825
869.9166666666666,0.000670443560403396
870.0,0.0011681676133101899
870.0833333333333,0.0014782669941275598
870.1666666666666,0.0004549703853322626
870.25,0.0007219949405986287
870.3333333333333,0.00044342161338453413
870.4166666666666,0.0002911134871658059
870.5,0.000394700222255386
870.5833333333333,0.00016050441856296636
870.6666666666666,0.00025983054382233527
870.75,0.0007440212686425366
870.8333333333333,0.0007075935012553255
870.9166666666666,0.000882366151787926
871.0,0.001040778461541629
871.0833333333333,0.00047590671676336145
871.1666666666666,0.0006766237200619648
871.25,0.00058678073813354
871.3333333333333,0.0004717596347508968
871.4166666666666,0.0007852254204160085
871.5,0.0007862917504451532
871.5833333333333,0.0007672207561378512
871.6666666666666,0.0005302525239506329
871.75,0.000518825152938454
871.8333333333333,0.0007139568035392823
871.9166666666666,0.001144416595077171
872.0,0.001127915292287936
872.0833333333333,0.0007027225258054165
872.1666666666666,0.0010046241076498675
872.25,0.0010435301919750337
872.3333333333333,0.0008294927987809485
872.4166666666666,0.0005534376322676043
872.5,0.00020082719985865157
872.5833333333333,0.0008004025203549598
872.6666666666666,0.001314515384581704
872.75,0.000540515885442977
872.8333333333333,0.0007358261057474832
872.9166666666666,0.00030259581740236954
873.0,0.0007348418558144836
873.0833333333333,0.00044463147318284227
873.1666666666666,0.00026510983767087773
873.25,0.0005478449293209306
873.3333333333333,0.00015494048643591082
873.4166666666666,0.00024629666731409587
873.5,0.00026240264235673975
873.5833333333333,0.0007477485178394338
873.6666666666666,0.0009642008743965389
873.75,0.00014292648269400142
873.8333333333333,0.0006596368727815419
873.9166666666666,0.0005613118781803304
874.0,0.00090049925883944
874.0833333333333,0.0010307701166318312
874.1666666666666,0.0006296181206321437
874.25,0.0003735063051587222
874.3333333333333,0.0011049286102772088
874.4166666666666,0.0009411806529753246
874.5,0.0003956183952328677
874.5833333333333,0.0009213316163438536
874.6666666666666,0.001050343633924841
874.75,0.0011360435674939546
874.8333333333333,0.0010817369835765247
874.9166666666666,0.000749590934054422
875.0,0.0005844857864016895
875.0833333333333,0.0007638851563030109
875.1666666666666,0.0005170232476672879
875.25,0.0006700819911082266
875.3333333333333,0.0008818798788619763
875.4166666666666,0.0007681892767186892
875.5,0.0004967946410433132
875.5833333333333,0.0004800603186693886
875.6666666666666,0.001255646619088582
875.75,0.0011346649388342725
875.8333333333333,0.0008452918982887865
875.9166666666666,0.0010044893731535316
876.0,0.000774735133677846
876.0833333333333,0.0005649002182081076
876.1666666666666,0.0006250853390845202
876.25,0.000980278182899371
876.3333333333333,0.0014616840947204797
876.4166666666666,0.0005452249898543319
876.5,0.0002452162831799693
876.5833333333333,0.0005804464446956767
876.6666666666666,0.0009067614867309308
876.75,0.000759629067821638
876.8333333333333,0.0010278571489213404
876.9166666666666,0.0009706280785676855
877.0,0.0007425623762667291
877.0833333333333,0.0006157300441890361
877.1666666666666,0.00046762486593657346
877.25,0.0003274596339439908
877.3333333333333,0.0004921886043808549
877.4166666666666,0.0010838022844674741
877.5,0.00104652988563768
877.5833333333333,0.000524928609247933
877.6666666666666,0.0005127816869856443
877.75,0.0006059869946953092
877.8333333333333,0.0007462373392310584
877.9166666666666,0.0012839443753268006
878.0,0.0012687453907653632
878.0833333333333,0.0007546130602121251
878.1666666666666,0.00032954642505357454
878.25,0.00018762911394013952
878.3333333333333,0.000953704614079045
878.4166666666666,0.0006764056500534849
878.5,0.0007681728301604842
878.5833333333333,0.0011203238064911147
878.6666666666666,0.0007789783525364965
878.75,0.0003757087745392997
878.8333333333333,0.00017608570831296593
878.9166666666666,0.0008959845020118957
879.0,0.0009467803047829061
879.0833333333333,0.0005203949430349129
879.1666666666666,0.0007315667560904615
879.25,0.0005980053172208198
879.3333333333333,0.00034927792577016983
879.4166666666666,0.00046784528364942496
879.5,0.0005340753115898689
879.5833333333333,0.0005172747262333186
879.6666666666666,0.0006900921536968775
879.75,0.00013611092463430366
879.8333333333333,0.0006578167346127519
879.9166666666666,0.0005577423149299963
880.0,0.00036840263573354343
880.0833333333333,0.0002529873756865163
880.1666666666666,0.0004927569796546755
880.25,0.0005990766223996137
880.3333333333333,0.000641096359159879
880.4166666666666,0.00015232914898001852
880.5,0.0005729837352228961
880.5833333333333,0.0007769167793244943
880.6666666666666,0.0005447767421981669
880.75,0.0006368566557973223
880.8333333333333,0.0007880736595503063
880.9166666666666,0.0007804784392531461
881.0,0.0003527435762158912
881.0833333333333,0.000779079120321641
881.1666666666666,0.000745978106576759
881.25,0.0005163970619402297
881.3333333333333,0.00024565878418107066
881.4166666666666,0.0004434697767563092
881.5,0.00048131456302582626
881.5833333333333,0.0007430011720299224
881.6666666666666,0.0005848444164190966
881.75,0.0006854662266525164
881.8333333333333,0.0005763148712142295
881.9166666666666,0.00038932989642311683
882.0,0.0008752943313884352
882.0833333333333,0.0006302995719930808
882.1666666666666,0.000590027699633313
882.25,0.0007112000881942281
882.3333333333333,0.0006160755134597383
882.4166666666666,0.00023050856535884062
882.5,0.00013360440092721548
882.5833333333333,0.00036712220242213905
882.6666666666666,0.00011744092317356258
882.75,0.000348138880902403
882.8333333333333,0.0011033243143580176
882.9166666666666,0.0009074598771774288
883.0,0.00032535877869943554
883.0833333333333,0.0008326445694530046
883.1666666666666,0.0007862601472593923
883.25,0.000693642639349719
883.3333333333333,0.0008851631259994102
883.4166666666666,0.0006148625485259514
883.5,0.0004423906283844143
883.5833333333333,0.0006239365632719652
883.6666666666666,0.0005952158747997825
883.75,0.0007912858744436162
883.8333333333333,0.0006220238404211787
883.9166666666666,0.00032959183353826224
884.0,0.00016670811141016482
884.0833333333333,0.0005223032751809656
884.1666666666666,0.0004782626264876044
884.25,0.00030514884888113215
884.3333333333333,0.00024171889387802857
884.4166666666666,0.0010191027505234021
884.5,0.0015576479424703655
884.5833333333333,0.0007205431780858989
884.6666666666666,0.0008139994780009501
884.75,0.0009788455745896529
884.8333333333333,0.00046335846569815905
884.9166666666666,0.00045777907713405664
885.0,0.0007730470994575798
885.0833333333333,0.0010023105337680753
885.1666666666666,0.0010867731930667497
885.25,0.0009704728025634115
885.3333333333333,0.0008762362791458712
885.4166666666666,0.0005858854751167161
885.5,0.00012861394824483137
885.5833333333333,0.0003775819581888851
885.6666666666666,0.0001971126790678649
885.75,0.0007004971512784797
885.8333333333333,0.0007704235044193018
885.9166666666666,0.0005789891140025479
886.0,0.0002528542279920208
886.0833333333333,0.000644632836569555
886.1666666666666,0.0011807974842902406
886.25,0.001381058558020083
886.3333333333333,0.0006282283300941215
886.4166666666666,0.0005763463025034364
886.5,0.0006738176245080462
886.5833333333333,0.00031800507925351825
886.6666666666666,0.0008299543927228535
886.75,0.0007177164434961431
886.8333333333333,0.0005837488874700013
886.9166666666666,0.0008005086167450101
887.0,0.0011763965627670067
887.0833333333333,0.0008871296388256543
887.1666666666666,0.0005104993683434419
887.25,0.0005853722568068672
887.3333333333333,0.0003716232853274341
887.4166666666666,0.0003538234329559555
887.5,0.00040014964373418454
887.5833333333333,0.0003767832759795411
887.6666666666666,0.0008836573964841492
887.75,0.0009107169740225674
887.8333333333333,0.0007947988136531992
887.9166666666666,0.0007939637300404666
888.0,0.0005944914176743484
888.0833333333333,0.0012040529268006696
888.1666666666666,0.0008168174330935701
888.25,0.0003903847022406146
888.3333333333333,0.0008072675147961623
888.4166666666666,0.0008194790722978888
888.5,0.0008958375113378
888.5833333333333,0.0002453918364399059
888.6666666666666,0.0009400305724366881
888.75,0.00022172824947728543
888.8333333333333,0.000522700913711324
888.9166666666666,0.0003428755306494785
889.0,0.00021065499623978365
889.0833333333333,0.000515298794295061
889.1666666666666,0.0010628032933022006
889.25,0.0006041728388116404
889.3333333333333,0.0007133729277786717
889.4166666666666,0.0008945164457777678
889.5,0.0007666422769305552
889.5833333333333,0.00095113396391621
889.6666666666666,0.0006236555126157526
889.75,0.00041331263295746383
889.8333333333333,0.0006234570107107847
889.9166666666666,0.0006544547824614579
890.0,0.00017042775849035777
890.0833333333333,6.248192840522524e-05
890.1666666666666,0.00011379783905056272
890.25,0.00031261617557828
890.3333333333333,0.0008517086216527915
890.4166666666666,0.0009586711718160906
890.5,0.0005829951143482639
890.5833333333333,0.0006843103224594243
890.6666666666666,0.00039203545018272925
890.75,0.0003349358111931123
890.8333333333333,0.0004051319081402922
890.9166666666666,0.0003785219684689803
891.0,0.000456908070764845
891.0833333333333,9.206970643250036e-05
891.1666666666666,0.0005760863259750546
891.25,0.0005815839048614441
891.3333333333333,0.00037902165458141306
891.4166666666666,0.0005309546359729155
891.5,0.0006920287283775614
891.5833333333333,0.000631954143040219
891.6666666666666,0.00040927171559272354
891.75,0.0013018269468671089
891.8333333333333,0.0011821387518858224
891.9166666666666,0.00029162748697445266
892.0,0.0006287925654917192
892.0833333333333,0.0007765278310654954
892.1666666666666,0.0005433060461666147
892.25,0.000995193591049761
892.3333333333333,0.000899457018907194
892.4166666666666,0.0002984115123829543
892.5,0.0002392598108998788
892.5833333333333,0.0001562701169625796
892.6666666666666,0.0007117469178562098
892.75,0.0012906714029874988
892.8333333333333,0.0010842440114683769
892.9166666666666,0.0007255466688796724
893.0,0.0005020751091819849
893.0833333333333,0.0004254930561111006
893.1666666666666,0.0003167540163877423
893.25,0.00029620004384924345
893.3333333333333,0.0006561664618889496
893.4166666666666,0.0015573712604748972
893.5,0.0009939804281870028
893.5833333333333,0.0006921127578507416
893.6666666666666,0.00032875362681348386
893.75,0.0003922611198063907
893.8333333333333,0.0005411508167608004
893.9166666666666,0.0008268098711074819
894.0,0.0010223667925979688
894.0833333333333,0.0006206802688356465
894.1666666666666,0.0007556661989755692
894.25,0.0012699237496406831
894.3333333333333,0.0006443440053484212
894.4166666666666,0.00039600169278736333
894.5,0.0008373748033455937
894.5833333333333,0.0013229808800246455
894.6666666666666,0.0010794085018315475
894.75,0.00037086768636392147
894.8333333333333,0.001020289973027941
894.9166666666666,0.0010585724189506908
895.0,0.001252707341532381
895.0833333333333,0.0011596239800341402
895.1666666666666,0.0010800595663556414
895.25,0.0004923577325077525
895.3333333333333,0.0004286348186749016
895.4166666666666,0.0005502184373595587
895.5,0.0004924943086350062
895.5833333333333,0.0009440569036987713
895.6666666666666,0.0007069886114623381
895.75,0.0005944602137201503
895.8333333333333,0.0008653502249695075
895.9166666666666,0.0006625660485971638
896.0,0.0006753390696486808
896.0833333333333,0.0006875790974912317
896.1666666666666,0.0005204627655079618
896.25,0.000728324219439446
896.3333333333333,0.0008730397174629942
896.4166666666666,0.0010146671520244329
896.5,0.0005676084615485636
896.5833333333333,0.0002800844616258387
896.6666666666666,0.0006897222470246109
896.75,0.0007516178495072508
896.8333333333333,0.000262497812005951
896.9166666666666,0.0010151201238417218
897.0,0.0010773294074471252
897.0833333333333,0.000545494567094063
897.1666666666666,0.0005700369492492921
897.25,0.00035654632669116225
897.3333333333333,0.00044359200108791766
897.4166666666666,0.000801496628997658
897.5,0.0010034502400835766
897.5833333333333,0.000566271300983661
897.6666666666666,0.0004193662348365458
897.75,0.0006191475974909508
897.8333333333333,0.000971391477444752
897.9166666666666,0.0008259110742606759
898.0,0.00023258320653470703
898.0833333333333,0.0003679778557030919
898.1666666666666,0.0009876469027474165
898.25,0.00116500327061608
898.3333333333333,0.0014631623243364631
898.4166666666666,0.0015988092050449342
898.5,0.0007790011333938814
898.5833333333333,0.0006828661430981074
898.6666666666666,0.0006599987390080048
898.75,0.00020103891928731764
898.8333333333333,0.0009035074525503856
898.9166666666666,0.0012792732238731638
899.0,0.0009885400629307476
899.0833333333333,0.0006955519803453297
899.1666666666666,0.0004576357615002547
899.25,0.0003011468234663624
899.3333333333333,0.00044955923091712227
899.4166666666666,0.0006662457054426985
899.5,0.00044905583565739405
899.5833333333333,0.001140244607240388
899.6666666666666,0.0006845333593850746
899.75,0.0008184811174344311
899.8333333333333,0.0008599445887029083
899.9166666666666,0.0007124336146129422
900.0,0.0002944308490962875
900.0833333333333,0.00048469090029179855
900.1666666666666,0.0004193391457777821
900.25,0.00031321883912210555
900.3333333333333,0.0006488109396371499
900.4166666666666,0.0004956166600564347
900.5,0.0005287608863881127
900.5833333333333,0.0009848485855752113
900.6666666666666,0.0007611139294974419
900.75,0.0004266614740665321
900.8333333333333,0.000753731500998354
900.9166666666666,0.00019818577360664665
901.0,0.000558643468731386
901.0833333333333,0.0012829691179422756
901.1666666666666,0.0011538110940800153
901.25,0.0013299386894242227
901.3333333333333,0.0012706040044399836
901.4166666666666,0.00018152765883624114
901.5,0.0008701716056583868
901.5833333333333,0.0008984536905286831
901.6666666666666,0.0009177830156872119
901.75,0.0005084686063331202
901.8333333333333,0.0011412703163578542
901.9166666666666,0.0006841431997724087
902.0,0.000672479791195907
902.0833333333333,0.0004524697744055267
902.1666666666666,0.0003886758508837273
902.25,0.0002734981161092109
902.3333333333333,0.0004157351934903886
902.4166666666666,0.0010772235828176437
902.5,0.0008025625901015224
902.5833333333333,0.0003566659788388221
902.6666666666666,6.136579563566582e-05
902.75,0.00027975693132130337
902.8333333333333,0.0005452414803361168
902.9166666666666,0.0008676351101279043
903.0,0.0008189312137281342
903.0833333333333,0.0005986372447193162
903.1666666666666,0.0005036904537154666
903.25,0.0006902014481272341
903.3333333333333,0.0013252843977236003
903.4166666666666,0.0010340530166256354
903.5,0.0003185411657333574
903.5833333333333,0.0002156465933919955
903.6666666666666,0.00020738251549400378
903.75,0.0003290185199292443
903.8333333333333,0.0007430509387328586
903.9166666666666,0.0009351399648050702
904.0,0.0005209722078957504
904.0833333333333,0.000910661592284111
904.1666666666666,0.0011386904787449106
904.25,0.0012220563636123013
904.3333333333333,0.001292603708555089
904.4166666666666,0.0009457629423747375
904.5,0.0005506845921077566
904.5833333333333,0.0008622798154392912
904.6666666666666,0.0013904162454330218
904.75,0.0010688138161064145
904.8333333333333,4.559970825344251e-05
904.9166666666666,0.0005939424474294119
905.0,0.0010504842462622796
905.0833333333333,0.00046515454417302485
905.1666666666666,0.0005229105388097701
905.25,0.0005648227179434473
905.3333333333333,0.0003176696868282887
905.4166666666666,0.00038165297966737095
905.5,0.00033787435040834557
905.5833333333333,0.0010690425213231288
905.6666666666666,0.0011523795472117252
905.75,0.0008776377753410798
905.8333333333333,0.0005701500342856812
905.9166666666666,0.0009261339732611943
906.0,0.0010301854043238809
906.0833333333333,0.0009143589552671631
906.1666666666666,0.0011116239941791224
906.25,0.0006269663887928597
906.3333333333333,0.0006466138685929221
906.4166666666666,0.0005472463810376226
906.5,0.00032394849513107477
906.5833333333333,0.0009169300846709975
906.6666666666666,0.000566913916533042
906.75,0.0002768125061775728
906.8333333333333,0.001095237615260479
906.9166666666666,0.001469222540522391
907.0,0.0002922606414936243
907.0833333333333,0.001250640557679959
907.1666666666666,0.0011507717993478575
907.25,0.0003935988559882716
907.3333333333333,0.0008950392605259397
907.4166666666666,0.0006394524854967074
907.5,0.0002987161183710726
907.5833333333333,0.0007378782462188972
907.6666666666666,0.0006532117083196593
907.75,0.000777703551235342
907.8333333333333,0.0010143030445256714
907.9166666666666,0.0010882953235013208
908.0,0.0008182981575327193
908.0833333333333,0.0009162974101794397
908.1666666666666,0.0010583241707740874
908.25,0.0009088936859737341
908.3333333333333,0.0008168965281172227
908.4166666666666,0.00035502844108194025
908.5,0.0008550843000397816
908.5833333333333,0.0007299761232026836
908.6666666666666,1.7145039545001662e-05
908.75,0.0002503921728784883
908.8333333333333,0.0009077710699344645
908.9166666666666,0.00072380431583128
909.0,0.0005306298391999213
909.0833333333333,0.00044401855386421997
909.1666666666666,0.0007615558302524434
909.25,0.0009407621186062366
909.3333333333333,0.00044551583972191815
909.4166666666666,0.000911223735172384
909.5,0.0007481404347409155
909.5833333333333,0.0005491433080816628
909.6666666666666,0.0001881824634047829
909.75,0.0010691067679845841
909.8333333333333,0.0014215010288297725
909.9166666666666,0.0006552326151022577
910.0,0.00038447937217119866
910.0833333333333,0.0008225115258193342
910.1666666666666,0.0010149414457516419
910.25,0.001272441676933891
910.3333333333333,0.0006262942318371726
910.4166666666666,0.0003882519163817563
910.5,0.0009972482046684244
910.5833333333333,0.0016157411629838417
910.6666666666666,0.000981767565694029
910.75,0.0003464375229848395
910.8333333333333,0.00029968389106078627
910.9166666666666,0.0004928172484700832
911.0,0.0005647852205473918
911.0833333333333,0.0006616259692472935
911.1666666666666,0.0006171691941166805
911.25,0.000414455271191402
911.3333333333333,0.0007001211732517222
911.4166666666666,0.0006994015105504694
911.5,0.0004722155190738971
911.5833333333333,0.0006186791323042485
911.6666666666666,0.000735674465034365
911.75,0.001034728441305105
911.8333333333333,0.0007400388676017086
911.9166666666666,0.0001549781874154314
912.0,0.00053731733533653
912.0833333333333,0.0008995869859160018
912.1666666666666,0.001293355844925618
912.25,0.000910984171369976
912.3333333333333,0.0003425515461925649
912.4166666666666,0.0007594721805654667
912.5,0.0008894390508451997
912.5833333333333,0.0008351625814122628
912.6666666666666,0.0009353475481674027
912.75,0.0002441564967382327
912.8333333333333,0.0007278361923082012
912.9166666666666,0.0002152308360399111
913.0,0.0005200205325860212
913.0833333333333,0.00014988055372272492
913.1666666666666,0.0004290060088157521
913.25,0.0015783926719741008
913.3333333333333,0.0017622588690052255
913.4166666666666,0.0009190361193324531
913.5,5.363721616373939e-05
913.5833333333333,0.0008425203792592065
913.6666666666666,0.0014791451481428748
913.75,0.0005872167170011231
913.8333333333333,0.0013166022872703454
913.9166666666666,0.001193768262047035
914.0,0.0008726955471091257
914.0833333333333,0.0007099129149308581
914.1666666666666,0.0010002623028156827
914.25,0.0012400839149210637
914.3333333333333,0.0008784253205670252
914.4166666666666,0.0006120376201639544
914.5,0.0015153638879922193
914.5833333333333,0.0014629051534158601
914.6666666666666,0.00041082224000365327
914.75,0.00017379670217877404
914.8333333333333,0.0003316189405869106
914.9166666666666,8.784150127986214e-05
915.0,9.784728669747788e-05
915.0833333333333,0.00018650312002818192
915.1666666666666,0.0004144207525461904
915.25,0.0003180317087144149
915.3333333333333,0.00028562245287585967
915.4166666666666,0.00023174761005222095
915.5,0.0008016167553022143
915.5833333333333,0.0006288215500025853
915.6666666666666,0.0003797891089909641
915.75,0.00044528118669917815
915.8333333333333,0.00010314108527516857
915.9166666666666,0.0006866867475253165
916.0,0.0008547795131319353
916.0833333333333,0.000310185287622856
916.1666666666666,0.0005017130639209907
916.25,0.0004761330359698075
916.3333333333333,0.00045173378269722757
916.4166666666666,0.0005943501386588714
916.5,0.0007859893659048255
916.5833333333333,0.0009857320770122492
916.6666666666666,0.0008868122836377485
916.75,0.0005266087903656405
916.8333333333333,0.0001967774388074051
916.9166666666666,0.0006917357801543007
917.0,0.0008566166502751005
917.0833333333333,0.0008945963008707313
917.1666666666666,0.00028575583181516406
917.25,0.0007613897458529062
917.3333333333333,0.000954621942674966
917.4166666666666,0.00038335994857520753
917.5,0.00043746475072939205
917.5833333333333,0.000896401510216088
917.6666666666666,0.000836388176949964
917.75,0.0007411580956942189
917.8333333333333,0.0004151480700229128
917.9166666666666,0.00036771644003124796
918.0,0.0002969146153789119
918.0833333333333,0.0005963000200196336
918.1666666666666,0.0009997707913688993
918.25,0.00043857343497261017
918.3333333333333,0.0005105131396896958
918.4166666666666,0.0005918698917360639
918.5,0.0001146461263627625
918.5833333333333,0.0004858199092984536
918.6666666666666,0.0003240439717294381
918.75,0.0005636894519879089
918.8333333333333,0.000929698511785862
918.9166666666666,0.0012732217723398528
919.0,0.0011420188458446691
919.0833333333333,0.0006083771262964474
919.1666666666666,0.00035936512770168934
919.25,0.0005039755014359571
919.3333333333333,0.00040378346029478634
919.4166666666666,0.0010838155223572008
919.5,0.0013294156702272893
919.5833333333333,0.0010537840094778624
919.6666666666666,0.0009174968468641276
919.75,0.0006853160996029597
919.8333333333333,0.00032542419032440564
919.9166666666666,0.0010209512477514504
920.0,0.00047460758911142164
920.0833333333333,0.0006591959636864582
920.1666666666666,0.000379953545683433
920.25,0.0003609720912220704
920.3333333333333,0.0005277731818165156
920.4166666666666,0.00027611291009277416
920.5,0.0005856817215074949
920.5833333333333,0.0006997081053838201
920.6666666666666,0.0002822078666030923
920.75,0.00012942828393791038
920.8333333333333,0.0006796931009349468
920.9166666666666,0.0010238512972993458
921.0,0.0009897564564961426
921.0833333333333,0.0008309363649253774
921.1666666666666,0.00026694235290357804
921.25,0.00018567818999214172
921.3333333333333,0.0004265690009631338
921.4166666666666,0.00046217091019368613
921.5,0.00043242876039939585
921.5833333333333,0.0005477411554442426
921.6666666666666,0.0006578466055714929
921.75,0.00045039829731532727
921.8333333333333,0.00013435306840067828
921.9166666666666,0.00045510938051726823
922.0,0.00023807987431866858
922.0833333333333,0.00012595709950077923
922.1666666666666,0.00020599770029957842
922.25,0.0007991691098476729
922.3333333333333,0.0010494014945847242
922.4166666666666,0.000526375993542021
922.5,0.0005516331198087201
922.5833333333333,0.0009030386790872266
922.6666666666666,0.0008889274325475666
922.75,0.000509877660196646
922.8333333333333,0.0007591020578041937
922.9166666666666,0.0007042657203710956
923.0,0.0003701909160661212
923.0833333333333,0.0007632732831866408
923.1666666666666,0.0008174476900451593
923.25,0.0002815936745661453
923.3333333333333,0.0004849767503213576
923.4166666666666,0.0009500058499673858
923.5,0.00027057968018548016
923.5833333333333,0.0009821660756250865
923.6666666666666,0.0010435911977981491
923.75,0.0006266726593578253
923.8333333333333,0.0005233903435033149
923.9166666666666,0.0009313533198083259
924.0,0.0009273162258915419
924.0833333333333,0.00040271329104323613
924.1666666666666,0.0004511185622897806
924.25,0.0005487950754535703
924.3333333333333,0.000708821355820573
924.4166666666666,0.0013792275113171213
924.5,0.0010329230683760414
924.5833333333333,0.0006655646866393361
924.6666666666666,0.0007146948168406433
924.75,0.0006575743867261244
924.8333333333333,0.0006490282708353062
924.9166666666666,0.0009709357635894937
925.0,0.000822683159215522
925.0833333333333,0.0002654063188641571
925.1666666666666,0.00047015108468381967
925.25,0.0012611057760411046
925.3333333333333,0.0015333625533610915
925.4166666666666,0.0010226832026734084
925.5,0.0010584803197388373
925.5833333333333,0.0012162842507974544
925.6666666666666,0.0005264478922933659
925.75,0.0005903485140238428
925.8333333333333,0.0006208607799516527
925.9166666666666,0.0005885013748311703
926.0,0.0010409522512645453
926.0833333333333,0.0008968048959858924
926.1666666666666,0.00033794953460644883
926.25,0.0004922782062296658
926.3333333333333,0.0003588670608655346
926.4166666666666,0.0008680289282248533
926.5,0.0004394549020430949
926.5833333333333,0.0002994121739479866
926.6666666666666,0.0003759337365967022
926.75,0.0002595379970013566
926.8333333333333,0.00024415100585903484
926.9166666666666,0.0004327702732215727
927.0,0.0005552936663216523
927.0833333333333,0.0007449401986745989
927.1666666666666,0.0006438486502435573
927.25,0.0003718400199724819
927.3333333333333,0.0003836451588763079
927.4166666666666,0.0006312678113661494
927.5,0.0011839131733291507
927.5833333333333,0.0010741335061031163
927.6666666666666,0.0006644561768064096
927.75,3.7373671778398306e-05
927.8333333333333,0.00034032078365033486
927.9166666666666,0.0004461539290966323
928.0,0.00091031047384269
928.0833333333333,0.001699362394953783
928.1666666666666,0.0017641099669809977
928.25,0.0010544091049016673
928.3333333333333,0.0006219642657504852
928.4166666666666,0.0008884523045562923
928.5,0.0004472520320652968
928.5833333333333,0.0008286882088466264
928.6666666666666,0.0011483895545327516
928.75,0.0008616101330818812
928.8333333333333,0.0005035836990557181
928.9166666666666,0.0005166720167602258
929.0,0.0006391775977749829
929.0833333333333,0.00013531515418613714
929.1666666666666,0.000493871247932203
929.25,0.000278478679448921
929.3333333333333,0.0005180828416030355
929.4166666666666,0.0008763832599886143
929.5,0.0007521844280966813
929.5833333333333,0.0004184571015666846
929.6666666666666,0.0005512715024368127
929.75,0.0004630290419629814
929.8333333333333,0.00045437591699998265
929.9166666666666,0.0005729185934398619
930.0,0.001127779520493908
930.0833333333333,0.0006173673318759016
930.1666666666666,0.0006827421922840323
930.25,0.000639420058208466
930.3333333333333,0.00031162667319246766
930.4166666666666,0.0002672278975929288
930.5,0.0004171784219031219
930.5833333333333,0.00024392253015750978
930.6666666666666,0.0004898268718483033
930.75,0.0005201233225994847
930.8333333333333,0.00025302414869317287
930.9166666666666,0.000388784450267989
931.0,0.0006178579575625951
931.0833333333333,0.00026686789727263565
931.1666666666666,0.0009147650962905847
931.25,0.00043071392742908155
931.3333333333333,0.0006675606960663287
931.4166666666666,0.0009691009504305111
931.5,0.0006129132547963313
931.5833333333333,0.0006828841246951702
931.6666666666666,0.0010016344554289122
931.75,0.0008454771775582818
931.8333333333333,0.0006237268777144699
931.9166666666666,0.0004521003493655845
932.0,0.0005109336392610317
932.0833333333333,0.0003075252820667685
932.1666666666666,0.0001135900906350198
932.25,0.00013226144483679557
932.3333333333333,0.0007068309006709727
932.4166666666666,0.0010189085837779503
932.5,0.0006514167393156636
932.5833333333333,0.0008669754169184267
932.6666666666666,0.0002111670371641332
932.75,0.0008368735411135072
932.8333333333333,0.0006203256667060094
932.9166666666666,0.0011244828030976249
933.0,0.0009968061919545682
933.0833333333333,0.0010406622630093477
933.1666666666666,0.0005547108105259242
933.25,0.00014819343680731885
933.3333333333333,0.00036512630476626866
933.4166666666666,0.0005862021125874018
933.5,0.0007795602593414807
933.5833333333333,0.00037730973687580374
933.6666666666666,0.0004686888334961319
933.75,0.00082239715556138
933.8333333333333,0.0010763551619167595
933.9166666666666,0.0010923486183468088
934.0,0.0007828693685500676
934.0833333333333,0.0006576864549119611
934.1666666666666,0.0008236517481813186
934.25,0.0007629344160786161
934.3333333333333,0.00044598057861378076
934.4166666666666,0.0012762459933465021
934.5,0.0014210960543165638
934.5833333333333,0.0015623159673504112
934.6666666666666,0.0010444123331735233
934.75,0.00035224983921115067
934.8333333333333,0.0011012023639404393
934.9166666666666,0.0009458086595544647
935.0,0.0006436102439348907
935.0833333333333,0.0007921900823025328
935.1666666666666,0.000437793236594148
935.25,0.0012313703415232327
935.3333333333333,0.0006309099164917212
935.4166666666666,0.0006530156038181312
935.5,0.0007973594175643483
935.5833333333333,0.0012756551232628258
935.6666666666666,0.0006433601857215987
935.75,0.00038606804770186426
935.8333333333333,0.0009244897584345584
935.9166666666666,0.0016986991191379058
936.0,0.0017669038810959937
936.0833333333333,0.001063599009213125
936.1666666666666,0.0003376699646478194
936.25,0.0003196934203178043
936.3333333333333,0.0005270156681752135
936.4166666666666,0.00017842295543547994
936.5,0.00025417687716614517
936.5833333333333,0.000597053020229832
936.6666666666666,0.00015104125499527983
936.75,0.000565771988968802
936.8333333333333,0.001067190507702159
936.9166666666666,0.0008281073636070038
937.0,0.001187450623291118
937.0833333333333,0.0007199734089196129
937.1666666666666,0.00046558990038408834
937.25,0.000285003200759835
937.3333333333333,0.00025170092298216085
937.4166666666666,0.0002662451575131856
937.5,0.0004938358569834667
937.5833333333333,0.0006847579884780139
937.6666666666666,0.00041244981232502323
937.75,0.0005484691710440136
937.8333333333333,0.0003478133588639159
937.9166666666666,0.0007609204525356368
938.0,0.00044531532779565276
938.0833333333333,0.0003292754590918208
938.1666666666666,0.0009372267478683177
938.25,0.0012814278287206532
938.3333333333333,0.001225364416339937
938.4166666666666,0.0005471258152677709
938.5,0.0009130692899200426
938.5833333333333,0.0008123794773426256
938.6666666666666,0.0002826295737650868
938.75,0.00041589316476079477
938.8333333333333,0.0002628245002749304
938.9166666666666,0.000506745942214505
939.0,0.0007020723524079951
939.0833333333333,0.0005267028191941716
939.1666666666666,0.00033633408384072417
939.25,0.0006226459378648471
939.3333333333333,0.0005354281803578135
939.4166666666666,0.0004924161353591753
939.5,0.00028139114485634293
939.5833333333333,0.0013846066388269536
939.6666666666666,0.0019700079253974533
939.75,0.0016865277012506892
939.8333333333333,0.0010851942136318072
939.9166666666666,0.001582969240783642
940.0,0.0017182976557522578
940.0833333333333,0.0009875489461705833
940.1666666666666,0.0007474639941221222
940.25,0.000946065676309907
940.3333333333333,0.0005935980395819199
940.4166666666666,0.0007971330624640843
940.5,0.001301581229891383
940.5833333333333,0.0009678116822132748
940.6666666666666,0.00037243745293854923
940.75,0.000762897535622912
940.8333333333333,0.0007729872403803031
940.9166666666666,0.0005638600898383035
941.0,0.0008935665795341069
941.0833333333333,0.001137486453195035
941.1666666666666,0.0004332021456414676
941.25,0.0008823036317773984
941.3333333333333,0.0013844367191276604
941.4166666666666,0.0014198457551245674
941.5,0.001015536766093052
941.5833333333333,0.0005172694923838
941.6666666666666,8.225333701184782e-05
941.75,0.0005865869095247833
941.8333333333333,0.0009386066534240442
941.9166666666666,0.0009407174926705762
942.0,0.0003704760315946739
942.0833333333333,0.00016503329294315953
942.1666666666666,0.0003300607066535433
942.25,0.00042674111446665676
942.3333333333333,0.00021927460807099884
942.4166666666666,0.0006515603069676237
942.5,0.00045149187009305353
942.5833333333333,0.0001404852889130758
942.6666666666666,0.00025915053416401037
942.75,0.0004000386444025938
942.8333333333333,0.0005944826226207971
942.9166666666666,0.0009179105242917857
943.0,0.0011860557539976385
943.0833333333333,0.0011277014999055413
943.1666666666666,0.000809282702854037
943.25,7.553375264326794e-05
943.3333333333333,0.0005552945242655311
943.4166666666666,0.0003916360418524525
943.5,0.00038695972535149814
943.5833333333333,0.0006535283693403119
943.6666666666666,0.0009048094037002405
943.75,0.00135364500436537
943.8333333333333,0.0008851400705190461
943.9166666666666,0.00017459144498268572
944.0,0.000521801125086524
944.0833333333333,0.0003034182279482613
944.1666666666666,0.00035025064322902156
944.25,0.0006829836083276325
944.3333333333333,0.0005300328104020716
944.4166666666666,0.00040032295184142387
944.5,0.0008668702794602898
944.5833333333333,0.0008291156666649234
944.6666666666666,0.0006670000746816254
944.75,0.0007598034678056803
944.8333333333333,0.000697217094155265
944.9166666666666,0.0007015835434759595
945.0,0.0008378458464579386
945.0833333333333,0.0013687429638490577
945.1666666666666,0.0009546212688016217
945.25,0.00011752569814718123
945.3333333333333,0.0004592967271654672
945.4166666666666,0.0004272212121177634
945.5,0.00037675572413404043
945.5833333333333,0.0002620524574475479
945.6666666666666,0.00039212767929498244
945.75,0.0008176903812991279
945.8333333333333,0.0007051782702555206
945.9166666666666,0.00020809464622587834
946.0,0.0008397364684806088
946.0833333333333,0.0011033531071874673
946.1666666666666,0.00031591568976966673
946.25,0.000544377302712678
946.3333333333333,0.0009306714374213461
946.4166666666666,0.0002324021935074761
946.5,0.0005863170396672815
946.5833333333333,0.0004360443168111151
946.6666666666666,0.0008357508155120896
946.75,0.00017206549099852276
946.8333333333333,0.0005269959794231767
946.9166666666666,0.0011056902828792635
947.0,0.0010457375375638323
947.0833333333333,0.000651216918164445
947.1666666666666,0.0004695063790366843
947.25,0.00039792061624564085
947.3333333333333,0.0004843727576551926
947.4166666666666,0.0005593039102024115
947.5,0.00010964632394036805
947.5833333333333,0.000606528784876076
947.6666666666666,0.0003975562721312705
947.75,0.0005360247000189818
947.8333333333333,0.0007972816453209207
947.9166666666666,0.0005287443616017501
948.0,0.0004372817401088976
948.0833333333333,0.00016155033573346482
948.1666666666666,0.0007342116954927095
948.25,0.0003758168096649212
948.3333333333333,0.0001528515202260058
948.4166666666666,0.0003622092436670663
948.5,0.0006037463291894588
948.5833333333333,0.00040321175754269855
948.6666666666666,0.000878134987154817
948.75,0.0008606987449092576
948.8333333333333,0.0008049459205172813
948.9166666666666,0.001075337682198299
949.0,0.0009408139440646382
949.0833333333333,0.0006210523841616469
949.1666666666666,0.0002376255037896164
949.25,0.000561938097743046
949.3333333333333,0.0011543363768570683
949.4166666666666,0.00123653630871141
949.5,0.0012752954879988196
949.5833333333333,0.0011183602350113143
949.6666666666666,0.0004017812152539074
949.75,0.0009337739285095911
949.8333333333333,0.0011271037024975245
949.9166666666666,0.00016703908485547522
950.0,0.0007256858897534222
950.0833333333333,0.0004095805469445144
950.1666666666666,0.0002544789697537306
950.25,0.00016159772571544645
950.3333333333333,0.00011912531451059504
950.4166666666666,0.0008724680744588831
950.5,0.0010599239989367798
950.5833333333333,0.0004992985556260024
950.6666666666666,0.000515113873186753
950.75,0.0006322513239337429
950.8333333333333,0.0004585805492569203
950.9166666666666,0.0004554052455407424
951.0,0.00024285107351898927
951.0833333333333,0.00047108585748102937
951.1666666666666,0.00047836417561778865
951.25,0.00010660132089228687
951.3333333333333,0.0007428992207826298
951.4166666666666,0.0004517742411910692
951.5,0.0009076293586777717
951.5833333333333,0.001226341232460626
951.6666666666666,0.000912680007468399
951.75,0.00012886830941138543
951.8333333333333,0.0004557092980564046
951.9166666666666,0.0003184462817377733
952.0,0.0005800189009495004
952.0833333333333,0.0006212075817524419
952.1666666666666,0.001203915840167238
952.25,0.001069026496779026
952.3333333333333,0.0007457781153334997
952.4166666666666,0.00041964369436302545
952.5,0.0004425645886234449
952.5833333333333,0.0006891042837156423
952.6666666666666,0.0005120798707007934
952.75,0.0006206359377069686
952.8333333333333,0.0006449936306128899
952.9166666666666,0.0004666317583928237
953.0,0.00036994876126758287
953.0833333333333,0.0008148149344401464
953.1666666666666,0.0009624332903593179
953.25,0.0008152886581015447
953.3333333333333,0.0006714394521679335
953.4166666666666,0.0008313158466703216
953.5,0.0011004484528264107
953.5833333333333,0.0013696699722993947
953.6666666666666,0.0008672911786522251
953.75,0.0005055515537978836
953.8333333333333,0.0006997233877292358
953.9166666666666,0.00020587775237905208
954.0,0.0005247019536431405
954.0833333333333,0.0006299032365729183
954.1666666666666,0.0005514061556866595
954.25,0.00048271476004669943
954.3333333333333,0.00041874131078590334
954.4166666666666,0.0007856576543309791
954.5,0.0005208821810836471
954.5833333333333,0.000765420587695526
954.6666666666666,0.0012725240802747967
954.75,0.0011510375811112038
954.8333333333333,0.000200674367197695
954.9166666666666,0.0004794495352053012
955.0,0.0008735353171942563
955.0833333333333,0.00044598553606153265
955.1666666666666,0.0001896076662704984
955.25,0.0008204932031410582
955.3333333333333,0.0010348404300755914
955.4166666666666,0.0004984281103524948
955.5,0.0001469675642557505
955.5833333333333,0.00017486301224229023
955.6666666666666,0.0002464473994542713
955.75,0.00016729770774281678
955.8333333333333,0.00013494690006796378
955.9166666666666,0.0002717471245453704
956.0,0.0006589861542332723
956.0833333333333,0.0009886718788980188
956.1666666666666,0.0007823989626485473
956.25,0.0011582685519681093
956.3333333333333,0.0005861031607373588
956.4166666666666,0.0006913472365060117
956.5,0.001078852892119427
956.5833333333333,0.0008892487061042166
956.6666666666666,0.0003710513558070931
956.75,0.0009509984014959598
956.8333333333333,0.0006374625760185604
956.9166666666666,0.0005530233846715693
957.0,0.0005009076943182475
957.0833333333333,0.0007401756456206911
957.1666666666666,0.0007668679342941661
957.25,0.0006692717360131473
957.3333333333333,0.001058546721585662
957.4166666666666,0.0010037055722689223
957.5,0.0002972737047638447
957.5833333333333,0.0002793450405069385
957.6666666666666,0.0006981459846795128
957.75,0.0005787828343388905
957.8333333333333,0.00038817184795760364
957.9166666666666,0.00016760330019224132
958.0,0.0002637725090118974
958.0833333333333,0.0005500275581829485
958.1666666666666,0.0004858020311612771
958.25,0.0005264004732534011
958.3333333333333,0.000413588826441973
958.4166666666666,0.00015716788282993852
958.5,0.0005951301161971515
958.5833333333333,0.0007101902558628563
958.6666666666666,0.0001184129219229266
958.75,0.0002943217822287483
958.8333333333333,0.00010248366980828451
958.9166666666666,0.0004523663287758285
959.0,0.0004222371367002896
959.0833333333333,0.0004196603667017217
959.1666666666666,0.0004386633068264098
959.25,0.0004049000676089605
959.3333333333333,0.0006632236066444135
959.4166666666666,0.0003719816816319738
959.5,0.0005003904023828003
959.5833333333333,0.0007077689467794033
959.6666666666666,0.00033131832911180323
959.75,0.0005670346640041082
959.8333333333333,0.00042383825335694974
959.9166666666666,0.0003303681923437934
960.0,0.0005638605638461815
960.0833333333333,0.0007456483395043922
960.1666666666666,0.0011646426235637365
960.25,0.0010618173585717203
960.3333333333333,0.00038221269936270424
960.4166666666666,0.00044800032014943706
960.5,0.0005428959697707488
960.5833333333333,0.0005474679922296156
960.6666666666666,0.00047355235016783686
960.75,0.0006288818044691977
960.8333333333333,0.00048104534049442946
960.9166666666666,0.0007200621164659194
961.0,0.00036046915210469265
961.0833333333333,0.0005028478517914979
961.1666666666666,0.000583459396341236
961.25,0.0005888700695786126
961.3333333333333,0.0008886140266925478
961.4166666666666,0.00039858070668197227
961.5,0.0008399893491765767
961.5833333333333,0.001892272369603932
961.6666666666666,0.001791027320571355
961.75,0.0011045481441509456
961.8333333333333,0.0008170581036572182
961.9166666666666,0.0004180344687705972
962.0,0.00042901699015441316
962.0833333333333,0.00040519551803321784
962.1666666666666,0.0005612975911679357
962.25,0.0005522431245149328
962.3333333333333,0.000283761459884127
962.4166666666666,0.00041393175544924486
962.5,0.00034595161081662443
962.5833333333333,0.0007073548910241763
962.6666666666666,0.00011827822144177579
962.75,7.841840838387559e-05
962.8333333333333,0.000220300722905818
962.9166666666666,0.00034206155964702745
963.0,0.0004016708459615177
963.0833333333333,0.0006621372706940117
963.1666666666666,0.0009575986567480732
963.25,0.0010733727749242454
963.3333333333333,0.0012074858231059336
963.4166666666666,0.0012229181521193793
963.5,0.0008911796935647866
963.5833333333333,0.0012304748146673883
963.6666666666666,0.00019827720900661514
963.75,0.0004762722589794685
963.8333333333333,0.0005218369745578166
963.9166666666666,0.0007386781151817312
964.0,0.00036718846128722105
964.0833333333333,0.0006804388149737211
964.1666666666666,0.0004908812575559119
964.25,0.00038881427787714953
964.3333333333333,0.00040713012690204124
964.4166666666666,0.0007033779980655902
964.5,0.00037164585847269737
964.5833333333333,0.0005218570356102522
964.6666666666666,0.0004828399091072839
964.75,0.00021461470921201666
964.8333333333333,0.0004253348359055677
964.9166666666666,0.0007013096567366004
965.0,0.0002278038307781314
965.0833333333333,0.00011464500616903822
965.1666666666666,0.0002792444970196413
965.25,0.0002101044963812319
965.3333333333333,0.0007034211629047915
965.4166666666666,0.0008681459413065797
965.5,0.0008311449565782495
965.5833333333333,0.0003601763620201865
965.6666666666666,0.0010997149947305773
965.75,0.000984621483876797
965.8333333333333,0.00048431122192240934
965.9166666666666,0.0005990598372082088
966.0,0.0005438621247784565
966.0833333333333,8.768552103771562e-05
966.1666666666666,0.00048516820974633593
966.25,0.00045710717815973523
966.3333333333333,6.213819650398459e-05
966.4166666666666,0.0007901988234755665
966.5,0.0011719148071598737
966.5833333333333,0.0005113480041760829
966.6666666666666,0.0006801655436634953
966.75,0.000809442948639963
966.8333333333333,0.0009246084296067803
966.9166666666666,0.0009817965860626455
967.0,0.0005452850599639476
967.0833333333333,0.0005863826152745979
967.1666666666666,0.0005813049176420307
967.25,0.0003659815689398512
967.3333333333333,0.0004986651921629784
967.4166666666666,0.0005571153072098356
967.5,0.00019148627074901562
967.5833333333333,0.0005605668837507172
967.6666666666666,0.0009122207837449166
967.75,0.00044324352896028075
967.8333333333333,0.0010456781632090237
967.9166666666666,0.0006283374393282888
968.0,0.00025267280269865105
968.0833333333333,0.00028855097213970206
968.1666666666666,0.0005771436619566822
968.25,0.0006766433280159843
968.3333333333333,0.0003373153008178198
968.4166666666666,0.0004889058907362896
968.5,0.0002642411995446892
968.5833333333333,0.0005945824809909134
968.6666666666666,0.000534457805853622
968.75,0.0003599086528983787
968.8333333333333,0.0005116062720598443
968.9166666666666,0.0005501365851599284
969.0,0.0007127932802524299
969.0833333333333,0.0004159549661317613
969.1666666666666,0.0003523178781640063
969.25,0.00039359231751156994
969.3333333333333,0.000894330154485677
969.4166666666666,0.0005100288137676468
969.5,0.00011218840349726505
969.5833333333333,0.0003346804037634797
969.6666666666666,0.0002801301396725365
969.75,0.0005406476761926182
969.8333333333333,0.0011074401319457142
969.9166666666666,0.0010925449572261547
970.0,0.0007215500142035359
970.0833333333333,0.0006097408919851522
970.1666666666666,0.0005500970097927987
970.25,0.0006042556144214393
970.3333333333333,0.0006387641447006662
970.4166666666666,0.000821718223536127
970.5,0.0012922548025711162
970.5833333333333,0.0005732415864827521
970.6666666666666,0.000717606620392766
970.75,0.0004223709871564686
970.8333333333333,0.0006756274321407744
970.9166666666666,0.0012443741206656425
971.0,0.0006926096329531167
971.0833333333333,0.00043890937980579995
971.1666666666666,0.0002723361744324327
971.25,0.00044707663429465226
971.3333333333333,0.00018691621034519235
971.4166666666666,0.00015450659497379484
971.5,0.00015444496129246165
971.5833333333333,0.0002475869060929952
971.6666666666666,0.0004872174029338921
971.75,0.0009605041408917495
971.8333333333333,0.0011054018885854734
971.9166666666666,0.0012273233035024046
972.0,0.0011305196986256824
972.0833333333333,0.0011147468034900109
972.1666666666666,0.0007426466943228973
972.25,0.0008397569730400021
972.3333333333333,0.0013905891684993154
972.4166666666666,0.0012877323502420027
972.5,0.0003332097562106996
972.5833333333333,0.0007546325331269443
972.6666666666666,0.0005375281908263933
972.75,0.00019468704297371045
972.8333333333333,0.0006476664554652693
972.9166666666666,0.0007335364295636767
973.0,0.0006455008859863018
973.0833333333333,0.0005893338775470059
973.1666666666666,0.0007029357102555857
973.25,0.000857457437589436
973.3333333333333,0.0007833132573316602
973.4166666666666,0.0008386125459128548
973.5,0.0007220321726097578
973.5833333333333,0.0003919040822039086
973.6666666666666,0.0005904072420914438
973.75,0.0008155947451740722
973.8333333333333,0.0006091525537260853
973.9166666666666,0.000542607504370007
974.0,0.0010725253020914271
974.0833333333333,0.0008932138955158739
974.1666666666666,0.000466485302883751
974.25,0.0005665407781458633
974.3333333333333,0.0006057843858217684
974.4166666666666,0.00024726384569007033
974.5,0.00037643920081381155
974.5833333333333,0.0005133714132733753
974.6666666666666,0.00021708921738541046
974.75,0.0005047388475749778
974.8333333333333,0.000699368865448579
974.9166666666666,0.0003749437116370697
975.0,0.0007270870281913035
975.0833333333333,0.0009418910829015205
975.1666666666666,0.000543168681757813
975.25,0.0007570066698385843
975.3333333333333,0.0011290111775837531
975.4166666666666,0.0008614492573346151
975.5,0.0005118548963716961
975.5833333333333,0.00043600023294585003
975.6666666666666,0.0007270357524028081
975.75,0.00029391454479047634
975.8333333333333,0.00012149792157504737
975.9166666666666,0.0001960039882159572
976.0,0.0003695012558006947
976.0833333333333,0.0004855056517462165
976.1666666666666,0.0003667141895887244
976.25,0.0005448509420019115
976.3333333333333,0.001407956259870021
976.4166666666666,0.0010661529453826338
976.5,0.0009809947807797787
976.5833333333333,0.0009309881423572084
976.6666666666666,0.0002600396427807915
976.75,0.00023669889707120004
976.8333333333333,0.0004900681944387279
976.9166666666666,0.0007886802536718812
977.0,0.0008852200461365713
977.0833333333333,0.0008158449385373474
977.1666666666666,0.0011571497730944787
977.25,0.0006086048727027907
977.3333333333333,0.000491218833290333
977.4166666666666,0.0003337075886783842
977.5,0.00041291502786212404
977.5833333333333,0.00047954035289126626
977.6666666666666,0.0005044810671111855
977.75,0.0009113467627446809
977.8333333333333,0.0005719245444119761
977.9166666666666,0.0007403484940891688
978.0,0.0005532870470352799
978.0833333333333,0.0004725869026442352
978.1666666666666,0.0006597655334352382
978.25,0.0005086638864310924
978.3333333333333,0.0005868898170775834
978.4166666666666,0.0006812571605142047
978.5,0.0007814713840808668
978.5833333333333,0.00017162947331073
978.6666666666666,0.000986346911579656
978.75,0.0009809966318112895
978.8333333333333,0.0008396789512843364
978.9166666666666,0.000399933225061309
979.0,0.00048152606660284485
979.0833333333333,0.0003258790344589557
979.1666666666666,0.0009975389120687325
979.25,0.001638445663112309
979.3333333333333,0.0011064651569577808
979.4166666666666,0.00033833271537131064
979.5,0.0005955016833149645
979.5833333333333,0.00047734685869236154
979.6666666666666,0.00012780119092092
979.75,0.000850553045393956
979.8333333333333,0.0012500700627508493
979.9166666666666,0.0008508580834659207
980.0,0.0004978900276399187
980.0833333333333,0.00019929298779338566
980.1666666666666,0.0003808014962108046
980.25,0.0002287513913313466
980.3333333333333,0.0003133669150472047
980.4166666666666,0.00020831616561751428
980.5,0.00040402703256421575
980.5833333333333,0.0004244404210263894
980.6666666666666,0.00023885293650943243
980.75,0.0013618128378596699
980.8333333333333,0.0015169888135776282
980.9166666666666,0.0006019454340707499
981.0,0.00020960231802660283
981.0833333333333,0.0007880106541295707
981.1666666666666,0.00028422292819496
981.25,0.000725898813512674
981.3333333333333,0.0010095573162055842
981.4166666666666,0.0008593030316419722
981.5,0.0007565280333022105
981.5833333333333,0.0003834443195407634
981.6666666666666,0.0007326531474163127
981.75,0.0005297767125076135
981.8333333333333,0.0007239308856929819
981.9166666666666,0.0005765856447759594
982.0,0.0005241618315192756
982.0833333333333,0.00011511869959223614
982.1666666666666,0.0004282939515504169
982.25,0.0003701015183120032
982.3333333333333,0.00031623839686999297
982.4166666666666,0.00020436541830506572
982.5,0.0004306093241228149
982.5833333333333,0.00029922520452867614
982.6666666666666,0.0006020340779767587
982.75,0.0009568275369386368
982.8333333333333,0.0008974997276149696
982.9166666666666,0.00043406025649324163
983.0,0.0006301755187639375
983.0833333333333,0.0009237950022947535
983.1666666666666,0.0005973732260469383
983.25,0.00046239901807840726
983.3333333333333,0.0008809838017211735
983.4166666666666,0.0012694258211890497
983.5,0.00047127396888516586
983.5833333333333,0.000635745943083265
983.6666666666666,0.0012289456088429643
983.75,0.0011104211311585546
983.8333333333333,0.0006381848903463645
983.9166666666666,0.0014421552059920347
984.0,0.0014990496617548978
984.0833333333333,0.0009445982042137708
984.1666666666666,0.0007168803813660707
984.25,0.0008700690086115335
984.3333333333333,0.00019933093086230106
984.4166666666666,0.0006938714162946523
984.5,0.0007191137530526679
984.5833333333333,0.00100236666372622
984.6666666666666,0.0009953083765287074
984.75,0.0003539874327321261
984.8333333333333,0.000696777290958652
984.9166666666666,0.00046905255679508825
985.0,0.00024594098655934994
985.0833333333333,0.0005152401624997677
985.1666666666666,0.0008209062380484363
985.25,0.0007492953510965241
985.3333333333333,0.0006458440146901505
985.4166666666666,0.0008588519678072881
985.5,0.0005512928309074518
985.5833333333333,0.0006336981559358796
985.6666666666666,0.0004323499787477953
985.75,0.0005610081137973718
985.8333333333333,0.0006194827117740161
985.9166666666666,0.0005338428506400857
986.0,0.0007221098145153674
986.0833333333333,0.0009397841291430102
986.1666666666666,0.0009854683468324243
986.25,0.0008600528563062893
986.3333333333333,0.00071125456162195
986.4166666666666,0.0006570173037546887
986.5,0.0015454348798021175
986.5833333333333,0.0007289233648541234
986.6666666666666,0.0006907977230077486
986.75,0.0009399547935817943
986.8333333333333,0.00015422157965979335
986.9166666666666,0.000214358618696232
987.0,0.00029231182646986565
987.0833333333333,0.000532251281306421
987.1666666666666,0.0007344023016815297
987.25,0.0011893460595791192
987.3333333333333,0.00075034748575147
987.4166666666666,0.0004778361834913449
987.5,0.0009283418487705359
987.5833333333333,0.0003965332845888364
987.6666666666666,0.0010018237324114763
987.75,0.001034655978468195
987.8333333333333,0.00036394298094044364
987.9166666666666,0.0006582904181504294
988.0,0.0009081840246375664
988.0833333333333,0.0010240344941440734
988.1666666666666,0.0007272717297024003
988.25,0.0003941554756167163
988.3333333333333,0.00031701403249691153
988.4166666666666,0.0008097824360036285
988.5,0.000767423724856571
988.5833333333333,0.0008632448313022066
988.6666666666666,0.001135561162123923
988.75,0.0008206522176240838
988.8333333333333,0.001088978833467872
988.9166666666666,0.001245450342007352
989.0,0.0007057618144193637
989.0833333333333,0.000147684847807934
989.1666666666666,0.0009194540685046354
989.25,0.0012385499404102215
989.3333333333333,0.0005461887996033013
989.4166666666666,0.00042707610914076183
989.5,0.0009114157778333882
989.5833333333333,0.001024308665829969
989.6666666666666,0.000520608583926046
989.75,0.0003225567713546894
989.8333333333333,0.0005775119250306972
989.9166666666666,0.0009342560770366282
990.0,0.000394215934698341
990.0833333333333,0.0006166983912872347
990.1666666666666,0.000899938683260226
990.25,0.0002705790046251982
990.3333333333333,0.0004925064343396619
990.4166666666666,0.00033688996920690743
990.5,0.0002635041554205704
990.5833333333333,0.00042628185683468695
990.6666666666666,0.0006007861302155906
990.75,0.0006665848365641977
990.8333333333333,0.0005906848518104812
990.9166666666666,0.0004510035257616336
991.0,0.00026777276287192557
991.0833333333333,0.00035704298730239854
991.1666666666666,0.00027570246852392345
991.25,0.0011060590610778534
991.3333333333333,0.0012025035655565568
991.4166666666666,0.0002895647282047687
991.5,0.00029736338614333793
991.5833333333333,0.0006141094417883021
991.6666666666666,0.0006608304210830576
991.75,0.0009153361323716973
991.8333333333333,0.0006436918354410296
991.9166666666666,0.0005823739737212377
992.0,0.0006787105373562438
992.0833333333333,0.0005286556645291443
992.1666666666666,0.0010102048003127347
992.25,0.0003891435972535069
992.3333333333333,0.0005832109450449077
992.4166666666666,0.0004986873887577147
992.5,0.0003501771429466146
992.5833333333333,0.0006993287010175495
992.6666666666666,0.00045738123420324087
992.75,0.0005705569303559667
992.8333333333333,0.0009306633803355283
992.9166666666666,0.001044786979045348
993.0,0.0005877785978908032
993.0833333333333,0.0004966254200852849
993.1666666666666,0.00042798323724115586
993.25,0.0004624584762533964
993.3333333333333,0.0007956712912999735
993.4166666666666,0.0005151485221361329
993.5,0.00036689122279954893
993.5833333333333,0.0005807563030222016
993.6666666666666,0.0004138187458456527
993.75,0.0008418516124360528
993.8333333333333,0.0008874300018247624
993.9166666666666,0.0011782188636901667
994.0,0.001077175098508553
994.0833333333333,0.0008007067628857785
994.1666666666666,0.000566209778698764
994.25,0.00023670033012927158
994.3333333333333,0.00039485236183414935
994.4166666666666,0.0008157174762406955
994.5,0.0005702614973704585
994.5833333333333,0.00016418499058872568
994.6666666666666,0.0005169136060085037
994.75,0.001006065055121294
994.8333333333333,0.0010262478739596027
994.9166666666666,0.0003630539181137318
995.0,0.0010569955652308602
995.0833333333333,0.0008928593369785836
995.1666666666666,0.00017158488583965674
995.25,0.0003349888313557526
995.3333333333333,0.0011014679428664642
995.4166666666666,0.0009548406893434537
995.5,0.00047164795191801865
995.5833333333333,0.00046251626181342424
995.6666666666666,0.0007317235704599424
995.75,0.0012137776256849083
995.8333333333333,0.0010925884357210133
995.9166666666666,0.0007476143710047994
996.0,0.00044335924441145624
996.0833333333333,0.0004103375921795796
996.1666666666666,0.000747837807565012
996.25,0.00030822384624454297
996.3333333333333,5.101687520682281e-05
996.4166666666666,0.00032362428888066435
996.5,0.0005395489367522402
996.5833333333333,0.0005620560649640757
996.6666666666666,0.0005084021470819044
996.75,0.0005879426733163239
996.8333333333333,0.0001223068364832019
996.9166666666666,0.0008675075690451236
997.0,0.0006603448284882087
997.0833333333333,0.0005340043344684873
997.1666666666666,0.0004418777166925815
997.25,0.0004077089923180883
997.3333333333333,0.0005257153495083844
997.4166666666666,0.00044966573169984153
997.5,0.001023048097047403
997.5833333333333,0.0007759534942397169
997.6666666666666,0.0007444803056575693
997.75,0.00042526175473669883
997.8333333333333,0.0006297638374666731
997.9166666666666,0.0006136784392030341
998.0,0.00012314704107909826
998.0833333333333,0.0006910015601746443
998.1666666666666,0.001032428421798444
998.25,0.0012248411945931423
998.3333333333333,0.0014257706526026198
998.4166666666666,0.001308886282513946
998.5,0.00018614646862009001
998.5833333333333,0.001017396211467955
998.6666666666666,0.001161159657184102
998.75,0.001126592868629616
998.8333333333333,0.0008270168519596307
998.9166666666666,0.00126898354251587
999.0,0.001155308574623715
999.0833333333333,0.0006348160970519093
999.1666666666666,0.00011443556184755771
999.25,7.637515447708527e-05
999.3333333333333,0.0009141507240464958
999.4166666666666,0.0014569175844095846
999.5,0.001090439445160295
999.5833333333333,0.0005992425716047223
999.6666666666666,0.00044475181121166393
999.75,0.0003487103872499153
999.8333333333333,0.00034265629883218414
999.9166666666666,0.0005179488254313527
1000.0,0.001269003503369524
