group_id,true_label,pred_label,device_id,speed_percent,rpm,source_file,record_index,proba_正常,proba_转子不平衡,proba_联轴器不对中,proba_松动,proba_轴承故障,proba_汽蚀
Motor-2::50::/Users/hewenhao/Documents/电机驱动离心泵多故障电流与振动监测数据集/数据集/原始数据集/Vibration/Motor-2/50/正常状态1/振动_电机2_50_时域-正常状态1-通道4.csv::record_0,正常,正常,Motor-2,50,740.0,/Users/hewenhao/Documents/电机驱动离心泵多故障电流与振动监测数据集/数据集/原始数据集/Vibration/Motor-2/50/正常状态1/振动_电机2_50_时域-正常状态1-通道4.csv,0,0.997252836998153,1.402069910469902e-05,0.00030175152977472605,0.001209463397248256,0.001076008155476688,0.00014591922024250245
Motor-2::50::/Users/hewenhao/Documents/电机驱动离心泵多故障电流与振动监测数据集/数据集/原始数据集/Vibration/Motor-2/50/正常状态1/振动_电机2_50_时域-正常状态1-通道4.csv::record_1,正常,正常,Motor-2,50,740.0,/Users/hewenhao/Documents/电机驱动离心泵多故障电流与振动监测数据集/数据集/原始数据集/Vibration/Motor-2/50/正常状态1/振动_电机2_50_时域-正常状态1-通道4.csv,1,0.9960197008031918,3.0863521027275746e-05,0.0005522353655769759,0.001965452761442792,0.0011772071355576905,0.00025454041320344963
Motor-2::50::/Users/hewenhao/Documents/电机驱动离心泵多故障电流与振动监测数据集/数据集/原始数据集/Vibration/Motor-2/50/正常状态1/振动_电机2_50_时域-正常状态1-通道4.csv::record_3,正常,正常,Motor-2,50,740.0,/Users/hewenhao/Documents/电机驱动离心泵多故障电流与振动监测数据集/数据集/原始数据集/Vibration/Motor-2/50/正常状态1/振动_电机2_50_时域-正常状态1-通道4.csv,3,0.9970061616685212,1.5509098812476275e-05,0.00038923970755478835,0.0012962216042468624,0.0011272258748116118,0.00016564204605306628
Motor-2::50::/Users/hewenhao/Documents/电机驱动离心泵多故障电流与振动监测数据集/数据集/原始数据集/Vibration/Motor-2/50/正常状态1/振动_电机2_50_时域-正常状态1-通道4.csv::record_4,正常,正常,Motor-2,50,740.0,/Users/hewenhao/Documents/电机驱动离心泵多故障电流与振动监测数据集/数据集/原始数据集/Vibration/Motor-2/50/正常状态1/振动_电机2_50_时域-正常状态1-通道4.csv,4,0.9923794681049046,4.7157793016188885e-05,0.0007618158636446611,0.0026014522060946368,0.003834020615730462,0.0003760854166093159
Motor-2::50::/Users/hewenhao/Documents/电机驱动离心泵多故障电流与振动监测数据集/数据集/原始数据集/Vibration/Motor-2/50/正常状态1/振动_电机2_50_时域-正常状态1-通道4.csv::record_5,正常,正常,Motor-2,50,740.0,/Users/hewenhao/Documents/电机驱动离心泵多故障电流与振动监测数据集/数据集/原始数据集/Vibration/Motor-2/50/正常状态1/振动_电机2_50_时域-正常状态1-通道4.csv,5,0.9986050678371992,8.170667775331464e-06,0.0003761597472919396,0.0007521404959246957,0.00011862531292906344,0.00013983593887984121
Motor-2::50::/Users/hewenhao/Documents/电机驱动离心泵多故障电流与振动监测数据集/数据集/原始数据集/Vibration/Motor-2/50/正常状态1/振动_电机2_50_时域-正常状态1-通道4.csv::record_11,正常,正常,Motor-2,50,740.0,/Users/hewenhao/Documents/电机驱动离心泵多故障电流与振动监测数据集/数据集/原始数据集/Vibration/Motor-2/50/正常状态1/振动_电机2_50_时域-正常状态1-通道4.csv,11,0.9983996628069733,4.212309396936121e-06,0.00013578218538957338,0.0001610950788994195,0.0012810949908449029,1.815262849575628e-05
Motor-2::50::/Users/hewenhao/Documents/电机驱动离心泵多故障电流与振动监测数据集/数据集/原始数据集/Vibration/Motor-2/50/正常状态1/振动_电机2_50_时域-正常状态1-通道4.csv::record_15,正常,正常,Motor-2,50,740.0,/Users/hewenhao/Documents/电机驱动离心泵多故障电流与振动监测数据集/数据集/原始数据集/Vibration/Motor-2/50/正常状态1/振动_电机2_50_时域-正常状态1-通道4.csv,15,0.9844390998848993,4.7567949063828123e-05,0.0004083231045101394,0.000550502710086804,0.014271125624754306,0.00028338072668570663
Motor-2::50::/Users/hewenhao/Documents/电机驱动离心泵多故障电流与振动监测数据集/数据集/原始数据集/Vibration/Motor-2/50/正常状态1/振动_电机2_50_时域-正常状态1-通道4.csv::record_19,正常,正常,Motor-2,50,740.0,/Users/hewenhao/Documents/电机驱动离心泵多故障电流与振动监测数据集/数据集/原始数据集/Vibration/Motor-2/50/正常状态1/振动_电机2_50_时域-正常状态1-通道4.csv,19,0.9862807868874127,1.796888882799271e-05,0.00019086308858541463,0.0004691200463926572,0.012981213271727979,6.0047817053396264e-05
Motor-2::50::/Users/hewenhao/Documents/电机驱动离心泵多故障电流与振动监测数据集/数据集/原始数据集/Vibration/Motor-2/50/正常状态1/振动_电机2_50_时域-正常状态1-通道4.csv::record_22,正常,正常,Motor-2,50,740.0,/Users/hewenhao/Documents/电机驱动离心泵多故障电流与振动监测数据集/数据集/原始数据集/Vibration/Motor-2/50/正常状态1/振动_电机2_50_时域-正常状态1-通道4.csv,22,0.991268383048684,2.2445991930335836e-05,0.00037227772994646787,0.0012000550977572695,0.00688636894290135,0.00025046918878041466
Motor-2::50::/Users/hewenhao/Documents/电机驱动离心泵多故障电流与振动监测数据集/数据集/原始数据集/Vibration/Motor-2/50/正常状态1/振动_电机2_50_时域-正常状态1-通道4.csv::record_34,正常,正常,Motor-2,50,740.0,/Users/hewenhao/Documents/电机驱动离心泵多故障电流与振动监测数据集/数据集/原始数据集/Vibration/Motor-2/50/正常状态1/振动_电机2_50_时域-正常状态1-通道4.csv,34,0.9710576358247485,0.0002027641388410119,0.0029084145677667,0.0018139971863048825,0.019366474497624995,0.004650713784713754
Motor-2::50::/Users/hewenhao/Documents/电机驱动离心泵多故障电流与振动监测数据集/数据集/原始数据集/Vibration/Motor-2/50/正常状态1/振动_电机2_50_时域-正常状态1-通道4.csv::record_38,正常,正常,Motor-2,50,740.0,/Users/hewenhao/Documents/电机驱动离心泵多故障电流与振动监测数据集/数据集/原始数据集/Vibration/Motor-2/50/正常状态1/振动_电机2_50_时域-正常状态1-通道4.csv,38,0.7941729943228082,7.179391722856636e-05,0.0004978407779352968,0.0009021969809187471,0.20412934732445456,0.00022582667665460457
Motor-2::50::/Users/hewenhao/Documents/电机驱动离心泵多故障电流与振动监测数据集/数据集/原始数据集/Vibration/Motor-2/50/正常状态1/振动_电机2_50_时域-正常状态1-通道4.csv::record_47,正常,正常,Motor-2,50,740.0,/Users/hewenhao/Documents/电机驱动离心泵多故障电流与振动监测数据集/数据集/原始数据集/Vibration/Motor-2/50/正常状态1/振动_电机2_50_时域-正常状态1-通道4.csv,47,0.9387023573840806,0.00045829132779721645,0.0004676426762803105,0.02509512764925381,0.03471589559059719,0.000560685371990646
Motor-2::50::/Users/hewenhao/Documents/电机驱动离心泵多故障电流与振动监测数据集/数据集/原始数据集/Vibration/Motor-2/50/正常状态1/振动_电机2_50_时域-正常状态1-通道4.csv::record_48,正常,正常,Motor-2,50,740.0,/Users/hewenhao/Documents/电机驱动离心泵多故障电流与振动监测数据集/数据集/原始数据集/Vibration/Motor-2/50/正常状态1/振动_电机2_50_时域-正常状态1-通道4.csv,48,0.91039994671912,0.0005976311256834319,0.000575789568528114,0.06364914680227261,0.024058383641760467,0.0007191021426354169
Motor-2::50::/Users/hewenhao/Documents/电机驱动离心泵多故障电流与振动监测数据集/数据集/原始数据集/Vibration/Motor-2/50/正常状态2/振动_电机2_50_时域-正常状态2-通道4.csv::record_4,正常,正常,Motor-2,50,740.0,/Users/hewenhao/Documents/电机驱动离心泵多故障电流与振动监测数据集/数据集/原始数据集/Vibration/Motor-2/50/正常状态2/振动_电机2_50_时域-正常状态2-通道4.csv,4,0.9580503827404881,0.00016271425561647406,0.00021351585021865764,0.01879674379054507,0.022514769004764724,0.00026187435836680313
Motor-2::50::/Users/hewenhao/Documents/电机驱动离心泵多故障电流与振动监测数据集/数据集/原始数据集/Vibration/Motor-2/50/正常状态2/振动_电机2_50_时域-正常状态2-通道4.csv::record_5,正常,正常,Motor-2,50,740.0,/Users/hewenhao/Documents/电机驱动离心泵多故障电流与振动监测数据集/数据集/原始数据集/Vibration/Motor-2/50/正常状态2/振动_电机2_50_时域-正常状态2-通道4.csv,5,0.9696360899527772,6.205427291720259e-05,0.00038950679287933653,0.007274198418615701,0.02114612226735729,0.0014920282954532275
Motor-2::50::/Users/hewenhao/Documents/电机驱动离心泵多故障电流与振动监测数据集/数据集/原始数据集/Vibration/Motor-2/50/正常状态2/振动_电机2_50_时域-正常状态2-通道4.csv::record_17,正常,正常,Motor-2,50,740.0,/Users/hewenhao/Documents/电机驱动离心泵多故障电流与振动监测数据集/数据集/原始数据集/Vibration/Motor-2/50/正常状态2/振动_电机2_50_时域-正常状态2-通道4.csv,17,0.9781915551769298,1.8940949979582244e-05,0.00014901994809102335,0.008538356606958937,0.013020352144789762,8.177517325083915e-05
Motor-2::50::/Users/hewenhao/Documents/电机驱动离心泵多故障电流与振动监测数据集/数据集/原始数据集/Vibration/Motor-2/50/正常状态2/振动_电机2_50_时域-正常状态2-通道4.csv::record_19,正常,正常,Motor-2,50,740.0,/Users/hewenhao/Documents/电机驱动离心泵多故障电流与振动监测数据集/数据集/原始数据集/Vibration/Motor-2/50/正常状态2/振动_电机2_50_时域-正常状态2-通道4.csv,19,0.9779117875444532,5.590927664858256e-05,0.00027952183123287644,0.0074533728447483336,0.01417743582575949,0.00012197267715757756
Motor-2::50::/Users/hewenhao/Documents/电机驱动离心泵多故障电流与振动监测数据集/数据集/原始数据集/Vibration/Motor-2/50/正常状态2/振动_电机2_50_时域-正常状态2-通道4.csv::record_20,正常,正常,Motor-2,50,740.0,/Users/hewenhao/Documents/电机驱动离心泵多故障电流与振动监测数据集/数据集/原始数据集/Vibration/Motor-2/50/正常状态2/振动_电机2_50_时域-正常状态2-通道4.csv,20,0.9864710426571339,2.263743948448163e-05,0.000152401526707509,0.0041570024596887705,0.008865964459084916,0.00033095145790035653
Motor-2::50::/Users/hewenhao/Documents/电机驱动离心泵多故障电流与振动监测数据集/数据集/原始数据集/Vibration/Motor-2/50/正常状态2/振动_电机2_50_时域-正常状态2-通道4.csv::record_25,正常,正常,Motor-2,50,740.0,/Users/hewenhao/Documents/电机驱动离心泵多故障电流与振动监测数据集/数据集/原始数据集/Vibration/Motor-2/50/正常状态2/振动_电机2_50_时域-正常状态2-通道4.csv,25,0.9853612058419641,2.8694752135771132e-05,0.000169254652407458,0.004700065717709051,0.009637005871509889,0.00010377316427376077
Motor-2::50::/Users/hewenhao/Documents/电机驱动离心泵多故障电流与振动监测数据集/数据集/原始数据集/Vibration/Motor-2/50/正常状态2/振动_电机2_50_时域-正常状态2-通道4.csv::record_30,正常,正常,Motor-2,50,740.0,/Users/hewenhao/Documents/电机驱动离心泵多故障电流与振动监测数据集/数据集/原始数据集/Vibration/Motor-2/50/正常状态2/振动_电机2_50_时域-正常状态2-通道4.csv,30,0.9866413476177247,1.951925676748768e-05,4.943390011197193e-05,0.006662659794652264,0.006606933787451817,2.0105643291797047e-05
Motor-2::50::/Users/hewenhao/Documents/电机驱动离心泵多故障电流与振动监测数据集/数据集/原始数据集/Vibration/Motor-2/50/正常状态2/振动_电机2_50_时域-正常状态2-通道4.csv::record_31,正常,正常,Motor-2,50,740.0,/Users/hewenhao/Documents/电机驱动离心泵多故障电流与振动监测数据集/数据集/原始数据集/Vibration/Motor-2/50/正常状态2/振动_电机2_50_时域-正常状态2-通道4.csv,31,0.9790596170850572,8.52310136641856e-05,0.00023806711170126904,0.006800454769103317,0.01359286787626745,0.0002237621442067265
Motor-2::50::/Users/hewenhao/Documents/电机驱动离心泵多故障电流与振动监测数据集/数据集/原始数据集/Vibration/Motor-2/50/正常状态2/振动_电机2_50_时域-正常状态2-通道4.csv::record_34,正常,正常,Motor-2,50,740.0,/Users/hewenhao/Documents/电机驱动离心泵多故障电流与振动监测数据集/数据集/原始数据集/Vibration/Motor-2/50/正常状态2/振动_电机2_50_时域-正常状态2-通道4.csv,34,0.9864214963301036,3.650645413651148e-05,0.00021977752548876222,0.005311621962235634,0.007945101291401968,6.549643663357309e-05
Motor-2::50::/Users/hewenhao/Documents/电机驱动离心泵多故障电流与振动监测数据集/数据集/原始数据集/Vibration/Motor-2/50/正常状态2/振动_电机2_50_时域-正常状态2-通道4.csv::record_42,正常,正常,Motor-2,50,740.0,/Users/hewenhao/Documents/电机驱动离心泵多故障电流与振动监测数据集/数据集/原始数据集/Vibration/Motor-2/50/正常状态2/振动_电机2_50_时域-正常状态2-通道4.csv,42,0.9895526714727861,1.7677180590108884e-05,0.0002106660093615699,0.0034580200638709216,0.006656257490207312,0.00010470778318416448
Motor-2::50::/Users/hewenhao/Documents/电机驱动离心泵多故障电流与振动监测数据集/数据集/原始数据集/Vibration/Motor-2/50/正常状态2/振动_电机2_50_时域-正常状态2-通道4.csv::record_44,正常,正常,Motor-2,50,740.0,/Users/hewenhao/Documents/电机驱动离心泵多故障电流与振动监测数据集/数据集/原始数据集/Vibration/Motor-2/50/正常状态2/振动_电机2_50_时域-正常状态2-通道4.csv,44,0.9945379795108146,1.92007640819043e-05,0.00030872895329018234,0.0010235218731921983,0.0036237422330057593,0.00048682666561540583
Motor-2::50::/Users/hewenhao/Documents/电机驱动离心泵多故障电流与振动监测数据集/数据集/原始数据集/Vibration/Motor-2/50/正常状态2/振动_电机2_50_时域-正常状态2-通道4.csv::record_45,正常,正常,Motor-2,50,740.0,/Users/hewenhao/Documents/电机驱动离心泵多故障电流与振动监测数据集/数据集/原始数据集/Vibration/Motor-2/50/正常状态2/振动_电机2_50_时域-正常状态2-通道4.csv,45,0.9877616682689038,1.376261242761608e-05,0.00012578478709796044,0.00118828174810149,0.010850097991200357,6.040459226894886e-05
Motor-2::50::/Users/hewenhao/Documents/电机驱动离心泵多故障电流与振动监测数据集/数据集/原始数据集/Vibration/Motor-2/50/正常状态3/振动_电机2_50_时域-正常状态3-通道4.csv::record_20,正常,正常,Motor-2,50,740.0,/Users/hewenhao/Documents/电机驱动离心泵多故障电流与振动监测数据集/数据集/原始数据集/Vibration/Motor-2/50/正常状态3/振动_电机2_50_时域-正常状态3-通道4.csv,20,0.9700686075962255,3.014595072507185e-05,0.00038741512678765736,0.022241903010916293,0.007208861873797174,6.30664415485422e-05
Motor-2::50::/Users/hewenhao/Documents/电机驱动离心泵多故障电流与振动监测数据集/数据集/原始数据集/Vibration/Motor-2/50/正常状态3/振动_电机2_50_时域-正常状态3-通道4.csv::record_24,正常,正常,Motor-2,50,740.0,/Users/hewenhao/Documents/电机驱动离心泵多故障电流与振动监测数据集/数据集/原始数据集/Vibration/Motor-2/50/正常状态3/振动_电机2_50_时域-正常状态3-通道4.csv,24,0.9671087133407729,0.00017302870963256371,0.0009700652992255757,0.013284148647694649,0.018192047315036163,0.00027199668763820553
Motor-2::50::/Users/hewenhao/Documents/电机驱动离心泵多故障电流与振动监测数据集/数据集/原始数据集/Vibration/Motor-2/50/正常状态3/振动_电机2_50_时域-正常状态3-通道4.csv::record_26,正常,正常,Motor-2,50,740.0,/Users/hewenhao/Documents/电机驱动离心泵多故障电流与振动监测数据集/数据集/原始数据集/Vibration/Motor-2/50/正常状态3/振动_电机2_50_时域-正常状态3-通道4.csv,26,0.9366581194361667,0.00031610565458780113,0.0007741530771529358,0.02891351922823637,0.032808146701796104,0.0005299559020602257
Motor-2::50::/Users/hewenhao/Documents/电机驱动离心泵多故障电流与振动监测数据集/数据集/原始数据集/Vibration/Motor-2/50/正常状态3/振动_电机2_50_时域-正常状态3-通道4.csv::record_31,正常,正常,Motor-2,50,740.0,/Users/hewenhao/Documents/电机驱动离心泵多故障电流与振动监测数据集/数据集/原始数据集/Vibration/Motor-2/50/正常状态3/振动_电机2_50_时域-正常状态3-通道4.csv,31,0.9514602994101427,4.74852493464717e-05,0.000247397574119623,0.01685229049812013,0.031194740716567918,0.00019778655170307833
Motor-2::50::/Users/hewenhao/Documents/电机驱动离心泵多故障电流与振动监测数据集/数据集/原始数据集/Vibration/Motor-2/50/正常状态3/振动_电机2_50_时域-正常状态3-通道4.csv::record_35,正常,正常,Motor-2,50,740.0,/Users/hewenhao/Documents/电机驱动离心泵多故障电流与振动监测数据集/数据集/原始数据集/Vibration/Motor-2/50/正常状态3/振动_电机2_50_时域-正常状态3-通道4.csv,35,0.9760251216222278,5.1005291425561875e-05,0.00018952557146138352,0.011385671514688934,0.012215979454698036,0.0001326965454983903
Motor-2::50::/Users/hewenhao/Documents/电机驱动离心泵多故障电流与振动监测数据集/数据集/原始数据集/Vibration/Motor-2/50/正常状态3/振动_电机2_50_时域-正常状态3-通道4.csv::record_36,正常,正常,Motor-2,50,740.0,/Users/hewenhao/Documents/电机驱动离心泵多故障电流与振动监测数据集/数据集/原始数据集/Vibration/Motor-2/50/正常状态3/振动_电机2_50_时域-正常状态3-通道4.csv,36,0.9878580896625937,0.00011547105758486462,0.0003864777037707063,0.004033545155124084,0.007505128464931092,0.00010128795599562199
Motor-2::50::/Users/hewenhao/Documents/电机驱动离心泵多故障电流与振动监测数据集/数据集/原始数据集/Vibration/Motor-2/50/正常状态3/振动_电机2_50_时域-正常状态3-通道4.csv::record_44,正常,正常,Motor-2,50,740.0,/Users/hewenhao/Documents/电机驱动离心泵多故障电流与振动监测数据集/数据集/原始数据集/Vibration/Motor-2/50/正常状态3/振动_电机2_50_时域-正常状态3-通道4.csv,44,0.9400499092279838,8.329175707322418e-05,0.00017547626936663578,0.0456376341932467,0.013949129014522436,0.00010455953780702602
Motor-2::50::/Users/hewenhao/Documents/电机驱动离心泵多故障电流与振动监测数据集/数据集/原始数据集/Vibration/Motor-2/50/正常状态3/振动_电机2_50_时域-正常状态3-通道4.csv::record_46,正常,正常,Motor-2,50,740.0,/Users/hewenhao/Documents/电机驱动离心泵多故障电流与振动监测数据集/数据集/原始数据集/Vibration/Motor-2/50/正常状态3/振动_电机2_50_时域-正常状态3-通道4.csv,46,0.9742665604049088,0.0002867107976296827,9.739451500626018e-05,0.016594911488323892,0.008665357345712853,8.906544841870695e-05
Motor-2::50::/Users/hewenhao/Documents/电机驱动离心泵多故障电流与振动监测数据集/数据集/原始数据集/Vibration/Motor-2/50/泵地脚松动/振动_电机2_50_时域-泵地脚松动-通道4.csv::record_0,松动,松动,Motor-2,50,740.0,/Users/hewenhao/Documents/电机驱动离心泵多故障电流与振动监测数据集/数据集/原始数据集/Vibration/Motor-2/50/泵地脚松动/振动_电机2_50_时域-泵地脚松动-通道4.csv,0,0.015445563302280876,0.0007492451745297815,0.0006579969810962525,0.5381012426781713,0.44409927414879175,0.000946677715130211
Motor-2::50::/Users/hewenhao/Documents/电机驱动离心泵多故障电流与振动监测数据集/数据集/原始数据集/Vibration/Motor-2/50/泵地脚松动/振动_电机2_50_时域-泵地脚松动-通道4.csv::record_5,松动,松动,Motor-2,50,740.0,/Users/hewenhao/Documents/电机驱动离心泵多故障电流与振动监测数据集/数据集/原始数据集/Vibration/Motor-2/50/泵地脚松动/振动_电机2_50_时域-泵地脚松动-通道4.csv,5,0.05654931102412988,0.000825915574442057,0.000899671104005324,0.7606949625449018,0.18007795099816218,0.0009521887543587206
Motor-2::50::/Users/hewenhao/Documents/电机驱动离心泵多故障电流与振动监测数据集/数据集/原始数据集/Vibration/Motor-2/50/泵地脚松动/振动_电机2_50_时域-泵地脚松动-通道4.csv::record_9,松动,松动,Motor-2,50,740.0,/Users/hewenhao/Documents/电机驱动离心泵多故障电流与振动监测数据集/数据集/原始数据集/Vibration/Motor-2/50/泵地脚松动/振动_电机2_50_时域-泵地脚松动-通道4.csv,9,0.11613820980546123,0.0014024594674541576,0.0017171472703634636,0.7522237927859012,0.12637870903141987,0.0021396816393998066
Motor-2::50::/Users/hewenhao/Documents/电机驱动离心泵多故障电流与振动监测数据集/数据集/原始数据集/Vibration/Motor-2/50/泵地脚松动/振动_电机2_50_时域-泵地脚松动-通道4.csv::record_10,松动,松动,Motor-2,50,740.0,/Users/hewenhao/Documents/电机驱动离心泵多故障电流与振动监测数据集/数据集/原始数据集/Vibration/Motor-2/50/泵地脚松动/振动_电机2_50_时域-泵地脚松动-通道4.csv,10,0.12326885627778504,0.0021052455530702428,0.0016864563107731175,0.727276950083049,0.1426509630480735,0.0030115287272489584
Motor-2::50::/Users/hewenhao/Documents/电机驱动离心泵多故障电流与振动监测数据集/数据集/原始数据集/Vibration/Motor-2/50/泵地脚松动/振动_电机2_50_时域-泵地脚松动-通道4.csv::record_12,松动,松动,Motor-2,50,740.0,/Users/hewenhao/Documents/电机驱动离心泵多故障电流与振动监测数据集/数据集/原始数据集/Vibration/Motor-2/50/泵地脚松动/振动_电机2_50_时域-泵地脚松动-通道4.csv,12,0.22610051469927306,0.0017596508632190223,0.0014441946343783116,0.6864187592140643,0.08139302106760249,0.002883859521462738
Motor-2::50::/Users/hewenhao/Documents/电机驱动离心泵多故障电流与振动监测数据集/数据集/原始数据集/Vibration/Motor-2/50/泵轴承故障1/振动_电机2_50_时域-泵轴承故障1-通道4.csv::record_0,轴承故障,轴承故障,Motor-2,50,740.0,/Users/hewenhao/Documents/电机驱动离心泵多故障电流与振动监测数据集/数据集/原始数据集/Vibration/Motor-2/50/泵轴承故障1/振动_电机2_50_时域-泵轴承故障1-通道4.csv,0,0.01244119816518559,0.00010547545180713443,0.0003742875470428513,0.0004861481003765154,0.9861889817328983,0.00040390900268961853
Motor-2::50::/Users/hewenhao/Documents/电机驱动离心泵多故障电流与振动监测数据集/数据集/原始数据集/Vibration/Motor-2/50/泵轴承故障1/振动_电机2_50_时域-泵轴承故障1-通道4.csv::record_2,轴承故障,轴承故障,Motor-2,50,740.0,/Users/hewenhao/Documents/电机驱动离心泵多故障电流与振动监测数据集/数据集/原始数据集/Vibration/Motor-2/50/泵轴承故障1/振动_电机2_50_时域-泵轴承故障1-通道4.csv,2,0.007669176153671598,0.00010849716808427511,0.0003044182471346373,0.0010426317738618488,0.9905684465221751,0.00030683013507247525
Motor-2::50::/Users/hewenhao/Documents/电机驱动离心泵多故障电流与振动监测数据集/数据集/原始数据集/Vibration/Motor-2/50/泵轴承故障1/振动_电机2_50_时域-泵轴承故障1-通道4.csv::record_6,轴承故障,轴承故障,Motor-2,50,740.0,/Users/hewenhao/Documents/电机驱动离心泵多故障电流与振动监测数据集/数据集/原始数据集/Vibration/Motor-2/50/泵轴承故障1/振动_电机2_50_时域-泵轴承故障1-通道4.csv,6,0.00408160316427561,5.995026871219172e-05,0.0002253651271754961,0.0003050831402726928,0.9951980953967248,0.0001299029028391957
Motor-2::50::/Users/hewenhao/Documents/电机驱动离心泵多故障电流与振动监测数据集/数据集/原始数据集/Vibration/Motor-2/50/泵轴承故障1/振动_电机2_50_时域-泵轴承故障1-通道4.csv::record_8,轴承故障,轴承故障,Motor-2,50,740.0,/Users/hewenhao/Documents/电机驱动离心泵多故障电流与振动监测数据集/数据集/原始数据集/Vibration/Motor-2/50/泵轴承故障1/振动_电机2_50_时域-泵轴承故障1-通道4.csv,8,0.014625502401992275,6.946683928708303e-05,0.00033074261904730986,0.000411178585988835,0.9843520521618129,0.00021105739187164373
Motor-2::50::/Users/hewenhao/Documents/电机驱动离心泵多故障电流与振动监测数据集/数据集/原始数据集/Vibration/Motor-2/50/泵轴承故障1/振动_电机2_50_时域-泵轴承故障1-通道4.csv::record_10,轴承故障,轴承故障,Motor-2,50,740.0,/Users/hewenhao/Documents/电机驱动离心泵多故障电流与振动监测数据集/数据集/原始数据集/Vibration/Motor-2/50/泵轴承故障1/振动_电机2_50_时域-泵轴承故障1-通道4.csv,10,0.006113065367284741,7.135301429083042e-05,0.00025302575073232357,0.00047353684625757084,0.9928501253979567,0.00023889362347792131
Motor-2::50::/Users/hewenhao/Documents/电机驱动离心泵多故障电流与振动监测数据集/数据集/原始数据集/Vibration/Motor-2/50/泵轴承故障2/振动_电机2_50_时域-泵轴承故障2-通道4.csv::record_0,轴承故障,轴承故障,Motor-2,50,740.0,/Users/hewenhao/Documents/电机驱动离心泵多故障电流与振动监测数据集/数据集/原始数据集/Vibration/Motor-2/50/泵轴承故障2/振动_电机2_50_时域-泵轴承故障2-通道4.csv,0,0.010499408055495891,0.00012996867575655886,0.0003586898817596993,0.0002392840180918013,0.9885915713718771,0.00018107799701894768
Motor-2::50::/Users/hewenhao/Documents/电机驱动离心泵多故障电流与振动监测数据集/数据集/原始数据集/Vibration/Motor-2/50/泵轴承故障2/振动_电机2_50_时域-泵轴承故障2-通道4.csv::record_12,轴承故障,轴承故障,Motor-2,50,740.0,/Users/hewenhao/Documents/电机驱动离心泵多故障电流与振动监测数据集/数据集/原始数据集/Vibration/Motor-2/50/泵轴承故障2/振动_电机2_50_时域-泵轴承故障2-通道4.csv,12,0.02105036702803025,0.000153678909693561,0.0005567505020175155,0.0006331880800247843,0.9772845773931444,0.0003214380870894019
Motor-2::50::/Users/hewenhao/Documents/电机驱动离心泵多故障电流与振动监测数据集/数据集/原始数据集/Vibration/Motor-2/50/泵轴承故障3/振动_电机2_50_时域-泵轴承故障3-通道4.csv::record_8,轴承故障,轴承故障,Motor-2,50,740.0,/Users/hewenhao/Documents/电机驱动离心泵多故障电流与振动监测数据集/数据集/原始数据集/Vibration/Motor-2/50/泵轴承故障3/振动_电机2_50_时域-泵轴承故障3-通道4.csv,8,0.009653427671982065,3.306289713621391e-05,0.0001541270531356686,0.0008499092861967761,0.9891542204214872,0.00015525267006223403
Motor-2::50::/Users/hewenhao/Documents/电机驱动离心泵多故障电流与振动监测数据集/数据集/原始数据集/Vibration/Motor-2/50/软脚1/振动_电机2_50_时域-软脚1-通道4.csv::record_3,松动,松动,Motor-2,50,740.0,/Users/hewenhao/Documents/电机驱动离心泵多故障电流与振动监测数据集/数据集/原始数据集/Vibration/Motor-2/50/软脚1/振动_电机2_50_时域-软脚1-通道4.csv,3,0.040890172566382395,0.00037117333395907446,0.0004377626290853359,0.8119208627557445,0.145910994371767,0.0004690343430618976
Motor-2::50::/Users/hewenhao/Documents/电机驱动离心泵多故障电流与振动监测数据集/数据集/原始数据集/Vibration/Motor-2/50/软脚1/振动_电机2_50_时域-软脚1-通道4.csv::record_7,松动,松动,Motor-2,50,740.0,/Users/hewenhao/Documents/电机驱动离心泵多故障电流与振动监测数据集/数据集/原始数据集/Vibration/Motor-2/50/软脚1/振动_电机2_50_时域-软脚1-通道4.csv,7,0.043494788736803944,0.0005879061636591469,0.0007412682581935291,0.7708103298324827,0.1835548410758135,0.0008108659330470399
Motor-2::50::/Users/hewenhao/Documents/电机驱动离心泵多故障电流与振动监测数据集/数据集/原始数据集/Vibration/Motor-2/50/软脚2/振动_电机2_50_时域-软脚2-通道4.csv::record_0,松动,松动,Motor-2,50,740.0,/Users/hewenhao/Documents/电机驱动离心泵多故障电流与振动监测数据集/数据集/原始数据集/Vibration/Motor-2/50/软脚2/振动_电机2_50_时域-软脚2-通道4.csv,0,0.05193867362651859,0.0003584526762821211,0.000383443470314512,0.757550232017602,0.18912246197442914,0.0006467362348538716
Motor-2::50::/Users/hewenhao/Documents/电机驱动离心泵多故障电流与振动监测数据集/数据集/原始数据集/Vibration/Motor-2/50/软脚2/振动_电机2_50_时域-软脚2-通道4.csv::record_5,松动,松动,Motor-2,50,740.0,/Users/hewenhao/Documents/电机驱动离心泵多故障电流与振动监测数据集/数据集/原始数据集/Vibration/Motor-2/50/软脚2/振动_电机2_50_时域-软脚2-通道4.csv,5,0.05464835718742959,0.0006268120732342061,0.0004682522802275535,0.7784153744618085,0.16515611313450895,0.000685090862791201
Motor-2::50::/Users/hewenhao/Documents/电机驱动离心泵多故障电流与振动监测数据集/数据集/原始数据集/Vibration/Motor-2/50/轴承内圈故障1/振动_电机2_50_时域-轴承内圈故障1-通道4.csv::record_1,轴承故障,轴承故障,Motor-2,50,740.0,/Users/hewenhao/Documents/电机驱动离心泵多故障电流与振动监测数据集/数据集/原始数据集/Vibration/Motor-2/50/轴承内圈故障1/振动_电机2_50_时域-轴承内圈故障1-通道4.csv,1,0.17265541527015457,0.0010435740737770956,0.006640632609745137,0.006788505847633448,0.8093905388540309,0.003481333344658736
Motor-2::50::/Users/hewenhao/Documents/电机驱动离心泵多故障电流与振动监测数据集/数据集/原始数据集/Vibration/Motor-2/50/轴承内圈故障1/振动_电机2_50_时域-轴承内圈故障1-通道4.csv::record_2,轴承故障,轴承故障,Motor-2,50,740.0,/Users/hewenhao/Documents/电机驱动离心泵多故障电流与振动监测数据集/数据集/原始数据集/Vibration/Motor-2/50/轴承内圈故障1/振动_电机2_50_时域-轴承内圈故障1-通道4.csv,2,0.19691889744174304,0.0010939809957810354,0.007379070025542678,0.0074325516700891265,0.7829674052603831,0.004208094606460985
Motor-2::50::/Users/hewenhao/Documents/电机驱动离心泵多故障电流与振动监测数据集/数据集/原始数据集/Vibration/Motor-2/50/轴承内圈故障1/振动_电机2_50_时域-轴承内圈故障1-通道4.csv::record_5,轴承故障,轴承故障,Motor-2,50,740.0,/Users/hewenhao/Documents/电机驱动离心泵多故障电流与振动监测数据集/数据集/原始数据集/Vibration/Motor-2/50/轴承内圈故障1/振动_电机2_50_时域-轴承内圈故障1-通道4.csv,5,0.0216119896956951,0.0004116413672856353,0.0006121990315767842,0.0032377646397456143,0.9738795976837952,0.00024680758190162263
Motor-2::50::/Users/hewenhao/Documents/电机驱动离心泵多故障电流与振动监测数据集/数据集/原始数据集/Vibration/Motor-2/50/轴承内圈故障1/振动_电机2_50_时域-轴承内圈故障1-通道4.csv::record_11,轴承故障,轴承故障,Motor-2,50,740.0,/Users/hewenhao/Documents/电机驱动离心泵多故障电流与振动监测数据集/数据集/原始数据集/Vibration/Motor-2/50/轴承内圈故障1/振动_电机2_50_时域-轴承内圈故障1-通道4.csv,11,0.08716832244136263,0.0008975357864181813,0.004491875365775435,0.003911266911916712,0.8994910198706767,0.004039979623850359
Motor-2::50::/Users/hewenhao/Documents/电机驱动离心泵多故障电流与振动监测数据集/数据集/原始数据集/Vibration/Motor-2/50/轴承内圈故障1/振动_电机2_50_时域-轴承内圈故障1-通道4.csv::record_16,轴承故障,轴承故障,Motor-2,50,740.0,/Users/hewenhao/Documents/电机驱动离心泵多故障电流与振动监测数据集/数据集/原始数据集/Vibration/Motor-2/50/轴承内圈故障1/振动_电机2_50_时域-轴承内圈故障1-通道4.csv,16,0.01850785101397987,0.000506647899141995,0.0012673809699561588,0.0016973518906749825,0.9774052573356903,0.0006155108905565731
Motor-2::50::/Users/hewenhao/Documents/电机驱动离心泵多故障电流与振动监测数据集/数据集/原始数据集/Vibration/Motor-2/50/轴承内圈故障1/振动_电机2_50_时域-轴承内圈故障1-通道4.csv::record_18,轴承故障,轴承故障,Motor-2,50,740.0,/Users/hewenhao/Documents/电机驱动离心泵多故障电流与振动监测数据集/数据集/原始数据集/Vibration/Motor-2/50/轴承内圈故障1/振动_电机2_50_时域-轴承内圈故障1-通道4.csv,18,0.042610600305051094,0.00040858319182261423,0.0009461264085930518,0.0018952537733769401,0.95376500822109,0.0003744281000663099
Motor-2::50::/Users/hewenhao/Documents/电机驱动离心泵多故障电流与振动监测数据集/数据集/原始数据集/Vibration/Motor-2/50/轴承内圈故障2/振动_电机2_50_时域-轴承内圈故障2-通道4.csv::record_3,轴承故障,轴承故障,Motor-2,50,740.0,/Users/hewenhao/Documents/电机驱动离心泵多故障电流与振动监测数据集/数据集/原始数据集/Vibration/Motor-2/50/轴承内圈故障2/振动_电机2_50_时域-轴承内圈故障2-通道4.csv,3,0.006477424662767557,0.0004688533975681036,0.0003958900455226596,0.022285606352051422,0.9698031336414596,0.0005690919006305976
Motor-2::50::/Users/hewenhao/Documents/电机驱动离心泵多故障电流与振动监测数据集/数据集/原始数据集/Vibration/Motor-2/50/轴承内圈故障2/振动_电机2_50_时域-轴承内圈故障2-通道4.csv::record_9,轴承故障,轴承故障,Motor-2,50,740.0,/Users/hewenhao/Documents/电机驱动离心泵多故障电流与振动监测数据集/数据集/原始数据集/Vibration/Motor-2/50/轴承内圈故障2/振动_电机2_50_时域-轴承内圈故障2-通道4.csv,9,0.0011537736720460016,4.0468461392613236e-05,0.00023156622083632516,9.985929564451722e-05,0.9984012087327068,7.312361737371697e-05
Motor-2::50::/Users/hewenhao/Documents/电机驱动离心泵多故障电流与振动监测数据集/数据集/原始数据集/Vibration/Motor-2/50/轴承外圈故障1/振动_电机2_50_时域-轴承外圈故障1-通道4.csv::record_4,轴承故障,轴承故障,Motor-2,50,740.0,/Users/hewenhao/Documents/电机驱动离心泵多故障电流与振动监测数据集/数据集/原始数据集/Vibration/Motor-2/50/轴承外圈故障1/振动_电机2_50_时域-轴承外圈故障1-通道4.csv,4,0.3914463792675299,0.00023707885473076292,0.00048646022419716086,0.0056993319513243615,0.6017593236076333,0.00037142609458427515
Motor-2::50::/Users/hewenhao/Documents/电机驱动离心泵多故障电流与振动监测数据集/数据集/原始数据集/Vibration/Motor-2/50/轴承外圈故障1/振动_电机2_50_时域-轴承外圈故障1-通道4.csv::record_6,轴承故障,轴承故障,Motor-2,50,740.0,/Users/hewenhao/Documents/电机驱动离心泵多故障电流与振动监测数据集/数据集/原始数据集/Vibration/Motor-2/50/轴承外圈故障1/振动_电机2_50_时域-轴承外圈故障1-通道4.csv,6,0.11816393498723304,0.0002224740551254663,0.000453329219045197,0.0003378003634530911,0.8805373797939915,0.00028508158115189003
Motor-2::50::/Users/hewenhao/Documents/电机驱动离心泵多故障电流与振动监测数据集/数据集/原始数据集/Vibration/Motor-2/50/轴承外圈故障2/振动_电机2_50_时域-轴承外圈故障2-通道4.csv::record_14,轴承故障,轴承故障,Motor-2,50,740.0,/Users/hewenhao/Documents/电机驱动离心泵多故障电流与振动监测数据集/数据集/原始数据集/Vibration/Motor-2/50/轴承外圈故障2/振动_电机2_50_时域-轴承外圈故障2-通道4.csv,14,0.06988325892226932,0.00020126402700783397,0.00037185285878570687,0.0014452648651459882,0.9279950858466735,0.00010327348011764501
Motor-2::50::/Users/hewenhao/Documents/电机驱动离心泵多故障电流与振动监测数据集/数据集/原始数据集/Vibration/Motor-2/50/轴承外圈故障3/振动_电机2_50_时域-轴承外圈故障3-通道4.csv::record_4,轴承故障,轴承故障,Motor-2,50,740.0,/Users/hewenhao/Documents/电机驱动离心泵多故障电流与振动监测数据集/数据集/原始数据集/Vibration/Motor-2/50/轴承外圈故障3/振动_电机2_50_时域-轴承外圈故障3-通道4.csv,4,0.136295107461619,0.0005038794746299937,0.001017505938296799,0.010955153981402642,0.8504847622265372,0.0007435909175145483
Motor-2::50::/Users/hewenhao/Documents/电机驱动离心泵多故障电流与振动监测数据集/数据集/原始数据集/Vibration/Motor-2/50/轴承外圈故障3/振动_电机2_50_时域-轴承外圈故障3-通道4.csv::record_10,轴承故障,轴承故障,Motor-2,50,740.0,/Users/hewenhao/Documents/电机驱动离心泵多故障电流与振动监测数据集/数据集/原始数据集/Vibration/Motor-2/50/轴承外圈故障3/振动_电机2_50_时域-轴承外圈故障3-通道4.csv,10,0.205618808688955,0.0006623650042292004,0.0004428204319620051,0.010091570992690755,0.7829131770473229,0.0002712578348400214
Motor-2::50::/Users/hewenhao/Documents/电机驱动离心泵多故障电流与振动监测数据集/数据集/原始数据集/Vibration/Motor-2/50/轴承外圈故障3/振动_电机2_50_时域-轴承外圈故障3-通道4.csv::record_14,轴承故障,轴承故障,Motor-2,50,740.0,/Users/hewenhao/Documents/电机驱动离心泵多故障电流与振动监测数据集/数据集/原始数据集/Vibration/Motor-2/50/轴承外圈故障3/振动_电机2_50_时域-轴承外圈故障3-通道4.csv,14,0.30844279856326684,0.0015512212087111757,0.0005615919988854418,0.007914491316094698,0.6809648453645076,0.0005650515485341189
Motor-2::50::/Users/hewenhao/Documents/电机驱动离心泵多故障电流与振动监测数据集/数据集/原始数据集/Vibration/Motor-2/50/轴承外圈故障3/振动_电机2_50_时域-轴承外圈故障3-通道4.csv::record_15,轴承故障,轴承故障,Motor-2,50,740.0,/Users/hewenhao/Documents/电机驱动离心泵多故障电流与振动监测数据集/数据集/原始数据集/Vibration/Motor-2/50/轴承外圈故障3/振动_电机2_50_时域-轴承外圈故障3-通道4.csv,15,0.27085375264270695,0.0011191109988303854,0.0005093115404431242,0.004916688591689404,0.7221348351992485,0.00046630102708168566
Motor-2::50::/Users/hewenhao/Documents/电机驱动离心泵多故障电流与振动监测数据集/数据集/原始数据集/Vibration/Motor-2/50/轴承污染/振动_电机2_50_时域-轴承污染-通道4.csv::record_8,轴承故障,轴承故障,Motor-2,50,740.0,/Users/hewenhao/Documents/电机驱动离心泵多故障电流与振动监测数据集/数据集/原始数据集/Vibration/Motor-2/50/轴承污染/振动_电机2_50_时域-轴承污染-通道4.csv,8,0.0179839553071893,0.000530744823478527,0.0005264185638190425,0.05314811339577501,0.9270795784742273,0.000731189435510972
Motor-2::50::/Users/hewenhao/Documents/电机驱动离心泵多故障电流与振动监测数据集/数据集/原始数据集/Vibration/Motor-2/50/轴承污染/振动_电机2_50_时域-轴承污染-通道4.csv::record_12,轴承故障,轴承故障,Motor-2,50,740.0,/Users/hewenhao/Documents/电机驱动离心泵多故障电流与振动监测数据集/数据集/原始数据集/Vibration/Motor-2/50/轴承污染/振动_电机2_50_时域-轴承污染-通道4.csv,12,0.007613853649879073,0.00023967659734499584,0.00019728519804265775,0.049069228622266516,0.9426253297114389,0.0002546262210277703
Motor-2::50::/Users/hewenhao/Documents/电机驱动离心泵多故障电流与振动监测数据集/数据集/原始数据集/Vibration/Motor-2/50/轴承污染/振动_电机2_50_时域-轴承污染-通道4.csv::record_14,轴承故障,轴承故障,Motor-2,50,740.0,/Users/hewenhao/Documents/电机驱动离心泵多故障电流与振动监测数据集/数据集/原始数据集/Vibration/Motor-2/50/轴承污染/振动_电机2_50_时域-轴承污染-通道4.csv,14,0.012391150297377723,0.0004723947343637283,0.00047192957653250723,0.09333886752199727,0.8927109014299759,0.0006147564397530918
Motor-2::50::/Users/hewenhao/Documents/电机驱动离心泵多故障电流与振动监测数据集/数据集/原始数据集/Vibration/Motor-2/50/轴承滚动体故障/振动_电机2_50_时域-轴承滚动体故障-通道4.csv::record_4,轴承故障,轴承故障,Motor-2,50,740.0,/Users/hewenhao/Documents/电机驱动离心泵多故障电流与振动监测数据集/数据集/原始数据集/Vibration/Motor-2/50/轴承滚动体故障/振动_电机2_50_时域-轴承滚动体故障-通道4.csv,4,0.18566777138672388,0.0008541483822749396,0.0003273970419548382,0.0336453169219655,0.7788552631417159,0.0006501031253649793
Motor-2::50::/Users/hewenhao/Documents/电机驱动离心泵多故障电流与振动监测数据集/数据集/原始数据集/Vibration/Motor-2/50/轴承滚动体故障/振动_电机2_50_时域-轴承滚动体故障-通道4.csv::record_5,轴承故障,轴承故障,Motor-2,50,740.0,/Users/hewenhao/Documents/电机驱动离心泵多故障电流与振动监测数据集/数据集/原始数据集/Vibration/Motor-2/50/轴承滚动体故障/振动_电机2_50_时域-轴承滚动体故障-通道4.csv,5,0.04058491599347751,0.001713422121857185,0.0006428991921743407,0.0771113203307659,0.8786475737048614,0.0012998686568636314
Motor-2::50::/Users/hewenhao/Documents/电机驱动离心泵多故障电流与振动监测数据集/数据集/原始数据集/Vibration/Motor-2/50/轴承滚动体故障/振动_电机2_50_时域-轴承滚动体故障-通道4.csv::record_6,轴承故障,轴承故障,Motor-2,50,740.0,/Users/hewenhao/Documents/电机驱动离心泵多故障电流与振动监测数据集/数据集/原始数据集/Vibration/Motor-2/50/轴承滚动体故障/振动_电机2_50_时域-轴承滚动体故障-通道4.csv,6,0.0229058777251841,0.00031340392613139577,0.0001148899779946933,0.08023262381157194,0.8962774611473072,0.0001557434118106228
Motor-2::50::/Users/hewenhao/Documents/电机驱动离心泵多故障电流与振动监测数据集/数据集/原始数据集/Vibration/Motor-2/50/轴承滚动体故障/振动_电机2_50_时域-轴承滚动体故障-通道4.csv::record_12,轴承故障,轴承故障,Motor-2,50,740.0,/Users/hewenhao/Documents/电机驱动离心泵多故障电流与振动监测数据集/数据集/原始数据集/Vibration/Motor-2/50/轴承滚动体故障/振动_电机2_50_时域-轴承滚动体故障-通道4.csv,12,0.029252020964680853,0.00028254092528723243,0.00044487597108771085,0.06747264780549173,0.9022069561140368,0.0003409582194156401
Motor-2::50::/Users/hewenhao/Documents/电机驱动离心泵多故障电流与振动监测数据集/数据集/原始数据集/Vibration/Motor-2/50/轴承滚动体故障/振动_电机2_50_时域-轴承滚动体故障-通道4.csv::record_14,轴承故障,轴承故障,Motor-2,50,740.0,/Users/hewenhao/Documents/电机驱动离心泵多故障电流与振动监测数据集/数据集/原始数据集/Vibration/Motor-2/50/轴承滚动体故障/振动_电机2_50_时域-轴承滚动体故障-通道4.csv,14,0.0430567288898496,0.00025260763040438084,0.0006456448448253328,0.07554802910900642,0.8799906677362328,0.0005063217896814822
Motor-2::75::/Users/hewenhao/Documents/电机驱动离心泵多故障电流与振动监测数据集/数据集/原始数据集/Vibration/Motor-2/75/正常状态1/振动_电机2_75_时域-正常状态1-通道4.csv::record_2,正常,正常,Motor-2,75,1110.0,/Users/hewenhao/Documents/电机驱动离心泵多故障电流与振动监测数据集/数据集/原始数据集/Vibration/Motor-2/75/正常状态1/振动_电机2_75_时域-正常状态1-通道4.csv,2,0.5876278145980065,0.001754336940633895,0.0008540900569112722,0.026430766249640816,0.38166298241710345,0.0016700097377038774
Motor-2::75::/Users/hewenhao/Documents/电机驱动离心泵多故障电流与振动监测数据集/数据集/原始数据集/Vibration/Motor-2/75/正常状态1/振动_电机2_75_时域-正常状态1-通道4.csv::record_10,正常,正常,Motor-2,75,1110.0,/Users/hewenhao/Documents/电机驱动离心泵多故障电流与振动监测数据集/数据集/原始数据集/Vibration/Motor-2/75/正常状态1/振动_电机2_75_时域-正常状态1-通道4.csv,10,0.7425151138894902,0.0003686479018743013,0.00035272990957644615,0.00474832904570552,0.25028360449589215,0.0017315747574612643
Motor-2::75::/Users/hewenhao/Documents/电机驱动离心泵多故障电流与振动监测数据集/数据集/原始数据集/Vibration/Motor-2/75/正常状态1/振动_电机2_75_时域-正常状态1-通道4.csv::record_14,正常,正常,Motor-2,75,1110.0,/Users/hewenhao/Documents/电机驱动离心泵多故障电流与振动监测数据集/数据集/原始数据集/Vibration/Motor-2/75/正常状态1/振动_电机2_75_时域-正常状态1-通道4.csv,14,0.7629224841312154,0.002239969875918,0.0009669940354870668,0.0036465670956470357,0.22557676299600013,0.004647221865732405
Motor-2::75::/Users/hewenhao/Documents/电机驱动离心泵多故障电流与振动监测数据集/数据集/原始数据集/Vibration/Motor-2/75/正常状态1/振动_电机2_75_时域-正常状态1-通道4.csv::record_15,正常,正常,Motor-2,75,1110.0,/Users/hewenhao/Documents/电机驱动离心泵多故障电流与振动监测数据集/数据集/原始数据集/Vibration/Motor-2/75/正常状态1/振动_电机2_75_时域-正常状态1-通道4.csv,15,0.6035352699069362,0.0012028092911210736,0.0007012538854968693,0.009597718650637042,0.38381471603919526,0.001148232226613472
Motor-2::75::/Users/hewenhao/Documents/电机驱动离心泵多故障电流与振动监测数据集/数据集/原始数据集/Vibration/Motor-2/75/正常状态1/振动_电机2_75_时域-正常状态1-通道4.csv::record_20,正常,正常,Motor-2,75,1110.0,/Users/hewenhao/Documents/电机驱动离心泵多故障电流与振动监测数据集/数据集/原始数据集/Vibration/Motor-2/75/正常状态1/振动_电机2_75_时域-正常状态1-通道4.csv,20,0.8457108842445866,7.4655921499592e-05,0.00010632851119976235,0.0038824472491379145,0.1496418718683351,0.0005838122052410786
Motor-2::75::/Users/hewenhao/Documents/电机驱动离心泵多故障电流与振动监测数据集/数据集/原始数据集/Vibration/Motor-2/75/正常状态1/振动_电机2_75_时域-正常状态1-通道4.csv::record_21,正常,正常,Motor-2,75,1110.0,/Users/hewenhao/Documents/电机驱动离心泵多故障电流与振动监测数据集/数据集/原始数据集/Vibration/Motor-2/75/正常状态1/振动_电机2_75_时域-正常状态1-通道4.csv,21,0.7949230019623593,0.00011164868034533649,0.00013775654533470163,0.002905515153576912,0.2016046827636546,0.0003173948947292216
Motor-2::75::/Users/hewenhao/Documents/电机驱动离心泵多故障电流与振动监测数据集/数据集/原始数据集/Vibration/Motor-2/75/正常状态1/振动_电机2_75_时域-正常状态1-通道4.csv::record_23,正常,正常,Motor-2,75,1110.0,/Users/hewenhao/Documents/电机驱动离心泵多故障电流与振动监测数据集/数据集/原始数据集/Vibration/Motor-2/75/正常状态1/振动_电机2_75_时域-正常状态1-通道4.csv,23,0.8839410781757416,0.003326745489947989,0.001483061632709173,0.006818141975147489,0.09771131341632244,0.006719659310131281
Motor-2::75::/Users/hewenhao/Documents/电机驱动离心泵多故障电流与振动监测数据集/数据集/原始数据集/Vibration/Motor-2/75/正常状态1/振动_电机2_75_时域-正常状态1-通道4.csv::record_24,正常,正常,Motor-2,75,1110.0,/Users/hewenhao/Documents/电机驱动离心泵多故障电流与振动监测数据集/数据集/原始数据集/Vibration/Motor-2/75/正常状态1/振动_电机2_75_时域-正常状态1-通道4.csv,24,0.8682159397202855,0.0007146113015833596,0.0007065755108586243,0.0030837524233484626,0.12313154702991946,0.004147574014004471
Motor-2::75::/Users/hewenhao/Documents/电机驱动离心泵多故障电流与振动监测数据集/数据集/原始数据集/Vibration/Motor-2/75/正常状态1/振动_电机2_75_时域-正常状态1-通道4.csv::record_30,正常,正常,Motor-2,75,1110.0,/Users/hewenhao/Documents/电机驱动离心泵多故障电流与振动监测数据集/数据集/原始数据集/Vibration/Motor-2/75/正常状态1/振动_电机2_75_时域-正常状态1-通道4.csv,30,0.7626482068087003,0.0015056366571054196,0.0007153497385202804,0.0029429237920972403,0.23090816602322348,0.0012797169803532415
Motor-2::75::/Users/hewenhao/Documents/电机驱动离心泵多故障电流与振动监测数据集/数据集/原始数据集/Vibration/Motor-2/75/正常状态1/振动_电机2_75_时域-正常状态1-通道4.csv::record_33,正常,正常,Motor-2,75,1110.0,/Users/hewenhao/Documents/电机驱动离心泵多故障电流与振动监测数据集/数据集/原始数据集/Vibration/Motor-2/75/正常状态1/振动_电机2_75_时域-正常状态1-通道4.csv,33,0.7543533801437874,0.001763523040649419,0.000862347235674557,0.004631557545200433,0.23706495543153933,0.0013242366031489723
Motor-2::75::/Users/hewenhao/Documents/电机驱动离心泵多故障电流与振动监测数据集/数据集/原始数据集/Vibration/Motor-2/75/正常状态1/振动_电机2_75_时域-正常状态1-通道4.csv::record_39,正常,正常,Motor-2,75,1110.0,/Users/hewenhao/Documents/电机驱动离心泵多故障电流与振动监测数据集/数据集/原始数据集/Vibration/Motor-2/75/正常状态1/振动_电机2_75_时域-正常状态1-通道4.csv,39,0.6159284038993914,0.0016649408824968024,0.0009204658115911355,0.007126462080613969,0.37270977077446715,0.0016499565514395526
Motor-2::75::/Users/hewenhao/Documents/电机驱动离心泵多故障电流与振动监测数据集/数据集/原始数据集/Vibration/Motor-2/75/正常状态1/振动_电机2_75_时域-正常状态1-通道4.csv::record_42,正常,正常,Motor-2,75,1110.0,/Users/hewenhao/Documents/电机驱动离心泵多故障电流与振动监测数据集/数据集/原始数据集/Vibration/Motor-2/75/正常状态1/振动_电机2_75_时域-正常状态1-通道4.csv,42,0.5803016036016606,0.0017293283764242022,0.0005357837592464055,0.002949935525473034,0.4136062016011334,0.0008771471360623592
Motor-2::75::/Users/hewenhao/Documents/电机驱动离心泵多故障电流与振动监测数据集/数据集/原始数据集/Vibration/Motor-2/75/正常状态1/振动_电机2_75_时域-正常状态1-通道4.csv::record_43,正常,正常,Motor-2,75,1110.0,/Users/hewenhao/Documents/电机驱动离心泵多故障电流与振动监测数据集/数据集/原始数据集/Vibration/Motor-2/75/正常状态1/振动_电机2_75_时域-正常状态1-通道4.csv,43,0.6374953974838601,0.0016317433806197395,0.0003160105871796369,0.001471237696369983,0.35859387783408586,0.0004917330178848237
Motor-2::75::/Users/hewenhao/Documents/电机驱动离心泵多故障电流与振动监测数据集/数据集/原始数据集/Vibration/Motor-2/75/正常状态1/振动_电机2_75_时域-正常状态1-通道4.csv::record_48,正常,正常,Motor-2,75,1110.0,/Users/hewenhao/Documents/电机驱动离心泵多故障电流与振动监测数据集/数据集/原始数据集/Vibration/Motor-2/75/正常状态1/振动_电机2_75_时域-正常状态1-通道4.csv,48,0.8768159584051967,0.0013747033727052223,0.00018153151392177693,0.0017576890166607422,0.11946291587332696,0.000407201818188659
Motor-2::75::/Users/hewenhao/Documents/电机驱动离心泵多故障电流与振动监测数据集/数据集/原始数据集/Vibration/Motor-2/75/正常状态1/振动_电机2_75_时域-正常状态1-通道4.csv::record_59,正常,正常,Motor-2,75,1110.0,/Users/hewenhao/Documents/电机驱动离心泵多故障电流与振动监测数据集/数据集/原始数据集/Vibration/Motor-2/75/正常状态1/振动_电机2_75_时域-正常状态1-通道4.csv,59,0.7217904117113902,0.0025115202086723703,0.0012179497543669511,0.005248852745782038,0.2661528918148845,0.003078373764903989
Motor-2::75::/Users/hewenhao/Documents/电机驱动离心泵多故障电流与振动监测数据集/数据集/原始数据集/Vibration/Motor-2/75/正常状态2/振动_电机2_75_时域-正常状态2-通道4.csv::record_8,正常,正常,Motor-2,75,1110.0,/Users/hewenhao/Documents/电机驱动离心泵多故障电流与振动监测数据集/数据集/原始数据集/Vibration/Motor-2/75/正常状态2/振动_电机2_75_时域-正常状态2-通道4.csv,8,0.8404689117532053,0.00033258877009663103,0.00031966629814712436,0.09656941807254514,0.06169097469375279,0.0006184404122531312
Motor-2::75::/Users/hewenhao/Documents/电机驱动离心泵多故障电流与振动监测数据集/数据集/原始数据集/Vibration/Motor-2/75/正常状态2/振动_电机2_75_时域-正常状态2-通道4.csv::record_14,正常,正常,Motor-2,75,1110.0,/Users/hewenhao/Documents/电机驱动离心泵多故障电流与振动监测数据集/数据集/原始数据集/Vibration/Motor-2/75/正常状态2/振动_电机2_75_时域-正常状态2-通道4.csv,14,0.8563404182085365,0.0002773962102054832,0.0002861717685094432,0.09239841769950355,0.05028463288388087,0.00041296322936427537
Motor-2::75::/Users/hewenhao/Documents/电机驱动离心泵多故障电流与振动监测数据集/数据集/原始数据集/Vibration/Motor-2/75/正常状态2/振动_电机2_75_时域-正常状态2-通道4.csv::record_15,正常,正常,Motor-2,75,1110.0,/Users/hewenhao/Documents/电机驱动离心泵多故障电流与振动监测数据集/数据集/原始数据集/Vibration/Motor-2/75/正常状态2/振动_电机2_75_时域-正常状态2-通道4.csv,15,0.8563601985030463,0.0004723450049461734,0.0002322704966035012,0.07257503549947579,0.06996252135658124,0.00039762913934705764
Motor-2::75::/Users/hewenhao/Documents/电机驱动离心泵多故障电流与振动监测数据集/数据集/原始数据集/Vibration/Motor-2/75/正常状态2/振动_电机2_75_时域-正常状态2-通道4.csv::record_31,正常,正常,Motor-2,75,1110.0,/Users/hewenhao/Documents/电机驱动离心泵多故障电流与振动监测数据集/数据集/原始数据集/Vibration/Motor-2/75/正常状态2/振动_电机2_75_时域-正常状态2-通道4.csv,31,0.7998825200809048,0.0006997450282749145,0.00040678429531391735,0.12586727026942476,0.07253638955771725,0.0006072907683642925
Motor-2::75::/Users/hewenhao/Documents/电机驱动离心泵多故障电流与振动监测数据集/数据集/原始数据集/Vibration/Motor-2/75/正常状态2/振动_电机2_75_时域-正常状态2-通道4.csv::record_50,正常,正常,Motor-2,75,1110.0,/Users/hewenhao/Documents/电机驱动离心泵多故障电流与振动监测数据集/数据集/原始数据集/Vibration/Motor-2/75/正常状态2/振动_电机2_75_时域-正常状态2-通道4.csv,50,0.8114681717238165,0.000663346032846819,0.0004464822357741574,0.12490117565110646,0.061854167216866415,0.000666657139589761
Motor-2::75::/Users/hewenhao/Documents/电机驱动离心泵多故障电流与振动监测数据集/数据集/原始数据集/Vibration/Motor-2/75/正常状态2/振动_电机2_75_时域-正常状态2-通道4.csv::record_52,正常,正常,Motor-2,75,1110.0,/Users/hewenhao/Documents/电机驱动离心泵多故障电流与振动监测数据集/数据集/原始数据集/Vibration/Motor-2/75/正常状态2/振动_电机2_75_时域-正常状态2-通道4.csv,52,0.7862151055120883,0.0007730465205259256,0.0003897946159420031,0.150498762851391,0.0615707405308417,0.0005525499692111886
Motor-2::75::/Users/hewenhao/Documents/电机驱动离心泵多故障电流与振动监测数据集/数据集/原始数据集/Vibration/Motor-2/75/正常状态2/振动_电机2_75_时域-正常状态2-通道4.csv::record_54,正常,正常,Motor-2,75,1110.0,/Users/hewenhao/Documents/电机驱动离心泵多故障电流与振动监测数据集/数据集/原始数据集/Vibration/Motor-2/75/正常状态2/振动_电机2_75_时域-正常状态2-通道4.csv,54,0.8141778874111049,0.001641986909564512,0.001013217988366592,0.11495175515121739,0.06671288252222303,0.0015022700175235126
Motor-2::75::/Users/hewenhao/Documents/电机驱动离心泵多故障电流与振动监测数据集/数据集/原始数据集/Vibration/Motor-2/75/正常状态2/振动_电机2_75_时域-正常状态2-通道4.csv::record_58,正常,正常,Motor-2,75,1110.0,/Users/hewenhao/Documents/电机驱动离心泵多故障电流与振动监测数据集/数据集/原始数据集/Vibration/Motor-2/75/正常状态2/振动_电机2_75_时域-正常状态2-通道4.csv,58,0.827016447389687,0.0002003940971676962,0.0002592222091447795,0.10498948731764514,0.06719023304335627,0.00034421594299912213
Motor-2::75::/Users/hewenhao/Documents/电机驱动离心泵多故障电流与振动监测数据集/数据集/原始数据集/Vibration/Motor-2/75/正常状态3/振动_电机2_75_时域-正常状态3-通道4.csv::record_8,正常,正常,Motor-2,75,1110.0,/Users/hewenhao/Documents/电机驱动离心泵多故障电流与振动监测数据集/数据集/原始数据集/Vibration/Motor-2/75/正常状态3/振动_电机2_75_时域-正常状态3-通道4.csv,8,0.9783160702042979,1.9971316573499344e-05,0.00011221533754686564,0.009558808659785648,0.011952504188610914,4.043029318525945e-05
Motor-2::75::/Users/hewenhao/Documents/电机驱动离心泵多故障电流与振动监测数据集/数据集/原始数据集/Vibration/Motor-2/75/正常状态3/振动_电机2_75_时域-正常状态3-通道4.csv::record_13,正常,正常,Motor-2,75,1110.0,/Users/hewenhao/Documents/电机驱动离心泵多故障电流与振动监测数据集/数据集/原始数据集/Vibration/Motor-2/75/正常状态3/振动_电机2_75_时域-正常状态3-通道4.csv,13,0.9800140198305302,1.0453071350706708e-05,5.6641281176493955e-05,0.0071713880720802045,0.012528743248588709,0.00021875449627386587
Motor-2::75::/Users/hewenhao/Documents/电机驱动离心泵多故障电流与振动监测数据集/数据集/原始数据集/Vibration/Motor-2/75/正常状态3/振动_电机2_75_时域-正常状态3-通道4.csv::record_17,正常,正常,Motor-2,75,1110.0,/Users/hewenhao/Documents/电机驱动离心泵多故障电流与振动监测数据集/数据集/原始数据集/Vibration/Motor-2/75/正常状态3/振动_电机2_75_时域-正常状态3-通道4.csv,17,0.9606129888928856,4.29894629493655e-05,8.318486915636957e-05,0.0177053316930054,0.021475498330975812,8.000675102734737e-05
Motor-2::75::/Users/hewenhao/Documents/电机驱动离心泵多故障电流与振动监测数据集/数据集/原始数据集/Vibration/Motor-2/75/正常状态3/振动_电机2_75_时域-正常状态3-通道4.csv::record_24,正常,正常,Motor-2,75,1110.0,/Users/hewenhao/Documents/电机驱动离心泵多故障电流与振动监测数据集/数据集/原始数据集/Vibration/Motor-2/75/正常状态3/振动_电机2_75_时域-正常状态3-通道4.csv,24,0.9835983962164351,8.960684147985358e-06,5.374211474278608e-05,0.005270652626015067,0.011027661239077193,4.058711958195455e-05
Motor-2::75::/Users/hewenhao/Documents/电机驱动离心泵多故障电流与振动监测数据集/数据集/原始数据集/Vibration/Motor-2/75/正常状态3/振动_电机2_75_时域-正常状态3-通道4.csv::record_30,正常,正常,Motor-2,75,1110.0,/Users/hewenhao/Documents/电机驱动离心泵多故障电流与振动监测数据集/数据集/原始数据集/Vibration/Motor-2/75/正常状态3/振动_电机2_75_时域-正常状态3-通道4.csv,30,0.9752469646530305,1.8424136230414233e-05,7.910898748073535e-05,0.016296448785598227,0.007937075991612261,0.00042197744604799295
Motor-2::75::/Users/hewenhao/Documents/电机驱动离心泵多故障电流与振动监测数据集/数据集/原始数据集/Vibration/Motor-2/75/正常状态3/振动_电机2_75_时域-正常状态3-通道4.csv::record_31,正常,正常,Motor-2,75,1110.0,/Users/hewenhao/Documents/电机驱动离心泵多故障电流与振动监测数据集/数据集/原始数据集/Vibration/Motor-2/75/正常状态3/振动_电机2_75_时域-正常状态3-通道4.csv,31,0.9732536667360822,6.789498361863238e-05,0.00012791097225226545,0.011739744010252861,0.013285063684158206,0.0015257196136358728
Motor-2::75::/Users/hewenhao/Documents/电机驱动离心泵多故障电流与振动监测数据集/数据集/原始数据集/Vibration/Motor-2/75/正常状态3/振动_电机2_75_时域-正常状态3-通道4.csv::record_33,正常,正常,Motor-2,75,1110.0,/Users/hewenhao/Documents/电机驱动离心泵多故障电流与振动监测数据集/数据集/原始数据集/Vibration/Motor-2/75/正常状态3/振动_电机2_75_时域-正常状态3-通道4.csv,33,0.9625401780168475,3.5241442535403786e-05,8.967334027853057e-05,0.01843332716312411,0.01883365998662972,6.792005058465273e-05
Motor-2::75::/Users/hewenhao/Documents/电机驱动离心泵多故障电流与振动监测数据集/数据集/原始数据集/Vibration/Motor-2/75/正常状态3/振动_电机2_75_时域-正常状态3-通道4.csv::record_34,正常,正常,Motor-2,75,1110.0,/Users/hewenhao/Documents/电机驱动离心泵多故障电流与振动监测数据集/数据集/原始数据集/Vibration/Motor-2/75/正常状态3/振动_电机2_75_时域-正常状态3-通道4.csv,34,0.9570911369634474,2.8547773891300296e-05,0.00010856277907002753,0.032350881943450406,0.010069154027311976,0.0003517165128289511
Motor-2::75::/Users/hewenhao/Documents/电机驱动离心泵多故障电流与振动监测数据集/数据集/原始数据集/Vibration/Motor-2/75/正常状态3/振动_电机2_75_时域-正常状态3-通道4.csv::record_36,正常,正常,Motor-2,75,1110.0,/Users/hewenhao/Documents/电机驱动离心泵多故障电流与振动监测数据集/数据集/原始数据集/Vibration/Motor-2/75/正常状态3/振动_电机2_75_时域-正常状态3-通道4.csv,36,0.9902011568550508,2.118018638505418e-05,6.337481495175203e-05,0.003957343331764663,0.005685293977479921,7.165083436784626e-05
Motor-2::75::/Users/hewenhao/Documents/电机驱动离心泵多故障电流与振动监测数据集/数据集/原始数据集/Vibration/Motor-2/75/正常状态3/振动_电机2_75_时域-正常状态3-通道4.csv::record_39,正常,正常,Motor-2,75,1110.0,/Users/hewenhao/Documents/电机驱动离心泵多故障电流与振动监测数据集/数据集/原始数据集/Vibration/Motor-2/75/正常状态3/振动_电机2_75_时域-正常状态3-通道4.csv,39,0.9871970004742452,4.226155348635622e-06,6.157976046234789e-05,0.005727334264642518,0.006875566520337975,0.00013429282496325273
Motor-2::75::/Users/hewenhao/Documents/电机驱动离心泵多故障电流与振动监测数据集/数据集/原始数据集/Vibration/Motor-2/75/正常状态3/振动_电机2_75_时域-正常状态3-通道4.csv::record_42,正常,正常,Motor-2,75,1110.0,/Users/hewenhao/Documents/电机驱动离心泵多故障电流与振动监测数据集/数据集/原始数据集/Vibration/Motor-2/75/正常状态3/振动_电机2_75_时域-正常状态3-通道4.csv,42,0.9744402375239885,6.70736827746666e-05,0.00012755316595800204,0.013204642171528988,0.01062853151742895,0.0015319619383210776
Motor-2::75::/Users/hewenhao/Documents/电机驱动离心泵多故障电流与振动监测数据集/数据集/原始数据集/Vibration/Motor-2/75/正常状态3/振动_电机2_75_时域-正常状态3-通道4.csv::record_55,正常,正常,Motor-2,75,1110.0,/Users/hewenhao/Documents/电机驱动离心泵多故障电流与振动监测数据集/数据集/原始数据集/Vibration/Motor-2/75/正常状态3/振动_电机2_75_时域-正常状态3-通道4.csv,55,0.9733847757237443,0.00010920802712975767,0.00015722132735912926,0.012774185846714472,0.01216038300666819,0.0014142260683841412
Motor-2::75::/Users/hewenhao/Documents/电机驱动离心泵多故障电流与振动监测数据集/数据集/原始数据集/Vibration/Motor-2/75/正常状态3/振动_电机2_75_时域-正常状态3-通道4.csv::record_58,正常,正常,Motor-2,75,1110.0,/Users/hewenhao/Documents/电机驱动离心泵多故障电流与振动监测数据集/数据集/原始数据集/Vibration/Motor-2/75/正常状态3/振动_电机2_75_时域-正常状态3-通道4.csv,58,0.9782995079261372,6.109288568458893e-05,0.00011132628026526764,0.010975793843489694,0.010247138180178106,0.00030514088424507676
Motor-2::75::/Users/hewenhao/Documents/电机驱动离心泵多故障电流与振动监测数据集/数据集/原始数据集/Vibration/Motor-2/75/泵地脚松动/振动_电机2_75_时域-泵地脚松动-通道4.csv::record_2,松动,松动,Motor-2,75,1110.0,/Users/hewenhao/Documents/电机驱动离心泵多故障电流与振动监测数据集/数据集/原始数据集/Vibration/Motor-2/75/泵地脚松动/振动_电机2_75_时域-泵地脚松动-通道4.csv,2,0.39034069788148107,0.0007415830183345475,0.0006025231439479431,0.4249925148029455,0.18242513201458388,0.0008975491387070933
Motor-2::75::/Users/hewenhao/Documents/电机驱动离心泵多故障电流与振动监测数据集/数据集/原始数据集/Vibration/Motor-2/75/泵地脚松动/振动_电机2_75_时域-泵地脚松动-通道4.csv::record_5,松动,松动,Motor-2,75,1110.0,/Users/hewenhao/Documents/电机驱动离心泵多故障电流与振动监测数据集/数据集/原始数据集/Vibration/Motor-2/75/泵地脚松动/振动_电机2_75_时域-泵地脚松动-通道4.csv,5,0.3261299397009868,0.0009997875075741138,0.0008978572178711404,0.5676160207164418,0.10306729187798394,0.001289102979142055
Motor-2::75::/Users/hewenhao/Documents/电机驱动离心泵多故障电流与振动监测数据集/数据集/原始数据集/Vibration/Motor-2/75/泵地脚松动/振动_电机2_75_时域-泵地脚松动-通道4.csv::record_11,松动,松动,Motor-2,75,1110.0,/Users/hewenhao/Documents/电机驱动离心泵多故障电流与振动监测数据集/数据集/原始数据集/Vibration/Motor-2/75/泵地脚松动/振动_电机2_75_时域-泵地脚松动-通道4.csv,11,0.3575568775801895,0.0015553154004207578,0.0009162403572768965,0.5094904271187496,0.1288935818001207,0.0015875577432425932
Motor-2::75::/Users/hewenhao/Documents/电机驱动离心泵多故障电流与振动监测数据集/数据集/原始数据集/Vibration/Motor-2/75/泵轴承故障1/振动_电机2_75_时域-泵轴承故障1-通道4.csv::record_4,轴承故障,轴承故障,Motor-2,75,1110.0,/Users/hewenhao/Documents/电机驱动离心泵多故障电流与振动监测数据集/数据集/原始数据集/Vibration/Motor-2/75/泵轴承故障1/振动_电机2_75_时域-泵轴承故障1-通道4.csv,4,0.03415044911165229,6.016409688820247e-05,0.0001478217659983539,0.0008602712975719318,0.9636943381251919,0.0010869556026974335
Motor-2::75::/Users/hewenhao/Documents/电机驱动离心泵多故障电流与振动监测数据集/数据集/原始数据集/Vibration/Motor-2/75/泵轴承故障1/振动_电机2_75_时域-泵轴承故障1-通道4.csv::record_9,轴承故障,轴承故障,Motor-2,75,1110.0,/Users/hewenhao/Documents/电机驱动离心泵多故障电流与振动监测数据集/数据集/原始数据集/Vibration/Motor-2/75/泵轴承故障1/振动_电机2_75_时域-泵轴承故障1-通道4.csv,9,0.020863837115393954,0.00017892582561167017,0.0005965551778261018,0.005265124342884938,0.9705851694616484,0.0025103880766349667
Motor-2::75::/Users/hewenhao/Documents/电机驱动离心泵多故障电流与振动监测数据集/数据集/原始数据集/Vibration/Motor-2/75/泵轴承故障1/振动_电机2_75_时域-泵轴承故障1-通道4.csv::record_12,轴承故障,轴承故障,Motor-2,75,1110.0,/Users/hewenhao/Documents/电机驱动离心泵多故障电流与振动监测数据集/数据集/原始数据集/Vibration/Motor-2/75/泵轴承故障1/振动_电机2_75_时域-泵轴承故障1-通道4.csv,12,0.08389963879886961,0.0004651145378446465,0.0004404459279933336,0.0010813244649136556,0.9097034287240866,0.004410047546292128
Motor-2::75::/Users/hewenhao/Documents/电机驱动离心泵多故障电流与振动监测数据集/数据集/原始数据集/Vibration/Motor-2/75/泵轴承故障3/振动_电机2_75_时域-泵轴承故障3-通道4.csv::record_2,轴承故障,轴承故障,Motor-2,75,1110.0,/Users/hewenhao/Documents/电机驱动离心泵多故障电流与振动监测数据集/数据集/原始数据集/Vibration/Motor-2/75/泵轴承故障3/振动_电机2_75_时域-泵轴承故障3-通道4.csv,2,0.0010801094003473738,1.7566845444585987e-05,3.3307818524891846e-05,0.013359337786950242,0.9854969933476305,1.2684801102447192e-05
Motor-2::75::/Users/hewenhao/Documents/电机驱动离心泵多故障电流与振动监测数据集/数据集/原始数据集/Vibration/Motor-2/75/泵轴承故障3/振动_电机2_75_时域-泵轴承故障3-通道4.csv::record_6,轴承故障,轴承故障,Motor-2,75,1110.0,/Users/hewenhao/Documents/电机驱动离心泵多故障电流与振动监测数据集/数据集/原始数据集/Vibration/Motor-2/75/泵轴承故障3/振动_电机2_75_时域-泵轴承故障3-通道4.csv,6,0.0005196039906876867,1.5392361403530242e-05,2.046386051464812e-05,0.017085099442568988,0.9823473430554271,1.2097289398226028e-05
Motor-2::75::/Users/hewenhao/Documents/电机驱动离心泵多故障电流与振动监测数据集/数据集/原始数据集/Vibration/Motor-2/75/泵轴承故障3/振动_电机2_75_时域-泵轴承故障3-通道4.csv::record_10,轴承故障,轴承故障,Motor-2,75,1110.0,/Users/hewenhao/Documents/电机驱动离心泵多故障电流与振动监测数据集/数据集/原始数据集/Vibration/Motor-2/75/泵轴承故障3/振动_电机2_75_时域-泵轴承故障3-通道4.csv,10,0.0016516907730151386,6.738184509107482e-05,6.65868366206085e-05,0.027251972075481492,0.9708856230294717,7.674544031979744e-05
Motor-2::75::/Users/hewenhao/Documents/电机驱动离心泵多故障电流与振动监测数据集/数据集/原始数据集/Vibration/Motor-2/75/电机地脚松动/振动_电机2_75_时域-电机地脚松动-通道4.csv::record_0,松动,松动,Motor-2,75,1110.0,/Users/hewenhao/Documents/电机驱动离心泵多故障电流与振动监测数据集/数据集/原始数据集/Vibration/Motor-2/75/电机地脚松动/振动_电机2_75_时域-电机地脚松动-通道4.csv,0,0.018004239360949102,0.0004792542007407349,0.0004994960064940521,0.8953996594700078,0.0844851619488236,0.0011321890129846405
Motor-2::75::/Users/hewenhao/Documents/电机驱动离心泵多故障电流与振动监测数据集/数据集/原始数据集/Vibration/Motor-2/75/电机地脚松动/振动_电机2_75_时域-电机地脚松动-通道4.csv::record_2,松动,松动,Motor-2,75,1110.0,/Users/hewenhao/Documents/电机驱动离心泵多故障电流与振动监测数据集/数据集/原始数据集/Vibration/Motor-2/75/电机地脚松动/振动_电机2_75_时域-电机地脚松动-通道4.csv,2,0.03555930614227245,0.0004819416119587443,0.00046202710737511563,0.8868562352379239,0.07481646641193182,0.0018240234885379795
Motor-2::75::/Users/hewenhao/Documents/电机驱动离心泵多故障电流与振动监测数据集/数据集/原始数据集/Vibration/Motor-2/75/软脚1/振动_电机2_75_时域-软脚1-通道4.csv::record_0,松动,松动,Motor-2,75,1110.0,/Users/hewenhao/Documents/电机驱动离心泵多故障电流与振动监测数据集/数据集/原始数据集/Vibration/Motor-2/75/软脚1/振动_电机2_75_时域-软脚1-通道4.csv,0,0.12603390945500165,0.0004212147153517983,0.0004604842789617703,0.6902041089642539,0.1822473038941229,0.0006329786923081448
Motor-2::75::/Users/hewenhao/Documents/电机驱动离心泵多故障电流与振动监测数据集/数据集/原始数据集/Vibration/Motor-2/75/软脚1/振动_电机2_75_时域-软脚1-通道4.csv::record_7,松动,松动,Motor-2,75,1110.0,/Users/hewenhao/Documents/电机驱动离心泵多故障电流与振动监测数据集/数据集/原始数据集/Vibration/Motor-2/75/软脚1/振动_电机2_75_时域-软脚1-通道4.csv,7,0.10198314544393669,0.0004732012217839222,0.00037939693406248664,0.6982633775889073,0.19832179229142793,0.0005790865198816352
Motor-2::75::/Users/hewenhao/Documents/电机驱动离心泵多故障电流与振动监测数据集/数据集/原始数据集/Vibration/Motor-2/75/软脚2/振动_电机2_75_时域-软脚2-通道4.csv::record_1,松动,松动,Motor-2,75,1110.0,/Users/hewenhao/Documents/电机驱动离心泵多故障电流与振动监测数据集/数据集/原始数据集/Vibration/Motor-2/75/软脚2/振动_电机2_75_时域-软脚2-通道4.csv,1,0.12846489447608778,0.0014133037258560258,0.0010226693274490964,0.5420381896410158,0.3256023556411507,0.0014585871884405953
Motor-2::75::/Users/hewenhao/Documents/电机驱动离心泵多故障电流与振动监测数据集/数据集/原始数据集/Vibration/Motor-2/75/软脚2/振动_电机2_75_时域-软脚2-通道4.csv::record_3,松动,松动,Motor-2,75,1110.0,/Users/hewenhao/Documents/电机驱动离心泵多故障电流与振动监测数据集/数据集/原始数据集/Vibration/Motor-2/75/软脚2/振动_电机2_75_时域-软脚2-通道4.csv,3,0.21987934120159747,0.0010346122893180646,0.0008424511288082703,0.44645699572306635,0.33072169622969616,0.0010649034275136194
Motor-2::75::/Users/hewenhao/Documents/电机驱动离心泵多故障电流与振动监测数据集/数据集/原始数据集/Vibration/Motor-2/75/软脚2/振动_电机2_75_时域-软脚2-通道4.csv::record_7,松动,松动,Motor-2,75,1110.0,/Users/hewenhao/Documents/电机驱动离心泵多故障电流与振动监测数据集/数据集/原始数据集/Vibration/Motor-2/75/软脚2/振动_电机2_75_时域-软脚2-通道4.csv,7,0.1407895901023936,0.001031307582280219,0.0007589834456965832,0.5145092227989989,0.3419152313313023,0.0009956647393284071
Motor-2::75::/Users/hewenhao/Documents/电机驱动离心泵多故障电流与振动监测数据集/数据集/原始数据集/Vibration/Motor-2/75/软脚2/振动_电机2_75_时域-软脚2-通道4.csv::record_10,松动,松动,Motor-2,75,1110.0,/Users/hewenhao/Documents/电机驱动离心泵多故障电流与振动监测数据集/数据集/原始数据集/Vibration/Motor-2/75/软脚2/振动_电机2_75_时域-软脚2-通道4.csv,10,0.21236651584565966,0.0011376696904389846,0.0008097148297281268,0.5490548277696989,0.23558246228248125,0.0010488095819931413
Motor-2::75::/Users/hewenhao/Documents/电机驱动离心泵多故障电流与振动监测数据集/数据集/原始数据集/Vibration/Motor-2/75/软脚2/振动_电机2_75_时域-软脚2-通道4.csv::record_13,松动,松动,Motor-2,75,1110.0,/Users/hewenhao/Documents/电机驱动离心泵多故障电流与振动监测数据集/数据集/原始数据集/Vibration/Motor-2/75/软脚2/振动_电机2_75_时域-软脚2-通道4.csv,13,0.19007118850715063,0.0009638525525080371,0.0006230667663425406,0.5867010136042864,0.220664053948224,0.0009768246214885913
Motor-2::75::/Users/hewenhao/Documents/电机驱动离心泵多故障电流与振动监测数据集/数据集/原始数据集/Vibration/Motor-2/75/轴承内圈故障1/振动_电机2_75_时域-轴承内圈故障1-通道4.csv::record_1,轴承故障,轴承故障,Motor-2,75,1110.0,/Users/hewenhao/Documents/电机驱动离心泵多故障电流与振动监测数据集/数据集/原始数据集/Vibration/Motor-2/75/轴承内圈故障1/振动_电机2_75_时域-轴承内圈故障1-通道4.csv,1,0.154966963927891,3.6665546958319594e-05,0.00010117066001616589,0.0008436662703431861,0.8438535988456649,0.0001979347491264842
Motor-2::75::/Users/hewenhao/Documents/电机驱动离心泵多故障电流与振动监测数据集/数据集/原始数据集/Vibration/Motor-2/75/轴承内圈故障2/振动_电机2_75_时域-轴承内圈故障2-通道4.csv::record_2,轴承故障,轴承故障,Motor-2,75,1110.0,/Users/hewenhao/Documents/电机驱动离心泵多故障电流与振动监测数据集/数据集/原始数据集/Vibration/Motor-2/75/轴承内圈故障2/振动_电机2_75_时域-轴承内圈故障2-通道4.csv,2,0.1580464652138589,0.0009777862692952237,0.0002842386695522595,0.03593694800534717,0.8042769228889817,0.00047763895296467533
Motor-2::75::/Users/hewenhao/Documents/电机驱动离心泵多故障电流与振动监测数据集/数据集/原始数据集/Vibration/Motor-2/75/轴承内圈故障2/振动_电机2_75_时域-轴承内圈故障2-通道4.csv::record_8,轴承故障,轴承故障,Motor-2,75,1110.0,/Users/hewenhao/Documents/电机驱动离心泵多故障电流与振动监测数据集/数据集/原始数据集/Vibration/Motor-2/75/轴承内圈故障2/振动_电机2_75_时域-轴承内圈故障2-通道4.csv,8,0.21150209956681545,0.00024907055239126836,0.00024085236453434683,0.03589507620140544,0.7517790508220162,0.0003338504928373736
Motor-2::75::/Users/hewenhao/Documents/电机驱动离心泵多故障电流与振动监测数据集/数据集/原始数据集/Vibration/Motor-2/75/轴承内圈故障2/振动_电机2_75_时域-轴承内圈故障2-通道4.csv::record_13,轴承故障,轴承故障,Motor-2,75,1110.0,/Users/hewenhao/Documents/电机驱动离心泵多故障电流与振动监测数据集/数据集/原始数据集/Vibration/Motor-2/75/轴承内圈故障2/振动_电机2_75_时域-轴承内圈故障2-通道4.csv,13,0.2599530182589517,7.682751784634431e-05,8.525322483511998e-05,0.014567446537321853,0.7252078177907869,0.00010963667025808595
Motor-2::75::/Users/hewenhao/Documents/电机驱动离心泵多故障电流与振动监测数据集/数据集/原始数据集/Vibration/Motor-2/75/轴承内圈故障2/振动_电机2_75_时域-轴承内圈故障2-通道4.csv::record_14,轴承故障,轴承故障,Motor-2,75,1110.0,/Users/hewenhao/Documents/电机驱动离心泵多故障电流与振动监测数据集/数据集/原始数据集/Vibration/Motor-2/75/轴承内圈故障2/振动_电机2_75_时域-轴承内圈故障2-通道4.csv,14,0.32435296658969387,3.0332686437001533e-05,4.4651217658059514e-05,0.007928768763067232,0.6675960179561372,4.726278700660572e-05
Motor-2::75::/Users/hewenhao/Documents/电机驱动离心泵多故障电流与振动监测数据集/数据集/原始数据集/Vibration/Motor-2/75/轴承内圈故障3/振动_电机2_75_时域-轴承内圈故障3-通道4.csv::record_0,轴承故障,轴承故障,Motor-2,75,1110.0,/Users/hewenhao/Documents/电机驱动离心泵多故障电流与振动监测数据集/数据集/原始数据集/Vibration/Motor-2/75/轴承内圈故障3/振动_电机2_75_时域-轴承内圈故障3-通道4.csv,0,0.14988871373467202,0.0005199803425645893,0.00021875835941241603,0.15504116614582109,0.6936803094143341,0.0006510720031957357
Motor-2::75::/Users/hewenhao/Documents/电机驱动离心泵多故障电流与振动监测数据集/数据集/原始数据集/Vibration/Motor-2/75/轴承内圈故障3/振动_电机2_75_时域-轴承内圈故障3-通道4.csv::record_5,轴承故障,轴承故障,Motor-2,75,1110.0,/Users/hewenhao/Documents/电机驱动离心泵多故障电流与振动监测数据集/数据集/原始数据集/Vibration/Motor-2/75/轴承内圈故障3/振动_电机2_75_时域-轴承内圈故障3-通道4.csv,5,0.39030512069105505,0.00013476103727222603,0.00013586552223870417,0.04720387071586489,0.5620336690484884,0.00018671298508060371
Motor-2::75::/Users/hewenhao/Documents/电机驱动离心泵多故障电流与振动监测数据集/数据集/原始数据集/Vibration/Motor-2/75/轴承外圈故障1/振动_电机2_75_时域-轴承外圈故障1-通道4.csv::record_12,轴承故障,轴承故障,Motor-2,75,1110.0,/Users/hewenhao/Documents/电机驱动离心泵多故障电流与振动监测数据集/数据集/原始数据集/Vibration/Motor-2/75/轴承外圈故障1/振动_电机2_75_时域-轴承外圈故障1-通道4.csv,12,0.04160206904919206,0.0004728141865333062,0.0003366855946950537,0.005666689588735458,0.9513756198854086,0.000546121695435648
Motor-2::75::/Users/hewenhao/Documents/电机驱动离心泵多故障电流与振动监测数据集/数据集/原始数据集/Vibration/Motor-2/75/轴承外圈故障1/振动_电机2_75_时域-轴承外圈故障1-通道4.csv::record_14,轴承故障,轴承故障,Motor-2,75,1110.0,/Users/hewenhao/Documents/电机驱动离心泵多故障电流与振动监测数据集/数据集/原始数据集/Vibration/Motor-2/75/轴承外圈故障1/振动_电机2_75_时域-轴承外圈故障1-通道4.csv,14,0.028319160651690153,0.0003156482531988484,0.0009689636774863071,0.002053717544508818,0.9681237668874775,0.00021874298563834404
Motor-2::75::/Users/hewenhao/Documents/电机驱动离心泵多故障电流与振动监测数据集/数据集/原始数据集/Vibration/Motor-2/75/轴承外圈故障2/振动_电机2_75_时域-轴承外圈故障2-通道4.csv::record_4,轴承故障,轴承故障,Motor-2,75,1110.0,/Users/hewenhao/Documents/电机驱动离心泵多故障电流与振动监测数据集/数据集/原始数据集/Vibration/Motor-2/75/轴承外圈故障2/振动_电机2_75_时域-轴承外圈故障2-通道4.csv,4,0.04481038232488587,0.0012513326072152847,0.0002997186902361198,0.019530946579951816,0.9338215119415129,0.00028610785619825245
Motor-2::75::/Users/hewenhao/Documents/电机驱动离心泵多故障电流与振动监测数据集/数据集/原始数据集/Vibration/Motor-2/75/轴承外圈故障2/振动_电机2_75_时域-轴承外圈故障2-通道4.csv::record_7,轴承故障,轴承故障,Motor-2,75,1110.0,/Users/hewenhao/Documents/电机驱动离心泵多故障电流与振动监测数据集/数据集/原始数据集/Vibration/Motor-2/75/轴承外圈故障2/振动_电机2_75_时域-轴承外圈故障2-通道4.csv,7,0.1628306847781818,0.00010333836283599224,9.509850458893719e-05,0.015950155581530644,0.82083484793084,0.00018587484202262647
Motor-2::75::/Users/hewenhao/Documents/电机驱动离心泵多故障电流与振动监测数据集/数据集/原始数据集/Vibration/Motor-2/75/轴承外圈故障2/振动_电机2_75_时域-轴承外圈故障2-通道4.csv::record_11,轴承故障,轴承故障,Motor-2,75,1110.0,/Users/hewenhao/Documents/电机驱动离心泵多故障电流与振动监测数据集/数据集/原始数据集/Vibration/Motor-2/75/轴承外圈故障2/振动_电机2_75_时域-轴承外圈故障2-通道4.csv,11,0.059649309864251474,0.00023598226757545995,0.00018664759008659956,0.008536334754943078,0.9311493536502252,0.00024237187291828156
Motor-2::75::/Users/hewenhao/Documents/电机驱动离心泵多故障电流与振动监测数据集/数据集/原始数据集/Vibration/Motor-2/75/轴承外圈故障2/振动_电机2_75_时域-轴承外圈故障2-通道4.csv::record_13,轴承故障,轴承故障,Motor-2,75,1110.0,/Users/hewenhao/Documents/电机驱动离心泵多故障电流与振动监测数据集/数据集/原始数据集/Vibration/Motor-2/75/轴承外圈故障2/振动_电机2_75_时域-轴承外圈故障2-通道4.csv,13,0.12783162465919456,0.0006661815416323418,0.0004685861106360369,0.033765063077849274,0.8366358259874295,0.0006327186232582786
Motor-2::75::/Users/hewenhao/Documents/电机驱动离心泵多故障电流与振动监测数据集/数据集/原始数据集/Vibration/Motor-2/75/轴承外圈故障3/振动_电机2_75_时域-轴承外圈故障3-通道4.csv::record_4,轴承故障,轴承故障,Motor-2,75,1110.0,/Users/hewenhao/Documents/电机驱动离心泵多故障电流与振动监测数据集/数据集/原始数据集/Vibration/Motor-2/75/轴承外圈故障3/振动_电机2_75_时域-轴承外圈故障3-通道4.csv,4,0.07474372886499257,0.00016089390138627203,5.627608485739279e-05,0.005889431576348182,0.9190665847111478,8.308486126784352e-05
Motor-2::75::/Users/hewenhao/Documents/电机驱动离心泵多故障电流与振动监测数据集/数据集/原始数据集/Vibration/Motor-2/75/轴承外圈故障3/振动_电机2_75_时域-轴承外圈故障3-通道4.csv::record_8,轴承故障,轴承故障,Motor-2,75,1110.0,/Users/hewenhao/Documents/电机驱动离心泵多故障电流与振动监测数据集/数据集/原始数据集/Vibration/Motor-2/75/轴承外圈故障3/振动_电机2_75_时域-轴承外圈故障3-通道4.csv,8,0.11329040160987869,0.0007552690144063977,0.000351932744408128,0.026386478596170503,0.8587204062531363,0.0004955117819999571
Motor-2::75::/Users/hewenhao/Documents/电机驱动离心泵多故障电流与振动监测数据集/数据集/原始数据集/Vibration/Motor-2/75/轴承外圈故障3/振动_电机2_75_时域-轴承外圈故障3-通道4.csv::record_9,轴承故障,轴承故障,Motor-2,75,1110.0,/Users/hewenhao/Documents/电机驱动离心泵多故障电流与振动监测数据集/数据集/原始数据集/Vibration/Motor-2/75/轴承外圈故障3/振动_电机2_75_时域-轴承外圈故障3-通道4.csv,9,0.10883030385208431,0.0009399833935446167,0.00017111830632756504,0.018283430040746545,0.8714758143652164,0.0002993500420807887
Motor-2::75::/Users/hewenhao/Documents/电机驱动离心泵多故障电流与振动监测数据集/数据集/原始数据集/Vibration/Motor-2/75/轴承外圈故障3/振动_电机2_75_时域-轴承外圈故障3-通道4.csv::record_10,轴承故障,轴承故障,Motor-2,75,1110.0,/Users/hewenhao/Documents/电机驱动离心泵多故障电流与振动监测数据集/数据集/原始数据集/Vibration/Motor-2/75/轴承外圈故障3/振动_电机2_75_时域-轴承外圈故障3-通道4.csv,10,0.07634053173565591,0.0002934676892401176,9.710198625324864e-05,0.012170695031771265,0.9109754923163736,0.00012271124070570576
Motor-2::75::/Users/hewenhao/Documents/电机驱动离心泵多故障电流与振动监测数据集/数据集/原始数据集/Vibration/Motor-2/75/轴承污染/振动_电机2_75_时域-轴承污染-通道4.csv::record_0,轴承故障,松动,Motor-2,75,1110.0,/Users/hewenhao/Documents/电机驱动离心泵多故障电流与振动监测数据集/数据集/原始数据集/Vibration/Motor-2/75/轴承污染/振动_电机2_75_时域-轴承污染-通道4.csv,0,0.01586015532844946,0.00010827660149046985,8.930230147672693e-05,0.37443496531307163,0.6093778044849839,0.00012949597052786278
Motor-2::75::/Users/hewenhao/Documents/电机驱动离心泵多故障电流与振动监测数据集/数据集/原始数据集/Vibration/Motor-2/75/轴承污染/振动_电机2_75_时域-轴承污染-通道4.csv::record_2,轴承故障,轴承故障,Motor-2,75,1110.0,/Users/hewenhao/Documents/电机驱动离心泵多故障电流与振动监测数据集/数据集/原始数据集/Vibration/Motor-2/75/轴承污染/振动_电机2_75_时域-轴承污染-通道4.csv,2,0.0482142421253339,0.00011865208792717107,0.00012218317756284297,0.299928985681687,0.6512573107913143,0.00035862613617482534
Motor-2::75::/Users/hewenhao/Documents/电机驱动离心泵多故障电流与振动监测数据集/数据集/原始数据集/Vibration/Motor-2/75/轴承污染/振动_电机2_75_时域-轴承污染-通道4.csv::record_9,轴承故障,轴承故障,Motor-2,75,1110.0,/Users/hewenhao/Documents/电机驱动离心泵多故障电流与振动监测数据集/数据集/原始数据集/Vibration/Motor-2/75/轴承污染/振动_电机2_75_时域-轴承污染-通道4.csv,9,0.07505574675544953,0.00013547962596052217,0.0001437896121451347,0.26757678528395085,0.6567731301709251,0.0003150685515688662
Motor-2::75::/Users/hewenhao/Documents/电机驱动离心泵多故障电流与振动监测数据集/数据集/原始数据集/Vibration/Motor-2/75/轴承污染/振动_电机2_75_时域-轴承污染-通道4.csv::record_13,轴承故障,松动,Motor-2,75,1110.0,/Users/hewenhao/Documents/电机驱动离心泵多故障电流与振动监测数据集/数据集/原始数据集/Vibration/Motor-2/75/轴承污染/振动_电机2_75_时域-轴承污染-通道4.csv,13,0.03558561780810929,0.0005410193445688827,0.0004157527330852036,0.35295870569944193,0.6098537229861206,0.0006451814286740972
Motor-2::75::/Users/hewenhao/Documents/电机驱动离心泵多故障电流与振动监测数据集/数据集/原始数据集/Vibration/Motor-2/75/轴承滚动体故障/振动_电机2_75_时域-轴承滚动体故障-通道4.csv::record_2,轴承故障,松动,Motor-2,75,1110.0,/Users/hewenhao/Documents/电机驱动离心泵多故障电流与振动监测数据集/数据集/原始数据集/Vibration/Motor-2/75/轴承滚动体故障/振动_电机2_75_时域-轴承滚动体故障-通道4.csv,2,0.19324054179538827,0.0014961664231718276,0.0006374451952132296,0.367878479713514,0.4356079518758722,0.001139414996840607
Motor-2::75::/Users/hewenhao/Documents/电机驱动离心泵多故障电流与振动监测数据集/数据集/原始数据集/Vibration/Motor-2/75/轴承滚动体故障/振动_电机2_75_时域-轴承滚动体故障-通道4.csv::record_3,轴承故障,松动,Motor-2,75,1110.0,/Users/hewenhao/Documents/电机驱动离心泵多故障电流与振动监测数据集/数据集/原始数据集/Vibration/Motor-2/75/轴承滚动体故障/振动_电机2_75_时域-轴承滚动体故障-通道4.csv,3,0.3182309941791151,0.002679697495749449,0.0009905078886199516,0.2515546450629274,0.4245162505254508,0.002027904848137348
Motor-2::75::/Users/hewenhao/Documents/电机驱动离心泵多故障电流与振动监测数据集/数据集/原始数据集/Vibration/Motor-2/75/轴承滚动体故障/振动_电机2_75_时域-轴承滚动体故障-通道4.csv::record_5,轴承故障,松动,Motor-2,75,1110.0,/Users/hewenhao/Documents/电机驱动离心泵多故障电流与振动监测数据集/数据集/原始数据集/Vibration/Motor-2/75/轴承滚动体故障/振动_电机2_75_时域-轴承滚动体故障-通道4.csv,5,0.2562241064745025,0.004072978606440979,0.0005034525614717318,0.30985842038790046,0.4284844044578332,0.0008566375118512501
Motor-2::75::/Users/hewenhao/Documents/电机驱动离心泵多故障电流与振动监测数据集/数据集/原始数据集/Vibration/Motor-2/75/轴承滚动体故障/振动_电机2_75_时域-轴承滚动体故障-通道4.csv::record_12,轴承故障,轴承故障,Motor-2,75,1110.0,/Users/hewenhao/Documents/电机驱动离心泵多故障电流与振动监测数据集/数据集/原始数据集/Vibration/Motor-2/75/轴承滚动体故障/振动_电机2_75_时域-轴承滚动体故障-通道4.csv,12,0.4041031882009975,0.001164284986651867,0.000575434194554866,0.18434200196267034,0.408671111864964,0.001143978790161526
Motor-2::75::/Users/hewenhao/Documents/电机驱动离心泵多故障电流与振动监测数据集/数据集/原始数据集/Vibration/Motor-2/75/轴承滚动体故障/振动_电机2_75_时域-轴承滚动体故障-通道4.csv::record_13,轴承故障,松动,Motor-2,75,1110.0,/Users/hewenhao/Documents/电机驱动离心泵多故障电流与振动监测数据集/数据集/原始数据集/Vibration/Motor-2/75/轴承滚动体故障/振动_电机2_75_时域-轴承滚动体故障-通道4.csv,13,0.455647654942871,0.000862980212558316,0.0005671328221408487,0.2735261263294317,0.2683396354831565,0.0010564702098415555
Motor-2::75::/Users/hewenhao/Documents/电机驱动离心泵多故障电流与振动监测数据集/数据集/原始数据集/Vibration/Motor-2/75/轴承滚动体故障/振动_电机2_75_时域-轴承滚动体故障-通道4.csv::record_14,轴承故障,松动,Motor-2,75,1110.0,/Users/hewenhao/Documents/电机驱动离心泵多故障电流与振动监测数据集/数据集/原始数据集/Vibration/Motor-2/75/轴承滚动体故障/振动_电机2_75_时域-轴承滚动体故障-通道4.csv,14,0.39780701760174175,0.0026822092518303904,0.0008677479965329634,0.23321978293756737,0.36333866172989343,0.002084580482434076
Motor-2::100::/Users/hewenhao/Documents/电机驱动离心泵多故障电流与振动监测数据集/数据集/原始数据集/Vibration/Motor-2/100/正常状态1/振动_电机2_100_时域-正常状态1-通道4.csv::record_1,正常,正常,Motor-2,100,1480.0,/Users/hewenhao/Documents/电机驱动离心泵多故障电流与振动监测数据集/数据集/原始数据集/Vibration/Motor-2/100/正常状态1/振动_电机2_100_时域-正常状态1-通道4.csv,1,0.9696242566765892,2.583759353261763e-05,0.0004652880187751289,0.0032617975832023747,0.026568933071372067,5.388705652862769e-05
Motor-2::100::/Users/hewenhao/Documents/电机驱动离心泵多故障电流与振动监测数据集/数据集/原始数据集/Vibration/Motor-2/100/正常状态1/振动_电机2_100_时域-正常状态1-通道4.csv::record_3,正常,正常,Motor-2,100,1480.0,/Users/hewenhao/Documents/电机驱动离心泵多故障电流与振动监测数据集/数据集/原始数据集/Vibration/Motor-2/100/正常状态1/振动_电机2_100_时域-正常状态1-通道4.csv,3,0.9374796002566933,6.920296153401543e-05,0.0004714946849223007,0.005992207739017475,0.05584580117973213,0.00014169317810086397
Motor-2::100::/Users/hewenhao/Documents/电机驱动离心泵多故障电流与振动监测数据集/数据集/原始数据集/Vibration/Motor-2/100/正常状态1/振动_电机2_100_时域-正常状态1-通道4.csv::record_4,正常,正常,Motor-2,100,1480.0,/Users/hewenhao/Documents/电机驱动离心泵多故障电流与振动监测数据集/数据集/原始数据集/Vibration/Motor-2/100/正常状态1/振动_电机2_100_时域-正常状态1-通道4.csv,4,0.9154038775180258,2.8274432568569045e-05,0.0005387536391184454,0.004956621106600238,0.07898620178510542,8.627151858158356e-05
Motor-2::100::/Users/hewenhao/Documents/电机驱动离心泵多故障电流与振动监测数据集/数据集/原始数据集/Vibration/Motor-2/100/正常状态1/振动_电机2_100_时域-正常状态1-通道4.csv::record_11,正常,正常,Motor-2,100,1480.0,/Users/hewenhao/Documents/电机驱动离心泵多故障电流与振动监测数据集/数据集/原始数据集/Vibration/Motor-2/100/正常状态1/振动_电机2_100_时域-正常状态1-通道4.csv,11,0.820929404574255,3.730805163204958e-05,0.0007553451082157347,0.000701286363549682,0.17751925726644363,5.739863590386673e-05
Motor-2::100::/Users/hewenhao/Documents/电机驱动离心泵多故障电流与振动监测数据集/数据集/原始数据集/Vibration/Motor-2/100/正常状态1/振动_电机2_100_时域-正常状态1-通道4.csv::record_16,正常,正常,Motor-2,100,1480.0,/Users/hewenhao/Documents/电机驱动离心泵多故障电流与振动监测数据集/数据集/原始数据集/Vibration/Motor-2/100/正常状态1/振动_电机2_100_时域-正常状态1-通道4.csv,16,0.9243084567875696,9.392315698927193e-06,0.0003146378423484607,0.00031932583596600933,0.07503188874419604,1.6298474221037956e-05
Motor-2::100::/Users/hewenhao/Documents/电机驱动离心泵多故障电流与振动监测数据集/数据集/原始数据集/Vibration/Motor-2/100/正常状态1/振动_电机2_100_时域-正常状态1-通道4.csv::record_20,正常,正常,Motor-2,100,1480.0,/Users/hewenhao/Documents/电机驱动离心泵多故障电流与振动监测数据集/数据集/原始数据集/Vibration/Motor-2/100/正常状态1/振动_电机2_100_时域-正常状态1-通道4.csv,20,0.9354123714371229,8.105214835467585e-06,0.0002975576165383392,0.0004587204858404599,0.06380394444062451,1.930080503840725e-05
Motor-2::100::/Users/hewenhao/Documents/电机驱动离心泵多故障电流与振动监测数据集/数据集/原始数据集/Vibration/Motor-2/100/正常状态1/振动_电机2_100_时域-正常状态1-通道4.csv::record_21,正常,正常,Motor-2,100,1480.0,/Users/hewenhao/Documents/电机驱动离心泵多故障电流与振动监测数据集/数据集/原始数据集/Vibration/Motor-2/100/正常状态1/振动_电机2_100_时域-正常状态1-通道4.csv,21,0.9934403469404504,5.135733452034415e-06,0.0003271360023123976,0.00040456533561381616,0.005806181765237798,1.66342229335168e-05
Motor-2::100::/Users/hewenhao/Documents/电机驱动离心泵多故障电流与振动监测数据集/数据集/原始数据集/Vibration/Motor-2/100/正常状态1/振动_电机2_100_时域-正常状态1-通道4.csv::record_44,正常,正常,Motor-2,100,1480.0,/Users/hewenhao/Documents/电机驱动离心泵多故障电流与振动监测数据集/数据集/原始数据集/Vibration/Motor-2/100/正常状态1/振动_电机2_100_时域-正常状态1-通道4.csv,44,0.937755530099276,6.943040435569613e-05,0.0009727903651528619,0.004171534615511937,0.05691071243123838,0.00012000208446517354
Motor-2::100::/Users/hewenhao/Documents/电机驱动离心泵多故障电流与振动监测数据集/数据集/原始数据集/Vibration/Motor-2/100/正常状态1/振动_电机2_100_时域-正常状态1-通道4.csv::record_45,正常,正常,Motor-2,100,1480.0,/Users/hewenhao/Documents/电机驱动离心泵多故障电流与振动监测数据集/数据集/原始数据集/Vibration/Motor-2/100/正常状态1/振动_电机2_100_时域-正常状态1-通道4.csv,45,0.9565712764724588,9.577344481707484e-06,0.00029788290469977925,0.0020027390578746885,0.04108544347242809,3.308074805693768e-05
Motor-2::100::/Users/hewenhao/Documents/电机驱动离心泵多故障电流与振动监测数据集/数据集/原始数据集/Vibration/Motor-2/100/正常状态1/振动_电机2_100_时域-正常状态1-通道4.csv::record_48,正常,正常,Motor-2,100,1480.0,/Users/hewenhao/Documents/电机驱动离心泵多故障电流与振动监测数据集/数据集/原始数据集/Vibration/Motor-2/100/正常状态1/振动_电机2_100_时域-正常状态1-通道4.csv,48,0.9015873386931522,1.646370987590867e-05,0.0004597630402483292,0.0010859265239631162,0.09678988567114072,6.062236161959883e-05
Motor-2::100::/Users/hewenhao/Documents/电机驱动离心泵多故障电流与振动监测数据集/数据集/原始数据集/Vibration/Motor-2/100/正常状态1/振动_电机2_100_时域-正常状态1-通道4.csv::record_49,正常,正常,Motor-2,100,1480.0,/Users/hewenhao/Documents/电机驱动离心泵多故障电流与振动监测数据集/数据集/原始数据集/Vibration/Motor-2/100/正常状态1/振动_电机2_100_时域-正常状态1-通道4.csv,49,0.9643183407128667,5.626438212658514e-06,0.00038293904114830953,0.0014576766446458803,0.033806641373569625,2.877578955664787e-05
Motor-2::100::/Users/hewenhao/Documents/电机驱动离心泵多故障电流与振动监测数据集/数据集/原始数据集/Vibration/Motor-2/100/正常状态1/振动_电机2_100_时域-正常状态1-通道4.csv::record_51,正常,正常,Motor-2,100,1480.0,/Users/hewenhao/Documents/电机驱动离心泵多故障电流与振动监测数据集/数据集/原始数据集/Vibration/Motor-2/100/正常状态1/振动_电机2_100_时域-正常状态1-通道4.csv,51,0.7125790774378371,1.1701342619743856e-05,0.0003446852466846136,0.0020594456491373407,0.2849598876713899,4.520265233119795e-05
Motor-2::100::/Users/hewenhao/Documents/电机驱动离心泵多故障电流与振动监测数据集/数据集/原始数据集/Vibration/Motor-2/100/正常状态1/振动_电机2_100_时域-正常状态1-通道4.csv::record_53,正常,正常,Motor-2,100,1480.0,/Users/hewenhao/Documents/电机驱动离心泵多故障电流与振动监测数据集/数据集/原始数据集/Vibration/Motor-2/100/正常状态1/振动_电机2_100_时域-正常状态1-通道4.csv,53,0.9358185011285892,0.00020502053330529298,0.00548067345541388,0.0030477094690451304,0.05517874887629993,0.00026934653734653435
Motor-2::100::/Users/hewenhao/Documents/电机驱动离心泵多故障电流与振动监测数据集/数据集/原始数据集/Vibration/Motor-2/100/正常状态1/振动_电机2_100_时域-正常状态1-通道4.csv::record_56,正常,正常,Motor-2,100,1480.0,/Users/hewenhao/Documents/电机驱动离心泵多故障电流与振动监测数据集/数据集/原始数据集/Vibration/Motor-2/100/正常状态1/振动_电机2_100_时域-正常状态1-通道4.csv,56,0.9399479782670805,6.344995150045007e-05,0.0013402263088125763,0.0023280237763696585,0.056210441105027,0.00010988059120964493
Motor-2::100::/Users/hewenhao/Documents/电机驱动离心泵多故障电流与振动监测数据集/数据集/原始数据集/Vibration/Motor-2/100/正常状态1/振动_电机2_100_时域-正常状态1-通道4.csv::record_57,正常,正常,Motor-2,100,1480.0,/Users/hewenhao/Documents/电机驱动离心泵多故障电流与振动监测数据集/数据集/原始数据集/Vibration/Motor-2/100/正常状态1/振动_电机2_100_时域-正常状态1-通道4.csv,57,0.8187096508787999,7.824020873637249e-06,0.0003072858994715762,0.0015154221987014032,0.1794303358544669,2.9481147686626425e-05
Motor-2::100::/Users/hewenhao/Documents/电机驱动离心泵多故障电流与振动监测数据集/数据集/原始数据集/Vibration/Motor-2/100/正常状态1/振动_电机2_100_时域-正常状态1-通道4.csv::record_67,正常,正常,Motor-2,100,1480.0,/Users/hewenhao/Documents/电机驱动离心泵多故障电流与振动监测数据集/数据集/原始数据集/Vibration/Motor-2/100/正常状态1/振动_电机2_100_时域-正常状态1-通道4.csv,67,0.7913416440902475,0.0002318264840763946,0.0004050421799007142,0.0046773683163353445,0.20039159574999796,0.002952523179442093
Motor-2::100::/Users/hewenhao/Documents/电机驱动离心泵多故障电流与振动监测数据集/数据集/原始数据集/Vibration/Motor-2/100/正常状态2/振动_电机2_100_时域-正常状态2-通道4.csv::record_2,正常,正常,Motor-2,100,1480.0,/Users/hewenhao/Documents/电机驱动离心泵多故障电流与振动监测数据集/数据集/原始数据集/Vibration/Motor-2/100/正常状态2/振动_电机2_100_时域-正常状态2-通道4.csv,2,0.9513840511185294,0.0002725003197774274,0.00026426739477625714,0.017077295574374558,0.029122675081681208,0.001879210510861123
Motor-2::100::/Users/hewenhao/Documents/电机驱动离心泵多故障电流与振动监测数据集/数据集/原始数据集/Vibration/Motor-2/100/正常状态2/振动_电机2_100_时域-正常状态2-通道4.csv::record_10,正常,正常,Motor-2,100,1480.0,/Users/hewenhao/Documents/电机驱动离心泵多故障电流与振动监测数据集/数据集/原始数据集/Vibration/Motor-2/100/正常状态2/振动_电机2_100_时域-正常状态2-通道4.csv,10,0.9268182895519376,0.00020896237082730342,0.0003539763844080224,0.02318935492790893,0.04781342470726328,0.0016159920576549745
Motor-2::100::/Users/hewenhao/Documents/电机驱动离心泵多故障电流与振动监测数据集/数据集/原始数据集/Vibration/Motor-2/100/正常状态2/振动_电机2_100_时域-正常状态2-通道4.csv::record_20,正常,正常,Motor-2,100,1480.0,/Users/hewenhao/Documents/电机驱动离心泵多故障电流与振动监测数据集/数据集/原始数据集/Vibration/Motor-2/100/正常状态2/振动_电机2_100_时域-正常状态2-通道4.csv,20,0.8813244348325544,6.562781165421679e-05,0.0001576535149362072,0.009994102320572275,0.10803357689135921,0.000424604628923662
Motor-2::100::/Users/hewenhao/Documents/电机驱动离心泵多故障电流与振动监测数据集/数据集/原始数据集/Vibration/Motor-2/100/正常状态2/振动_电机2_100_时域-正常状态2-通道4.csv::record_26,正常,正常,Motor-2,100,1480.0,/Users/hewenhao/Documents/电机驱动离心泵多故障电流与振动监测数据集/数据集/原始数据集/Vibration/Motor-2/100/正常状态2/振动_电机2_100_时域-正常状态2-通道4.csv,26,0.8886965701824652,9.117441986458389e-05,0.0002939686785021522,0.018083788816775276,0.09212876936369128,0.0007057285387016037
Motor-2::100::/Users/hewenhao/Documents/电机驱动离心泵多故障电流与振动监测数据集/数据集/原始数据集/Vibration/Motor-2/100/正常状态2/振动_电机2_100_时域-正常状态2-通道4.csv::record_27,正常,正常,Motor-2,100,1480.0,/Users/hewenhao/Documents/电机驱动离心泵多故障电流与振动监测数据集/数据集/原始数据集/Vibration/Motor-2/100/正常状态2/振动_电机2_100_时域-正常状态2-通道4.csv,27,0.8995531871652197,4.0855797153507735e-05,0.0002298792775219735,0.00985860519962904,0.09001414689618811,0.00030332566428779666
Motor-2::100::/Users/hewenhao/Documents/电机驱动离心泵多故障电流与振动监测数据集/数据集/原始数据集/Vibration/Motor-2/100/正常状态2/振动_电机2_100_时域-正常状态2-通道4.csv::record_32,正常,正常,Motor-2,100,1480.0,/Users/hewenhao/Documents/电机驱动离心泵多故障电流与振动监测数据集/数据集/原始数据集/Vibration/Motor-2/100/正常状态2/振动_电机2_100_时域-正常状态2-通道4.csv,32,0.847808990617441,0.00012684856243520224,0.0003210074807807291,0.022586118663959216,0.1280091893347064,0.001147845340677406
Motor-2::100::/Users/hewenhao/Documents/电机驱动离心泵多故障电流与振动监测数据集/数据集/原始数据集/Vibration/Motor-2/100/正常状态2/振动_电机2_100_时域-正常状态2-通道4.csv::record_40,正常,正常,Motor-2,100,1480.0,/Users/hewenhao/Documents/电机驱动离心泵多故障电流与振动监测数据集/数据集/原始数据集/Vibration/Motor-2/100/正常状态2/振动_电机2_100_时域-正常状态2-通道4.csv,40,0.8722859745472031,4.824427542515271e-05,0.00020403783869108139,0.009128153268420914,0.11798665272274138,0.00034693734751840925
Motor-2::100::/Users/hewenhao/Documents/电机驱动离心泵多故障电流与振动监测数据集/数据集/原始数据集/Vibration/Motor-2/100/正常状态2/振动_电机2_100_时域-正常状态2-通道4.csv::record_42,正常,正常,Motor-2,100,1480.0,/Users/hewenhao/Documents/电机驱动离心泵多故障电流与振动监测数据集/数据集/原始数据集/Vibration/Motor-2/100/正常状态2/振动_电机2_100_时域-正常状态2-通道4.csv,42,0.8915033700929106,4.814542634618369e-05,0.0002990835726110868,0.018143773756458682,0.08970561570893673,0.000300011442736619
Motor-2::100::/Users/hewenhao/Documents/电机驱动离心泵多故障电流与振动监测数据集/数据集/原始数据集/Vibration/Motor-2/100/正常状态2/振动_电机2_100_时域-正常状态2-通道4.csv::record_47,正常,正常,Motor-2,100,1480.0,/Users/hewenhao/Documents/电机驱动离心泵多故障电流与振动监测数据集/数据集/原始数据集/Vibration/Motor-2/100/正常状态2/振动_电机2_100_时域-正常状态2-通道4.csv,47,0.892221346417565,6.859133635218934e-05,0.0002614563400019816,0.009376076192899058,0.09756430488273453,0.0005082248304471846
Motor-2::100::/Users/hewenhao/Documents/电机驱动离心泵多故障电流与振动监测数据集/数据集/原始数据集/Vibration/Motor-2/100/正常状态2/振动_电机2_100_时域-正常状态2-通道4.csv::record_59,正常,正常,Motor-2,100,1480.0,/Users/hewenhao/Documents/电机驱动离心泵多故障电流与振动监测数据集/数据集/原始数据集/Vibration/Motor-2/100/正常状态2/振动_电机2_100_时域-正常状态2-通道4.csv,59,0.9330790555066075,6.89145270530232e-05,0.0001815604256532594,0.007948377533562683,0.058517613110363256,0.00020447889676015476
Motor-2::100::/Users/hewenhao/Documents/电机驱动离心泵多故障电流与振动监测数据集/数据集/原始数据集/Vibration/Motor-2/100/正常状态3/振动_电机2_100_时域-正常状态3-通道4.csv::record_0,正常,正常,Motor-2,100,1480.0,/Users/hewenhao/Documents/电机驱动离心泵多故障电流与振动监测数据集/数据集/原始数据集/Vibration/Motor-2/100/正常状态3/振动_电机2_100_时域-正常状态3-通道4.csv,0,0.896710725980295,0.00018944874002484638,0.0003577768037830565,0.02474165548679784,0.07762277514597807,0.0003776178431210742
Motor-2::100::/Users/hewenhao/Documents/电机驱动离心泵多故障电流与振动监测数据集/数据集/原始数据集/Vibration/Motor-2/100/正常状态3/振动_电机2_100_时域-正常状态3-通道4.csv::record_11,正常,正常,Motor-2,100,1480.0,/Users/hewenhao/Documents/电机驱动离心泵多故障电流与振动监测数据集/数据集/原始数据集/Vibration/Motor-2/100/正常状态3/振动_电机2_100_时域-正常状态3-通道4.csv,11,0.8982691507772852,0.0002072962342372548,0.0006351461785194293,0.01775182729633181,0.0826105973560416,0.000525982157584688
Motor-2::100::/Users/hewenhao/Documents/电机驱动离心泵多故障电流与振动监测数据集/数据集/原始数据集/Vibration/Motor-2/100/正常状态3/振动_电机2_100_时域-正常状态3-通道4.csv::record_13,正常,正常,Motor-2,100,1480.0,/Users/hewenhao/Documents/电机驱动离心泵多故障电流与振动监测数据集/数据集/原始数据集/Vibration/Motor-2/100/正常状态3/振动_电机2_100_时域-正常状态3-通道4.csv,13,0.8978614094528575,0.0001489378838655654,0.0010468073162033333,0.021167797538153024,0.07955534029248706,0.00021970751643353632
Motor-2::100::/Users/hewenhao/Documents/电机驱动离心泵多故障电流与振动监测数据集/数据集/原始数据集/Vibration/Motor-2/100/正常状态3/振动_电机2_100_时域-正常状态3-通道4.csv::record_15,正常,正常,Motor-2,100,1480.0,/Users/hewenhao/Documents/电机驱动离心泵多故障电流与振动监测数据集/数据集/原始数据集/Vibration/Motor-2/100/正常状态3/振动_电机2_100_时域-正常状态3-通道4.csv,15,0.8966797470656749,0.00032494309493178824,0.0007467084404194516,0.01927074360107049,0.08267732713604727,0.00030053066185597424
Motor-2::100::/Users/hewenhao/Documents/电机驱动离心泵多故障电流与振动监测数据集/数据集/原始数据集/Vibration/Motor-2/100/正常状态3/振动_电机2_100_时域-正常状态3-通道4.csv::record_24,正常,正常,Motor-2,100,1480.0,/Users/hewenhao/Documents/电机驱动离心泵多故障电流与振动监测数据集/数据集/原始数据集/Vibration/Motor-2/100/正常状态3/振动_电机2_100_时域-正常状态3-通道4.csv,24,0.9063916748119887,6.430398456585228e-05,0.0003990495421804199,0.012111515247900792,0.08093038339913766,0.00010307301422663278
Motor-2::100::/Users/hewenhao/Documents/电机驱动离心泵多故障电流与振动监测数据集/数据集/原始数据集/Vibration/Motor-2/100/正常状态3/振动_电机2_100_时域-正常状态3-通道4.csv::record_31,正常,正常,Motor-2,100,1480.0,/Users/hewenhao/Documents/电机驱动离心泵多故障电流与振动监测数据集/数据集/原始数据集/Vibration/Motor-2/100/正常状态3/振动_电机2_100_时域-正常状态3-通道4.csv,31,0.9264217784345731,4.57623855344853e-05,0.00030534378603441526,0.010643036602928792,0.06249882541216689,8.525337876245714e-05
Motor-2::100::/Users/hewenhao/Documents/电机驱动离心泵多故障电流与振动监测数据集/数据集/原始数据集/Vibration/Motor-2/100/正常状态3/振动_电机2_100_时域-正常状态3-通道4.csv::record_34,正常,正常,Motor-2,100,1480.0,/Users/hewenhao/Documents/电机驱动离心泵多故障电流与振动监测数据集/数据集/原始数据集/Vibration/Motor-2/100/正常状态3/振动_电机2_100_时域-正常状态3-通道4.csv,34,0.8943689828178065,3.474908471757159e-05,0.0002855376628770757,0.009893627593530904,0.09536238336351543,5.471947755239331e-05
Motor-2::100::/Users/hewenhao/Documents/电机驱动离心泵多故障电流与振动监测数据集/数据集/原始数据集/Vibration/Motor-2/100/正常状态3/振动_电机2_100_时域-正常状态3-通道4.csv::record_39,正常,正常,Motor-2,100,1480.0,/Users/hewenhao/Documents/电机驱动离心泵多故障电流与振动监测数据集/数据集/原始数据集/Vibration/Motor-2/100/正常状态3/振动_电机2_100_时域-正常状态3-通道4.csv,39,0.9307793249413792,1.8388939342598257e-05,0.00029861906031129163,0.01643970126348194,0.05240741020773028,5.655558775452595e-05
Motor-2::100::/Users/hewenhao/Documents/电机驱动离心泵多故障电流与振动监测数据集/数据集/原始数据集/Vibration/Motor-2/100/正常状态3/振动_电机2_100_时域-正常状态3-通道4.csv::record_40,正常,正常,Motor-2,100,1480.0,/Users/hewenhao/Documents/电机驱动离心泵多故障电流与振动监测数据集/数据集/原始数据集/Vibration/Motor-2/100/正常状态3/振动_电机2_100_时域-正常状态3-通道4.csv,40,0.891264847359708,5.389740532997579e-05,0.0003225700295679166,0.021696384223386597,0.08651611893844983,0.00014618204355753347
Motor-2::100::/Users/hewenhao/Documents/电机驱动离心泵多故障电流与振动监测数据集/数据集/原始数据集/Vibration/Motor-2/100/正常状态3/振动_电机2_100_时域-正常状态3-通道4.csv::record_45,正常,正常,Motor-2,100,1480.0,/Users/hewenhao/Documents/电机驱动离心泵多故障电流与振动监测数据集/数据集/原始数据集/Vibration/Motor-2/100/正常状态3/振动_电机2_100_时域-正常状态3-通道4.csv,45,0.5331399657958242,0.000775729966118841,0.0010035093068405689,0.07146102755861584,0.39224091064877686,0.0013788567238236847
Motor-2::100::/Users/hewenhao/Documents/电机驱动离心泵多故障电流与振动监测数据集/数据集/原始数据集/Vibration/Motor-2/100/正常状态3/振动_电机2_100_时域-正常状态3-通道4.csv::record_50,正常,正常,Motor-2,100,1480.0,/Users/hewenhao/Documents/电机驱动离心泵多故障电流与振动监测数据集/数据集/原始数据集/Vibration/Motor-2/100/正常状态3/振动_电机2_100_时域-正常状态3-通道4.csv,50,0.5935407783190164,0.0012726829299209658,0.0024336233597017655,0.04791353869914461,0.35293550979127514,0.0019038669009411797
Motor-2::100::/Users/hewenhao/Documents/电机驱动离心泵多故障电流与振动监测数据集/数据集/原始数据集/Vibration/Motor-2/100/正常状态3/振动_电机2_100_时域-正常状态3-通道4.csv::record_54,正常,正常,Motor-2,100,1480.0,/Users/hewenhao/Documents/电机驱动离心泵多故障电流与振动监测数据集/数据集/原始数据集/Vibration/Motor-2/100/正常状态3/振动_电机2_100_时域-正常状态3-通道4.csv,54,0.5316373461096651,0.0010270830924328212,0.0021324497891696045,0.07036561264693136,0.392891439948211,0.0019460684135903538
Motor-2::100::/Users/hewenhao/Documents/电机驱动离心泵多故障电流与振动监测数据集/数据集/原始数据集/Vibration/Motor-2/100/泵地脚松动/振动_电机2_100_时域-泵地脚松动-通道4.csv::record_2,松动,松动,Motor-2,100,1480.0,/Users/hewenhao/Documents/电机驱动离心泵多故障电流与振动监测数据集/数据集/原始数据集/Vibration/Motor-2/100/泵地脚松动/振动_电机2_100_时域-泵地脚松动-通道4.csv,2,0.083383748988074,0.0004554023239505909,0.0005992069168470714,0.5914429436780256,0.32252016897077274,0.0015985291223301406
Motor-2::100::/Users/hewenhao/Documents/电机驱动离心泵多故障电流与振动监测数据集/数据集/原始数据集/Vibration/Motor-2/100/泵地脚松动/振动_电机2_100_时域-泵地脚松动-通道4.csv::record_5,松动,松动,Motor-2,100,1480.0,/Users/hewenhao/Documents/电机驱动离心泵多故障电流与振动监测数据集/数据集/原始数据集/Vibration/Motor-2/100/泵地脚松动/振动_电机2_100_时域-泵地脚松动-通道4.csv,5,0.03977381968962982,0.0005205126242460533,0.001390098114125438,0.7458284737580267,0.20997759130299432,0.0025095045109778556
Motor-2::100::/Users/hewenhao/Documents/电机驱动离心泵多故障电流与振动监测数据集/数据集/原始数据集/Vibration/Motor-2/100/泵地脚松动/振动_电机2_100_时域-泵地脚松动-通道4.csv::record_9,松动,松动,Motor-2,100,1480.0,/Users/hewenhao/Documents/电机驱动离心泵多故障电流与振动监测数据集/数据集/原始数据集/Vibration/Motor-2/100/泵地脚松动/振动_电机2_100_时域-泵地脚松动-通道4.csv,9,0.0673031100135625,0.0005114111618449667,0.0005818002834890354,0.5936400676689,0.33525676063925314,0.0027068502329505154
Motor-2::100::/Users/hewenhao/Documents/电机驱动离心泵多故障电流与振动监测数据集/数据集/原始数据集/Vibration/Motor-2/100/泵轴承故障1/振动_电机2_100_时域-泵轴承故障1-通道4.csv::record_1,轴承故障,轴承故障,Motor-2,100,1480.0,/Users/hewenhao/Documents/电机驱动离心泵多故障电流与振动监测数据集/数据集/原始数据集/Vibration/Motor-2/100/泵轴承故障1/振动_电机2_100_时域-泵轴承故障1-通道4.csv,1,0.009045118419428233,0.0003874773896725886,0.0015711058778641038,0.0003939390288949054,0.9868222267648011,0.0017801325193391273
Motor-2::100::/Users/hewenhao/Documents/电机驱动离心泵多故障电流与振动监测数据集/数据集/原始数据集/Vibration/Motor-2/100/泵轴承故障1/振动_电机2_100_时域-泵轴承故障1-通道4.csv::record_3,轴承故障,轴承故障,Motor-2,100,1480.0,/Users/hewenhao/Documents/电机驱动离心泵多故障电流与振动监测数据集/数据集/原始数据集/Vibration/Motor-2/100/泵轴承故障1/振动_电机2_100_时域-泵轴承故障1-通道4.csv,3,0.025096532343758766,0.0001880754018599007,0.00026582982939460435,0.00033944510748521014,0.9737545744218715,0.0003555428956300295
Motor-2::100::/Users/hewenhao/Documents/电机驱动离心泵多故障电流与振动监测数据集/数据集/原始数据集/Vibration/Motor-2/100/泵轴承故障1/振动_电机2_100_时域-泵轴承故障1-通道4.csv::record_14,轴承故障,轴承故障,Motor-2,100,1480.0,/Users/hewenhao/Documents/电机驱动离心泵多故障电流与振动监测数据集/数据集/原始数据集/Vibration/Motor-2/100/泵轴承故障1/振动_电机2_100_时域-泵轴承故障1-通道4.csv,14,0.0024655011556976958,0.000847436563155802,0.0001686963373928002,0.0008336174043302844,0.9950882337029755,0.0005965148364480749
Motor-2::100::/Users/hewenhao/Documents/电机驱动离心泵多故障电流与振动监测数据集/数据集/原始数据集/Vibration/Motor-2/100/泵轴承故障3/振动_电机2_100_时域-泵轴承故障3-通道4.csv::record_6,轴承故障,轴承故障,Motor-2,100,1480.0,/Users/hewenhao/Documents/电机驱动离心泵多故障电流与振动监测数据集/数据集/原始数据集/Vibration/Motor-2/100/泵轴承故障3/振动_电机2_100_时域-泵轴承故障3-通道4.csv,6,0.0024238800253907383,8.552699081523028e-05,0.00023906255259565447,0.0036162163252952324,0.9935018305266898,0.00013348357921332343
Motor-2::100::/Users/hewenhao/Documents/电机驱动离心泵多故障电流与振动监测数据集/数据集/原始数据集/Vibration/Motor-2/100/泵轴承故障3/振动_电机2_100_时域-泵轴承故障3-通道4.csv::record_14,轴承故障,轴承故障,Motor-2,100,1480.0,/Users/hewenhao/Documents/电机驱动离心泵多故障电流与振动监测数据集/数据集/原始数据集/Vibration/Motor-2/100/泵轴承故障3/振动_电机2_100_时域-泵轴承故障3-通道4.csv,14,0.010434608408837902,0.00014296743650268082,0.0003827839842302418,0.001844265526111534,0.9869623397779784,0.00023303486633937496
Motor-2::100::/Users/hewenhao/Documents/电机驱动离心泵多故障电流与振动监测数据集/数据集/原始数据集/Vibration/Motor-2/100/电机地脚松动/振动_电机2_100_时域-电机地脚松动-通道4.csv::record_2,松动,松动,Motor-2,100,1480.0,/Users/hewenhao/Documents/电机驱动离心泵多故障电流与振动监测数据集/数据集/原始数据集/Vibration/Motor-2/100/电机地脚松动/振动_电机2_100_时域-电机地脚松动-通道4.csv,2,0.11144229034282252,0.005125402606577958,0.009834234888222288,0.7984982120873946,0.06808500291087405,0.007014857164108639
Motor-2::100::/Users/hewenhao/Documents/电机驱动离心泵多故障电流与振动监测数据集/数据集/原始数据集/Vibration/Motor-2/100/电机地脚松动/振动_电机2_100_时域-电机地脚松动-通道4.csv::record_3,松动,松动,Motor-2,100,1480.0,/Users/hewenhao/Documents/电机驱动离心泵多故障电流与振动监测数据集/数据集/原始数据集/Vibration/Motor-2/100/电机地脚松动/振动_电机2_100_时域-电机地脚松动-通道4.csv,3,0.0826503854795857,0.0034086581702062334,0.005527537935387314,0.8365737126157133,0.06682279801116242,0.005016907787945074
Motor-2::100::/Users/hewenhao/Documents/电机驱动离心泵多故障电流与振动监测数据集/数据集/原始数据集/Vibration/Motor-2/100/电机地脚松动/振动_电机2_100_时域-电机地脚松动-通道4.csv::record_8,松动,松动,Motor-2,100,1480.0,/Users/hewenhao/Documents/电机驱动离心泵多故障电流与振动监测数据集/数据集/原始数据集/Vibration/Motor-2/100/电机地脚松动/振动_电机2_100_时域-电机地脚松动-通道4.csv,8,0.050622580339292504,0.0019462986580621247,0.003026534612664163,0.8517910236956194,0.08981329725668838,0.002800265437673559
Motor-2::100::/Users/hewenhao/Documents/电机驱动离心泵多故障电流与振动监测数据集/数据集/原始数据集/Vibration/Motor-2/100/电机地脚松动/振动_电机2_100_时域-电机地脚松动-通道4.csv::record_11,松动,松动,Motor-2,100,1480.0,/Users/hewenhao/Documents/电机驱动离心泵多故障电流与振动监测数据集/数据集/原始数据集/Vibration/Motor-2/100/电机地脚松动/振动_电机2_100_时域-电机地脚松动-通道4.csv,11,0.0715220990158915,0.001800113521561012,0.003406616514169483,0.8727224971897266,0.04780732736472525,0.002741346393926174
Motor-2::100::/Users/hewenhao/Documents/电机驱动离心泵多故障电流与振动监测数据集/数据集/原始数据集/Vibration/Motor-2/100/电机地脚松动/振动_电机2_100_时域-电机地脚松动-通道4.csv::record_13,松动,松动,Motor-2,100,1480.0,/Users/hewenhao/Documents/电机驱动离心泵多故障电流与振动监测数据集/数据集/原始数据集/Vibration/Motor-2/100/电机地脚松动/振动_电机2_100_时域-电机地脚松动-通道4.csv,13,0.05724923878661536,0.0017258915714752489,0.0037894904162892318,0.8809437815433465,0.05384823668798425,0.0024433609942896453
Motor-2::100::/Users/hewenhao/Documents/电机驱动离心泵多故障电流与振动监测数据集/数据集/原始数据集/Vibration/Motor-2/100/软脚1/振动_电机2_100_时域-软脚1-通道4.csv::record_3,松动,松动,Motor-2,100,1480.0,/Users/hewenhao/Documents/电机驱动离心泵多故障电流与振动监测数据集/数据集/原始数据集/Vibration/Motor-2/100/软脚1/振动_电机2_100_时域-软脚1-通道4.csv,3,0.007344289017769066,0.00026656033185473385,0.00025893711787883895,0.8447460757410836,0.14692153486651052,0.000462602924903253
Motor-2::100::/Users/hewenhao/Documents/电机驱动离心泵多故障电流与振动监测数据集/数据集/原始数据集/Vibration/Motor-2/100/软脚1/振动_电机2_100_时域-软脚1-通道4.csv::record_7,松动,松动,Motor-2,100,1480.0,/Users/hewenhao/Documents/电机驱动离心泵多故障电流与振动监测数据集/数据集/原始数据集/Vibration/Motor-2/100/软脚1/振动_电机2_100_时域-软脚1-通道4.csv,7,0.015368374735482448,0.0003180141804004319,0.00024054902777842594,0.8496673191159755,0.1334119333602352,0.000993809580127911
Motor-2::100::/Users/hewenhao/Documents/电机驱动离心泵多故障电流与振动监测数据集/数据集/原始数据集/Vibration/Motor-2/100/软脚1/振动_电机2_100_时域-软脚1-通道4.csv::record_13,松动,松动,Motor-2,100,1480.0,/Users/hewenhao/Documents/电机驱动离心泵多故障电流与振动监测数据集/数据集/原始数据集/Vibration/Motor-2/100/软脚1/振动_电机2_100_时域-软脚1-通道4.csv,13,0.006225343848311309,0.00011815637616734461,0.00010967698948338223,0.780748565163612,0.21259888455523687,0.0001993730671890435
Motor-2::100::/Users/hewenhao/Documents/电机驱动离心泵多故障电流与振动监测数据集/数据集/原始数据集/Vibration/Motor-2/100/软脚2/振动_电机2_100_时域-软脚2-通道4.csv::record_14,松动,松动,Motor-2,100,1480.0,/Users/hewenhao/Documents/电机驱动离心泵多故障电流与振动监测数据集/数据集/原始数据集/Vibration/Motor-2/100/软脚2/振动_电机2_100_时域-软脚2-通道4.csv,14,0.025403650002676668,0.000304459608164296,0.00032371927153725826,0.6666958454517802,0.30671810705958785,0.0005542186062536484
Motor-2::100::/Users/hewenhao/Documents/电机驱动离心泵多故障电流与振动监测数据集/数据集/原始数据集/Vibration/Motor-2/100/轴承内圈故障1/振动_电机2_100_时域-轴承内圈故障1-通道4.csv::record_3,轴承故障,轴承故障,Motor-2,100,1480.0,/Users/hewenhao/Documents/电机驱动离心泵多故障电流与振动监测数据集/数据集/原始数据集/Vibration/Motor-2/100/轴承内圈故障1/振动_电机2_100_时域-轴承内圈故障1-通道4.csv,3,0.007701164750011789,3.503046324687384e-05,1.502943197377848e-05,0.000710649392896376,0.9914857740610832,5.235190078807138e-05
Motor-2::100::/Users/hewenhao/Documents/电机驱动离心泵多故障电流与振动监测数据集/数据集/原始数据集/Vibration/Motor-2/100/轴承内圈故障1/振动_电机2_100_时域-轴承内圈故障1-通道4.csv::record_9,轴承故障,轴承故障,Motor-2,100,1480.0,/Users/hewenhao/Documents/电机驱动离心泵多故障电流与振动监测数据集/数据集/原始数据集/Vibration/Motor-2/100/轴承内圈故障1/振动_电机2_100_时域-轴承内圈故障1-通道4.csv,9,0.014804985381713246,3.06567682754403e-05,2.096553562918201e-05,0.004969315625461419,0.9801117353322311,6.23413566897395e-05
Motor-2::100::/Users/hewenhao/Documents/电机驱动离心泵多故障电流与振动监测数据集/数据集/原始数据集/Vibration/Motor-2/100/轴承内圈故障1/振动_电机2_100_时域-轴承内圈故障1-通道4.csv::record_10,轴承故障,轴承故障,Motor-2,100,1480.0,/Users/hewenhao/Documents/电机驱动离心泵多故障电流与振动监测数据集/数据集/原始数据集/Vibration/Motor-2/100/轴承内圈故障1/振动_电机2_100_时域-轴承内圈故障1-通道4.csv,10,0.03454007297027564,8.628929528736483e-05,5.6050439255848803e-05,0.015432507086911075,0.9497731546264102,0.00011192558186010267
Motor-2::100::/Users/hewenhao/Documents/电机驱动离心泵多故障电流与振动监测数据集/数据集/原始数据集/Vibration/Motor-2/100/轴承内圈故障2/振动_电机2_100_时域-轴承内圈故障2-通道4.csv::record_9,轴承故障,轴承故障,Motor-2,100,1480.0,/Users/hewenhao/Documents/电机驱动离心泵多故障电流与振动监测数据集/数据集/原始数据集/Vibration/Motor-2/100/轴承内圈故障2/振动_电机2_100_时域-轴承内圈故障2-通道4.csv,9,0.1829653054392593,2.3585898271517592e-05,0.00043689699037788895,0.0015440187223008345,0.8146613607163506,0.0003688322334398922
Motor-2::100::/Users/hewenhao/Documents/电机驱动离心泵多故障电流与振动监测数据集/数据集/原始数据集/Vibration/Motor-2/100/轴承内圈故障3/振动_电机2_100_时域-轴承内圈故障3-通道4.csv::record_3,轴承故障,轴承故障,Motor-2,100,1480.0,/Users/hewenhao/Documents/电机驱动离心泵多故障电流与振动监测数据集/数据集/原始数据集/Vibration/Motor-2/100/轴承内圈故障3/振动_电机2_100_时域-轴承内圈故障3-通道4.csv,3,0.011221033582102337,2.997096345966785e-05,0.00017407288369239408,0.21569723376201957,0.7727674716551818,0.00011021715354398485
Motor-2::100::/Users/hewenhao/Documents/电机驱动离心泵多故障电流与振动监测数据集/数据集/原始数据集/Vibration/Motor-2/100/轴承内圈故障3/振动_电机2_100_时域-轴承内圈故障3-通道4.csv::record_9,轴承故障,轴承故障,Motor-2,100,1480.0,/Users/hewenhao/Documents/电机驱动离心泵多故障电流与振动监测数据集/数据集/原始数据集/Vibration/Motor-2/100/轴承内圈故障3/振动_电机2_100_时域-轴承内圈故障3-通道4.csv,9,0.0585435722087094,0.00042531958604357485,0.0003306761374215846,0.24308766604768453,0.6970636713886696,0.0005490946314713546
Motor-2::100::/Users/hewenhao/Documents/电机驱动离心泵多故障电流与振动监测数据集/数据集/原始数据集/Vibration/Motor-2/100/轴承内圈故障3/振动_电机2_100_时域-轴承内圈故障3-通道4.csv::record_14,轴承故障,轴承故障,Motor-2,100,1480.0,/Users/hewenhao/Documents/电机驱动离心泵多故障电流与振动监测数据集/数据集/原始数据集/Vibration/Motor-2/100/轴承内圈故障3/振动_电机2_100_时域-轴承内圈故障3-通道4.csv,14,0.06411715930148612,0.0004709275541627109,0.0006988597871088532,0.2325167646172403,0.701717260647396,0.00047902809260588736
Motor-2::100::/Users/hewenhao/Documents/电机驱动离心泵多故障电流与振动监测数据集/数据集/原始数据集/Vibration/Motor-2/100/轴承外圈故障1/振动_电机2_100_时域-轴承外圈故障1-通道4.csv::record_3,轴承故障,轴承故障,Motor-2,100,1480.0,/Users/hewenhao/Documents/电机驱动离心泵多故障电流与振动监测数据集/数据集/原始数据集/Vibration/Motor-2/100/轴承外圈故障1/振动_电机2_100_时域-轴承外圈故障1-通道4.csv,3,0.006642067551458031,3.88283718462837e-05,7.620109544276843e-05,0.26414888016884075,0.728883663125084,0.00021035968732799608
Motor-2::100::/Users/hewenhao/Documents/电机驱动离心泵多故障电流与振动监测数据集/数据集/原始数据集/Vibration/Motor-2/100/轴承外圈故障1/振动_电机2_100_时域-轴承外圈故障1-通道4.csv::record_8,轴承故障,轴承故障,Motor-2,100,1480.0,/Users/hewenhao/Documents/电机驱动离心泵多故障电流与振动监测数据集/数据集/原始数据集/Vibration/Motor-2/100/轴承外圈故障1/振动_电机2_100_时域-轴承外圈故障1-通道4.csv,8,0.00503594589579627,1.968060408050873e-05,3.997914548032356e-05,0.3277790934415462,0.6669094121328576,0.0002158887802391056
Motor-2::100::/Users/hewenhao/Documents/电机驱动离心泵多故障电流与振动监测数据集/数据集/原始数据集/Vibration/Motor-2/100/轴承外圈故障1/振动_电机2_100_时域-轴承外圈故障1-通道4.csv::record_10,轴承故障,松动,Motor-2,100,1480.0,/Users/hewenhao/Documents/电机驱动离心泵多故障电流与振动监测数据集/数据集/原始数据集/Vibration/Motor-2/100/轴承外圈故障1/振动_电机2_100_时域-轴承外圈故障1-通道4.csv,10,0.03478109434369055,0.0002378777005458033,0.0003072539889003351,0.4092586131784298,0.5549277227134255,0.00048743807500803936
Motor-2::100::/Users/hewenhao/Documents/电机驱动离心泵多故障电流与振动监测数据集/数据集/原始数据集/Vibration/Motor-2/100/轴承外圈故障2/振动_电机2_100_时域-轴承外圈故障2-通道4.csv::record_4,轴承故障,轴承故障,Motor-2,100,1480.0,/Users/hewenhao/Documents/电机驱动离心泵多故障电流与振动监测数据集/数据集/原始数据集/Vibration/Motor-2/100/轴承外圈故障2/振动_电机2_100_时域-轴承外圈故障2-通道4.csv,4,0.08785910532372194,0.001169418498537844,0.0017914277332070527,0.06582714412994717,0.8422741373978727,0.001078766916713267
Motor-2::100::/Users/hewenhao/Documents/电机驱动离心泵多故障电流与振动监测数据集/数据集/原始数据集/Vibration/Motor-2/100/轴承外圈故障2/振动_电机2_100_时域-轴承外圈故障2-通道4.csv::record_12,轴承故障,轴承故障,Motor-2,100,1480.0,/Users/hewenhao/Documents/电机驱动离心泵多故障电流与振动监测数据集/数据集/原始数据集/Vibration/Motor-2/100/轴承外圈故障2/振动_电机2_100_时域-轴承外圈故障2-通道4.csv,12,0.036784090176564976,0.0001468688425455564,0.0004066070980020247,0.02819903164127732,0.9342455381016086,0.00021786414000144768
Motor-2::100::/Users/hewenhao/Documents/电机驱动离心泵多故障电流与振动监测数据集/数据集/原始数据集/Vibration/Motor-2/100/轴承外圈故障2/振动_电机2_100_时域-轴承外圈故障2-通道4.csv::record_14,轴承故障,轴承故障,Motor-2,100,1480.0,/Users/hewenhao/Documents/电机驱动离心泵多故障电流与振动监测数据集/数据集/原始数据集/Vibration/Motor-2/100/轴承外圈故障2/振动_电机2_100_时域-轴承外圈故障2-通道4.csv,14,0.04946251201768381,7.117173194632636e-05,0.0002748521610356599,0.04513874703498255,0.9049119210044937,0.00014079604985778438
Motor-2::100::/Users/hewenhao/Documents/电机驱动离心泵多故障电流与振动监测数据集/数据集/原始数据集/Vibration/Motor-2/100/轴承外圈故障2/振动_电机2_100_时域-轴承外圈故障2-通道4.csv::record_15,轴承故障,轴承故障,Motor-2,100,1480.0,/Users/hewenhao/Documents/电机驱动离心泵多故障电流与振动监测数据集/数据集/原始数据集/Vibration/Motor-2/100/轴承外圈故障2/振动_电机2_100_时域-轴承外圈故障2-通道4.csv,15,0.01874928162404733,0.00017156503229607417,0.0004476646595128302,0.050786076963775066,0.9295622086661152,0.00028320305425369924
Motor-2::100::/Users/hewenhao/Documents/电机驱动离心泵多故障电流与振动监测数据集/数据集/原始数据集/Vibration/Motor-2/100/轴承外圈故障2/振动_电机2_100_时域-轴承外圈故障2-通道4.csv::record_18,轴承故障,轴承故障,Motor-2,100,1480.0,/Users/hewenhao/Documents/电机驱动离心泵多故障电流与振动监测数据集/数据集/原始数据集/Vibration/Motor-2/100/轴承外圈故障2/振动_电机2_100_时域-轴承外圈故障2-通道4.csv,18,0.02004964993971567,0.00013000147135748178,0.0005077983483219588,0.04465335239298768,0.9344878950944765,0.00017130275314080763
Motor-2::100::/Users/hewenhao/Documents/电机驱动离心泵多故障电流与振动监测数据集/数据集/原始数据集/Vibration/Motor-2/100/轴承外圈故障3/振动_电机2_100_时域-轴承外圈故障3-通道4.csv::record_4,轴承故障,轴承故障,Motor-2,100,1480.0,/Users/hewenhao/Documents/电机驱动离心泵多故障电流与振动监测数据集/数据集/原始数据集/Vibration/Motor-2/100/轴承外圈故障3/振动_电机2_100_时域-轴承外圈故障3-通道4.csv,4,0.12245058323739198,0.00019255664737087146,0.0005455674822707344,0.02460335726809571,0.8518952321848869,0.0003127031799838621
Motor-2::100::/Users/hewenhao/Documents/电机驱动离心泵多故障电流与振动监测数据集/数据集/原始数据集/Vibration/Motor-2/100/轴承外圈故障3/振动_电机2_100_时域-轴承外圈故障3-通道4.csv::record_8,轴承故障,轴承故障,Motor-2,100,1480.0,/Users/hewenhao/Documents/电机驱动离心泵多故障电流与振动监测数据集/数据集/原始数据集/Vibration/Motor-2/100/轴承外圈故障3/振动_电机2_100_时域-轴承外圈故障3-通道4.csv,8,0.13278992727086233,2.9875039853859366e-05,8.382000201716075e-05,0.005574684003464733,0.8614018288634293,0.00011986482037275161
Motor-2::100::/Users/hewenhao/Documents/电机驱动离心泵多故障电流与振动监测数据集/数据集/原始数据集/Vibration/Motor-2/100/轴承外圈故障3/振动_电机2_100_时域-轴承外圈故障3-通道4.csv::record_10,轴承故障,轴承故障,Motor-2,100,1480.0,/Users/hewenhao/Documents/电机驱动离心泵多故障电流与振动监测数据集/数据集/原始数据集/Vibration/Motor-2/100/轴承外圈故障3/振动_电机2_100_时域-轴承外圈故障3-通道4.csv,10,0.2627243316948882,9.433022441647046e-05,0.0003034442699729811,0.013035770842986476,0.7236196322715344,0.00022249069620138405
Motor-2::100::/Users/hewenhao/Documents/电机驱动离心泵多故障电流与振动监测数据集/数据集/原始数据集/Vibration/Motor-2/100/轴承外圈故障3/振动_电机2_100_时域-轴承外圈故障3-通道4.csv::record_11,轴承故障,轴承故障,Motor-2,100,1480.0,/Users/hewenhao/Documents/电机驱动离心泵多故障电流与振动监测数据集/数据集/原始数据集/Vibration/Motor-2/100/轴承外圈故障3/振动_电机2_100_时域-轴承外圈故障3-通道4.csv,11,0.2970449501486017,0.00040686476411160044,0.0003829657659873612,0.038482164686771334,0.6631304888018031,0.0005525658327246539
Motor-2::100::/Users/hewenhao/Documents/电机驱动离心泵多故障电流与振动监测数据集/数据集/原始数据集/Vibration/Motor-2/100/轴承外圈故障3/振动_电机2_100_时域-轴承外圈故障3-通道4.csv::record_13,轴承故障,轴承故障,Motor-2,100,1480.0,/Users/hewenhao/Documents/电机驱动离心泵多故障电流与振动监测数据集/数据集/原始数据集/Vibration/Motor-2/100/轴承外圈故障3/振动_电机2_100_时域-轴承外圈故障3-通道4.csv,13,0.3314619797106893,9.008683502142056e-05,0.00047428846768104744,0.008960833446198028,0.6585867719696802,0.0004260395707299139
Motor-2::100::/Users/hewenhao/Documents/电机驱动离心泵多故障电流与振动监测数据集/数据集/原始数据集/Vibration/Motor-2/100/轴承污染/振动_电机2_100_时域-轴承污染-通道4.csv::record_1,轴承故障,松动,Motor-2,100,1480.0,/Users/hewenhao/Documents/电机驱动离心泵多故障电流与振动监测数据集/数据集/原始数据集/Vibration/Motor-2/100/轴承污染/振动_电机2_100_时域-轴承污染-通道4.csv,1,0.021143938996412728,0.00020281242763496492,0.0004503973507588698,0.42499825710862227,0.5528395298656851,0.0003650642508862806
Motor-2::100::/Users/hewenhao/Documents/电机驱动离心泵多故障电流与振动监测数据集/数据集/原始数据集/Vibration/Motor-2/100/轴承污染/振动_电机2_100_时域-轴承污染-通道4.csv::record_4,轴承故障,松动,Motor-2,100,1480.0,/Users/hewenhao/Documents/电机驱动离心泵多故障电流与振动监测数据集/数据集/原始数据集/Vibration/Motor-2/100/轴承污染/振动_电机2_100_时域-轴承污染-通道4.csv,4,0.005256687791418651,4.545005942775829e-05,7.265544921115939e-05,0.44069722673260153,0.553842420855241,8.555911209984128e-05
Motor-2::100::/Users/hewenhao/Documents/电机驱动离心泵多故障电流与振动监测数据集/数据集/原始数据集/Vibration/Motor-2/100/轴承污染/振动_电机2_100_时域-轴承污染-通道4.csv::record_9,轴承故障,松动,Motor-2,100,1480.0,/Users/hewenhao/Documents/电机驱动离心泵多故障电流与振动监测数据集/数据集/原始数据集/Vibration/Motor-2/100/轴承污染/振动_电机2_100_时域-轴承污染-通道4.csv,9,0.01563903196194679,0.00036779807343424964,0.0004225370954480708,0.4455513879054457,0.5374656591268385,0.0005535858368867439
Motor-2::100::/Users/hewenhao/Documents/电机驱动离心泵多故障电流与振动监测数据集/数据集/原始数据集/Vibration/Motor-2/100/轴承污染/振动_电机2_100_时域-轴承污染-通道4.csv::record_10,轴承故障,松动,Motor-2,100,1480.0,/Users/hewenhao/Documents/电机驱动离心泵多故障电流与振动监测数据集/数据集/原始数据集/Vibration/Motor-2/100/轴承污染/振动_电机2_100_时域-轴承污染-通道4.csv,10,0.02051531281003283,0.0005557666738895346,0.0005965404156415167,0.4583157909342475,0.5192049580477122,0.0008116311184765
Motor-2::100::/Users/hewenhao/Documents/电机驱动离心泵多故障电流与振动监测数据集/数据集/原始数据集/Vibration/Motor-2/100/轴承污染/振动_电机2_100_时域-轴承污染-通道4.csv::record_14,轴承故障,松动,Motor-2,100,1480.0,/Users/hewenhao/Documents/电机驱动离心泵多故障电流与振动监测数据集/数据集/原始数据集/Vibration/Motor-2/100/轴承污染/振动_电机2_100_时域-轴承污染-通道4.csv,14,0.02374327832657532,0.00045212025609951386,0.00048458782520333576,0.3439071763069781,0.630781642445696,0.0006311948394477759
Motor-2::100::/Users/hewenhao/Documents/电机驱动离心泵多故障电流与振动监测数据集/数据集/原始数据集/Vibration/Motor-2/100/轴承滚动体故障/振动_电机2_100_时域-轴承滚动体故障-通道4.csv::record_1,轴承故障,松动,Motor-2,100,1480.0,/Users/hewenhao/Documents/电机驱动离心泵多故障电流与振动监测数据集/数据集/原始数据集/Vibration/Motor-2/100/轴承滚动体故障/振动_电机2_100_时域-轴承滚动体故障-通道4.csv,1,0.12829683822392887,0.0012547569548521664,0.0009557252404266285,0.2754326542379344,0.5925376027983535,0.001522422544504527
Motor-2::100::/Users/hewenhao/Documents/电机驱动离心泵多故障电流与振动监测数据集/数据集/原始数据集/Vibration/Motor-2/100/轴承滚动体故障/振动_电机2_100_时域-轴承滚动体故障-通道4.csv::record_2,轴承故障,轴承故障,Motor-2,100,1480.0,/Users/hewenhao/Documents/电机驱动离心泵多故障电流与振动监测数据集/数据集/原始数据集/Vibration/Motor-2/100/轴承滚动体故障/振动_电机2_100_时域-轴承滚动体故障-通道4.csv,2,0.09288962751086728,0.0011026607245455129,0.0008364866054717888,0.2373343257101095,0.6666591698748389,0.001177729574167128
Motor-2::100::/Users/hewenhao/Documents/电机驱动离心泵多故障电流与振动监测数据集/数据集/原始数据集/Vibration/Motor-2/100/轴承滚动体故障/振动_电机2_100_时域-轴承滚动体故障-通道4.csv::record_4,轴承故障,轴承故障,Motor-2,100,1480.0,/Users/hewenhao/Documents/电机驱动离心泵多故障电流与振动监测数据集/数据集/原始数据集/Vibration/Motor-2/100/轴承滚动体故障/振动_电机2_100_时域-轴承滚动体故障-通道4.csv,4,0.1208485784744659,0.0019674856619311936,0.0015759229004384922,0.27804809321365237,0.5948887578909154,0.0026711618585966825
Motor-2::100::/Users/hewenhao/Documents/电机驱动离心泵多故障电流与振动监测数据集/数据集/原始数据集/Vibration/Motor-2/100/轴承滚动体故障/振动_电机2_100_时域-轴承滚动体故障-通道4.csv::record_8,轴承故障,轴承故障,Motor-2,100,1480.0,/Users/hewenhao/Documents/电机驱动离心泵多故障电流与振动监测数据集/数据集/原始数据集/Vibration/Motor-2/100/轴承滚动体故障/振动_电机2_100_时域-轴承滚动体故障-通道4.csv,8,0.12083099421719554,0.0006677839572801602,0.0008858769853805129,0.14475085858548015,0.7317403454068011,0.0011241408478622893
Motor-2::100::/Users/hewenhao/Documents/电机驱动离心泵多故障电流与振动监测数据集/数据集/原始数据集/Vibration/Motor-2/100/轴承滚动体故障/振动_电机2_100_时域-轴承滚动体故障-通道4.csv::record_12,轴承故障,轴承故障,Motor-2,100,1480.0,/Users/hewenhao/Documents/电机驱动离心泵多故障电流与振动监测数据集/数据集/原始数据集/Vibration/Motor-2/100/轴承滚动体故障/振动_电机2_100_时域-轴承滚动体故障-通道4.csv,12,0.20845888610954458,0.000595165246542055,0.0008761995604412715,0.06718747566982369,0.7222958634038502,0.0005864100097979095
Motor-4::70::/Users/hewenhao/Documents/电机驱动离心泵多故障电流与振动监测数据集/数据集/原始数据集/Vibration/Motor-4/70/出口汽蚀1/振动_电机4_70_时域-出口汽蚀1-通道4.csv::record_2,汽蚀,汽蚀,Motor-4,70,2070.0,/Users/hewenhao/Documents/电机驱动离心泵多故障电流与振动监测数据集/数据集/原始数据集/Vibration/Motor-4/70/出口汽蚀1/振动_电机4_70_时域-出口汽蚀1-通道4.csv,2,0.00023592980198631602,0.014527664470108274,0.008835671431254825,7.923770015554142e-06,3.373165844829871e-06,0.9763894373607902
Motor-4::70::/Users/hewenhao/Documents/电机驱动离心泵多故障电流与振动监测数据集/数据集/原始数据集/Vibration/Motor-4/70/出口汽蚀1/振动_电机4_70_时域-出口汽蚀1-通道4.csv::record_4,汽蚀,汽蚀,Motor-4,70,2070.0,/Users/hewenhao/Documents/电机驱动离心泵多故障电流与振动监测数据集/数据集/原始数据集/Vibration/Motor-4/70/出口汽蚀1/振动_电机4_70_时域-出口汽蚀1-通道4.csv,4,0.00029142562679767257,0.023194515835639556,0.00029987356093187997,1.1893637411053926e-05,7.330019277347877e-06,0.9761949613199423
Motor-4::70::/Users/hewenhao/Documents/电机驱动离心泵多故障电流与振动监测数据集/数据集/原始数据集/Vibration/Motor-4/70/出口汽蚀1/振动_电机4_70_时域-出口汽蚀1-通道4.csv::record_7,汽蚀,汽蚀,Motor-4,70,2070.0,/Users/hewenhao/Documents/电机驱动离心泵多故障电流与振动监测数据集/数据集/原始数据集/Vibration/Motor-4/70/出口汽蚀1/振动_电机4_70_时域-出口汽蚀1-通道4.csv,7,0.0002477765309118537,0.030931197013123836,0.00012100062734712634,2.5938583922512768e-05,2.1053619714267936e-05,0.9686530336249805
Motor-4::70::/Users/hewenhao/Documents/电机驱动离心泵多故障电流与振动监测数据集/数据集/原始数据集/Vibration/Motor-4/70/出口汽蚀1/振动_电机4_70_时域-出口汽蚀1-通道4.csv::record_8,汽蚀,汽蚀,Motor-4,70,2070.0,/Users/hewenhao/Documents/电机驱动离心泵多故障电流与振动监测数据集/数据集/原始数据集/Vibration/Motor-4/70/出口汽蚀1/振动_电机4_70_时域-出口汽蚀1-通道4.csv,8,0.001311050121162991,0.0432666510675793,0.00044640819256739413,3.532413864013203e-05,4.4023616262085994e-05,0.9548965428637882
Motor-4::70::/Users/hewenhao/Documents/电机驱动离心泵多故障电流与振动监测数据集/数据集/原始数据集/Vibration/Motor-4/70/出口汽蚀1/振动_电机4_70_时域-出口汽蚀1-通道4.csv::record_9,汽蚀,汽蚀,Motor-4,70,2070.0,/Users/hewenhao/Documents/电机驱动离心泵多故障电流与振动监测数据集/数据集/原始数据集/Vibration/Motor-4/70/出口汽蚀1/振动_电机4_70_时域-出口汽蚀1-通道4.csv,9,0.0007277889882345339,0.03071072721963422,0.000448393694305798,3.7911009368629906e-05,9.545258738210317e-05,0.9679797265010747
Motor-4::70::/Users/hewenhao/Documents/电机驱动离心泵多故障电流与振动监测数据集/数据集/原始数据集/Vibration/Motor-4/70/出口汽蚀2/振动_电机4_70_时域-出口汽蚀2-通道4.csv::record_2,汽蚀,汽蚀,Motor-4,70,2070.0,/Users/hewenhao/Documents/电机驱动离心泵多故障电流与振动监测数据集/数据集/原始数据集/Vibration/Motor-4/70/出口汽蚀2/振动_电机4_70_时域-出口汽蚀2-通道4.csv,2,0.0024065723691006884,0.0002997604419657804,0.01815960347735954,2.0983913038389816e-05,2.3572761980918616e-05,0.9790895070365546
Motor-4::70::/Users/hewenhao/Documents/电机驱动离心泵多故障电流与振动监测数据集/数据集/原始数据集/Vibration/Motor-4/70/出口汽蚀2/振动_电机4_70_时域-出口汽蚀2-通道4.csv::record_3,汽蚀,汽蚀,Motor-4,70,2070.0,/Users/hewenhao/Documents/电机驱动离心泵多故障电流与振动监测数据集/数据集/原始数据集/Vibration/Motor-4/70/出口汽蚀2/振动_电机4_70_时域-出口汽蚀2-通道4.csv,3,0.0001326622299974772,0.00019579331964771266,0.002704119110154616,5.849891785943509e-06,8.127717778956806e-07,0.9969607626766364
Motor-4::70::/Users/hewenhao/Documents/电机驱动离心泵多故障电流与振动监测数据集/数据集/原始数据集/Vibration/Motor-4/70/出口汽蚀2/振动_电机4_70_时域-出口汽蚀2-通道4.csv::record_9,汽蚀,汽蚀,Motor-4,70,2070.0,/Users/hewenhao/Documents/电机驱动离心泵多故障电流与振动监测数据集/数据集/原始数据集/Vibration/Motor-4/70/出口汽蚀2/振动_电机4_70_时域-出口汽蚀2-通道4.csv,9,3.100849057575187e-05,0.00021372608982578672,0.0017797115840020447,4.047569762156302e-06,1.356911553842244e-06,0.9979701493542803
Motor-4::70::/Users/hewenhao/Documents/电机驱动离心泵多故障电流与振动监测数据集/数据集/原始数据集/Vibration/Motor-4/70/出口汽蚀2/振动_电机4_70_时域-出口汽蚀2-通道4.csv::record_11,汽蚀,汽蚀,Motor-4,70,2070.0,/Users/hewenhao/Documents/电机驱动离心泵多故障电流与振动监测数据集/数据集/原始数据集/Vibration/Motor-4/70/出口汽蚀2/振动_电机4_70_时域-出口汽蚀2-通道4.csv,11,0.00043982196722209746,0.0011136412179613378,0.006946188355213848,3.8991734270176216e-05,4.3258210861202175e-05,0.9914180985144713
Motor-4::70::/Users/hewenhao/Documents/电机驱动离心泵多故障电流与振动监测数据集/数据集/原始数据集/Vibration/Motor-4/70/出口汽蚀3/振动_电机4_70_时域-出口汽蚀3-通道4.csv::record_4,汽蚀,汽蚀,Motor-4,70,2070.0,/Users/hewenhao/Documents/电机驱动离心泵多故障电流与振动监测数据集/数据集/原始数据集/Vibration/Motor-4/70/出口汽蚀3/振动_电机4_70_时域-出口汽蚀3-通道4.csv,4,0.001679327719951415,0.0017281903031023226,0.004270713515244768,0.0001986327592426625,0.0005872549790995732,0.9915358807233591
Motor-4::70::/Users/hewenhao/Documents/电机驱动离心泵多故障电流与振动监测数据集/数据集/原始数据集/Vibration/Motor-4/70/出口汽蚀4/振动_电机4_70_时域-出口汽蚀4-通道4.csv::record_14,汽蚀,汽蚀,Motor-4,70,2070.0,/Users/hewenhao/Documents/电机驱动离心泵多故障电流与振动监测数据集/数据集/原始数据集/Vibration/Motor-4/70/出口汽蚀4/振动_电机4_70_时域-出口汽蚀4-通道4.csv,14,0.0033913449049629836,5.7302368409224935e-05,0.00014578350386067069,0.00034973227918177357,0.0016298860944838926,0.9944259508491013
Motor-4::70::/Users/hewenhao/Documents/电机驱动离心泵多故障电流与振动监测数据集/数据集/原始数据集/Vibration/Motor-4/70/出口汽蚀5/振动_电机4_70_时域-出口汽蚀5-通道4.csv::record_7,汽蚀,汽蚀,Motor-4,70,2070.0,/Users/hewenhao/Documents/电机驱动离心泵多故障电流与振动监测数据集/数据集/原始数据集/Vibration/Motor-4/70/出口汽蚀5/振动_电机4_70_时域-出口汽蚀5-通道4.csv,7,0.004665128864166854,0.00034271452064749255,0.0008869649243690296,0.0021458786829715534,0.012959979899066217,0.9789993331087788
Motor-4::70::/Users/hewenhao/Documents/电机驱动离心泵多故障电流与振动监测数据集/数据集/原始数据集/Vibration/Motor-4/70/出口汽蚀5/振动_电机4_70_时域-出口汽蚀5-通道4.csv::record_8,汽蚀,汽蚀,Motor-4,70,2070.0,/Users/hewenhao/Documents/电机驱动离心泵多故障电流与振动监测数据集/数据集/原始数据集/Vibration/Motor-4/70/出口汽蚀5/振动_电机4_70_时域-出口汽蚀5-通道4.csv,8,0.015857999130764616,0.00023806706124191896,0.0007208099306415636,0.002722866274500889,0.016336831912886728,0.9641234256899643
Motor-4::70::/Users/hewenhao/Documents/电机驱动离心泵多故障电流与振动监测数据集/数据集/原始数据集/Vibration/Motor-4/70/出口汽蚀5/振动_电机4_70_时域-出口汽蚀5-通道4.csv::record_9,汽蚀,汽蚀,Motor-4,70,2070.0,/Users/hewenhao/Documents/电机驱动离心泵多故障电流与振动监测数据集/数据集/原始数据集/Vibration/Motor-4/70/出口汽蚀5/振动_电机4_70_时域-出口汽蚀5-通道4.csv,9,0.0014929661240503714,7.153930434468953e-05,0.00027210060771586065,0.0004613005360248317,0.005997439442846368,0.9917046539850181
Motor-4::70::/Users/hewenhao/Documents/电机驱动离心泵多故障电流与振动监测数据集/数据集/原始数据集/Vibration/Motor-4/70/出口汽蚀5/振动_电机4_70_时域-出口汽蚀5-通道4.csv::record_10,汽蚀,汽蚀,Motor-4,70,2070.0,/Users/hewenhao/Documents/电机驱动离心泵多故障电流与振动监测数据集/数据集/原始数据集/Vibration/Motor-4/70/出口汽蚀5/振动_电机4_70_时域-出口汽蚀5-通道4.csv,10,0.00021669886589177712,6.752388225791735e-06,3.547592725172605e-05,0.00038028108105560456,0.0015665216555651451,0.9977942700820098
Motor-4::70::/Users/hewenhao/Documents/电机驱动离心泵多故障电流与振动监测数据集/数据集/原始数据集/Vibration/Motor-4/70/出口汽蚀5/振动_电机4_70_时域-出口汽蚀5-通道4.csv::record_11,汽蚀,汽蚀,Motor-4,70,2070.0,/Users/hewenhao/Documents/电机驱动离心泵多故障电流与振动监测数据集/数据集/原始数据集/Vibration/Motor-4/70/出口汽蚀5/振动_电机4_70_时域-出口汽蚀5-通道4.csv,11,0.0034335327371595482,0.00031194804768878775,0.0006315917884614178,0.0010880831180762906,0.006604282335402949,0.9879305619732112
Motor-4::70::/Users/hewenhao/Documents/电机驱动离心泵多故障电流与振动监测数据集/数据集/原始数据集/Vibration/Motor-4/70/出口汽蚀5/振动_电机4_70_时域-出口汽蚀5-通道4.csv::record_12,汽蚀,汽蚀,Motor-4,70,2070.0,/Users/hewenhao/Documents/电机驱动离心泵多故障电流与振动监测数据集/数据集/原始数据集/Vibration/Motor-4/70/出口汽蚀5/振动_电机4_70_时域-出口汽蚀5-通道4.csv,12,0.005964779667843814,5.650299033277525e-05,0.00032392251988222964,0.0006506165546704577,0.006723955777038056,0.9862802224902325
Motor-4::70::/Users/hewenhao/Documents/电机驱动离心泵多故障电流与振动监测数据集/数据集/原始数据集/Vibration/Motor-4/70/吸入口汽蚀1/振动_电机4_70_时域-吸入口汽蚀1-通道4.csv::record_7,汽蚀,汽蚀,Motor-4,70,2070.0,/Users/hewenhao/Documents/电机驱动离心泵多故障电流与振动监测数据集/数据集/原始数据集/Vibration/Motor-4/70/吸入口汽蚀1/振动_电机4_70_时域-吸入口汽蚀1-通道4.csv,7,0.012926866970263712,0.00414946176102439,0.0009573637874289448,0.0029854082565827027,0.00719082290940205,0.9717900763152982
Motor-4::70::/Users/hewenhao/Documents/电机驱动离心泵多故障电流与振动监测数据集/数据集/原始数据集/Vibration/Motor-4/70/吸入口汽蚀1/振动_电机4_70_时域-吸入口汽蚀1-通道4.csv::record_12,汽蚀,汽蚀,Motor-4,70,2070.0,/Users/hewenhao/Documents/电机驱动离心泵多故障电流与振动监测数据集/数据集/原始数据集/Vibration/Motor-4/70/吸入口汽蚀1/振动_电机4_70_时域-吸入口汽蚀1-通道4.csv,12,0.0061844552920412976,0.0005815518791985498,0.002365376351390175,0.00022613971536083552,0.00358146734685744,0.9870610094151516
Motor-4::70::/Users/hewenhao/Documents/电机驱动离心泵多故障电流与振动监测数据集/数据集/原始数据集/Vibration/Motor-4/70/吸入口汽蚀1/振动_电机4_70_时域-吸入口汽蚀1-通道4.csv::record_14,汽蚀,汽蚀,Motor-4,70,2070.0,/Users/hewenhao/Documents/电机驱动离心泵多故障电流与振动监测数据集/数据集/原始数据集/Vibration/Motor-4/70/吸入口汽蚀1/振动_电机4_70_时域-吸入口汽蚀1-通道4.csv,14,0.003321462793440341,0.00016753838728561195,0.00047680520606123693,0.00017096370739903488,0.00024268790842646825,0.9956205419973874
Motor-4::70::/Users/hewenhao/Documents/电机驱动离心泵多故障电流与振动监测数据集/数据集/原始数据集/Vibration/Motor-4/70/吸入口汽蚀3/振动_电机4_70_时域-吸入口汽蚀3-通道4.csv::record_2,汽蚀,汽蚀,Motor-4,70,2070.0,/Users/hewenhao/Documents/电机驱动离心泵多故障电流与振动监测数据集/数据集/原始数据集/Vibration/Motor-4/70/吸入口汽蚀3/振动_电机4_70_时域-吸入口汽蚀3-通道4.csv,2,0.014172359033636528,0.0005352116265461252,0.003091877198305764,0.0023694520718274357,0.005680392138981807,0.9741507079307024
Motor-4::70::/Users/hewenhao/Documents/电机驱动离心泵多故障电流与振动监测数据集/数据集/原始数据集/Vibration/Motor-4/70/吸入口汽蚀3/振动_电机4_70_时域-吸入口汽蚀3-通道4.csv::record_6,汽蚀,汽蚀,Motor-4,70,2070.0,/Users/hewenhao/Documents/电机驱动离心泵多故障电流与振动监测数据集/数据集/原始数据集/Vibration/Motor-4/70/吸入口汽蚀3/振动_电机4_70_时域-吸入口汽蚀3-通道4.csv,6,0.00518676367496272,0.0006623241315396275,0.0018187404335183674,0.0019324676844208902,0.0009997360391484607,0.9893999680364101
Motor-4::70::/Users/hewenhao/Documents/电机驱动离心泵多故障电流与振动监测数据集/数据集/原始数据集/Vibration/Motor-4/70/吸入口汽蚀3/振动_电机4_70_时域-吸入口汽蚀3-通道4.csv::record_9,汽蚀,汽蚀,Motor-4,70,2070.0,/Users/hewenhao/Documents/电机驱动离心泵多故障电流与振动监测数据集/数据集/原始数据集/Vibration/Motor-4/70/吸入口汽蚀3/振动_电机4_70_时域-吸入口汽蚀3-通道4.csv,9,0.0058707364883564496,0.0007139619783100124,0.0028863850330273578,0.0029595061047886207,0.0011516363910597566,0.9864177740044578
Motor-4::70::/Users/hewenhao/Documents/电机驱动离心泵多故障电流与振动监测数据集/数据集/原始数据集/Vibration/Motor-4/70/吸入口汽蚀3/振动_电机4_70_时域-吸入口汽蚀3-通道4.csv::record_11,汽蚀,汽蚀,Motor-4,70,2070.0,/Users/hewenhao/Documents/电机驱动离心泵多故障电流与振动监测数据集/数据集/原始数据集/Vibration/Motor-4/70/吸入口汽蚀3/振动_电机4_70_时域-吸入口汽蚀3-通道4.csv,11,0.018393050465800448,0.002508166292820182,0.007203752005217926,0.007810744035437545,0.0034226460166973077,0.9606616411840264
Motor-4::70::/Users/hewenhao/Documents/电机驱动离心泵多故障电流与振动监测数据集/数据集/原始数据集/Vibration/Motor-4/70/吸入口汽蚀4/振动_电机4_70_时域-吸入口汽蚀4-通道4.csv::record_13,汽蚀,汽蚀,Motor-4,70,2070.0,/Users/hewenhao/Documents/电机驱动离心泵多故障电流与振动监测数据集/数据集/原始数据集/Vibration/Motor-4/70/吸入口汽蚀4/振动_电机4_70_时域-吸入口汽蚀4-通道4.csv,13,0.038843384115414666,0.0005419880461010188,0.003606308839552731,0.0030712607271124017,0.01333700499585168,0.9406000532759675
Motor-4::70::/Users/hewenhao/Documents/电机驱动离心泵多故障电流与振动监测数据集/数据集/原始数据集/Vibration/Motor-4/70/平行不对中1/振动_电机4_70_时域-平行不对中1-通道4.csv::record_3,联轴器不对中,联轴器不对中,Motor-4,70,2070.0,/Users/hewenhao/Documents/电机驱动离心泵多故障电流与振动监测数据集/数据集/原始数据集/Vibration/Motor-4/70/平行不对中1/振动_电机4_70_时域-平行不对中1-通道4.csv,3,0.22243328311961236,0.006247939857813711,0.7695659271584733,0.00013799595333854184,0.00013444019619969524,0.001480413714562667
Motor-4::70::/Users/hewenhao/Documents/电机驱动离心泵多故障电流与振动监测数据集/数据集/原始数据集/Vibration/Motor-4/70/平行不对中1/振动_电机4_70_时域-平行不对中1-通道4.csv::record_5,联轴器不对中,联轴器不对中,Motor-4,70,2070.0,/Users/hewenhao/Documents/电机驱动离心泵多故障电流与振动监测数据集/数据集/原始数据集/Vibration/Motor-4/70/平行不对中1/振动_电机4_70_时域-平行不对中1-通道4.csv,5,0.05812650367811055,0.00824808612122765,0.9331162837011017,0.00012764330295978037,0.00012188227585628052,0.00025960092074408365
Motor-4::70::/Users/hewenhao/Documents/电机驱动离心泵多故障电流与振动监测数据集/数据集/原始数据集/Vibration/Motor-4/70/平行不对中1/振动_电机4_70_时域-平行不对中1-通道4.csv::record_7,联轴器不对中,联轴器不对中,Motor-4,70,2070.0,/Users/hewenhao/Documents/电机驱动离心泵多故障电流与振动监测数据集/数据集/原始数据集/Vibration/Motor-4/70/平行不对中1/振动_电机4_70_时域-平行不对中1-通道4.csv,7,0.056904611049353605,0.0037527403028947345,0.93883207180739,0.00017509766323505984,0.00013214221174232083,0.0002033369653841276
Motor-4::70::/Users/hewenhao/Documents/电机驱动离心泵多故障电流与振动监测数据集/数据集/原始数据集/Vibration/Motor-4/70/平行不对中1/振动_电机4_70_时域-平行不对中1-通道4.csv::record_10,联轴器不对中,联轴器不对中,Motor-4,70,2070.0,/Users/hewenhao/Documents/电机驱动离心泵多故障电流与振动监测数据集/数据集/原始数据集/Vibration/Motor-4/70/平行不对中1/振动_电机4_70_时域-平行不对中1-通道4.csv,10,0.04297805897705114,0.0005884804089297214,0.9563330316821125,1.6872497394035526e-05,4.168051062024465e-06,7.938838345051314e-05
Motor-4::70::/Users/hewenhao/Documents/电机驱动离心泵多故障电流与振动监测数据集/数据集/原始数据集/Vibration/Motor-4/70/平行不对中1/振动_电机4_70_时域-平行不对中1-通道4.csv::record_12,联轴器不对中,联轴器不对中,Motor-4,70,2070.0,/Users/hewenhao/Documents/电机驱动离心泵多故障电流与振动监测数据集/数据集/原始数据集/Vibration/Motor-4/70/平行不对中1/振动_电机4_70_时域-平行不对中1-通道4.csv,12,0.07954352967945749,0.0005552922669862623,0.9098804581816592,0.0004476889403148785,0.009372434391026306,0.0002005965405557695
Motor-4::70::/Users/hewenhao/Documents/电机驱动离心泵多故障电流与振动监测数据集/数据集/原始数据集/Vibration/Motor-4/70/平行不对中1/振动_电机4_70_时域-平行不对中1-通道4.csv::record_13,联轴器不对中,联轴器不对中,Motor-4,70,2070.0,/Users/hewenhao/Documents/电机驱动离心泵多故障电流与振动监测数据集/数据集/原始数据集/Vibration/Motor-4/70/平行不对中1/振动_电机4_70_时域-平行不对中1-通道4.csv,13,0.05593543256199588,0.0019576902638542993,0.9420209223865365,4.448336696790686e-05,2.3829983523330163e-05,1.7641437122218792e-05
Motor-4::70::/Users/hewenhao/Documents/电机驱动离心泵多故障电流与振动监测数据集/数据集/原始数据集/Vibration/Motor-4/70/平行不对中2/振动_电机4_70_时域-平行不对中2-通道4.csv::record_3,联轴器不对中,联轴器不对中,Motor-4,70,2070.0,/Users/hewenhao/Documents/电机驱动离心泵多故障电流与振动监测数据集/数据集/原始数据集/Vibration/Motor-4/70/平行不对中2/振动_电机4_70_时域-平行不对中2-通道4.csv,3,0.11378835774643424,0.0007570639664677252,0.885290893509033,3.228003683341084e-05,1.3827357740186505e-05,0.00011757738349142361
Motor-4::70::/Users/hewenhao/Documents/电机驱动离心泵多故障电流与振动监测数据集/数据集/原始数据集/Vibration/Motor-4/70/平行不对中2/振动_电机4_70_时域-平行不对中2-通道4.csv::record_12,联轴器不对中,联轴器不对中,Motor-4,70,2070.0,/Users/hewenhao/Documents/电机驱动离心泵多故障电流与振动监测数据集/数据集/原始数据集/Vibration/Motor-4/70/平行不对中2/振动_电机4_70_时域-平行不对中2-通道4.csv,12,0.00975317387928274,9.844132304901705e-05,0.9901313159078879,1.4294485761067464e-05,9.654299700077004e-07,1.8089740493468322e-06
Motor-4::70::/Users/hewenhao/Documents/电机驱动离心泵多故障电流与振动监测数据集/数据集/原始数据集/Vibration/Motor-4/70/平行不对中3/振动_电机4_70_时域-平行不对中3-通道4.csv::record_6,联轴器不对中,联轴器不对中,Motor-4,70,2070.0,/Users/hewenhao/Documents/电机驱动离心泵多故障电流与振动监测数据集/数据集/原始数据集/Vibration/Motor-4/70/平行不对中3/振动_电机4_70_时域-平行不对中3-通道4.csv,6,9.67354090023907e-05,0.0002453422270353128,0.9994937718989623,6.1977687654181745e-06,3.000212000455526e-05,0.00012795057623001
Motor-4::70::/Users/hewenhao/Documents/电机驱动离心泵多故障电流与振动监测数据集/数据集/原始数据集/Vibration/Motor-4/70/平行不对中4/振动_电机4_70_时域-平行不对中4-通道4.csv::record_5,联轴器不对中,联轴器不对中,Motor-4,70,2070.0,/Users/hewenhao/Documents/电机驱动离心泵多故障电流与振动监测数据集/数据集/原始数据集/Vibration/Motor-4/70/平行不对中4/振动_电机4_70_时域-平行不对中4-通道4.csv,5,0.06281250681761937,0.0006689637338810505,0.9216589356150439,0.007562272751464431,0.006315062213575093,0.0009822588684162495
Motor-4::70::/Users/hewenhao/Documents/电机驱动离心泵多故障电流与振动监测数据集/数据集/原始数据集/Vibration/Motor-4/70/平行不对中4/振动_电机4_70_时域-平行不对中4-通道4.csv::record_6,联轴器不对中,联轴器不对中,Motor-4,70,2070.0,/Users/hewenhao/Documents/电机驱动离心泵多故障电流与振动监测数据集/数据集/原始数据集/Vibration/Motor-4/70/平行不对中4/振动_电机4_70_时域-平行不对中4-通道4.csv,6,0.04283846222811294,0.0010500354906034597,0.9426784295866067,0.010549913297508378,0.0016191224590030916,0.00126403693816545
Motor-4::70::/Users/hewenhao/Documents/电机驱动离心泵多故障电流与振动监测数据集/数据集/原始数据集/Vibration/Motor-4/70/平行不对中4/振动_电机4_70_时域-平行不对中4-通道4.csv::record_11,联轴器不对中,联轴器不对中,Motor-4,70,2070.0,/Users/hewenhao/Documents/电机驱动离心泵多故障电流与振动监测数据集/数据集/原始数据集/Vibration/Motor-4/70/平行不对中4/振动_电机4_70_时域-平行不对中4-通道4.csv,11,0.015727972335758154,0.00020407988900598815,0.98099879725904,0.0017864883207215439,0.0010085911221570684,0.000274071073317161
Motor-4::70::/Users/hewenhao/Documents/电机驱动离心泵多故障电流与振动监测数据集/数据集/原始数据集/Vibration/Motor-4/70/平行不对中4/振动_电机4_70_时域-平行不对中4-通道4.csv::record_14,联轴器不对中,联轴器不对中,Motor-4,70,2070.0,/Users/hewenhao/Documents/电机驱动离心泵多故障电流与振动监测数据集/数据集/原始数据集/Vibration/Motor-4/70/平行不对中4/振动_电机4_70_时域-平行不对中4-通道4.csv,14,0.01637590184159471,0.0002840674522440589,0.9786712762234513,0.0022725784677491115,0.002009746546491805,0.00038642946846905997
Motor-4::70::/Users/hewenhao/Documents/电机驱动离心泵多故障电流与振动监测数据集/数据集/原始数据集/Vibration/Motor-4/70/正常状态1/振动_电机4_70_时域-正常状态1-通道4.csv::record_4,正常,联轴器不对中,Motor-4,70,2070.0,/Users/hewenhao/Documents/电机驱动离心泵多故障电流与振动监测数据集/数据集/原始数据集/Vibration/Motor-4/70/正常状态1/振动_电机4_70_时域-正常状态1-通道4.csv,4,0.4892521878202339,0.04994011445935314,0.4526669934739304,0.000501259599242881,0.0008044892608273131,0.006834955386412321
Motor-4::70::/Users/hewenhao/Documents/电机驱动离心泵多故障电流与振动监测数据集/数据集/原始数据集/Vibration/Motor-4/70/正常状态1/振动_电机4_70_时域-正常状态1-通道4.csv::record_5,正常,联轴器不对中,Motor-4,70,2070.0,/Users/hewenhao/Documents/电机驱动离心泵多故障电流与振动监测数据集/数据集/原始数据集/Vibration/Motor-4/70/正常状态1/振动_电机4_70_时域-正常状态1-通道4.csv,5,0.3697962322758286,0.025877361645202736,0.5989291371883799,0.00016277874268529277,0.00026485767576764753,0.004969632472135893
Motor-4::70::/Users/hewenhao/Documents/电机驱动离心泵多故障电流与振动监测数据集/数据集/原始数据集/Vibration/Motor-4/70/正常状态1/振动_电机4_70_时域-正常状态1-通道4.csv::record_6,正常,联轴器不对中,Motor-4,70,2070.0,/Users/hewenhao/Documents/电机驱动离心泵多故障电流与振动监测数据集/数据集/原始数据集/Vibration/Motor-4/70/正常状态1/振动_电机4_70_时域-正常状态1-通道4.csv,6,0.3567375886393944,0.0421815427543071,0.5970589969849402,0.00028574096535605495,0.0004118317086736681,0.0033242989473285267
Motor-4::70::/Users/hewenhao/Documents/电机驱动离心泵多故障电流与振动监测数据集/数据集/原始数据集/Vibration/Motor-4/70/正常状态1/振动_电机4_70_时域-正常状态1-通道4.csv::record_14,正常,联轴器不对中,Motor-4,70,2070.0,/Users/hewenhao/Documents/电机驱动离心泵多故障电流与振动监测数据集/数据集/原始数据集/Vibration/Motor-4/70/正常状态1/振动_电机4_70_时域-正常状态1-通道4.csv,14,0.48827060922083354,0.03553188569158222,0.47379208450275456,0.000397748849696893,0.0007591858843472475,0.0012484858507854587
Motor-4::70::/Users/hewenhao/Documents/电机驱动离心泵多故障电流与振动监测数据集/数据集/原始数据集/Vibration/Motor-4/70/正常状态1/振动_电机4_70_时域-正常状态1-通道4.csv::record_15,正常,联轴器不对中,Motor-4,70,2070.0,/Users/hewenhao/Documents/电机驱动离心泵多故障电流与振动监测数据集/数据集/原始数据集/Vibration/Motor-4/70/正常状态1/振动_电机4_70_时域-正常状态1-通道4.csv,15,0.3959624539106475,0.012225529713331806,0.5902100869799748,0.00014244125244636838,0.0003640216420977966,0.0010954665015020415
Motor-4::70::/Users/hewenhao/Documents/电机驱动离心泵多故障电流与振动监测数据集/数据集/原始数据集/Vibration/Motor-4/70/正常状态1/振动_电机4_70_时域-正常状态1-通道4.csv::record_17,正常,联轴器不对中,Motor-4,70,2070.0,/Users/hewenhao/Documents/电机驱动离心泵多故障电流与振动监测数据集/数据集/原始数据集/Vibration/Motor-4/70/正常状态1/振动_电机4_70_时域-正常状态1-通道4.csv,17,0.4333772990549294,0.006734625194239697,0.5592624725874775,7.441795364136594e-05,0.00019682576652639628,0.00035435944318554333
Motor-4::70::/Users/hewenhao/Documents/电机驱动离心泵多故障电流与振动监测数据集/数据集/原始数据集/Vibration/Motor-4/70/正常状态1/振动_电机4_70_时域-正常状态1-通道4.csv::record_37,正常,联轴器不对中,Motor-4,70,2070.0,/Users/hewenhao/Documents/电机驱动离心泵多故障电流与振动监测数据集/数据集/原始数据集/Vibration/Motor-4/70/正常状态1/振动_电机4_70_时域-正常状态1-通道4.csv,37,0.45276828789217494,0.0029161924612784926,0.540544852936129,0.00018417858721452325,0.00023223011488081774,0.0033542580083223035
Motor-4::70::/Users/hewenhao/Documents/电机驱动离心泵多故障电流与振动监测数据集/数据集/原始数据集/Vibration/Motor-4/70/正常状态1/振动_电机4_70_时域-正常状态1-通道4.csv::record_54,正常,联轴器不对中,Motor-4,70,2070.0,/Users/hewenhao/Documents/电机驱动离心泵多故障电流与振动监测数据集/数据集/原始数据集/Vibration/Motor-4/70/正常状态1/振动_电机4_70_时域-正常状态1-通道4.csv,54,0.5175263780584186,0.002898995575461013,0.4788289564245636,4.806161770067417e-05,5.104139920827215e-05,0.000646566924647934
Motor-4::70::/Users/hewenhao/Documents/电机驱动离心泵多故障电流与振动监测数据集/数据集/原始数据集/Vibration/Motor-4/70/正常状态1/振动_电机4_70_时域-正常状态1-通道4.csv::record_57,正常,联轴器不对中,Motor-4,70,2070.0,/Users/hewenhao/Documents/电机驱动离心泵多故障电流与振动监测数据集/数据集/原始数据集/Vibration/Motor-4/70/正常状态1/振动_电机4_70_时域-正常状态1-通道4.csv,57,0.5128892194972491,0.005116435335003961,0.4811003026040139,0.00012891325001160452,0.0001465031117354888,0.0006186262019859974
Motor-4::70::/Users/hewenhao/Documents/电机驱动离心泵多故障电流与振动监测数据集/数据集/原始数据集/Vibration/Motor-4/70/正常状态1/振动_电机4_70_时域-正常状态1-通道4.csv::record_58,正常,联轴器不对中,Motor-4,70,2070.0,/Users/hewenhao/Documents/电机驱动离心泵多故障电流与振动监测数据集/数据集/原始数据集/Vibration/Motor-4/70/正常状态1/振动_电机4_70_时域-正常状态1-通道4.csv,58,0.549189145189201,0.010342393633674028,0.4390657746723063,0.00015878563941077272,0.0002495157298770837,0.0009943851355307344
Motor-4::70::/Users/hewenhao/Documents/电机驱动离心泵多故障电流与振动监测数据集/数据集/原始数据集/Vibration/Motor-4/70/正常状态2/振动_电机4_70_时域-正常状态2-通道4.csv::record_9,正常,正常,Motor-4,70,2070.0,/Users/hewenhao/Documents/电机驱动离心泵多故障电流与振动监测数据集/数据集/原始数据集/Vibration/Motor-4/70/正常状态2/振动_电机4_70_时域-正常状态2-通道4.csv,9,0.9410178929189693,0.027329445010722698,0.030469333841137897,0.0006433238281733363,0.0003439402616617343,0.00019606413933501138
Motor-4::70::/Users/hewenhao/Documents/电机驱动离心泵多故障电流与振动监测数据集/数据集/原始数据集/Vibration/Motor-4/70/正常状态2/振动_电机4_70_时域-正常状态2-通道4.csv::record_12,正常,正常,Motor-4,70,2070.0,/Users/hewenhao/Documents/电机驱动离心泵多故障电流与振动监测数据集/数据集/原始数据集/Vibration/Motor-4/70/正常状态2/振动_电机4_70_时域-正常状态2-通道4.csv,12,0.9595460658605592,0.02033428675345337,0.01696875700191526,0.00218242936419966,0.0006543569709036583,0.0003141040489691013
Motor-4::70::/Users/hewenhao/Documents/电机驱动离心泵多故障电流与振动监测数据集/数据集/原始数据集/Vibration/Motor-4/70/正常状态2/振动_电机4_70_时域-正常状态2-通道4.csv::record_14,正常,正常,Motor-4,70,2070.0,/Users/hewenhao/Documents/电机驱动离心泵多故障电流与振动监测数据集/数据集/原始数据集/Vibration/Motor-4/70/正常状态2/振动_电机4_70_时域-正常状态2-通道4.csv,14,0.9116967530125161,0.038096141729497685,0.04693074581285359,0.0014884083300219107,0.0009347705747367004,0.0008531805403743487
Motor-4::70::/Users/hewenhao/Documents/电机驱动离心泵多故障电流与振动监测数据集/数据集/原始数据集/Vibration/Motor-4/70/正常状态2/振动_电机4_70_时域-正常状态2-通道4.csv::record_19,正常,正常,Motor-4,70,2070.0,/Users/hewenhao/Documents/电机驱动离心泵多故障电流与振动监测数据集/数据集/原始数据集/Vibration/Motor-4/70/正常状态2/振动_电机4_70_时域-正常状态2-通道4.csv,19,0.9439258895840784,0.022461395274444667,0.03223918182413822,0.00047522930012283693,0.0005199149309671901,0.00037838908624835196
Motor-4::70::/Users/hewenhao/Documents/电机驱动离心泵多故障电流与振动监测数据集/数据集/原始数据集/Vibration/Motor-4/70/正常状态2/振动_电机4_70_时域-正常状态2-通道4.csv::record_20,正常,正常,Motor-4,70,2070.0,/Users/hewenhao/Documents/电机驱动离心泵多故障电流与振动监测数据集/数据集/原始数据集/Vibration/Motor-4/70/正常状态2/振动_电机4_70_时域-正常状态2-通道4.csv,20,0.9463094805807457,0.028595430460320686,0.024250126950007445,0.000530639974469022,0.00020905941804560957,0.0001052626164115681
Motor-4::70::/Users/hewenhao/Documents/电机驱动离心泵多故障电流与振动监测数据集/数据集/原始数据集/Vibration/Motor-4/70/正常状态2/振动_电机4_70_时域-正常状态2-通道4.csv::record_24,正常,正常,Motor-4,70,2070.0,/Users/hewenhao/Documents/电机驱动离心泵多故障电流与振动监测数据集/数据集/原始数据集/Vibration/Motor-4/70/正常状态2/振动_电机4_70_时域-正常状态2-通道4.csv,24,0.9347660459562036,0.026371186884233358,0.03770809946978581,0.000525786035029686,0.0003920187805442838,0.00023686287420327532
Motor-4::70::/Users/hewenhao/Documents/电机驱动离心泵多故障电流与振动监测数据集/数据集/原始数据集/Vibration/Motor-4/70/正常状态2/振动_电机4_70_时域-正常状态2-通道4.csv::record_32,正常,正常,Motor-4,70,2070.0,/Users/hewenhao/Documents/电机驱动离心泵多故障电流与振动监测数据集/数据集/原始数据集/Vibration/Motor-4/70/正常状态2/振动_电机4_70_时域-正常状态2-通道4.csv,32,0.9624781457911452,0.012673223099859044,0.024377251075542224,0.00021994158130399032,0.0001622982395427258,8.914021260647826e-05
Motor-4::70::/Users/hewenhao/Documents/电机驱动离心泵多故障电流与振动监测数据集/数据集/原始数据集/Vibration/Motor-4/70/正常状态2/振动_电机4_70_时域-正常状态2-通道4.csv::record_33,正常,正常,Motor-4,70,2070.0,/Users/hewenhao/Documents/电机驱动离心泵多故障电流与振动监测数据集/数据集/原始数据集/Vibration/Motor-4/70/正常状态2/振动_电机4_70_时域-正常状态2-通道4.csv,33,0.9121788504856058,0.04000361536009606,0.04577955960969261,0.0009177198245527829,0.0007242105694427666,0.00039604415061001314
Motor-4::70::/Users/hewenhao/Documents/电机驱动离心泵多故障电流与振动监测数据集/数据集/原始数据集/Vibration/Motor-4/70/正常状态2/振动_电机4_70_时域-正常状态2-通道4.csv::record_37,正常,正常,Motor-4,70,2070.0,/Users/hewenhao/Documents/电机驱动离心泵多故障电流与振动监测数据集/数据集/原始数据集/Vibration/Motor-4/70/正常状态2/振动_电机4_70_时域-正常状态2-通道4.csv,37,0.9626114908703296,0.02304910712457594,0.013815502818318275,0.00025598062325337393,0.00013764478725491653,0.0001302737762678856
Motor-4::70::/Users/hewenhao/Documents/电机驱动离心泵多故障电流与振动监测数据集/数据集/原始数据集/Vibration/Motor-4/70/正常状态2/振动_电机4_70_时域-正常状态2-通道4.csv::record_38,正常,正常,Motor-4,70,2070.0,/Users/hewenhao/Documents/电机驱动离心泵多故障电流与振动监测数据集/数据集/原始数据集/Vibration/Motor-4/70/正常状态2/振动_电机4_70_时域-正常状态2-通道4.csv,38,0.9452994320510887,0.02113286125254995,0.03222586376041161,0.000648853318542262,0.00031125972595385983,0.0003817298914536726
Motor-4::70::/Users/hewenhao/Documents/电机驱动离心泵多故障电流与振动监测数据集/数据集/原始数据集/Vibration/Motor-4/70/正常状态2/振动_电机4_70_时域-正常状态2-通道4.csv::record_40,正常,正常,Motor-4,70,2070.0,/Users/hewenhao/Documents/电机驱动离心泵多故障电流与振动监测数据集/数据集/原始数据集/Vibration/Motor-4/70/正常状态2/振动_电机4_70_时域-正常状态2-通道4.csv,40,0.9603481670880901,0.018410988753091263,0.020378851302514,0.00031374900413968934,0.0002763208393533835,0.00027192301281125974
Motor-4::70::/Users/hewenhao/Documents/电机驱动离心泵多故障电流与振动监测数据集/数据集/原始数据集/Vibration/Motor-4/70/正常状态2/振动_电机4_70_时域-正常状态2-通道4.csv::record_41,正常,正常,Motor-4,70,2070.0,/Users/hewenhao/Documents/电机驱动离心泵多故障电流与振动监测数据集/数据集/原始数据集/Vibration/Motor-4/70/正常状态2/振动_电机4_70_时域-正常状态2-通道4.csv,41,0.9727285124537819,0.007415940359055842,0.019158696316213912,0.000516516745226274,0.0001274116069618329,5.2922518760130466e-05
Motor-4::70::/Users/hewenhao/Documents/电机驱动离心泵多故障电流与振动监测数据集/数据集/原始数据集/Vibration/Motor-4/70/正常状态2/振动_电机4_70_时域-正常状态2-通道4.csv::record_47,正常,正常,Motor-4,70,2070.0,/Users/hewenhao/Documents/电机驱动离心泵多故障电流与振动监测数据集/数据集/原始数据集/Vibration/Motor-4/70/正常状态2/振动_电机4_70_时域-正常状态2-通道4.csv,47,0.9337555225540893,0.03613998635607327,0.02923720961018272,0.0004735532334372523,0.00019004505326078076,0.00020368319295669033
Motor-4::70::/Users/hewenhao/Documents/电机驱动离心泵多故障电流与振动监测数据集/数据集/原始数据集/Vibration/Motor-4/70/正常状态2/振动_电机4_70_时域-正常状态2-通道4.csv::record_53,正常,正常,Motor-4,70,2070.0,/Users/hewenhao/Documents/电机驱动离心泵多故障电流与振动监测数据集/数据集/原始数据集/Vibration/Motor-4/70/正常状态2/振动_电机4_70_时域-正常状态2-通道4.csv,53,0.9742963323398957,0.00463226141115425,0.020302980238097557,0.0002295864565743887,0.00011582020502564303,0.0004230193492521385
Motor-4::70::/Users/hewenhao/Documents/电机驱动离心泵多故障电流与振动监测数据集/数据集/原始数据集/Vibration/Motor-4/70/正常状态3/振动_电机4_70_时域-正常状态3-通道4.csv::record_3,正常,正常,Motor-4,70,2070.0,/Users/hewenhao/Documents/电机驱动离心泵多故障电流与振动监测数据集/数据集/原始数据集/Vibration/Motor-4/70/正常状态3/振动_电机4_70_时域-正常状态3-通道4.csv,3,0.7690070190016818,0.179882141253018,0.04762655053791389,0.00034053804370541823,0.0017012137514631617,0.0014425374122177764
Motor-4::70::/Users/hewenhao/Documents/电机驱动离心泵多故障电流与振动监测数据集/数据集/原始数据集/Vibration/Motor-4/70/正常状态3/振动_电机4_70_时域-正常状态3-通道4.csv::record_7,正常,正常,Motor-4,70,2070.0,/Users/hewenhao/Documents/电机驱动离心泵多故障电流与振动监测数据集/数据集/原始数据集/Vibration/Motor-4/70/正常状态3/振动_电机4_70_时域-正常状态3-通道4.csv,7,0.8707362484042414,0.08434288255998734,0.042664115974152726,0.00024647803249005997,0.0007173891648179662,0.0012928858643105816
Motor-4::70::/Users/hewenhao/Documents/电机驱动离心泵多故障电流与振动监测数据集/数据集/原始数据集/Vibration/Motor-4/70/正常状态3/振动_电机4_70_时域-正常状态3-通道4.csv::record_11,正常,正常,Motor-4,70,2070.0,/Users/hewenhao/Documents/电机驱动离心泵多故障电流与振动监测数据集/数据集/原始数据集/Vibration/Motor-4/70/正常状态3/振动_电机4_70_时域-正常状态3-通道4.csv,11,0.9288867668661803,0.03869155956421937,0.031086696548471987,0.0002646215879064191,0.0007163814581498842,0.0003539739750718503
Motor-4::70::/Users/hewenhao/Documents/电机驱动离心泵多故障电流与振动监测数据集/数据集/原始数据集/Vibration/Motor-4/70/正常状态3/振动_电机4_70_时域-正常状态3-通道4.csv::record_18,正常,正常,Motor-4,70,2070.0,/Users/hewenhao/Documents/电机驱动离心泵多故障电流与振动监测数据集/数据集/原始数据集/Vibration/Motor-4/70/正常状态3/振动_电机4_70_时域-正常状态3-通道4.csv,18,0.9022262110462136,0.05924182796201924,0.037460894334007955,0.00020990578130747583,0.0002910372622738071,0.0005701236141778919
Motor-4::70::/Users/hewenhao/Documents/电机驱动离心泵多故障电流与振动监测数据集/数据集/原始数据集/Vibration/Motor-4/70/正常状态3/振动_电机4_70_时域-正常状态3-通道4.csv::record_21,正常,正常,Motor-4,70,2070.0,/Users/hewenhao/Documents/电机驱动离心泵多故障电流与振动监测数据集/数据集/原始数据集/Vibration/Motor-4/70/正常状态3/振动_电机4_70_时域-正常状态3-通道4.csv,21,0.9237826812900979,0.025324970927560288,0.029760621824217192,0.0010338820432165144,0.017856939303798426,0.0022409046111097784
Motor-4::70::/Users/hewenhao/Documents/电机驱动离心泵多故障电流与振动监测数据集/数据集/原始数据集/Vibration/Motor-4/70/正常状态3/振动_电机4_70_时域-正常状态3-通道4.csv::record_28,正常,正常,Motor-4,70,2070.0,/Users/hewenhao/Documents/电机驱动离心泵多故障电流与振动监测数据集/数据集/原始数据集/Vibration/Motor-4/70/正常状态3/振动_电机4_70_时域-正常状态3-通道4.csv,28,0.9244826885793439,0.04399027101892056,0.029851114674172834,0.0002083981136512041,0.0004020804682898264,0.0010654471456216668
Motor-4::70::/Users/hewenhao/Documents/电机驱动离心泵多故障电流与振动监测数据集/数据集/原始数据集/Vibration/Motor-4/70/正常状态3/振动_电机4_70_时域-正常状态3-通道4.csv::record_32,正常,正常,Motor-4,70,2070.0,/Users/hewenhao/Documents/电机驱动离心泵多故障电流与振动监测数据集/数据集/原始数据集/Vibration/Motor-4/70/正常状态3/振动_电机4_70_时域-正常状态3-通道4.csv,32,0.9655858602233413,0.011519091396692254,0.022220579680735618,0.0001603508336191435,0.00034728522355841453,0.0001668326420531961
Motor-4::70::/Users/hewenhao/Documents/电机驱动离心泵多故障电流与振动监测数据集/数据集/原始数据集/Vibration/Motor-4/70/正常状态3/振动_电机4_70_时域-正常状态3-通道4.csv::record_46,正常,正常,Motor-4,70,2070.0,/Users/hewenhao/Documents/电机驱动离心泵多故障电流与振动监测数据集/数据集/原始数据集/Vibration/Motor-4/70/正常状态3/振动_电机4_70_时域-正常状态3-通道4.csv,46,0.8991957663583477,0.0767856053888987,0.023029038338944464,0.00026621677719866453,0.0004837714101107757,0.00023960172649971175
Motor-4::70::/Users/hewenhao/Documents/电机驱动离心泵多故障电流与振动监测数据集/数据集/原始数据集/Vibration/Motor-4/70/正常状态3/振动_电机4_70_时域-正常状态3-通道4.csv::record_49,正常,正常,Motor-4,70,2070.0,/Users/hewenhao/Documents/电机驱动离心泵多故障电流与振动监测数据集/数据集/原始数据集/Vibration/Motor-4/70/正常状态3/振动_电机4_70_时域-正常状态3-通道4.csv,49,0.9540599858241278,0.022979837418852855,0.022125145451246025,0.00026215562475316617,0.0002754893623615881,0.0002973863186585536
Motor-4::70::/Users/hewenhao/Documents/电机驱动离心泵多故障电流与振动监测数据集/数据集/原始数据集/Vibration/Motor-4/70/正常状态3/振动_电机4_70_时域-正常状态3-通道4.csv::record_51,正常,正常,Motor-4,70,2070.0,/Users/hewenhao/Documents/电机驱动离心泵多故障电流与振动监测数据集/数据集/原始数据集/Vibration/Motor-4/70/正常状态3/振动_电机4_70_时域-正常状态3-通道4.csv,51,0.9502891587525661,0.02074955597057932,0.02736599115870849,0.00021743511204551683,0.0011018820241295816,0.0002759769819711536
Motor-4::70::/Users/hewenhao/Documents/电机驱动离心泵多故障电流与振动监测数据集/数据集/原始数据集/Vibration/Motor-4/70/正常状态3/振动_电机4_70_时域-正常状态3-通道4.csv::record_54,正常,正常,Motor-4,70,2070.0,/Users/hewenhao/Documents/电机驱动离心泵多故障电流与振动监测数据集/数据集/原始数据集/Vibration/Motor-4/70/正常状态3/振动_电机4_70_时域-正常状态3-通道4.csv,54,0.9388960988346553,0.04286847997654388,0.016729114255420917,0.0005159289256259011,0.0006673634266596127,0.00032301458109453474
Motor-4::70::/Users/hewenhao/Documents/电机驱动离心泵多故障电流与振动监测数据集/数据集/原始数据集/Vibration/Motor-4/70/正常状态3/振动_电机4_70_时域-正常状态3-通道4.csv::record_55,正常,正常,Motor-4,70,2070.0,/Users/hewenhao/Documents/电机驱动离心泵多故障电流与振动监测数据集/数据集/原始数据集/Vibration/Motor-4/70/正常状态3/振动_电机4_70_时域-正常状态3-通道4.csv,55,0.9727146705374473,0.004722356030153913,0.02123625517119455,0.0001504501393315691,0.00021819316951748855,0.000958074952355074
Motor-4::70::/Users/hewenhao/Documents/电机驱动离心泵多故障电流与振动监测数据集/数据集/原始数据集/Vibration/Motor-4/70/泵不平衡1/振动_电机4_70_时域-泵不平衡1-通道4.csv::record_5,转子不平衡,转子不平衡,Motor-4,70,2070.0,/Users/hewenhao/Documents/电机驱动离心泵多故障电流与振动监测数据集/数据集/原始数据集/Vibration/Motor-4/70/泵不平衡1/振动_电机4_70_时域-泵不平衡1-通道4.csv,5,0.2054933700568126,0.5908491367593127,0.19578556355127816,0.0007872317872902377,0.0008261492448189807,0.006258548600487132
Motor-4::70::/Users/hewenhao/Documents/电机驱动离心泵多故障电流与振动监测数据集/数据集/原始数据集/Vibration/Motor-4/70/泵不平衡1/振动_电机4_70_时域-泵不平衡1-通道4.csv::record_10,转子不平衡,转子不平衡,Motor-4,70,2070.0,/Users/hewenhao/Documents/电机驱动离心泵多故障电流与振动监测数据集/数据集/原始数据集/Vibration/Motor-4/70/泵不平衡1/振动_电机4_70_时域-泵不平衡1-通道4.csv,10,0.11416126219757172,0.6237207677664507,0.2380481830959766,0.0005288729274354762,0.0007516152443177515,0.022789298768247906
Motor-4::70::/Users/hewenhao/Documents/电机驱动离心泵多故障电流与振动监测数据集/数据集/原始数据集/Vibration/Motor-4/70/泵不平衡2/振动_电机4_70_时域-泵不平衡2-通道4.csv::record_1,转子不平衡,转子不平衡,Motor-4,70,2070.0,/Users/hewenhao/Documents/电机驱动离心泵多故障电流与振动监测数据集/数据集/原始数据集/Vibration/Motor-4/70/泵不平衡2/振动_电机4_70_时域-泵不平衡2-通道4.csv,1,0.020835437988998978,0.9519027911189937,0.018654441653227917,0.003660475930123573,0.0033420619535643272,0.001604791355091433
Motor-4::70::/Users/hewenhao/Documents/电机驱动离心泵多故障电流与振动监测数据集/数据集/原始数据集/Vibration/Motor-4/70/泵不平衡2/振动_电机4_70_时域-泵不平衡2-通道4.csv::record_3,转子不平衡,转子不平衡,Motor-4,70,2070.0,/Users/hewenhao/Documents/电机驱动离心泵多故障电流与振动监测数据集/数据集/原始数据集/Vibration/Motor-4/70/泵不平衡2/振动_电机4_70_时域-泵不平衡2-通道4.csv,3,0.012188856993494502,0.9804958687480476,0.004653262352313171,0.000995071005472473,0.0013174216546679002,0.0003495192460043239
Motor-4::70::/Users/hewenhao/Documents/电机驱动离心泵多故障电流与振动监测数据集/数据集/原始数据集/Vibration/Motor-4/70/泵不平衡2/振动_电机4_70_时域-泵不平衡2-通道4.csv::record_6,转子不平衡,转子不平衡,Motor-4,70,2070.0,/Users/hewenhao/Documents/电机驱动离心泵多故障电流与振动监测数据集/数据集/原始数据集/Vibration/Motor-4/70/泵不平衡2/振动_电机4_70_时域-泵不平衡2-通道4.csv,6,0.016547157269758684,0.9756363366644843,0.006798409779856882,0.0002945963823610283,0.0005213985529627846,0.0002021013505761793
Motor-4::70::/Users/hewenhao/Documents/电机驱动离心泵多故障电流与振动监测数据集/数据集/原始数据集/Vibration/Motor-4/70/泵不平衡3/振动_电机4_70_时域-泵不平衡3-通道4.csv::record_0,转子不平衡,转子不平衡,Motor-4,70,2070.0,/Users/hewenhao/Documents/电机驱动离心泵多故障电流与振动监测数据集/数据集/原始数据集/Vibration/Motor-4/70/泵不平衡3/振动_电机4_70_时域-泵不平衡3-通道4.csv,0,0.035207069604672674,0.9254630415538001,0.02416446851022561,0.004463266881988095,0.005726725131180447,0.0049754283181332
Motor-4::70::/Users/hewenhao/Documents/电机驱动离心泵多故障电流与振动监测数据集/数据集/原始数据集/Vibration/Motor-4/70/泵不平衡3/振动_电机4_70_时域-泵不平衡3-通道4.csv::record_1,转子不平衡,转子不平衡,Motor-4,70,2070.0,/Users/hewenhao/Documents/电机驱动离心泵多故障电流与振动监测数据集/数据集/原始数据集/Vibration/Motor-4/70/泵不平衡3/振动_电机4_70_时域-泵不平衡3-通道4.csv,1,0.020851662647208495,0.9555473485204927,0.014540946110382404,0.0028003353752318098,0.0029778689058177162,0.0032818384408667437
Motor-4::70::/Users/hewenhao/Documents/电机驱动离心泵多故障电流与振动监测数据集/数据集/原始数据集/Vibration/Motor-4/70/泵不平衡3/振动_电机4_70_时域-泵不平衡3-通道4.csv::record_9,转子不平衡,转子不平衡,Motor-4,70,2070.0,/Users/hewenhao/Documents/电机驱动离心泵多故障电流与振动监测数据集/数据集/原始数据集/Vibration/Motor-4/70/泵不平衡3/振动_电机4_70_时域-泵不平衡3-通道4.csv,9,0.024447002710262622,0.9471340913454472,0.012085686951582155,0.003325575221487232,0.0102871197626414,0.0027205240085793675
Motor-4::70::/Users/hewenhao/Documents/电机驱动离心泵多故障电流与振动监测数据集/数据集/原始数据集/Vibration/Motor-4/70/泵不平衡3/振动_电机4_70_时域-泵不平衡3-通道4.csv::record_11,转子不平衡,转子不平衡,Motor-4,70,2070.0,/Users/hewenhao/Documents/电机驱动离心泵多故障电流与振动监测数据集/数据集/原始数据集/Vibration/Motor-4/70/泵不平衡3/振动_电机4_70_时域-泵不平衡3-通道4.csv,11,0.06961356224903559,0.9053518642985686,0.01666300580297823,0.0021116550499469824,0.003353586746233673,0.002906325853236893
Motor-4::70::/Users/hewenhao/Documents/电机驱动离心泵多故障电流与振动监测数据集/数据集/原始数据集/Vibration/Motor-4/70/电机不平衡1/振动_电机4_70_时域-电机不平衡1-通道4.csv::record_2,转子不平衡,转子不平衡,Motor-4,70,2070.0,/Users/hewenhao/Documents/电机驱动离心泵多故障电流与振动监测数据集/数据集/原始数据集/Vibration/Motor-4/70/电机不平衡1/振动_电机4_70_时域-电机不平衡1-通道4.csv,2,0.011667981292766503,0.9707749274824323,0.015313353789252845,0.0003553023477706725,0.0012868605082836145,0.0006015745794940677
Motor-4::70::/Users/hewenhao/Documents/电机驱动离心泵多故障电流与振动监测数据集/数据集/原始数据集/Vibration/Motor-4/70/电机不平衡1/振动_电机4_70_时域-电机不平衡1-通道4.csv::record_6,转子不平衡,转子不平衡,Motor-4,70,2070.0,/Users/hewenhao/Documents/电机驱动离心泵多故障电流与振动监测数据集/数据集/原始数据集/Vibration/Motor-4/70/电机不平衡1/振动_电机4_70_时域-电机不平衡1-通道4.csv,6,0.008098155746964727,0.926115793771051,0.06422792093149168,0.000288417894468632,0.0007078541412377931,0.0005618575147861877
Motor-4::70::/Users/hewenhao/Documents/电机驱动离心泵多故障电流与振动监测数据集/数据集/原始数据集/Vibration/Motor-4/70/电机不平衡1/振动_电机4_70_时域-电机不平衡1-通道4.csv::record_9,转子不平衡,转子不平衡,Motor-4,70,2070.0,/Users/hewenhao/Documents/电机驱动离心泵多故障电流与振动监测数据集/数据集/原始数据集/Vibration/Motor-4/70/电机不平衡1/振动_电机4_70_时域-电机不平衡1-通道4.csv,9,0.005292690227442016,0.9188078381513666,0.07526785591492369,8.409169126868271e-05,0.0002427422050349645,0.00030478180996412383
Motor-4::70::/Users/hewenhao/Documents/电机驱动离心泵多故障电流与振动监测数据集/数据集/原始数据集/Vibration/Motor-4/70/电机不平衡1/振动_电机4_70_时域-电机不平衡1-通道4.csv::record_13,转子不平衡,转子不平衡,Motor-4,70,2070.0,/Users/hewenhao/Documents/电机驱动离心泵多故障电流与振动监测数据集/数据集/原始数据集/Vibration/Motor-4/70/电机不平衡1/振动_电机4_70_时域-电机不平衡1-通道4.csv,13,0.013726544881504935,0.9561329971257163,0.024117844716033128,0.00043372540764482494,0.0010863107414709416,0.004502577127629914
Motor-4::70::/Users/hewenhao/Documents/电机驱动离心泵多故障电流与振动监测数据集/数据集/原始数据集/Vibration/Motor-4/70/电机不平衡2/振动_电机4_70_时域-电机不平衡2-通道4.csv::record_5,转子不平衡,转子不平衡,Motor-4,70,2070.0,/Users/hewenhao/Documents/电机驱动离心泵多故障电流与振动监测数据集/数据集/原始数据集/Vibration/Motor-4/70/电机不平衡2/振动_电机4_70_时域-电机不平衡2-通道4.csv,5,0.0014871884342129002,0.9741652728810207,0.021487022720274498,7.780639852878448e-05,0.0001228336249283047,0.002659875941034918
Motor-4::70::/Users/hewenhao/Documents/电机驱动离心泵多故障电流与振动监测数据集/数据集/原始数据集/Vibration/Motor-4/70/电机不平衡2/振动_电机4_70_时域-电机不平衡2-通道4.csv::record_14,转子不平衡,转子不平衡,Motor-4,70,2070.0,/Users/hewenhao/Documents/电机驱动离心泵多故障电流与振动监测数据集/数据集/原始数据集/Vibration/Motor-4/70/电机不平衡2/振动_电机4_70_时域-电机不平衡2-通道4.csv,14,0.04277475767983766,0.8806867448127524,0.050292850090266975,0.0012943161017053778,0.0017055898087473247,0.023245741506690464
Motor-4::70::/Users/hewenhao/Documents/电机驱动离心泵多故障电流与振动监测数据集/数据集/原始数据集/Vibration/Motor-4/70/电机不平衡3/振动_电机4_70_时域-电机不平衡3-通道4.csv::record_4,转子不平衡,转子不平衡,Motor-4,70,2070.0,/Users/hewenhao/Documents/电机驱动离心泵多故障电流与振动监测数据集/数据集/原始数据集/Vibration/Motor-4/70/电机不平衡3/振动_电机4_70_时域-电机不平衡3-通道4.csv,4,0.0030656198783865084,0.9757341864289057,0.0009128853710381398,0.001032984260432848,0.0028037534484032355,0.01645057061283361
Motor-4::70::/Users/hewenhao/Documents/电机驱动离心泵多故障电流与振动监测数据集/数据集/原始数据集/Vibration/Motor-4/70/电机不平衡3/振动_电机4_70_时域-电机不平衡3-通道4.csv::record_5,转子不平衡,转子不平衡,Motor-4,70,2070.0,/Users/hewenhao/Documents/电机驱动离心泵多故障电流与振动监测数据集/数据集/原始数据集/Vibration/Motor-4/70/电机不平衡3/振动_电机4_70_时域-电机不平衡3-通道4.csv,5,0.007959211815877101,0.9557133406391715,0.0015458924805721703,0.0004822193509253385,0.0021771033158806854,0.03212223239757331
Motor-4::70::/Users/hewenhao/Documents/电机驱动离心泵多故障电流与振动监测数据集/数据集/原始数据集/Vibration/Motor-4/70/电机不平衡3/振动_电机4_70_时域-电机不平衡3-通道4.csv::record_10,转子不平衡,转子不平衡,Motor-4,70,2070.0,/Users/hewenhao/Documents/电机驱动离心泵多故障电流与振动监测数据集/数据集/原始数据集/Vibration/Motor-4/70/电机不平衡3/振动_电机4_70_时域-电机不平衡3-通道4.csv,10,0.01266159299041715,0.9664928020692224,0.0009803735265843225,0.002095734796482858,0.006083353860870398,0.01168614275642277
Motor-4::70::/Users/hewenhao/Documents/电机驱动离心泵多故障电流与振动监测数据集/数据集/原始数据集/Vibration/Motor-4/70/电机不平衡4/振动_电机4_70_时域-电机不平衡4-通道4.csv::record_0,转子不平衡,转子不平衡,Motor-4,70,2070.0,/Users/hewenhao/Documents/电机驱动离心泵多故障电流与振动监测数据集/数据集/原始数据集/Vibration/Motor-4/70/电机不平衡4/振动_电机4_70_时域-电机不平衡4-通道4.csv,0,0.014366645764117714,0.9652009448653276,0.008651178545845857,0.0010107330805511452,0.008806428035781058,0.001964069708376679
Motor-4::70::/Users/hewenhao/Documents/电机驱动离心泵多故障电流与振动监测数据集/数据集/原始数据集/Vibration/Motor-4/70/电机不平衡4/振动_电机4_70_时域-电机不平衡4-通道4.csv::record_4,转子不平衡,转子不平衡,Motor-4,70,2070.0,/Users/hewenhao/Documents/电机驱动离心泵多故障电流与振动监测数据集/数据集/原始数据集/Vibration/Motor-4/70/电机不平衡4/振动_电机4_70_时域-电机不平衡4-通道4.csv,4,0.00032481097959102123,0.9964130377668144,0.0024367316336270043,0.00015069904067050813,0.00044675667875327914,0.00022796390054359068
Motor-4::70::/Users/hewenhao/Documents/电机驱动离心泵多故障电流与振动监测数据集/数据集/原始数据集/Vibration/Motor-4/70/电机不平衡4/振动_电机4_70_时域-电机不平衡4-通道4.csv::record_5,转子不平衡,转子不平衡,Motor-4,70,2070.0,/Users/hewenhao/Documents/电机驱动离心泵多故障电流与振动监测数据集/数据集/原始数据集/Vibration/Motor-4/70/电机不平衡4/振动_电机4_70_时域-电机不平衡4-通道4.csv,5,0.028070788724584354,0.9484977015803716,0.013999564778134828,0.000836378342102485,0.0028770585081586367,0.005718508066648062
Motor-4::70::/Users/hewenhao/Documents/电机驱动离心泵多故障电流与振动监测数据集/数据集/原始数据集/Vibration/Motor-4/70/电机不平衡5/振动_电机4_70_时域-电机不平衡5-通道4.csv::record_1,转子不平衡,转子不平衡,Motor-4,70,2070.0,/Users/hewenhao/Documents/电机驱动离心泵多故障电流与振动监测数据集/数据集/原始数据集/Vibration/Motor-4/70/电机不平衡5/振动_电机4_70_时域-电机不平衡5-通道4.csv,1,0.003620770210035798,0.9762928345246331,0.0017963785340196188,0.00048501892599634507,0.0012323708026535842,0.01657262700266135
Motor-4::70::/Users/hewenhao/Documents/电机驱动离心泵多故障电流与振动监测数据集/数据集/原始数据集/Vibration/Motor-4/70/电机不平衡6/振动_电机4_70_时域-电机不平衡6-通道4.csv::record_3,转子不平衡,转子不平衡,Motor-4,70,2070.0,/Users/hewenhao/Documents/电机驱动离心泵多故障电流与振动监测数据集/数据集/原始数据集/Vibration/Motor-4/70/电机不平衡6/振动_电机4_70_时域-电机不平衡6-通道4.csv,3,0.08509194939221507,0.9083601930941622,0.002544503913458547,0.0006709635369779438,0.0020754724617516153,0.0012569176014347165
Motor-4::70::/Users/hewenhao/Documents/电机驱动离心泵多故障电流与振动监测数据集/数据集/原始数据集/Vibration/Motor-4/70/电机不平衡6/振动_电机4_70_时域-电机不平衡6-通道4.csv::record_4,转子不平衡,转子不平衡,Motor-4,70,2070.0,/Users/hewenhao/Documents/电机驱动离心泵多故障电流与振动监测数据集/数据集/原始数据集/Vibration/Motor-4/70/电机不平衡6/振动_电机4_70_时域-电机不平衡6-通道4.csv,4,0.03707457692940256,0.9336411590761758,0.026001866593613195,0.0005776883852161118,0.0017322520103327525,0.0009724570052596546
Motor-4::70::/Users/hewenhao/Documents/电机驱动离心泵多故障电流与振动监测数据集/数据集/原始数据集/Vibration/Motor-4/70/电机不平衡6/振动_电机4_70_时域-电机不平衡6-通道4.csv::record_7,转子不平衡,转子不平衡,Motor-4,70,2070.0,/Users/hewenhao/Documents/电机驱动离心泵多故障电流与振动监测数据集/数据集/原始数据集/Vibration/Motor-4/70/电机不平衡6/振动_电机4_70_时域-电机不平衡6-通道4.csv,7,0.03180995158319082,0.9273987113025072,0.030491450964255422,0.00021633437294709028,0.0004283161679339698,0.00965523560916535
Motor-4::70::/Users/hewenhao/Documents/电机驱动离心泵多故障电流与振动监测数据集/数据集/原始数据集/Vibration/Motor-4/70/电机不平衡6/振动_电机4_70_时域-电机不平衡6-通道4.csv::record_10,转子不平衡,转子不平衡,Motor-4,70,2070.0,/Users/hewenhao/Documents/电机驱动离心泵多故障电流与振动监测数据集/数据集/原始数据集/Vibration/Motor-4/70/电机不平衡6/振动_电机4_70_时域-电机不平衡6-通道4.csv,10,0.02466613570796636,0.9554073429074768,0.018122532887945582,0.0001935496383601739,0.0002685454168221071,0.0013418934414289355
Motor-4::70::/Users/hewenhao/Documents/电机驱动离心泵多故障电流与振动监测数据集/数据集/原始数据集/Vibration/Motor-4/70/组合不对中1/振动_电机4_70_时域-组合不对中1-通道4.csv::record_1,联轴器不对中,联轴器不对中,Motor-4,70,2070.0,/Users/hewenhao/Documents/电机驱动离心泵多故障电流与振动监测数据集/数据集/原始数据集/Vibration/Motor-4/70/组合不对中1/振动_电机4_70_时域-组合不对中1-通道4.csv,1,0.14157964449602534,0.34101629627122937,0.5026273029388546,0.0030918283579252624,0.006520796709933375,0.005164131226032086
Motor-4::70::/Users/hewenhao/Documents/电机驱动离心泵多故障电流与振动监测数据集/数据集/原始数据集/Vibration/Motor-4/70/组合不对中1/振动_电机4_70_时域-组合不对中1-通道4.csv::record_8,联轴器不对中,联轴器不对中,Motor-4,70,2070.0,/Users/hewenhao/Documents/电机驱动离心泵多故障电流与振动监测数据集/数据集/原始数据集/Vibration/Motor-4/70/组合不对中1/振动_电机4_70_时域-组合不对中1-通道4.csv,8,0.03370161312698641,0.29780780805290175,0.6495355154720716,0.0021635068292862026,0.010555480104578317,0.006236076414175811
Motor-4::70::/Users/hewenhao/Documents/电机驱动离心泵多故障电流与振动监测数据集/数据集/原始数据集/Vibration/Motor-4/70/组合不对中1/振动_电机4_70_时域-组合不对中1-通道4.csv::record_10,联轴器不对中,联轴器不对中,Motor-4,70,2070.0,/Users/hewenhao/Documents/电机驱动离心泵多故障电流与振动监测数据集/数据集/原始数据集/Vibration/Motor-4/70/组合不对中1/振动_电机4_70_时域-组合不对中1-通道4.csv,10,0.08683843691855428,0.07448481687806453,0.8335967667217197,0.0011084752414633433,0.0016494603611259201,0.0023220438790724092
Motor-4::70::/Users/hewenhao/Documents/电机驱动离心泵多故障电流与振动监测数据集/数据集/原始数据集/Vibration/Motor-4/70/组合不对中1/振动_电机4_70_时域-组合不对中1-通道4.csv::record_15,联轴器不对中,联轴器不对中,Motor-4,70,2070.0,/Users/hewenhao/Documents/电机驱动离心泵多故障电流与振动监测数据集/数据集/原始数据集/Vibration/Motor-4/70/组合不对中1/振动_电机4_70_时域-组合不对中1-通道4.csv,15,0.09898605109892791,0.03593967194688996,0.8622102137574167,0.0005963165019969501,0.0008060444237253874,0.0014617022710431847
Motor-4::70::/Users/hewenhao/Documents/电机驱动离心泵多故障电流与振动监测数据集/数据集/原始数据集/Vibration/Motor-4/70/组合不对中1/振动_电机4_70_时域-组合不对中1-通道4.csv::record_16,联轴器不对中,联轴器不对中,Motor-4,70,2070.0,/Users/hewenhao/Documents/电机驱动离心泵多故障电流与振动监测数据集/数据集/原始数据集/Vibration/Motor-4/70/组合不对中1/振动_电机4_70_时域-组合不对中1-通道4.csv,16,0.08195326127501355,0.03573458677682453,0.8792999009617428,0.0007280852507736433,0.0009509596638199213,0.00133320607182546
Motor-4::70::/Users/hewenhao/Documents/电机驱动离心泵多故障电流与振动监测数据集/数据集/原始数据集/Vibration/Motor-4/70/组合不对中2/振动_电机4_70_时域-组合不对中2-通道4.csv::record_9,联轴器不对中,联轴器不对中,Motor-4,70,2070.0,/Users/hewenhao/Documents/电机驱动离心泵多故障电流与振动监测数据集/数据集/原始数据集/Vibration/Motor-4/70/组合不对中2/振动_电机4_70_时域-组合不对中2-通道4.csv,9,0.01887177051569666,0.0769721004394922,0.9009351701683429,0.0008025428505118416,0.001285573416254912,0.0011328426097015664
Motor-4::70::/Users/hewenhao/Documents/电机驱动离心泵多故障电流与振动监测数据集/数据集/原始数据集/Vibration/Motor-4/70/组合不对中2/振动_电机4_70_时域-组合不对中2-通道4.csv::record_13,联轴器不对中,联轴器不对中,Motor-4,70,2070.0,/Users/hewenhao/Documents/电机驱动离心泵多故障电流与振动监测数据集/数据集/原始数据集/Vibration/Motor-4/70/组合不对中2/振动_电机4_70_时域-组合不对中2-通道4.csv,13,0.035292150861815925,0.038625852063870904,0.9194442659404158,0.0011808175449105557,0.002964212581982164,0.0024927010070047535
Motor-4::70::/Users/hewenhao/Documents/电机驱动离心泵多故障电流与振动监测数据集/数据集/原始数据集/Vibration/Motor-4/70/组合不对中3/振动_电机4_70_时域-组合不对中3-通道4.csv::record_0,联轴器不对中,联轴器不对中,Motor-4,70,2070.0,/Users/hewenhao/Documents/电机驱动离心泵多故障电流与振动监测数据集/数据集/原始数据集/Vibration/Motor-4/70/组合不对中3/振动_电机4_70_时域-组合不对中3-通道4.csv,0,0.018370943346130906,0.010089177059626657,0.9569446768396749,0.0026044952478533894,0.009100373768322319,0.0028903337383917225
Motor-4::70::/Users/hewenhao/Documents/电机驱动离心泵多故障电流与振动监测数据集/数据集/原始数据集/Vibration/Motor-4/70/组合不对中3/振动_电机4_70_时域-组合不对中3-通道4.csv::record_8,联轴器不对中,联轴器不对中,Motor-4,70,2070.0,/Users/hewenhao/Documents/电机驱动离心泵多故障电流与振动监测数据集/数据集/原始数据集/Vibration/Motor-4/70/组合不对中3/振动_电机4_70_时域-组合不对中3-通道4.csv,8,0.04651034321600631,0.006088381895664005,0.9162563133632872,0.005091873707152872,0.020134782604385774,0.005918305213503864
Motor-4::70::/Users/hewenhao/Documents/电机驱动离心泵多故障电流与振动监测数据集/数据集/原始数据集/Vibration/Motor-4/70/组合不对中3/振动_电机4_70_时域-组合不对中3-通道4.csv::record_10,联轴器不对中,联轴器不对中,Motor-4,70,2070.0,/Users/hewenhao/Documents/电机驱动离心泵多故障电流与振动监测数据集/数据集/原始数据集/Vibration/Motor-4/70/组合不对中3/振动_电机4_70_时域-组合不对中3-通道4.csv,10,0.031716991774279356,0.00729113625874559,0.9381882753665542,0.003105916950948474,0.01377569528255456,0.005921984366917583
Motor-4::70::/Users/hewenhao/Documents/电机驱动离心泵多故障电流与振动监测数据集/数据集/原始数据集/Vibration/Motor-4/70/组合不对中3/振动_电机4_70_时域-组合不对中3-通道4.csv::record_14,联轴器不对中,联轴器不对中,Motor-4,70,2070.0,/Users/hewenhao/Documents/电机驱动离心泵多故障电流与振动监测数据集/数据集/原始数据集/Vibration/Motor-4/70/组合不对中3/振动_电机4_70_时域-组合不对中3-通道4.csv,14,0.008877931423755371,0.0040771181276787844,0.9749341629816203,0.0012478155320833175,0.004194987975088452,0.006667983959773987
Motor-4::70::/Users/hewenhao/Documents/电机驱动离心泵多故障电流与振动监测数据集/数据集/原始数据集/Vibration/Motor-4/70/组合不对中3/振动_电机4_70_时域-组合不对中3-通道4.csv::record_16,联轴器不对中,联轴器不对中,Motor-4,70,2070.0,/Users/hewenhao/Documents/电机驱动离心泵多故障电流与振动监测数据集/数据集/原始数据集/Vibration/Motor-4/70/组合不对中3/振动_电机4_70_时域-组合不对中3-通道4.csv,16,0.01820871720433235,0.007289874576015771,0.9591121298221542,0.0016926726073339812,0.006896644296548527,0.006799961493615154
Motor-4::70::/Users/hewenhao/Documents/电机驱动离心泵多故障电流与振动监测数据集/数据集/原始数据集/Vibration/Motor-4/70/组合不对中3/振动_电机4_70_时域-组合不对中3-通道4.csv::record_19,联轴器不对中,联轴器不对中,Motor-4,70,2070.0,/Users/hewenhao/Documents/电机驱动离心泵多故障电流与振动监测数据集/数据集/原始数据集/Vibration/Motor-4/70/组合不对中3/振动_电机4_70_时域-组合不对中3-通道4.csv,19,0.015892140913032943,0.014726817122938466,0.9573937902562898,0.0015325983606505607,0.006192782542440651,0.004261870804647653
Motor-4::70::/Users/hewenhao/Documents/电机驱动离心泵多故障电流与振动监测数据集/数据集/原始数据集/Vibration/Motor-4/70/组合不对中4/振动_电机4_70_时域-组合不对中4-通道4.csv::record_1,联轴器不对中,联轴器不对中,Motor-4,70,2070.0,/Users/hewenhao/Documents/电机驱动离心泵多故障电流与振动监测数据集/数据集/原始数据集/Vibration/Motor-4/70/组合不对中4/振动_电机4_70_时域-组合不对中4-通道4.csv,1,0.052865736244572095,0.0013454419614092818,0.9372849062972489,0.006767717426547616,0.0011724858364161519,0.0005637122338061117
Motor-4::70::/Users/hewenhao/Documents/电机驱动离心泵多故障电流与振动监测数据集/数据集/原始数据集/Vibration/Motor-4/70/组合不对中4/振动_电机4_70_时域-组合不对中4-通道4.csv::record_9,联轴器不对中,联轴器不对中,Motor-4,70,2070.0,/Users/hewenhao/Documents/电机驱动离心泵多故障电流与振动监测数据集/数据集/原始数据集/Vibration/Motor-4/70/组合不对中4/振动_电机4_70_时域-组合不对中4-通道4.csv,9,0.0002693902383674577,0.0004099358155926242,0.9991732874978525,2.8720831429738872e-05,7.456062514827188e-05,4.4104991609370824e-05
Motor-4::70::/Users/hewenhao/Documents/电机驱动离心泵多故障电流与振动监测数据集/数据集/原始数据集/Vibration/Motor-4/70/组合不对中4/振动_电机4_70_时域-组合不对中4-通道4.csv::record_11,联轴器不对中,联轴器不对中,Motor-4,70,2070.0,/Users/hewenhao/Documents/电机驱动离心泵多故障电流与振动监测数据集/数据集/原始数据集/Vibration/Motor-4/70/组合不对中4/振动_电机4_70_时域-组合不对中4-通道4.csv,11,0.0017325486996556511,0.002464562853930829,0.9949969449368562,0.0002929760884891837,0.00036639930274948943,0.00014656811831866766
Motor-4::70::/Users/hewenhao/Documents/电机驱动离心泵多故障电流与振动监测数据集/数据集/原始数据集/Vibration/Motor-4/70/组合不对中4/振动_电机4_70_时域-组合不对中4-通道4.csv::record_12,联轴器不对中,联轴器不对中,Motor-4,70,2070.0,/Users/hewenhao/Documents/电机驱动离心泵多故障电流与振动监测数据集/数据集/原始数据集/Vibration/Motor-4/70/组合不对中4/振动_电机4_70_时域-组合不对中4-通道4.csv,12,0.003483962993028012,0.002112120097687255,0.9839994838237075,0.006251162219287977,0.002052890703429717,0.0021003801628595095
Motor-4::70::/Users/hewenhao/Documents/电机驱动离心泵多故障电流与振动监测数据集/数据集/原始数据集/Vibration/Motor-4/70/组合不对中4/振动_电机4_70_时域-组合不对中4-通道4.csv::record_14,联轴器不对中,联轴器不对中,Motor-4,70,2070.0,/Users/hewenhao/Documents/电机驱动离心泵多故障电流与振动监测数据集/数据集/原始数据集/Vibration/Motor-4/70/组合不对中4/振动_电机4_70_时域-组合不对中4-通道4.csv,14,0.0001290215290885895,9.129669369651797e-05,0.999401158357273,2.3298897499157075e-05,0.00015301906353833622,0.00020220545890445605
Motor-4::70::/Users/hewenhao/Documents/电机驱动离心泵多故障电流与振动监测数据集/数据集/原始数据集/Vibration/Motor-4/70/角向不对中1/振动_电机4_70_时域-角向不对中1-通道4.csv::record_2,联轴器不对中,联轴器不对中,Motor-4,70,2070.0,/Users/hewenhao/Documents/电机驱动离心泵多故障电流与振动监测数据集/数据集/原始数据集/Vibration/Motor-4/70/角向不对中1/振动_电机4_70_时域-角向不对中1-通道4.csv,2,0.3406012215096036,0.013995606124375356,0.6319862532283148,0.0003057747089374175,0.0006041781140643456,0.01250696631470439
Motor-4::70::/Users/hewenhao/Documents/电机驱动离心泵多故障电流与振动监测数据集/数据集/原始数据集/Vibration/Motor-4/70/角向不对中1/振动_电机4_70_时域-角向不对中1-通道4.csv::record_12,联轴器不对中,联轴器不对中,Motor-4,70,2070.0,/Users/hewenhao/Documents/电机驱动离心泵多故障电流与振动监测数据集/数据集/原始数据集/Vibration/Motor-4/70/角向不对中1/振动_电机4_70_时域-角向不对中1-通道4.csv,12,0.30904023472647135,0.009189384879337303,0.6752413314695992,0.00018983407046670815,0.00021256085346275648,0.00612665400066276
Motor-4::70::/Users/hewenhao/Documents/电机驱动离心泵多故障电流与振动监测数据集/数据集/原始数据集/Vibration/Motor-4/70/角向不对中2/振动_电机4_70_时域-角向不对中2-通道4.csv::record_2,联轴器不对中,联轴器不对中,Motor-4,70,2070.0,/Users/hewenhao/Documents/电机驱动离心泵多故障电流与振动监测数据集/数据集/原始数据集/Vibration/Motor-4/70/角向不对中2/振动_电机4_70_时域-角向不对中2-通道4.csv,2,0.5563950526958239,0.04542910554339401,0.38275963561867576,0.0008308640853398311,0.0009102063007678173,0.013675135755998595
Motor-4::70::/Users/hewenhao/Documents/电机驱动离心泵多故障电流与振动监测数据集/数据集/原始数据集/Vibration/Motor-4/70/角向不对中2/振动_电机4_70_时域-角向不对中2-通道4.csv::record_5,联轴器不对中,联轴器不对中,Motor-4,70,2070.0,/Users/hewenhao/Documents/电机驱动离心泵多故障电流与振动监测数据集/数据集/原始数据集/Vibration/Motor-4/70/角向不对中2/振动_电机4_70_时域-角向不对中2-通道4.csv,5,0.5355143734243194,0.019292901715938667,0.4370535439556541,0.00033202988474545324,0.00042287098218496194,0.007384280037157395
Motor-4::70::/Users/hewenhao/Documents/电机驱动离心泵多故障电流与振动监测数据集/数据集/原始数据集/Vibration/Motor-4/70/角向不对中3/振动_电机4_70_时域-角向不对中3-通道4.csv::record_1,联轴器不对中,联轴器不对中,Motor-4,70,2070.0,/Users/hewenhao/Documents/电机驱动离心泵多故障电流与振动监测数据集/数据集/原始数据集/Vibration/Motor-4/70/角向不对中3/振动_电机4_70_时域-角向不对中3-通道4.csv,1,0.27020578973598197,0.00221081046760117,0.6896316916846055,0.00047149528325483614,0.0005616435042699146,0.036918569324286686
Motor-4::70::/Users/hewenhao/Documents/电机驱动离心泵多故障电流与振动监测数据集/数据集/原始数据集/Vibration/Motor-4/70/角向不对中3/振动_电机4_70_时域-角向不对中3-通道4.csv::record_4,联轴器不对中,联轴器不对中,Motor-4,70,2070.0,/Users/hewenhao/Documents/电机驱动离心泵多故障电流与振动监测数据集/数据集/原始数据集/Vibration/Motor-4/70/角向不对中3/振动_电机4_70_时域-角向不对中3-通道4.csv,4,0.2771742765841986,0.0017352557231877879,0.7017598536450669,0.00039921923423379596,0.00042359151225867896,0.018507803301054365
Motor-4::70::/Users/hewenhao/Documents/电机驱动离心泵多故障电流与振动监测数据集/数据集/原始数据集/Vibration/Motor-4/70/角向不对中3/振动_电机4_70_时域-角向不对中3-通道4.csv::record_5,联轴器不对中,联轴器不对中,Motor-4,70,2070.0,/Users/hewenhao/Documents/电机驱动离心泵多故障电流与振动监测数据集/数据集/原始数据集/Vibration/Motor-4/70/角向不对中3/振动_电机4_70_时域-角向不对中3-通道4.csv,5,0.24240945075481085,0.0016432984307472864,0.7497342389438478,0.00023258445114261755,0.00021791645576767305,0.005762510963683681
Motor-4::70::/Users/hewenhao/Documents/电机驱动离心泵多故障电流与振动监测数据集/数据集/原始数据集/Vibration/Motor-4/70/角向不对中4/振动_电机4_70_时域-角向不对中4-通道4.csv::record_9,联轴器不对中,联轴器不对中,Motor-4,70,2070.0,/Users/hewenhao/Documents/电机驱动离心泵多故障电流与振动监测数据集/数据集/原始数据集/Vibration/Motor-4/70/角向不对中4/振动_电机4_70_时域-角向不对中4-通道4.csv,9,0.43002651702853995,0.003339567833188049,0.5657723179284031,8.3004335172205e-05,0.00032606887797213173,0.0004525239967245694
Motor-4::70::/Users/hewenhao/Documents/电机驱动离心泵多故障电流与振动监测数据集/数据集/原始数据集/Vibration/Motor-4/70/角向不对中5/振动_电机4_70_时域-角向不对中5-通道4.csv::record_2,联轴器不对中,联轴器不对中,Motor-4,70,2070.0,/Users/hewenhao/Documents/电机驱动离心泵多故障电流与振动监测数据集/数据集/原始数据集/Vibration/Motor-4/70/角向不对中5/振动_电机4_70_时域-角向不对中5-通道4.csv,2,0.414335577454898,0.0009902246294512425,0.5825606965744514,8.966457899971319e-05,8.78774144693637e-05,0.001935959347730303
Motor-4::70::/Users/hewenhao/Documents/电机驱动离心泵多故障电流与振动监测数据集/数据集/原始数据集/Vibration/Motor-4/70/角向不对中5/振动_电机4_70_时域-角向不对中5-通道4.csv::record_9,联轴器不对中,联轴器不对中,Motor-4,70,2070.0,/Users/hewenhao/Documents/电机驱动离心泵多故障电流与振动监测数据集/数据集/原始数据集/Vibration/Motor-4/70/角向不对中5/振动_电机4_70_时域-角向不对中5-通道4.csv,9,0.2483611812205853,0.021988964271328692,0.717373154884819,0.00020450134620482552,0.0002642642384647943,0.011807934038597345
Motor-4::70::/Users/hewenhao/Documents/电机驱动离心泵多故障电流与振动监测数据集/数据集/原始数据集/Vibration/Motor-4/70/角向不对中5/振动_电机4_70_时域-角向不对中5-通道4.csv::record_17,联轴器不对中,联轴器不对中,Motor-4,70,2070.0,/Users/hewenhao/Documents/电机驱动离心泵多故障电流与振动监测数据集/数据集/原始数据集/Vibration/Motor-4/70/角向不对中5/振动_电机4_70_时域-角向不对中5-通道4.csv,17,0.3534523460305617,0.02299805515613561,0.6122059904897407,0.0007221339343758679,0.001436787398817532,0.009184686990368526
Motor-4::70::/Users/hewenhao/Documents/电机驱动离心泵多故障电流与振动监测数据集/数据集/原始数据集/Vibration/Motor-4/70/角向不对中5/振动_电机4_70_时域-角向不对中5-通道4.csv::record_19,联轴器不对中,联轴器不对中,Motor-4,70,2070.0,/Users/hewenhao/Documents/电机驱动离心泵多故障电流与振动监测数据集/数据集/原始数据集/Vibration/Motor-4/70/角向不对中5/振动_电机4_70_时域-角向不对中5-通道4.csv,19,0.3053933061043156,0.021477461324347132,0.6635231180979965,0.00041270223088725477,0.006464259718749838,0.0027291525237034754
